voltage,time,height
4,80.833,0.052
4,82.861,0.0478
4,83.873,0.0563
4,84.879,0.041
4,85.885,0.0469
4,86.943,0.052
4,87.965,0.0468
4,88.973,0.052
4,89.997,0.052
4,91.005,0.0563
4,92.013,0.052
4,93.021,0.052
4,94.029,0.0478
4,95.033,0.0563
4,96.041,0.0565
4,97.069,0.052
4,98.078,0.052
4,99.089,0.052
4,100.1,0.052
4,101.1,0.052
4,103.11,0.052
4,104.13,0.052
4,105.14,0.052
4,106.17,0.0468
4,107.18,0.052
4,108.24,0.052
4,109.25,0.052
4,110.26,0.052
4,111.27,0.052
4,112.28,0.052
4,113.29,0.052
4,114.3,0.052
4,115.31,0.0478
4,116.32,0.0522
4,117.32,0.0478
4,118.33,0.0478
4,119.33,0.0435
4,120.36,0.0435
4,121.37,0.0469
4,123.38,0.0469
4,124.39,0.0512
4,125.4,0.0466
4,126.41,0.0478
4,127.42,0.0468
4,128.43,0.0468
4,129.44,0.0468
4,130.44,0.041
4,131.45,0.0478
4,132.48,0.0468
4,133.49,0.0512
4,134.5,0.0512
4,135.5,0.0478
4,136.53,0.0469
4,137.55,0.0469
4,138.56,0.0469
4,139.57,0.0469
4,140.58,0.0512
4,141.58,0.0512
4,143.65,0.0512
4,144.66,0.0512
4,145.66,0.0512
4,146.67,0.0556
4,147.69,0.0466
4,148.7,0.0556
4,149.71,0.0512
4,150.72,0.0466
4,151.72,0.0512
4,152.73,0.0466
4,153.74,0.0512
4,154.74,0.0512
4,155.75,0.0512
4,156.75,0.0512
4,157.75,0.0469
4,158.76,0.0469
4,159.77,0.0512
4,160.77,0.0512
4,161.78,0.0512
4,163.82,0.0512
4,164.84,0.0512
4,165.85,0.0512
4,166.86,0.0512
4,167.87,0.0512
4,168.9,0.0512
4,169.91,0.0512
4,170.92,0.0512
4,171.93,0.0512
4,172.94,0.0512
4,173.94,0.0512
4,174.95,0.0512
4,175.96,0.0512
4,176.97,0.0512
4,177.98,0.0512
4,179.01,0.0512
4,180.02,0.0512
4,181.03,0.0512
4,182.04,0.0512
4,184.06,0.0512
4,185.09,0.0512
4,186.1,0.0512
4,187.11,0.0512
4,188.12,0.0512
4,189.15,0.0512
4,190.16,0.0468
4,191.17,0.0512
4,192.18,0.0512
4,193.18,0.0512
4,194.19,0.0512
4,195.22,0.0469
4,196.25,0.0512
4,197.27,0.0512
4,198.28,0.0469
4,199.29,0.0469
4,200.3,0.0512
4,201.3,0.0512
4,202.31,0.0512
4,204.32,0.0512
4,205.35,0.0469
4,206.36,0.0468
4,207.38,0.0468
4,208.39,0.0512
4,209.4,0.0468
4,210.4,0.0512
4,211.41,0.0466
4,212.42,0.0466
4,213.44,0.0512
4,214.45,0.0469
4,215.48,0.0512
4,216.49,0.0469
4,217.5,0.0461
4,218.5,0.0469
4,219.51,0.0469
4,220.52,0.0461
4,221.55,0.0469
4,222.58,0.0469
4,224.6,0.0461
4,225.6,0.0461
6,226.61,0.0384
6,227.62,0.0466
6,228.65,0.0461
6,229.66,0.0468
6,230.66,0.0468
6,231.68,0.0468
6,232.7,0.0384
6,233.71,0.0461
6,234.72,0.0452
6,235.74,0.0461
6,236.75,0.0461
6,237.76,0.0512
6,238.77,0.0478
6,239.83,0.0563
6,240.84,0.0481
6,241.85,0.0529
6,242.86,0.0537
6,244.86,0.0537
6,245.87,0.0537
6,246.87,0.0503
6,247.87,0.0503
6,248.89,0.0503
6,249.9,0.0503
6,250.91,0.0503
6,251.91,0.0503
6,252.91,0.0546
6,253.92,0.0548
6,254.94,0.0546
6,255.95,0.0493
6,256.95,0.0512
6,257.96,0.0556
6,258.97,0.052
6,259.98,0.0563
6,260.98,0.0529
6,261.99,0.0573
6,262.99,0.0529
6,265,0.0537
6,266.01,0.058
6,267.01,0.058
6,268.02,0.058
6,269.03,0.0582
6,270.03,0.0582
6,271.04,0.0537
6,272.04,0.0582
6,273.05,0.0582
6,274.06,0.0582
6,275.09,0.058
6,276.09,0.0546
6,277.1,0.059
6,278.14,0.0554
6,279.14,0.0599
6,280.15,0.0554
6,281.15,0.0563
6,282.17,0.0649
6,283.18,0.0607
6,285.19,0.0615
6,286.2,0.0615
6,287.2,0.0615
6,288.2,0.0615
6,289.21,0.0658
6,290.22,0.0615
6,291.22,0.0615
6,292.23,0.0615
6,293.24,0.0658
6,294.25,0.0658
6,295.25,0.0573
6,296.26,0.058
6,297.26,0.0624
6,298.27,0.0582
6,299.28,0.0632
6,300.28,0.0632
6,301.29,0.0597
6,302.3,0.0641
6,303.3,0.0641
6,305.31,0.0599
6,306.32,0.0607
6,307.32,0.0607
6,308.34,0.0607
6,309.34,0.0649
6,310.35,0.0649
6,311.36,0.0649
6,312.36,0.0649
6,313.37,0.0649
6,314.38,0.0649
6,315.38,0.0649
6,316.39,0.0692
6,317.4,0.0607
6,318.41,0.0658
6,319.41,0.0615
6,320.42,0.058
6,321.43,0.0622
6,322.43,0.0666
6,323.43,0.0624
6,325.44,0.0632
6,326.44,0.0675
6,327.45,0.0675
6,328.46,0.0675
6,329.47,0.0675
6,330.48,0.0675
6,331.48,0.0675
6,332.49,0.0675
6,333.5,0.0675
6,334.51,0.0675
6,335.51,0.0675
6,336.53,0.0599
6,337.53,0.0683
6,338.54,0.0683
6,339.54,0.0683
6,340.57,0.0649
6,341.6,0.0692
6,342.6,0.0692
6,344.61,0.0692
6,345.64,0.0658
6,346.64,0.0649
6,347.65,0.0658
6,348.66,0.0615
6,349.67,0.0649
6,350.67,0.0658
6,351.68,0.0658
6,352.7,0.0692
6,353.71,0.0658
6,354.72,0.0658
6,355.73,0.07
6,356.75,0.07
6,357.77,0.0743
6,358.78,0.0666
6,359.79,0.0709
6,360.8,0.0709
6,361.81,0.0666
6,362.81,0.0675
6,364.82,0.0717
6,365.82,0.0717
6,366.83,0.0717
6,367.83,0.0675
6,368.84,0.0717
6,369.85,0.0717
6,370.87,0.0717
6,371.88,0.0717
6,372.89,0.0717
6,373.89,0.0675
6,374.9,0.0717
6,375.91,0.0675
6,376.93,0.0683
6,377.94,0.0726
6,378.95,0.0726
6,379.95,0.0683
6,380.96,0.0692
6,381.97,0.0735
6,382.97,0.0735
6,384.98,0.0777
6,385.99,0.0735
6,386.99,0.0692
6,388,0.0735
6,389.01,0.0692
6,390.01,0.0735
6,391.03,0.0692
6,392.03,0.0692
6,393.04,0.0692
6,394.05,0.0692
6,395.05,0.0735
6,396.05,0.07
6,397.06,0.0743
6,398.07,0.0743
6,399.07,0.07
6,400.08,0.07
6,401.09,0.0709
6,402.1,0.0752
6,403.12,0.0752
6,405.13,0.0752
6,406.14,0.0709
6,407.14,0.0709
6,408.14,0.0709
6,409.14,0.0709
6,410.16,0.0675
6,411.16,0.0709
6,412.18,0.0709
6,413.18,0.0709
6,414.18,0.0709
6,415.21,0.0709
6,416.22,0.0717
6,417.27,0.076
6,418.28,0.076
6,419.29,0.0717
6,420.3,0.0726
6,421.31,0.0726
6,422.31,0.0769
6,423.31,0.0769
6,425.32,0.0769
6,426.32,0.0726
6,427.32,0.0726
6,428.32,0.0726
6,429.32,0.0726
6,430.33,0.0726
6,431.34,0.0726
6,432.34,0.0769
6,433.35,0.0726
6,434.36,0.0726
6,435.37,0.0735
6,436.37,0.0777
6,437.38,0.0777
6,438.39,0.0777
6,439.39,0.0777
6,440.4,0.0743
6,441.4,0.0743
6,443.41,0.0786
6,444.44,0.0786
6,445.44,0.0786
6,446.45,0.0787
6,447.46,0.0786
6,448.46,0.0786
6,449.47,0.0786
6,450.47,0.0786
6,451.48,0.0786
6,452.49,0.0786
6,453.5,0.0786
6,454.51,0.0828
6,455.51,0.0786
6,456.52,0.0709
6,457.53,0.0752
6,458.54,0.0794
6,459.54,0.0794
6,460.55,0.0794
6,461.56,0.0794
6,463.57,0.0752
6,464.57,0.076
6,465.58,0.076
6,466.58,0.076
6,467.58,0.076
6,468.59,0.076
6,469.6,0.076
6,470.63,0.076
6,471.64,0.076
6,472.64,0.076
6,473.65,0.076
6,474.66,0.0803
6,475.69,0.0803
6,476.69,0.0803
6,477.7,0.0803
6,478.71,0.076
6,479.72,0.0769
6,480.74,0.0769
6,481.77,0.0811
6,483.78,0.0811
6,484.8,0.0811
6,485.81,0.0811
6,486.82,0.0811
6,487.82,0.0811
6,488.82,0.0811
6,489.84,0.0811
6,490.85,0.0811
6,491.86,0.0811
6,492.89,0.0811
6,493.9,0.0811
6,494.9,0.0811
6,495.91,0.0769
6,496.93,0.0777
6,497.94,0.0821
6,498.96,0.0821
6,499.96,0.0821
6,500.99,0.0838
6,502,0.082
6,504,0.0821
6,505.02,0.0821
6,506.02,0.0777
6,507.03,0.082
6,508.04,0.0777
6,509.04,0.0821
6,510.05,0.0786
6,511.06,0.0821
6,512.06,0.0821
6,513.07,0.0786
6,514.08,0.0777
6,515.09,0.0786
6,516.09,0.0828
6,517.11,0.0828
6,518.11,0.083
6,519.14,0.0872
6,520.15,0.0828
6,521.16,0.0828
6,522.16,0.0786
6,524.19,0.0794
6,525.2,0.0794
6,526.21,0.0836
6,527.22,0.0794
6,528.23,0.0836
6,529.24,0.0794
6,530.25,0.0794
6,531.25,0.0836
6,532.26,0.0794
6,533.27,0.0794
6,534.28,0.0836
6,535.29,0.0836
6,536.3,0.0794
6,537.3,0.0836
6,538.31,0.0836
6,539.33,0.0794
6,540.34,0.0803
6,541.35,0.0803
6,542.37,0.0804
6,544.38,0.0803
6,545.39,0.0803
6,546.4,0.0803
6,547.41,0.0803
6,548.42,0.0803
6,549.43,0.0803
6,550.44,0.0803
6,551.45,0.0803
6,552.45,0.0803
6,553.46,0.0803
6,554.47,0.0804
6,555.48,0.0803
6,556.49,0.0803
6,557.49,0.0803
6,558.5,0.0803
6,559.51,0.0811
6,560.52,0.0811
6,561.54,0.0811
6,562.54,0.0811
6,564.54,0.0811
6,565.56,0.0813
6,566.57,0.0813
6,567.57,0.0811
6,568.58,0.0813
6,569.58,0.0811
6,570.58,0.0811
6,571.6,0.0811
6,572.61,0.0811
6,573.61,0.0811
6,574.62,0.0811
6,575.62,0.0811
6,576.63,0.0811
6,577.64,0.0811
6,578.64,0.0811
6,579.64,0.082
6,580.65,0.082
6,581.66,0.0836
6,582.67,0.0821
6,584.68,0.0836
6,585.69,0.0836
6,586.7,0.0836
6,587.7,0.0836
6,588.71,0.0821
6,589.71,0.0836
6,590.71,0.082
6,591.73,0.0838
6,592.74,0.0836
6,593.74,0.0821
6,594.76,0.0906
6,595.76,0.0906
6,596.78,0.0906
6,597.78,0.0836
6,598.79,0.0821
6,599.79,0.0836
6,600.8,0.0828
6,601.81,0.0828
6,602.81,0.0872
6,604.82,0.0872
6,605.83,0.0872
6,606.84,0.087
6,607.84,0.0872
6,608.86,0.0872
6,609.86,0.0872
6,610.88,0.087
6,611.88,0.0872
6,612.89,0.0872
6,613.9,0.087
6,614.91,0.0872
6,615.91,0.0915
6,616.92,0.0915
6,617.93,0.0915
6,618.94,0.0915
6,619.95,0.087
6,620.95,0.0872
6,621.96,0.0828
6,622.97,0.0836
6,624.97,0.0828
6,625.98,0.0794
6,626.99,0.0881
6,628,0.0881
6,629.01,0.0881
6,630.01,0.0881
6,631.02,0.0881
6,632.03,0.0881
6,633.04,0.0881
6,634.04,0.0881
6,635.05,0.0881
6,636.06,0.0881
6,637.06,0.0881
6,638.07,0.0881
6,639.08,0.0881
6,640.08,0.0881
6,641.09,0.0923
6,642.1,0.0881
6,643.1,0.0881
6,645.11,0.0803
6,646.11,0.0836
6,647.12,0.0836
6,648.12,0.0803
6,649.13,0.0836
6,650.14,0.0803
6,651.14,0.0836
6,652.15,0.0803
6,653.16,0.0803
6,654.16,0.0803
6,655.18,0.0836
6,656.18,0.0803
6,657.2,0.0889
6,658.2,0.0889
6,659.22,0.0889
6,660.23,0.0889
6,661.27,0.0889
6,662.28,0.0889
6,664.3,0.0889
6,665.31,0.0889
6,666.31,0.0889
6,667.31,0.0889
6,668.32,0.0889
6,669.32,0.0889
6,670.33,0.0889
6,671.34,0.0889
6,672.34,0.0889
6,673.36,0.0889
6,674.39,0.0889
6,675.44,0.0811
6,676.45,0.0811
6,677.46,0.0811
6,678.47,0.0811
6,679.47,0.0811
6,680.47,0.0811
6,681.47,0.0898
6,682.48,0.0898
6,684.48,0.0898
6,685.49,0.0898
6,686.49,0.0898
6,687.49,0.0898
6,688.51,0.0898
6,689.52,0.0898
6,690.53,0.0898
6,691.53,0.0898
6,692.54,0.0898
6,693.55,0.0898
6,694.55,0.0898
6,695.56,0.0898
6,696.56,0.0898
6,697.57,0.0898
6,698.58,0.0898
6,699.59,0.0898
6,700.59,0.0898
6,701.61,0.082
6,702.61,0.0821
6,704.62,0.082
6,705.63,0.082
6,706.64,0.0836
6,707.64,0.082
6,708.65,0.0836
6,709.66,0.082
6,710.68,0.0836
6,711.69,0.0836
6,712.69,0.082
6,713.7,0.0836
6,714.71,0.082
6,715.72,0.0836
6,716.73,0.0821
6,717.74,0.0836
6,718.75,0.0906
6,719.75,0.0906
6,720.76,0.0906
6,721.77,0.0906
6,722.77,0.0906
6,724.78,0.0906
6,725.79,0.0906
6,726.79,0.0906
6,727.8,0.0906
6,728.81,0.0949
6,729.82,0.0906
6,730.83,0.0949
6,731.84,0.0949
6,732.84,0.0949
6,733.85,0.0949
6,734.86,0.0949
6,735.87,0.0949
6,736.88,0.0949
6,737.88,0.0949
6,738.88,0.0906
6,739.9,0.0906
6,740.9,0.0906
6,741.9,0.0906
6,742.91,0.0906
6,744.92,0.0872
6,745.93,0.0872
6,746.94,0.087
6,747.95,0.087
6,748.95,0.087
6,749.96,0.087
6,750.97,0.087
6,751.98,0.087
6,752.99,0.0872
6,753.99,0.0872
6,755,0.0872
6,756.01,0.0872
6,757.02,0.0872
6,758.02,0.0872
6,759.03,0.0915
6,760.04,0.0915
6,761.05,0.0915
6,762.06,0.0915
6,763.07,0.0915
6,765.08,0.0915
6,766.09,0.0915
6,767.11,0.0957
6,768.12,0.0915
6,769.13,0.0957
6,770.13,0.0957
6,771.14,0.0915
6,772.15,0.0957
6,773.15,0.0957
6,774.17,0.0957
6,775.17,0.0957
6,776.18,0.0957
6,777.19,0.0957
6,778.2,0.0957
6,779.2,0.0957
6,780.22,0.0957
6,781.23,0.0957
6,782.24,0.0915
6,783.24,0.0915
6,785.25,0.0915
6,786.26,0.0915
6,787.26,0.0915
6,788.27,0.0915
6,789.28,0.0915
6,790.29,0.0915
6,791.3,0.0915
6,792.31,0.0915
6,793.32,0.0915
6,794.32,0.0915
6,795.33,0.0915
6,796.34,0.0915
6,797.34,0.0915
6,798.34,0.0881
6,799.35,0.0881
6,800.36,0.0881
6,801.37,0.0881
6,802.38,0.0881
6,803.38,0.0923
6,805.39,0.0923
6,806.4,0.0923
6,807.41,0.0923
6,808.42,0.0923
6,809.43,0.0923
6,810.44,0.0923
6,811.44,0.0923
6,812.45,0.0923
6,813.46,0.0923
6,814.48,0.0923
6,815.49,0.0923
6,816.49,0.0923
6,817.5,0.0923
6,818.5,0.0923
6,819.51,0.0923
6,820.52,0.0923
6,821.53,0.0923
6,822.54,0.0923
6,823.55,0.0966
6,825.56,0.0966
6,826.56,0.0966
6,827.56,0.0966
6,828.57,0.0966
6,829.59,0.0966
6,830.6,0.0966
6,831.6,0.0966
6,832.62,0.0966
6,833.62,0.0966
6,834.62,0.0966
6,835.63,0.0966
6,836.64,0.0966
6,837.64,0.0966
6,838.65,0.0966
6,839.65,0.0966
6,840.66,0.0923
6,841.67,0.0923
6,842.68,0.0923
6,843.68,0.0923
6,845.69,0.0923
6,846.7,0.0923
6,847.71,0.0923
6,848.71,0.0923
6,849.72,0.0923
6,850.73,0.0923
6,851.74,0.0881
6,852.75,0.0923
6,853.75,0.0881
6,854.76,0.0923
6,855.77,0.0923
6,856.78,0.0923
6,857.78,0.0881
6,858.78,0.0881
6,859.79,0.0889
6,860.79,0.0889
6,861.8,0.0889
6,862.81,0.0889
6,863.81,0.0889
6,865.82,0.0889
6,866.83,0.0889
6,867.85,0.0889
6,868.86,0.0889
6,869.86,0.0889
6,870.88,0.0889
6,871.89,0.0889
6,872.9,0.0889
6,873.9,0.0889
6,874.91,0.0889
6,875.92,0.0889
6,876.93,0.0889
6,877.94,0.0932
6,878.95,0.0932
6,879.96,0.0932
6,880.96,0.0932
6,881.96,0.0932
6,882.98,0.0932
6,883.98,0.0932
6,885.99,0.0932
6,887,0.0932
6,888,0.0932
6,889,0.0932
6,890.01,0.0932
6,891.02,0.0932
6,892.03,0.0932
6,893.04,0.0932
6,894.04,0.0932
6,895.05,0.0932
6,896.06,0.0932
6,897.07,0.0932
6,898.07,0.0932
6,899.08,0.0932
6,900.09,0.0932
6,901.1,0.0932
6,902.1,0.0932
6,903.12,0.0932
6,904.13,0.0974
6,906.14,0.0932
6,907.14,0.0974
6,908.15,0.0974
6,909.18,0.0974
6,910.18,0.0974
6,911.2,0.0974
6,912.2,0.0932
6,913.21,0.0974
6,914.21,0.0974
6,915.22,0.0974
6,916.23,0.0974
6,917.24,0.0974
6,918.26,0.0974
6,919.27,0.0974
6,920.31,0.0974
6,921.32,0.0974
6,922.33,0.0974
6,923.34,0.0932
6,924.34,0.0974
6,926.34,0.0932
6,927.35,0.0974
6,928.35,0.0932
6,929.35,0.0932
6,930.35,0.0932
6,931.38,0.0932
6,932.39,0.0932
6,933.4,0.0932
6,934.41,0.0932
6,935.41,0.0932
6,936.42,0.0932
6,937.42,0.0932
6,938.42,0.0932
6,939.42,0.0932
6,940.45,0.0889
6,941.46,0.0889
6,942.46,0.0932
6,943.47,0.0889
6,944.48,0.0889
6,946.48,0.0889
6,947.49,0.0898
6,948.5,0.0898
6,949.5,0.0889
6,950.51,0.0898
6,951.52,0.0889
6,952.52,0.0898
6,953.53,0.0898
6,954.54,0.0898
6,955.55,0.0898
6,956.56,0.0898
6,957.57,0.0898
6,958.58,0.0898
6,959.59,0.0898
6,960.61,0.0898
6,961.62,0.0898
6,962.62,0.0898
6,963.63,0.0898
6,964.64,0.0898
6,966.64,0.0898
6,967.65,0.0898
6,968.65,0.094
6,969.65,0.0898
6,970.67,0.0898
6,971.67,0.0898
6,972.68,0.0898
6,973.69,0.0898
6,974.7,0.0898
6,975.71,0.0898
6,976.73,0.0898
6,977.75,0.0898
6,978.77,0.094
6,979.77,0.094
6,980.79,0.094
6,981.79,0.094
6,982.8,0.094
6,983.8,0.094
6,984.81,0.094
6,986.82,0.094
6,987.83,0.094
6,988.84,0.094
6,989.84,0.094
6,990.85,0.094
6,991.85,0.094
6,992.86,0.094
6,993.87,0.094
6,994.88,0.094
6,995.89,0.094
6,996.9,0.094
6,997.91,0.094
6,998.91,0.094
6,999.92,0.094
6,1000.9,0.094
6,1001.9,0.094
6,1002.9,0.094
6,1003.9,0.094
6,1004.9,0.094
6,1007,0.094
6,1008,0.094
6,1009,0.094
6,1010,0.094
6,1011,0.094
6,1012,0.094
6,1013,0.094
6,1014,0.094
6,1015,0.094
6,1016,0.094
6,1017,0.094
6,1018,0.094
6,1019.1,0.094
6,1020.1,0.094
6,1021.1,0.0983
6,1022.1,0.094
6,1023.1,0.0983
6,1024.1,0.0983
6,1025.1,0.0983
6,1027.1,0.0983
6,1028.1,0.0983
6,1029.1,0.0983
6,1030.2,0.0983
6,1031.2,0.0983
6,1032.2,0.0983
6,1033.2,0.0983
6,1034.2,0.0983
6,1035.2,0.0983
6,1036.2,0.0983
6,1037.2,0.0983
6,1038.2,0.0983
6,1039.2,0.0983
6,1040.2,0.0983
6,1041.2,0.0983
6,1042.2,0.0983
6,1043.2,0.0983
6,1044.3,0.0983
6,1045.3,0.0983
6,1047.3,0.0983
6,1048.3,0.0983
6,1049.3,0.0983
6,1050.3,0.094
6,1051.3,0.0983
6,1052.3,0.0983
6,1053.3,0.0983
6,1054.3,0.0983
6,1055.3,0.0983
6,1056.4,0.0983
6,1057.4,0.0983
6,1058.4,0.0983
6,1059.4,0.094
6,1060.4,0.094
6,1061.4,0.094
6,1062.4,0.094
6,1063.4,0.094
6,1064.4,0.094
6,1065.4,0.094
6,1067.5,0.094
6,1068.5,0.094
6,1069.5,0.094
6,1070.5,0.094
6,1071.5,0.094
6,1072.5,0.094
6,1073.5,0.094
6,1074.5,0.094
6,1075.5,0.094
6,1076.6,0.094
6,1077.6,0.094
6,1078.6,0.094
6,1079.6,0.094
6,1080.6,0.094
6,1081.6,0.094
6,1082.6,0.094
6,1083.6,0.094
6,1084.6,0.094
6,1085.6,0.0898
6,1087.6,0.0898
6,1088.6,0.0898
6,1089.7,0.094
6,1090.7,0.094
6,1091.7,0.094
6,1092.7,0.0898
6,1093.7,0.0898
6,1094.7,0.094
6,1095.7,0.094
6,1096.7,0.094
6,1097.7,0.094
6,1098.7,0.0898
6,1099.8,0.094
6,1100.8,0.0906
6,1101.8,0.0898
6,1102.8,0.094
6,1103.8,0.094
6,1104.8,0.0898
6,1105.8,0.0906
6,1107.8,0.0906
6,1108.8,0.0906
6,1109.8,0.0906
6,1110.8,0.0906
6,1111.8,0.0906
6,1112.8,0.0906
6,1113.8,0.094
6,1114.9,0.0906
6,1115.9,0.0906
6,1116.9,0.0906
6,1117.9,0.0906
6,1118.9,0.0906
6,1119.9,0.0906
6,1120.9,0.0906
6,1121.9,0.0906
6,1122.9,0.0906
6,1123.9,0.0906
6,1124.9,0.0906
6,1126,0.0906
6,1128,0.0906
6,1129,0.0906
6,1130,0.0906
6,1131,0.0906
6,1132,0.0906
6,1133,0.0906
6,1134,0.0906
6,1135,0.0906
6,1136,0.0906
6,1137,0.0906
6,1138.1,0.0906
6,1139.1,0.0906
6,1140.1,0.0906
6,1141.1,0.0906
6,1142.1,0.0906
6,1143.1,0.0906
6,1144.1,0.0906
6,1145.1,0.0906
6,1146.1,0.0906
6,1148.1,0.0906
6,1149.1,0.0906
6,1150.1,0.0906
6,1151.1,0.0906
6,1152.2,0.0906
6,1153.2,0.0906
6,1154.2,0.0906
6,1155.2,0.0906
6,1156.2,0.0906
6,1157.2,0.0906
6,1158.2,0.0906
6,1159.2,0.0906
6,1160.2,0.0906
6,1161.2,0.0906
6,1162.2,0.0906
6,1163.2,0.0906
6,1164.3,0.0906
6,1165.3,0.0906
6,1166.3,0.0906
6,1168.3,0.0906
6,1169.3,0.0906
6,1170.3,0.0906
6,1171.3,0.0906
6,1172.3,0.0906
6,1173.3,0.0906
6,1174.3,0.0906
6,1175.3,0.0906
6,1176.3,0.0906
6,1177.3,0.0906
6,1178.4,0.0906
6,1179.4,0.0949
6,1180.4,0.0906
6,1181.4,0.0906
6,1182.4,0.0949
6,1183.4,0.0906
6,1184.4,0.0949
6,1185.4,0.0906
6,1186.4,0.0906
6,1188.4,0.0949
6,1189.4,0.0906
6,1190.5,0.0949
6,1191.5,0.0949
6,1192.5,0.0906
6,1193.5,0.0906
6,1194.5,0.0949
6,1195.5,0.0949
6,1196.5,0.0949
6,1197.5,0.0949
6,1198.5,0.0949
6,1199.5,0.0949
6,1200.5,0.0949
6,1201.5,0.0949
6,1202.6,0.0949
6,1203.6,0.0906
6,1204.6,0.0949
6,1205.6,0.0949
6,1206.6,0.0949
6,1208.6,0.0949
6,1209.6,0.0949
6,1210.6,0.0949
6,1211.6,0.0949
6,1212.6,0.0949
6,1213.6,0.0949
6,1214.6,0.0949
6,1215.6,0.0906
6,1216.7,0.0949
6,1217.7,0.0949
6,1218.7,0.0906
6,1219.7,0.0949
6,1220.7,0.0949
6,1221.7,0.0949
6,1222.7,0.0949
6,1223.7,0.0949
6,1224.7,0.0949
6,1225.7,0.0949
6,1226.7,0.0949
6,1228.7,0.0949
6,1229.8,0.0949
6,1230.8,0.0949
6,1231.8,0.0949
6,1232.8,0.0949
6,1233.8,0.0949
6,1234.8,0.0949
6,1235.8,0.0949
6,1236.8,0.0949
6,1237.8,0.0949
6,1238.8,0.0949
6,1239.8,0.0949
6,1240.8,0.0949
6,1241.9,0.0949
6,1242.9,0.0949
6,1243.9,0.0949
6,1244.9,0.0949
6,1245.9,0.0949
6,1246.9,0.0949
6,1248.9,0.0949
6,1249.9,0.0949
6,1250.9,0.0949
6,1251.9,0.0949
6,1252.9,0.0949
6,1253.9,0.0949
6,1254.9,0.0949
6,1256,0.0949
6,1257,0.0949
6,1258,0.0949
6,1259,0.0949
6,1260,0.0949
6,1261,0.0949
6,1262,0.0949
6,1263.1,0.0949
6,1264.1,0.0949
6,1265.1,0.0949
6,1266.1,0.0949
6,1267.1,0.0949
6,1269.1,0.0949
6,1270.1,0.0949
6,1271.1,0.0949
6,1272.1,0.0949
6,1273.1,0.0949
6,1274.1,0.0949
6,1275.1,0.0949
6,1276.2,0.0949
6,1277.2,0.0949
6,1278.2,0.0949
6,1279.2,0.0949
6,1280.2,0.0949
6,1281.2,0.0949
6,1282.2,0.0949
6,1283.2,0.0949
6,1284.2,0.0949
6,1285.2,0.0949
6,1286.2,0.0949
6,1287.3,0.0949
6,1289.3,0.0949
6,1290.3,0.0949
6,1291.3,0.0949
6,1292.3,0.0949
6,1293.3,0.0949
6,1294.3,0.0949
6,1295.3,0.0949
6,1296.3,0.0949
6,1297.3,0.0949
6,1298.3,0.0949
6,1299.4,0.0949
6,1300.4,0.0949
6,1301.4,0.0949
6,1302.4,0.0949
6,1303.4,0.0949
6,1304.4,0.0949
6,1305.4,0.0949
6,1306.4,0.0949
6,1307.4,0.0949
6,1309.4,0.0949
6,1310.4,0.0949
6,1311.5,0.0949
6,1312.5,0.0949
6,1313.5,0.0949
6,1314.5,0.0949
6,1315.5,0.0949
6,1316.5,0.0949
6,1317.5,0.0949
6,1318.5,0.0949
6,1319.5,0.0949
6,1320.5,0.0949
6,1321.5,0.0949
6,1322.5,0.0949
6,1323.5,0.0949
6,1324.6,0.0949
6,1325.6,0.0949
6,1326.6,0.0949
6,1327.6,0.0949
6,1329.6,0.0949
6,1330.6,0.0949
6,1331.6,0.0949
6,1332.6,0.0949
6,1333.6,0.0949
6,1334.6,0.0949
6,1335.6,0.0949
6,1336.6,0.0949
6,1337.6,0.0949
6,1338.6,0.0949
6,1339.7,0.0949
6,1340.7,0.0949
6,1341.7,0.0949
6,1342.7,0.0949
6,1343.7,0.0949
6,1344.7,0.0949
6,1345.7,0.0949
6,1346.7,0.0949
6,1347.7,0.0949
6,1349.8,0.0949
6,1350.8,0.0949
6,1351.8,0.0949
6,1352.8,0.0949
6,1353.8,0.0949
6,1354.8,0.0949
6,1355.8,0.0949
6,1356.8,0.0949
6,1357.8,0.0949
6,1358.8,0.0949
6,1359.8,0.0949
6,1360.8,0.0949
6,1361.9,0.0949
6,1362.9,0.0949
6,1363.9,0.0949
6,1364.9,0.0949
6,1365.9,0.0949
6,1366.9,0.0949
6,1367.9,0.0949
6,1370,0.0991
4,1371,0.0949
4,1372,0.0949
4,1373,0.0949
4,1374,0.0949
4,1375,0.0949
4,1376,0.0949
4,1377,0.0949
4,1378,0.0949
4,1379,0.0949
4,1380,0.0949
4,1381,0.0949
4,1382,0.0949
4,1383,0.094
4,1384,0.094
4,1385,0.0898
4,1386,0.0974
4,1387,0.0889
4,1388,0.0966
4,1390,0.0881
4,1391,0.0915
4,1392.1,0.0915
4,1393.1,0.0915
4,1394.1,0.0915
4,1395.1,0.0915
4,1396.1,0.0915
4,1397.1,0.0957
4,1398.1,0.0957
4,1399.1,0.0957
4,1400.1,0.0957
4,1401.1,0.0915
4,1402.1,0.0904
4,1403.2,0.0906
4,1404.2,0.0898
4,1405.2,0.094
4,1406.2,0.0811
4,1407.2,0.0932
4,1408.2,0.0887
4,1410.2,0.0881
4,1411.2,0.0923
4,1412.2,0.0923
4,1413.2,0.0923
4,1414.2,0.0923
4,1415.2,0.0881
4,1416.2,0.0923
4,1417.3,0.0881
4,1418.3,0.0881
4,1419.3,0.0881
4,1420.3,0.0881
4,1421.3,0.087
4,1422.3,0.0915
4,1423.3,0.087
4,1424.3,0.082
4,1425.3,0.0836
4,1426.3,0.082
4,1427.3,0.0898
4,1428.3,0.0811
4,1430.3,0.0803
4,1431.3,0.0889
4,1432.4,0.0889
4,1433.4,0.0803
4,1434.4,0.0803
4,1435.4,0.0803
4,1436.4,0.0803
4,1437.4,0.0803
4,1438.4,0.0803
4,1439.4,0.0803
4,1440.4,0.0803
4,1441.4,0.0803
4,1442.4,0.0881
4,1443.4,0.0794
4,1444.4,0.0828
4,1445.5,0.087
4,1446.5,0.0828
4,1447.5,0.082
4,1448.5,0.082
4,1450.5,0.0777
4,1451.5,0.0811
4,1452.5,0.0769
4,1453.5,0.0769
4,1454.5,0.0811
4,1455.5,0.0769
4,1456.5,0.0811
4,1457.5,0.0811
4,1458.6,0.0811
4,1459.6,0.0811
4,1460.6,0.0811
4,1461.6,0.0811
4,1462.6,0.0769
4,1463.6,0.0803
4,1464.6,0.0803
4,1465.6,0.076
4,1466.6,0.0794
4,1467.6,0.0794
4,1468.6,0.0752
4,1470.6,0.0828
4,1471.6,0.0828
4,1472.6,0.0828
4,1473.7,0.0828
4,1474.7,0.0786
4,1475.7,0.0828
4,1476.7,0.0828
4,1477.7,0.0786
4,1478.7,0.0786
4,1479.7,0.0786
4,1480.7,0.0786
4,1481.7,0.0743
4,1482.7,0.0777
4,1483.7,0.0777
4,1484.7,0.0735
4,1485.7,0.0769
4,1486.7,0.0769
4,1487.8,0.0726
4,1488.8,0.0717
4,1490.8,0.076
4,1491.8,0.076
4,1492.8,0.076
4,1493.8,0.076
4,1494.8,0.076
4,1495.8,0.076
4,1496.8,0.076
4,1497.8,0.076
4,1498.8,0.076
4,1499.9,0.076
4,1500.9,0.076
4,1501.9,0.0709
4,1502.9,0.0752
4,1503.9,0.0752
4,1504.9,0.0709
4,1505.9,0.0743
4,1506.9,0.0786
4,1507.9,0.0743
4,1508.9,0.0692
4,1510.9,0.0777
4,1511.9,0.0735
4,1512.9,0.0735
4,1514,0.0735
4,1515,0.0735
4,1516,0.0735
4,1517,0.0735
4,1518,0.0735
4,1519,0.0735
4,1520,0.0735
4,1521,0.0735
4,1522,0.0692
4,1523,0.0683
4,1524,0.0726
4,1525,0.0726
4,1526,0.0683
4,1527,0.0673
4,1528.1,0.0717
4,1529.1,0.0717
4,1531.1,0.0631
4,1532.1,0.0666
4,1533.1,0.0666
4,1534.1,0.0666
4,1535.1,0.0666
4,1536.1,0.0666
4,1537.1,0.0666
4,1538.2,0.0665
4,1539.2,0.0666
4,1540.2,0.0666
4,1541.2,0.0666
4,1542.2,0.0709
4,1543.2,0.0709
4,1544.2,0.0665
4,1545.2,0.07
4,1546.2,0.07
4,1547.2,0.07
4,1548.2,0.0656
4,1549.2,0.0649
4,1551.2,0.0692
4,1552.3,0.0692
4,1553.3,0.069
4,1554.3,0.0692
4,1555.3,0.0692
4,1556.3,0.0692
4,1557.3,0.0692
4,1558.3,0.0692
4,1559.3,0.0692
4,1560.3,0.0692
4,1561.3,0.0692
4,1562.3,0.0649
4,1563.3,0.0649
4,1564.4,0.0639
4,1565.4,0.0683
4,1566.4,0.0683
4,1567.4,0.0639
4,1568.4,0.0597
4,1569.4,0.0632
4,1571.4,0.0675
4,1572.4,0.0675
4,1573.4,0.0675
4,1574.4,0.0675
4,1575.4,0.0673
4,1576.4,0.0675
4,1577.5,0.0673
4,1578.5,0.0675
4,1579.5,0.0675
4,1580.5,0.0675
4,1581.5,0.0632
4,1582.5,0.0588
4,1583.5,0.0622
4,1584.5,0.0666
4,1585.5,0.0666
4,1586.5,0.0622
4,1587.5,0.058
4,1588.5,0.0614
4,1590.5,0.0658
4,1591.5,0.0656
4,1592.5,0.0656
4,1593.6,0.0658
4,1594.6,0.0656
4,1595.6,0.0656
4,1596.6,0.0656
4,1597.6,0.0658
4,1598.6,0.0658
4,1599.6,0.0658
4,1600.6,0.0656
4,1601.6,0.0614
4,1602.6,0.0649
4,1603.6,0.0649
4,1604.6,0.0649
4,1605.6,0.0648
4,1606.6,0.0605
4,1608.6,0.0605
4,1609.6,0.0597
4,1610.6,0.0597
4,1611.7,0.0597
4,1612.7,0.0597
4,1613.7,0.0597
4,1614.7,0.0597
4,1615.7,0.0639
4,1616.7,0.0597
4,1617.7,0.0597
4,1618.7,0.0639
4,1619.7,0.0639
4,1620.7,0.0639
4,1621.7,0.0639
4,1622.8,0.0597
4,1623.8,0.0588
4,1624.8,0.0588
4,1625.8,0.0631
4,1626.8,0.0631
4,1628.8,0.0631
4,1629.8,0.0588
4,1630.8,0.0588
4,1631.8,0.0588
4,1632.8,0.0588
4,1633.8,0.0588
4,1634.8,0.0588
4,1635.8,0.0588
4,1636.8,0.0588
4,1637.8,0.0588
4,1638.9,0.0588
4,1639.9,0.058
4,1640.9,0.0622
4,1641.9,0.0622
4,1642.9,0.0622
4,1643.9,0.0622
4,1644.9,0.058
4,1645.9,0.0571
4,1646.9,0.0614
4,1648.9,0.0656
4,1649.9,0.0614
4,1650.9,0.0614
4,1651.9,0.0614
4,1652.9,0.0614
4,1653.9,0.0614
4,1655,0.0656
4,1656,0.0614
4,1657,0.0614
4,1658,0.0614
4,1659,0.0614
4,1660,0.0614
4,1661,0.0614
4,1662,0.0571
4,1663,0.0605
4,1664,0.0649
4,1665,0.0649
4,1666,0.0605
4,1667,0.0605
4,1669.1,0.0605
4,1670.1,0.0605
4,1671.1,0.0605
4,1672.1,0.0563
4,1673.1,0.0563
4,1674.1,0.0563
4,1675.1,0.0563
4,1676.1,0.0563
4,1677.1,0.0563
4,1678.1,0.0563
4,1679.2,0.0563
4,1680.2,0.0563
4,1681.2,0.0597
4,1682.2,0.0597
4,1683.2,0.0597
4,1684.2,0.0597
4,1685.2,0.0597
4,1686.2,0.0597
4,1687.2,0.0554
4,1689.2,0.0554
4,1690.2,0.0546
4,1691.2,0.0546
4,1692.3,0.0546
4,1693.3,0.0546
4,1694.3,0.0546
4,1695.3,0.0546
4,1696.3,0.0546
4,1697.3,0.0546
4,1698.3,0.0546
4,1699.3,0.0546
4,1700.3,0.0588
4,1701.3,0.0588
4,1702.3,0.0588
4,1703.3,0.0588
4,1704.3,0.0588
4,1705.3,0.0546
4,1706.4,0.0546
4,1707.4,0.0537
4,1709.4,0.0537
4,1710.4,0.0537
4,1711.4,0.058
4,1712.4,0.0537
4,1713.4,0.058
4,1714.4,0.058
4,1715.4,0.058
4,1716.4,0.058
4,1717.4,0.058
4,1718.4,0.058
4,1719.4,0.0537
4,1720.5,0.058
4,1721.5,0.058
4,1722.5,0.058
4,1723.5,0.058
4,1724.5,0.0537
4,1725.5,0.0495
4,1726.5,0.0614
4,1727.5,0.0614
4,1729.5,0.0571
4,1730.5,0.0571
4,1731.5,0.0571
4,1732.5,0.0529
4,1733.6,0.0614
4,1734.6,0.0614
4,1735.6,0.0614
4,1736.6,0.0571
4,1737.6,0.0614
4,1738.6,0.0614
4,1739.6,0.0571
4,1740.6,0.0571
4,1741.6,0.0571
4,1742.6,0.0571
4,1743.6,0.0571
4,1744.6,0.0571
4,1745.6,0.0529
4,1746.6,0.0563
4,1747.7,0.052
4,1749.7,0.052
4,1750.7,0.0605
4,1751.7,0.0563
4,1752.7,0.052
4,1753.7,0.052
4,1754.7,0.0563
4,1755.7,0.0563
4,1756.7,0.0563
4,1757.7,0.052
4,1758.7,0.0605
4,1759.7,0.0563
4,1760.8,0.0605
4,1761.8,0.0605
4,1762.8,0.0563
4,1763.8,0.0563
4,1764.8,0.0563
4,1765.8,0.0563
4,1766.8,0.0563
4,1767.8,0.052
4,1769.8,0.0512
4,1770.8,0.0512
4,1771.8,0.0512
4,1772.8,0.0512
4,1773.8,0.0512
4,1774.8,0.052
4,1775.9,0.0512
4,1776.9,0.0512
4,1777.9,0.0512
4,1778.9,0.0512
4,1779.9,0.0512
4,1780.9,0.0512
4,1781.9,0.0512
4,1782.9,0.0554
4,1783.9,0.0554
4,1784.9,0.0554
4,1785.9,0.0554
4,1786.9,0.0554
4,1787.9,0.0554
4,1790,0.0554
4,1791,0.0554
4,1792,0.0554
4,1793,0.0512
4,1794,0.0512
4,1795,0.0512
4,1796,0.0512
4,1797,0.0554
4,1798.1,0.0512
4,1799.1,0.0512
4,1800.1,0.0512
4,1801.1,0.0512
4,1802.1,0.0503
4,1803.1,0.0503
4,1804.1,0.0503
4,1805.1,0.0493
4,1806.1,0.0546
4,1807.1,0.0493
4,1808.1,0.0546
4,1810.1,0.0546
4,1811.1,0.0546
4,1812.1,0.0546
4,1813.2,0.0546
4,1814.2,0.0546
4,1815.2,0.0546
4,1816.2,0.0546
4,1817.2,0.0546
4,1818.2,0.0546
4,1819.2,0.0546
4,1820.2,0.0546
4,1821.2,0.0546
4,1822.2,0.0546
4,1823.2,0.0546
4,1824.2,0.0503
4,1825.3,0.0503
4,1826.3,0.0503
4,1827.3,0.0493
4,1828.3,0.0459
4,1830.3,0.0491
4,1831.3,0.0495
4,1832.3,0.0495
4,1833.3,0.0537
4,1834.3,0.0495
4,1835.3,0.0495
4,1836.3,0.0495
4,1837.3,0.0495
4,1838.3,0.0495
4,1839.3,0.0495
4,1840.4,0.0495
4,1841.4,0.0537
4,1842.4,0.0537
4,1843.4,0.0537
4,1844.4,0.0537
4,1845.4,0.0537
4,1846.4,0.0537
4,1847.4,0.0537
4,1848.4,0.0537
4,1850.4,0.0537
4,1851.4,0.0537
4,1852.4,0.0537
4,1853.4,0.0537
4,1854.4,0.0537
4,1855.5,0.0537
4,1856.5,0.0537
4,1857.5,0.0537
4,1858.5,0.0537
4,1859.5,0.0537
4,1860.5,0.0537
4,1861.5,0.0537
4,1862.5,0.0537
4,1863.5,0.0537
4,1864.5,0.0495
4,1865.5,0.0493
4,1866.5,0.0495
4,1867.5,0.0493
4,1868.6,0.0483
4,1870.6,0.0529
4,1871.6,0.0529
4,1872.6,0.0529
4,1873.6,0.0486
4,1874.6,0.0529
4,1875.6,0.0529
4,1876.6,0.0486
4,1877.6,0.0529
4,1878.6,0.0529
4,1879.6,0.0529
4,1880.7,0.0529
4,1881.7,0.0529
4,1882.7,0.0571
4,1883.7,0.0571
4,1884.7,0.0571
4,1885.7,0.0571
4,1886.7,0.0529
4,1887.7,0.0529
4,1888.7,0.0529
4,1890.7,0.0529
4,1891.7,0.0529
4,1892.8,0.0529
4,1893.8,0.0529
4,1894.8,0.0529
4,1895.8,0.0529
4,1896.8,0.0529
4,1897.8,0.0529
4,1898.8,0.0529
4,1899.8,0.0529
4,1900.8,0.0529
4,1901.8,0.0529
4,1902.8,0.0529
4,1903.8,0.0529
4,1904.8,0.0529
4,1905.8,0.0529
4,1906.9,0.0529
4,1907.9,0.0486
4,1908.9,0.0483
4,1910.9,0.0529
4,1911.9,0.0486
4,1912.9,0.0529
4,1913.9,0.0486
4,1914.9,0.0486
4,1915.9,0.0486
4,1916.9,0.0486
4,1917.9,0.0486
4,1918.9,0.0486
4,1919.9,0.0486
4,1921,0.0486
4,1922,0.0486
4,1923,0.0481
4,1924,0.0486
4,1925,0.0478
4,1926,0.0478
4,1927,0.0478
4,1928,0.0478
4,1929,0.052
4,1931,0.0478
4,1932,0.0563
4,1933,0.0468
4,1934,0.0563
4,1935.1,0.0468
4,1936.1,0.0468
4,1937.1,0.052
4,1938.1,0.0468
4,1939.1,0.052
4,1940.1,0.052
4,1941.1,0.052
4,1942.1,0.0478
4,1943.1,0.052
4,1944.1,0.052
4,1945.1,0.052
4,1946.1,0.052
4,1947.1,0.052
4,1948.1,0.052
4,1949.2,0.052
4,1951.2,0.052
4,1952.2,0.052
4,1953.2,0.052
4,1954.2,0.052
4,1955.2,0.052
4,1956.2,0.052
4,1957.2,0.052
4,1958.2,0.052
4,1959.2,0.052
4,1960.2,0.052
4,1961.2,0.052
4,1962.2,0.052
4,1963.2,0.052
4,1964.3,0.052
4,1965.3,0.052
4,1966.3,0.052
4,1967.3,0.052
4,1968.3,0.052
4,1969.3,0.052
4,1971.3,0.052
4,1972.3,0.052
4,1973.3,0.052
4,1974.3,0.052
4,1975.3,0.052
4,1976.3,0.052
4,1977.4,0.052
4,1978.4,0.052
4,1979.4,0.052
4,1980.4,0.052
4,1981.4,0.052
4,1982.4,0.0478
4,1983.4,0.052
4,1984.4,0.0476
4,1985.4,0.0478
4,1986.4,0.0476
4,1987.4,0.0478
4,1988.4,0.0476
4,1989.5,0.0476
4,1991.5,0.0469
4,1992.5,0.0478
4,1993.5,0.0408
4,1994.5,0.0468
4,1995.5,0.0468
4,1996.5,0.0434
4,1997.5,0.0468
4,1998.5,0.0478
4,1999.5,0.0468
4,2000.5,0.0468
4,2001.5,0.0469
4,2002.6,0.0478
4,2003.6,0.0469
4,2004.6,0.0469
4,2005.6,0.0469
4,2006.6,0.0469
4,2007.6,0.0469
4,2008.6,0.0469
4,2009.6,0.0469
4,2011.6,0.0469
4,2012.7,0.0512
4,2013.7,0.0466
4,2014.7,0.0512
4,2015.7,0.0468
4,2016.7,0.0468
4,2017.7,0.0512
4,2018.7,0.0512
4,2019.7,0.0468
4,2020.7,0.0512
4,2021.7,0.0512
4,2022.7,0.0512
4,2023.7,0.0512
4,2024.7,0.0512
4,2025.7,0.0512
4,2026.8,0.0512
4,2027.8,0.0512
4,2029.8,0.0512
4,2030.8,0.0505
4,2031.8,0.0512
4,2032.8,0.0512
4,2033.8,0.0512
4,2034.8,0.0512
4,2035.8,0.0512
4,2036.8,0.0512
4,2037.8,0.0512
4,2038.8,0.0512
4,2039.8,0.0512
4,2040.8,0.0512
4,2041.9,0.0512
4,2042.9,0.0512
4,2043.9,0.0512
4,2044.9,0.0512
4,2045.9,0.0512
4,2046.9,0.0512
4,2047.9,0.0512
4,2049.9,0.0512
4,2050.9,0.0512
4,2051.9,0.0512
4,2052.9,0.0512
4,2053.9,0.0512
4,2054.9,0.0512
4,2055.9,0.0512
4,2056.9,0.0512
4,2058,0.0512
4,2059,0.0512
4,2060,0.0512
4,2061,0.0512
4,2062,0.0512
4,2063,0.0512
4,2064,0.0512
4,2065,0.0512
4,2066,0.0512
4,2067,0.0512
4,2068,0.0512
4,2070,0.0512
4,2071,0.0468
4,2072,0.0469
4,2073.1,0.0512
4,2074.1,0.0512
4,2075.1,0.0512
4,2076.1,0.0512
4,2077.1,0.0512
4,2078.1,0.0512
4,2079.1,0.0512
4,2080.1,0.0512
4,2081.1,0.0469
4,2082.1,0.0469
4,2083.1,0.0469
4,2084.2,0.0469
4,2085.2,0.0469
4,2086.2,0.0468
4,2087.2,0.0469
4,2088.2,0.0468
4,2090.2,0.0468
4,2091.2,0.0468
4,2092.2,0.0469
4,2093.3,0.0468
4,2094.3,0.0466
4,2095.3,0.0469
4,2096.3,0.0468
4,2097.3,0.0468
4,2098.3,0.0468
4,2099.3,0.0468
4,2100.3,0.0469
4,2101.3,0.0383
4,2102.3,0.0469
4,2103.3,0.0468
4,2104.3,0.0469
4,2105.3,0.0468
4,2106.4,0.0469
4,2107.4,0.0383
4,2108.4,0.0383
4,2110.4,0.0383
4,2111.4,0.0459
4,2112.4,0.0459
4,2113.4,0.0459
4,2114.4,0.0459
4,2115.4,0.0383
4,2116.4,0.0459
4,2117.4,0.0466
4,2118.4,0.0459
4,2119.5,0.0461
4,2120.5,0.0454
4,2121.5,0.0469
4,2122.5,0.0383
4,2123.5,0.0459
4,2124.5,0.0383
4,2125.5,0.0459
4,2126.5,0.0459
4,2127.5,0.0459
4,2128.5,0.0459
4,2130.5,0.0459
4,2131.5,0.0495
4,2132.5,0.0459
4,2133.5,0.0461
4,2134.5,0.0459
4,2135.6,0.0383
4,2136.6,0.0459
4,2137.6,0.0459
4,2138.6,0.0459
4,2139.6,0.0459
4,2140.6,0.0456
4,2141.6,0.0459
4,2142.6,0.0459
4,2143.6,0.0459
4,2144.6,0.0459
4,2145.6,0.0459
4,2146.6,0.0459
4,2147.7,0.0459
4,2148.7,0.0459
4,2150.7,0.0459
4,2151.7,0.0459
4,2152.7,0.0459
4,2153.7,0.0503
4,2154.7,0.0461
4,2155.7,0.0503
4,2156.7,0.0503
4,2157.7,0.0461
4,2158.7,0.0461
4,2159.7,0.0503
4,2160.7,0.0454
4,2161.8,0.0459
4,2162.8,0.0503
4,2163.8,0.0461
4,2164.8,0.0459
4,2165.8,0.0493
4,2166.8,0.0459
4,2167.8,0.0459
4,2168.8,0.0461
4,2170.8,0.0493
4,2171.8,0.0495
4,2172.8,0.0503
4,2173.8,0.0503
4,2174.8,0.0503
4,2175.9,0.0503
4,2176.9,0.0503
4,2177.9,0.0503
4,2178.9,0.0503
4,2179.9,0.0503
4,2180.9,0.0503
4,2181.9,0.0503
4,2182.9,0.0503
4,2183.9,0.0493
4,2184.9,0.0503
4,2186,0.0493
4,2187,0.0503
4,2188,0.0493
4,2189,0.0503
4,2191,0.0493
4,2192,0.0495
4,2193,0.0503
4,2194,0.0503
4,2195,0.0503
4,2196,0.0503
4,2197.1,0.0503
4,2198.1,0.0503
4,2199.1,0.0503
4,2200.1,0.0503
4,2201.1,0.0503
4,2202.1,0.0493
4,2203.1,0.0503
4,2204.1,0.0493
4,2205.1,0.0503
4,2206.1,0.0493
4,2207.1,0.0503
4,2208.1,0.0493
4,2209.1,0.0503
4,2211.1,0.0493
4,2212.2,0.0495
4,2213.2,0.0503
4,2214.2,0.0503
4,2215.2,0.0503
4,2216.2,0.0503
4,2217.2,0.0503
4,2218.2,0.0503
4,2219.2,0.0503
4,2220.2,0.0503
4,2221.2,0.0503
4,2222.2,0.0493
4,2223.2,0.0503
4,2224.2,0.0503
4,2225.3,0.0503
4,2226.3,0.0495
4,2227.3,0.0503
4,2228.3,0.0493
4,2229.3,0.0503
4,2231.3,0.0503
4,2232.3,0.0495
4,2233.3,0.0503
4,2234.3,0.0503
4,2235.3,0.0503
4,2236.3,0.0503
4,2237.4,0.0503
4,2238.4,0.0503
4,2239.4,0.0503
4,2240.4,0.0503
4,2241.4,0.0503
4,2242.4,0.0503
4,2243.4,0.0503
4,2244.4,0.0493
4,2245.4,0.0503
4,2246.4,0.0493
4,2247.4,0.0503
4,2248.4,0.0493
4,2249.4,0.0503
4,2251.4,0.0503
4,2252.4,0.0495
4,2253.5,0.0503
4,2254.5,0.0503
4,2255.5,0.0503
4,2256.5,0.0503
4,2257.5,0.0503
4,2258.5,0.0503
4,2259.5,0.0503
4,2260.5,0.0503
4,2261.5,0.0454
4,2262.5,0.0493
4,2263.5,0.0503
4,2264.5,0.0493
4,2265.5,0.0503
4,2266.6,0.0461
4,2267.6,0.0461
4,2268.6,0.0459
4,2269.6,0.0461
4,2271.6,0.0459
4,2272.6,0.0495
4,2273.6,0.0459
4,2274.6,0.0503
4,2275.6,0.0461
4,2276.6,0.0461
4,2277.6,0.0503
4,2278.6,0.0459
4,2279.6,0.0459
4,2280.7,0.0503
4,2281.7,0.0495
4,2282.7,0.0461
4,2283.7,0.0459
4,2284.7,0.0461
4,2285.7,0.0459
4,2286.7,0.0461
4,2287.7,0.0461
4,2289.7,0.0461
4,2290.7,0.0461
4,2291.7,0.0452
4,2292.7,0.0461
4,2293.7,0.0461
4,2294.7,0.0461
4,2295.7,0.0461
4,2296.8,0.0461
4,2297.8,0.0461
4,2298.8,0.0459
4,2299.8,0.0374
4,2300.8,0.0461
4,2301.8,0.0461
4,2302.8,0.0459
4,2303.8,0.0459
4,2304.8,0.0452
4,2305.8,0.0452
4,2306.8,0.0452
4,2307.9,0.0461
4,2309.9,0.0459
4,2310.9,0.0461
4,2311.9,0.0452
4,2312.9,0.0461
4,2313.9,0.0461
4,2314.9,0.0452
4,2315.9,0.0459
4,2316.9,0.0459
4,2317.9,0.0459
4,2318.9,0.0461
4,2319.9,0.0459
4,2320.9,0.0461
4,2322,0.0452
4,2323,0.0452
4,2324,0.0451
4,2325,0.0452
4,2326,0.0451
4,2327,0.0459
4,2329,0.0461
4,2330,0.0452
4,2331,0.0459
4,2332,0.0459
4,2333.1,0.0452
4,2334.1,0.0461
4,2335.1,0.0451
4,2336.1,0.0459
4,2337.1,0.0461
4,2338.1,0.0452
4,2339.1,0.0451
4,2340.1,0.0452
4,2341.1,0.0452
4,2342.1,0.0459
4,2343.1,0.0452
4,2344.1,0.0452
4,2345.1,0.0451
4,2347.2,0.0459
4,2348.2,0.0461
4,2349.2,0.0452
4,2350.2,0.0451
4,2351.2,0.0459
4,2352.2,0.0452
4,2353.2,0.0451
4,2354.2,0.0461
4,2355.2,0.0452
4,2356.2,0.0452
4,2357.2,0.0456
4,2358.2,0.0461
4,2359.2,0.0461
4,2360.2,0.0461
4,2361.2,0.0461
4,2362.2,0.0452
4,2363.3,0.0452
4,2364.3,0.0461
4,2365.3,0.0452
4,2367.3,0.0459
4,2368.3,0.0461
4,2369.3,0.0452
4,2370.3,0.0451
4,2371.3,0.0461
4,2372.3,0.0451
4,2373.3,0.0452
4,2374.3,0.0461
4,2375.3,0.0452
4,2376.3,0.0452
4,2377.4,0.0459
4,2378.4,0.0452
4,2379.4,0.0452
4,2380.4,0.0452
4,2381.4,0.0461
4,2382.4,0.0452
4,2383.4,0.0452
4,2384.4,0.0451
4,2386.4,0.0452
4,2387.4,0.0452
4,2388.4,0.0459
4,2389.4,0.0452
4,2390.5,0.0452
4,2391.5,0.0459
4,2392.5,0.0459
4,2393.5,0.0459
4,2394.5,0.0461
4,2395.5,0.0452
4,2396.5,0.0454
4,2397.5,0.0459
4,2398.5,0.0459
4,2399.5,0.0461
4,2400.5,0.0459
4,2401.5,0.0459
4,2402.5,0.0452
4,2403.5,0.0493
4,2404.5,0.0452
4,2406.5,0.0452
4,2407.6,0.0374
4,2408.6,0.0452
4,2409.6,0.0452
4,2410.6,0.0374
4,2411.6,0.0452
4,2412.6,0.0452
4,2413.6,0.0452
4,2414.6,0.0451
4,2415.6,0.0459
4,2416.6,0.0452
4,2417.6,0.0452
4,2418.6,0.0452
4,2419.6,0.0451
4,2420.6,0.0452
4,2421.6,0.0451
4,2422.6,0.0452
4,2423.7,0.0452
4,2425.7,0.0452
4,2426.7,0.0452
4,2427.7,0.0452
4,2428.7,0.0452
4,2429.7,0.0452
4,2430.7,0.0452
4,2431.7,0.0452
4,2432.7,0.0452
4,2433.7,0.0452
4,2434.7,0.0452
4,2435.7,0.0452
4,2436.8,0.0374
4,2437.8,0.0452
4,2438.8,0.0452
4,2439.8,0.0452
4,2440.8,0.0452
4,2441.8,0.0452
4,2442.8,0.0452
4,2443.8,0.0452
4,2445.8,0.0452
4,2446.8,0.0374
4,2447.9,0.0452
4,2448.9,0.0452
4,2449.9,0.0459
4,2450.9,0.0452
4,2451.9,0.0452
4,2452.9,0.0374
4,2453.9,0.0452
4,2454.9,0.0374
4,2455.9,0.0452
4,2456.9,0.0452
4,2458,0.0452
4,2459,0.0452
4,2460,0.0452
4,2461,0.0452
4,2462,0.0374
4,2463,0.0452
4,2464,0.0374
4,2466,0.0452
4,2467,0.0452
4,2468.1,0.0452
4,2469.1,0.0461
4,2470.1,0.0374
4,2471.1,0.0451
4,2472.1,0.0459
4,2473.1,0.0452
4,2474.1,0.0452
4,2475.1,0.0459
4,2476.1,0.0451
4,2477.1,0.0452
4,2478.1,0.0452
4,2479.1,0.0461
4,2480.1,0.0461
4,2481.2,0.0459
4,2482.2,0.0461
4,2483.2,0.0452
4,2484.2,0.0451
4,2486.2,0.0452
4,2487.2,0.0459
4,2488.2,0.0452
4,2489.2,0.0461
4,2490.2,0.0452
4,2491.2,0.0452
4,2492.2,0.0459
4,2493.2,0.0452
4,2494.2,0.0452
4,2495.2,0.0461
4,2496.2,0.0461
4,2497.2,0.0461
4,2498.3,0.0459
4,2499.3,0.0461
4,2500.3,0.0461
4,2501.3,0.0374
4,2502.3,0.0452
4,2504.3,0.0452
4,2505.3,0.0451
4,2506.3,0.0461
4,2507.3,0.0459
4,2508.3,0.0452
4,2509.3,0.0461
4,2510.4,0.0452
4,2511.4,0.0461
4,2512.4,0.0461
4,2513.4,0.0452
4,2514.4,0.0452
4,2515.4,0.0459
4,2516.4,0.0461
4,2517.4,0.0461
4,2518.4,0.0459
4,2519.4,0.0461
4,2520.4,0.0461
4,2521.4,0.0452
4,2522.4,0.0461
4,2524.5,0.0461
4,2525.5,0.0452
4,2526.5,0.0459
4,2527.5,0.0452
4,2528.5,0.0461
4,2529.5,0.0461
4,2530.5,0.0452
4,2531.5,0.0452
4,2532.5,0.0459
4,2533.5,0.0451
4,2534.5,0.0456
4,2535.5,0.0461
4,2536.5,0.0452
4,2537.6,0.0459
4,2538.6,0.0461
4,2539.6,0.0461
4,2540.6,0.0459
4,2541.6,0.0461
4,2542.6,0.0461
4,2544.6,0.0459
4,2545.6,0.0459
4,2546.6,0.0461
4,2547.6,0.0452
4,2548.6,0.0459
4,2549.7,0.0461
4,2550.7,0.0452
4,2551.7,0.0461
4,2552.7,0.0461
4,2553.7,0.0452
4,2554.7,0.0454
4,2555.7,0.0461
4,2556.7,0.0461
4,2557.7,0.0452
4,2558.7,0.0452
4,2559.7,0.0452
4,2560.7,0.0452
4,2561.7,0.0452
4,2562.8,0.0459
4,2564.8,0.0461
4,2565.8,0.0452
4,2566.8,0.0459
4,2567.8,0.0461
4,2568.8,0.0452
4,2569.8,0.0461
4,2570.8,0.0452
4,2571.9,0.0452
4,2572.9,0.0461
4,2573.9,0.0452
4,2574.9,0.0454
4,2575.9,0.0461
4,2576.9,0.0451
4,2577.9,0.0461
4,2578.9,0.0461
4,2579.9,0.0461
4,2581,0.0459
4,2582,0.0459
4,2583,0.0459
4,2585,0.0461
4,2586,0.0461
4,2587,0.0459
4,2588,0.0452
4,2589,0.0452
4,2590,0.0374
4,2591,0.0452
4,2592,0.0459
4,2593,0.0452
4,2594,0.0452
4,2595,0.0454
4,2596,0.0452
4,2597.1,0.0451
4,2598.1,0.0452
4,2599.1,0.0452
4,2600.1,0.0452
4,2601.1,0.0452
4,2602.1,0.0452
4,2603.1,0.0459
4,2605.1,0.0459
4,2606.1,0.0452
4,2607.1,0.0461
4,2608.1,0.0495
4,2609.1,0.0461
4,2610.1,0.0452
4,2611.1,0.0452
4,2612.2,0.0459
4,2613.2,0.0452
4,2614.2,0.0452
4,2615.2,0.0374
4,2616.2,0.0461
4,2617.2,0.0374
4,2618.2,0.0451
4,2619.2,0.0452
4,2620.2,0.0452
4,2621.2,0.0452
4,2622.2,0.0493
4,2623.2,0.0452
4,2625.2,0.0452
4,2626.2,0.0452
4,2627.3,0.0452
4,2628.3,0.0452
4,2629.3,0.0374
4,2630.3,0.0451
4,2631.3,0.0452
4,2632.3,0.0451
4,2633.3,0.0452
4,2634.3,0.0451
4,2635.3,0.0452
4,2636.3,0.0461
4,2637.3,0.0452
4,2638.3,0.0452
4,2639.4,0.0495
4,2640.4,0.0452
4,2641.4,0.0495
4,2642.4,0.0452
4,2643.4,0.0452
4,2645.4,0.0452
4,2646.4,0.0452
4,2647.4,0.0452
4,2648.4,0.0452
4,2649.4,0.0452
4,2650.5,0.0451
4,2651.5,0.0452
4,2652.5,0.0452
4,2653.5,0.0495
4,2654.5,0.0452
4,2655.5,0.0451
4,2656.5,0.0452
4,2657.5,0.0452
4,2658.5,0.0452
4,2659.5,0.0452
4,2660.5,0.0451
4,2661.5,0.0452
4,2662.5,0.0452
4,2663.5,0.0452
4,2665.5,0.0452
4,2666.6,0.0495
4,2667.6,0.0452
4,2668.6,0.0452
4,2669.6,0.0495
4,2670.6,0.0452
4,2671.6,0.0452
4,2672.6,0.0495
4,2673.6,0.0452
4,2674.6,0.0452
4,2675.6,0.0452
4,2676.6,0.0493
4,2677.6,0.0451
4,2678.6,0.0452
4,2679.7,0.0452
4,2680.7,0.0452
4,2681.7,0.0451
4,2682.7,0.0452
4,2683.7,0.0452
4,2685.7,0.0452
4,2686.7,0.0495
4,2687.7,0.0452
4,2688.7,0.0452
4,2689.7,0.0495
4,2690.8,0.0452
4,2691.8,0.0452
4,2692.8,0.0495
4,2693.8,0.0452
4,2694.8,0.0452
4,2695.8,0.0495
4,2696.8,0.0452
4,2697.8,0.0495
4,2698.8,0.0451
4,2699.8,0.0498
4,2700.8,0.0488
4,2701.8,0.0488
4,2702.9,0.049
4,2703.9,0.0459
4,2705.9,0.0459
4,2706.9,0.0459
4,2707.9,0.0459
4,2708.9,0.05
4,2709.9,0.0496
4,2710.9,0.0496
4,2711.9,0.0496
4,2713,0.05
4,2714,0.05
4,2715,0.05
4,2716,0.05
4,2717,0.05
4,2718,0.0493
4,2719,0.0496
4,2720,0.0496
4,2721,0.0496
4,2722,0.0496
4,2723,0.0496
4,2724.1,0.0498
4,2726.1,0.0498
4,2727.1,0.0498
4,2728.1,0.0498
4,2729.1,0.0498
4,2730.1,0.0498
4,2731.1,0.0498
4,2732.1,0.0498
4,2733.1,0.0498
4,2734.1,0.0459
4,2735.1,0.0496
4,2736.1,0.0496
4,2737.1,0.0495
4,2738.1,0.0498
4,2739.1,0.0495
4,2741.2,0.0495
4,2742.2,0.0374
4,2743.2,0.0495
4,2744.2,0.0452
4,2745.2,0.0452
4,2746.2,0.0452
4,2747.2,0.0452
4,2748.2,0.0452
4,2749.2,0.0452
4,2750.2,0.0495
4,2751.2,0.0493
4,2752.2,0.0452
4,2754.3,0.0451
4,2755.3,0.0452
4,2756.3,0.0452
4,2757.3,0.0452
4,2758.3,0.0452
4,2759.3,0.0452
4,2760.3,0.0452
4,2761.3,0.0452
4,2762.3,0.0452
4,2763.3,0.0452
4,2764.3,0.0452
4,2765.4,0.0452
4,2766.4,0.0452
4,2767.4,0.0452
4,2768.4,0.0452
4,2769.4,0.0452
4,2770.4,0.0461
4,2771.4,0.0452
4,2772.4,0.0452
4,2774.4,0.0452
4,2775.4,0.0452
6,2776.4,0.0461
6,2777.5,0.0452
6,2778.5,0.0452
6,2779.5,0.0461
6,2780.5,0.0452
6,2781.5,0.0452
6,2782.5,0.0452
6,2783.5,0.0452
6,2784.5,0.0452
6,2785.5,0.0452
6,2786.5,0.0493
6,2787.5,0.0469
6,2788.5,0.0512
6,2789.5,0.0478
6,2790.5,0.052
6,2792.6,0.0481
6,2793.6,0.0529
6,2794.6,0.0529
6,2795.6,0.0529
6,2796.6,0.0529
6,2797.6,0.0529
6,2798.6,0.0571
6,2799.6,0.0529
6,2800.6,0.0529
6,2801.6,0.0529
6,2802.6,0.0529
6,2803.6,0.0493
6,2804.6,0.0537
6,2805.6,0.0493
6,2806.6,0.0546
6,2807.6,0.0512
6,2808.7,0.0554
6,2809.7,0.0512
6,2810.7,0.0563
6,2812.7,0.052
6,2813.7,0.0563
6,2814.7,0.0571
6,2815.7,0.0529
6,2816.7,0.0529
6,2817.7,0.0571
6,2818.7,0.0529
6,2819.8,0.0571
6,2820.8,0.0529
6,2821.8,0.0571
6,2822.8,0.0571
6,2823.8,0.0571
6,2824.8,0.0537
6,2825.8,0.058
6,2826.8,0.0546
6,2827.8,0.0588
6,2828.8,0.0546
6,2829.9,0.0597
6,2830.9,0.0597
6,2832.9,0.0554
6,2833.9,0.0605
6,2834.9,0.0605
6,2835.9,0.0605
6,2836.9,0.0605
6,2837.9,0.0605
6,2838.9,0.0605
6,2840,0.0605
6,2841,0.0605
6,2842,0.0605
6,2843,0.0605
6,2844,0.0605
6,2845,0.0571
6,2846,0.0614
6,2847,0.0614
6,2848,0.0622
6,2849,0.0622
6,2850,0.058
6,2851,0.0632
6,2853,0.0588
6,2854,0.0588
6,2855,0.0588
6,2856,0.0588
6,2857,0.0588
6,2858.1,0.0554
6,2859.1,0.0588
6,2860.1,0.0597
6,2861.1,0.0597
6,2862.1,0.0597
6,2863.1,0.0597
6,2864.1,0.0639
6,2865.1,0.0641
6,2866.1,0.0605
6,2867.1,0.0649
6,2868.2,0.0649
6,2869.2,0.0614
6,2870.2,0.0656
6,2871.2,0.0658
6,2873.2,0.0614
6,2874.2,0.0622
6,2875.2,0.0622
6,2876.2,0.0622
6,2877.2,0.0622
6,2878.2,0.0622
6,2879.2,0.0622
6,2880.2,0.0622
6,2881.2,0.0622
6,2882.2,0.0666
6,2883.3,0.0666
6,2884.3,0.0666
6,2885.3,0.0622
6,2886.3,0.0631
6,2887.3,0.0675
6,2888.3,0.0675
6,2889.3,0.0639
6,2890.3,0.0683
6,2891.3,0.0683
6,2893.3,0.0639
6,2894.3,0.0649
6,2895.3,0.0649
6,2896.4,0.0649
6,2897.4,0.0649
6,2898.4,0.0648
6,2899.4,0.0649
6,2900.4,0.0649
6,2901.4,0.0649
6,2902.4,0.0692
6,2903.4,0.0648
6,2904.4,0.0692
6,2905.4,0.0735
6,2906.4,0.0649
6,2907.4,0.07
6,2908.5,0.07
6,2909.5,0.0743
6,2910.5,0.0622
6,2911.5,0.0666
6,2913.5,0.0709
6,2914.5,0.0709
6,2915.5,0.0709
6,2916.5,0.0709
6,2917.5,0.0709
6,2918.5,0.0709
6,2919.5,0.0709
6,2920.5,0.0666
6,2921.5,0.0709
6,2922.6,0.0666
6,2923.6,0.0666
6,2924.6,0.0632
6,2925.6,0.0675
6,2926.6,0.0717
6,2927.6,0.0717
6,2928.6,0.0639
6,2929.6,0.0683
6,2930.6,0.0726
6,2931.6,0.0726
6,2933.6,0.0683
6,2934.6,0.0692
6,2935.7,0.0692
6,2936.7,0.0692
6,2937.7,0.0692
6,2938.7,0.0692
6,2939.7,0.0692
6,2940.7,0.0692
6,2941.7,0.0692
6,2942.7,0.0692
6,2943.7,0.0735
6,2944.7,0.0735
6,2945.7,0.0735
6,2946.8,0.0692
6,2947.8,0.07
6,2948.8,0.0743
6,2949.8,0.0743
6,2950.8,0.0743
6,2952.8,0.0709
6,2953.8,0.0709
6,2954.9,0.0709
6,2955.9,0.0709
6,2956.9,0.0709
6,2957.9,0.0709
6,2958.9,0.0709
6,2959.9,0.0709
6,2960.9,0.0709
6,2961.9,0.0709
6,2962.9,0.0752
6,2963.9,0.0752
6,2964.9,0.0709
6,2965.9,0.0709
6,2966.9,0.0717
6,2967.9,0.076
6,2968.9,0.076
6,2970.9,0.0717
6,2971.9,0.0717
6,2972.9,0.0717
6,2973.9,0.0683
6,2975,0.0717
6,2976,0.0717
6,2977,0.0717
6,2978,0.0717
6,2979,0.0717
6,2980,0.0683
6,2981,0.0726
6,2982,0.0726
6,2983,0.0769
6,2984,0.0769
6,2985,0.0726
6,2986,0.0692
6,2987,0.0735
6,2988,0.0777
6,2990.1,0.0777
6,2991.1,0.0777
6,2992.1,0.0777
6,2993.1,0.0777
6,2994.1,0.0777
6,2995.1,0.0777
6,2996.1,0.0777
6,2997.1,0.0777
6,2998.1,0.0777
6,2999.1,0.0777
6,3000.1,0.0777
6,3001.1,0.0821
6,3002.1,0.0777
6,3003.2,0.0743
6,3004.2,0.0743
6,3005.2,0.0786
6,3006.2,0.0828
6,3007.2,0.0786
6,3008.2,0.0786
6,3010.2,0.0752
6,3011.2,0.0752
6,3012.3,0.0752
6,3013.3,0.0752
6,3014.3,0.0752
6,3015.3,0.0752
6,3016.3,0.0752
6,3017.3,0.0752
6,3018.3,0.0752
6,3019.3,0.0794
6,3020.3,0.0794
6,3021.3,0.0794
6,3022.3,0.0794
6,3023.3,0.0794
6,3024.3,0.0794
6,3025.3,0.0752
6,3026.3,0.076
6,3027.3,0.0803
6,3028.3,0.0803
6,3030.3,0.0804
6,3031.3,0.0803
6,3032.3,0.076
6,3033.3,0.0803
6,3034.3,0.0803
6,3035.3,0.076
6,3036.3,0.0803
6,3037.3,0.0803
6,3038.3,0.076
6,3039.3,0.0803
6,3040.4,0.076
6,3041.4,0.076
6,3042.4,0.0769
6,3043.4,0.0769
6,3044.4,0.0811
6,3045.4,0.0811
6,3046.4,0.0769
6,3047.4,0.0769
6,3049.5,0.0769
6,3050.5,0.0777
6,3051.5,0.0777
6,3052.5,0.0777
6,3053.5,0.0777
6,3054.5,0.0777
6,3055.5,0.0777
6,3056.5,0.0777
6,3057.5,0.0777
6,3058.5,0.0777
6,3059.5,0.0777
6,3060.5,0.082
6,3061.5,0.082
6,3062.6,0.0821
6,3063.6,0.082
6,3064.6,0.082
6,3065.6,0.082
6,3066.6,0.0777
6,3067.6,0.0786
6,3069.6,0.0786
6,3070.6,0.0828
6,3071.6,0.0828
6,3072.7,0.0828
6,3073.7,0.0828
6,3074.7,0.0828
6,3075.7,0.0828
6,3076.7,0.0828
6,3077.7,0.0828
6,3078.7,0.0828
6,3079.7,0.0828
6,3080.7,0.0828
6,3081.7,0.0828
6,3082.7,0.0872
6,3083.7,0.0872
6,3084.7,0.0828
6,3085.8,0.0794
6,3086.8,0.0794
6,3087.8,0.0836
6,3089.8,0.0794
6,3090.8,0.0836
6,3091.8,0.0794
6,3092.8,0.0794
6,3093.8,0.0836
6,3094.8,0.0794
6,3095.8,0.0836
6,3096.8,0.0836
6,3097.8,0.0794
6,3098.9,0.0836
6,3099.9,0.0794
6,3100.9,0.0836
6,3101.9,0.0794
6,3102.9,0.0794
6,3103.9,0.0794
6,3104.9,0.0794
6,3105.9,0.0803
6,3106.9,0.0803
6,3107.9,0.0803
6,3109.9,0.0803
6,3110.9,0.0803
6,3112,0.0803
6,3113,0.0803
6,3114,0.0803
6,3115,0.0803
6,3116,0.0803
6,3117,0.0803
6,3118,0.0803
6,3119,0.0803
6,3120,0.0803
6,3121,0.0803
6,3122,0.0803
6,3123,0.0803
6,3124,0.0803
6,3125.1,0.0803
6,3126.1,0.0803
6,3127.1,0.0811
6,3128.1,0.0811
6,3130.1,0.0811
6,3131.1,0.0811
6,3132.1,0.0811
6,3133.1,0.0811
6,3134.1,0.0811
6,3135.1,0.0811
6,3136.1,0.0811
6,3137.1,0.0811
6,3138.1,0.0811
6,3139.1,0.0811
6,3140.2,0.0811
6,3141.2,0.0811
6,3142.2,0.0811
6,3143.2,0.0811
6,3144.2,0.0811
6,3145.2,0.0811
6,3146.2,0.0811
6,3147.2,0.0811
6,3148.2,0.082
6,3150.2,0.082
6,3151.2,0.082
6,3152.2,0.0836
6,3153.2,0.082
6,3154.2,0.0836
6,3155.3,0.0836
6,3156.3,0.082
6,3157.3,0.082
6,3158.3,0.082
6,3159.3,0.082
6,3160.3,0.0836
6,3161.3,0.0836
6,3162.3,0.0836
6,3163.3,0.082
6,3164.3,0.0836
6,3165.3,0.0906
6,3166.3,0.0906
6,3167.3,0.0836
6,3168.4,0.082
6,3170.4,0.0836
6,3171.4,0.0836
6,3172.4,0.0828
6,3173.4,0.082
6,3174.4,0.082
6,3175.5,0.0836
6,3176.5,0.082
6,3177.5,0.082
6,3178.5,0.0828
6,3179.5,0.082
6,3180.5,0.082
6,3181.5,0.0828
6,3182.5,0.0828
6,3183.5,0.087
6,3184.5,0.087
6,3185.5,0.087
6,3186.5,0.087
6,3187.5,0.087
6,3188.5,0.0915
6,3190.5,0.0915
6,3191.5,0.0915
6,3192.5,0.0915
6,3193.5,0.0915
6,3194.5,0.0915
6,3195.5,0.0915
6,3196.5,0.0915
6,3197.5,0.0915
6,3198.5,0.0915
6,3199.5,0.0915
6,3200.5,0.0915
6,3201.5,0.087
6,3202.5,0.087
6,3203.5,0.087
6,3204.5,0.0828
6,3205.5,0.0836
6,3206.5,0.0828
6,3207.5,0.0879
6,3209.5,0.0881
6,3210.6,0.0881
6,3211.6,0.0881
6,3212.6,0.0881
6,3213.6,0.0881
6,3214.6,0.0881
6,3215.6,0.0879
6,3216.6,0.0881
6,3217.6,0.0881
6,3218.6,0.0881
6,3219.6,0.0881
6,3220.6,0.0881
6,3221.6,0.0879
6,3222.6,0.0879
6,3223.6,0.0881
6,3224.6,0.0881
6,3225.6,0.0923
6,3226.6,0.0923
6,3227.6,0.0879
6,3229.6,0.0836
6,3230.6,0.0836
6,3231.6,0.0803
6,3232.6,0.0836
6,3233.7,0.0836
6,3234.7,0.0803
6,3235.7,0.0836
6,3236.7,0.0803
6,3237.7,0.0836
6,3238.7,0.0803
6,3239.7,0.0803
6,3240.7,0.0803
6,3241.7,0.0803
6,3242.7,0.0803
6,3243.7,0.0803
6,3244.7,0.0803
6,3245.7,0.0889
6,3246.8,0.0889
6,3247.8,0.0889
6,3249.8,0.0887
6,3250.8,0.0889
6,3251.8,0.0889
6,3252.8,0.0887
6,3253.8,0.0887
6,3254.8,0.0889
6,3255.8,0.0889
6,3256.8,0.0887
6,3257.8,0.0887
6,3258.8,0.0887
6,3259.9,0.0887
6,3260.9,0.0889
6,3261.9,0.0887
6,3262.9,0.0889
6,3263.9,0.0887
6,3264.9,0.0889
6,3265.9,0.0811
6,3266.9,0.0811
6,3267.9,0.0811
6,3269.9,0.0811
6,3270.9,0.0811
6,3271.9,0.0811
6,3272.9,0.0811
6,3274,0.0811
6,3275,0.0811
6,3276,0.0811
6,3277,0.0811
6,3278,0.0811
6,3279,0.0811
6,3280,0.0811
6,3281,0.0811
6,3282.1,0.0811
6,3283.1,0.0811
6,3284.1,0.0811
6,3285.1,0.0898
6,3286.1,0.0898
6,3287.1,0.0898
6,3288.1,0.0898
6,3290.1,0.0898
6,3291.1,0.0898
6,3292.1,0.0898
6,3293.1,0.0898
6,3294.1,0.0898
6,3295.2,0.0898
6,3296.2,0.0898
6,3297.2,0.0898
6,3298.2,0.0898
6,3299.2,0.0898
6,3300.2,0.0898
6,3301.2,0.0896
6,3302.2,0.0898
6,3303.2,0.0898
6,3304.2,0.0898
6,3305.2,0.0898
6,3306.2,0.0898
6,3307.2,0.0898
6,3308.2,0.0811
6,3310.3,0.0898
6,3311.3,0.082
6,3312.3,0.082
6,3313.3,0.082
6,3314.3,0.082
6,3315.3,0.0898
6,3316.3,0.0898
6,3317.3,0.082
6,3318.3,0.082
6,3319.3,0.082
6,3320.3,0.082
6,3321.3,0.082
6,3322.3,0.082
6,3323.3,0.082
6,3324.3,0.0836
6,3325.4,0.0836
6,3326.4,0.082
6,3327.4,0.0836
6,3328.4,0.082
6,3330.4,0.0906
6,3331.4,0.0906
6,3332.4,0.0906
6,3333.4,0.0906
6,3334.4,0.0906
6,3335.4,0.0906
6,3336.4,0.0904
6,3337.4,0.0906
6,3338.4,0.0906
6,3339.4,0.0904
6,3340.5,0.0906
6,3341.5,0.0906
6,3342.5,0.0906
6,3343.5,0.0906
6,3344.5,0.0906
6,3345.5,0.0906
6,3346.5,0.0906
6,3347.5,0.0906
6,3348.5,0.0906
6,3350.5,0.0906
6,3351.5,0.0906
6,3352.5,0.0906
6,3353.5,0.0904
6,3354.5,0.0906
6,3355.6,0.0906
6,3356.6,0.0906
6,3357.6,0.0906
6,3358.6,0.0906
6,3359.6,0.0904
6,3360.6,0.0906
6,3361.6,0.0949
6,3362.6,0.0906
6,3363.6,0.0949
6,3364.6,0.0949
6,3365.6,0.0949
6,3366.6,0.0949
6,3367.6,0.0949
6,3368.6,0.0906
6,3370.7,0.0906
6,3371.7,0.0906
6,3372.7,0.0904
6,3373.7,0.0906
6,3374.7,0.0906
6,3375.7,0.0906
6,3376.7,0.0906
6,3377.7,0.0906
6,3378.7,0.0904
6,3379.7,0.0906
6,3380.7,0.0906
6,3381.8,0.0906
6,3382.8,0.0906
6,3383.8,0.0836
6,3384.8,0.087
6,3385.8,0.087
6,3386.8,0.087
6,3387.8,0.087
6,3388.8,0.0872
6,3390.8,0.087
6,3391.9,0.087
6,3392.9,0.087
6,3393.9,0.087
6,3394.9,0.087
6,3395.9,0.087
6,3396.9,0.087
6,3397.9,0.087
6,3398.9,0.087
6,3399.9,0.087
6,3400.9,0.087
6,3401.9,0.087
6,3402.9,0.087
6,3403.9,0.0915
6,3404.9,0.0915
6,3406,0.0915
6,3407,0.0915
6,3408,0.0915
6,3409,0.0915
6,3411,0.0915
6,3412,0.0915
6,3413,0.0915
6,3414,0.0915
6,3415,0.0915
6,3416,0.0915
6,3417,0.0915
6,3418,0.0915
6,3419.1,0.0915
6,3420.1,0.0915
6,3421.1,0.0915
6,3422.1,0.0915
6,3423.1,0.0915
6,3424.1,0.0915
6,3425.1,0.0915
6,3426.1,0.0915
6,3427.1,0.0915
6,3428.2,0.0957
6,3429.2,0.0957
6,3431.2,0.0957
6,3432.2,0.0957
6,3433.2,0.0957
6,3434.2,0.0957
6,3435.2,0.0957
6,3436.2,0.0957
6,3437.2,0.0957
6,3438.2,0.0957
6,3439.2,0.0957
6,3440.2,0.0957
6,3441.3,0.0957
6,3442.3,0.0957
6,3443.3,0.0957
6,3444.3,0.0957
6,3445.3,0.0957
6,3446.3,0.0957
6,3447.3,0.0957
6,3448.3,0.0915
6,3449.3,0.0915
6,3451.3,0.0915
6,3452.3,0.0915
6,3453.4,0.0915
6,3454.4,0.0915
6,3455.4,0.0915
6,3456.4,0.0915
6,3457.4,0.0915
6,3458.4,0.0915
6,3459.4,0.0915
6,3460.4,0.0915
6,3461.4,0.0915
6,3462.4,0.0915
6,3463.4,0.0915
6,3464.4,0.0915
6,3465.4,0.0915
6,3466.4,0.087
6,3467.5,0.087
6,3468.5,0.0881
6,3469.5,0.0881
6,3471.5,0.0881
6,3472.5,0.0881
6,3473.5,0.0881
6,3474.5,0.0881
6,3475.5,0.0879
6,3476.5,0.0881
6,3477.5,0.0879
6,3478.6,0.0881
6,3479.6,0.0881
6,3480.6,0.0881
6,3481.6,0.0881
6,3482.6,0.0881
6,3483.6,0.0881
6,3484.6,0.0923
6,3485.6,0.0881
6,3486.6,0.0923
6,3487.6,0.0923
6,3488.6,0.0923
6,3489.7,0.0923
6,3491.7,0.0923
6,3492.7,0.0923
6,3493.7,0.0923
6,3494.7,0.0923
6,3495.7,0.0923
6,3496.7,0.0923
6,3497.7,0.0923
6,3498.7,0.0923
6,3499.7,0.0923
6,3500.7,0.0923
6,3501.7,0.0923
6,3502.8,0.0923
6,3503.8,0.0923
6,3504.8,0.0923
6,3505.8,0.0923
6,3506.8,0.0923
6,3507.8,0.0923
6,3508.8,0.0923
6,3509.8,0.0923
6,3511.8,0.0923
6,3512.8,0.0923
6,3513.8,0.0923
6,3514.9,0.0923
6,3515.9,0.0923
6,3516.9,0.0923
6,3517.9,0.0923
6,3518.9,0.0923
6,3519.9,0.0923
6,3520.9,0.0923
6,3521.9,0.0923
6,3522.9,0.0923
6,3523.9,0.0923
6,3524.9,0.0923
6,3526,0.0966
6,3527,0.0966
6,3528,0.0966
6,3529,0.0966
6,3530,0.0923
6,3532,0.0966
6,3533,0.0966
6,3534,0.0966
6,3535,0.0966
6,3536,0.0966
6,3537,0.0966
6,3538,0.0966
6,3539,0.0966
6,3540,0.0966
6,3541,0.0966
6,3542.1,0.0966
6,3543.1,0.0966
6,3544.1,0.0966
6,3545.1,0.0966
6,3546.1,0.0966
6,3547.1,0.0966
6,3548.1,0.0923
6,3549.1,0.0923
6,3550.1,0.0923
6,3552.1,0.0923
6,3553.1,0.0923
6,3554.1,0.0923
6,3555.1,0.0923
6,3556.2,0.0923
6,3557.2,0.0923
6,3558.2,0.0923
6,3559.2,0.0923
6,3560.2,0.0923
6,3561.2,0.0923
6,3562.2,0.0923
6,3563.2,0.0923
6,3564.2,0.0881
6,3565.2,0.0923
6,3566.2,0.0881
6,3567.2,0.0881
6,3568.2,0.0881
6,3569.3,0.0879
6,3570.3,0.0889
6,3572.3,0.0887
6,3573.3,0.0889
6,3574.3,0.0887
6,3575.3,0.0889
6,3576.3,0.0889
6,3577.3,0.0889
6,3578.3,0.0881
6,3579.3,0.0889
6,3580.3,0.0887
6,3581.4,0.0887
6,3582.4,0.0887
6,3583.4,0.0887
6,3584.4,0.0887
6,3585.4,0.0889
6,3586.4,0.0889
6,3587.4,0.0889
6,3588.4,0.0889
6,3589.4,0.0889
6,3590.4,0.0889
6,3592.4,0.0889
6,3593.4,0.0889
6,3594.4,0.0889
6,3595.4,0.0887
6,3596.4,0.0889
6,3597.5,0.0889
6,3598.5,0.0889
6,3599.5,0.0889
6,3600.5,0.0887
6,3601.5,0.0889
6,3602.5,0.0887
6,3603.5,0.0887
6,3604.5,0.0889
6,3605.5,0.0887
6,3606.5,0.0932
6,3607.5,0.0932
6,3608.5,0.0932
6,3609.5,0.0932
6,3610.6,0.0932
6,3612.6,0.0932
6,3613.6,0.0932
6,3614.6,0.0932
6,3615.6,0.0932
6,3616.6,0.0932
6,3617.6,0.0932
6,3618.6,0.0932
6,3619.6,0.0932
6,3620.6,0.0932
6,3621.7,0.0932
6,3622.7,0.0932
6,3623.7,0.0932
6,3624.7,0.0932
6,3625.7,0.0932
6,3626.7,0.0932
6,3627.7,0.0932
6,3628.7,0.0932
6,3629.7,0.0932
6,3630.7,0.0932
6,3632.7,0.0932
6,3633.7,0.0932
6,3634.7,0.0932
6,3635.7,0.0932
6,3636.7,0.0932
6,3637.7,0.0932
6,3638.8,0.0932
6,3639.8,0.0932
6,3640.8,0.0932
6,3641.8,0.0932
6,3642.8,0.0932
6,3643.8,0.0932
6,3644.8,0.0932
6,3645.8,0.0932
6,3646.8,0.0932
6,3647.8,0.0932
6,3648.8,0.0932
6,3649.8,0.0932
6,3650.9,0.0932
6,3652.9,0.0932
6,3653.9,0.0932
6,3654.9,0.0932
6,3655.9,0.0932
6,3656.9,0.0932
6,3657.9,0.0932
6,3658.9,0.0932
6,3659.9,0.0932
6,3660.9,0.0932
6,3661.9,0.0932
6,3662.9,0.0932
6,3663.9,0.0932
6,3664.9,0.0932
6,3666,0.0932
6,3667,0.0974
6,3668,0.0932
6,3669,0.0932
6,3670,0.0932
6,3671,0.0974
6,3673,0.0974
6,3674,0.0932
6,3675,0.0932
6,3676,0.0932
6,3677,0.0974
6,3678,0.0932
6,3679.1,0.0974
6,3680.1,0.0932
6,3681.1,0.0932
6,3682.1,0.0974
6,3683.1,0.0974
6,3684.1,0.0974
6,3685.2,0.0974
6,3686.2,0.0974
6,3687.2,0.0932
6,3688.2,0.0974
6,3689.2,0.0974
6,3690.2,0.0974
6,3691.2,0.0974
6,3693.2,0.0974
6,3694.2,0.0974
6,3695.2,0.0932
6,3696.2,0.0932
6,3697.2,0.0974
6,3698.2,0.0974
6,3699.2,0.0974
6,3700.2,0.0974
6,3701.2,0.0932
6,3702.3,0.0974
6,3703.3,0.0974
6,3704.3,0.0974
6,3705.3,0.0974
6,3706.3,0.0974
6,3707.3,0.0974
6,3708.3,0.0974
6,3709.3,0.0974
6,3710.3,0.0974
6,3712.3,0.0974
6,3713.3,0.0974
6,3714.3,0.0974
6,3715.3,0.0974
6,3716.3,0.0974
6,3717.4,0.0974
6,3718.4,0.0974
6,3719.4,0.0974
6,3720.4,0.0974
6,3721.4,0.0974
6,3722.4,0.0974
6,3723.4,0.0974
6,3724.4,0.0974
6,3725.4,0.0974
6,3726.4,0.0974
6,3727.4,0.0974
6,3728.4,0.0974
6,3729.4,0.0932
6,3730.4,0.0932
6,3732.4,0.0932
6,3733.5,0.0932
6,3734.5,0.0932
6,3735.5,0.0932
6,3736.5,0.0889
6,3737.5,0.0932
6,3738.5,0.0932
6,3739.5,0.0932
6,3740.5,0.0974
6,3741.5,0.0932
6,3742.6,0.0932
6,3743.6,0.0932
6,3744.6,0.0932
6,3745.6,0.0932
6,3746.6,0.0932
6,3747.6,0.0932
6,3748.6,0.0887
6,3749.6,0.0932
6,3750.6,0.0932
6,3752.6,0.0889
6,3753.6,0.0887
6,3754.7,0.0932
6,3755.7,0.0889
6,3756.7,0.0889
6,3757.7,0.0932
6,3758.7,0.0932
6,3759.7,0.0932
6,3760.7,0.0887
6,3761.7,0.0932
6,3762.7,0.0889
6,3763.7,0.0889
6,3764.7,0.0932
6,3765.7,0.0887
6,3766.8,0.0932
6,3767.8,0.0889
6,3768.8,0.0887
6,3769.8,0.0887
6,3770.8,0.0889
6,3772.8,0.0887
6,3773.8,0.0889
6,3774.8,0.0887
6,3775.8,0.0887
6,3776.8,0.0889
6,3777.9,0.0887
6,3778.9,0.0887
6,3779.9,0.0887
6,3780.9,0.0887
6,3781.9,0.0887
6,3782.9,0.0896
6,3783.9,0.0887
6,3784.9,0.0887
6,3785.9,0.0898
6,3786.9,0.0889
6,3787.9,0.0887
6,3789,0.0898
6,3790,0.0889
6,3791,0.0898
6,3793,0.0898
6,3794,0.0898
6,3795,0.0898
6,3796,0.0898
6,3797,0.0898
6,3798,0.0898
6,3799,0.0898
6,3800,0.0898
6,3801,0.0898
6,3802,0.0898
6,3803,0.0898
6,3804.1,0.0898
6,3805.1,0.0898
6,3806.1,0.0898
6,3807.1,0.0898
6,3808.1,0.0898
6,3809.1,0.0898
6,3810.1,0.0898
6,3811.1,0.0898
6,3813.1,0.0898
6,3814.1,0.0898
6,3815.1,0.0898
6,3816.1,0.0898
6,3817.1,0.0898
6,3818.2,0.0896
6,3819.2,0.0898
6,3820.2,0.0898
6,3821.2,0.0898
6,3822.2,0.0896
6,3823.2,0.0898
6,3824.2,0.0898
6,3825.2,0.0898
6,3826.2,0.0898
6,3827.2,0.0898
6,3828.2,0.0898
6,3829.2,0.0898
6,3830.2,0.0898
6,3831.3,0.0898
6,3833.3,0.0898
6,3834.3,0.0898
6,3835.3,0.0898
6,3836.3,0.0898
6,3837.3,0.0898
6,3838.3,0.0898
6,3839.3,0.0898
6,3840.3,0.0898
6,3841.4,0.0898
6,3842.4,0.0898
6,3843.4,0.0898
6,3844.4,0.0898
6,3845.4,0.0898
6,3846.4,0.0898
6,3847.4,0.0898
6,3848.4,0.0898
6,3849.4,0.0898
6,3850.5,0.0898
6,3851.5,0.0898
6,3853.5,0.0898
6,3854.5,0.0898
6,3855.5,0.0898
6,3856.5,0.0898
6,3857.5,0.0898
6,3858.5,0.0898
6,3859.5,0.0898
6,3860.5,0.0898
6,3861.5,0.0898
6,3862.5,0.0898
6,3863.5,0.0898
6,3864.5,0.0898
6,3865.5,0.0898
6,3866.5,0.0898
6,3867.5,0.0898
6,3868.5,0.0898
6,3869.5,0.0898
6,3870.5,0.094
6,3872.5,0.0898
6,3873.5,0.0898
6,3874.5,0.0898
6,3875.5,0.0898
6,3876.5,0.0898
6,3877.5,0.0898
6,3878.6,0.0898
6,3879.6,0.0898
6,3880.6,0.0898
6,3881.6,0.094
6,3882.6,0.0898
6,3883.6,0.0898
6,3884.6,0.094
6,3885.6,0.0898
6,3886.6,0.0898
6,3887.6,0.094
6,3888.6,0.094
6,3889.6,0.094
6,3890.7,0.0898
6,3892.7,0.094
6,3893.7,0.094
6,3894.7,0.0898
6,3895.7,0.0898
6,3896.7,0.094
6,3897.7,0.094
6,3898.7,0.094
6,3899.7,0.094
6,3900.8,0.094
6,3901.8,0.094
6,3902.8,0.094
6,3903.8,0.094
6,3904.8,0.0898
6,3905.8,0.094
6,3906.8,0.094
6,3907.8,0.094
6,3908.8,0.0898
6,3909.9,0.094
6,3910.9,0.094
6,3912.9,0.094
6,3913.9,0.094
6,3914.9,0.094
6,3915.9,0.094
6,3916.9,0.094
6,3917.9,0.094
6,3918.9,0.094
6,3919.9,0.094
6,3920.9,0.094
6,3921.9,0.094
6,3922.9,0.094
6,3923.9,0.094
6,3924.9,0.094
6,3925.9,0.094
6,3926.9,0.094
6,3927.9,0.094
6,3928.9,0.094
6,3929.9,0.094
6,3930.9,0.094
6,3932.9,0.094
6,3933.9,0.094
6,3934.9,0.094
6,3935.9,0.094
6,3936.9,0.094
6,3937.9,0.094
6,3938.9,0.094
6,3940,0.094
6,3941,0.094
6,3942,0.094
6,3943,0.094
6,3944,0.094
6,3945,0.094
6,3946,0.094
6,3947,0.094
6,3948,0.094
6,3949,0.094
6,3950,0.094
6,3952,0.094
6,3953,0.094
6,3954,0.094
6,3955.1,0.094
6,3956.1,0.094
6,3957.1,0.094
6,3958.1,0.094
6,3959.1,0.094
6,3960.1,0.094
6,3961.1,0.094
6,3962.1,0.094
6,3963.1,0.094
6,3964.1,0.094
6,3965.1,0.094
6,3966.1,0.094
6,3967.1,0.094
6,3968.1,0.094
6,3969.1,0.094
6,3970.2,0.094
6,3972.2,0.094
6,3973.2,0.094
6,3974.2,0.094
6,3975.2,0.094
6,3976.2,0.094
6,3977.2,0.094
6,3978.2,0.094
6,3979.2,0.094
6,3980.2,0.094
6,3981.3,0.094
6,3982.3,0.094
6,3983.3,0.094
6,3984.3,0.094
6,3985.3,0.094
6,3986.3,0.094
6,3987.3,0.094
6,3988.3,0.094
6,3989.4,0.094
6,3990.4,0.094
6,3992.4,0.094
6,3993.4,0.094
6,3994.4,0.094
6,3995.4,0.094
6,3996.4,0.094
6,3997.4,0.094
6,3998.4,0.094
6,3999.4,0.094
6,4000.4,0.094
6,4001.4,0.094
6,4002.4,0.094
6,4003.4,0.094
6,4004.5,0.094
6,4005.5,0.094
6,4006.5,0.094
6,4007.5,0.094
6,4008.5,0.094
6,4009.5,0.094
6,4010.5,0.094
6,4012.5,0.094
6,4013.5,0.094
6,4014.5,0.094
6,4015.5,0.094
6,4016.5,0.094
6,4017.5,0.094
6,4018.5,0.094
6,4019.6,0.094
6,4020.6,0.094
6,4021.6,0.094
6,4022.6,0.094
6,4023.6,0.094
6,4024.6,0.094
6,4025.6,0.094
6,4026.6,0.094
6,4027.6,0.094
6,4028.6,0.094
6,4029.6,0.094
6,4030.7,0.094
6,4032.7,0.094
6,4033.7,0.094
6,4034.7,0.094
6,4035.7,0.094
6,4036.7,0.094
6,4037.7,0.094
6,4038.7,0.094
6,4039.7,0.094
6,4040.7,0.094
6,4041.7,0.094
6,4042.7,0.094
6,4043.8,0.094
6,4044.8,0.094
6,4045.8,0.094
6,4046.8,0.094
6,4047.8,0.094
6,4048.8,0.094
6,4049.8,0.094
6,4050.8,0.094
6,4052.8,0.094
6,4053.8,0.094
6,4054.8,0.094
6,4055.8,0.094
6,4056.8,0.094
6,4057.8,0.094
6,4058.9,0.094
6,4059.9,0.094
6,4060.9,0.094
6,4061.9,0.094
6,4062.9,0.094
6,4063.9,0.094
6,4064.9,0.094
6,4065.9,0.094
6,4066.9,0.094
6,4067.9,0.094
6,4069,0.094
6,4070,0.094
6,4071,0.094
6,4073,0.0983
6,4074,0.0983
6,4075,0.094
6,4076,0.094
6,4077,0.0983
6,4078,0.094
6,4079,0.094
6,4080,0.094
6,4081,0.094
6,4082,0.094
6,4083.1,0.094
6,4084.1,0.0983
6,4085.1,0.094
6,4086.1,0.094
6,4087.1,0.0983
6,4088.1,0.0983
6,4089.1,0.0983
6,4090.1,0.0983
6,4091.1,0.094
6,4093.1,0.0983
6,4094.1,0.0983
6,4095.1,0.0983
6,4096.1,0.0983
6,4097.2,0.0983
6,4098.2,0.094
6,4099.2,0.0983
6,4100.2,0.0983
6,4101.2,0.0983
6,4102.2,0.094
6,4103.2,0.094
6,4104.2,0.094
6,4105.2,0.0983
6,4106.2,0.0983
6,4107.2,0.0983
6,4108.2,0.0983
6,4109.3,0.0983
6,4110.3,0.0983
6,4111.3,0.0983
6,4113.3,0.0983
6,4114.3,0.0983
6,4115.3,0.0983
6,4116.3,0.0983
6,4117.3,0.0983
6,4118.3,0.094
6,4119.3,0.0983
6,4120.3,0.094
6,4121.3,0.094
6,4122.4,0.094
6,4123.4,0.0983
6,4124.4,0.0983
6,4125.4,0.0983
6,4126.4,0.0983
6,4127.4,0.0983
6,4128.4,0.0983
6,4129.4,0.0983
6,4130.4,0.0983
6,4131.4,0.0983
6,4133.4,0.0983
6,4134.5,0.0983
6,4135.5,0.0983
6,4136.5,0.0983
6,4137.5,0.0983
6,4138.5,0.0983
6,4139.5,0.0983
6,4140.5,0.0983
6,4141.5,0.0983
6,4142.5,0.0983
6,4143.5,0.0983
6,4144.5,0.0983
6,4145.5,0.0983
6,4146.5,0.0983
6,4147.5,0.0983
6,4148.5,0.0983
6,4149.5,0.0983
6,4150.5,0.0983
6,4151.5,0.0983
6,4153.5,0.0983
6,4154.5,0.0983
6,4155.5,0.0983
6,4156.5,0.0983
6,4157.5,0.0983
6,4158.5,0.0983
6,4159.5,0.0983
6,4160.5,0.0983
6,4161.5,0.0983
6,4162.6,0.0983
6,4163.6,0.0983
6,4164.6,0.0983
6,4165.6,0.0983
6,4166.6,0.0983
6,4167.6,0.0983
6,4168.6,0.0983
6,4169.6,0.0983
6,4170.6,0.0983
6,4171.6,0.0983
6,4173.6,0.0983
6,4174.6,0.0983
6,4175.6,0.0983
6,4176.6,0.0983
6,4177.6,0.0983
6,4178.6,0.0983
6,4179.6,0.0983
6,4180.6,0.0983
6,4181.6,0.0983
6,4182.6,0.0983
6,4183.6,0.0983
6,4184.6,0.0983
6,4185.6,0.0983
6,4186.6,0.0983
6,4187.6,0.0983
6,4188.6,0.0983
6,4189.6,0.0983
6,4190.7,0.0983
6,4192.7,0.0983
6,4193.7,0.0983
6,4194.7,0.0983
6,4195.7,0.0983
6,4196.7,0.0983
6,4197.7,0.0983
6,4198.7,0.0983
6,4199.7,0.0983
6,4200.7,0.0983
6,4201.7,0.0983
6,4202.7,0.0983
6,4203.7,0.0983
6,4204.7,0.0983
6,4205.7,0.0983
6,4206.8,0.0983
6,4207.8,0.0983
6,4208.8,0.0983
6,4209.8,0.0983
6,4211.8,0.0983
6,4212.8,0.0983
6,4213.8,0.094
6,4214.8,0.0983
6,4215.8,0.0983
6,4216.8,0.094
6,4217.8,0.094
6,4218.9,0.094
6,4219.9,0.0983
6,4220.9,0.094
6,4221.9,0.094
6,4222.9,0.0983
6,4223.9,0.0983
6,4224.9,0.0983
6,4225.9,0.0983
6,4226.9,0.0983
6,4227.9,0.0983
6,4228.9,0.0983
6,4229.9,0.094
6,4232,0.0983
6,4233,0.0983
6,4234,0.094
6,4235,0.0983
6,4236,0.094
6,4237,0.094
6,4238,0.094
6,4239,0.094
6,4240,0.094
6,4241,0.0983
6,4242,0.0983
6,4243,0.0983
6,4244,0.0983
6,4245,0.0983
6,4246.1,0.0983
6,4247.1,0.0983
6,4248.1,0.0983
6,4249.1,0.0983
6,4250.1,0.0983
6,4252.1,0.0983
6,4253.1,0.0983
6,4254.1,0.0983
6,4255.1,0.0983
6,4256.1,0.0983
6,4257.1,0.0983
6,4258.1,0.094
6,4259.1,0.094
6,4260.1,0.0983
6,4261.2,0.094
6,4262.2,0.094
6,4263.2,0.0983
6,4264.2,0.094
6,4265.2,0.0983
6,4266.2,0.0983
6,4267.2,0.0983
6,4268.2,0.0983
6,4269.2,0.0983
6,4270.2,0.0983
6,4272.2,0.0983
6,4273.2,0.0983
6,4274.3,0.0983
6,4275.3,0.0983
6,4276.3,0.0983
6,4277.3,0.0983
6,4278.3,0.0983
6,4279.3,0.094
6,4280.3,0.0983
6,4281.3,0.0983
6,4282.3,0.094
6,4283.3,0.0983
6,4284.3,0.094
6,4286.4,0.0983
4,4287.4,0.0983
4,4288.4,0.0981
4,4290.4,0.0983
4,4291.4,0.0939
4,4292.4,0.0983
4,4293.4,0.0983
4,4294.4,0.0939
4,4295.4,0.0983
4,4296.4,0.0939
4,4297.4,0.094
4,4298.4,0.0939
4,4299.4,0.0939
4,4300.4,0.0939
4,4301.4,0.0887
4,4302.5,0.093
4,4303.5,0.0887
4,4304.5,0.0966
4,4305.5,0.0913
4,4306.5,0.0957
4,4307.5,0.0913
4,4308.5,0.0904
4,4310.5,0.0904
4,4311.5,0.0836
4,4312.5,0.0896
4,4313.5,0.0836
4,4314.5,0.0896
4,4315.6,0.0896
4,4316.6,0.0896
4,4317.6,0.0896
4,4318.6,0.0896
4,4319.6,0.0896
4,4320.6,0.0896
4,4321.6,0.0896
4,4322.7,0.0811
4,4323.7,0.093
4,4324.7,0.0887
4,4325.7,0.0921
4,4326.7,0.0879
4,4327.7,0.087
4,4328.7,0.0913
4,4330.7,0.0828
4,4331.7,0.0836
4,4332.7,0.082
4,4333.7,0.0836
4,4334.7,0.082
4,4335.8,0.082
4,4336.8,0.0836
4,4337.8,0.082
4,4338.8,0.0836
4,4339.8,0.082
4,4340.8,0.0904
4,4341.8,0.082
4,4342.8,0.0811
4,4343.8,0.0811
4,4344.8,0.0811
4,4345.8,0.0803
4,4346.8,0.0803
4,4347.8,0.0836
4,4348.8,0.0879
4,4350.9,0.0794
4,4351.9,0.0828
4,4352.9,0.0828
4,4353.9,0.0828
4,4354.9,0.0828
4,4355.9,0.0828
4,4356.9,0.0828
4,4357.9,0.0828
4,4358.9,0.0828
4,4359.9,0.0828
4,4360.9,0.0828
4,4362,0.087
4,4363,0.0828
4,4364,0.082
4,4365,0.082
4,4366,0.0777
4,4367,0.0811
4,4368,0.0811
4,4369,0.0767
4,4371,0.0803
4,4372,0.0803
4,4373,0.0801
4,4374,0.0803
4,4375,0.0803
4,4376.1,0.0803
4,4377.1,0.0803
4,4378.1,0.0803
4,4379.1,0.0803
4,4380.1,0.0801
4,4381.1,0.0803
4,4382.1,0.075
4,4383.1,0.0836
4,4384.1,0.0794
4,4385.1,0.0786
4,4386.1,0.0828
4,4387.1,0.0784
4,4388.2,0.0741
4,4389.2,0.082
4,4391.2,0.0775
4,4392.2,0.0733
4,4393.2,0.0733
4,4394.2,0.0733
4,4395.2,0.0733
4,4396.2,0.0733
4,4397.2,0.0733
4,4398.2,0.0733
4,4399.2,0.0733
4,4400.2,0.0733
4,4401.3,0.0733
4,4402.3,0.0811
4,4403.3,0.0767
4,4404.3,0.0724
4,4405.3,0.0758
4,4406.3,0.0758
4,4407.3,0.0716
4,4408.3,0.075
4,4409.3,0.075
4,4411.3,0.075
4,4412.4,0.0707
4,4413.4,0.0707
4,4414.4,0.0707
4,4415.4,0.0707
4,4416.4,0.0707
4,4417.4,0.0707
4,4418.4,0.0699
4,4419.4,0.0699
4,4420.4,0.0699
4,4421.4,0.0699
4,4422.4,0.0784
4,4423.4,0.0741
4,4424.4,0.0699
4,4425.5,0.0735
4,4426.5,0.0733
4,4427.5,0.0733
4,4428.5,0.0682
4,4429.5,0.0724
4,4431.5,0.0724
4,4432.5,0.0724
4,4433.5,0.0724
4,4434.5,0.0724
4,4435.5,0.0724
4,4436.5,0.0724
4,4437.5,0.0682
4,4438.5,0.0682
4,4439.6,0.0682
4,4440.6,0.0682
4,4441.6,0.0682
4,4442.6,0.0673
4,4443.6,0.0716
4,4444.6,0.0673
4,4445.6,0.0665
4,4446.6,0.0707
4,4447.6,0.0707
4,4448.6,0.0665
4,4450.6,0.0656
4,4451.6,0.0656
4,4452.7,0.0699
4,4453.7,0.0699
4,4454.7,0.0656
4,4455.7,0.0741
4,4456.7,0.0699
4,4457.7,0.0656
4,4458.7,0.0699
4,4459.7,0.0699
4,4460.7,0.0741
4,4461.7,0.0699
4,4462.7,0.0699
4,4463.8,0.0656
4,4464.8,0.069
4,4465.8,0.069
4,4466.8,0.069
4,4467.8,0.0648
4,4468.8,0.0639
4,4470.8,0.0682
4,4471.8,0.0682
4,4472.8,0.0682
4,4473.9,0.0682
4,4474.9,0.0682
4,4475.9,0.0682
4,4476.9,0.0682
4,4477.9,0.0682
4,4478.9,0.0682
4,4479.9,0.0682
4,4480.9,0.0682
4,4481.9,0.0639
4,4482.9,0.0631
4,4483.9,0.0631
4,4485,0.0673
4,4486,0.0673
4,4487,0.0631
4,4488,0.0622
4,4489,0.0665
4,4491,0.0665
4,4492,0.0665
4,4493,0.0665
4,4494,0.0665
4,4495,0.0665
4,4496,0.0622
4,4497,0.0665
4,4498,0.0622
4,4499,0.0622
4,4500,0.0621
4,4501,0.0622
4,4502.1,0.0614
4,4503.1,0.0656
4,4504.1,0.0656
4,4505.1,0.0656
4,4506.1,0.0614
4,4507.1,0.0605
4,4508.1,0.069
4,4510.1,0.0648
4,4511.1,0.0648
4,4512.1,0.0648
4,4513.1,0.0648
4,4514.2,0.0648
4,4515.2,0.0648
4,4516.2,0.0648
4,4517.2,0.0648
4,4518.2,0.0648
4,4519.2,0.0648
4,4520.2,0.0648
4,4521.2,0.0605
4,4522.2,0.0597
4,4523.2,0.0597
4,4524.2,0.0639
4,4525.3,0.0639
4,4526.3,0.0639
4,4527.3,0.0597
4,4528.3,0.0588
4,4530.3,0.0631
4,4531.3,0.0631
4,4532.3,0.0631
4,4533.3,0.0631
4,4534.4,0.0631
4,4535.4,0.0631
4,4536.4,0.0631
4,4537.4,0.0631
4,4538.4,0.0631
4,4539.4,0.0631
4,4540.4,0.0631
4,4541.4,0.0631
4,4542.4,0.0587
4,4543.4,0.0587
4,4544.4,0.058
4,4545.4,0.0622
4,4546.4,0.0622
4,4547.4,0.0622
4,4548.4,0.0578
4,4550.4,0.058
4,4551.4,0.057
4,4552.4,0.057
4,4553.5,0.0614
4,4554.5,0.057
4,4555.5,0.057
4,4556.5,0.057
4,4557.5,0.0614
4,4558.5,0.0614
4,4559.5,0.057
4,4560.5,0.0614
4,4561.5,0.0656
4,4562.5,0.0656
4,4563.5,0.0614
4,4564.5,0.0614
4,4565.5,0.057
4,4566.6,0.0605
4,4567.6,0.0605
4,4568.6,0.0648
4,4570.6,0.0605
4,4571.6,0.0605
4,4572.6,0.0604
4,4573.6,0.0605
4,4574.6,0.0605
4,4575.6,0.0605
4,4576.6,0.0605
4,4577.6,0.0605
4,4578.6,0.0605
4,4579.6,0.0605
4,4580.6,0.0563
4,4581.7,0.0563
4,4582.7,0.0554
4,4583.7,0.0553
4,4584.7,0.0597
4,4585.7,0.0597
4,4586.7,0.0597
4,4587.7,0.0597
4,4589.7,0.0554
4,4590.7,0.0546
4,4591.7,0.0546
4,4592.7,0.0553
4,4593.7,0.0546
4,4594.7,0.0546
4,4595.7,0.0546
4,4596.8,0.0546
4,4597.8,0.0546
4,4598.8,0.0546
4,4599.8,0.051
4,4600.8,0.0546
4,4601.8,0.0546
4,4602.8,0.0588
4,4603.9,0.0588
4,4604.9,0.0588
4,4605.9,0.0544
4,4606.9,0.0536
4,4607.9,0.0546
4,4609.9,0.0546
4,4610.9,0.0536
4,4611.9,0.058
4,4612.9,0.0493
4,4613.9,0.058
4,4614.9,0.058
4,4615.9,0.0503
4,4616.9,0.0622
4,4617.9,0.0502
4,4618.9,0.058
4,4619.9,0.058
4,4620.9,0.058
4,4621.9,0.058
4,4622.9,0.058
4,4623.9,0.0536
4,4624.9,0.0536
4,4625.9,0.0536
4,4626.9,0.0529
4,4627.9,0.0529
4,4629.9,0.0571
4,4630.9,0.0571
4,4631.9,0.0571
4,4632.9,0.0571
4,4633.9,0.0571
4,4634.9,0.0571
4,4635.9,0.0571
4,4636.9,0.0571
4,4637.9,0.0571
4,4639,0.0571
4,4640,0.0571
4,4641,0.0571
4,4642,0.0571
4,4643,0.0571
4,4644,0.0529
4,4645,0.0529
4,4646,0.0519
4,4648,0.0519
4,4649,0.0563
4,4650,0.052
4,4651,0.0563
4,4652,0.0563
4,4653,0.0605
4,4654,0.0563
4,4655,0.0563
4,4656.1,0.0563
4,4657.1,0.0563
4,4658.1,0.0563
4,4659.1,0.0563
4,4660.1,0.0563
4,4661.1,0.0563
4,4662.1,0.0563
4,4663.1,0.0563
4,4664.1,0.0563
4,4665.1,0.0519
4,4666.1,0.051
4,4668.1,0.0512
4,4669.1,0.051
4,4670.1,0.051
4,4671.1,0.0512
4,4672.1,0.051
4,4673.1,0.0554
4,4674.2,0.051
4,4675.2,0.0554
4,4676.2,0.051
4,4677.2,0.0512
4,4678.2,0.0554
4,4679.2,0.0554
4,4680.2,0.0554
4,4681.2,0.0554
4,4682.2,0.0554
4,4683.2,0.0554
4,4684.2,0.0554
4,4685.2,0.0553
4,4687.2,0.0512
4,4688.2,0.051
4,4689.3,0.0512
4,4690.3,0.0502
4,4691.3,0.051
4,4692.3,0.051
4,4693.3,0.051
4,4694.3,0.0512
4,4695.3,0.051
4,4696.3,0.0503
4,4697.3,0.0512
4,4698.3,0.0493
4,4699.3,0.0503
4,4700.3,0.0544
4,4701.4,0.0546
4,4702.4,0.0546
4,4703.4,0.0546
4,4704.4,0.0546
4,4705.4,0.0546
4,4707.4,0.0546
4,4708.4,0.0546
4,4709.4,0.0546
4,4710.4,0.0546
4,4711.4,0.0546
4,4712.4,0.0546
4,4713.4,0.0546
4,4714.5,0.0546
4,4715.5,0.0546
4,4716.5,0.0503
4,4717.5,0.0546
4,4718.5,0.0493
4,4719.5,0.0503
4,4720.5,0.0493
4,4721.5,0.0493
4,4722.5,0.0493
4,4723.5,0.0536
4,4724.5,0.0537
4,4725.5,0.0537
4,4727.5,0.0536
4,4728.5,0.0536
4,4729.6,0.0537
4,4730.6,0.0536
4,4731.6,0.0536
4,4732.6,0.0536
4,4733.6,0.0537
4,4734.6,0.0536
4,4735.6,0.0536
4,4736.6,0.0536
4,4737.6,0.0537
4,4738.6,0.0537
4,4739.6,0.0537
4,4740.6,0.0537
4,4741.6,0.0536
4,4742.7,0.0493
4,4743.7,0.0493
4,4744.7,0.0493
4,4746.7,0.0485
4,4747.7,0.0485
4,4748.7,0.0486
4,4749.7,0.0486
4,4750.7,0.0529
4,4751.7,0.0485
4,4752.7,0.0485
4,4753.7,0.0485
4,4754.7,0.0485
4,4755.7,0.0529
4,4756.7,0.0486
4,4757.7,0.0485
4,4758.8,0.0527
4,4759.8,0.0527
4,4760.8,0.0571
4,4761.8,0.0529
4,4762.8,0.0529
4,4763.8,0.0529
4,4764.8,0.0529
4,4766.8,0.0529
4,4767.8,0.0529
4,4768.8,0.0529
4,4769.8,0.0529
4,4770.8,0.0529
4,4771.8,0.0529
4,4772.8,0.0529
4,4773.8,0.0529
4,4774.9,0.0527
4,4775.9,0.0529
4,4776.9,0.0529
4,4777.9,0.0529
4,4778.9,0.0529
4,4779.9,0.0529
4,4780.9,0.0483
4,4781.9,0.0485
4,4782.9,0.0481
4,4783.9,0.0486
4,4784.9,0.0476
4,4786.9,0.0476
4,4787.9,0.0476
4,4789,0.0469
4,4790,0.0468
4,4791,0.0468
4,4792,0.0468
4,4793,0.0519
4,4794,0.0468
4,4795,0.0468
4,4796,0.0519
4,4797,0.0476
4,4798,0.0476
4,4799,0.0519
4,4800,0.052
4,4801.1,0.0519
4,4802.1,0.052
4,4803.1,0.052
4,4804.1,0.0519
4,4805.1,0.0519
4,4807.1,0.0519
4,4808.1,0.0519
4,4809.1,0.0519
4,4810.1,0.0519
4,4811.1,0.0519
4,4812.2,0.0519
4,4813.2,0.0519
4,4814.2,0.0519
4,4815.2,0.0519
4,4816.2,0.0519
4,4817.2,0.0519
4,4818.2,0.0519
4,4819.2,0.052
4,4820.2,0.0519
4,4821.2,0.0519
4,4822.2,0.052
4,4823.2,0.0476
4,4824.3,0.0476
4,4825.3,0.0476
4,4827.3,0.0476
4,4828.3,0.0476
4,4829.3,0.0468
4,4830.3,0.0468
4,4831.3,0.0468
4,4832.3,0.0434
4,4833.3,0.0468
4,4834.3,0.0466
4,4835.3,0.0468
4,4836.3,0.0468
4,4837.3,0.0468
4,4838.4,0.0476
4,4839.4,0.0468
4,4840.4,0.0468
4,4841.4,0.0512
4,4842.4,0.0468
4,4843.4,0.051
4,4844.4,0.051
4,4846.4,0.051
4,4847.4,0.0512
4,4848.4,0.0512
4,4849.4,0.0512
4,4850.4,0.051
4,4851.4,0.0512
4,4852.5,0.0512
4,4853.5,0.0512
4,4854.5,0.051
4,4855.5,0.051
4,4856.5,0.0512
4,4857.5,0.051
4,4858.5,0.051
4,4859.5,0.051
4,4860.5,0.051
4,4861.5,0.0512
4,4862.5,0.051
4,4863.5,0.0512
4,4864.5,0.051
4,4866.5,0.051
4,4867.6,0.051
4,4868.6,0.051
4,4869.6,0.051
4,4870.6,0.051
4,4871.6,0.051
4,4872.6,0.051
4,4873.6,0.051
4,4874.6,0.051
4,4875.6,0.051
4,4876.6,0.051
4,4877.6,0.051
4,4878.7,0.051
4,4879.7,0.051
4,4880.7,0.0468
4,4881.7,0.051
4,4882.7,0.0468
4,4883.7,0.0468
4,4884.7,0.0468
4,4886.7,0.0468
4,4887.7,0.0459
4,4888.7,0.0468
4,4889.7,0.0468
4,4890.7,0.0459
4,4891.8,0.0466
4,4892.8,0.0468
4,4893.8,0.0459
4,4894.8,0.0468
4,4895.8,0.0468
4,4896.8,0.0454
4,4897.8,0.0468
4,4898.8,0.0468
4,4899.8,0.0383
4,4900.8,0.0468
4,4901.8,0.0459
4,4902.8,0.0459
4,4903.9,0.0459
4,4904.9,0.0459
4,4906.9,0.0459
4,4907.9,0.0493
4,4908.9,0.0459
4,4909.9,0.0459
4,4910.9,0.0503
4,4911.9,0.0459
4,4912.9,0.0459
4,4913.9,0.0503
4,4914.9,0.0459
4,4915.9,0.0459
4,4916.9,0.0503
4,4917.9,0.0493
4,4919,0.0502
4,4920,0.0459
4,4921,0.0502
4,4922,0.0493
4,4923,0.0502
4,4924,0.0493
4,4925,0.0502
4,4927,0.0493
4,4928,0.0495
4,4929,0.0502
4,4930,0.0502
4,4931,0.0502
4,4932.1,0.0503
4,4933.1,0.0502
4,4934.1,0.0502
4,4935.1,0.0502
4,4936.1,0.0503
4,4937.1,0.0502
4,4938.1,0.0493
4,4939.1,0.0502
4,4940.1,0.0495
4,4941.1,0.0502
4,4942.1,0.0502
4,4943.1,0.0502
4,4944.1,0.0502
4,4945.2,0.0503
4,4947.2,0.0502
4,4948.2,0.0498
4,4949.2,0.0502
4,4950.2,0.0502
4,4951.2,0.0503
4,4952.2,0.0502
4,4953.2,0.0502
4,4954.2,0.0502
4,4955.2,0.0502
4,4956.2,0.0503
4,4957.2,0.0502
4,4958.3,0.0459
4,4959.3,0.0502
4,4960.3,0.0459
4,4961.3,0.0502
4,4962.3,0.0493
4,4963.3,0.0459
4,4964.3,0.0493
4,4965.3,0.0459
4,4967.4,0.0459
4,4968.4,0.0495
4,4969.4,0.0459
4,4970.4,0.0459
4,4971.4,0.0503
4,4972.4,0.0459
4,4973.4,0.0459
4,4974.4,0.0502
4,4975.5,0.0459
4,4976.5,0.0459
4,4977.5,0.0502
4,4978.5,0.0495
4,4979.5,0.0459
4,4980.5,0.0493
4,4981.5,0.0459
4,4982.5,0.0451
4,4983.5,0.0459
4,4984.5,0.0451
4,4985.5,0.0459
4,4987.5,0.0459
4,4988.5,0.0451
4,4989.6,0.0451
4,4990.6,0.0459
4,4991.6,0.0451
4,4992.6,0.0451
4,4993.6,0.0459
4,4994.6,0.0451
4,4995.6,0.0459
4,4996.6,0.0459
4,4997.6,0.0451
4,4998.6,0.0459
4,4999.6,0.0451
4,5000.6,0.0451
4,5001.7,0.0451
4,5002.7,0.0451
4,5003.7,0.0451
4,5004.7,0.0493
4,5005.7,0.0451
4,5007.7,0.0451
4,5008.7,0.0451
4,5009.7,0.0493
4,5010.7,0.0451
4,5011.7,0.0451
4,5012.7,0.0493
4,5013.7,0.0451
4,5014.7,0.0451
4,5015.7,0.0493
4,5016.8,0.0451
4,5017.8,0.0493
4,5018.8,0.0451
4,5019.8,0.0493
4,5020.8,0.0451
4,5021.8,0.0493
4,5022.8,0.0493
4,5023.8,0.0493
4,5024.8,0.0493
4,5025.8,0.0451
4,5027.8,0.0493
4,5028.8,0.0493
4,5029.9,0.0536
4,5030.9,0.0451
4,5031.9,0.0493
4,5032.9,0.0493
4,5033.9,0.0493
4,5034.9,0.0493
4,5035.9,0.0493
4,5036.9,0.0493
4,5037.9,0.0493
4,5038.9,0.0493
4,5039.9,0.0493
4,5040.9,0.0493
4,5042,0.0451
4,5043,0.0493
4,5044,0.0493
4,5045,0.0493
4,5046,0.0493
4,5048,0.0493
4,5049,0.0493
4,5050,0.0493
4,5051,0.0493
4,5052,0.0493
4,5053,0.0493
4,5054,0.0493
4,5055,0.0493
4,5056.1,0.0493
4,5057.1,0.0493
4,5058.1,0.0493
4,5059.1,0.0493
4,5060.1,0.0493
4,5061.1,0.0493
4,5062.1,0.0493
4,5063.1,0.0493
4,5064.1,0.0493
4,5065.1,0.0493
4,5066.2,0.0493
4,5068.2,0.0493
4,5069.2,0.0493
4,5070.2,0.0493
4,5071.2,0.0493
4,5072.2,0.0493
4,5073.2,0.0493
4,5074.2,0.0493
4,5075.2,0.0493
4,5076.2,0.0493
4,5077.2,0.0493
4,5078.3,0.0493
4,5079.3,0.0493
4,5080.3,0.0493
4,5081.3,0.0493
4,5082.3,0.0493
4,5083.3,0.0493
4,5084.3,0.0493
4,5085.3,0.0493
4,5086.3,0.0493
4,5088.4,0.0493
4,5089.4,0.0493
4,5090.4,0.0493
4,5091.4,0.0493
4,5092.4,0.0493
4,5093.4,0.0493
4,5094.4,0.0493
4,5095.4,0.0493
4,5096.4,0.0493
4,5097.4,0.0493
4,5098.4,0.0493
4,5099.4,0.0493
4,5100.5,0.0493
4,5101.5,0.0493
4,5102.5,0.0493
4,5103.5,0.0493
4,5104.5,0.0493
4,5105.5,0.0493
4,5106.5,0.0493
4,5108.5,0.0493
4,5109.6,0.0451
4,5110.6,0.0493
4,5111.6,0.0495
4,5112.6,0.0451
4,5113.6,0.0495
4,5114.6,0.0493
4,5115.6,0.0451
4,5116.6,0.0495
4,5117.6,0.0495
4,5118.6,0.0451
4,5119.6,0.0451
4,5120.6,0.0493
4,5121.6,0.0493
4,5122.6,0.0493
4,5123.7,0.0451
4,5124.7,0.0493
4,5125.7,0.0451
4,5126.7,0.0493
4,5128.7,0.0493
4,5129.7,0.0452
4,5130.7,0.0495
4,5131.7,0.0495
4,5132.7,0.0451
4,5133.7,0.0493
4,5134.7,0.0495
4,5135.7,0.0451
4,5136.8,0.0493
4,5137.8,0.0493
4,5138.8,0.0493
4,5139.8,0.0451
4,5140.8,0.0493
4,5141.8,0.0451
4,5142.8,0.0451
4,5143.8,0.0493
4,5144.8,0.0493
4,5145.8,0.0495
4,5147.8,0.0451
4,5148.9,0.0493
4,5149.9,0.0451
4,5150.9,0.0493
4,5151.9,0.0451
4,5152.9,0.0451
4,5153.9,0.0493
4,5154.9,0.0493
4,5155.9,0.0451
4,5156.9,0.0493
4,5157.9,0.0451
4,5158.9,0.0493
4,5159.9,0.0452
4,5161,0.0451
4,5162,0.0493
4,5163,0.0493
4,5164,0.0451
4,5165,0.0451
4,5166,0.0495
4,5168,0.0451
4,5169,0.0493
4,5170,0.0451
4,5171,0.0451
4,5172,0.0493
4,5173,0.0451
4,5174,0.0451
4,5175,0.0493
4,5176,0.0451
4,5177,0.0451
4,5178,0.0451
4,5179.1,0.0493
4,5180.1,0.0493
4,5181.1,0.0451
4,5182.1,0.0493
4,5183.1,0.0451
4,5184.1,0.0493
4,5186.1,0.0451
4,5187.1,0.0451
4,5188.1,0.0451
4,5189.1,0.0495
4,5190.1,0.0451
4,5191.1,0.0451
4,5192.1,0.0495
4,5193.1,0.0451
4,5194.1,0.0451
4,5195.1,0.0495
4,5196.1,0.0451
4,5197.2,0.0451
4,5198.2,0.0491
4,5199.2,0.0451
4,5200.2,0.0451
4,5201.2,0.0451
4,5202.2,0.0451
4,5203.2,0.0451
4,5205.2,0.0451
4,5206.2,0.0451
4,5207.2,0.0451
4,5208.2,0.0495
4,5209.2,0.0451
4,5210.2,0.0451
4,5211.3,0.0495
4,5212.3,0.0451
4,5213.3,0.0451
4,5214.3,0.0495
4,5215.3,0.0451
4,5216.3,0.0451
4,5217.3,0.0495
4,5218.3,0.0493
4,5219.3,0.0451
4,5220.3,0.0451
4,5221.3,0.0451
4,5222.3,0.0493
4,5223.4,0.0451
4,5225.4,0.0451
4,5226.4,0.0493
4,5227.4,0.0451
4,5228.4,0.0493
4,5229.4,0.0493
4,5230.4,0.0451
4,5231.4,0.0493
4,5232.4,0.0493
4,5233.4,0.0451
4,5234.4,0.0493
4,5235.5,0.0493
4,5236.5,0.0493
4,5237.5,0.0451
4,5238.5,0.0451
4,5239.5,0.0495
4,5240.5,0.0493
4,5241.5,0.0451
4,5242.5,0.0451
4,5243.5,0.0495
4,5245.5,0.0493
4,5246.5,0.0451
4,5247.5,0.0495
4,5248.6,0.0451
4,5249.6,0.0451
4,5250.6,0.0495
4,5251.6,0.0451
4,5252.6,0.0451
4,5253.6,0.0495
4,5254.6,0.0451
4,5255.6,0.0451
4,5256.6,0.0451
4,5257.7,0.0493
4,5258.7,0.0451
4,5259.7,0.0451
4,5260.7,0.0451
4,5261.7,0.0451
4,5262.7,0.0493
4,5263.7,0.0495
4,5265.7,0.0451
4,5266.7,0.0493
4,5267.7,0.0451
4,5268.7,0.0451
4,5269.7,0.0495
4,5270.7,0.0452
4,5271.8,0.0451
4,5272.8,0.0495
4,5273.8,0.0451
4,5274.8,0.0451
4,5275.8,0.0451
4,5276.8,0.0493
4,5277.8,0.0451
4,5278.8,0.0452
4,5279.8,0.0495
4,5280.8,0.0493
4,5281.9,0.0451
4,5282.9,0.0451
4,5283.9,0.0451
4,5285.9,0.0493
4,5286.9,0.0451
4,5287.9,0.0495
4,5288.9,0.0451
4,5289.9,0.0452
4,5290.9,0.0495
4,5291.9,0.0451
4,5292.9,0.0451
4,5294,0.0493
4,5295,0.0451
4,5296,0.0451
4,5297,0.0451
4,5298,0.0451
4,5299,0.0451
4,5300,0.0451
4,5301,0.0451
4,5302,0.0451
4,5303.1,0.0451
4,5304.1,0.0451
4,5306.1,0.0451
4,5307.1,0.0495
4,5308.1,0.0452
4,5309.1,0.0451
4,5310.1,0.0495
4,5311.1,0.0451
4,5312.1,0.0451
4,5313.1,0.0495
4,5314.1,0.0451
4,5315.1,0.0451
4,5316.1,0.0493
4,5317.1,0.0495
4,5318.2,0.0495
4,5319.2,0.0451
4,5320.2,0.0495
4,5321.2,0.0491
4,5322.2,0.0451
4,5323.2,0.0493
4,5324.2,0.0495
4,5326.2,0.0451
4,5327.2,0.0451
4,5328.2,0.0451
4,5329.2,0.0495
4,5330.2,0.0452
4,5331.2,0.0451
4,5332.2,0.0495
4,5333.3,0.0495
4,5334.3,0.0442
4,5335.3,0.0493
4,5336.3,0.0451
4,5337.3,0.0493
4,5338.3,0.0451
4,5339.3,0.0451
4,5340.3,0.0451
4,5341.3,0.0493
4,5342.3,0.0452
4,5343.3,0.0452
4,5344.3,0.0451
4,5346.4,0.0495
4,5347.4,0.0451
4,5348.4,0.0495
4,5349.4,0.0451
4,5350.4,0.0452
4,5351.4,0.0495
4,5352.4,0.0451
4,5353.4,0.0451
4,5354.4,0.0495
4,5355.4,0.0452
4,5356.4,0.0493
4,5357.4,0.0452
4,5358.4,0.0451
4,5359.4,0.0493
4,5360.4,0.0451
4,5361.5,0.0451
4,5362.5,0.0495
4,5363.5,0.0451
4,5364.5,0.0452
4,5366.5,0.0493
4,5367.5,0.0451
4,5368.5,0.0495
4,5369.5,0.0452
4,5370.5,0.0451
6,5371.5,0.0495
6,5372.5,0.0452
6,5373.5,0.0452
6,5374.5,0.0495
6,5375.5,0.0451
6,5376.5,0.0495
6,5377.5,0.0451
6,5378.6,0.0451
6,5379.6,0.0493
6,5380.6,0.0493
6,5381.6,0.0451
6,5382.6,0.0503
6,5383.6,0.0493
6,5384.6,0.0512
6,5386.6,0.0469
6,5387.6,0.0476
6,5388.6,0.0476
6,5389.6,0.0519
6,5390.6,0.052
6,5391.6,0.052
6,5392.6,0.0519
6,5393.6,0.052
6,5394.6,0.052
6,5395.7,0.0519
6,5396.7,0.052
6,5397.7,0.052
6,5398.7,0.0529
6,5399.7,0.0486
6,5400.7,0.0537
6,5401.7,0.0459
6,5402.7,0.0546
6,5403.8,0.0503
6,5404.8,0.0554
6,5406.8,0.0512
6,5407.8,0.0512
6,5408.8,0.0478
6,5409.8,0.052
6,5410.8,0.052
6,5411.8,0.052
6,5412.8,0.052
6,5413.8,0.052
6,5414.8,0.052
6,5415.8,0.0563
6,5416.8,0.052
6,5417.8,0.0563
6,5418.8,0.0529
6,5419.8,0.0571
6,5420.8,0.0529
6,5421.8,0.058
6,5422.8,0.058
6,5423.8,0.0546
6,5424.8,0.0588
6,5426.8,0.0546
6,5427.8,0.0554
6,5428.8,0.0554
6,5429.8,0.0554
6,5430.9,0.0597
6,5431.9,0.0597
6,5432.9,0.0597
6,5433.9,0.0597
6,5434.9,0.0597
6,5435.9,0.0597
6,5436.9,0.0597
6,5437.9,0.0597
6,5438.9,0.0605
6,5439.9,0.0648
6,5440.9,0.0563
6,5441.9,0.0614
6,5442.9,0.0656
6,5444,0.058
6,5446,0.0622
6,5447,0.0622
6,5448,0.0622
6,5449,0.0622
6,5450,0.0622
6,5451,0.0622
6,5452,0.058
6,5453,0.0622
6,5454,0.0622
6,5455,0.058
6,5456.1,0.0622
6,5457.1,0.0588
6,5458.1,0.0631
6,5459.1,0.0588
6,5460.1,0.0597
6,5461.1,0.0639
6,5462.1,0.0597
6,5463.1,0.0605
6,5464.1,0.0648
6,5466.1,0.0648
6,5467.1,0.0614
6,5468.1,0.0605
6,5469.1,0.0614
6,5470.2,0.0614
6,5471.2,0.0614
6,5472.2,0.0614
6,5473.2,0.0614
6,5474.2,0.0614
6,5475.2,0.0614
6,5476.2,0.0614
6,5477.2,0.0656
6,5478.2,0.07
6,5479.2,0.0614
6,5480.2,0.0666
6,5481.2,0.0666
6,5482.2,0.0622
6,5483.3,0.0673
6,5484.3,0.0673
6,5486.3,0.0631
6,5487.3,0.0597
6,5488.3,0.0631
6,5489.3,0.0631
6,5490.3,0.0597
6,5491.3,0.0639
6,5492.3,0.0639
6,5493.3,0.0639
6,5494.4,0.0639
6,5495.4,0.0639
6,5496.4,0.0631
6,5497.4,0.0683
6,5498.4,0.0683
6,5499.4,0.0639
6,5500.4,0.0649
6,5501.4,0.0692
6,5502.4,0.0692
6,5503.4,0.0648
6,5504.4,0.07
6,5506.5,0.07
6,5507.5,0.07
6,5508.5,0.07
6,5509.5,0.07
6,5510.5,0.07
6,5511.5,0.07
6,5512.5,0.07
6,5513.5,0.07
6,5514.5,0.0743
6,5515.5,0.0743
6,5516.5,0.0656
6,5517.5,0.0656
6,5518.5,0.0665
6,5519.5,0.0709
6,5520.5,0.0709
6,5521.5,0.0666
6,5522.6,0.0675
6,5523.6,0.0717
6,5524.6,0.0717
6,5526.6,0.0675
6,5527.6,0.0639
6,5528.6,0.0639
6,5529.6,0.0639
6,5530.6,0.0639
6,5531.6,0.0683
6,5532.6,0.0683
6,5533.6,0.0683
6,5534.7,0.0683
6,5535.7,0.0682
6,5536.7,0.0683
6,5537.7,0.0726
6,5538.7,0.0726
6,5539.7,0.0726
6,5540.7,0.0683
6,5541.7,0.069
6,5542.7,0.0735
6,5543.7,0.0735
6,5544.7,0.0777
6,5546.7,0.0692
6,5547.8,0.07
6,5548.8,0.07
6,5549.8,0.07
6,5550.8,0.07
6,5551.8,0.07
6,5552.8,0.07
6,5553.8,0.07
6,5554.8,0.07
6,5555.8,0.0743
6,5556.8,0.07
6,5557.8,0.0743
6,5558.8,0.0743
6,5559.9,0.07
6,5560.9,0.07
6,5561.9,0.0709
6,5562.9,0.0752
6,5563.9,0.0752
6,5564.9,0.0709
6,5566.9,0.0709
6,5567.9,0.0673
6,5568.9,0.0709
6,5569.9,0.0673
6,5571,0.0717
6,5572,0.0709
6,5573,0.0717
6,5574,0.0717
6,5575,0.0717
6,5576,0.0717
6,5577,0.0717
6,5578,0.076
6,5579,0.076
6,5580,0.076
6,5581,0.0717
6,5582,0.0717
6,5583,0.0726
6,5584.1,0.0769
6,5585.1,0.0769
6,5587.1,0.0769
6,5588.1,0.0769
6,5589.1,0.0726
6,5590.1,0.0726
6,5591.1,0.0726
6,5592.1,0.0769
6,5593.1,0.0726
6,5594.1,0.0726
6,5595.1,0.0726
6,5596.1,0.0726
6,5597.1,0.0726
6,5598.2,0.0735
6,5599.2,0.0777
6,5600.2,0.0777
6,5601.2,0.0777
6,5602.2,0.0735
6,5603.2,0.0735
6,5604.2,0.0743
6,5606.2,0.0786
6,5607.2,0.0786
6,5608.2,0.0786
6,5609.2,0.0786
6,5610.2,0.0786
6,5611.3,0.0786
6,5612.3,0.0786
6,5613.3,0.0786
6,5614.3,0.0786
6,5615.3,0.0786
6,5616.3,0.0786
6,5617.3,0.0786
6,5618.3,0.0786
6,5619.3,0.0828
6,5620.3,0.0743
6,5621.3,0.0752
6,5622.3,0.0752
6,5623.3,0.0794
6,5624.3,0.0794
6,5626.4,0.0794
6,5627.4,0.0794
6,5628.4,0.0794
6,5629.4,0.0794
6,5630.4,0.0794
6,5631.4,0.0794
6,5632.4,0.0794
6,5633.4,0.0752
6,5634.4,0.0752
6,5635.4,0.0752
6,5636.4,0.0794
6,5637.4,0.0752
6,5638.4,0.076
6,5639.5,0.076
6,5640.5,0.0803
6,5641.5,0.0803
6,5642.5,0.0803
6,5643.5,0.0803
6,5644.5,0.076
6,5646.5,0.0769
6,5647.5,0.0769
6,5648.5,0.0769
6,5649.5,0.0769
6,5650.5,0.0769
6,5651.6,0.0769
6,5652.6,0.0769
6,5653.6,0.0769
6,5654.6,0.0769
6,5655.6,0.0769
6,5656.6,0.0769
6,5657.6,0.0811
6,5658.6,0.0811
6,5659.6,0.0811
6,5660.7,0.0811
6,5661.7,0.0811
6,5662.7,0.0769
6,5663.7,0.0777
6,5664.7,0.0777
6,5666.7,0.0777
6,5667.7,0.082
6,5668.7,0.082
6,5669.7,0.082
6,5670.7,0.082
6,5671.7,0.082
6,5672.7,0.082
6,5673.7,0.082
6,5674.7,0.082
6,5675.7,0.082
6,5676.7,0.082
6,5677.7,0.082
6,5678.7,0.082
6,5679.7,0.082
6,5680.7,0.082
6,5681.7,0.0777
6,5682.7,0.0786
6,5683.7,0.0786
6,5684.7,0.0828
6,5686.7,0.0828
6,5687.7,0.0828
6,5688.7,0.0828
6,5689.7,0.0828
6,5690.7,0.0828
6,5691.7,0.0828
6,5692.7,0.0828
6,5693.7,0.0828
6,5694.7,0.0828
6,5695.7,0.0828
6,5696.8,0.0828
6,5697.8,0.0828
6,5698.8,0.0872
6,5699.8,0.087
6,5700.8,0.0828
6,5701.8,0.0786
6,5702.8,0.0794
6,5703.8,0.0794
6,5704.8,0.0794
6,5706.8,0.0836
6,5707.8,0.0794
6,5708.8,0.0794
6,5709.8,0.0794
6,5710.8,0.0794
6,5711.8,0.0836
6,5712.8,0.0794
6,5713.9,0.0836
6,5714.9,0.0794
6,5715.9,0.0794
6,5716.9,0.0794
6,5717.9,0.0836
6,5718.9,0.0794
6,5719.9,0.0836
6,5720.9,0.0836
6,5721.9,0.0794
6,5722.9,0.0803
6,5723.9,0.0803
6,5724.9,0.0803
6,5726.9,0.0803
6,5727.9,0.0803
6,5728.9,0.0803
6,5729.9,0.0803
6,5730.9,0.0803
6,5732,0.0803
6,5733,0.0803
6,5734,0.0803
6,5735,0.0803
6,5736,0.0803
6,5737,0.0803
6,5738,0.0803
6,5739,0.0803
6,5740,0.0803
6,5741,0.0803
6,5742,0.0803
6,5743,0.0803
6,5744.1,0.0803
6,5745.1,0.0811
6,5747.1,0.0811
6,5748.1,0.0811
6,5749.1,0.0811
6,5750.1,0.0811
6,5751.1,0.0811
6,5752.1,0.0811
6,5753.1,0.0811
6,5754.1,0.0811
6,5755.1,0.0811
6,5756.2,0.0811
6,5757.2,0.0811
6,5758.2,0.0811
6,5759.2,0.0811
6,5760.2,0.0811
6,5761.2,0.0811
6,5762.2,0.0811
6,5763.2,0.0811
6,5764.2,0.0811
6,5765.2,0.0811
6,5767.2,0.0811
6,5768.2,0.082
6,5769.2,0.082
6,5770.3,0.082
6,5771.3,0.082
6,5772.3,0.0821
6,5773.3,0.082
6,5774.3,0.082
6,5775.3,0.0821
6,5776.3,0.082
6,5777.3,0.082
6,5778.3,0.082
6,5779.3,0.0821
6,5780.3,0.082
6,5781.3,0.082
6,5782.4,0.0836
6,5783.4,0.082
6,5784.4,0.0906
6,5785.4,0.0906
6,5787.4,0.0906
6,5788.4,0.0906
6,5789.4,0.0906
6,5790.4,0.0836
6,5791.4,0.082
6,5792.4,0.082
6,5793.4,0.082
6,5794.4,0.0836
6,5795.4,0.082
6,5796.4,0.0836
6,5797.5,0.0836
6,5798.5,0.082
6,5799.5,0.082
6,5800.5,0.0828
6,5801.5,0.0828
6,5802.5,0.0828
6,5803.5,0.0828
6,5804.5,0.087
6,5805.5,0.0872
6,5807.5,0.087
6,5808.5,0.087
6,5809.6,0.0872
6,5810.6,0.0872
6,5811.6,0.0872
6,5812.6,0.087
6,5813.6,0.087
6,5814.6,0.0872
6,5815.6,0.087
6,5816.6,0.0872
6,5817.6,0.087
6,5818.6,0.0915
6,5819.6,0.0915
6,5820.6,0.0915
6,5821.6,0.0915
6,5822.7,0.0915
6,5823.7,0.087
6,5824.7,0.087
6,5825.7,0.0828
6,5827.7,0.0828
6,5828.7,0.0836
6,5829.7,0.0828
6,5830.7,0.0828
6,5831.7,0.0836
6,5832.7,0.0836
6,5833.7,0.0836
6,5834.7,0.0836
6,5835.7,0.0836
6,5836.7,0.0836
6,5837.8,0.0828
6,5838.8,0.0836
6,5839.8,0.0828
6,5840.8,0.0881
6,5841.8,0.0881
6,5842.8,0.0881
6,5843.8,0.0881
6,5844.8,0.0881
6,5845.8,0.0881
6,5847.8,0.0881
6,5848.8,0.0881
6,5849.8,0.0881
6,5850.8,0.0881
6,5851.9,0.0881
6,5852.9,0.0881
6,5853.9,0.0881
6,5854.9,0.0881
6,5855.9,0.0881
6,5856.9,0.0881
6,5857.9,0.0881
6,5858.9,0.0923
6,5859.9,0.0881
6,5860.9,0.0881
6,5862,0.0881
6,5863,0.0881
6,5864,0.0836
6,5865,0.0803
6,5866,0.0836
6,5868,0.0803
6,5869,0.0803
6,5870,0.0836
6,5871,0.0836
6,5872,0.0803
6,5873,0.0836
6,5874.1,0.0836
6,5875.1,0.0803
6,5876.1,0.0836
6,5877.1,0.0803
6,5878.1,0.0803
6,5879.1,0.0803
6,5880.1,0.0803
6,5881.1,0.0889
6,5882.1,0.0889
6,5883.1,0.0889
6,5884.1,0.0889
6,5885.1,0.0889
6,5886.1,0.0889
6,5888.2,0.0889
6,5889.2,0.0889
6,5890.2,0.0889
6,5891.2,0.0889
6,5892.2,0.0887
6,5893.2,0.0889
6,5894.2,0.0889
6,5895.2,0.0889
6,5896.2,0.0889
6,5897.2,0.0887
6,5898.2,0.0887
6,5899.2,0.0889
6,5900.3,0.0889
6,5901.3,0.0887
6,5902.3,0.0889
6,5903.3,0.0811
6,5904.3,0.0811
6,5905.3,0.0811
6,5906.3,0.0811
6,5908.3,0.0811
6,5909.3,0.0811
6,5910.3,0.0811
6,5911.3,0.0811
6,5912.3,0.0811
6,5913.3,0.0811
6,5914.3,0.0811
6,5915.3,0.0811
6,5916.3,0.0811
6,5917.3,0.0811
6,5918.3,0.0811
6,5919.3,0.0811
6,5920.4,0.0811
6,5921.4,0.0811
6,5922.4,0.0898
6,5923.4,0.0898
6,5924.4,0.0898
6,5925.4,0.0898
6,5926.4,0.0898
6,5928.4,0.0898
6,5929.4,0.0898
6,5930.4,0.0898
6,5931.5,0.0898
6,5932.5,0.0898
6,5933.5,0.0898
6,5934.5,0.0898
6,5935.5,0.0898
6,5936.5,0.0898
6,5937.5,0.0898
6,5938.5,0.0898
6,5939.5,0.0898
6,5940.5,0.0898
6,5941.5,0.0898
6,5942.5,0.0898
6,5943.5,0.0898
6,5944.6,0.0898
6,5945.6,0.0898
6,5946.6,0.0898
6,5948.6,0.0898
6,5949.6,0.082
6,5950.6,0.082
6,5951.6,0.082
6,5952.6,0.082
6,5953.6,0.082
6,5954.6,0.082
6,5955.6,0.082
6,5956.6,0.082
6,5957.6,0.082
6,5958.6,0.082
6,5959.6,0.082
6,5960.6,0.082
6,5961.6,0.0836
6,5962.7,0.082
6,5963.7,0.0836
6,5964.7,0.082
6,5965.7,0.0836
6,5967.7,0.0836
6,5968.7,0.082
6,5969.7,0.0836
6,5970.7,0.0906
6,5971.7,0.082
6,5972.7,0.0906
6,5973.7,0.0906
6,5974.7,0.0836
6,5975.8,0.0906
6,5976.8,0.0906
6,5977.8,0.0906
6,5978.8,0.0906
6,5979.8,0.0906
6,5980.8,0.0906
6,5981.8,0.0906
6,5982.8,0.0906
6,5983.8,0.0906
6,5984.8,0.0906
6,5985.9,0.0906
6,5987.9,0.0906
6,5988.9,0.0906
6,5989.9,0.0906
6,5990.9,0.0906
6,5991.9,0.0906
6,5992.9,0.0906
6,5993.9,0.0906
6,5994.9,0.0906
6,5995.9,0.0906
6,5996.9,0.0906
6,5998,0.0906
6,5999,0.0906
6,6000,0.0906
6,6001,0.0949
6,6002,0.0949
6,6003,0.0949
6,6004,0.0949
6,6005,0.0949
6,6006,0.0949
6,6008,0.0949
6,6009,0.0906
6,6010,0.0906
6,6011,0.0906
6,6012,0.0906
6,6013,0.0906
6,6014,0.0906
6,6015,0.0906
6,6016,0.0906
6,6017,0.0906
6,6018,0.0904
6,6019,0.0906
6,6020,0.0906
6,6021,0.0906
6,6022.1,0.0828
6,6023.1,0.087
6,6024.1,0.087
6,6025.1,0.087
6,6027.1,0.087
6,6028.1,0.087
6,6029.1,0.0872
6,6030.1,0.087
6,6031.1,0.087
6,6032.1,0.0872
6,6033.1,0.087
6,6034.1,0.087
6,6035.1,0.087
6,6036.1,0.087
6,6037.1,0.087
6,6038.1,0.087
6,6039.2,0.0872
6,6040.2,0.087
6,6041.2,0.0872
6,6042.2,0.087
6,6043.2,0.0915
6,6044.2,0.0915
6,6045.2,0.0915
6,6047.2,0.0915
6,6048.2,0.0915
6,6049.2,0.0915
6,6050.2,0.0915
6,6051.2,0.0915
6,6052.2,0.0915
6,6053.2,0.0915
6,6054.2,0.0915
6,6055.2,0.0915
6,6056.2,0.0915
6,6057.3,0.0915
6,6058.3,0.0915
6,6059.3,0.0915
6,6060.3,0.0915
6,6061.3,0.0915
6,6062.3,0.0915
6,6063.3,0.0915
6,6064.3,0.0915
6,6065.3,0.0915
6,6067.3,0.0915
6,6068.3,0.0915
6,6069.4,0.0915
6,6070.4,0.0915
6,6071.4,0.0915
6,6072.4,0.0915
6,6073.4,0.0915
6,6074.4,0.0915
6,6075.4,0.0915
6,6076.4,0.0915
6,6077.4,0.0915
6,6078.4,0.0915
6,6079.5,0.0957
6,6080.5,0.0957
6,6081.5,0.0957
6,6082.5,0.0957
6,6083.5,0.0957
6,6084.5,0.0957
6,6085.5,0.0957
6,6087.5,0.0957
6,6088.5,0.0957
6,6089.6,0.0957
6,6090.6,0.0957
6,6091.6,0.0957
6,6092.6,0.0957
6,6093.6,0.0957
6,6094.6,0.0957
6,6095.6,0.0957
6,6096.6,0.0957
6,6097.6,0.0957
6,6098.6,0.0957
6,6099.7,0.0957
6,6100.7,0.0915
6,6101.7,0.0957
6,6102.7,0.0915
6,6103.7,0.0915
6,6104.7,0.0915
6,6105.7,0.0915
6,6107.7,0.0915
6,6108.7,0.0915
6,6109.7,0.0915
6,6110.7,0.0915
6,6111.8,0.0915
6,6112.8,0.0915
6,6113.8,0.0915
6,6114.8,0.0915
6,6115.8,0.0915
6,6116.8,0.0915
6,6117.8,0.0915
6,6118.8,0.0915
6,6119.8,0.0881
6,6120.8,0.0881
6,6121.8,0.0881
6,6122.9,0.0881
6,6123.9,0.0881
6,6124.9,0.0881
6,6125.9,0.0881
6,6127.9,0.0881
6,6128.9,0.0881
6,6129.9,0.0881
6,6130.9,0.0881
6,6131.9,0.0881
6,6132.9,0.0879
6,6134,0.0881
6,6135,0.0881
6,6136,0.0881
6,6137,0.0881
6,6138,0.0881
6,6139,0.0881
6,6140,0.0923
6,6141,0.0881
6,6142,0.0923
6,6143,0.0923
6,6144,0.0923
6,6145,0.0923
6,6146,0.0923
6,6148.1,0.0923
6,6149.1,0.0923
6,6150.1,0.0923
6,6151.1,0.0923
6,6152.1,0.0923
6,6153.1,0.0923
6,6154.1,0.0923
6,6155.1,0.0923
6,6156.1,0.0923
6,6157.1,0.0923
6,6158.1,0.0923
6,6159.1,0.0923
6,6160.1,0.0923
6,6161.2,0.0923
6,6162.2,0.0923
6,6163.2,0.0923
6,6164.2,0.0923
6,6165.2,0.0923
6,6166.2,0.0923
6,6168.2,0.0923
6,6169.2,0.0923
6,6170.2,0.0923
6,6171.2,0.0923
6,6172.3,0.0923
6,6173.3,0.0923
6,6174.3,0.0923
6,6175.3,0.0923
6,6176.3,0.0923
6,6177.3,0.0923
6,6178.3,0.0923
6,6179.3,0.0923
6,6180.3,0.0923
6,6181.4,0.0923
6,6182.4,0.0923
6,6183.4,0.0923
6,6184.4,0.0966
6,6185.4,0.0923
6,6186.4,0.0923
6,6188.4,0.0923
6,6189.4,0.0966
6,6190.4,0.0923
6,6191.4,0.0923
6,6192.4,0.0966
6,6193.4,0.0923
6,6194.4,0.0923
6,6195.4,0.0966
6,6196.4,0.0923
6,6197.5,0.0923
6,6198.5,0.0923
6,6199.5,0.0966
6,6200.5,0.0966
6,6201.5,0.0966
6,6202.5,0.0966
6,6203.5,0.0966
6,6204.5,0.0923
6,6205.5,0.0966
6,6206.5,0.0966
6,6208.6,0.0923
6,6209.6,0.0966
6,6210.6,0.0966
6,6211.6,0.0966
6,6212.6,0.0966
6,6213.6,0.0966
6,6214.6,0.0966
6,6215.6,0.0966
6,6216.6,0.0966
6,6217.6,0.0966
6,6218.6,0.0966
6,6219.6,0.0966
6,6220.6,0.0966
6,6221.7,0.0966
6,6222.7,0.0923
6,6223.7,0.0923
6,6224.7,0.0923
6,6225.7,0.0923
6,6226.7,0.0923
6,6228.7,0.0923
6,6229.7,0.0923
6,6230.7,0.0923
6,6231.7,0.0923
6,6232.7,0.0923
6,6233.7,0.0923
6,6234.7,0.0923
6,6235.8,0.0923
6,6236.8,0.0923
6,6237.8,0.0923
6,6238.8,0.0923
6,6239.8,0.0923
6,6240.8,0.0923
6,6241.8,0.0923
6,6242.8,0.0923
6,6243.8,0.0879
6,6244.8,0.0923
6,6245.9,0.0881
6,6246.9,0.0923
6,6248.9,0.0881
6,6249.9,0.0881
6,6250.9,0.0881
6,6251.9,0.0879
6,6252.9,0.0923
6,6253.9,0.0881
6,6255,0.0881
6,6256,0.0881
6,6257,0.0881
6,6258,0.0881
6,6259,0.0881
6,6260,0.0881
6,6261,0.0889
6,6262,0.0889
6,6263,0.0889
6,6264,0.0889
6,6265,0.0889
6,6266,0.0887
6,6267,0.0889
6,6269,0.0889
6,6270,0.0889
6,6271,0.0889
6,6272,0.0887
6,6273,0.0889
6,6274,0.0887
6,6275,0.0889
6,6276,0.0889
6,6277,0.0887
6,6278.1,0.0887
6,6279.1,0.0887
6,6280.1,0.0887
6,6281.1,0.0887
6,6282.1,0.0889
6,6283.1,0.0889
6,6284.1,0.0889
6,6285.1,0.0889
6,6286.1,0.0887
6,6288.1,0.0889
6,6289.1,0.0889
6,6290.1,0.0887
6,6291.1,0.0887
6,6292.1,0.0887
6,6293.1,0.0889
6,6294.1,0.0889
6,6295.1,0.0889
6,6296.1,0.0889
6,6297.2,0.0889
6,6298.2,0.0889
6,6299.2,0.0889
6,6300.2,0.0889
6,6301.2,0.0887
6,6302.2,0.0889
6,6303.2,0.0889
6,6304.2,0.0932
6,6305.2,0.0889
6,6307.2,0.0887
6,6308.2,0.0887
6,6309.2,0.0887
6,6310.2,0.0889
6,6311.3,0.0932
6,6312.3,0.0887
6,6313.3,0.0889
6,6314.3,0.0887
6,6315.3,0.0889
6,6316.3,0.0889
6,6317.3,0.0932
6,6318.3,0.0889
6,6319.3,0.0889
6,6320.3,0.0889
6,6321.3,0.0932
6,6322.3,0.0889
6,6323.3,0.0932
6,6324.4,0.0932
6,6325.4,0.0932
6,6327.4,0.0932
6,6328.4,0.0932
6,6329.4,0.0932
6,6330.4,0.0932
6,6331.4,0.0932
6,6332.4,0.0932
6,6333.4,0.0932
6,6334.4,0.0889
6,6335.4,0.0932
6,6336.4,0.0932
6,6337.4,0.0932
6,6338.4,0.0932
6,6339.4,0.0932
6,6340.5,0.0932
6,6341.5,0.0932
6,6342.5,0.0932
6,6343.5,0.0932
6,6344.5,0.0932
6,6345.5,0.0932
6,6347.5,0.0932
6,6348.5,0.0932
6,6349.5,0.0932
6,6350.5,0.0932
6,6351.5,0.0932
6,6352.5,0.0932
6,6353.5,0.0932
6,6354.6,0.0932
6,6355.6,0.0932
6,6356.6,0.0932
6,6357.6,0.0932
6,6358.6,0.0932
6,6359.6,0.0932
6,6360.6,0.0932
6,6361.6,0.0932
6,6362.6,0.0932
6,6363.6,0.0932
6,6364.6,0.0932
6,6365.6,0.0932
6,6367.7,0.0932
6,6368.7,0.0932
6,6369.7,0.0932
6,6370.7,0.0932
6,6371.7,0.0932
6,6372.7,0.0932
6,6373.7,0.0932
6,6374.7,0.0932
6,6375.7,0.0932
6,6376.7,0.0932
6,6377.7,0.0932
6,6378.7,0.0932
6,6379.7,0.0932
6,6380.7,0.0932
6,6381.7,0.0932
6,6382.7,0.0932
6,6383.8,0.0932
6,6384.8,0.0932
6,6385.8,0.0932
6,6387.8,0.0932
6,6388.8,0.0932
6,6389.8,0.0932
6,6390.8,0.0932
6,6391.8,0.0932
6,6392.8,0.0932
6,6393.8,0.0932
6,6394.8,0.0932
6,6395.8,0.0932
6,6396.9,0.0932
6,6397.9,0.0932
6,6398.9,0.0932
6,6399.9,0.0932
6,6400.9,0.0932
6,6401.9,0.0932
6,6402.9,0.0932
6,6403.9,0.0932
6,6404.9,0.0932
6,6406,0.0932
6,6408,0.0932
6,6409,0.0974
6,6410,0.0932
6,6411,0.0974
6,6412,0.0932
6,6413,0.0932
6,6414,0.0932
6,6415,0.0974
6,6416,0.0932
6,6417,0.0932
6,6418.1,0.0932
6,6419.1,0.0932
6,6420.1,0.0932
6,6421.1,0.0974
6,6422.1,0.0974
6,6423.1,0.0932
6,6424.1,0.0974
6,6425.1,0.0974
6,6426.1,0.0974
6,6428.2,0.0974
6,6429.2,0.0974
6,6430.2,0.0974
6,6431.2,0.0974
6,6432.2,0.0932
6,6433.2,0.0974
6,6434.2,0.0932
6,6435.2,0.0932
6,6436.2,0.0974
6,6437.3,0.0932
6,6438.3,0.0974
6,6439.3,0.0932
6,6440.3,0.0974
6,6441.3,0.0974
6,6442.3,0.0974
6,6443.3,0.0974
6,6444.3,0.0974
6,6445.3,0.0974
6,6446.3,0.0974
6,6448.3,0.0974
6,6449.3,0.0974
6,6450.3,0.0974
6,6451.3,0.0974
6,6452.3,0.0974
6,6453.4,0.0974
6,6454.4,0.0974
6,6455.4,0.0974
6,6456.4,0.0974
6,6457.4,0.0932
6,6458.4,0.0974
6,6459.4,0.0974
6,6460.4,0.0974
6,6461.4,0.0974
6,6462.4,0.0974
6,6463.5,0.0974
6,6464.5,0.0974
6,6465.5,0.0974
6,6466.5,0.0974
6,6468.5,0.0974
6,6469.5,0.0974
6,6470.5,0.0974
6,6471.5,0.0974
6,6472.5,0.0974
6,6473.5,0.0974
6,6474.5,0.0974
6,6475.5,0.0932
6,6476.5,0.0932
6,6477.5,0.0974
6,6478.6,0.0932
6,6479.6,0.0974
6,6480.6,0.0932
6,6481.6,0.0974
6,6482.6,0.0932
6,6483.6,0.0932
6,6484.6,0.0932
6,6485.6,0.0932
6,6486.6,0.0889
6,6488.6,0.0932
6,6489.6,0.0932
6,6490.6,0.0932
6,6491.6,0.0932
6,6492.6,0.0932
6,6493.7,0.0932
6,6494.7,0.0932
6,6495.7,0.0932
6,6496.7,0.0932
6,6497.7,0.0932
6,6498.7,0.0932
6,6499.7,0.0932
6,6500.7,0.0889
6,6501.7,0.0932
6,6502.7,0.0887
6,6503.7,0.0889
6,6504.7,0.0889
6,6505.8,0.0887
6,6506.8,0.0889
6,6508.8,0.0887
6,6509.8,0.0889
6,6510.8,0.0887
6,6511.8,0.0887
6,6512.8,0.0889
6,6513.8,0.0887
6,6514.8,0.0889
6,6515.8,0.0932
6,6516.8,0.0889
6,6517.9,0.0887
6,6518.9,0.0887
6,6519.9,0.0887
6,6520.9,0.0889
6,6521.9,0.0887
6,6522.9,0.0887
6,6523.9,0.0887
6,6524.9,0.0889
6,6525.9,0.0887
6,6526.9,0.0889
6,6528.9,0.0889
6,6530,0.0889
6,6531,0.0898
6,6532,0.0887
6,6533,0.0887
6,6534,0.0887
6,6535,0.0898
6,6536,0.0887
6,6537,0.0898
6,6538,0.0887
6,6539,0.0887
6,6540,0.0887
6,6541,0.0898
6,6542,0.0887
6,6543,0.0898
6,6544,0.0898
6,6545,0.0898
6,6546.1,0.0898
6,6547.1,0.0898
6,6549.1,0.0898
6,6550.1,0.0898
6,6551.1,0.0898
6,6552.1,0.0898
6,6553.1,0.0898
6,6554.1,0.0898
6,6555.1,0.0898
6,6556.1,0.0898
6,6557.2,0.0898
6,6558.2,0.0898
6,6559.2,0.0898
6,6560.2,0.0898
6,6561.2,0.0898
6,6562.2,0.0898
6,6563.2,0.0898
6,6564.2,0.0898
6,6565.2,0.0898
6,6566.2,0.0898
6,6567.3,0.0898
6,6569.3,0.0898
6,6570.3,0.0898
6,6571.3,0.0898
6,6572.3,0.0898
6,6573.3,0.0898
6,6574.3,0.0898
6,6575.3,0.0898
6,6576.3,0.0898
6,6577.3,0.0898
6,6578.3,0.0898
6,6579.3,0.0898
6,6580.3,0.0898
6,6581.3,0.0898
6,6582.3,0.0898
6,6583.3,0.0898
6,6584.3,0.0898
6,6585.3,0.0898
6,6586.3,0.0898
6,6587.3,0.0898
6,6589.3,0.0898
6,6590.3,0.0898
6,6591.3,0.0898
6,6592.3,0.0898
6,6593.3,0.0898
6,6594.3,0.0898
6,6595.3,0.0898
6,6596.3,0.0898
6,6597.4,0.0898
6,6598.4,0.0898
6,6599.4,0.0898
6,6600.4,0.0898
6,6601.4,0.0898
6,6602.4,0.0898
6,6603.4,0.0898
6,6604.4,0.0898
6,6605.4,0.0898
6,6606.4,0.0898
6,6608.4,0.0898
6,6609.4,0.0898
6,6610.4,0.0898
6,6611.4,0.0898
6,6612.4,0.0898
6,6613.4,0.0898
6,6614.4,0.0898
6,6615.4,0.0898
6,6616.5,0.0898
6,6617.5,0.0898
6,6618.5,0.0898
6,6619.5,0.0898
6,6620.5,0.0898
6,6621.5,0.0898
6,6622.5,0.0898
6,6623.5,0.0898
6,6624.5,0.0898
6,6625.5,0.0898
6,6626.5,0.0898
6,6628.5,0.0898
6,6629.6,0.0898
6,6630.6,0.0898
6,6631.6,0.0898
6,6632.6,0.0898
6,6633.6,0.0898
6,6634.6,0.0898
6,6635.6,0.0896
6,6636.6,0.0898
6,6637.6,0.0896
6,6638.6,0.0898
6,6639.6,0.0898
6,6640.6,0.0898
6,6641.7,0.0898
6,6642.7,0.0898
6,6643.7,0.0898
6,6644.7,0.0898
6,6645.7,0.0898
6,6646.7,0.0898
6,6648.7,0.0898
6,6649.7,0.0898
6,6650.7,0.0898
6,6651.7,0.0898
6,6652.8,0.0898
6,6653.8,0.0898
6,6654.8,0.0898
6,6655.8,0.0898
6,6656.8,0.0898
6,6657.8,0.0898
6,6658.8,0.0898
6,6659.8,0.0898
6,6660.8,0.0896
6,6661.8,0.0896
6,6662.8,0.0898
6,6663.8,0.0898
6,6664.8,0.0898
6,6665.9,0.0898
6,6666.9,0.0898
6,6668.9,0.0898
6,6669.9,0.0898
6,6670.9,0.0898
6,6671.9,0.094
6,6672.9,0.0898
6,6673.9,0.0898
6,6674.9,0.0898
6,6676,0.0898
6,6677,0.0898
6,6678,0.0898
6,6679,0.0898
6,6680,0.0898
6,6681,0.094
6,6682,0.0898
6,6683,0.0898
6,6684,0.0898
6,6685,0.0898
6,6686,0.0898
6,6687.1,0.094
6,6689.1,0.094
6,6690.1,0.094
6,6691.1,0.0898
6,6692.1,0.094
6,6693.1,0.0898
6,6694.1,0.094
6,6695.1,0.094
6,6696.1,0.094
6,6697.1,0.094
6,6698.2,0.094
6,6699.2,0.0898
6,6700.2,0.094
6,6701.2,0.094
6,6702.2,0.094
6,6703.2,0.094
6,6704.2,0.0898
6,6705.2,0.094
6,6706.2,0.094
6,6707.2,0.094
6,6709.2,0.094
6,6710.2,0.094
6,6711.2,0.094
6,6712.3,0.094
6,6713.3,0.094
6,6714.3,0.094
6,6715.3,0.094
6,6716.3,0.0898
6,6717.3,0.094
6,6718.3,0.094
6,6719.3,0.094
6,6720.3,0.094
6,6721.3,0.094
6,6722.3,0.0898
6,6723.3,0.094
6,6724.4,0.094
6,6725.4,0.094
6,6726.4,0.094
6,6727.4,0.094
6,6729.4,0.094
6,6730.4,0.094
6,6731.4,0.094
6,6732.4,0.094
6,6733.4,0.094
6,6734.4,0.094
6,6735.5,0.094
6,6736.5,0.094
6,6737.5,0.094
6,6738.5,0.094
6,6739.5,0.094
6,6740.5,0.094
6,6741.5,0.094
6,6742.5,0.094
6,6743.5,0.094
6,6744.5,0.094
6,6745.5,0.094
6,6746.5,0.094
6,6747.5,0.094
6,6749.5,0.094
6,6750.5,0.094
6,6751.5,0.094
6,6752.6,0.094
6,6753.6,0.094
6,6754.6,0.094
6,6755.6,0.094
6,6756.6,0.094
6,6757.6,0.094
6,6758.6,0.094
6,6759.6,0.094
6,6760.6,0.094
6,6761.7,0.094
6,6762.7,0.094
6,6763.7,0.094
6,6764.7,0.094
6,6765.7,0.094
6,6766.7,0.094
6,6767.7,0.094
6,6769.7,0.094
6,6770.7,0.094
6,6771.7,0.094
6,6772.7,0.094
6,6773.7,0.094
6,6774.7,0.094
6,6775.7,0.094
6,6776.7,0.094
6,6777.7,0.094
6,6778.7,0.094
6,6779.7,0.094
6,6780.7,0.094
6,6781.7,0.094
6,6782.7,0.094
6,6783.7,0.094
6,6784.7,0.094
6,6785.7,0.094
6,6786.7,0.094
6,6788.8,0.094
6,6789.8,0.094
6,6790.8,0.094
6,6791.8,0.094
6,6792.8,0.094
6,6793.8,0.094
6,6794.8,0.094
6,6795.8,0.094
6,6796.8,0.094
6,6797.8,0.094
6,6798.8,0.094
6,6799.8,0.094
6,6800.9,0.094
6,6801.9,0.094
6,6802.9,0.094
6,6803.9,0.094
6,6804.9,0.094
6,6805.9,0.094
6,6806.9,0.094
6,6808.9,0.094
6,6809.9,0.094
6,6810.9,0.094
6,6812,0.094
6,6813,0.094
6,6814,0.094
6,6815,0.094
6,6816,0.094
6,6817,0.094
6,6818,0.094
6,6819,0.094
6,6820,0.094
6,6821,0.094
6,6822.1,0.094
6,6823.1,0.094
6,6824.1,0.094
6,6825.1,0.094
6,6826.1,0.094
6,6827.1,0.094
6,6829.1,0.094
6,6830.1,0.094
6,6831.1,0.094
6,6832.1,0.094
6,6833.1,0.094
6,6834.1,0.094
6,6835.2,0.094
6,6836.2,0.094
6,6837.2,0.094
6,6838.2,0.094
6,6839.2,0.094
6,6840.2,0.094
6,6841.2,0.094
6,6842.2,0.094
6,6843.2,0.094
6,6844.2,0.094
6,6845.2,0.094
6,6846.2,0.094
6,6847.2,0.094
6,6849.2,0.094
6,6850.3,0.094
6,6851.3,0.094
6,6852.3,0.094
6,6853.3,0.094
6,6854.3,0.094
6,6855.3,0.094
6,6856.3,0.094
6,6857.3,0.094
6,6858.3,0.094
6,6859.3,0.094
6,6860.3,0.094
6,6861.3,0.094
6,6862.4,0.094
6,6863.4,0.094
6,6864.4,0.094
6,6865.4,0.094
6,6866.4,0.094
6,6867.4,0.094
6,6869.4,0.094
6,6870.4,0.094
6,6871.4,0.094
6,6872.4,0.094
6,6873.4,0.094
6,6874.4,0.094
6,6875.5,0.094
6,6876.5,0.094
6,6877.5,0.094
6,6878.5,0.094
6,6879.5,0.094
6,6880.5,0.094
6,6881.5,0.094
6,6882.5,0.094
6,6883.5,0.094
6,6884.5,0.094
6,6885.5,0.094
6,6886.5,0.094
6,6887.5,0.094
6,6889.6,0.094
6,6890.6,0.094
6,6891.6,0.094
6,6892.6,0.094
6,6893.6,0.094
6,6894.6,0.094
6,6895.6,0.094
6,6896.6,0.094
6,6897.6,0.094
6,6898.6,0.094
6,6899.6,0.094
6,6900.6,0.094
6,6901.7,0.094
6,6902.7,0.094
6,6903.7,0.094
6,6904.7,0.094
6,6905.7,0.094
6,6906.7,0.094
6,6907.7,0.094
6,6909.7,0.094
6,6910.7,0.094
6,6911.7,0.094
6,6912.7,0.094
6,6913.7,0.094
6,6914.8,0.094
6,6915.8,0.094
6,6916.8,0.094
6,6917.8,0.094
6,6918.8,0.094
6,6919.8,0.094
6,6920.8,0.094
6,6921.8,0.094
6,6922.8,0.094
6,6923.8,0.0983
6,6924.8,0.094
6,6925.8,0.094
6,6926.8,0.094
6,6927.9,0.0983
6,6929.9,0.0983
6,6930.9,0.094
6,6931.9,0.094
6,6932.9,0.094
6,6933.9,0.094
6,6934.9,0.094
6,6935.9,0.094
6,6936.9,0.094
6,6937.9,0.094
6,6938.9,0.094
6,6939.9,0.094
6,6941,0.0983
6,6942,0.0983
6,6943,0.094
6,6944,0.0983
6,6945,0.094
6,6946,0.094
6,6947,0.094
6,6948,0.094
6,6950,0.094
6,6951,0.094
6,6952,0.094
6,6953.1,0.094
6,6954.1,0.094
6,6955.1,0.094
6,6956.1,0.094
6,6957.1,0.094
6,6958.1,0.094
6,6959.1,0.094
6,6960.1,0.094
6,6961.1,0.094
6,6962.1,0.094
6,6963.2,0.094
6,6964.2,0.094
6,6965.2,0.094
6,6966.2,0.094
6,6967.2,0.0983
6,6968.2,0.094
6,6970.2,0.094
6,6971.2,0.094
6,6972.2,0.094
6,6973.2,0.094
6,6974.2,0.094
6,6975.2,0.094
6,6976.2,0.0983
6,6977.2,0.094
6,6978.2,0.094
6,6979.3,0.094
6,6980.3,0.094
6,6981.3,0.094
6,6982.3,0.094
6,6983.3,0.094
6,6984.3,0.094
6,6985.3,0.0983
6,6986.3,0.094
6,6987.3,0.0983
6,6988.3,0.094
6,6990.3,0.094
6,6991.3,0.094
6,6992.3,0.094
6,6993.3,0.094
6,6994.4,0.094
6,6995.4,0.094
6,6996.4,0.094
6,6997.4,0.094
6,6998.4,0.094
6,6999.4,0.094
6,7000.4,0.094
6,7001.4,0.094
6,7002.4,0.0983
6,7003.4,0.0983
6,7004.4,0.094
6,7005.4,0.0983
6,7006.4,0.094
6,7007.4,0.094
6,7008.5,0.094
6,7010.5,0.094
6,7011.5,0.094
6,7012.5,0.0983
6,7013.5,0.094
6,7014.5,0.094
6,7015.5,0.094
6,7016.5,0.094
6,7017.5,0.094
6,7018.5,0.0983
6,7019.5,0.094
6,7020.5,0.0983
6,7021.5,0.094
6,7022.6,0.094
6,7023.6,0.0983
6,7024.6,0.0983
6,7025.6,0.094
6,7026.6,0.0983
6,7027.6,0.0983
6,7028.6,0.0983
6,7030.6,0.0983
6,7031.6,0.0983
6,7032.7,0.094
6,7033.7,0.0983
6,7034.7,0.0983
6,7035.7,0.0983
6,7036.7,0.094
6,7037.7,0.0983
6,7038.7,0.0983
6,7039.7,0.0983
6,7040.7,0.0983
6,7041.7,0.094
6,7042.8,0.0983
6,7043.8,0.0983
6,7044.8,0.0983
6,7045.8,0.0983
6,7046.8,0.0983
6,7047.8,0.0983
6,7048.8,0.0983
6,7050.8,0.0983
6,7051.8,0.0983
6,7052.8,0.094
6,7053.8,0.0983
6,7054.8,0.094
6,7055.8,0.0939
6,7056.8,0.094
6,7057.8,0.0983
6,7058.8,0.094
6,7059.8,0.0983
6,7060.8,0.0983
6,7061.8,0.0983
6,7062.8,0.0983
6,7063.8,0.0983
6,7064.8,0.0983
6,7065.8,0.0983
6,7066.8,0.094
6,7067.8,0.0983
6,7069.8,0.094
6,7070.8,0.094
6,7071.8,0.094
6,7072.8,0.094
6,7073.8,0.094
6,7074.8,0.094
6,7075.9,0.094
6,7076.9,0.0983
6,7077.9,0.094
6,7078.9,0.094
6,7079.9,0.0983
6,7080.9,0.0983
6,7081.9,0.094
6,7082.9,0.0983
6,7083.9,0.0983
6,7084.9,0.0983
6,7085.9,0.0983
6,7086.9,0.0983
6,7088.9,0.094
6,7089.9,0.094
6,7091,0.094
6,7092,0.0983
6,7093,0.0983
6,7094,0.0983
6,7095,0.0983
6,7096,0.0983
6,7097,0.0983
6,7098,0.0983
6,7099,0.0983
6,7100,0.0983
6,7101,0.0983
6,7102,0.0983
6,7103.1,0.0983
6,7104.1,0.0983
6,7105.1,0.0983
6,7106.1,0.0983
6,7107.1,0.0983
6,7109.1,0.0983
6,7110.1,0.0983
6,7111.1,0.0983
6,7112.1,0.0983
6,7113.1,0.0983
6,7114.1,0.0983
6,7115.1,0.0983
6,7116.2,0.0983
6,7117.2,0.0983
6,7118.2,0.0983
6,7119.2,0.0983
6,7120.2,0.094
6,7121.2,0.0983
6,7122.2,0.094
6,7123.2,0.0983
6,7124.2,0.094
6,7125.3,0.0983
6,7126.3,0.0983
6,7127.3,0.0983
6,7129.3,0.0983
6,7130.3,0.0983
6,7131.3,0.0983
6,7132.3,0.0983
6,7133.3,0.094
6,7134.3,0.0983
6,7135.3,0.094
6,7136.3,0.0983
6,7137.3,0.0983
6,7138.4,0.0983
6,7139.4,0.0983
6,7140.4,0.0983
6,7141.4,0.094
6,7142.4,0.094
6,7143.4,0.0983
6,7144.4,0.0983
6,7145.4,0.094
6,7146.4,0.094
6,7147.4,0.0983
6,7149.4,0.094
6,7150.4,0.0983
6,7151.5,0.0983
6,7152.5,0.094
6,7153.5,0.0983
6,7154.5,0.094
6,7155.5,0.094
6,7156.5,0.094
6,7157.5,0.094
6,7158.5,0.094
6,7159.6,0.094
6,7160.6,0.0983
6,7161.6,0.094
6,7162.6,0.094
6,7163.6,0.094
6,7164.6,0.0983
6,7165.6,0.094
6,7166.6,0.094
6,7167.6,0.094
6,7169.6,0.094
6,7170.6,0.094
6,7171.6,0.0983
6,7172.7,0.0983
6,7173.7,0.094
6,7174.7,0.0983
6,7175.7,0.094
6,7176.7,0.094
6,7177.7,0.0983
6,7178.7,0.094
6,7179.7,0.094
6,7180.8,0.094
6,7181.8,0.0983
6,7182.8,0.094
6,7183.8,0.094
6,7184.8,0.0939
6,7185.8,0.0983
6,7186.8,0.0983
6,7187.8,0.094
6,7189.8,0.0983
6,7190.8,0.0939
6,7191.8,0.094
6,7192.9,0.094
6,7193.9,0.094
6,7194.9,0.094
6,7195.9,0.094
6,7196.9,0.094
6,7197.9,0.094
6,7198.9,0.094
6,7199.9,0.094
6,7200.9,0.094
6,7201.9,0.094
6,7202.9,0.094
6,7204,0.0983
6,7205,0.094
6,7206,0.094
6,7207,0.094
6,7208,0.094
6,7210,0.094
6,7211,0.094
6,7212,0.094
6,7213,0.094
6,7214,0.094
6,7215,0.094
6,7216,0.094
6,7217.1,0.094
6,7218.1,0.094
6,7219.1,0.094
6,7220.1,0.094
6,7221.1,0.094
6,7222.1,0.094
6,7223.1,0.094
6,7224.1,0.094
6,7225.1,0.094
6,7226.1,0.094
6,7227.1,0.094
6,7228.1,0.094
6,7231.1,0.094
4,7233.2,0.094
4,7234.2,0.094
4,7235.2,0.094
4,7236.2,0.094
4,7237.2,0.094
4,7238.2,0.094
4,7239.2,0.094
4,7240.2,0.094
4,7241.2,0.094
4,7242.2,0.094
4,7243.2,0.094
4,7244.2,0.094
4,7245.2,0.0932
4,7246.3,0.0932
4,7247.3,0.0879
4,7248.3,0.0923
4,7249.3,0.0915
4,7250.3,0.0957
4,7251.3,0.0904
4,7253.3,0.0949
4,7254.3,0.0904
4,7255.3,0.0904
4,7256.3,0.0904
4,7257.3,0.0904
4,7258.3,0.0904
4,7259.3,0.0904
4,7260.3,0.0904
4,7261.3,0.0904
4,7262.3,0.0904
4,7263.3,0.0906
4,7264.4,0.094
4,7265.4,0.0896
4,7266.4,0.0887
4,7267.4,0.0887
4,7268.4,0.0881
4,7269.4,0.0923
4,7270.4,0.0828
4,7271.4,0.0915
4,7273.4,0.087
4,7274.4,0.0828
4,7275.4,0.0828
4,7276.5,0.0828
4,7277.5,0.0828
4,7278.5,0.0836
4,7279.5,0.0828
4,7280.5,0.0836
4,7281.5,0.0836
4,7282.5,0.0828
4,7283.5,0.0836
4,7284.5,0.0904
4,7285.5,0.082
4,7286.6,0.0896
4,7287.6,0.0811
4,7288.6,0.0803
4,7289.6,0.0803
4,7290.6,0.0803
4,7291.6,0.0879
4,7293.6,0.0836
4,7294.6,0.0794
4,7295.7,0.0828
4,7296.7,0.0828
4,7297.7,0.0828
4,7298.7,0.0828
4,7299.7,0.0828
4,7300.7,0.0828
4,7301.7,0.0828
4,7302.7,0.0828
4,7303.7,0.0828
4,7304.8,0.087
4,7305.8,0.0786
4,7306.8,0.082
4,7307.8,0.082
4,7308.8,0.0777
4,7309.8,0.0811
4,7310.8,0.0811
4,7311.8,0.076
4,7313.8,0.0803
4,7314.8,0.0803
4,7315.8,0.0803
4,7316.8,0.0803
4,7317.8,0.0803
4,7318.8,0.0803
4,7319.8,0.0803
4,7320.8,0.0803
4,7321.8,0.076
4,7322.8,0.076
4,7323.8,0.0794
4,7324.8,0.0794
4,7325.8,0.075
4,7326.8,0.0828
4,7327.8,0.0786
4,7328.8,0.0743
4,7329.8,0.0777
4,7331.9,0.0777
4,7332.9,0.0777
4,7333.9,0.0735
4,7334.9,0.0735
4,7335.9,0.0735
4,7336.9,0.0735
4,7337.9,0.0735
4,7338.9,0.0735
4,7339.9,0.0735
4,7340.9,0.0735
4,7341.9,0.0735
4,7342.9,0.0769
4,7343.9,0.0769
4,7344.9,0.0724
4,7345.9,0.076
4,7346.9,0.076
4,7348,0.0716
4,7349,0.0752
4,7350,0.0752
4,7352,0.0709
4,7353,0.0699
4,7354,0.0699
4,7355,0.07
4,7356,0.0743
4,7357,0.0699
4,7358,0.0699
4,7359,0.0743
4,7360,0.07
4,7361,0.0743
4,7362,0.0786
4,7363.1,0.0741
4,7364.1,0.0699
4,7365.1,0.0735
4,7366.1,0.0735
4,7367.1,0.0735
4,7368.1,0.0682
4,7369.1,0.0726
4,7371.1,0.0726
4,7372.1,0.0682
4,7373.2,0.0682
4,7374.2,0.0682
4,7375.2,0.0682
4,7376.2,0.0682
4,7377.2,0.0682
4,7378.2,0.0682
4,7379.2,0.0682
4,7380.2,0.0682
4,7381.2,0.0639
4,7382.2,0.0673
4,7383.2,0.0717
4,7384.3,0.0673
4,7385.3,0.0665
4,7386.3,0.0709
4,7387.3,0.0707
4,7388.3,0.0665
4,7389.3,0.0656
4,7391.3,0.07
4,7392.3,0.07
4,7393.3,0.07
4,7394.3,0.07
4,7395.3,0.0699
4,7396.3,0.0699
4,7397.4,0.0699
4,7398.4,0.0699
4,7399.4,0.07
4,7400.4,0.07
4,7401.4,0.07
4,7402.4,0.0656
4,7403.4,0.0648
4,7404.4,0.069
4,7405.4,0.069
4,7406.4,0.0648
4,7407.4,0.0639
4,7408.4,0.0682
4,7409.4,0.0682
4,7411.4,0.0639
4,7412.4,0.0639
4,7413.4,0.0639
4,7414.5,0.0639
4,7415.5,0.0597
4,7416.5,0.0597
4,7417.5,0.0639
4,7418.5,0.0597
4,7419.5,0.0597
4,7420.5,0.0631
4,7421.5,0.0631
4,7422.6,0.0673
4,7423.6,0.0631
4,7424.6,0.0631
4,7425.6,0.0622
4,7426.6,0.0665
4,7427.6,0.0665
4,7429.6,0.0622
4,7430.6,0.0614
4,7431.6,0.0614
4,7432.6,0.0614
4,7433.6,0.058
4,7434.7,0.0614
4,7435.7,0.0614
4,7436.7,0.0614
4,7437.7,0.0614
4,7438.7,0.0614
4,7439.7,0.0614
4,7440.7,0.0656
4,7441.7,0.0656
4,7442.7,0.0656
4,7443.7,0.0614
4,7444.7,0.0648
4,7445.7,0.0648
4,7446.7,0.0648
4,7447.8,0.0648
4,7449.8,0.0605
4,7450.8,0.0605
4,7451.8,0.0597
4,7452.8,0.0563
4,7453.8,0.0597
4,7454.8,0.0597
4,7455.8,0.0597
4,7456.8,0.0597
4,7457.8,0.0597
4,7458.8,0.0597
4,7459.9,0.0597
4,7460.9,0.0639
4,7461.9,0.0639
4,7462.9,0.0639
4,7463.9,0.0597
4,7464.9,0.0588
4,7465.9,0.0588
4,7466.9,0.0631
4,7467.9,0.0631
4,7469.9,0.0588
4,7470.9,0.0588
4,7471.9,0.0546
4,7472.9,0.0546
4,7473.9,0.058
4,7475,0.058
4,7476,0.0544
4,7477,0.0546
4,7478,0.058
4,7479,0.058
4,7480,0.058
4,7481,0.058
4,7482,0.0622
4,7483,0.0622
4,7484,0.058
4,7485,0.058
4,7486,0.0614
4,7487,0.0614
4,7488.1,0.0614
4,7490.1,0.0614
4,7491.1,0.0614
4,7492.1,0.0614
4,7493.1,0.0614
4,7494.1,0.0614
4,7495.1,0.0571
4,7496.2,0.0614
4,7497.2,0.0571
4,7498.2,0.0614
4,7499.2,0.0571
4,7500.2,0.0571
4,7501.2,0.0571
4,7502.2,0.0605
4,7503.2,0.0648
4,7504.2,0.0605
4,7505.2,0.0605
4,7506.2,0.0563
4,7507.2,0.0554
4,7508.2,0.0554
4,7510.2,0.0597
4,7511.2,0.0597
4,7512.2,0.0597
4,7513.2,0.0597
4,7514.2,0.0597
4,7515.2,0.0597
4,7516.2,0.0597
4,7517.2,0.0597
4,7518.3,0.0597
4,7519.3,0.0597
4,7520.3,0.0597
4,7521.3,0.0597
4,7522.3,0.0554
4,7523.3,0.0546
4,7524.3,0.0588
4,7525.3,0.0588
4,7526.3,0.0588
4,7528.3,0.0588
4,7529.4,0.0546
4,7530.4,0.0588
4,7531.4,0.0546
4,7532.4,0.0546
4,7533.4,0.0588
4,7534.4,0.0546
4,7535.4,0.0546
4,7536.4,0.0546
4,7537.4,0.0546
4,7538.5,0.0588
4,7539.5,0.0546
4,7540.5,0.0503
4,7541.5,0.0493
4,7542.5,0.058
4,7543.5,0.058
4,7544.5,0.058
4,7545.5,0.0536
4,7546.5,0.0537
4,7548.5,0.0529
4,7549.5,0.0571
4,7550.5,0.0571
4,7551.5,0.0571
4,7552.5,0.0571
4,7553.5,0.0571
4,7554.5,0.0614
4,7555.5,0.0529
4,7556.5,0.0571
4,7557.5,0.0614
4,7558.5,0.0614
4,7559.5,0.0571
4,7560.5,0.0571
4,7561.5,0.0571
4,7562.5,0.0571
4,7563.5,0.0529
4,7564.5,0.0563
4,7566.5,0.0563
4,7567.6,0.0563
4,7568.6,0.0519
4,7569.6,0.0563
4,7570.6,0.0563
4,7571.6,0.0563
4,7572.6,0.0519
4,7573.6,0.0563
4,7574.6,0.0563
4,7575.6,0.0563
4,7576.6,0.0605
4,7577.6,0.0563
4,7578.6,0.0563
4,7579.6,0.0563
4,7580.6,0.0563
4,7581.6,0.0519
4,7582.7,0.0476
4,7583.7,0.051
4,7585.7,0.0512
4,7586.7,0.051
4,7587.7,0.0554
4,7588.7,0.051
4,7589.7,0.0553
4,7590.7,0.0554
4,7591.7,0.051
4,7592.7,0.0554
4,7593.7,0.0553
4,7594.8,0.0554
4,7595.8,0.0554
4,7596.8,0.0554
4,7597.8,0.0553
4,7598.8,0.0554
4,7599.8,0.0554
4,7600.8,0.0554
4,7601.8,0.0512
4,7602.8,0.0468
4,7603.8,0.0503
4,7605.8,0.0546
4,7606.8,0.0546
4,7607.8,0.0546
4,7608.8,0.0502
4,7609.9,0.0546
4,7610.9,0.0546
4,7611.9,0.0546
4,7612.9,0.0546
4,7613.9,0.0546
4,7614.9,0.0546
4,7615.9,0.0546
4,7616.9,0.0546
4,7617.9,0.0546
4,7618.9,0.0546
4,7619.9,0.0546
4,7620.9,0.0493
4,7622,0.0502
4,7623,0.0459
4,7624,0.0493
4,7626,0.0537
4,7627,0.0493
4,7628,0.0493
4,7629,0.0537
4,7630,0.0537
4,7631.1,0.0493
4,7632.1,0.0537
4,7633.1,0.0493
4,7634.1,0.0493
4,7635.1,0.0536
4,7636.1,0.0495
4,7637.1,0.0536
4,7638.1,0.0537
4,7639.1,0.0536
4,7640.1,0.0537
4,7641.1,0.0537
4,7642.1,0.0537
4,7643.2,0.0493
4,7644.2,0.0493
4,7646.2,0.0493
4,7647.2,0.0493
4,7648.2,0.0493
4,7649.2,0.0485
4,7650.2,0.0493
4,7651.2,0.0485
4,7652.2,0.0485
4,7653.3,0.0485
4,7654.3,0.0493
4,7655.3,0.0451
4,7656.3,0.0485
4,7657.3,0.0485
4,7658.3,0.0481
4,7659.3,0.0529
4,7660.3,0.0571
4,7661.3,0.0571
4,7662.3,0.0571
4,7663.3,0.0529
4,7664.4,0.0529
4,7666.4,0.0529
4,7667.4,0.0529
4,7668.4,0.0529
4,7669.4,0.0529
4,7670.4,0.0527
4,7671.4,0.0529
4,7672.4,0.0527
4,7673.4,0.0529
4,7674.4,0.0529
4,7675.4,0.0527
4,7676.4,0.0527
4,7677.4,0.0529
4,7678.5,0.0481
4,7679.5,0.0485
4,7680.5,0.0481
4,7681.5,0.0476
4,7682.5,0.0476
4,7683.5,0.0519
4,7684.5,0.052
4,7686.5,0.0563
4,7687.5,0.0519
4,7688.5,0.0519
4,7689.5,0.052
4,7690.5,0.0519
4,7691.5,0.0519
4,7692.5,0.0519
4,7693.5,0.0466
4,7694.5,0.0519
4,7695.5,0.0519
4,7696.5,0.0519
4,7697.5,0.0519
4,7698.5,0.0519
4,7699.5,0.0519
4,7700.5,0.0519
4,7701.5,0.0476
4,7702.5,0.0476
4,7704.6,0.0476
4,7705.6,0.0476
4,7706.6,0.0471
4,7707.6,0.0468
4,7708.6,0.0468
4,7709.6,0.0468
4,7710.6,0.0466
4,7711.6,0.0434
4,7712.6,0.0468
4,7713.6,0.0519
4,7714.6,0.0476
4,7715.6,0.0476
4,7716.6,0.0476
4,7717.6,0.0468
4,7718.6,0.051
4,7719.6,0.051
4,7720.6,0.051
4,7722.6,0.051
4,7723.6,0.0512
4,7724.6,0.051
4,7725.6,0.051
4,7726.6,0.051
4,7727.6,0.051
4,7728.6,0.051
4,7729.6,0.051
4,7730.6,0.051
4,7731.6,0.0512
4,7732.6,0.051
4,7733.6,0.051
4,7734.6,0.051
4,7735.6,0.051
4,7736.6,0.051
4,7737.6,0.051
4,7738.6,0.051
4,7740.6,0.0468
4,7741.6,0.0508
4,7742.7,0.0468
4,7743.7,0.0468
4,7744.7,0.0468
4,7745.7,0.0466
4,7746.7,0.0383
4,7747.7,0.0468
4,7748.7,0.0468
4,7749.7,0.0383
4,7750.7,0.0468
4,7751.7,0.0459
4,7752.7,0.0468
4,7753.7,0.0468
4,7754.8,0.0459
4,7755.8,0.0459
4,7756.8,0.0459
4,7757.8,0.0459
4,7758.8,0.0502
4,7760.8,0.0493
4,7761.8,0.0495
4,7762.8,0.0502
4,7763.9,0.0503
4,7764.9,0.0502
4,7765.9,0.0502
4,7766.9,0.0502
4,7767.9,0.0459
4,7768.9,0.0502
4,7769.9,0.0503
4,7770.9,0.0502
4,7771.9,0.0493
4,7772.9,0.0503
4,7774,0.0493
4,7775,0.0503
4,7776,0.0493
4,7777,0.0502
4,7778,0.0459
4,7779,0.0502
4,7781,0.0493
4,7782,0.0495
4,7783,0.0502
4,7784.1,0.0459
4,7785.1,0.0502
4,7786.1,0.0503
4,7787.1,0.0459
4,7788.1,0.0503
4,7789.1,0.0502
4,7790.1,0.0459
4,7791.1,0.0502
4,7792.2,0.0493
4,7793.2,0.0502
4,7794.2,0.0374
4,7795.2,0.0459
4,7796.2,0.0459
4,7797.2,0.0459
4,7798.2,0.0459
4,7799.2,0.0451
4,7801.2,0.0451
4,7802.2,0.0493
4,7803.2,0.0451
4,7804.2,0.0451
4,7805.2,0.0493
4,7806.2,0.0451
4,7807.2,0.0451
4,7808.2,0.0493
4,7809.2,0.0451
4,7810.2,0.0451
4,7811.2,0.0451
4,7812.2,0.0451
4,7813.2,0.0451
4,7814.2,0.0451
4,7815.2,0.0493
4,7816.2,0.0493
4,7817.2,0.0493
4,7819.2,0.0493
4,7820.2,0.0493
4,7821.2,0.0493
4,7822.2,0.0493
4,7823.2,0.0493
4,7824.3,0.0493
4,7825.3,0.0493
4,7826.3,0.0493
4,7827.3,0.0493
4,7828.3,0.0493
4,7829.3,0.0493
4,7830.3,0.0493
4,7831.3,0.0493
4,7832.3,0.0493
4,7833.3,0.0493
4,7834.3,0.0493
4,7835.3,0.0493
4,7836.3,0.0451
4,7837.3,0.0451
4,7839.3,0.0451
4,7840.3,0.0451
4,7841.4,0.0451
4,7842.4,0.0493
4,7843.4,0.0451
4,7844.4,0.0451
4,7845.4,0.0493
4,7846.4,0.0451
4,7847.4,0.0451
4,7848.4,0.0493
4,7849.4,0.0493
4,7850.4,0.0493
4,7851.5,0.0451
4,7852.5,0.0451
4,7853.5,0.0451
4,7854.5,0.0451
4,7855.5,0.0451
4,7856.5,0.0451
4,7857.5,0.0451
4,7859.5,0.0442
4,7860.5,0.0442
4,7861.5,0.0485
4,7862.6,0.0485
4,7863.6,0.0442
4,7864.6,0.0442
4,7865.6,0.0485
4,7866.6,0.0442
4,7867.6,0.0442
4,7868.6,0.0485
4,7869.6,0.0442
4,7870.6,0.0485
4,7871.6,0.0483
4,7872.6,0.0485
4,7873.7,0.0483
4,7874.7,0.0485
4,7875.7,0.0481
4,7876.7,0.0485
4,7877.7,0.0483
4,7879.7,0.0485
4,7880.7,0.0485
4,7881.7,0.0485
4,7882.7,0.0485
4,7883.7,0.0485
4,7884.7,0.0485
4,7885.7,0.0485
4,7886.8,0.0485
4,7887.8,0.0485
4,7888.8,0.0485
4,7889.8,0.0485
4,7890.8,0.0485
4,7891.8,0.0483
4,7892.8,0.0485
4,7893.8,0.0481
4,7894.8,0.0485
4,7895.8,0.0479
4,7896.8,0.0485
4,7897.8,0.0481
4,7899.8,0.0485
4,7900.8,0.0485
4,7901.9,0.0485
4,7902.9,0.0485
4,7903.9,0.0486
4,7904.9,0.0485
4,7905.9,0.0485
4,7906.9,0.0485
4,7907.9,0.0485
4,7908.9,0.0485
4,7909.9,0.0485
4,7910.9,0.0485
4,7911.9,0.0483
4,7913,0.0485
4,7914,0.0483
4,7915,0.0485
4,7916,0.0442
4,7917,0.0485
4,7918,0.0483
4,7920,0.0485
4,7921,0.0485
4,7922,0.0442
4,7923,0.0442
4,7924,0.0485
4,7925,0.0442
4,7926,0.0442
4,7927,0.0485
4,7928,0.0442
4,7929,0.0442
4,7930.1,0.0485
4,7931.1,0.0442
4,7932.1,0.0442
4,7933.1,0.0442
4,7934.1,0.0442
4,7935.1,0.0442
4,7936.1,0.0442
4,7937.1,0.0442
4,7938.1,0.0408
4,7940.1,0.0434
4,7941.1,0.0476
4,7942.1,0.0442
4,7943.1,0.0442
4,7944.1,0.0408
4,7945.1,0.0442
4,7946.1,0.0442
4,7947.1,0.0434
4,7948.1,0.0468
4,7949.1,0.0442
4,7950.1,0.0434
4,7951.2,0.04
4,7952.2,0.0442
4,7953.2,0.0442
4,7954.2,0.0476
4,7955.2,0.0476
4,7956.2,0.0476
4,7957.2,0.0408
4,7958.2,0.0408
4,7960.2,0.0408
4,7961.2,0.0434
4,7962.2,0.0408
4,7963.2,0.0434
4,7964.2,0.0434
4,7965.2,0.0468
4,7966.3,0.0434
4,7967.3,0.0408
4,7968.3,0.0434
4,7969.3,0.0408
4,7970.3,0.0434
4,7971.3,0.0408
4,7972.3,0.0434
4,7973.3,0.0408
4,7974.3,0.0434
4,7975.3,0.0408
4,7976.3,0.0434
4,7977.3,0.0476
4,7978.4,0.0476
4,7980.4,0.0476
4,7981.4,0.0434
4,7982.4,0.0408
4,7983.4,0.0468
4,7984.4,0.0468
4,7985.4,0.0434
4,7986.4,0.0408
4,7987.4,0.0469
4,7988.4,0.0434
4,7989.4,0.0408
4,7990.4,0.0476
4,7991.5,0.0476
4,7992.5,0.0476
4,7993.5,0.0476
4,7994.5,0.0519
4,7995.5,0.0476
4,7996.5,0.0476
4,7997.5,0.0434
4,7998.6,0.0476
4,8000.6,0.0434
4,8001.6,0.0408
4,8002.6,0.0468
4,8003.6,0.0468
4,8004.6,0.0408
4,8005.6,0.0468
4,8006.6,0.0469
4,8007.6,0.0434
4,8008.6,0.0468
4,8009.6,0.0466
4,8010.6,0.0434
4,8011.6,0.0476
4,8012.6,0.0476
4,8013.6,0.0476
4,8014.6,0.0519
4,8015.6,0.0519
4,8016.6,0.0476
4,8017.6,0.0476
4,8018.6,0.0408
4,8020.6,0.0476
4,8021.6,0.0476
4,8022.6,0.0468
4,8023.6,0.0469
4,8024.6,0.0468
4,8025.6,0.0468
4,8026.7,0.0466
4,8027.7,0.0519
4,8028.7,0.0408
4,8029.7,0.0469
4,8030.7,0.0476
4,8031.7,0.0476
4,8032.7,0.0476
4,8033.7,0.0476
4,8034.7,0.0476
4,8035.7,0.0476
4,8036.7,0.0476
4,8038.7,0.0519
4,8039.7,0.0476
4,8040.7,0.0471
4,8041.8,0.0468
4,8042.8,0.0468
4,8043.8,0.0469
4,8044.8,0.0469
4,8045.8,0.0469
4,8046.8,0.0468
4,8047.8,0.0468
4,8048.8,0.0519
4,8049.8,0.0476
4,8050.8,0.0476
4,8051.8,0.0476
4,8052.8,0.0476
4,8053.9,0.0476
4,8054.9,0.0476
4,8055.9,0.0476
4,8056.9,0.0476
4,8058.9,0.0476
4,8059.9,0.0476
4,8060.9,0.0469
4,8061.9,0.0468
4,8062.9,0.0468
4,8064,0.0468
4,8065,0.0468
4,8066,0.0468
4,8067,0.0468
4,8068,0.0468
4,8069,0.0476
4,8070,0.0476
4,8071,0.0476
4,8072,0.0476
4,8073,0.0476
4,8074,0.0476
4,8075,0.0476
4,8076,0.0476
4,8077.1,0.0476
4,8079.1,0.0476
4,8080.1,0.0476
4,8081.1,0.0469
4,8082.1,0.0468
4,8083.1,0.0468
4,8084.1,0.0468
4,8085.1,0.0468
4,8086.1,0.0468
4,8087.1,0.0466
4,8088.1,0.0468
4,8089.2,0.0476
4,8090.2,0.0476
4,8091.2,0.0476
4,8092.2,0.0476
4,8093.2,0.0476
4,8094.2,0.0476
4,8095.2,0.0476
4,8096.2,0.0476
4,8097.2,0.0476
4,8099.3,0.0476
4,8100.3,0.0476
4,8101.3,0.0469
4,8102.3,0.0468
4,8103.3,0.0468
4,8104.3,0.0469
4,8105.3,0.0468
4,8106.3,0.0468
4,8107.3,0.0469
4,8108.3,0.0469
4,8109.3,0.0476
4,8110.3,0.0476
4,8111.4,0.0476
4,8112.4,0.0476
4,8113.4,0.0476
4,8114.4,0.0476
4,8115.4,0.0476
4,8116.4,0.0476
4,8117.4,0.0476
4,8119.4,0.0476
4,8120.4,0.0476
4,8121.4,0.0468
4,8122.5,0.0469
4,8123.5,0.0468
4,8124.5,0.0469
4,8125.5,0.0468
4,8126.5,0.0468
4,8127.5,0.0466
4,8128.5,0.0468
4,8129.5,0.0476
4,8130.5,0.0476
4,8131.5,0.0476
4,8132.5,0.0476
4,8133.5,0.0476
4,8134.5,0.0476
4,8135.6,0.0476
4,8136.6,0.0476
4,8138.6,0.0476
4,8139.6,0.0476
4,8140.6,0.0468
4,8141.6,0.0466
4,8142.6,0.0466
4,8143.6,0.0468
4,8144.6,0.0468
4,8145.6,0.0468
4,8146.6,0.0468
4,8147.6,0.0468
4,8148.7,0.0476
4,8149.7,0.0476
4,8150.7,0.0476
4,8151.7,0.0476
4,8152.7,0.0476
4,8153.7,0.0476
4,8154.7,0.0476
4,8155.7,0.0476
4,8156.7,0.0476
4,8158.7,0.0476
4,8159.7,0.0476
4,8160.7,0.0468
4,8161.7,0.0468
4,8162.7,0.0468
4,8163.7,0.0468
4,8164.7,0.0468
4,8165.7,0.0468
4,8166.8,0.0469
4,8167.8,0.0468
4,8168.8,0.0476
4,8169.8,0.0476
4,8170.8,0.0476
4,8171.8,0.0476
4,8172.8,0.0476
4,8173.8,0.0476
4,8174.8,0.0476
4,8175.8,0.0476
4,8177.8,0.0476
4,8178.8,0.0476
4,8179.8,0.0468
4,8180.8,0.0468
4,8181.9,0.0468
4,8182.9,0.0468
4,8183.9,0.0468
4,8184.9,0.0468
4,8185.9,0.0468
4,8186.9,0.0469
4,8187.9,0.0476
4,8188.9,0.0476
4,8189.9,0.0476
4,8190.9,0.0476
4,8191.9,0.0476
4,8192.9,0.0476
4,8194,0.0476
4,8195,0.0476
4,8196,0.0476
4,8198,0.0476
4,8199,0.0476
4,8200,0.0468
4,8201,0.0468
4,8202,0.0468
4,8203,0.0468
4,8204,0.0468
4,8205,0.0468
4,8206,0.0468
4,8207,0.0468
4,8208,0.0476
4,8209.1,0.0476
4,8210.1,0.0476
4,8211.1,0.0476
4,8212.1,0.0476
4,8213.1,0.0476
4,8214.1,0.0476
4,8215.1,0.0476
4,8216.1,0.0476
4,8218.1,0.0476
4,8219.1,0.0408
4,8220.2,0.0469
4,8221.2,0.0469
4,8222.2,0.0466
4,8223.2,0.0468
4,8224.2,0.0466
4,8225.2,0.0468
4,8226.2,0.0468
4,8227.2,0.0468
4,8228.2,0.0476
4,8229.2,0.0476
4,8230.2,0.0476
4,8231.2,0.0476
4,8232.2,0.0476
4,8233.3,0.0476
4,8234.3,0.0476
4,8235.3,0.0476
4,8236.3,0.0476
4,8238.3,0.0476
4,8239.3,0.0476
4,8240.3,0.0468
4,8241.3,0.0468
4,8242.3,0.0468
4,8243.3,0.0468
4,8244.4,0.0469
4,8245.4,0.0468
4,8246.4,0.0468
4,8247.4,0.0468
4,8248.4,0.0476
4,8249.4,0.0476
4,8250.5,0.0476
4,8251.5,0.0476
4,8252.5,0.0476
4,8253.5,0.0476
4,8254.5,0.0476
4,8255.5,0.0476
4,8256.5,0.0476
4,8258.5,0.0476
4,8259.5,0.0476
4,8260.5,0.0468
4,8261.5,0.0466
4,8262.5,0.0466
4,8263.5,0.0468
4,8264.5,0.0468
4,8265.6,0.0466
4,8266.6,0.0468
4,8267.6,0.0469
4,8268.6,0.0476
4,8269.6,0.0476
4,8270.6,0.0476
4,8271.6,0.0476
4,8272.6,0.0476
4,8273.7,0.0476
4,8274.7,0.0476
4,8275.7,0.0476
4,8277.7,0.0476
4,8278.7,0.0476
4,8279.7,0.0468
4,8280.7,0.0466
4,8281.7,0.0468
4,8282.7,0.0468
4,8283.7,0.0468
4,8284.7,0.0468
4,8285.7,0.0469
4,8286.7,0.0469
4,8287.7,0.0476
4,8288.7,0.0476
4,8289.7,0.0476
4,8290.7,0.0476
4,8291.7,0.0476
4,8292.8,0.0476
4,8293.8,0.0476
4,8294.8,0.0476
4,8295.8,0.0476
4,8297.8,0.0476
4,8298.8,0.0476
4,8299.8,0.0468
4,8300.8,0.0468
4,8301.8,0.0468
4,8302.8,0.0468
4,8303.8,0.0434
4,8304.9,0.0468
4,8305.9,0.0468
4,8306.9,0.0468
4,8307.9,0.0476
4,8308.9,0.0476
4,8309.9,0.0476
4,8310.9,0.0476
4,8311.9,0.0476
4,8312.9,0.0476
4,8314,0.0476
4,8315,0.0476
4,8316,0.0476
4,8318,0.0476
4,8319,0.0476
4,8320,0.0469
4,8321,0.0469
6,8322,0.0468
6,8323,0.0468
6,8324,0.0468
6,8325,0.0469
6,8326.1,0.0468
6,8327.1,0.0468
6,8328.1,0.0476
6,8329.1,0.0476
6,8330.1,0.0476
6,8331.1,0.0476
6,8332.1,0.0442
6,8333.1,0.0442
6,8334.1,0.0451
6,8335.2,0.0536
6,8336.2,0.0502
6,8338.2,0.0493
6,8339.2,0.0383
6,8340.2,0.0468
6,8341.2,0.0468
6,8342.2,0.0468
6,8343.2,0.0468
6,8344.3,0.0468
6,8345.3,0.0468
6,8346.3,0.0468
6,8347.3,0.0466
6,8348.3,0.051
6,8349.3,0.0434
6,8350.3,0.0519
6,8351.3,0.0561
6,8352.4,0.0527
6,8353.4,0.0527
6,8354.4,0.0493
6,8355.4,0.0493
6,8356.4,0.0502
6,8358.4,0.0546
6,8359.4,0.0544
6,8360.4,0.0502
6,8361.5,0.0544
6,8362.5,0.0468
6,8363.5,0.0468
6,8364.5,0.0468
6,8365.5,0.0468
6,8366.5,0.0502
6,8367.5,0.051
6,8368.5,0.051
6,8369.5,0.0553
6,8370.5,0.0519
6,8371.5,0.0561
6,8372.5,0.0563
6,8373.6,0.0527
6,8374.6,0.057
6,8375.6,0.0536
6,8376.6,0.058
6,8378.6,0.0536
6,8379.6,0.058
6,8380.6,0.0536
6,8381.6,0.0502
6,8382.6,0.0502
6,8383.6,0.0546
6,8384.6,0.0546
6,8385.6,0.0546
6,8386.6,0.0544
6,8387.7,0.0544
6,8388.7,0.0546
6,8389.7,0.0588
6,8390.7,0.0546
6,8391.7,0.0597
6,8392.7,0.0554
6,8393.7,0.0563
6,8394.7,0.0605
6,8395.7,0.0648
6,8396.7,0.0571
6,8398.7,0.0614
6,8399.7,0.0614
6,8400.7,0.0656
6,8401.8,0.0656
6,8402.8,0.0614
6,8403.8,0.0614
6,8404.8,0.0614
6,8405.8,0.0656
6,8406.8,0.0614
6,8407.8,0.0614
6,8408.8,0.0656
6,8409.8,0.0571
6,8410.8,0.0622
6,8411.8,0.0493
6,8412.8,0.058
6,8413.8,0.0631
6,8414.9,0.0631
6,8415.9,0.0597
6,8416.9,0.0639
6,8418.9,0.0639
6,8419.9,0.0639
6,8420.9,0.0597
6,8421.9,0.0597
6,8422.9,0.0597
6,8423.9,0.0597
6,8424.9,0.0597
6,8425.9,0.0597
6,8426.9,0.0597
6,8427.9,0.0597
6,8428.9,0.0597
6,8430,0.0648
6,8431,0.0648
6,8432,0.0648
6,8433,0.0614
6,8434,0.0656
6,8435,0.0699
6,8436,0.0656
6,8437,0.0622
6,8439,0.0665
6,8440,0.0665
6,8441,0.0622
6,8442,0.0665
6,8443,0.0707
6,8444,0.0665
6,8445,0.0665
6,8446.1,0.0707
6,8447.1,0.058
6,8448.1,0.0622
6,8449.1,0.0665
6,8450.1,0.0588
6,8451.1,0.0673
6,8452.2,0.0673
6,8453.2,0.0631
6,8454.2,0.0597
6,8455.2,0.0639
6,8456.2,0.0682
6,8457.2,0.0682
6,8459.2,0.0639
6,8460.2,0.0648
6,8461.2,0.069
6,8462.2,0.069
6,8463.2,0.069
6,8464.2,0.069
6,8465.2,0.069
6,8466.2,0.069
6,8467.2,0.0648
6,8468.2,0.069
6,8469.2,0.069
6,8470.2,0.069
6,8471.2,0.0656
6,8472.2,0.0699
6,8473.2,0.0699
6,8474.2,0.0699
6,8475.2,0.0622
6,8477.2,0.0665
6,8478.2,0.0665
6,8479.3,0.0665
6,8480.3,0.0665
6,8481.3,0.0665
6,8482.3,0.0707
6,8483.3,0.0665
6,8484.3,0.0707
6,8485.3,0.0665
6,8486.3,0.0707
6,8487.3,0.0707
6,8488.3,0.0707
6,8489.3,0.0588
6,8490.3,0.0673
6,8491.3,0.0673
6,8492.3,0.0716
6,8493.3,0.0673
6,8495.4,0.0673
6,8496.4,0.0639
6,8497.4,0.0682
6,8498.4,0.0682
6,8499.4,0.0682
6,8500.4,0.0682
6,8501.4,0.0682
6,8502.4,0.0682
6,8503.4,0.0682
6,8504.4,0.0682
6,8505.4,0.0724
6,8506.4,0.0724
6,8507.4,0.0605
6,8508.4,0.0648
6,8509.4,0.069
6,8510.4,0.0735
6,8511.4,0.0735
6,8513.4,0.0735
6,8514.4,0.0735
6,8515.4,0.069
6,8516.4,0.069
6,8517.4,0.0735
6,8518.4,0.0648
6,8519.4,0.069
6,8520.4,0.0777
6,8521.4,0.0648
6,8522.4,0.0735
6,8523.4,0.0656
6,8524.4,0.0699
6,8525.4,0.0743
6,8526.4,0.0741
6,8527.4,0.0743
6,8528.4,0.0786
6,8529.4,0.0699
6,8531.4,0.0707
6,8532.4,0.0707
6,8533.5,0.075
6,8534.5,0.0707
6,8535.5,0.075
6,8536.5,0.0707
6,8537.5,0.075
6,8538.5,0.0707
6,8539.5,0.075
6,8540.5,0.075
6,8541.5,0.075
6,8542.5,0.075
6,8543.5,0.0752
6,8544.5,0.0665
6,8545.5,0.0673
6,8546.5,0.0716
6,8547.5,0.0716
6,8548.6,0.076
6,8549.6,0.076
6,8551.6,0.076
6,8552.6,0.0716
6,8553.6,0.0716
6,8554.6,0.0716
6,8555.6,0.0716
6,8556.6,0.076
6,8557.6,0.0716
6,8558.6,0.0716
6,8559.6,0.0716
6,8560.7,0.0716
6,8561.7,0.076
6,8562.7,0.0716
6,8563.7,0.0724
6,8564.7,0.0724
6,8565.7,0.0767
6,8566.7,0.0767
6,8567.7,0.0724
6,8568.7,0.0726
6,8569.7,0.069
6,8571.7,0.0735
6,8572.7,0.0777
6,8573.7,0.0735
6,8574.8,0.0777
6,8575.8,0.0777
6,8576.8,0.0733
6,8577.8,0.0777
6,8578.8,0.0777
6,8579.8,0.0735
6,8580.8,0.0777
6,8581.8,0.0777
6,8582.8,0.0777
6,8583.8,0.0777
6,8584.8,0.082
6,8585.8,0.082
6,8586.8,0.0735
6,8587.8,0.0741
6,8588.8,0.0741
6,8589.9,0.0786
6,8591.9,0.0786
6,8592.9,0.0786
6,8593.9,0.0786
6,8594.9,0.0786
6,8595.9,0.0784
6,8596.9,0.0786
6,8597.9,0.0786
6,8598.9,0.0786
6,8599.9,0.0786
6,8600.9,0.0786
6,8601.9,0.0786
6,8602.9,0.0828
6,8603.9,0.0786
6,8605,0.0786
6,8606,0.075
6,8607,0.075
6,8608,0.0794
6,8609,0.0794
6,8610,0.0794
6,8612,0.0794
6,8613,0.0794
6,8614,0.0794
6,8615,0.0794
6,8616,0.0794
6,8617,0.0794
6,8618,0.0836
6,8619,0.0794
6,8620.1,0.0794
6,8621.1,0.0794
6,8622.1,0.0794
6,8623.1,0.075
6,8624.1,0.075
6,8625.1,0.0758
6,8626.1,0.076
6,8627.1,0.0803
6,8628.1,0.0803
6,8629.1,0.0803
6,8630.1,0.0803
6,8632.1,0.0803
6,8633.1,0.0803
6,8634.2,0.076
6,8635.2,0.0803
6,8636.2,0.0803
6,8637.2,0.0758
6,8638.2,0.076
6,8639.2,0.0758
6,8640.2,0.0803
6,8641.2,0.076
6,8642.2,0.0803
6,8643.2,0.076
6,8644.2,0.076
6,8645.2,0.0769
6,8646.3,0.0769
6,8647.3,0.0811
6,8648.3,0.0811
6,8649.3,0.0811
6,8650.3,0.0811
6,8652.3,0.0811
6,8653.3,0.0767
6,8654.3,0.0769
6,8655.3,0.0767
6,8656.3,0.0767
6,8657.3,0.0767
6,8658.3,0.0767
6,8659.4,0.0767
6,8660.4,0.0767
6,8661.4,0.0767
6,8662.4,0.0769
6,8663.4,0.0775
6,8664.4,0.0777
6,8665.4,0.0777
6,8666.4,0.082
6,8667.4,0.082
6,8668.4,0.082
6,8669.4,0.082
6,8670.4,0.082
6,8672.4,0.082
6,8673.4,0.082
6,8674.5,0.082
6,8675.5,0.082
6,8676.5,0.0836
6,8677.5,0.0777
6,8678.5,0.082
6,8679.5,0.0777
6,8680.5,0.082
6,8681.5,0.082
6,8682.5,0.082
6,8683.5,0.0777
6,8684.5,0.0777
6,8685.5,0.0786
6,8686.6,0.0786
6,8687.6,0.0828
6,8688.6,0.0828
6,8689.6,0.0828
6,8690.6,0.0828
6,8692.6,0.0828
6,8693.6,0.0828
6,8694.6,0.0828
6,8695.6,0.0828
6,8696.6,0.087
6,8697.6,0.087
6,8698.6,0.0828
6,8699.6,0.087
6,8700.6,0.087
6,8701.7,0.0828
6,8702.7,0.0828
6,8703.7,0.087
6,8704.7,0.087
6,8705.7,0.0828
6,8706.7,0.0828
6,8707.7,0.0786
6,8708.7,0.0794
6,8709.7,0.0794
6,8710.7,0.0794
6,8712.8,0.0794
6,8713.8,0.0836
6,8714.8,0.0836
6,8715.8,0.0794
6,8716.8,0.0836
6,8717.8,0.0836
6,8718.8,0.0836
6,8719.9,0.0794
6,8720.9,0.0836
6,8721.9,0.0794
6,8722.9,0.0836
6,8723.9,0.0794
6,8724.9,0.0836
6,8725.9,0.0836
6,8726.9,0.0794
6,8727.9,0.0836
6,8728.9,0.0879
6,8729.9,0.0879
6,8730.9,0.0794
6,8732.9,0.0794
6,8733.9,0.0794
6,8734.9,0.0794
6,8735.9,0.0794
6,8736.9,0.0794
6,8737.9,0.0794
6,8738.9,0.0794
6,8739.9,0.0794
6,8740.9,0.0794
6,8741.9,0.0794
6,8743,0.0794
6,8744,0.0803
6,8745,0.0803
6,8746,0.0803
6,8747,0.0803
6,8748,0.0803
6,8749,0.0803
6,8750,0.0803
6,8752,0.0803
6,8753,0.0803
6,8754,0.0803
6,8755,0.0803
6,8756,0.0803
6,8757,0.0803
6,8758,0.0803
6,8759,0.0803
6,8760,0.0803
6,8761,0.0803
6,8762,0.0803
6,8763,0.0803
6,8764,0.0803
6,8765,0.0803
6,8766,0.0803
6,8767,0.0803
6,8768.1,0.0803
6,8769.1,0.0803
6,8771.1,0.0811
6,8772.1,0.0811
6,8773.1,0.0803
6,8774.1,0.0811
6,8775.1,0.0811
6,8776.1,0.0803
6,8777.1,0.0811
6,8778.1,0.0803
6,8779.1,0.0811
6,8780.1,0.0811
6,8781.1,0.0811
6,8782.1,0.0811
6,8783.1,0.0811
6,8784.1,0.0811
6,8785.1,0.0811
6,8786.1,0.0811
6,8787.1,0.0811
6,8788.1,0.0811
6,8789.1,0.0811
6,8791.1,0.0811
6,8792.1,0.0811
6,8793.1,0.0811
6,8794.1,0.0811
6,8795.1,0.0811
6,8796.1,0.0811
6,8797.1,0.0811
6,8798.1,0.0811
6,8799.1,0.0811
6,8800.2,0.0811
6,8801.2,0.0811
6,8802.2,0.0811
6,8803.2,0.0811
6,8804.2,0.0811
6,8805.2,0.0811
6,8806.2,0.0811
6,8807.2,0.0811
6,8808.2,0.0811
6,8809.2,0.0811
6,8811.2,0.0811
6,8812.3,0.0811
6,8813.3,0.082
6,8814.3,0.082
6,8815.3,0.082
6,8816.3,0.082
6,8817.3,0.082
6,8818.3,0.082
6,8819.3,0.082
6,8820.3,0.082
6,8821.3,0.082
6,8822.3,0.082
6,8823.3,0.082
6,8824.3,0.082
6,8825.3,0.082
6,8826.4,0.0836
6,8827.4,0.082
6,8828.4,0.0836
6,8829.4,0.082
6,8831.4,0.0836
6,8832.4,0.082
6,8833.4,0.082
6,8834.4,0.082
6,8835.4,0.0836
6,8836.4,0.082
6,8837.4,0.0836
6,8838.4,0.082
6,8839.5,0.0836
6,8840.5,0.082
6,8841.5,0.0836
6,8842.5,0.082
6,8843.5,0.0836
6,8844.5,0.082
6,8845.5,0.0836
6,8846.5,0.0836
6,8847.5,0.0904
6,8848.5,0.0904
6,8849.5,0.0904
6,8851.5,0.0836
6,8852.5,0.082
6,8853.6,0.082
6,8854.6,0.082
6,8855.6,0.0836
6,8856.6,0.0836
6,8857.6,0.082
6,8858.6,0.082
6,8859.6,0.0836
6,8860.6,0.082
6,8861.6,0.082
6,8862.6,0.082
6,8863.6,0.082
6,8864.6,0.082
6,8865.7,0.082
6,8866.7,0.0828
6,8867.7,0.0828
6,8868.7,0.0828
6,8869.7,0.0828
6,8871.7,0.0828
6,8872.7,0.0828
6,8873.7,0.0828
6,8874.7,0.0828
6,8875.7,0.0828
6,8876.7,0.0828
6,8877.7,0.0828
6,8878.7,0.0828
6,8879.8,0.0828
6,8880.8,0.0828
6,8881.8,0.0828
6,8882.8,0.0828
6,8883.8,0.0828
6,8884.8,0.087
6,8885.8,0.087
6,8886.8,0.087
6,8887.8,0.087
6,8888.8,0.087
6,8889.8,0.087
6,8891.8,0.087
6,8892.8,0.087
6,8893.8,0.087
6,8894.9,0.087
6,8895.9,0.087
6,8896.9,0.087
6,8897.9,0.087
6,8898.9,0.087
6,8899.9,0.087
6,8900.9,0.087
6,8901.9,0.087
6,8902.9,0.087
6,8903.9,0.087
6,8904.9,0.087
6,8905.9,0.087
6,8906.9,0.0913
6,8908,0.087
6,8909,0.0913
6,8910,0.0915
6,8912,0.0915
6,8913,0.0913
6,8914,0.0913
6,8915,0.0913
6,8916,0.0913
6,8917,0.0913
6,8918,0.0913
6,8919,0.0913
6,8920,0.0913
6,8921,0.0913
6,8922.1,0.0913
6,8923.1,0.0913
6,8924.1,0.0913
6,8925.1,0.0913
6,8926.1,0.0913
6,8927.1,0.087
6,8928.1,0.087
6,8929.1,0.087
6,8930.1,0.087
6,8932.1,0.087
6,8933.1,0.087
6,8934.1,0.087
6,8935.1,0.087
6,8936.2,0.087
6,8937.2,0.087
6,8938.2,0.087
6,8939.2,0.087
6,8940.2,0.087
6,8941.2,0.087
6,8942.2,0.087
6,8943.2,0.087
6,8944.2,0.087
6,8945.2,0.0836
6,8946.3,0.087
6,8947.3,0.0828
6,8948.3,0.0828
6,8949.3,0.0828
6,8950.3,0.0836
6,8952.3,0.0828
6,8953.3,0.0836
6,8954.3,0.0828
6,8955.3,0.0836
6,8956.3,0.0828
6,8957.3,0.0836
6,8958.4,0.0836
6,8959.4,0.0828
6,8960.4,0.0836
6,8961.4,0.0794
6,8962.4,0.0836
6,8963.4,0.0794
6,8964.4,0.0836
6,8965.4,0.0794
6,8966.4,0.0879
6,8967.4,0.0879
6,8968.4,0.0879
6,8969.4,0.0879
6,8970.4,0.0879
6,8972.4,0.0879
6,8973.4,0.0879
6,8974.4,0.0879
6,8975.5,0.0879
6,8976.5,0.0879
6,8977.5,0.0879
6,8978.5,0.0879
6,8979.5,0.0879
6,8980.5,0.0879
6,8981.5,0.0879
6,8982.5,0.0879
6,8983.5,0.0879
6,8984.6,0.0879
6,8985.6,0.0879
6,8986.6,0.0879
6,8987.6,0.0879
6,8988.6,0.0879
6,8989.6,0.0879
6,8991.6,0.0879
6,8992.6,0.0879
6,8993.6,0.0879
6,8994.6,0.0879
6,8995.6,0.0879
6,8996.6,0.0879
6,8997.6,0.0879
6,8998.6,0.0879
6,8999.6,0.0879
6,9000.6,0.0879
6,9001.7,0.0879
6,9002.7,0.0879
6,9003.7,0.0921
6,9004.7,0.0879
6,9005.7,0.0921
6,9006.7,0.0879
6,9007.7,0.0921
6,9008.7,0.0921
6,9010.7,0.0921
6,9011.7,0.0921
6,9012.7,0.0921
6,9013.7,0.0921
6,9014.7,0.0921
6,9015.7,0.0921
6,9016.7,0.0879
6,9017.7,0.0921
6,9018.7,0.0921
6,9019.7,0.0921
6,9020.7,0.0921
6,9021.7,0.0921
6,9022.7,0.0921
6,9023.7,0.0879
6,9024.7,0.0921
6,9025.7,0.0879
6,9026.7,0.0879
6,9028.8,0.0879
6,9029.8,0.0879
6,9030.8,0.0836
6,9031.8,0.0879
6,9032.8,0.0836
6,9033.8,0.0836
6,9034.8,0.0803
6,9035.8,0.0803
6,9036.8,0.0803
6,9037.8,0.0836
6,9038.8,0.0879
6,9039.8,0.0836
6,9040.8,0.0803
6,9041.8,0.0803
6,9042.8,0.0803
6,9043.8,0.0836
6,9044.8,0.0836
6,9045.8,0.0803
6,9046.8,0.0836
6,9048.9,0.0803
6,9049.9,0.0836
6,9050.9,0.0803
6,9051.9,0.0803
6,9052.9,0.0803
6,9053.9,0.0803
6,9054.9,0.0803
6,9055.9,0.0836
6,9056.9,0.0803
6,9057.9,0.0803
6,9058.9,0.0803
6,9059.9,0.0803
6,9060.9,0.0803
6,9061.9,0.0887
6,9062.9,0.0887
6,9064,0.0887
6,9065,0.0887
6,9066,0.0887
6,9067,0.0887
6,9069,0.0887
6,9070,0.0887
6,9071,0.0887
6,9072,0.0887
6,9073,0.0887
6,9074,0.0887
6,9075,0.0887
6,9076,0.0887
6,9077,0.0887
6,9078,0.0887
6,9079.1,0.0887
6,9080.1,0.0887
6,9081.1,0.0887
6,9082.1,0.0887
6,9083.1,0.0887
6,9084.1,0.0887
6,9085.1,0.0887
6,9086.1,0.0887
6,9087.1,0.0887
6,9089.1,0.0887
6,9090.1,0.0887
6,9091.1,0.0887
6,9092.1,0.0887
6,9093.1,0.0887
6,9094.1,0.0887
6,9095.2,0.0887
6,9096.2,0.0887
6,9097.2,0.0887
6,9098.2,0.0887
6,9099.2,0.0887
6,9100.2,0.0887
6,9101.2,0.0887
6,9102.2,0.0887
6,9103.2,0.0887
6,9104.2,0.0887
6,9105.2,0.0803
6,9106.2,0.0887
6,9107.3,0.0811
6,9109.3,0.0887
6,9110.3,0.0887
6,9111.3,0.0811
6,9112.3,0.0811
6,9113.3,0.0811
6,9114.3,0.0811
6,9115.3,0.0811
6,9116.3,0.0811
6,9117.3,0.0811
6,9118.4,0.0811
6,9119.4,0.0811
6,9120.4,0.0887
6,9121.4,0.0811
6,9122.4,0.0811
6,9123.4,0.0811
6,9124.4,0.0811
6,9125.4,0.0811
6,9126.4,0.0811
6,9127.4,0.0811
6,9129.5,0.0811
6,9130.5,0.0811
6,9131.5,0.0811
6,9132.5,0.0811
6,9133.5,0.0811
6,9134.5,0.0811
6,9135.5,0.0811
6,9136.5,0.0811
6,9137.5,0.0811
6,9138.5,0.0811
6,9139.5,0.0811
6,9140.5,0.0811
6,9141.6,0.0811
6,9142.6,0.0811
6,9143.6,0.0811
6,9144.6,0.0811
6,9145.6,0.0811
6,9146.6,0.0811
6,9147.6,0.0896
6,9149.6,0.0896
6,9150.6,0.0896
6,9151.6,0.0896
6,9152.6,0.0896
6,9153.6,0.0896
6,9154.6,0.0896
6,9155.7,0.0896
6,9156.7,0.0896
6,9157.7,0.0896
6,9158.7,0.0896
6,9159.7,0.0896
6,9160.7,0.0896
6,9161.7,0.0896
6,9162.7,0.0896
6,9163.7,0.0896
6,9164.7,0.0896
6,9165.7,0.0896
6,9166.8,0.0896
6,9167.8,0.0896
6,9169.8,0.0896
6,9170.8,0.0896
6,9171.8,0.0896
6,9172.8,0.0896
6,9173.8,0.0896
6,9174.8,0.0896
6,9175.9,0.0896
6,9176.9,0.0896
6,9177.9,0.0896
6,9178.9,0.0896
6,9179.9,0.0896
6,9180.9,0.0896
6,9181.9,0.0896
6,9182.9,0.0896
6,9184,0.0896
6,9185,0.0896
6,9186,0.0896
6,9187,0.0896
6,9188,0.0896
6,9190,0.0896
6,9191,0.0896
6,9192,0.0896
6,9193,0.0896
6,9194,0.0896
6,9195,0.0896
6,9196,0.0896
6,9197,0.0896
6,9198,0.0896
6,9199,0.0896
6,9200,0.0896
6,9201,0.0896
6,9202,0.0896
6,9203,0.0896
6,9204,0.0896
6,9205,0.0896
6,9206,0.0896
6,9207,0.0896
6,9208,0.082
6,9210,0.082
6,9211,0.082
6,9212,0.082
6,9213,0.082
6,9214,0.082
6,9215,0.082
6,9216,0.082
6,9217,0.082
6,9218,0.082
6,9219,0.082
6,9220.1,0.082
6,9221.1,0.082
6,9222.1,0.082
6,9223.1,0.082
6,9224.1,0.082
6,9225.1,0.082
6,9226.1,0.082
6,9227.1,0.082
6,9229.1,0.0836
6,9230.1,0.0836
6,9231.1,0.082
6,9232.1,0.082
6,9233.1,0.082
6,9234.1,0.082
6,9235.1,0.0836
6,9236.1,0.082
6,9237.1,0.0836
6,9238.1,0.082
6,9239.1,0.0836
6,9240.1,0.082
6,9241.1,0.082
6,9242.1,0.0836
6,9243.1,0.0836
6,9244.1,0.082
6,9245.1,0.0836
6,9246.2,0.082
6,9248.2,0.0836
6,9249.2,0.0836
6,9250.2,0.082
6,9251.2,0.082
6,9252.2,0.0836
6,9253.2,0.082
6,9254.2,0.0836
6,9255.2,0.082
6,9256.2,0.0836
6,9257.2,0.082
6,9258.2,0.082
6,9259.2,0.082
6,9260.3,0.082
6,9261.3,0.0836
6,9262.3,0.082
6,9263.3,0.0904
6,9264.3,0.0904
6,9265.3,0.0904
6,9266.3,0.0904
6,9268.3,0.0904
6,9269.3,0.0904
6,9270.3,0.0904
6,9271.3,0.0904
6,9272.3,0.0904
6,9273.3,0.0904
6,9274.3,0.0904
6,9275.3,0.0904
6,9276.4,0.0904
6,9277.4,0.0904
6,9278.4,0.0904
6,9279.4,0.0904
6,9280.4,0.0904
6,9281.4,0.0904
6,9282.4,0.0904
6,9283.4,0.0904
6,9284.4,0.0904
6,9285.4,0.0904
6,9286.4,0.0904
6,9288.4,0.0904
6,9289.4,0.0904
6,9290.4,0.0904
6,9291.5,0.0904
6,9292.5,0.0904
6,9293.5,0.0904
6,9294.5,0.0904
6,9295.5,0.0904
6,9296.5,0.0904
6,9297.5,0.0904
6,9298.5,0.0904
6,9299.5,0.0904
6,9300.5,0.0904
6,9301.5,0.0904
6,9302.5,0.0904
6,9303.5,0.0904
6,9304.5,0.0904
6,9305.6,0.0904
6,9306.6,0.0904
6,9308.6,0.0904
6,9309.6,0.0904
6,9310.6,0.0904
6,9311.6,0.0904
6,9312.6,0.0904
6,9313.6,0.0904
6,9314.6,0.0949
6,9315.6,0.0949
6,9316.7,0.0949
6,9317.7,0.0949
6,9318.7,0.0949
6,9319.7,0.0949
6,9320.7,0.0949
6,9321.7,0.0949
6,9322.7,0.0949
6,9323.7,0.0949
6,9324.7,0.0904
6,9325.7,0.0904
6,9326.7,0.0947
6,9328.7,0.0949
6,9329.8,0.0904
6,9330.8,0.0949
6,9331.8,0.0904
6,9332.8,0.0947
6,9333.8,0.0949
6,9334.8,0.0904
6,9335.8,0.0947
6,9336.8,0.0949
6,9337.8,0.0904
6,9338.8,0.0949
6,9339.8,0.0904
6,9340.8,0.0904
6,9341.9,0.0904
6,9342.9,0.0904
6,9343.9,0.0904
6,9344.9,0.0904
6,9345.9,0.0904
6,9346.9,0.0904
6,9348.9,0.0904
6,9350,0.0904
6,9351,0.0904
6,9352,0.0904
6,9353,0.0828
6,9354,0.0904
6,9355,0.0836
6,9356,0.0904
6,9357,0.0904
6,9358,0.0904
6,9359,0.0904
6,9360,0.0904
6,9361,0.0904
6,9362,0.0836
6,9363,0.0904
6,9364,0.0836
6,9365,0.0836
6,9366,0.0836
6,9367,0.0828
6,9369,0.087
6,9370,0.087
6,9371,0.087
6,9372,0.087
6,9373,0.0836
6,9374,0.087
6,9375,0.087
6,9376,0.0904
6,9377,0.087
6,9378,0.087
6,9379,0.0828
6,9380,0.087
6,9381,0.087
6,9382,0.087
6,9383,0.087
6,9384,0.087
6,9385,0.087
6,9386,0.087
6,9388.1,0.087
6,9389.1,0.087
6,9390.1,0.087
6,9391.1,0.087
6,9392.1,0.087
6,9393.1,0.087
6,9394.1,0.087
6,9395.1,0.087
6,9396.1,0.087
6,9397.1,0.087
6,9398.2,0.087
6,9399.2,0.087
6,9400.2,0.087
6,9401.2,0.087
6,9402.2,0.087
6,9403.2,0.087
6,9404.2,0.087
6,9405.2,0.087
6,9406.2,0.087
6,9408.2,0.087
6,9409.3,0.087
6,9410.3,0.087
6,9411.3,0.087
6,9412.3,0.087
6,9413.3,0.087
6,9414.3,0.087
6,9415.3,0.087
6,9416.3,0.087
6,9417.3,0.0913
6,9418.3,0.0913
6,9419.3,0.0913
6,9420.3,0.0913
6,9421.4,0.0913
6,9422.4,0.0913
6,9423.4,0.0913
6,9424.4,0.0913
6,9425.4,0.0913
6,9426.4,0.0913
6,9428.4,0.0913
6,9429.4,0.0913
6,9430.4,0.0913
6,9431.4,0.0913
6,9432.4,0.0913
6,9433.4,0.0915
6,9434.4,0.0913
6,9435.4,0.0913
6,9436.4,0.0913
6,9437.4,0.0913
6,9438.4,0.0915
6,9439.5,0.0913
6,9440.5,0.0915
6,9441.5,0.0913
6,9442.5,0.0915
6,9443.5,0.0915
6,9444.5,0.0913
6,9445.5,0.0913
6,9446.5,0.0913
6,9448.5,0.0913
6,9449.5,0.0913
6,9450.5,0.0913
6,9451.5,0.0913
6,9452.5,0.0913
6,9453.5,0.0913
6,9454.5,0.0913
6,9455.6,0.0913
6,9456.6,0.0913
6,9457.6,0.0913
6,9458.6,0.0913
6,9459.6,0.0913
6,9460.6,0.0913
6,9461.6,0.0913
6,9462.6,0.0913
6,9463.6,0.0913
6,9464.6,0.0913
6,9465.6,0.0913
6,9466.7,0.0913
6,9468.7,0.0913
6,9469.7,0.0913
6,9470.7,0.0913
6,9471.7,0.0913
6,9472.7,0.0913
6,9473.7,0.0913
6,9474.7,0.0913
6,9475.7,0.0913
6,9476.7,0.0913
6,9477.7,0.0913
6,9478.8,0.0913
6,9479.8,0.0913
6,9480.8,0.0913
6,9481.8,0.0915
6,9482.8,0.0913
6,9483.8,0.0915
6,9484.9,0.0913
6,9485.9,0.0913
6,9486.9,0.0913
6,9488.9,0.0913
6,9489.9,0.0915
6,9490.9,0.0913
6,9491.9,0.0913
6,9492.9,0.0913
6,9493.9,0.0913
6,9494.9,0.0913
6,9495.9,0.0913
6,9496.9,0.0913
6,9497.9,0.0913
6,9498.9,0.0913
6,9499.9,0.0913
6,9500.9,0.0913
6,9501.9,0.0913
6,9502.9,0.0913
6,9503.9,0.0913
6,9504.9,0.0913
6,9506.9,0.0913
6,9507.9,0.0913
6,9508.9,0.0915
6,9509.9,0.0913
6,9510.9,0.0913
6,9511.9,0.0915
6,9512.9,0.0915
6,9513.9,0.0913
6,9514.9,0.0913
6,9515.9,0.0913
6,9516.9,0.0913
6,9517.9,0.0913
6,9518.9,0.0915
6,9519.9,0.0913
6,9520.9,0.0913
6,9521.9,0.0913
6,9522.9,0.0957
6,9523.9,0.0913
6,9526,0.0956
6,9527,0.0913
6,9528,0.0913
6,9529,0.0913
6,9530,0.0913
6,9531,0.0957
6,9532,0.0913
6,9533,0.0913
6,9534,0.0957
6,9535,0.0957
6,9536,0.0913
6,9537,0.0913
6,9538,0.0913
6,9539,0.0957
6,9540,0.0957
6,9541,0.0913
6,9542,0.0913
6,9543.1,0.0913
6,9544.1,0.0957
6,9546.1,0.0913
6,9547.1,0.0957
6,9548.1,0.0913
6,9549.1,0.0957
6,9550.1,0.0913
6,9551.1,0.0913
6,9552.1,0.0957
6,9553.1,0.0957
6,9554.1,0.0956
6,9555.1,0.0957
6,9556.1,0.0956
6,9557.2,0.0913
6,9558.2,0.0956
6,9559.2,0.0957
6,9560.2,0.0957
6,9561.2,0.0957
6,9562.2,0.0957
6,9563.2,0.0913
6,9564.2,0.0957
6,9566.2,0.0956
6,9567.2,0.0913
6,9568.3,0.0956
6,9569.3,0.0957
6,9570.3,0.0957
6,9571.3,0.0957
6,9572.3,0.0956
6,9573.3,0.0957
6,9574.3,0.0956
6,9575.3,0.0957
6,9576.3,0.0957
6,9577.4,0.0956
6,9578.4,0.0956
6,9579.4,0.0956
6,9580.4,0.0956
6,9581.4,0.0957
6,9582.4,0.0957
6,9583.4,0.0957
6,9584.4,0.0956
6,9586.4,0.0957
6,9587.4,0.0957
6,9588.4,0.0956
6,9589.4,0.0956
6,9590.4,0.0956
6,9591.4,0.0957
6,9592.4,0.0913
6,9593.4,0.0956
6,9594.4,0.0957
6,9595.4,0.0957
6,9596.4,0.0957
6,9597.4,0.0957
6,9598.4,0.0957
6,9599.4,0.0957
6,9600.4,0.0957
6,9601.4,0.0956
6,9602.4,0.0957
6,9603.4,0.0957
6,9605.4,0.0957
6,9606.4,0.0957
6,9607.4,0.0956
6,9608.4,0.0956
6,9609.4,0.0957
6,9610.4,0.0957
6,9611.4,0.0957
6,9612.4,0.0957
6,9613.4,0.0957
6,9614.4,0.0957
6,9615.4,0.0957
6,9616.5,0.0957
6,9617.5,0.0956
6,9618.5,0.0957
6,9619.5,0.0957
6,9620.5,0.0957
6,9621.5,0.0957
6,9622.5,0.0913
6,9624.5,0.0957
6,9625.5,0.0915
6,9626.5,0.0956
6,9627.5,0.0956
6,9628.5,0.0915
6,9629.6,0.0913
6,9630.6,0.0915
6,9631.6,0.0957
6,9632.6,0.0957
6,9633.6,0.0956
6,9634.6,0.0957
6,9635.6,0.0957
6,9636.6,0.0913
6,9637.6,0.0957
6,9638.6,0.0956
6,9639.6,0.0913
6,9640.7,0.0957
6,9641.7,0.0913
6,9642.7,0.0913
6,9644.7,0.0957
6,9645.7,0.0956
6,9646.7,0.0913
6,9647.7,0.0913
6,9648.7,0.0956
6,9649.7,0.0957
6,9650.7,0.0913
6,9651.8,0.0913
6,9652.8,0.0913
6,9653.8,0.0913
6,9654.8,0.0956
6,9655.8,0.0913
6,9656.8,0.0957
6,9657.8,0.0913
6,9658.8,0.0913
6,9659.8,0.0957
6,9660.8,0.0956
6,9661.8,0.0913
6,9662.8,0.0913
6,9664.8,0.0913
6,9665.9,0.0913
6,9666.9,0.0913
6,9667.9,0.0913
6,9668.9,0.0913
6,9669.9,0.0915
6,9670.9,0.0913
6,9671.9,0.0913
6,9672.9,0.0913
6,9673.9,0.0913
6,9674.9,0.0913
6,9675.9,0.0913
6,9676.9,0.0913
0,9677.9,0.0913
0,9679,0.0913
0,9680,0.0913
0,9681,0.0913
0,9682,0.0913
0,9683,0.0913
0,9685,0.082
0,9686,0.0896
0,9687,0.0811
0,9688,0.0811
0,9689,0.0811
0,9690,0.0811
0,9691,0.0887
0,9692.1,0.0887
0,9693.1,0.093
0,9694.1,0.093
0,9695.1,0.0887
0,9696.1,0.0879
0,9697.1,0.0836
0,9698.1,0.0811
0,9699.1,0.0803
0,9700.1,0.0828
0,9701.1,0.082
0,9702.1,0.0767
0,9703.2,0.0836
0,9705.2,0.0784
0,9706.2,0.0777
0,9707.2,0.0775
0,9708.2,0.0775
0,9709.2,0.0777
0,9710.2,0.0775
0,9711.2,0.0777
0,9712.2,0.0777
0,9713.2,0.0777
0,9714.2,0.0733
0,9715.2,0.0733
0,9716.2,0.076
0,9717.2,0.075
0,9718.3,0.0699
0,9719.3,0.0682
0,9720.3,0.0716
0,9721.3,0.0707
0,9722.3,0.0656
0,9723.3,0.0639
0,9725.3,0.0673
0,9726.3,0.0622
0,9727.3,0.0622
0,9728.3,0.0665
0,9729.4,0.0665
0,9730.4,0.0665
0,9731.4,0.0665
0,9732.4,0.0665
0,9733.4,0.0665
0,9734.4,0.0665
0,9735.4,0.0665
0,9736.4,0.0614
0,9737.4,0.0597
0,9738.4,0.0631
0,9739.4,0.0622
0,9740.5,0.057
0,9741.5,0.0553
0,9742.5,0.0587
0,9743.5,0.058
0,9745.5,0.057
0,9746.5,0.0561
0,9747.5,0.0563
0,9748.5,0.0561
0,9749.5,0.0561
0,9750.5,0.0563
0,9751.5,0.0561
0,9752.5,0.0519
0,9753.5,0.0519
0,9754.5,0.0519
0,9755.5,0.0553
0,9756.6,0.0502
0,9757.6,0.0485
0,9758.6,0.0519
0,9759.6,0.051
0,9760.6,0.0502
0,9761.6,0.0451
0,9762.6,0.0476
0,9764.6,0.0468
0,9765.6,0.0381
0,9766.6,0.0383
0,9767.6,0.0383
0,9768.6,0.0381
0,9769.6,0.0383
0,9770.7,0.0383
0,9771.7,0.0381
0,9772.7,0.0381
0,9773.7,0.0383
0,9774.7,0.0383
0,9775.7,0.0459
0,9776.7,0.0451
0,9777.7,0.0451
0,9778.7,0.04
0,9779.7,0.0442
0,9780.7,0.0442
0,9781.7,0.04
0,9782.7,0.0389
0,9784.7,0.0389
0,9785.8,0.0434
0,9786.8,0.0434
0,9787.8,0.0434
0,9788.8,0.0408
0,9789.8,0.0434
0,9790.8,0.0408
0,9791.8,0.0434
0,9792.8,0.0434
0,9793.8,0.0434
0,9794.8,0.0408
0,9795.8,0.0434
0,9796.8,0.0434
0,9797.9,0.0408
0,9798.9,0.0391
0,9799.9,0.0389
0,9800.9,0.0347
0,9801.9,0.0381
0,9802.9,0.0383
0,9804.9,0.0383
0,9806,0.0383
0,9807,0.0383
0,9808,0.0381
0,9809,0.0381
0,9810,0.0383
0,9811,0.0383
0,9812,0.0381
0,9813,0.0383
0,9814,0.0383
0,9815,0.0381
0,9816,0.0383
0,9817,0.0381
0,9818,0.0383
0,9819,0.0383
0,9820,0.0383
0,9821,0.0381
0,9822,0.0383
0,9823,0.0383
0,9825.1,0.0381
