voltage,time,height
3.5,60.757,0.0396
3.5,61.776,0.0398
3.5,62.791,0.0396
3.5,63.808,0.0396
3.5,64.824,0.0398
3.5,65.843,0.044
3.5,66.861,0.044
3.5,67.863,0.0449
3.5,68.865,0.0457
3.5,69.888,0.0379
3.5,70.906,0.043
3.5,71.926,0.0398
3.5,72.947,0.0396
3.5,73.958,0.0449
3.5,74.975,0.0449
3.5,76.99,0.0362
3.5,78.004,0.0398
3.5,79.018,0.0398
3.5,80.025,0.0398
3.5,81.066,0.0396
3.5,82.08,0.0396
3.5,83.088,0.0398
3.5,84.092,0.0396
3.5,85.094,0.0396
3.5,86.098,0.0398
3.5,87.1,0.0396
3.5,88.101,0.0398
3.5,89.103,0.0483
3.5,90.12,0.0483
3.5,91.134,0.044
3.5,92.147,0.044
3.5,93.149,0.044
3.5,94.152,0.044
3.5,95.154,0.0398
3.5,97.164,0.0396
3.5,98.17,0.0398
3.5,99.183,0.0396
3.5,100.19,0.0396
3.5,101.21,0.0396
3.5,102.22,0.0396
3.5,103.23,0.0396
3.5,104.25,0.0398
3.5,105.26,0.0396
3.5,106.28,0.0396
3.5,107.3,0.0398
3.5,108.32,0.0398
3.5,109.32,0.0396
3.5,110.34,0.0388
3.5,111.36,0.0396
3.5,112.38,0.0388
3.5,113.39,0.0388
3.5,114.41,0.0388
3.5,116.43,0.0388
3.5,117.45,0.0396
3.5,118.48,0.0396
3.5,119.5,0.0396
3.5,120.52,0.0398
3.5,121.54,0.0396
3.5,122.55,0.0388
3.5,123.57,0.0388
3.5,124.58,0.0398
3.5,125.6,0.0396
3.5,126.63,0.0398
3.5,127.65,0.0388
3.5,128.67,0.0389
3.5,129.69,0.0388
3.5,130.7,0.0388
3.5,131.71,0.0388
3.5,132.73,0.0388
3.5,133.75,0.0389
3.5,134.77,0.0389
3.5,136.79,0.0388
3.5,137.79,0.0388
3.5,138.81,0.0388
3.5,139.83,0.0388
3.5,140.85,0.0388
3.5,141.87,0.0389
3.5,142.87,0.0398
3.5,143.89,0.0388
3.5,144.91,0.0396
3.5,145.92,0.0388
3.5,146.92,0.0396
3.5,147.94,0.0388
3.5,148.95,0.0388
3.5,149.95,0.0388
3.5,150.97,0.0388
3.5,151.99,0.0388
3.5,153.01,0.0388
3.5,154.02,0.0388
3.5,155.04,0.0388
3.5,157.05,0.0388
3.5,158.06,0.0388
3.5,159.08,0.0388
3.5,160.1,0.0388
3.5,161.12,0.0388
3.5,162.13,0.0388
3.5,163.13,0.0389
3.5,164.14,0.0388
3.5,165.14,0.0388
3.5,166.15,0.0388
3.5,167.16,0.0389
3.5,168.16,0.0388
3.5,169.16,0.0388
3.5,170.16,0.0388
3.5,171.16,0.0388
3.5,172.17,0.0388
3.5,173.17,0.0388
3.5,174.17,0.0388
3.5,175.17,0.0388
3.5,177.18,0.0388
3.5,178.19,0.0388
3.5,179.19,0.0388
3.5,180.2,0.0388
3.5,181.2,0.0388
3.5,182.21,0.0389
3.5,183.21,0.0388
3.5,184.21,0.0388
3.5,185.22,0.0388
3.5,186.22,0.0388
3.5,187.22,0.0388
3.5,188.22,0.0388
3.5,189.22,0.0388
3.5,190.22,0.0388
3.5,191.23,0.0388
3.5,192.23,0.0388
3.5,193.23,0.0388
3.5,194.23,0.0388
7.5,195.24,0.0388
7.5,197.25,0.0388
7.5,198.26,0.0398
7.5,199.27,0.0398
7.5,200.28,0.0396
7.5,201.29,0.044
7.5,202.31,0.044
7.5,203.33,0.044
7.5,204.35,0.044
7.5,205.37,0.044
7.5,206.39,0.044
7.5,207.41,0.044
7.5,208.43,0.0449
7.5,209.44,0.0457
7.5,210.46,0.0457
7.5,211.48,0.0466
7.5,212.5,0.0474
7.5,213.52,0.0483
7.5,214.53,0.0534
7.5,215.56,0.0544
7.5,217.57,0.0508
7.5,218.59,0.0551
7.5,219.61,0.0508
7.5,220.62,0.0508
7.5,221.64,0.0508
7.5,222.66,0.0508
7.5,223.67,0.0468
7.5,224.68,0.0468
7.5,225.69,0.0466
7.5,226.71,0.0468
7.5,227.73,0.0517
7.5,228.74,0.0483
7.5,229.76,0.0525
7.5,230.76,0.0576
7.5,231.78,0.0587
7.5,232.8,0.0551
7.5,233.81,0.0551
7.5,234.83,0.0604
7.5,235.84,0.0568
7.5,237.86,0.0534
7.5,238.88,0.0621
7.5,239.89,0.0621
7.5,240.91,0.0621
7.5,241.94,0.0621
7.5,242.95,0.0621
7.5,243.97,0.0621
7.5,244.99,0.0621
7.5,246.01,0.0621
7.5,247.03,0.0621
7.5,248.05,0.0621
7.5,249.06,0.0629
7.5,250.08,0.0551
7.5,251.1,0.0593
7.5,252.11,0.0646
7.5,253.13,0.0568
7.5,254.14,0.0655
7.5,255.17,0.0663
7.5,256.19,0.0587
7.5,258.19,0.0672
7.5,259.19,0.0629
7.5,260.2,0.0595
7.5,261.2,0.0593
7.5,262.21,0.0593
7.5,263.21,0.0638
7.5,264.21,0.0638
7.5,265.22,0.0638
7.5,266.22,0.0638
7.5,267.22,0.0638
7.5,268.24,0.068
7.5,269.24,0.0646
7.5,270.25,0.0689
7.5,271.26,0.0655
7.5,272.26,0.0697
7.5,273.26,0.0663
7.5,274.26,0.0663
7.5,275.26,0.0714
7.5,277.27,0.0672
7.5,278.29,0.068
7.5,279.29,0.068
7.5,280.3,0.0724
7.5,281.31,0.0724
7.5,282.33,0.0724
7.5,283.34,0.0723
7.5,284.36,0.0724
7.5,285.37,0.0724
7.5,286.39,0.0723
7.5,287.4,0.0723
7.5,288.42,0.068
7.5,289.43,0.0731
7.5,290.45,0.0689
7.5,291.46,0.0741
7.5,292.47,0.0663
7.5,293.5,0.075
7.5,294.52,0.0706
7.5,295.54,0.0758
7.5,297.56,0.0716
7.5,298.57,0.0724
7.5,299.59,0.0724
7.5,300.6,0.0767
7.5,301.62,0.0767
7.5,302.64,0.0767
7.5,303.65,0.0767
7.5,304.67,0.0767
7.5,305.67,0.0767
7.5,306.69,0.0767
7.5,307.7,0.0767
7.5,308.72,0.0724
7.5,309.74,0.0775
7.5,310.76,0.0731
7.5,311.78,0.0784
7.5,312.8,0.0784
7.5,313.82,0.0792
7.5,314.84,0.0792
7.5,315.87,0.0758
7.5,317.89,0.0801
7.5,318.9,0.0758
7.5,319.91,0.0758
7.5,320.94,0.0758
7.5,321.94,0.0758
7.5,322.96,0.0758
7.5,323.98,0.0758
7.5,324.99,0.0758
7.5,326.01,0.0767
7.5,327.03,0.0767
7.5,328.05,0.0767
7.5,329.05,0.0809
7.5,330.07,0.0767
7.5,331.08,0.0818
7.5,332.1,0.0775
7.5,333.12,0.0784
7.5,334.14,0.0826
7.5,335.15,0.0792
7.5,336.16,0.0835
7.5,338.21,0.0792
7.5,339.21,0.0801
7.5,340.21,0.0801
7.5,341.22,0.0801
7.5,342.23,0.0801
7.5,343.23,0.0801
7.5,344.24,0.0801
7.5,345.24,0.0801
7.5,346.24,0.0801
7.5,347.24,0.0801
7.5,348.24,0.0801
7.5,349.24,0.0801
7.5,350.25,0.0809
7.5,351.25,0.0809
7.5,352.25,0.0809
7.5,353.28,0.0818
7.5,354.29,0.0835
7.5,355.3,0.0818
7.5,356.3,0.0869
7.5,358.3,0.0869
7.5,359.31,0.0826
7.5,360.31,0.0826
7.5,361.31,0.0826
7.5,362.31,0.0826
7.5,363.31,0.0826
7.5,364.32,0.0826
7.5,365.33,0.0826
7.5,366.34,0.0826
7.5,367.35,0.0826
7.5,368.37,0.0835
7.5,369.38,0.0879
7.5,370.39,0.0835
7.5,371.41,0.0886
7.5,372.42,0.0887
7.5,373.44,0.0809
7.5,374.46,0.0896
7.5,375.47,0.0896
7.5,377.49,0.0835
7.5,378.5,0.0818
7.5,379.52,0.0835
7.5,380.54,0.0818
7.5,381.55,0.0903
7.5,382.57,0.0904
7.5,383.59,0.0904
7.5,384.6,0.0903
7.5,385.61,0.0904
7.5,386.64,0.0903
7.5,387.66,0.0904
7.5,388.67,0.0904
7.5,389.69,0.0869
7.5,390.7,0.0913
7.5,391.72,0.0956
7.5,392.73,0.087
7.5,393.75,0.0921
7.5,394.77,0.0921
7.5,395.77,0.0879
7.5,397.79,0.093
7.5,398.79,0.093
7.5,399.81,0.093
7.5,400.83,0.093
7.5,401.85,0.093
7.5,402.87,0.093
7.5,403.89,0.093
7.5,404.91,0.093
7.5,405.92,0.093
7.5,406.94,0.093
7.5,407.96,0.093
7.5,408.99,0.0886
7.5,410,0.0894
7.5,411.02,0.0939
7.5,412.04,0.0939
7.5,413.06,0.0903
7.5,414.08,0.0947
7.5,415.1,0.0989
7.5,416.1,0.0911
7.5,418.13,0.0956
7.5,419.13,0.0956
7.5,420.15,0.0956
7.5,421.17,0.0956
7.5,422.18,0.0956
7.5,423.19,0.0956
7.5,424.23,0.0956
7.5,425.25,0.0956
7.5,426.25,0.0956
7.5,427.25,0.0998
7.5,428.26,0.0998
7.5,429.26,0.0956
7.5,430.27,0.0964
7.5,431.27,0.0964
7.5,432.27,0.1006
7.5,433.27,0.093
7.5,434.27,0.0973
7.5,435.28,0.0973
7.5,436.28,0.093
7.5,438.29,0.0939
7.5,439.31,0.0981
7.5,440.32,0.0981
7.5,441.33,0.0981
7.5,442.33,0.0981
7.5,443.34,0.0981
7.5,444.35,0.0981
7.5,445.35,0.0981
7.5,446.36,0.0981
7.5,447.36,0.0981
7.5,448.36,0.0981
7.5,449.36,0.0981
7.5,450.41,0.0947
7.5,451.42,0.0989
7.5,452.44,0.0989
7.5,453.46,0.0989
7.5,454.48,0.0956
7.5,455.5,0.0998
7.5,456.51,0.0998
7.5,458.53,0.1042
7.5,459.54,0.0998
7.5,460.56,0.0998
7.5,461.58,0.0998
7.5,462.6,0.0998
7.5,463.61,0.0998
7.5,464.62,0.0998
7.5,465.63,0.0998
7.5,466.63,0.0964
7.5,467.65,0.0964
7.5,468.67,0.0964
7.5,469.69,0.1006
7.5,470.7,0.1006
7.5,471.72,0.1049
7.5,472.74,0.0973
7.5,473.75,0.1015
7.5,474.77,0.1015
7.5,475.79,0.1059
7.5,476.81,0.0981
7.5,478.83,0.1023
7.5,479.83,0.1023
7.5,480.85,0.1023
7.5,481.88,0.1023
7.5,482.9,0.1023
7.5,483.92,0.1023
7.5,484.94,0.1023
7.5,485.95,0.1023
7.5,486.97,0.1023
7.5,487.98,0.1023
7.5,489,0.1023
7.5,490.02,0.1068
7.5,491.03,0.1023
7.5,492.04,0.0989
7.5,493.06,0.1032
7.5,494.08,0.1076
7.5,495.09,0.1032
7.5,496.12,0.0998
7.5,497.13,0.1042
7.5,499.15,0.1085
7.5,500.16,0.1085
7.5,501.18,0.1085
7.5,502.2,0.1085
7.5,503.21,0.1085
7.5,504.22,0.1085
7.5,505.26,0.1085
7.5,506.28,0.1085
7.5,507.28,0.1085
7.5,508.28,0.1085
7.5,509.29,0.1085
7.5,510.3,0.1042
7.5,511.3,0.1049
7.5,512.3,0.1049
7.5,513.3,0.1093
7.5,514.3,0.1049
7.5,515.3,0.1015
7.5,516.31,0.1059
7.5,517.31,0.1059
7.5,519.31,0.1102
7.5,520.32,0.1102
7.5,521.34,0.1102
7.5,522.36,0.1059
7.5,523.4,0.1059
7.5,524.4,0.1059
7.5,525.4,0.1059
7.5,526.41,0.1059
7.5,527.42,0.1059
7.5,528.42,0.1059
7.5,529.43,0.1059
7.5,530.43,0.1023
7.5,531.43,0.1068
7.5,532.43,0.1068
7.5,533.43,0.111
7.5,534.43,0.1068
7.5,535.45,0.1032
7.5,536.46,0.1076
7.5,537.47,0.1076
7.5,539.48,0.1119
7.5,540.49,0.1119
7.5,541.51,0.1119
7.5,542.53,0.1076
7.5,543.55,0.1076
7.5,544.56,0.1076
7.5,545.57,0.1076
7.5,546.58,0.1076
7.5,547.59,0.1076
7.5,548.59,0.1076
7.5,549.61,0.1076
7.5,550.63,0.1076
7.5,551.64,0.1085
7.5,552.67,0.1085
7.5,553.67,0.1127
7.5,554.69,0.1127
7.5,555.7,0.1085
7.5,556.72,0.1093
7.5,557.73,0.1093
7.5,559.75,0.1136
7.5,560.77,0.1136
7.5,561.79,0.1136
7.5,562.79,0.1136
7.5,563.82,0.1136
7.5,564.83,0.1136
7.5,565.85,0.1136
7.5,566.86,0.1136
7.5,567.88,0.1136
7.5,568.89,0.1136
7.5,569.91,0.1136
7.5,570.93,0.1093
7.5,571.95,0.1093
7.5,572.97,0.1102
7.5,573.98,0.1102
7.5,575,0.1144
7.5,576.01,0.1144
7.5,577.03,0.1102
7.5,578.05,0.1066
7.5,580.07,0.111
7.5,581.07,0.111
7.5,582.09,0.111
7.5,583.1,0.111
7.5,584.12,0.111
7.5,585.14,0.111
7.5,586.16,0.111
7.5,587.17,0.111
7.5,588.18,0.111
7.5,589.2,0.111
7.5,590.22,0.111
7.5,591.24,0.1153
7.5,592.25,0.111
7.5,593.27,0.111
7.5,594.29,0.1076
7.5,595.32,0.1119
7.5,596.33,0.1119
7.5,597.34,0.1161
7.5,598.37,0.1161
7.5,600.37,0.1119
7.5,601.38,0.1119
7.5,602.39,0.1119
7.5,603.41,0.1119
7.5,604.44,0.1119
7.5,605.45,0.1119
7.5,606.45,0.1119
7.5,607.49,0.1119
7.5,608.49,0.1119
7.5,609.5,0.1119
7.5,610.51,0.1119
7.5,611.52,0.1127
7.5,612.54,0.1127
7.5,613.54,0.117
7.5,614.56,0.117
7.5,615.57,0.1127
7.5,616.59,0.1127
7.5,617.61,0.1136
7.5,618.62,0.1136
7.5,620.64,0.1178
7.5,621.65,0.1178
7.5,622.68,0.1178
7.5,623.69,0.1178
7.5,624.71,0.1178
7.5,625.73,0.1178
7.5,626.74,0.1178
7.5,627.76,0.1178
7.5,628.77,0.1178
7.5,629.79,0.1178
7.5,630.81,0.1178
7.5,631.84,0.1178
7.5,632.84,0.1136
7.5,633.86,0.1136
7.5,634.87,0.1144
7.5,635.89,0.1144
7.5,636.92,0.1144
7.5,637.93,0.1187
7.5,638.95,0.1187
7.5,640.97,0.1144
7.5,641.99,0.1144
7.5,643.01,0.1144
7.5,644.03,0.1144
7.5,645.04,0.1144
7.5,646.06,0.1144
7.5,647.06,0.1144
7.5,648.09,0.1144
7.5,649.11,0.1144
7.5,650.11,0.1144
7.5,651.13,0.1144
7.5,652.13,0.1153
7.5,653.15,0.1153
7.5,654.17,0.1195
7.5,655.19,0.1197
7.5,656.21,0.1195
7.5,657.23,0.1153
7.5,658.24,0.1153
7.5,659.27,0.1161
7.5,661.28,0.1161
7.5,662.3,0.1161
7.5,663.31,0.1161
7.5,664.32,0.1161
7.5,665.36,0.1161
7.5,666.38,0.1161
7.5,667.39,0.1161
7.5,668.39,0.1161
7.5,669.39,0.1161
7.5,670.4,0.1161
7.5,671.4,0.1161
7.5,672.4,0.1204
7.5,673.4,0.1204
7.5,674.4,0.1161
7.5,675.4,0.1161
7.5,676.4,0.1161
7.5,677.42,0.117
7.5,678.43,0.117
7.5,679.44,0.1212
7.5,681.45,0.1214
7.5,682.46,0.1212
7.5,683.5,0.1212
7.5,684.51,0.1212
7.5,685.51,0.1212
7.5,686.51,0.1212
7.5,687.51,0.1214
7.5,688.53,0.1212
7.5,689.53,0.1212
7.5,690.54,0.1212
7.5,691.54,0.1212
7.5,692.54,0.117
7.5,693.54,0.117
7.5,694.54,0.117
7.5,695.54,0.1178
7.5,696.55,0.1178
7.5,697.56,0.1221
7.5,698.57,0.1222
7.5,699.57,0.1221
7.5,701.59,0.1178
7.5,702.6,0.1178
7.5,703.62,0.1178
7.5,704.64,0.1178
7.5,705.64,0.1178
7.5,706.66,0.1178
7.5,707.67,0.1178
7.5,708.69,0.1178
7.5,709.71,0.1178
7.5,710.73,0.1178
7.5,711.74,0.1178
7.5,712.75,0.1178
7.5,713.77,0.1187
7.5,714.79,0.1187
7.5,715.8,0.1187
7.5,716.81,0.1231
7.5,717.83,0.1231
7.5,718.85,0.1231
7.5,719.87,0.1187
7.5,721.88,0.1187
7.5,722.9,0.1187
7.5,723.92,0.1187
7.5,724.93,0.1187
7.5,725.95,0.1187
7.5,726.97,0.1187
7.5,727.99,0.1187
7.5,729,0.1187
7.5,730.02,0.1187
7.5,731.04,0.1187
7.5,732.05,0.1187
7.5,733.07,0.1195
7.5,734.09,0.1195
7.5,735.11,0.1197
7.5,736.13,0.1239
7.5,737.14,0.1239
7.5,738.16,0.1239
7.5,739.18,0.1197
7.5,740.19,0.1195
7.5,742.21,0.1197
7.5,743.23,0.1205
7.5,744.24,0.1204
7.5,745.26,0.1204
7.5,746.28,0.1204
7.5,747.29,0.1205
7.5,748.31,0.1204
7.5,749.33,0.1204
7.5,750.35,0.1205
7.5,751.36,0.1204
7.5,752.37,0.1205
7.5,753.38,0.1204
7.5,754.41,0.1204
7.5,755.43,0.1248
7.5,756.43,0.1248
7.5,757.44,0.1248
7.5,758.44,0.1204
7.5,759.45,0.1204
7.5,760.45,0.1204
7.5,762.45,0.1212
7.5,763.45,0.1212
7.5,764.45,0.1212
7.5,765.45,0.1212
7.5,766.46,0.1212
7.5,767.46,0.1212
7.5,768.46,0.1212
7.5,769.47,0.1212
7.5,770.48,0.1212
7.5,771.49,0.1212
7.5,772.49,0.1212
7.5,773.51,0.1256
7.5,774.52,0.1256
7.5,775.55,0.1256
7.5,776.56,0.1256
7.5,777.57,0.1212
7.5,778.57,0.1212
7.5,780.59,0.1212
7.5,781.59,0.1212
7.5,782.59,0.1212
7.5,783.6,0.1212
7.5,784.6,0.1212
7.5,785.6,0.1212
7.5,786.6,0.1212
7.5,787.6,0.1212
7.5,788.61,0.1222
7.5,789.61,0.1222
7.5,790.63,0.1222
7.5,791.63,0.1222
7.5,792.66,0.1222
7.5,793.67,0.1221
7.5,794.7,0.1265
7.5,795.71,0.1265
7.5,796.73,0.1265
7.5,797.74,0.1222
7.5,798.75,0.1222
7.5,800.76,0.1222
7.5,801.78,0.1222
7.5,802.8,0.1222
7.5,803.82,0.1222
7.5,804.83,0.1221
7.5,805.85,0.1221
7.5,806.87,0.1222
7.5,807.89,0.1222
7.5,808.9,0.1222
7.5,809.91,0.1222
7.5,810.93,0.1222
7.5,811.94,0.1229
7.5,812.96,0.1231
7.5,813.97,0.1231
7.5,815,0.1231
7.5,816.01,0.1231
7.5,817.03,0.1231
7.5,818.05,0.1229
7.5,819.05,0.1229
7.5,821.07,0.1229
7.5,822.08,0.1231
7.5,823.1,0.1229
7.5,824.12,0.1229
7.5,825.13,0.1231
7.5,826.15,0.1229
7.5,827.17,0.1229
7.5,828.19,0.1231
7.5,829.2,0.1229
7.5,830.22,0.1231
7.5,831.23,0.1229
7.5,832.25,0.1231
7.5,833.26,0.1239
7.5,834.28,0.1239
7.5,835.3,0.1239
7.5,836.31,0.1239
7.5,837.33,0.1239
7.5,838.35,0.1239
7.5,839.37,0.1239
7.5,841.39,0.1239
7.5,842.39,0.1239
7.5,843.41,0.1239
7.5,844.44,0.1239
7.5,845.46,0.1239
7.5,846.46,0.1239
7.5,847.46,0.1239
7.5,848.47,0.1239
7.5,849.48,0.1239
7.5,850.48,0.1239
7.5,851.48,0.1239
7.5,852.48,0.1239
7.5,853.48,0.1239
7.5,854.49,0.1248
7.5,855.49,0.1248
7.5,856.49,0.1248
7.5,857.49,0.1248
7.5,858.49,0.1248
7.5,859.49,0.1248
7.5,861.49,0.1248
7.5,862.5,0.1248
7.5,863.51,0.1248
7.5,864.52,0.1248
7.5,865.52,0.1248
7.5,866.53,0.1248
7.5,867.55,0.1248
7.5,868.59,0.1248
7.5,869.59,0.1248
7.5,870.6,0.1248
7.5,871.61,0.1248
7.5,872.61,0.1248
7.5,873.61,0.1248
7.5,874.61,0.1248
7.5,875.62,0.1248
7.5,876.62,0.1256
7.5,877.62,0.1256
7.5,878.62,0.1256
7.5,880.62,0.1256
7.5,881.63,0.1256
7.5,882.64,0.1299
7.5,883.65,0.1299
7.5,884.66,0.1299
7.5,885.67,0.1299
7.5,886.68,0.1299
7.5,887.7,0.1299
7.5,888.72,0.1299
7.5,889.73,0.1299
7.5,890.75,0.1299
7.5,891.77,0.1299
7.5,892.8,0.1299
7.5,893.81,0.1299
7.5,894.83,0.1299
7.5,895.85,0.1256
7.5,896.86,0.1256
7.5,897.88,0.1256
7.5,899.9,0.1256
7.5,900.91,0.1265
7.5,901.93,0.1265
7.5,902.95,0.1265
7.5,903.97,0.1265
7.5,904.98,0.1265
7.5,906.01,0.1265
7.5,907.02,0.1265
7.5,908.04,0.1265
7.5,909.05,0.1265
7.5,910.06,0.1265
7.5,911.08,0.1265
7.5,912.1,0.1265
7.5,913.11,0.1265
7.5,914.13,0.1307
7.5,915.14,0.1307
7.5,916.16,0.1307
7.5,917.16,0.1307
7.5,918.18,0.1307
7.5,920.2,0.1307
7.5,921.21,0.1265
7.5,922.23,0.1265
7.5,923.24,0.1265
7.5,924.26,0.1265
7.5,925.27,0.1265
7.5,926.29,0.1265
7.5,927.31,0.1265
7.5,928.33,0.1265
7.5,929.34,0.1265
7.5,930.36,0.1265
7.5,931.38,0.1265
7.5,932.39,0.1265
7.5,933.41,0.1265
7.5,934.43,0.1265
7.5,935.47,0.1265
7.5,936.48,0.1229
7.5,937.48,0.1229
7.5,938.5,0.1316
7.5,940.5,0.1316
7.5,941.51,0.1316
7.5,942.53,0.1316
7.5,943.53,0.1316
7.5,944.54,0.1316
7.5,945.55,0.1316
7.5,946.57,0.1316
7.5,947.58,0.1316
7.5,948.62,0.1316
7.5,949.63,0.1316
7.5,950.63,0.1316
7.5,951.64,0.1316
7.5,952.65,0.1316
7.5,953.65,0.1316
7.5,954.65,0.1316
7.5,955.66,0.1229
7.5,956.66,0.1239
7.5,957.66,0.1239
7.5,958.66,0.1239
7.5,960.66,0.1239
7.5,961.67,0.1239
7.5,962.68,0.1239
7.5,963.69,0.1239
7.5,964.7,0.1239
7.5,965.72,0.1239
7.5,966.73,0.1239
7.5,967.75,0.1239
7.5,968.77,0.1239
7.5,969.78,0.1239
7.5,970.8,0.1239
7.5,971.82,0.1239
7.5,972.83,0.1239
7.5,973.85,0.1239
7.5,974.86,0.1324
7.5,975.87,0.1324
7.5,976.89,0.1324
7.5,977.91,0.1324
7.5,979.93,0.1324
7.5,980.94,0.1324
7.5,981.97,0.1324
7.5,982.98,0.1324
7.5,984,0.1324
7.5,985.02,0.1324
7.5,986.03,0.1324
7.5,987.05,0.1324
7.5,988.06,0.1324
7.5,989.07,0.1324
7.5,990.09,0.1324
7.5,991.1,0.1324
7.5,992.12,0.1239
7.5,993.13,0.1239
7.5,994.14,0.1239
7.5,995.16,0.1248
7.5,996.17,0.1248
7.5,997.19,0.1248
7.5,998.2,0.1248
7.5,1000.2,0.1248
7.5,1001.2,0.1248
7.5,1002.2,0.1248
7.5,1003.3,0.1248
7.5,1004.3,0.1248
7.5,1005.3,0.1248
7.5,1006.3,0.1248
7.5,1007.3,0.1248
7.5,1008.3,0.1248
7.5,1009.4,0.1248
7.5,1010.4,0.1248
7.5,1011.4,0.1248
7.5,1012.4,0.1248
7.5,1013.4,0.1248
7.5,1014.4,0.1248
7.5,1015.5,0.1333
7.5,1016.5,0.1333
7.5,1017.5,0.1333
7.5,1018.5,0.1333
7.5,1020.5,0.1333
7.5,1021.5,0.1333
7.5,1022.5,0.1333
7.5,1023.5,0.1333
7.5,1024.5,0.1333
7.5,1025.5,0.1333
7.5,1026.5,0.1333
7.5,1027.5,0.1333
7.5,1028.6,0.1333
7.5,1029.6,0.1333
7.5,1030.6,0.1333
7.5,1031.6,0.1333
7.5,1032.6,0.1333
7.5,1033.6,0.1248
7.5,1034.6,0.1248
7.5,1035.6,0.1256
7.5,1036.6,0.1256
7.5,1037.6,0.1256
7.5,1038.6,0.1256
7.5,1040.7,0.1256
7.5,1041.7,0.1299
7.5,1042.7,0.1299
7.5,1043.7,0.1299
7.5,1044.7,0.1299
7.5,1045.7,0.1299
7.5,1046.7,0.1299
7.5,1047.7,0.1299
7.5,1048.7,0.1299
7.5,1049.7,0.1299
7.5,1050.7,0.1299
7.5,1051.7,0.1299
7.5,1052.7,0.1299
7.5,1053.7,0.1299
7.5,1054.7,0.1299
7.5,1055.8,0.1299
7.5,1056.8,0.1299
7.5,1057.8,0.1341
7.5,1058.8,0.1341
7.5,1060.8,0.1341
7.5,1061.8,0.1341
7.5,1062.8,0.1341
7.5,1063.9,0.1341
7.5,1064.9,0.1341
7.5,1065.9,0.1341
7.5,1066.9,0.1341
7.5,1067.9,0.1341
7.5,1068.9,0.1341
7.5,1070,0.1341
7.5,1071,0.1341
7.5,1072,0.1341
7.5,1073,0.1341
7.5,1074,0.1341
7.5,1075,0.1341
7.5,1076.1,0.1341
7.5,1077.1,0.1299
7.5,1078.1,0.1299
7.5,1079.1,0.1299
7.5,1081.1,0.1299
7.5,1082.1,0.1299
7.5,1083.2,0.1299
7.5,1084.2,0.1299
7.5,1085.2,0.1299
7.5,1086.2,0.1299
7.5,1087.2,0.1299
7.5,1088.2,0.1299
7.5,1089.3,0.1299
7.5,1090.3,0.1299
7.5,1091.3,0.1299
7.5,1092.3,0.1299
7.5,1093.3,0.1299
7.5,1094.3,0.1299
7.5,1095.3,0.1307
7.5,1096.4,0.1307
7.5,1097.4,0.1307
7.5,1098.4,0.1307
7.5,1099.4,0.1307
7.5,1101.4,0.1307
7.5,1102.5,0.1307
7.5,1103.5,0.1307
7.5,1104.5,0.1307
7.5,1105.5,0.1307
7.5,1106.5,0.1307
7.5,1107.5,0.1307
7.5,1108.6,0.1307
7.5,1109.6,0.1307
7.5,1110.6,0.1307
7.5,1111.6,0.1307
7.5,1112.6,0.135
7.5,1113.6,0.135
7.5,1114.6,0.135
7.5,1115.6,0.135
7.5,1116.6,0.135
7.5,1117.6,0.135
7.5,1118.6,0.135
7.5,1119.6,0.135
7.5,1121.6,0.135
7.5,1122.6,0.135
7.5,1123.6,0.135
7.5,1124.6,0.135
7.5,1125.6,0.135
7.5,1126.6,0.135
7.5,1127.7,0.135
7.5,1128.7,0.135
7.5,1129.7,0.135
7.5,1130.7,0.135
7.5,1131.7,0.135
7.5,1132.7,0.135
7.5,1133.7,0.135
7.5,1134.7,0.1307
7.5,1135.7,0.1307
7.5,1136.7,0.1307
7.5,1137.7,0.1307
7.5,1138.7,0.1307
7.5,1139.7,0.1307
7.5,1141.8,0.1307
7.5,1142.8,0.1307
7.5,1143.8,0.1307
7.5,1144.8,0.1307
7.5,1145.8,0.1307
7.5,1146.8,0.1307
7.5,1147.8,0.1307
7.5,1148.9,0.1307
7.5,1149.9,0.1307
7.5,1150.9,0.1307
7.5,1151.9,0.1307
7.5,1152.9,0.1307
7.5,1153.9,0.1307
7.5,1155,0.1316
7.5,1156,0.1316
7.5,1157,0.1316
7.5,1158,0.1316
7.5,1159,0.1316
7.5,1160,0.1316
7.5,1162.1,0.1316
7.5,1163.1,0.1316
7.5,1164.1,0.1316
7.5,1165.1,0.1316
7.5,1166.1,0.1316
7.5,1167.1,0.1316
7.5,1168.2,0.1316
7.5,1169.2,0.1316
7.5,1170.2,0.1316
7.5,1171.2,0.1316
7.5,1172.2,0.1316
7.5,1173.2,0.1316
7.5,1174.3,0.1316
7.5,1175.3,0.1358
7.5,1176.3,0.136
7.5,1177.3,0.1358
7.5,1178.3,0.1358
7.5,1179.3,0.1358
7.5,1180.4,0.1358
7.5,1182.4,0.1358
7.5,1183.4,0.1358
7.5,1184.4,0.1358
7.5,1185.4,0.1358
7.5,1186.4,0.1358
7.5,1187.4,0.1358
7.5,1188.5,0.136
7.5,1189.5,0.1358
7.5,1190.5,0.1358
7.5,1191.5,0.1358
7.5,1192.5,0.1358
7.5,1193.5,0.1358
7.5,1194.6,0.1358
7.5,1195.6,0.1358
7.5,1196.6,0.1358
7.5,1197.6,0.1358
7.5,1198.6,0.1358
7.5,1199.6,0.1358
7.5,1200.6,0.1316
7.5,1202.6,0.1316
7.5,1203.7,0.1316
7.5,1204.7,0.1316
7.5,1205.7,0.1316
7.5,1206.7,0.1316
7.5,1207.7,0.1316
7.5,1208.7,0.1316
7.5,1209.7,0.1316
7.5,1210.8,0.1316
7.5,1211.8,0.1316
7.5,1212.8,0.1316
7.5,1213.8,0.1316
7.5,1214.8,0.1316
7.5,1215.8,0.1316
7.5,1216.8,0.1316
7.5,1217.8,0.1316
7.5,1218.8,0.1316
7.5,1219.8,0.1316
7.5,1220.8,0.1316
7.5,1222.8,0.1316
7.5,1223.8,0.1316
7.5,1224.8,0.1316
7.5,1225.8,0.1316
7.5,1226.9,0.1316
7.5,1227.9,0.1316
7.5,1228.9,0.1316
7.5,1229.9,0.1316
7.5,1230.9,0.1316
7.5,1231.9,0.1316
7.5,1232.9,0.1316
7.5,1234,0.1324
7.5,1235,0.1324
7.5,1236,0.1324
7.5,1237,0.1324
7.5,1238,0.1324
7.5,1239.1,0.1324
7.5,1240.1,0.1324
7.5,1242.1,0.1324
7.5,1243.1,0.1324
7.5,1244.1,0.1324
7.5,1245.1,0.1324
7.5,1246.1,0.1324
7.5,1247.2,0.1324
7.5,1248.2,0.1324
7.5,1249.2,0.1324
7.5,1250.2,0.1324
7.5,1251.2,0.1324
7.5,1252.2,0.1324
7.5,1253.3,0.1324
7.5,1254.3,0.1324
7.5,1255.3,0.1324
7.5,1256.3,0.1324
7.5,1257.3,0.1324
7.5,1258.3,0.1367
7.5,1259.3,0.1369
7.5,1260.4,0.1367
7.5,1262.4,0.1367
7.5,1263.4,0.1367
7.5,1264.4,0.1367
7.5,1265.4,0.1367
7.5,1266.4,0.1367
7.5,1267.5,0.1367
7.5,1268.5,0.1367
7.5,1269.5,0.1367
7.5,1270.5,0.1367
7.5,1271.5,0.1367
7.5,1272.6,0.1367
7.5,1273.6,0.1367
7.5,1274.6,0.1367
7.5,1275.6,0.1367
7.5,1276.6,0.1367
7.5,1277.7,0.1367
7.5,1278.7,0.1367
7.5,1279.7,0.1367
7.5,1280.7,0.1367
7.5,1282.7,0.1367
7.5,1283.7,0.1367
7.5,1284.7,0.1367
7.5,1285.7,0.1367
7.5,1286.7,0.1367
7.5,1287.7,0.1367
7.5,1288.7,0.1367
7.5,1289.7,0.1367
7.5,1290.8,0.1367
7.5,1291.8,0.1367
7.5,1292.8,0.1367
7.5,1293.8,0.1367
7.5,1294.8,0.1367
7.5,1295.8,0.1324
7.5,1296.8,0.1324
7.5,1297.8,0.1324
7.5,1298.8,0.1324
7.5,1299.8,0.1324
7.5,1300.8,0.1324
7.5,1302.9,0.1324
7.5,1303.9,0.1324
7.5,1304.9,0.1324
7.5,1305.9,0.1324
7.5,1306.9,0.1324
7.5,1307.9,0.1324
7.5,1308.9,0.1324
7.5,1310,0.1324
7.5,1311,0.1324
7.5,1312,0.1324
7.5,1313,0.1324
7.5,1314,0.1324
7.5,1315.1,0.1324
7.5,1316.1,0.1324
7.5,1317.1,0.1324
7.5,1318.1,0.1324
7.5,1319.1,0.1324
7.5,1320.1,0.1324
7.5,1321.2,0.1324
7.5,1323.2,0.1324
7.5,1324.2,0.1333
7.5,1325.2,0.1333
7.5,1326.2,0.1248
7.5,1327.2,0.1248
7.5,1328.2,0.1333
7.5,1329.3,0.1324
7.5,1330.3,0.1324
7.5,1331.3,0.1324
7.5,1332.3,0.1333
7.5,1333.3,0.1333
7.5,1334.3,0.1333
7.5,1336.4,0.1367
7.5,1337.4,0.1367
7.5,1338.4,0.1367
7.5,1339.4,0.1367
7.5,1340.4,0.1367
7.5,1341.4,0.1367
7.5,1342.4,0.1367
7.5,1343.5,0.1367
7.5,1344.5,0.1367
7.5,1346.5,0.1367
7.5,1347.5,0.1367
7.5,1348.5,0.1367
7.5,1349.5,0.1367
7.5,1350.5,0.1367
7.5,1351.6,0.1367
7.5,1352.6,0.1369
3.5,1353.6,0.1367
3.5,1354.6,0.1367
3.5,1355.6,0.1367
3.5,1356.6,0.1367
3.5,1357.7,0.1367
3.5,1358.7,0.1367
3.5,1359.7,0.1367
3.5,1360.7,0.1367
3.5,1361.7,0.1367
3.5,1362.7,0.1316
3.5,1363.7,0.1307
3.5,1364.8,0.1256
3.5,1366.8,0.1248
3.5,1367.8,0.1239
3.5,1368.8,0.1239
3.5,1369.8,0.1239
3.5,1370.8,0.1239
3.5,1371.8,0.1239
3.5,1372.8,0.1239
3.5,1373.8,0.1239
3.5,1374.8,0.1239
3.5,1375.8,0.1239
3.5,1376.8,0.1231
3.5,1377.8,0.1307
3.5,1378.8,0.1256
3.5,1379.8,0.1248
3.5,1380.8,0.1239
3.5,1381.8,0.1229
3.5,1382.8,0.1265
3.5,1383.8,0.1256
3.5,1384.8,0.1204
3.5,1386.9,0.1195
3.5,1387.9,0.1195
3.5,1388.9,0.1195
3.5,1389.9,0.1197
3.5,1390.9,0.1197
3.5,1391.9,0.1187
3.5,1392.9,0.1187
3.5,1394,0.1187
3.5,1395,0.1187
3.5,1396,0.1187
3.5,1397,0.1187
3.5,1398,0.1178
3.5,1399,0.117
3.5,1400.1,0.1161
3.5,1401.1,0.1153
3.5,1402.1,0.1153
3.5,1403.1,0.1144
3.5,1404.1,0.1136
3.5,1405.1,0.117
3.5,1407.1,0.1161
3.5,1408.2,0.1119
3.5,1409.2,0.1119
3.5,1410.2,0.1076
3.5,1411.2,0.111
3.5,1412.2,0.111
3.5,1413.2,0.111
3.5,1414.2,0.111
3.5,1415.3,0.111
3.5,1416.3,0.111
3.5,1417.3,0.111
3.5,1418.3,0.1102
3.5,1419.3,0.1059
3.5,1420.3,0.1093
3.5,1421.4,0.1127
3.5,1422.4,0.1119
3.5,1423.4,0.1068
3.5,1424.4,0.1023
3.5,1425.4,0.1059
3.5,1427.4,0.1093
3.5,1428.4,0.1051
3.5,1429.5,0.1006
3.5,1430.5,0.1006
3.5,1431.5,0.1006
3.5,1432.5,0.1041
3.5,1433.5,0.1042
3.5,1434.5,0.1041
3.5,1435.6,0.1041
3.5,1436.6,0.1041
3.5,1437.6,0.1042
3.5,1438.6,0.0998
3.5,1439.6,0.1032
3.5,1440.7,0.1068
3.5,1441.7,0.1015
3.5,1442.7,0.0973
3.5,1443.7,0.1006
3.5,1444.7,0.1041
3.5,1445.7,0.0989
3.5,1447.7,0.0989
3.5,1448.7,0.0981
3.5,1449.7,0.0981
3.5,1450.7,0.0981
3.5,1451.7,0.0981
3.5,1452.7,0.0981
3.5,1453.7,0.1023
3.5,1454.8,0.1023
3.5,1455.8,0.1023
3.5,1456.8,0.0981
3.5,1457.8,0.0981
3.5,1458.8,0.0973
3.5,1459.8,0.0921
3.5,1460.8,0.0964
3.5,1461.8,0.0998
3.5,1462.8,0.0904
3.5,1463.8,0.0947
3.5,1464.8,0.0939
3.5,1466.8,0.0894
3.5,1467.9,0.093
3.5,1468.9,0.093
3.5,1469.9,0.093
3.5,1470.9,0.093
3.5,1471.9,0.093
3.5,1472.9,0.093
3.5,1473.9,0.093
3.5,1474.9,0.093
3.5,1475.9,0.093
3.5,1476.9,0.093
3.5,1477.9,0.0964
3.5,1478.9,0.0879
3.5,1480,0.0913
3.5,1481,0.0835
3.5,1482,0.0904
3.5,1483,0.0894
3.5,1484,0.0809
3.5,1485,0.0887
3.5,1487,0.0801
3.5,1488.1,0.0879
3.5,1489.1,0.0877
3.5,1490.1,0.0879
3.5,1491.1,0.0879
3.5,1492.1,0.0879
3.5,1493.1,0.0879
3.5,1494.1,0.0879
3.5,1495.1,0.0879
3.5,1496.2,0.0879
3.5,1497.2,0.0879
3.5,1498.2,0.0869
3.5,1499.2,0.087
3.5,1500.2,0.0818
3.5,1501.2,0.0818
3.5,1502.2,0.0809
3.5,1503.2,0.0809
3.5,1504.3,0.0801
3.5,1505.3,0.0792
3.5,1507.3,0.0792
3.5,1508.3,0.0792
3.5,1509.3,0.0792
3.5,1510.3,0.0792
3.5,1511.4,0.0792
3.5,1512.4,0.0792
3.5,1513.4,0.0784
3.5,1514.4,0.0784
3.5,1515.4,0.0784
3.5,1516.4,0.0784
3.5,1517.5,0.0784
3.5,1518.5,0.0826
3.5,1519.5,0.0775
3.5,1520.5,0.0818
3.5,1521.5,0.0809
3.5,1522.5,0.0809
3.5,1523.5,0.0801
3.5,1524.6,0.0801
3.5,1525.6,0.0792
3.5,1527.6,0.0792
3.5,1528.6,0.0741
3.5,1529.6,0.0741
3.5,1530.6,0.0741
3.5,1531.7,0.0741
3.5,1532.7,0.0741
3.5,1533.7,0.0741
3.5,1534.7,0.0741
3.5,1535.7,0.0741
3.5,1536.7,0.0741
3.5,1537.7,0.0741
3.5,1538.7,0.0784
3.5,1539.7,0.0733
3.5,1540.7,0.0775
3.5,1541.7,0.0724
3.5,1542.7,0.0767
3.5,1543.7,0.0714
3.5,1544.7,0.0758
3.5,1545.7,0.0672
3.5,1547.7,0.075
3.5,1548.7,0.075
3.5,1549.7,0.075
3.5,1550.7,0.0706
3.5,1551.8,0.0706
3.5,1552.8,0.0706
3.5,1553.8,0.0706
3.5,1554.8,0.0706
3.5,1555.8,0.0706
3.5,1556.8,0.0706
3.5,1557.9,0.0741
3.5,1558.9,0.0697
3.5,1559.9,0.0731
3.5,1560.9,0.0731
3.5,1561.9,0.068
3.5,1562.9,0.0724
3.5,1563.9,0.0638
3.5,1565.9,0.0714
3.5,1566.9,0.0714
3.5,1567.9,0.0714
3.5,1568.9,0.0714
3.5,1569.9,0.0672
3.5,1570.9,0.0672
3.5,1571.9,0.0672
3.5,1572.9,0.0672
3.5,1573.9,0.0672
3.5,1574.9,0.0672
3.5,1575.9,0.0663
3.5,1576.9,0.0706
3.5,1577.9,0.0655
3.5,1578.9,0.0697
3.5,1579.9,0.0655
3.5,1580.9,0.0689
3.5,1581.9,0.0689
3.5,1584,0.0638
3.5,1585,0.0638
3.5,1586,0.068
3.5,1587,0.068
3.5,1588,0.068
3.5,1589,0.068
3.5,1590,0.068
3.5,1591.1,0.068
3.5,1592.1,0.068
3.5,1593.1,0.068
3.5,1594.1,0.068
3.5,1595.1,0.0638
3.5,1596.1,0.0629
3.5,1597.2,0.0672
3.5,1598.2,0.0587
3.5,1599.2,0.0663
3.5,1600.2,0.0621
3.5,1601.2,0.0612
3.5,1602.2,0.0655
3.5,1604.2,0.0612
3.5,1605.2,0.0604
3.5,1606.3,0.0604
3.5,1607.3,0.0604
3.5,1608.3,0.0604
3.5,1609.3,0.0604
3.5,1610.3,0.0604
3.5,1611.3,0.0604
3.5,1612.3,0.0604
3.5,1613.3,0.0646
3.5,1614.4,0.0646
3.5,1615.4,0.0646
3.5,1616.4,0.0604
3.5,1617.4,0.0638
3.5,1618.4,0.0638
3.5,1619.4,0.0595
3.5,1620.4,0.0629
3.5,1621.5,0.0629
3.5,1622.5,0.0587
3.5,1624.5,0.0621
3.5,1625.5,0.0621
3.5,1626.5,0.0621
3.5,1627.5,0.0621
3.5,1628.5,0.0621
3.5,1629.6,0.0621
3.5,1630.6,0.0621
3.5,1631.6,0.0621
3.5,1632.6,0.0621
3.5,1633.6,0.0621
3.5,1634.6,0.0621
3.5,1635.6,0.0534
3.5,1636.6,0.0612
3.5,1637.7,0.0612
3.5,1638.7,0.057
3.5,1639.7,0.0561
3.5,1640.7,0.0604
3.5,1641.7,0.0561
3.5,1642.7,0.0551
3.5,1644.7,0.0595
3.5,1645.7,0.0595
3.5,1646.7,0.0595
3.5,1647.7,0.0595
3.5,1648.7,0.0595
3.5,1649.7,0.0595
3.5,1650.7,0.0553
3.5,1651.8,0.0553
3.5,1652.8,0.0553
3.5,1653.8,0.0551
3.5,1654.8,0.0553
3.5,1655.8,0.0542
3.5,1656.8,0.0587
3.5,1657.8,0.0544
3.5,1658.8,0.0534
3.5,1659.8,0.0576
3.5,1660.8,0.0576
3.5,1661.8,0.0534
3.5,1663.8,0.0525
3.5,1664.8,0.057
3.5,1665.8,0.0568
3.5,1666.9,0.0568
3.5,1667.9,0.057
3.5,1668.9,0.0568
3.5,1669.9,0.057
3.5,1670.9,0.057
3.5,1671.9,0.0568
3.5,1672.9,0.057
3.5,1673.9,0.057
3.5,1674.9,0.0525
3.5,1675.9,0.0483
3.5,1676.9,0.0561
3.5,1677.9,0.0561
3.5,1678.9,0.0517
3.5,1679.9,0.0474
3.5,1680.9,0.0551
3.5,1681.9,0.0551
3.5,1684,0.0508
3.5,1685,0.0495
3.5,1686,0.05
3.5,1687,0.05
3.5,1688,0.05
3.5,1689,0.05
3.5,1690,0.05
3.5,1691,0.05
3.5,1692.1,0.05
3.5,1693.1,0.05
3.5,1694.1,0.05
3.5,1695.1,0.0544
3.5,1696.1,0.0542
3.5,1697.1,0.0493
3.5,1698.2,0.0491
3.5,1699.2,0.0534
3.5,1700.2,0.0534
3.5,1701.2,0.0491
3.5,1702.2,0.0449
3.5,1704.2,0.0483
3.5,1705.3,0.0525
3.5,1706.3,0.0525
3.5,1707.3,0.0525
3.5,1708.3,0.0525
3.5,1709.3,0.0525
3.5,1710.3,0.0525
3.5,1711.3,0.0525
3.5,1712.4,0.0525
3.5,1713.4,0.0525
3.5,1714.4,0.0525
3.5,1715.4,0.0525
3.5,1716.4,0.0483
3.5,1717.4,0.044
3.5,1718.4,0.0474
3.5,1719.5,0.0517
3.5,1720.5,0.0474
3.5,1721.5,0.0432
3.5,1722.5,0.0466
3.5,1724.5,0.0508
3.5,1725.5,0.0508
3.5,1726.5,0.0508
3.5,1727.5,0.0508
3.5,1728.6,0.0508
3.5,1729.6,0.0508
3.5,1730.6,0.0508
3.5,1731.6,0.0508
3.5,1732.6,0.0508
3.5,1733.6,0.0508
3.5,1734.7,0.0466
3.5,1735.7,0.0466
3.5,1736.7,0.0457
3.5,1737.7,0.05
3.5,1738.7,0.0495
3.5,1739.7,0.05
3.5,1740.8,0.0457
3.5,1741.8,0.0449
3.5,1743.8,0.0491
3.5,1744.8,0.0491
3.5,1745.8,0.0491
3.5,1746.8,0.0491
3.5,1747.8,0.0491
3.5,1748.8,0.0491
3.5,1749.8,0.0491
3.5,1750.8,0.0491
3.5,1751.8,0.0491
3.5,1752.8,0.0491
3.5,1753.8,0.0491
3.5,1754.8,0.0483
3.5,1755.9,0.0449
3.5,1756.9,0.044
3.5,1757.9,0.044
3.5,1758.9,0.0483
3.5,1759.9,0.0483
3.5,1762,0.0483
3.5,1763,0.044
3.5,1764,0.044
3.5,1765,0.044
3.5,1766,0.044
3.5,1767,0.044
3.5,1768,0.044
3.5,1769,0.044
3.5,1770,0.044
3.5,1771,0.044
3.5,1772,0.044
3.5,1773,0.0398
3.5,1774,0.0398
3.5,1775,0.0388
3.5,1776,0.0388
3.5,1777,0.0388
3.5,1778,0.0406
3.5,1779,0.0432
3.5,1780,0.0406
3.5,1782,0.0474
3.5,1783,0.0406
3.5,1784.1,0.0432
3.5,1785.1,0.0405
3.5,1786.1,0.0468
3.5,1787.1,0.0432
3.5,1788.1,0.0468
3.5,1789.1,0.0406
3.5,1790.1,0.0432
3.5,1791.2,0.0405
3.5,1792.2,0.043
3.5,1793.2,0.0474
3.5,1794.2,0.0405
3.5,1795.2,0.0432
3.5,1796.2,0.0474
3.5,1797.2,0.0474
3.5,1798.3,0.0406
3.5,1799.3,0.0432
3.5,1800.3,0.0406
3.5,1802.3,0.0432
3.5,1803.3,0.0406
3.5,1804.3,0.0466
3.5,1805.3,0.0468
3.5,1806.4,0.0406
3.5,1807.4,0.0468
3.5,1808.4,0.0432
3.5,1809.4,0.0406
3.5,1810.4,0.0468
3.5,1811.4,0.0468
3.5,1812.4,0.0474
3.5,1813.5,0.0432
3.5,1814.5,0.0474
3.5,1815.5,0.0406
3.5,1816.5,0.0406
3.5,1817.5,0.0432
3.5,1818.5,0.0406
3.5,1819.6,0.0474
3.5,1820.6,0.0432
3.5,1822.6,0.0474
3.5,1823.6,0.0406
3.5,1824.6,0.043
3.5,1825.6,0.043
3.5,1826.6,0.0406
3.5,1827.6,0.0388
3.5,1828.7,0.0432
3.5,1829.7,0.0406
3.5,1830.7,0.0432
3.5,1831.7,0.0406
3.5,1832.7,0.0432
3.5,1833.7,0.0406
3.5,1834.8,0.0432
3.5,1835.8,0.0432
3.5,1836.8,0.0406
3.5,1837.8,0.0432
3.5,1838.8,0.0406
3.5,1839.8,0.0474
3.5,1840.8,0.0406
3.5,1842.8,0.0405
3.5,1843.8,0.0474
3.5,1844.8,0.0432
3.5,1845.8,0.0432
3.5,1846.8,0.0405
3.5,1847.8,0.0406
3.5,1848.8,0.0406
3.5,1849.8,0.0432
3.5,1850.8,0.0432
3.5,1851.8,0.0406
3.5,1852.9,0.0432
3.5,1853.9,0.0406
3.5,1854.9,0.0432
3.5,1855.9,0.0474
3.5,1856.9,0.0432
3.5,1857.9,0.0474
3.5,1859,0.0406
3.5,1860,0.0406
3.5,1862,0.0432
3.5,1863,0.0474
3.5,1864,0.0432
3.5,1865,0.0406
3.5,1866,0.0466
3.5,1867,0.0468
3.5,1868,0.0432
3.5,1869,0.0406
3.5,1870,0.0468
3.5,1871,0.0466
3.5,1872,0.0432
3.5,1873,0.0474
3.5,1874,0.0474
3.5,1875,0.0432
3.5,1876,0.0432
3.5,1877,0.0406
3.5,1878,0.0432
3.5,1879,0.0406
3.5,1880,0.0474
3.5,1882,0.0432
3.5,1883.1,0.0432
3.5,1884.1,0.0405
3.5,1885.1,0.0406
3.5,1886.1,0.0406
3.5,1887.1,0.0432
3.5,1888.1,0.0406
3.5,1889.1,0.0468
3.5,1890.1,0.0405
3.5,1891.1,0.0432
3.5,1892.2,0.0432
3.5,1893.2,0.0406
3.5,1894.2,0.0474
3.5,1895.2,0.0474
3.5,1896.2,0.0406
3.5,1897.2,0.0406
3.5,1898.2,0.0405
3.5,1900.2,0.0432
3.5,1901.3,0.0474
3.5,1902.3,0.0405
3.5,1903.3,0.0432
3.5,1904.3,0.0406
3.5,1905.3,0.0405
3.5,1906.3,0.0432
3.5,1907.3,0.0406
3.5,1908.4,0.0466
3.5,1909.4,0.0406
3.5,1910.4,0.0474
3.5,1911.4,0.0406
3.5,1912.4,0.0474
3.5,1913.4,0.0474
3.5,1914.5,0.0474
3.5,1915.5,0.0474
3.5,1916.5,0.0474
3.5,1917.5,0.0474
3.5,1918.5,0.0474
3.5,1920.5,0.043
3.5,1921.6,0.0432
3.5,1922.6,0.0468
3.5,1923.6,0.0468
3.5,1924.6,0.0406
3.5,1925.6,0.0432
3.5,1926.6,0.0432
3.5,1927.7,0.0406
3.5,1928.7,0.0432
3.5,1929.7,0.0432
3.5,1930.7,0.0406
3.5,1931.7,0.0406
3.5,1932.7,0.0432
3.5,1933.7,0.0432
3.5,1934.8,0.0432
3.5,1935.8,0.0432
3.5,1936.8,0.0406
3.5,1937.8,0.0432
3.5,1938.8,0.0405
3.5,1940.8,0.0406
3.5,1941.8,0.0388
3.5,1942.8,0.0432
3.5,1943.8,0.0406
3.5,1944.8,0.0406
3.5,1945.8,0.0432
3.5,1946.8,0.0405
3.5,1947.8,0.0432
3.5,1948.8,0.0432
3.5,1949.8,0.0405
3.5,1950.8,0.0432
3.5,1951.8,0.0432
3.5,1952.8,0.0406
3.5,1953.9,0.0432
3.5,1954.9,0.0406
3.5,1955.9,0.0432
3.5,1956.9,0.0432
3.5,1957.9,0.0432
3.5,1959.9,0.0406
3.5,1960.9,0.0406
3.5,1961.9,0.0406
3.5,1962.9,0.0406
3.5,1963.9,0.0406
3.5,1964.9,0.0405
3.5,1965.9,0.0432
3.5,1966.9,0.0406
3.5,1967.9,0.0432
3.5,1969,0.0405
3.5,1970,0.0432
3.5,1971,0.0406
3.5,1972,0.0405
3.5,1973,0.0432
3.5,1974.1,0.0432
3.5,1975.1,0.0406
3.5,1976.1,0.0474
3.5,1978.1,0.0474
3.5,1979.1,0.0406
3.5,1980.1,0.0405
3.5,1981.1,0.0432
3.5,1982.1,0.0405
3.5,1983.1,0.0432
3.5,1984.1,0.0432
3.5,1985.1,0.0405
3.5,1986.1,0.0432
3.5,1987.1,0.0432
3.5,1988.1,0.0406
3.5,1989.2,0.0405
3.5,1990.2,0.0432
3.5,1991.2,0.0432
3.5,1992.2,0.0388
3.5,1993.2,0.0406
3.5,1994.2,0.0432
3.5,1995.2,0.0432
3.5,1997.3,0.0432
3.5,1998.3,0.0406
3.5,1999.3,0.0388
3.5,2000.3,0.0432
3.5,2001.3,0.0432
3.5,2002.3,0.0406
3.5,2003.3,0.0432
3.5,2004.4,0.0406
3.5,2005.4,0.0406
3.5,2006.4,0.0432
3.5,2007.4,0.0432
3.5,2008.4,0.0406
3.5,2009.5,0.0432
3.5,2010.5,0.0406
3.5,2011.5,0.0432
3.5,2012.5,0.0406
3.5,2013.5,0.0432
3.5,2014.5,0.0432
3.5,2015.5,0.0406
3.5,2017.6,0.0432
3.5,2018.6,0.0406
3.5,2019.6,0.0405
3.5,2020.6,0.0432
3.5,2021.6,0.0432
3.5,2022.6,0.0406
3.5,2023.7,0.0432
3.5,2024.7,0.0406
3.5,2025.7,0.0432
3.5,2026.7,0.0432
3.5,2027.7,0.0406
3.5,2028.7,0.0432
3.5,2029.7,0.0406
3.5,2030.8,0.0432
3.5,2031.8,0.0406
3.5,2032.8,0.0432
3.5,2033.8,0.0406
3.5,2034.8,0.0432
3.5,2035.9,0.0388
3.5,2037.9,0.0406
3.5,2038.9,0.043
3.5,2039.9,0.0432
3.5,2040.9,0.0406
3.5,2041.9,0.0432
3.5,2042.9,0.0432
3.5,2043.9,0.0432
3.5,2044.9,0.0406
3.5,2045.9,0.0406
3.5,2047,0.0406
3.5,2048,0.0432
3.5,2049,0.0432
3.5,2050,0.0432
3.5,2051,0.0405
3.5,2052,0.0406
3.5,2053,0.0432
3.5,2054.1,0.0406
3.5,2055.1,0.0406
3.5,2056.1,0.0432
3.5,2058.1,0.0432
3.5,2059.1,0.0406
3.5,2060.1,0.0432
3.5,2061.1,0.0406
3.5,2062.1,0.0432
3.5,2063.1,0.0405
3.5,2064.1,0.0432
3.5,2065.1,0.0432
3.5,2066.1,0.0406
3.5,2067.1,0.0432
3.5,2068.1,0.0406
3.5,2069.1,0.0474
3.5,2070.1,0.0406
3.5,2071.1,0.0432
3.5,2072.1,0.0432
3.5,2073.1,0.0406
3.5,2074.1,0.0406
3.5,2075.1,0.0432
3.5,2076.1,0.0406
3.5,2078.1,0.0432
3.5,2079.1,0.0406
3.5,2080.2,0.0432
3.5,2081.2,0.0406
3.5,2082.2,0.0406
3.5,2083.2,0.0432
3.5,2084.2,0.0406
3.5,2085.2,0.0432
3.5,2086.2,0.0405
3.5,2087.2,0.0406
3.5,2088.2,0.0432
3.5,2089.3,0.0406
3.5,2090.3,0.0474
3.5,2091.3,0.0405
3.5,2092.3,0.0406
3.5,2093.3,0.0406
3.5,2094.3,0.0432
3.5,2096.4,0.0432
3.5,2097.4,0.043
3.5,2098.4,0.0406
3.5,2099.4,0.0432
3.5,2100.4,0.0406
3.5,2101.4,0.0432
3.5,2102.5,0.0405
3.5,2103.5,0.0432
3.5,2104.5,0.0406
3.5,2105.5,0.0432
3.5,2106.5,0.0405
3.5,2107.5,0.0432
3.5,2108.6,0.0406
3.5,2109.6,0.0432
3.5,2110.6,0.0432
3.5,2111.6,0.0406
3.5,2112.6,0.0432
3.5,2113.6,0.0474
3.5,2114.6,0.0406
3.5,2116.6,0.0432
3.5,2117.7,0.0406
3.5,2118.7,0.0406
3.5,2119.7,0.0432
3.5,2120.7,0.0432
3.5,2121.7,0.0405
3.5,2122.7,0.0432
3.5,2123.7,0.0406
3.5,2124.8,0.0432
3.5,2125.8,0.0388
3.5,2126.8,0.0388
3.5,2127.8,0.0406
3.5,2128.8,0.0432
3.5,2129.8,0.0432
3.5,2130.8,0.0406
3.5,2131.9,0.0432
3.5,2132.9,0.0405
3.5,2133.9,0.0406
3.5,2134.9,0.0406
3.5,2136.9,0.043
3.5,2137.9,0.0405
3.5,2138.9,0.0432
3.5,2139.9,0.0406
3.5,2140.9,0.0432
3.5,2141.9,0.0406
3.5,2142.9,0.0406
3.5,2143.9,0.0432
3.5,2145,0.0406
3.5,2146,0.0432
3.5,2147,0.0406
3.5,2148,0.0432
3.5,2149,0.0405
3.5,2150,0.0432
3.5,2151,0.0405
3.5,2152,0.0432
3.5,2153,0.0432
3.5,2154,0.0432
3.5,2156,0.0406
3.5,2157,0.0432
3.5,2158,0.0405
3.5,2159,0.0432
3.5,2160.1,0.0406
3.5,2161.1,0.0432
3.5,2162.1,0.0406
3.5,2163.1,0.0432
3.5,2164.1,0.0432
3.5,2165.1,0.0468
3.5,2166.1,0.0432
3.5,2167.1,0.0474
3.5,2168.1,0.0432
3.5,2169.2,0.0406
3.5,2170.2,0.0432
3.5,2171.2,0.0406
3.5,2172.2,0.0474
3.5,2173.2,0.0474
3.5,2175.2,0.0432
3.5,2176.2,0.0432
3.5,2177.2,0.0406
3.5,2178.2,0.0405
3.5,2179.2,0.043
3.5,2180.2,0.0405
3.5,2181.2,0.0432
3.5,2182.2,0.0468
3.5,2183.2,0.0405
3.5,2184.2,0.0406
3.5,2185.2,0.0406
3.5,2186.2,0.0432
3.5,2187.2,0.0406
3.5,2188.2,0.0432
3.5,2189.2,0.0405
3.5,2190.2,0.0432
3.5,2191.2,0.0405
3.5,2193.3,0.0405
3.5,2194.3,0.0432
3.5,2195.3,0.0406
3.5,2196.3,0.0405
3.5,2197.3,0.0432
3.5,2198.3,0.0405
3.5,2199.4,0.0432
3.5,2200.4,0.0406
3.5,2201.4,0.0405
3.5,2202.4,0.0432
3.5,2203.4,0.0406
3.5,2204.4,0.0406
3.5,2205.4,0.0432
3.5,2206.4,0.0406
3.5,2207.5,0.0432
3.5,2208.5,0.0432
3.5,2209.5,0.0405
3.5,2210.5,0.0432
3.5,2211.5,0.0406
3.5,2213.5,0.0406
3.5,2214.5,0.0432
3.5,2215.5,0.0432
3.5,2216.6,0.0432
3.5,2217.6,0.0432
3.5,2218.6,0.0406
3.5,2219.6,0.0432
3.5,2220.6,0.0432
3.5,2221.6,0.0406
3.5,2222.6,0.0406
3.5,2223.7,0.0432
3.5,2224.7,0.0432
3.5,2225.7,0.0406
3.5,2226.7,0.0406
3.5,2227.7,0.0406
3.5,2228.7,0.0405
3.5,2229.8,0.0432
3.5,2230.8,0.0432
3.5,2231.8,0.0406
3.5,2233.8,0.0432
3.5,2234.8,0.0406
3.5,2235.8,0.0432
3.5,2236.8,0.0406
3.5,2237.9,0.0432
3.5,2238.9,0.0406
3.5,2239.9,0.0432
3.5,2240.9,0.0432
3.5,2241.9,0.0406
3.5,2243,0.0432
3.5,2244,0.0406
3.5,2245,0.0406
3.5,2246,0.0432
3.5,2247,0.0406
3.5,2248,0.0432
3.5,2249,0.0406
3.5,2250,0.0406
3.5,2251,0.0432
3.5,2252,0.0406
3.5,2254.1,0.0406
3.5,2255.1,0.0432
3.5,2256.1,0.0406
3.5,2257.1,0.0406
3.5,2258.1,0.0406
3.5,2259.1,0.0432
3.5,2260.2,0.0432
3.5,2261.2,0.0405
3.5,2262.2,0.0432
3.5,2263.2,0.0406
3.5,2264.2,0.0432
3.5,2265.2,0.0405
3.5,2266.2,0.0432
3.5,2267.2,0.0405
3.5,2268.2,0.0474
3.5,2269.3,0.0406
3.5,2270.3,0.0406
3.5,2271.3,0.0432
3.5,2272.3,0.0406
3.5,2274.3,0.0432
3.5,2275.3,0.0406
3.5,2276.3,0.0432
3.5,2277.3,0.0406
3.5,2278.3,0.0432
3.5,2279.4,0.0406
3.5,2280.4,0.0432
3.5,2281.4,0.0468
3.5,2282.4,0.0468
3.5,2283.4,0.0466
3.5,2284.4,0.0432
3.5,2285.5,0.0406
3.5,2286.5,0.0474
3.5,2287.5,0.0474
3.5,2288.5,0.0405
3.5,2289.5,0.0406
3.5,2290.5,0.0432
3.5,2291.5,0.0406
3.5,2292.6,0.0406
3.5,2294.6,0.0432
3.5,2295.6,0.0406
3.5,2296.6,0.0432
3.5,2297.6,0.0405
3.5,2298.6,0.0432
3.5,2299.6,0.0406
3.5,2300.7,0.0432
3.5,2301.7,0.0406
3.5,2302.7,0.0406
3.5,2303.7,0.0406
3.5,2304.7,0.0432
3.5,2305.7,0.0405
3.5,2306.7,0.043
3.5,2307.7,0.0388
3.5,2308.8,0.0405
3.5,2309.8,0.0432
3.5,2310.8,0.0405
3.5,2311.8,0.0432
3.5,2312.8,0.0406
3.5,2314.8,0.0432
3.5,2315.8,0.0405
3.5,2316.9,0.0432
3.5,2317.9,0.0432
3.5,2318.9,0.0406
3.5,2319.9,0.0406
3.5,2320.9,0.0432
3.5,2321.9,0.0406
3.5,2323,0.0432
3.5,2324,0.0406
3.5,2325,0.0432
3.5,2326,0.0405
3.5,2327,0.0388
3.5,2328,0.0406
3.5,2329,0.0432
3.5,2330,0.0406
3.5,2331,0.0432
3.5,2332,0.0406
3.5,2333,0.0405
3.5,2335,0.0432
3.5,2336,0.0406
3.5,2337.1,0.0406
3.5,2338.1,0.043
3.5,2339.1,0.0432
3.5,2340.1,0.0388
3.5,2341.1,0.0406
3.5,2342.1,0.0432
3.5,2343.1,0.0406
3.5,2344.1,0.0432
3.5,2345.2,0.0432
3.5,2346.2,0.0406
3.5,2347.2,0.0406
3.5,2348.2,0.0432
3.5,2349.2,0.0406
3.5,2350.2,0.0432
3.5,2351.2,0.0406
3.5,2352.2,0.0406
3.5,2354.2,0.0432
3.5,2355.2,0.0405
3.5,2356.2,0.0406
3.5,2357.2,0.0432
3.5,2358.2,0.0406
3.5,2359.3,0.0406
3.5,2360.3,0.0405
3.5,2361.3,0.0432
3.5,2362.3,0.0406
3.5,2363.3,0.0432
3.5,2364.3,0.0406
3.5,2365.3,0.0432
3.5,2366.3,0.0406
3.5,2367.4,0.0432
3.5,2368.4,0.0406
3.5,2369.4,0.0432
3.5,2370.4,0.0406
3.5,2372.4,0.0474
3.5,2373.4,0.0474
3.5,2374.5,0.0432
3.5,2375.5,0.0432
3.5,2376.5,0.0468
3.5,2377.5,0.0468
3.5,2378.5,0.0406
3.5,2379.5,0.0468
3.5,2380.5,0.0406
3.5,2381.6,0.0468
3.5,2382.6,0.0474
3.5,2383.6,0.0474
3.5,2384.6,0.0474
3.5,2385.6,0.0432
3.5,2386.6,0.0474
3.5,2387.6,0.0474
3.5,2388.7,0.0406
3.5,2389.7,0.0432
3.5,2390.7,0.0406
3.5,2392.7,0.0432
3.5,2393.7,0.0406
3.5,2394.7,0.0432
3.5,2395.8,0.0406
3.5,2396.8,0.0405
3.5,2397.8,0.0406
3.5,2398.8,0.0432
3.5,2399.8,0.0406
3.5,2400.8,0.0432
3.5,2401.9,0.0468
3.5,2402.9,0.0432
3.5,2403.9,0.0432
3.5,2404.9,0.0406
3.5,2405.9,0.0389
3.5,2406.9,0.0406
3.5,2407.9,0.0406
3.5,2409,0.0474
3.5,2410,0.0474
3.5,2411,0.0474
3.5,2413,0.0474
3.5,2414,0.0432
3.5,2415,0.0466
3.5,2416,0.0466
3.5,2417.1,0.0468
3.5,2418.1,0.0406
3.5,2419.1,0.0468
3.5,2420.1,0.0432
3.5,2421.1,0.0468
3.5,2422.1,0.0468
3.5,2423.1,0.0474
3.5,2424.1,0.0474
3.5,2425.1,0.0406
3.5,2426.1,0.043
3.5,2427.1,0.0474
3.5,2428.1,0.0432
3.5,2429.1,0.0406
3.5,2430.1,0.0406
3.5,2431.1,0.0432
3.5,2433.1,0.0432
3.5,2434.2,0.0388
3.5,2435.2,0.0406
3.5,2436.2,0.0432
3.5,2437.2,0.0432
3.5,2438.2,0.0406
3.5,2439.2,0.043
3.5,2440.3,0.0432
3.5,2441.3,0.0406
3.5,2442.3,0.0432
3.5,2443.3,0.0405
3.5,2444.3,0.0432
3.5,2445.3,0.0432
3.5,2446.3,0.0432
3.5,2447.3,0.0432
3.5,2448.3,0.0406
3.5,2449.3,0.0406
3.5,2450.3,0.0406
3.5,2451.3,0.0432
3.5,2453.3,0.0406
3.5,2454.3,0.0432
3.5,2455.3,0.0406
3.5,2456.3,0.0405
3.5,2457.3,0.0432
3.5,2458.4,0.0406
3.5,2459.4,0.043
3.5,2460.4,0.0432
3.5,2461.4,0.0405
3.5,2462.4,0.0432
3.5,2463.4,0.0406
3.5,2464.5,0.0432
3.5,2465.5,0.0405
3.5,2466.5,0.0406
3.5,2467.5,0.0432
3.5,2468.5,0.0474
3.5,2469.5,0.0406
3.5,2471.5,0.0406
3.5,2472.5,0.0406
3.5,2473.6,0.0432
3.5,2474.6,0.0406
3.5,2475.6,0.0406
3.5,2476.6,0.0432
3.5,2477.6,0.0432
3.5,2478.6,0.0406
3.5,2479.7,0.0432
3.5,2480.7,0.043
3.5,2481.7,0.0432
3.5,2482.7,0.0432
3.5,2483.7,0.0474
3.5,2484.7,0.0474
3.5,2485.7,0.0405
3.5,2486.8,0.0432
3.5,2487.8,0.0405
3.5,2488.8,0.0432
3.5,2490.8,0.0432
3.5,2491.8,0.0406
3.5,2492.8,0.0432
3.5,2493.8,0.0406
3.5,2494.9,0.0406
3.5,2495.9,0.0432
3.5,2496.9,0.0406
3.5,2497.9,0.0432
3.5,2498.9,0.0405
3.5,2499.9,0.0406
3.5,2500.9,0.0432
3.5,2502,0.0406
3.5,2503,0.0406
3.5,2504,0.0432
3.5,2505,0.0405
3.5,2506,0.0406
3.5,2507,0.0406
3.5,2508,0.0432
3.5,2509.1,0.0432
3.5,2511.1,0.0406
3.5,2512.1,0.0406
3.5,2513.1,0.0432
3.5,2514.1,0.0406
3.5,2515.1,0.0405
3.5,2516.1,0.0432
3.5,2517.1,0.0406
3.5,2518.1,0.0388
3.5,2519.1,0.0432
3.5,2520.1,0.0406
3.5,2521.1,0.0432
3.5,2522.1,0.0406
3.5,2523.1,0.0405
3.5,2524.1,0.0432
3.5,2525.1,0.0406
3.5,2526.1,0.0432
3.5,2527.2,0.0405
3.5,2528.2,0.0432
3.5,2529.2,0.0406
3.5,2531.2,0.0432
3.5,2532.2,0.0406
3.5,2533.2,0.0432
3.5,2534.3,0.0405
3.5,2535.3,0.0388
3.5,2536.3,0.0406
3.5,2537.3,0.0432
3.5,2538.3,0.0406
3.5,2539.3,0.0405
3.5,2540.3,0.0406
3.5,2541.3,0.0406
3.5,2542.3,0.0406
3.5,2543.3,0.0432
3.5,2544.3,0.0405
3.5,2545.3,0.0432
3.5,2546.3,0.0432
3.5,2547.3,0.0432
3.5,2548.3,0.0406
3.5,2549.3,0.0432
3.5,2551.3,0.0405
3.5,2552.3,0.0432
3.5,2553.3,0.0406
3.5,2554.3,0.0432
3.5,2555.4,0.0406
3.5,2556.4,0.0432
3.5,2557.4,0.0432
3.5,2558.4,0.0406
3.5,2559.4,0.0432
3.5,2560.4,0.0406
3.5,2561.4,0.0406
3.5,2562.4,0.0405
3.5,2563.5,0.0432
3.5,2564.5,0.0405
3.5,2565.5,0.0405
3.5,2566.5,0.0432
3.5,2567.5,0.0406
3.5,2568.5,0.0432
3.5,2570.6,0.0406
3.5,2571.6,0.0432
3.5,2572.6,0.0406
3.5,2573.6,0.0432
3.5,2574.6,0.0406
3.5,2575.6,0.0432
3.5,2576.6,0.0432
3.5,2577.7,0.0406
3.5,2578.7,0.0406
3.5,2579.7,0.0432
3.5,2580.7,0.0406
3.5,2581.7,0.0432
3.5,2582.7,0.0432
3.5,2583.8,0.0474
3.5,2584.8,0.0474
3.5,2585.8,0.0406
3.5,2586.8,0.0432
3.5,2587.8,0.0405
3.5,2588.8,0.0432
3.5,2590.9,0.0432
3.5,2591.9,0.0405
3.5,2592.9,0.0432
3.5,2593.9,0.0405
3.5,2594.9,0.0406
3.5,2595.9,0.0406
3.5,2596.9,0.0432
3.5,2597.9,0.0406
3.5,2599,0.0432
3.5,2600,0.0406
3.5,2601,0.0406
3.5,2602,0.043
3.5,2603,0.0474
3.5,2604,0.0432
3.5,2605,0.0432
3.5,2606.1,0.0406
3.5,2607.1,0.0406
3.5,2608.1,0.0432
3.5,2609.1,0.0432
3.5,2611.1,0.0406
3.5,2612.1,0.0405
3.5,2613.1,0.0432
3.5,2614.1,0.0432
3.5,2615.1,0.0406
3.5,2616.1,0.0432
3.5,2617.1,0.0432
3.5,2618.1,0.0406
3.5,2619.2,0.0432
3.5,2620.2,0.0406
3.5,2621.2,0.0406
3.5,2622.2,0.0432
3.5,2623.2,0.0406
3.5,2624.2,0.0432
3.5,2625.2,0.0474
3.5,2626.3,0.0432
3.5,2627.3,0.0406
3.5,2628.3,0.0432
3.5,2629.3,0.0474
3.5,2631.3,0.0432
3.5,2632.3,0.0432
3.5,2633.3,0.0406
3.5,2634.3,0.0468
3.5,2635.3,0.0468
3.5,2636.3,0.0432
3.5,2637.3,0.0406
3.5,2638.3,0.0468
3.5,2639.3,0.0432
3.5,2640.3,0.0406
3.5,2641.3,0.0474
3.5,2642.3,0.0406
3.5,2643.4,0.0432
3.5,2644.4,0.0432
3.5,2645.4,0.0406
3.5,2646.4,0.0405
3.5,2647.4,0.0432
3.5,2648.4,0.0406
3.5,2650.4,0.0474
3.5,2651.4,0.0432
3.5,2652.4,0.0406
3.5,2653.5,0.0405
3.5,2654.5,0.0432
3.5,2655.5,0.0406
3.5,2656.5,0.0406
3.5,2657.5,0.0432
3.5,2658.5,0.0432
3.5,2659.6,0.0432
3.5,2660.6,0.0406
3.5,2661.6,0.0406
3.5,2662.6,0.0405
3.5,2663.6,0.0432
3.5,2664.6,0.0432
3.5,2665.6,0.0432
3.5,2666.7,0.0406
3.5,2667.7,0.0432
3.5,2668.7,0.0432
3.5,2670.7,0.0432
3.5,2671.7,0.0406
3.5,2672.7,0.0432
3.5,2673.7,0.0406
3.5,2674.8,0.0432
3.5,2675.8,0.0406
3.5,2676.8,0.0432
3.5,2677.8,0.0405
3.5,2678.8,0.0432
3.5,2679.8,0.0406
3.5,2680.9,0.0432
3.5,2681.9,0.0406
3.5,2682.9,0.0432
3.5,2683.9,0.0432
3.5,2684.9,0.0405
3.5,2685.9,0.0405
3.5,2686.9,0.0474
3.5,2688,0.0405
3.5,2689,0.0432
3.5,2691,0.0406
3.5,2692,0.0432
3.5,2693,0.0432
3.5,2694,0.0432
3.5,2695.1,0.0432
3.5,2696.1,0.0405
3.5,2697.1,0.0466
3.5,2698.1,0.0432
3.5,2699.1,0.0406
3.5,2700.2,0.0406
3.5,2701.2,0.0432
3.5,2702.2,0.0388
3.5,2703.2,0.0406
3.5,2704.2,0.0432
3.5,2705.2,0.0406
3.5,2706.2,0.0474
3.5,2707.2,0.0474
3.5,2708.2,0.0406
3.5,2710.2,0.0405
3.5,2711.2,0.043
3.5,2712.2,0.0406
3.5,2713.2,0.0468
3.5,2714.3,0.0406
3.5,2715.3,0.0405
3.5,2716.3,0.0432
3.5,2717.3,0.0406
3.5,2718.3,0.0432
3.5,2719.3,0.0405
3.5,2720.3,0.0432
3.5,2721.4,0.0406
3.5,2722.4,0.0406
3.5,2723.4,0.0406
3.5,2724.4,0.0432
3.5,2725.4,0.0432
3.5,2726.4,0.0432
3.5,2727.4,0.043
3.5,2728.4,0.0405
3.5,2730.4,0.0432
3.5,2731.4,0.0432
3.5,2732.4,0.0432
3.5,2733.4,0.0432
3.5,2734.4,0.0406
3.5,2735.5,0.0432
3.5,2736.5,0.0432
3.5,2737.5,0.0432
3.5,2738.5,0.0432
3.5,2739.5,0.0405
3.5,2740.5,0.0406
3.5,2741.5,0.0432
3.5,2742.6,0.0432
3.5,2743.6,0.0406
3.5,2744.6,0.0432
3.5,2745.6,0.0406
3.5,2746.6,0.0474
3.5,2747.6,0.0474
3.5,2748.7,0.0432
3.5,2750.7,0.0432
3.5,2751.7,0.0406
3.5,2752.7,0.0432
3.5,2753.7,0.0406
3.5,2754.7,0.0406
3.5,2755.7,0.0406
3.5,2756.8,0.0406
3.5,2757.8,0.0432
7.5,2758.8,0.0405
7.5,2759.8,0.0405
7.5,2760.8,0.0432
7.5,2761.8,0.0406
7.5,2762.9,0.0474
7.5,2763.9,0.0406
7.5,2764.9,0.0432
7.5,2765.9,0.0406
7.5,2766.9,0.0483
7.5,2767.9,0.0491
7.5,2768.9,0.05
7.5,2771,0.0466
7.5,2772,0.0508
7.5,2773,0.0466
7.5,2774,0.0466
7.5,2775,0.043
7.5,2776,0.0389
7.5,2777,0.043
7.5,2778.1,0.0405
7.5,2779.1,0.0432
7.5,2780.1,0.0468
7.5,2781.1,0.0474
7.5,2782.1,0.044
7.5,2783.1,0.0483
7.5,2784.1,0.0534
7.5,2785.2,0.0544
7.5,2786.2,0.0551
7.5,2787.2,0.0517
7.5,2788.2,0.0483
7.5,2789.2,0.057
7.5,2791.2,0.0576
7.5,2792.2,0.0534
7.5,2793.2,0.0534
7.5,2794.2,0.0534
7.5,2795.2,0.0534
7.5,2796.2,0.0534
7.5,2797.2,0.05
7.5,2798.2,0.0542
7.5,2799.2,0.0544
7.5,2800.2,0.0544
7.5,2801.2,0.0544
7.5,2802.3,0.0542
7.5,2803.3,0.0595
7.5,2804.3,0.0604
7.5,2805.3,0.0525
7.5,2806.3,0.0612
7.5,2807.3,0.0621
7.5,2808.3,0.0544
7.5,2809.3,0.0629
7.5,2811.4,0.0638
7.5,2812.4,0.0638
7.5,2813.4,0.0595
7.5,2814.4,0.0595
7.5,2815.4,0.0595
7.5,2816.4,0.0595
7.5,2817.4,0.0595
7.5,2818.4,0.0561
7.5,2819.4,0.0595
7.5,2820.4,0.0561
7.5,2821.4,0.0561
7.5,2822.4,0.0646
7.5,2823.4,0.0612
7.5,2824.4,0.0612
7.5,2825.4,0.0663
7.5,2826.4,0.0587
7.5,2827.4,0.0672
7.5,2828.4,0.0638
7.5,2829.4,0.068
7.5,2831.4,0.0689
7.5,2832.4,0.0689
7.5,2833.5,0.0689
7.5,2834.5,0.0689
7.5,2835.5,0.0689
7.5,2836.5,0.0689
7.5,2837.5,0.0689
7.5,2838.5,0.0689
7.5,2839.5,0.0689
7.5,2840.5,0.0646
7.5,2841.6,0.0697
7.5,2842.6,0.0655
7.5,2843.6,0.0706
7.5,2844.6,0.0663
7.5,2845.6,0.0714
7.5,2846.6,0.0672
7.5,2847.6,0.0723
7.5,2849.7,0.068
7.5,2850.7,0.0689
7.5,2851.7,0.0689
7.5,2852.7,0.0689
7.5,2853.7,0.0731
7.5,2854.7,0.0733
7.5,2855.7,0.0731
7.5,2856.8,0.0731
7.5,2857.8,0.0731
7.5,2858.8,0.0731
7.5,2859.8,0.0731
7.5,2860.8,0.0689
7.5,2861.8,0.0741
7.5,2862.8,0.0697
7.5,2863.9,0.075
7.5,2864.9,0.0706
7.5,2865.9,0.0758
7.5,2866.9,0.0758
7.5,2867.9,0.0723
7.5,2869.9,0.0767
7.5,2871,0.0724
7.5,2872,0.0723
7.5,2873,0.0724
7.5,2874,0.0724
7.5,2875,0.0724
7.5,2876,0.0724
7.5,2877,0.0689
7.5,2878.1,0.0731
7.5,2879.1,0.0731
7.5,2880.1,0.0731
7.5,2881.1,0.0775
7.5,2882.1,0.0733
7.5,2883.1,0.0784
7.5,2884.1,0.0741
7.5,2885.1,0.075
7.5,2886.2,0.0792
7.5,2887.2,0.0758
7.5,2888.2,0.0801
7.5,2890.2,0.0758
7.5,2891.2,0.0767
7.5,2892.2,0.0767
7.5,2893.2,0.0767
7.5,2894.3,0.0767
7.5,2895.3,0.0767
7.5,2896.3,0.0767
7.5,2897.3,0.0767
7.5,2898.3,0.0767
7.5,2899.3,0.0767
7.5,2900.3,0.0809
7.5,2901.3,0.0809
7.5,2902.3,0.0775
7.5,2903.3,0.0818
7.5,2904.3,0.0775
7.5,2905.3,0.0784
7.5,2906.3,0.0826
7.5,2907.3,0.0784
7.5,2908.3,0.0835
7.5,2910.3,0.0792
7.5,2911.4,0.0792
7.5,2912.4,0.0792
7.5,2913.4,0.0792
7.5,2914.4,0.0792
7.5,2915.4,0.0792
7.5,2916.4,0.0792
7.5,2917.5,0.0792
7.5,2918.5,0.0792
7.5,2919.5,0.0801
7.5,2920.5,0.0801
7.5,2921.5,0.0801
7.5,2922.5,0.0801
7.5,2923.5,0.0809
7.5,2924.5,0.0809
7.5,2925.5,0.0809
7.5,2926.5,0.0818
7.5,2927.5,0.0835
7.5,2928.5,0.0818
7.5,2930.5,0.0826
7.5,2931.5,0.0869
7.5,2932.5,0.0869
7.5,2933.5,0.0869
7.5,2934.5,0.0869
7.5,2935.5,0.0869
7.5,2936.5,0.0869
7.5,2937.5,0.0869
7.5,2938.5,0.0869
7.5,2939.6,0.0869
7.5,2940.6,0.0869
7.5,2941.6,0.0835
7.5,2942.6,0.0879
7.5,2943.6,0.0879
7.5,2944.6,0.0801
7.5,2945.6,0.0886
7.5,2946.7,0.0886
7.5,2947.7,0.0809
7.5,2949.7,0.0896
7.5,2950.7,0.0896
7.5,2951.7,0.0894
7.5,2952.7,0.0896
7.5,2953.7,0.0896
7.5,2954.7,0.0894
7.5,2955.7,0.0894
7.5,2956.8,0.0896
7.5,2957.8,0.0894
7.5,2958.8,0.0894
7.5,2959.8,0.0894
7.5,2960.8,0.0818
7.5,2961.8,0.0904
7.5,2962.9,0.0904
7.5,2963.9,0.0826
7.5,2964.9,0.0869
7.5,2965.9,0.0913
7.5,2966.9,0.0956
7.5,2967.9,0.0877
7.5,2969.9,0.0921
7.5,2971,0.0921
7.5,2972,0.0921
7.5,2973,0.0921
7.5,2974,0.0921
7.5,2975,0.0921
7.5,2976,0.0921
7.5,2977,0.0921
7.5,2978.1,0.0921
7.5,2979.1,0.0921
7.5,2980.1,0.0921
7.5,2981.1,0.0921
7.5,2982.1,0.0886
7.5,2983.1,0.093
7.5,2984.2,0.093
7.5,2985.2,0.0896
7.5,2986.2,0.0939
7.5,2987.2,0.0939
7.5,2988.2,0.0894
7.5,2990.2,0.0904
7.5,2991.2,0.0947
7.5,2992.3,0.0947
7.5,2993.3,0.0947
7.5,2994.3,0.0947
7.5,2995.3,0.0947
7.5,2996.3,0.0947
7.5,2997.3,0.0947
7.5,2998.3,0.0947
7.5,2999.3,0.0947
7.5,3000.3,0.0947
7.5,3001.3,0.0989
7.5,3002.3,0.0913
7.5,3003.3,0.0956
7.5,3004.3,0.0956
7.5,3005.3,0.0998
7.5,3006.3,0.0956
7.5,3007.3,0.0964
7.5,3008.3,0.0964
7.5,3010.3,0.1006
7.5,3011.4,0.0964
7.5,3012.4,0.0964
7.5,3013.4,0.0964
7.5,3014.4,0.0964
7.5,3015.4,0.0921
7.5,3016.4,0.0964
7.5,3017.4,0.0921
7.5,3018.5,0.0921
7.5,3019.5,0.0921
7.5,3020.5,0.093
7.5,3021.5,0.0973
7.5,3022.5,0.0973
7.5,3023.5,0.0973
7.5,3024.5,0.0939
7.5,3025.5,0.0981
7.5,3026.5,0.0981
7.5,3027.5,0.0981
7.5,3029.5,0.0947
7.5,3030.5,0.0947
7.5,3031.5,0.0947
7.5,3032.5,0.0947
7.5,3033.5,0.0947
7.5,3034.5,0.0989
7.5,3035.5,0.0989
7.5,3036.5,0.0989
7.5,3037.5,0.0989
7.5,3038.5,0.0989
7.5,3039.5,0.0989
7.5,3040.5,0.1032
7.5,3041.5,0.0989
7.5,3042.5,0.0956
7.5,3043.5,0.0998
7.5,3044.5,0.1041
7.5,3045.5,0.0998
7.5,3047.5,0.0964
7.5,3048.6,0.0964
7.5,3049.6,0.0964
7.5,3050.6,0.1006
7.5,3051.6,0.0964
7.5,3052.6,0.1006
7.5,3053.6,0.1006
7.5,3054.6,0.1006
7.5,3055.7,0.1006
7.5,3056.7,0.1006
7.5,3057.7,0.1006
7.5,3058.7,0.1006
7.5,3059.7,0.1051
7.5,3060.7,0.1006
7.5,3061.8,0.0973
7.5,3062.8,0.1015
7.5,3063.8,0.1015
7.5,3064.8,0.1059
7.5,3065.8,0.0973
7.5,3067.8,0.0981
7.5,3068.9,0.1023
7.5,3069.9,0.1023
7.5,3070.9,0.1023
7.5,3071.9,0.1023
7.5,3072.9,0.1023
7.5,3073.9,0.1023
7.5,3075,0.1023
7.5,3076,0.1023
7.5,3077,0.1023
7.5,3078,0.1023
7.5,3079,0.1023
7.5,3080,0.1068
7.5,3081.1,0.1023
7.5,3082.1,0.0989
7.5,3083.1,0.1032
7.5,3084.1,0.1032
7.5,3085.1,0.1076
7.5,3086.2,0.1032
7.5,3088.2,0.0998
7.5,3089.2,0.1041
7.5,3090.2,0.1041
7.5,3091.2,0.1041
7.5,3092.2,0.1041
7.5,3093.2,0.1041
7.5,3094.2,0.1042
7.5,3095.2,0.1041
7.5,3096.3,0.1042
7.5,3097.3,0.1042
7.5,3098.3,0.1042
7.5,3099.3,0.1041
7.5,3100.3,0.1085
7.5,3101.4,0.1042
7.5,3102.4,0.1042
7.5,3103.4,0.1051
7.5,3104.4,0.1049
7.5,3105.4,0.1093
7.5,3106.4,0.1093
7.5,3108.4,0.1049
7.5,3109.4,0.1051
7.5,3110.4,0.1015
7.5,3111.4,0.1015
7.5,3112.4,0.1015
7.5,3113.4,0.1015
7.5,3114.4,0.1015
7.5,3115.4,0.1015
7.5,3116.4,0.1015
7.5,3117.4,0.1015
7.5,3118.4,0.1015
7.5,3119.5,0.1059
7.5,3120.5,0.1059
7.5,3121.5,0.1102
7.5,3122.5,0.1059
7.5,3123.5,0.1059
7.5,3124.5,0.1023
7.5,3125.6,0.1068
7.5,3126.6,0.1066
7.5,3128.6,0.111
7.5,3129.6,0.111
7.5,3130.6,0.111
7.5,3131.6,0.111
7.5,3132.6,0.111
7.5,3133.6,0.111
7.5,3134.6,0.111
7.5,3135.6,0.111
7.5,3136.6,0.111
7.5,3137.6,0.111
7.5,3138.6,0.1068
7.5,3139.6,0.1066
7.5,3140.6,0.1032
7.5,3141.6,0.1076
7.5,3142.6,0.1076
7.5,3143.6,0.1119
7.5,3144.6,0.1119
7.5,3145.6,0.1076
7.5,3146.6,0.1042
7.5,3148.6,0.1085
7.5,3149.7,0.1085
7.5,3150.7,0.1085
7.5,3151.7,0.1085
7.5,3152.7,0.1085
7.5,3153.7,0.1085
7.5,3154.7,0.1085
7.5,3155.8,0.1085
7.5,3156.8,0.1085
7.5,3157.8,0.1085
7.5,3158.8,0.1085
7.5,3159.8,0.1127
7.5,3160.8,0.1127
7.5,3161.8,0.1085
7.5,3162.8,0.1085
7.5,3163.9,0.1049
7.5,3164.9,0.1093
7.5,3165.9,0.1093
7.5,3166.9,0.1136
7.5,3168.9,0.1136
7.5,3169.9,0.1136
7.5,3171,0.1093
7.5,3172,0.1136
7.5,3173,0.1136
7.5,3174,0.1093
7.5,3175,0.1093
7.5,3176,0.1093
7.5,3177.1,0.1093
7.5,3178.1,0.1093
7.5,3179.1,0.1093
7.5,3180.1,0.1093
7.5,3181.1,0.1059
7.5,3182.1,0.1102
7.5,3183.1,0.1102
7.5,3184.2,0.1144
7.5,3185.2,0.1144
7.5,3186.2,0.1102
7.5,3187.2,0.1102
7.5,3189.2,0.1068
7.5,3190.3,0.111
7.5,3191.3,0.111
7.5,3192.3,0.111
7.5,3193.3,0.111
7.5,3194.3,0.111
7.5,3195.3,0.111
7.5,3196.3,0.111
7.5,3197.4,0.111
7.5,3198.4,0.111
7.5,3199.4,0.111
7.5,3200.4,0.111
7.5,3201.4,0.111
7.5,3202.4,0.1153
7.5,3203.4,0.1153
7.5,3204.4,0.111
7.5,3205.4,0.111
7.5,3206.5,0.1076
7.5,3207.5,0.1119
7.5,3209.5,0.1119
7.5,3210.5,0.1119
7.5,3211.5,0.1119
7.5,3212.5,0.1119
7.5,3213.5,0.1119
7.5,3214.5,0.1119
7.5,3215.5,0.1119
7.5,3216.5,0.1119
7.5,3217.5,0.1119
7.5,3218.5,0.1119
7.5,3219.5,0.1161
7.5,3220.5,0.1161
7.5,3221.5,0.1161
7.5,3222.6,0.1119
7.5,3223.6,0.1119
7.5,3224.6,0.1085
7.5,3225.6,0.1127
7.5,3226.6,0.1127
7.5,3228.6,0.117
7.5,3229.6,0.117
7.5,3230.6,0.117
7.5,3231.6,0.117
7.5,3232.6,0.117
7.5,3233.6,0.117
7.5,3234.6,0.117
7.5,3235.6,0.117
7.5,3236.6,0.117
7.5,3237.6,0.117
7.5,3238.6,0.117
7.5,3239.6,0.117
7.5,3240.6,0.1127
7.5,3241.6,0.1127
7.5,3242.6,0.1127
7.5,3243.6,0.1136
7.5,3244.6,0.1136
7.5,3245.6,0.1136
7.5,3246.6,0.118
7.5,3248.7,0.1178
7.5,3249.7,0.1178
7.5,3250.7,0.1178
7.5,3251.7,0.1178
7.5,3252.7,0.1178
7.5,3253.7,0.1178
7.5,3254.7,0.1178
7.5,3255.7,0.1178
7.5,3256.7,0.1178
7.5,3257.8,0.1178
7.5,3258.8,0.1178
7.5,3259.8,0.1136
7.5,3260.8,0.1136
7.5,3261.8,0.1136
7.5,3262.8,0.1144
7.5,3263.9,0.1144
7.5,3264.9,0.1144
7.5,3265.9,0.1144
7.5,3266.9,0.1187
7.5,3268.9,0.1187
7.5,3269.9,0.1187
7.5,3270.9,0.1187
7.5,3271.9,0.1187
7.5,3273,0.1187
7.5,3274,0.1187
7.5,3275,0.1187
7.5,3276,0.1187
7.5,3277,0.1187
7.5,3278,0.1187
7.5,3279,0.1144
7.5,3280.1,0.1144
7.5,3281.1,0.1144
7.5,3282.1,0.111
7.5,3283.1,0.1153
7.5,3284.1,0.1153
7.5,3285.1,0.1153
7.5,3286.2,0.1197
7.5,3287.2,0.1195
7.5,3289.2,0.1197
7.5,3290.2,0.1195
7.5,3291.2,0.1153
7.5,3292.2,0.1153
7.5,3293.3,0.1153
7.5,3294.3,0.1153
7.5,3295.3,0.1153
7.5,3296.3,0.1153
7.5,3297.3,0.1153
7.5,3298.3,0.1153
7.5,3299.3,0.1153
7.5,3300.3,0.1153
7.5,3301.4,0.1153
7.5,3302.4,0.1161
7.5,3303.4,0.1161
7.5,3304.4,0.1161
7.5,3305.4,0.1161
7.5,3306.4,0.1205
7.5,3307.5,0.1204
7.5,3309.5,0.1204
7.5,3310.5,0.1161
7.5,3311.5,0.1161
7.5,3312.5,0.1161
7.5,3313.5,0.1161
7.5,3314.5,0.1161
7.5,3315.5,0.1161
7.5,3316.5,0.1161
7.5,3317.5,0.1161
7.5,3318.5,0.1161
7.5,3319.5,0.1161
7.5,3320.5,0.1161
7.5,3321.5,0.1161
7.5,3322.5,0.1161
7.5,3323.5,0.117
7.5,3324.5,0.117
7.5,3325.5,0.117
7.5,3326.5,0.1212
7.5,3327.5,0.1212
7.5,3329.5,0.1214
7.5,3330.6,0.1212
7.5,3331.6,0.1212
7.5,3332.6,0.1212
7.5,3333.6,0.1214
7.5,3334.6,0.1212
7.5,3335.6,0.1212
7.5,3336.6,0.1212
7.5,3337.7,0.1212
7.5,3338.7,0.1212
7.5,3339.7,0.1212
7.5,3340.7,0.117
7.5,3341.7,0.117
7.5,3342.7,0.117
7.5,3343.7,0.1136
7.5,3344.7,0.1178
7.5,3345.7,0.1178
7.5,3346.7,0.1178
7.5,3347.7,0.1222
7.5,3349.7,0.1222
7.5,3350.7,0.1222
7.5,3351.7,0.1221
7.5,3352.7,0.1221
7.5,3353.7,0.1222
7.5,3354.7,0.1222
7.5,3355.7,0.1222
7.5,3356.7,0.1222
7.5,3357.7,0.1222
7.5,3358.7,0.1222
7.5,3359.7,0.1222
7.5,3360.7,0.1178
7.5,3361.7,0.1178
7.5,3362.7,0.1178
7.5,3363.7,0.1178
7.5,3364.7,0.1178
7.5,3365.8,0.1187
7.5,3367.8,0.1187
7.5,3368.8,0.1187
7.5,3369.8,0.1187
7.5,3370.8,0.1187
7.5,3371.8,0.1187
7.5,3372.8,0.1187
7.5,3373.8,0.1187
7.5,3374.9,0.1187
7.5,3375.9,0.1187
7.5,3376.9,0.1187
7.5,3377.9,0.1187
7.5,3378.9,0.1187
7.5,3379.9,0.1231
7.5,3380.9,0.1231
7.5,3382,0.1231
7.5,3383,0.1231
7.5,3384,0.1231
7.5,3385,0.1187
7.5,3386,0.1187
7.5,3388.1,0.1187
7.5,3389.1,0.1187
7.5,3390.1,0.1187
7.5,3391.1,0.1187
7.5,3392.1,0.1187
7.5,3393.1,0.1187
7.5,3394.1,0.1187
7.5,3395.1,0.1187
7.5,3396.2,0.1187
7.5,3397.2,0.1187
7.5,3398.2,0.1187
7.5,3399.2,0.1187
7.5,3400.2,0.1195
7.5,3401.2,0.1197
7.5,3402.2,0.1195
7.5,3403.3,0.1197
7.5,3404.3,0.1239
7.5,3405.3,0.1239
7.5,3406.3,0.1239
7.5,3408.3,0.1239
7.5,3409.3,0.1239
7.5,3410.3,0.1239
7.5,3411.4,0.1239
7.5,3412.4,0.1239
7.5,3413.4,0.1239
7.5,3414.4,0.1239
7.5,3415.4,0.1239
7.5,3416.4,0.1239
7.5,3417.5,0.1239
7.5,3418.5,0.1239
7.5,3419.5,0.1195
7.5,3420.5,0.1195
7.5,3421.5,0.1195
7.5,3422.6,0.1195
7.5,3423.6,0.1195
7.5,3424.6,0.1204
7.5,3425.6,0.1204
7.5,3426.6,0.1204
7.5,3428.6,0.1204
7.5,3429.6,0.1204
7.5,3430.6,0.1205
7.5,3431.6,0.1205
7.5,3432.6,0.1204
7.5,3433.6,0.1204
7.5,3434.6,0.1204
7.5,3435.6,0.1204
7.5,3436.7,0.1204
7.5,3437.7,0.1204
7.5,3438.7,0.1205
7.5,3439.7,0.1248
7.5,3440.7,0.1248
7.5,3441.7,0.1248
7.5,3442.8,0.1248
7.5,3443.8,0.1248
7.5,3444.8,0.1205
7.5,3445.8,0.1204
7.5,3446.8,0.1204
7.5,3448.8,0.1204
7.5,3449.8,0.1204
7.5,3450.8,0.1204
7.5,3451.8,0.1204
7.5,3452.8,0.1204
7.5,3453.8,0.1204
7.5,3454.8,0.1204
7.5,3455.8,0.1204
7.5,3456.8,0.1204
7.5,3457.8,0.1204
7.5,3458.8,0.1204
7.5,3459.8,0.1212
7.5,3460.8,0.1212
7.5,3461.8,0.1212
7.5,3462.9,0.1212
7.5,3463.9,0.1212
7.5,3464.9,0.1256
7.5,3466.9,0.1256
7.5,3467.9,0.1256
7.5,3468.9,0.1256
7.5,3469.9,0.1256
7.5,3470.9,0.1256
7.5,3472,0.1256
7.5,3473,0.1256
7.5,3474,0.1256
7.5,3475,0.1256
7.5,3476,0.1256
7.5,3477,0.1256
7.5,3478.1,0.1256
7.5,3479.1,0.1256
7.5,3480.1,0.1256
7.5,3481.1,0.1212
7.5,3482.1,0.1212
7.5,3483.1,0.1212
7.5,3484.2,0.1212
7.5,3485.2,0.1212
7.5,3487.2,0.1212
7.5,3488.2,0.1212
7.5,3489.2,0.1212
7.5,3490.2,0.1212
7.5,3491.2,0.1212
7.5,3492.3,0.1212
7.5,3493.3,0.1212
7.5,3494.3,0.1212
7.5,3495.3,0.1214
7.5,3496.3,0.1212
7.5,3497.3,0.1212
7.5,3498.3,0.1222
7.5,3499.3,0.1221
7.5,3500.4,0.1222
7.5,3501.4,0.1222
7.5,3502.4,0.1221
7.5,3503.4,0.1222
7.5,3504.4,0.1265
7.5,3505.4,0.1265
7.5,3507.4,0.1265
7.5,3508.4,0.1265
7.5,3509.5,0.1265
7.5,3510.5,0.1265
7.5,3511.5,0.1265
7.5,3512.5,0.1265
7.5,3513.5,0.1265
7.5,3514.5,0.1265
7.5,3515.5,0.1265
7.5,3516.6,0.1265
7.5,3517.6,0.1265
7.5,3518.6,0.1265
7.5,3519.6,0.1265
7.5,3520.6,0.1265
7.5,3521.6,0.1265
7.5,3522.6,0.1222
7.5,3523.6,0.1222
7.5,3524.6,0.1221
7.5,3525.6,0.1222
7.5,3527.6,0.1222
7.5,3528.6,0.1221
7.5,3529.6,0.1222
7.5,3530.6,0.1222
7.5,3531.6,0.1222
7.5,3532.6,0.1222
7.5,3533.6,0.1222
7.5,3534.6,0.1222
7.5,3535.7,0.1222
7.5,3536.7,0.1222
7.5,3537.7,0.1222
7.5,3538.7,0.1222
7.5,3539.7,0.1231
7.5,3540.7,0.1229
7.5,3541.7,0.1231
7.5,3542.7,0.1231
7.5,3543.8,0.1229
7.5,3544.8,0.1229
7.5,3546.8,0.1231
7.5,3547.8,0.1229
7.5,3548.8,0.1231
7.5,3549.8,0.1229
7.5,3550.8,0.1229
7.5,3551.8,0.1231
7.5,3552.8,0.1231
7.5,3553.8,0.1231
7.5,3554.8,0.1231
7.5,3555.8,0.1229
7.5,3556.8,0.1231
7.5,3557.8,0.1229
7.5,3558.8,0.1229
7.5,3559.8,0.1229
7.5,3560.8,0.1229
7.5,3561.8,0.1229
7.5,3562.8,0.1231
7.5,3563.8,0.1229
7.5,3564.8,0.1231
7.5,3566.8,0.1231
7.5,3567.8,0.1229
7.5,3568.8,0.1231
7.5,3569.9,0.1229
7.5,3570.9,0.1231
7.5,3571.9,0.1231
7.5,3572.9,0.1229
7.5,3573.9,0.1231
7.5,3574.9,0.1231
7.5,3575.9,0.1231
7.5,3576.9,0.1229
7.5,3577.9,0.1231
7.5,3579,0.1229
7.5,3580,0.1231
7.5,3581,0.1229
7.5,3582,0.1229
7.5,3583,0.1231
7.5,3584,0.1231
7.5,3586,0.1229
7.5,3587.1,0.1231
7.5,3588.1,0.1231
7.5,3589.1,0.1231
7.5,3590.1,0.1229
7.5,3591.1,0.1229
7.5,3592.1,0.1231
7.5,3593.1,0.1231
7.5,3594.2,0.1231
7.5,3595.2,0.1229
7.5,3596.2,0.1231
7.5,3597.2,0.1239
7.5,3598.2,0.1239
7.5,3599.2,0.1239
7.5,3600.3,0.1239
7.5,3601.3,0.1239
7.5,3602.3,0.1239
7.5,3603.3,0.1239
7.5,3604.3,0.1239
7.5,3606.3,0.1239
7.5,3607.3,0.1239
7.5,3608.4,0.1239
7.5,3609.4,0.1239
7.5,3610.4,0.1239
7.5,3611.4,0.1239
7.5,3612.4,0.1239
7.5,3613.4,0.1239
7.5,3614.5,0.1239
7.5,3615.5,0.1239
7.5,3616.5,0.1239
7.5,3617.5,0.1239
7.5,3618.5,0.1239
7.5,3619.5,0.1239
7.5,3620.5,0.1239
7.5,3621.5,0.1239
7.5,3622.6,0.1239
7.5,3623.6,0.1239
7.5,3624.6,0.1239
7.5,3626.6,0.1239
7.5,3627.6,0.1239
7.5,3628.6,0.1239
7.5,3629.6,0.1239
7.5,3630.6,0.1239
7.5,3631.7,0.1239
7.5,3632.7,0.1239
7.5,3633.7,0.1239
7.5,3634.7,0.1239
7.5,3635.7,0.1239
7.5,3636.7,0.1239
7.5,3637.7,0.1239
7.5,3638.7,0.1239
7.5,3639.7,0.1239
7.5,3640.7,0.1239
7.5,3641.7,0.1239
7.5,3642.7,0.1239
7.5,3643.7,0.1239
7.5,3644.7,0.1239
7.5,3646.7,0.1239
7.5,3647.7,0.1239
7.5,3648.7,0.1239
7.5,3649.7,0.1239
7.5,3650.7,0.1239
7.5,3651.7,0.1239
7.5,3652.7,0.1239
7.5,3653.7,0.1239
7.5,3654.8,0.1239
7.5,3655.8,0.1239
7.5,3656.8,0.1239
7.5,3657.8,0.1248
7.5,3658.8,0.1248
7.5,3659.8,0.1248
7.5,3660.9,0.1248
7.5,3661.9,0.1248
7.5,3662.9,0.1248
7.5,3663.9,0.1248
7.5,3664.9,0.1248
7.5,3666.9,0.1248
7.5,3667.9,0.1248
7.5,3668.9,0.1248
7.5,3669.9,0.1248
7.5,3670.9,0.1248
7.5,3671.9,0.1248
7.5,3672.9,0.1248
7.5,3673.9,0.1248
7.5,3674.9,0.1248
7.5,3675.9,0.1248
7.5,3676.9,0.1248
7.5,3678,0.1248
7.5,3679,0.1248
7.5,3680,0.1248
7.5,3681,0.1248
7.5,3682,0.1248
7.5,3683,0.1248
7.5,3684,0.1248
7.5,3685.1,0.1248
7.5,3687.1,0.1248
7.5,3688.1,0.1248
7.5,3689.1,0.1248
7.5,3690.1,0.1248
7.5,3691.1,0.1248
7.5,3692.1,0.1248
7.5,3693.2,0.1248
7.5,3694.2,0.1248
7.5,3695.2,0.1248
7.5,3696.2,0.1248
7.5,3697.2,0.1248
7.5,3698.2,0.1248
7.5,3699.2,0.1248
7.5,3700.2,0.1248
7.5,3701.3,0.1248
7.5,3702.3,0.1248
7.5,3703.3,0.1248
7.5,3704.3,0.1248
7.5,3705.3,0.1248
7.5,3707.3,0.1248
7.5,3708.3,0.1248
7.5,3709.3,0.1248
7.5,3710.3,0.1248
7.5,3711.4,0.1248
7.5,3712.4,0.1248
7.5,3713.4,0.1248
7.5,3714.4,0.1248
7.5,3715.4,0.1248
7.5,3716.4,0.1248
7.5,3717.4,0.1248
7.5,3718.4,0.1248
7.5,3719.4,0.1248
7.5,3720.5,0.1248
7.5,3721.5,0.1248
7.5,3722.5,0.1248
7.5,3723.5,0.1248
7.5,3724.5,0.1248
7.5,3725.5,0.1256
7.5,3727.5,0.1256
7.5,3728.5,0.1256
7.5,3729.5,0.1256
7.5,3730.6,0.1256
7.5,3731.6,0.1256
7.5,3732.6,0.1256
7.5,3733.6,0.1256
7.5,3734.6,0.1256
7.5,3735.6,0.1256
7.5,3736.6,0.1256
7.5,3737.6,0.1256
7.5,3738.6,0.1256
7.5,3739.7,0.1256
7.5,3740.7,0.1256
7.5,3741.7,0.1256
7.5,3742.7,0.1256
7.5,3743.7,0.1256
7.5,3744.7,0.1256
7.5,3745.7,0.1256
7.5,3747.7,0.1256
7.5,3748.7,0.1256
7.5,3749.7,0.1256
7.5,3750.7,0.1256
7.5,3751.7,0.1256
7.5,3752.7,0.1256
7.5,3753.7,0.1256
7.5,3754.7,0.1256
7.5,3755.7,0.1256
7.5,3756.7,0.1256
7.5,3757.7,0.1256
7.5,3758.7,0.1256
7.5,3759.7,0.1299
7.5,3760.7,0.1299
7.5,3761.7,0.1299
7.5,3762.7,0.1299
7.5,3763.7,0.1299
7.5,3764.7,0.1299
7.5,3765.8,0.1299
7.5,3767.8,0.1299
7.5,3768.8,0.1299
7.5,3769.8,0.1299
7.5,3770.8,0.1299
7.5,3771.8,0.1299
7.5,3772.8,0.1299
7.5,3773.8,0.1299
7.5,3774.8,0.1299
7.5,3775.9,0.1299
7.5,3776.9,0.1299
7.5,3777.9,0.1299
7.5,3778.9,0.1299
7.5,3779.9,0.1299
7.5,3780.9,0.1299
7.5,3781.9,0.1299
7.5,3782.9,0.1299
7.5,3783.9,0.1299
7.5,3784.9,0.1299
7.5,3785.9,0.1299
7.5,3787.9,0.1299
7.5,3788.9,0.1299
7.5,3789.9,0.1299
7.5,3790.9,0.1299
7.5,3791.9,0.1299
7.5,3792.9,0.1299
7.5,3793.9,0.1299
7.5,3794.9,0.1299
7.5,3795.9,0.1299
7.5,3796.9,0.1299
7.5,3797.9,0.1299
7.5,3798.9,0.1299
7.5,3799.9,0.1299
7.5,3800.9,0.1299
7.5,3801.9,0.1256
7.5,3802.9,0.1256
7.5,3803.9,0.1256
7.5,3804.9,0.1256
7.5,3805.9,0.1256
7.5,3807.9,0.1256
7.5,3808.9,0.1256
7.5,3809.9,0.1256
7.5,3810.9,0.1256
7.5,3811.9,0.1256
7.5,3812.9,0.1256
7.5,3813.9,0.1256
7.5,3814.9,0.1256
7.5,3815.9,0.1256
7.5,3817,0.1256
7.5,3818,0.1256
7.5,3819,0.1256
7.5,3820,0.1256
7.5,3821,0.1256
7.5,3822,0.1256
7.5,3823,0.1256
7.5,3824,0.1256
7.5,3826,0.1256
7.5,3827,0.1256
7.5,3828.1,0.1256
7.5,3829.1,0.1256
7.5,3830.1,0.1256
7.5,3831.1,0.1256
7.5,3832.1,0.1256
7.5,3833.1,0.1256
7.5,3834.1,0.1256
7.5,3835.1,0.1256
7.5,3836.1,0.1256
7.5,3837.2,0.1256
7.5,3838.2,0.1256
7.5,3839.2,0.1256
7.5,3840.2,0.1256
7.5,3841.2,0.1256
7.5,3842.2,0.1265
7.5,3843.2,0.1265
7.5,3844.2,0.1265
7.5,3846.3,0.1265
7.5,3847.3,0.1265
7.5,3848.3,0.1265
7.5,3849.3,0.1265
7.5,3850.3,0.1265
7.5,3851.3,0.1265
7.5,3852.3,0.1265
7.5,3853.3,0.1265
7.5,3854.3,0.1265
7.5,3855.3,0.1265
7.5,3856.4,0.1265
7.5,3857.4,0.1265
7.5,3858.4,0.1265
7.5,3859.4,0.1265
7.5,3860.4,0.1265
7.5,3861.4,0.1265
7.5,3862.4,0.1265
7.5,3863.4,0.1265
7.5,3864.4,0.1265
7.5,3866.4,0.1265
7.5,3867.4,0.1265
7.5,3868.5,0.1265
7.5,3869.5,0.1265
7.5,3870.5,0.1265
7.5,3871.5,0.1265
7.5,3872.5,0.1265
7.5,3873.5,0.1265
7.5,3874.5,0.1265
7.5,3875.5,0.1265
7.5,3876.5,0.1265
7.5,3877.5,0.1265
7.5,3878.6,0.1265
7.5,3879.6,0.1265
7.5,3880.6,0.1307
7.5,3881.6,0.1307
7.5,3882.6,0.1307
7.5,3883.6,0.1307
7.5,3884.6,0.1307
7.5,3886.6,0.1307
7.5,3887.6,0.1307
7.5,3888.7,0.1307
7.5,3889.7,0.1307
7.5,3890.7,0.1307
7.5,3891.7,0.1307
7.5,3892.7,0.1307
7.5,3893.7,0.1307
7.5,3894.7,0.1307
7.5,3895.7,0.1307
7.5,3896.7,0.1307
7.5,3897.7,0.1307
7.5,3898.7,0.1307
7.5,3899.7,0.1307
7.5,3900.7,0.1307
7.5,3901.7,0.1307
7.5,3902.7,0.1307
7.5,3903.7,0.1307
7.5,3904.7,0.1307
7.5,3906.7,0.1307
7.5,3907.7,0.1307
7.5,3908.7,0.1307
7.5,3909.7,0.1307
7.5,3910.8,0.1307
7.5,3911.8,0.1307
7.5,3912.8,0.1307
7.5,3913.8,0.1307
7.5,3914.8,0.1307
7.5,3915.8,0.1307
7.5,3916.8,0.1307
7.5,3917.8,0.1307
7.5,3918.8,0.1307
7.5,3919.8,0.1307
7.5,3920.8,0.1307
7.5,3921.8,0.1307
7.5,3922.8,0.1307
7.5,3923.8,0.1307
7.5,3925.8,0.1307
7.5,3926.8,0.1307
7.5,3927.8,0.1307
7.5,3928.9,0.1307
7.5,3929.9,0.1265
7.5,3930.9,0.1307
7.5,3931.9,0.1265
7.5,3932.9,0.1265
7.5,3933.9,0.1265
7.5,3934.9,0.1307
7.5,3936,0.1265
7.5,3937,0.1265
7.5,3938,0.1265
7.5,3939,0.1265
7.5,3940,0.1265
7.5,3941,0.1265
7.5,3942,0.1265
7.5,3943,0.1265
7.5,3944,0.1265
7.5,3946,0.1265
7.5,3947,0.1265
7.5,3948,0.1265
7.5,3949,0.1265
7.5,3950,0.1265
7.5,3951,0.1265
7.5,3952,0.1265
7.5,3953,0.1265
7.5,3954,0.1265
7.5,3955.1,0.1265
7.5,3956.1,0.1265
7.5,3957.1,0.1265
7.5,3958.1,0.1265
7.5,3959.1,0.1265
7.5,3960.1,0.1265
7.5,3961.1,0.1265
7.5,3962.2,0.1265
7.5,3964.2,0.1265
7.5,3965.2,0.1265
7.5,3966.2,0.1265
7.5,3967.2,0.1265
7.5,3968.2,0.1265
7.5,3969.2,0.1265
7.5,3970.2,0.1265
7.5,3971.3,0.1265
7.5,3972.3,0.1265
7.5,3973.3,0.1265
7.5,3974.3,0.1265
7.5,3975.3,0.1265
7.5,3976.3,0.1265
7.5,3977.3,0.1265
7.5,3978.4,0.1265
7.5,3979.4,0.1265
7.5,3980.4,0.1265
7.5,3981.4,0.1231
7.5,3982.4,0.1229
7.5,3984.4,0.1231
7.5,3985.4,0.1229
7.5,3986.4,0.1231
7.5,3987.5,0.1229
7.5,3988.5,0.1229
7.5,3989.5,0.1231
7.5,3990.5,0.1231
7.5,3991.5,0.1231
7.5,3992.5,0.1229
7.5,3993.5,0.1229
7.5,3994.5,0.1231
7.5,3995.5,0.1229
7.5,3996.5,0.1231
7.5,3997.6,0.1231
7.5,3998.6,0.1231
7.5,3999.6,0.1231
7.5,4000.6,0.1231
7.5,4001.6,0.1231
7.5,4002.6,0.1231
7.5,4004.6,0.1231
7.5,4005.6,0.1229
7.5,4006.6,0.1231
7.5,4007.6,0.1231
7.5,4008.7,0.1229
7.5,4009.7,0.1231
7.5,4010.7,0.1231
7.5,4011.7,0.1231
7.5,4012.7,0.1231
7.5,4013.7,0.1231
7.5,4014.7,0.1229
7.5,4015.8,0.1231
7.5,4016.8,0.1231
7.5,4017.8,0.1229
7.5,4018.8,0.1316
7.5,4019.8,0.1316
7.5,4020.8,0.1316
7.5,4021.8,0.1316
7.5,4022.8,0.1316
7.5,4024.8,0.1316
7.5,4025.8,0.1316
7.5,4026.8,0.1316
7.5,4027.8,0.1316
7.5,4028.8,0.1316
7.5,4029.8,0.1316
7.5,4030.8,0.1316
7.5,4031.8,0.1316
7.5,4032.8,0.1316
7.5,4033.8,0.1316
7.5,4034.8,0.1316
7.5,4035.8,0.1316
7.5,4036.8,0.1316
7.5,4037.9,0.1316
7.5,4038.9,0.1316
7.5,4039.9,0.1316
7.5,4040.9,0.1316
7.5,4041.9,0.1316
7.5,4043.9,0.1316
7.5,4044.9,0.1316
7.5,4045.9,0.1316
7.5,4046.9,0.1316
7.5,4048,0.1316
7.5,4049,0.1316
7.5,4050,0.1316
7.5,4051,0.1316
7.5,4052,0.1316
7.5,4053,0.1316
7.5,4054,0.1316
7.5,4055,0.1316
7.5,4056,0.1316
7.5,4057.1,0.1316
7.5,4058.1,0.1316
7.5,4059.1,0.1316
7.5,4060.1,0.1316
7.5,4061.1,0.1316
7.5,4062.1,0.1316
7.5,4064.1,0.1316
7.5,4065.1,0.1316
7.5,4066.1,0.1316
7.5,4067.1,0.1316
7.5,4068.2,0.1316
7.5,4069.2,0.1316
7.5,4070.2,0.1316
7.5,4071.2,0.1316
7.5,4072.2,0.1316
7.5,4073.2,0.1316
7.5,4074.2,0.1316
7.5,4075.2,0.1316
7.5,4076.2,0.1316
7.5,4077.2,0.1316
7.5,4078.2,0.1316
7.5,4079.3,0.1316
7.5,4080.3,0.1316
7.5,4081.3,0.1316
7.5,4082.3,0.1316
7.5,4084.3,0.1316
7.5,4085.3,0.1316
7.5,4086.3,0.1316
7.5,4087.3,0.1316
7.5,4088.4,0.1316
7.5,4089.4,0.1316
7.5,4090.4,0.1316
7.5,4091.4,0.1316
7.5,4092.4,0.1316
7.5,4093.4,0.1316
7.5,4094.4,0.1316
7.5,4095.4,0.1316
7.5,4096.4,0.1229
7.5,4097.4,0.1231
7.5,4098.5,0.1231
7.5,4099.5,0.1316
7.5,4100.5,0.1316
7.5,4101.5,0.1316
7.5,4102.5,0.1231
7.5,4104.5,0.1229
7.5,4105.5,0.1316
7.5,4106.5,0.1316
7.5,4107.5,0.1316
7.5,4108.5,0.1316
7.5,4109.5,0.1316
7.5,4110.6,0.1316
7.5,4111.6,0.1316
7.5,4112.6,0.1316
7.5,4113.6,0.1316
7.5,4114.6,0.1316
7.5,4115.6,0.1231
7.5,4116.6,0.1231
7.5,4117.6,0.1229
7.5,4118.6,0.1316
7.5,4119.6,0.1229
7.5,4120.7,0.1229
7.5,4121.7,0.1231
7.5,4122.7,0.1316
7.5,4124.7,0.1316
7.5,4125.7,0.1316
7.5,4126.7,0.1316
7.5,4127.7,0.1316
7.5,4128.7,0.1316
7.5,4129.7,0.1316
7.5,4130.7,0.1316
7.5,4131.8,0.1316
7.5,4132.8,0.1316
7.5,4133.8,0.1316
7.5,4134.8,0.1316
7.5,4135.8,0.1316
7.5,4136.8,0.1316
7.5,4137.8,0.1316
7.5,4138.8,0.1316
7.5,4139.8,0.1316
7.5,4140.9,0.1316
7.5,4141.9,0.1316
7.5,4142.9,0.1316
7.5,4144.9,0.1316
7.5,4145.9,0.1316
7.5,4146.9,0.1316
7.5,4147.9,0.1316
7.5,4148.9,0.1316
7.5,4149.9,0.1316
7.5,4150.9,0.1316
7.5,4151.9,0.1316
7.5,4152.9,0.1316
7.5,4153.9,0.1316
7.5,4154.9,0.1316
7.5,4155.9,0.1316
7.5,4156.9,0.1316
7.5,4157.9,0.1316
7.5,4158.9,0.1316
7.5,4159.9,0.1316
7.5,4160.9,0.1229
7.5,4161.9,0.1231
7.5,4162.9,0.1316
7.5,4164.9,0.1231
7.5,4165.9,0.1231
7.5,4166.9,0.1229
7.5,4167.9,0.1316
7.5,4168.9,0.1316
7.5,4169.9,0.1316
7.5,4170.9,0.1316
7.5,4171.9,0.1231
7.5,4173,0.1316
7.5,4174,0.1316
7.5,4175,0.1316
7.5,4176,0.1231
7.5,4177,0.1229
7.5,4178,0.1231
7.5,4179,0.1316
7.5,4180.1,0.1316
7.5,4181.1,0.1231
7.5,4182.1,0.1316
7.5,4184.1,0.1316
7.5,4185.1,0.1229
7.5,4186.1,0.1231
7.5,4187.1,0.1316
7.5,4188.1,0.1229
7.5,4189.1,0.1231
7.5,4190.1,0.1231
7.5,4191.1,0.1229
7.5,4192.1,0.1229
7.5,4193.1,0.1229
7.5,4194.1,0.1316
7.5,4195.1,0.1316
7.5,4196.1,0.1316
7.5,4197.1,0.1316
7.5,4198.1,0.1229
7.5,4199.1,0.1316
7.5,4200.1,0.1316
7.5,4201.1,0.1316
7.5,4202.1,0.1316
7.5,4204.2,0.1316
7.5,4205.2,0.1316
7.5,4206.2,0.1316
7.5,4207.2,0.1316
7.5,4208.2,0.1316
7.5,4209.2,0.1316
7.5,4210.2,0.1316
7.5,4211.3,0.1316
7.5,4212.3,0.1316
7.5,4213.3,0.1316
7.5,4214.3,0.1316
7.5,4215.3,0.1316
7.5,4216.3,0.1316
7.5,4217.3,0.1316
7.5,4218.3,0.1229
7.5,4219.4,0.1316
7.5,4220.4,0.1316
7.5,4221.4,0.1316
7.5,4222.4,0.1316
7.5,4224.4,0.1316
7.5,4225.4,0.1316
7.5,4226.4,0.1316
7.5,4227.4,0.1316
7.5,4228.5,0.1316
7.5,4229.5,0.1316
7.5,4230.5,0.1316
7.5,4231.5,0.1316
7.5,4232.5,0.1316
7.5,4233.5,0.1316
7.5,4234.5,0.1316
7.5,4235.5,0.1316
7.5,4236.5,0.1316
7.5,4237.6,0.1316
7.5,4238.6,0.1316
7.5,4239.6,0.1316
7.5,4240.6,0.1316
7.5,4241.6,0.1316
7.5,4242.6,0.1316
7.5,4244.6,0.1316
7.5,4245.6,0.1316
7.5,4246.7,0.1316
7.5,4247.7,0.1316
7.5,4248.7,0.1316
7.5,4249.7,0.1316
7.5,4250.7,0.1316
7.5,4251.7,0.1316
7.5,4252.7,0.1316
7.5,4253.7,0.1316
7.5,4254.8,0.1316
7.5,4255.8,0.1316
7.5,4256.8,0.1316
7.5,4257.8,0.1316
7.5,4258.8,0.1316
7.5,4259.8,0.1231
7.5,4260.8,0.1229
7.5,4261.8,0.1231
7.5,4262.9,0.1231
7.5,4264.9,0.1231
7.5,4265.9,0.1231
7.5,4266.9,0.1229
7.5,4267.9,0.1231
7.5,4268.9,0.1231
7.5,4269.9,0.1229
7.5,4270.9,0.1229
7.5,4271.9,0.1231
7.5,4272.9,0.1229
7.5,4273.9,0.1231
7.5,4274.9,0.1231
7.5,4275.9,0.1229
7.5,4276.9,0.1229
7.5,4277.9,0.1231
7.5,4278.9,0.1231
7.5,4279.9,0.1229
7.5,4280.9,0.1231
7.5,4281.9,0.1231
7.5,4282.9,0.1229
7.5,4284.9,0.1231
7.5,4285.9,0.1231
7.5,4287,0.1231
7.5,4288,0.1231
7.5,4289,0.1231
7.5,4290,0.1229
7.5,4291,0.1229
7.5,4292,0.1229
7.5,4293,0.1231
7.5,4294,0.1231
7.5,4295,0.1229
7.5,4296,0.1231
7.5,4297,0.1229
7.5,4298,0.1231
3.5,4299,0.1229
3.5,4300,0.1231
3.5,4301,0.1231
3.5,4303.1,0.1231
3.5,4304.1,0.1229
3.5,4305.1,0.1231
3.5,4306.1,0.1265
3.5,4307.1,0.1265
3.5,4308.1,0.1265
3.5,4309.1,0.1265
3.5,4310.1,0.1265
3.5,4311.1,0.1265
3.5,4312.1,0.1307
3.5,4313.1,0.1307
3.5,4314.1,0.1299
3.5,4315.1,0.1248
3.5,4316.1,0.1239
3.5,4317.1,0.1229
3.5,4318.2,0.1222
3.5,4319.2,0.1212
3.5,4320.2,0.1204
3.5,4321.2,0.1197
3.5,4323.2,0.1187
3.5,4324.2,0.1222
3.5,4325.2,0.1221
3.5,4326.2,0.1222
3.5,4327.2,0.1222
3.5,4328.2,0.1222
3.5,4329.2,0.1222
3.5,4330.2,0.1222
3.5,4331.2,0.1178
3.5,4332.2,0.1178
3.5,4333.2,0.117
3.5,4334.2,0.1161
3.5,4335.2,0.1153
3.5,4336.2,0.1187
3.5,4337.2,0.1178
3.5,4338.2,0.117
3.5,4339.2,0.1161
3.5,4341.2,0.111
3.5,4342.2,0.111
3.5,4343.2,0.111
3.5,4344.2,0.111
3.5,4345.2,0.111
3.5,4346.2,0.111
3.5,4347.2,0.1068
3.5,4348.2,0.1068
3.5,4349.3,0.1068
3.5,4350.3,0.1102
3.5,4351.3,0.1102
3.5,4352.3,0.1059
3.5,4353.3,0.1093
3.5,4354.3,0.1085
3.5,4355.3,0.1119
3.5,4356.3,0.111
3.5,4357.4,0.1059
3.5,4358.4,0.1015
3.5,4359.4,0.1049
3.5,4361.4,0.1042
3.5,4362.4,0.0998
3.5,4363.4,0.1032
3.5,4364.4,0.1032
3.5,4365.5,0.1032
3.5,4366.5,0.1032
3.5,4367.5,0.1032
3.5,4368.5,0.1032
3.5,4369.5,0.1032
3.5,4370.5,0.1076
3.5,4371.5,0.1076
3.5,4372.5,0.1023
3.5,4373.5,0.0981
3.5,4374.6,0.1015
3.5,4375.6,0.1049
3.5,4376.6,0.0998
3.5,4377.6,0.0998
3.5,4378.6,0.0989
3.5,4379.6,0.1023
3.5,4381.6,0.0939
3.5,4382.6,0.0973
3.5,4383.6,0.0973
3.5,4384.7,0.0973
3.5,4385.7,0.0973
3.5,4386.7,0.0973
3.5,4387.7,0.0973
3.5,4388.7,0.0973
3.5,4389.7,0.0973
3.5,4390.7,0.0973
3.5,4391.7,0.0973
3.5,4392.7,0.1006
3.5,4393.8,0.0956
3.5,4394.8,0.0956
3.5,4395.8,0.0947
3.5,4396.8,0.0939
3.5,4397.8,0.0894
3.5,4398.8,0.093
3.5,4399.8,0.0964
3.5,4401.8,0.0879
3.5,4402.9,0.0956
3.5,4403.9,0.0956
3.5,4404.9,0.0913
3.5,4405.9,0.0956
3.5,4406.9,0.0913
3.5,4407.9,0.0913
3.5,4408.9,0.0913
3.5,4409.9,0.0911
3.5,4410.9,0.0913
3.5,4411.9,0.0913
3.5,4413,0.0835
3.5,4414,0.0904
3.5,4415,0.0894
3.5,4416,0.0809
3.5,4417,0.0887
3.5,4418,0.0879
3.5,4419,0.0835
3.5,4420,0.0869
3.5,4422,0.0818
3.5,4423,0.0818
3.5,4424,0.0835
3.5,4425,0.0818
3.5,4426,0.0835
3.5,4427,0.0818
3.5,4428,0.0835
3.5,4429,0.0818
3.5,4430,0.0818
3.5,4431,0.0818
3.5,4432,0.0818
3.5,4433,0.0809
3.5,4434,0.0809
3.5,4435,0.0801
3.5,4436,0.0801
3.5,4437,0.0835
3.5,4438.1,0.0784
3.5,4439.1,0.0826
3.5,4440.1,0.0818
3.5,4442.1,0.0775
3.5,4443.1,0.0767
3.5,4444.1,0.0767
3.5,4445.1,0.0767
3.5,4446.1,0.0809
3.5,4447.1,0.0809
3.5,4448.2,0.0809
3.5,4449.2,0.0809
3.5,4450.2,0.0809
3.5,4451.2,0.0809
3.5,4452.2,0.0809
3.5,4453.2,0.0767
3.5,4454.2,0.0801
3.5,4455.2,0.0758
3.5,4456.2,0.0792
3.5,4457.2,0.0741
3.5,4458.2,0.0784
3.5,4459.2,0.0731
3.5,4460.2,0.0775
3.5,4462.2,0.0724
3.5,4463.2,0.0767
3.5,4464.2,0.0767
3.5,4465.2,0.0767
3.5,4466.2,0.0767
3.5,4467.2,0.0767
3.5,4468.2,0.0767
3.5,4469.2,0.0767
3.5,4470.2,0.0767
3.5,4471.2,0.0767
3.5,4472.2,0.0714
3.5,4473.2,0.0758
3.5,4474.2,0.0706
3.5,4475.2,0.075
3.5,4476.2,0.0697
3.5,4477.2,0.0741
3.5,4478.2,0.0689
3.5,4480.2,0.0733
3.5,4481.2,0.0689
3.5,4482.2,0.0689
3.5,4483.2,0.0689
3.5,4484.3,0.0689
3.5,4485.3,0.0689
3.5,4486.3,0.0689
3.5,4487.3,0.0689
3.5,4488.3,0.0689
3.5,4489.3,0.0646
3.5,4490.3,0.0724
3.5,4491.3,0.0638
3.5,4492.3,0.0714
3.5,4493.4,0.0672
3.5,4494.4,0.0706
3.5,4495.4,0.0663
3.5,4496.4,0.0655
3.5,4498.4,0.0697
3.5,4499.4,0.0655
3.5,4500.4,0.0655
3.5,4501.5,0.0655
3.5,4502.5,0.0612
3.5,4503.5,0.0612
3.5,4504.5,0.0612
3.5,4505.5,0.0612
3.5,4506.5,0.0646
3.5,4507.5,0.0646
3.5,4508.5,0.0646
3.5,4509.6,0.0689
3.5,4510.6,0.0604
3.5,4511.6,0.068
3.5,4512.6,0.0638
3.5,4513.6,0.0629
3.5,4514.6,0.0672
3.5,4515.6,0.0621
3.5,4516.6,0.0663
3.5,4518.6,0.0621
3.5,4519.7,0.0612
3.5,4520.7,0.0612
3.5,4521.7,0.0612
3.5,4522.7,0.0655
3.5,4523.7,0.0655
3.5,4524.7,0.0655
3.5,4525.7,0.0655
3.5,4526.7,0.0655
3.5,4527.7,0.0655
3.5,4528.7,0.0655
3.5,4529.8,0.0655
3.5,4530.8,0.0604
3.5,4531.8,0.0646
3.5,4532.8,0.0604
3.5,4533.8,0.0638
3.5,4534.8,0.0638
3.5,4535.8,0.0587
3.5,4536.8,0.0629
3.5,4538.8,0.0587
3.5,4539.9,0.0587
3.5,4540.9,0.0587
3.5,4541.9,0.0542
3.5,4542.9,0.0542
3.5,4543.9,0.0542
3.5,4544.9,0.0576
3.5,4545.9,0.0576
3.5,4546.9,0.0576
3.5,4548,0.0576
3.5,4549,0.0576
3.5,4550,0.0621
3.5,4551,0.0576
3.5,4552,0.0568
3.5,4553,0.0612
3.5,4554,0.057
3.5,4555,0.0561
3.5,4556,0.0604
3.5,4557.1,0.0517
3.5,4559.1,0.0593
3.5,4560.1,0.0595
3.5,4561.1,0.0595
3.5,4562.1,0.0595
3.5,4563.1,0.0595
3.5,4564.1,0.0595
3.5,4565.1,0.0595
3.5,4566.1,0.0595
3.5,4567.1,0.0595
3.5,4568.2,0.0595
3.5,4569.2,0.0595
3.5,4570.2,0.0508
3.5,4571.2,0.0587
3.5,4572.2,0.0587
3.5,4573.2,0.05
3.5,4574.2,0.0576
3.5,4575.2,0.0578
3.5,4576.2,0.0534
3.5,4577.3,0.0525
3.5,4579.3,0.0568
3.5,4580.3,0.0525
3.5,4581.3,0.0525
3.5,4582.3,0.0525
3.5,4583.3,0.0525
3.5,4584.3,0.0525
3.5,4585.3,0.0525
3.5,4586.3,0.0525
3.5,4587.3,0.0525
3.5,4588.3,0.0525
3.5,4589.3,0.0483
3.5,4590.3,0.0561
3.5,4591.3,0.0517
3.5,4592.3,0.0474
3.5,4593.3,0.0508
3.5,4594.3,0.0551
3.5,4595.3,0.0508
3.5,4596.3,0.05
3.5,4598.3,0.0542
3.5,4599.3,0.0542
3.5,4600.3,0.0542
3.5,4601.3,0.0542
3.5,4602.3,0.0542
3.5,4603.3,0.0542
3.5,4604.3,0.0542
3.5,4605.3,0.0542
3.5,4606.3,0.0542
3.5,4607.3,0.0542
3.5,4608.3,0.0495
3.5,4609.3,0.0534
3.5,4610.3,0.0534
3.5,4611.3,0.0481
3.5,4612.4,0.0483
3.5,4613.4,0.0525
3.5,4614.4,0.0525
3.5,4616.4,0.0481
3.5,4617.4,0.044
3.5,4618.4,0.044
3.5,4619.4,0.044
3.5,4620.4,0.044
3.5,4621.5,0.044
3.5,4622.5,0.044
3.5,4623.5,0.044
3.5,4624.5,0.044
3.5,4625.5,0.044
3.5,4626.5,0.044
3.5,4627.5,0.0517
3.5,4628.5,0.0517
3.5,4629.6,0.0474
3.5,4630.6,0.0466
3.5,4631.6,0.0508
3.5,4632.6,0.0508
3.5,4633.6,0.0466
3.5,4634.6,0.0457
3.5,4636.6,0.0493
3.5,4637.6,0.0495
3.5,4638.6,0.05
3.5,4639.7,0.05
3.5,4640.7,0.05
3.5,4641.7,0.05
3.5,4642.7,0.05
3.5,4643.7,0.05
3.5,4644.7,0.05
3.5,4645.7,0.05
3.5,4646.7,0.05
3.5,4647.7,0.0457
3.5,4648.7,0.0449
3.5,4649.8,0.0491
3.5,4650.8,0.0483
3.5,4651.8,0.0491
3.5,4652.8,0.0449
3.5,4653.8,0.044
3.5,4654.8,0.044
3.5,4656.8,0.0483
3.5,4657.8,0.0483
3.5,4658.8,0.0483
3.5,4659.9,0.0483
3.5,4660.9,0.0483
3.5,4661.9,0.0483
3.5,4662.9,0.0483
3.5,4663.9,0.0483
3.5,4664.9,0.0483
3.5,4665.9,0.0483
3.5,4666.9,0.0483
3.5,4667.9,0.044
3.5,4669,0.0398
3.5,4670,0.0388
3.5,4671,0.0432
3.5,4672,0.0474
3.5,4673,0.0474
3.5,4674,0.0474
3.5,4675,0.0474
3.5,4677,0.0474
3.5,4678,0.0474
3.5,4679,0.0468
3.5,4680.1,0.0468
3.5,4681.1,0.0468
3.5,4682.1,0.0468
3.5,4683.1,0.0468
3.5,4684.1,0.0468
3.5,4685.1,0.0468
3.5,4686.1,0.0468
3.5,4687.1,0.0474
3.5,4688.1,0.0474
3.5,4689.1,0.0474
3.5,4690.1,0.0474
3.5,4691.1,0.0474
3.5,4692.1,0.0474
3.5,4693.2,0.0474
3.5,4694.2,0.0474
3.5,4695.2,0.0474
3.5,4697.2,0.0474
3.5,4698.2,0.0474
3.5,4699.2,0.0466
3.5,4700.2,0.0468
3.5,4701.2,0.0466
3.5,4702.2,0.0468
3.5,4703.2,0.0466
3.5,4704.2,0.0468
3.5,4705.2,0.0468
3.5,4706.2,0.0466
3.5,4707.2,0.0474
3.5,4708.2,0.0474
3.5,4709.2,0.0474
3.5,4710.2,0.0474
3.5,4711.2,0.0474
3.5,4712.2,0.0474
3.5,4713.2,0.0474
3.5,4715.2,0.0474
3.5,4716.2,0.0474
3.5,4717.2,0.0471
3.5,4718.2,0.0468
3.5,4719.2,0.0468
3.5,4720.2,0.0468
3.5,4721.3,0.0468
3.5,4722.3,0.0466
3.5,4723.3,0.0468
3.5,4724.3,0.0468
3.5,4725.3,0.0474
3.5,4726.3,0.0474
3.5,4727.3,0.0474
3.5,4728.3,0.0474
3.5,4729.3,0.0474
3.5,4730.3,0.0474
3.5,4731.4,0.0474
3.5,4732.4,0.0474
3.5,4733.4,0.0474
3.5,4735.4,0.0474
3.5,4736.4,0.0474
3.5,4737.4,0.0468
3.5,4738.4,0.0468
3.5,4739.4,0.0468
3.5,4740.4,0.0468
3.5,4741.4,0.0466
3.5,4742.5,0.0468
3.5,4743.5,0.0466
3.5,4744.5,0.0468
3.5,4745.5,0.0474
3.5,4746.5,0.0474
3.5,4747.5,0.0474
3.5,4748.5,0.0474
3.5,4749.5,0.0474
3.5,4750.6,0.0474
3.5,4751.6,0.0474
3.5,4752.6,0.0474
3.5,4753.6,0.0474
3.5,4755.6,0.0474
3.5,4756.6,0.0474
3.5,4757.6,0.0466
3.5,4758.6,0.0468
3.5,4759.7,0.0468
3.5,4760.7,0.0468
3.5,4761.7,0.0468
3.5,4762.7,0.0468
3.5,4763.7,0.0466
3.5,4764.7,0.0468
3.5,4765.7,0.0474
3.5,4766.7,0.0474
3.5,4767.7,0.0474
3.5,4768.8,0.0474
3.5,4769.8,0.0474
3.5,4770.8,0.0474
3.5,4771.8,0.0474
3.5,4772.8,0.0474
3.5,4773.8,0.0474
3.5,4775.8,0.0474
3.5,4776.8,0.0474
3.5,4777.9,0.0468
3.5,4778.9,0.0468
3.5,4779.9,0.0468
3.5,4780.9,0.0468
3.5,4781.9,0.0466
3.5,4782.9,0.0468
3.5,4783.9,0.0468
3.5,4784.9,0.0466
3.5,4786,0.0474
3.5,4787,0.0474
3.5,4788,0.0474
3.5,4789,0.0474
3.5,4790,0.0474
3.5,4791,0.0474
3.5,4792,0.0474
3.5,4793,0.0474
3.5,4794,0.0474
3.5,4796.1,0.0474
3.5,4797.1,0.0474
3.5,4798.1,0.0468
3.5,4799.1,0.0468
3.5,4800.1,0.0468
3.5,4801.1,0.0466
3.5,4802.1,0.0468
3.5,4803.1,0.0468
3.5,4804.1,0.0468
3.5,4805.2,0.0468
3.5,4806.2,0.0474
3.5,4807.2,0.0474
3.5,4808.2,0.0474
3.5,4809.2,0.0474
3.5,4810.2,0.0474
3.5,4811.2,0.0474
3.5,4812.2,0.0474
3.5,4813.2,0.0474
3.5,4814.2,0.0474
3.5,4816.2,0.0474
3.5,4817.2,0.0474
3.5,4818.2,0.0466
3.5,4819.2,0.0466
3.5,4820.2,0.0468
3.5,4821.2,0.0468
3.5,4822.2,0.0468
3.5,4823.2,0.0468
3.5,4824.2,0.0468
3.5,4825.2,0.0466
3.5,4826.2,0.0474
3.5,4827.2,0.0474
3.5,4828.2,0.0474
3.5,4829.2,0.0474
3.5,4830.2,0.0474
3.5,4831.2,0.0474
3.5,4832.2,0.0474
3.5,4834.2,0.0474
3.5,4835.2,0.0474
3.5,4836.2,0.0471
3.5,4837.2,0.0466
3.5,4838.2,0.0466
3.5,4839.2,0.0466
3.5,4840.2,0.0468
3.5,4841.2,0.0468
3.5,4842.2,0.0468
3.5,4843.2,0.0468
3.5,4844.3,0.0474
3.5,4845.3,0.0474
3.5,4846.3,0.0474
3.5,4847.3,0.0474
3.5,4848.3,0.0474
3.5,4849.3,0.0474
3.5,4850.3,0.0474
3.5,4852.3,0.0474
3.5,4853.3,0.0474
3.5,4854.4,0.0469
3.5,4855.4,0.0468
3.5,4856.4,0.0468
3.5,4857.4,0.0468
3.5,4858.4,0.0466
3.5,4859.4,0.0468
3.5,4860.4,0.0468
3.5,4861.4,0.0466
3.5,4862.4,0.0474
3.5,4863.4,0.0474
3.5,4864.4,0.0474
3.5,4865.4,0.0474
3.5,4866.4,0.0474
3.5,4867.5,0.0474
3.5,4868.5,0.0474
3.5,4869.5,0.0474
3.5,4870.5,0.0474
3.5,4872.5,0.0474
3.5,4873.5,0.0474
3.5,4874.5,0.0468
3.5,4875.5,0.0468
3.5,4876.6,0.0468
3.5,4877.6,0.0468
3.5,4878.6,0.0466
3.5,4879.6,0.0468
3.5,4880.6,0.0466
3.5,4881.6,0.0466
3.5,4882.6,0.0474
3.5,4883.7,0.0474
3.5,4884.7,0.0474
3.5,4885.7,0.0474
3.5,4886.7,0.0474
3.5,4887.7,0.0474
3.5,4888.7,0.0474
3.5,4889.7,0.0474
3.5,4890.7,0.0474
3.5,4892.7,0.0474
3.5,4893.8,0.0474
3.5,4894.8,0.0468
3.5,4895.8,0.0466
3.5,4896.8,0.0466
3.5,4897.8,0.0468
3.5,4898.8,0.0468
3.5,4899.8,0.0466
3.5,4900.8,0.0468
3.5,4901.8,0.0468
3.5,4902.9,0.0474
3.5,4903.9,0.0474
3.5,4904.9,0.0474
3.5,4905.9,0.0474
3.5,4906.9,0.0474
3.5,4907.9,0.0474
3.5,4908.9,0.0474
3.5,4909.9,0.0474
3.5,4910.9,0.0474
3.5,4913,0.0474
3.5,4914,0.0474
3.5,4915,0.0468
3.5,4916,0.0468
3.5,4917,0.0466
3.5,4918,0.0468
3.5,4919,0.0468
3.5,4920,0.0468
3.5,4921.1,0.0468
3.5,4922.1,0.0468
3.5,4923.1,0.0474
3.5,4924.1,0.0474
3.5,4925.1,0.0474
3.5,4926.1,0.0474
3.5,4927.1,0.0474
3.5,4928.1,0.0474
3.5,4929.1,0.0474
3.5,4930.1,0.0474
3.5,4931.2,0.0474
3.5,4933.2,0.0474
3.5,4934.2,0.0474
3.5,4935.2,0.0468
3.5,4936.2,0.0468
3.5,4937.2,0.0468
3.5,4938.2,0.0466
3.5,4939.2,0.0468
3.5,4940.2,0.0468
3.5,4941.3,0.0468
3.5,4942.3,0.0468
3.5,4943.3,0.0474
3.5,4944.3,0.0474
3.5,4945.3,0.0474
3.5,4946.3,0.0474
3.5,4947.3,0.0474
3.5,4948.3,0.0474
3.5,4949.3,0.0474
3.5,4950.3,0.0474
3.5,4951.3,0.0474
3.5,4953.3,0.0474
3.5,4954.3,0.0474
3.5,4955.3,0.0466
3.5,4956.3,0.0466
3.5,4957.3,0.0468
3.5,4958.3,0.0466
3.5,4959.3,0.0468
3.5,4960.3,0.0468
3.5,4961.3,0.0468
3.5,4962.3,0.0466
3.5,4963.3,0.0474
3.5,4964.3,0.0474
3.5,4965.3,0.0474
3.5,4966.3,0.0474
3.5,4967.3,0.0474
3.5,4968.4,0.0474
3.5,4969.4,0.0474
3.5,4971.4,0.0474
3.5,4972.4,0.0474
3.5,4973.4,0.0469
3.5,4974.4,0.0466
3.5,4975.4,0.0466
3.5,4976.4,0.0466
3.5,4977.4,0.0468
3.5,4978.4,0.0468
3.5,4979.5,0.0466
3.5,4980.5,0.0466
3.5,4981.5,0.0474
3.5,4982.5,0.0474
3.5,4983.5,0.0474
3.5,4984.5,0.0474
3.5,4985.5,0.0474
3.5,4986.5,0.0474
3.5,4987.5,0.0474
3.5,4988.5,0.0474
3.5,4989.5,0.0474
3.5,4991.6,0.0474
3.5,4992.6,0.0474
3.5,4993.6,0.0468
3.5,4994.6,0.0468
3.5,4995.6,0.0468
3.5,4996.6,0.0468
3.5,4997.6,0.0466
3.5,4998.6,0.0468
3.5,4999.7,0.0466
3.5,5000.7,0.0468
3.5,5001.7,0.0474
3.5,5002.7,0.0474
3.5,5003.7,0.0474
3.5,5004.7,0.0474
3.5,5005.7,0.0474
3.5,5006.7,0.0474
3.5,5007.7,0.0474
3.5,5008.8,0.0474
3.5,5009.8,0.0474
3.5,5011.8,0.0474
3.5,5012.8,0.0474
3.5,5013.8,0.0468
3.5,5014.8,0.0468
3.5,5015.8,0.0466
3.5,5016.8,0.0466
3.5,5017.9,0.0468
3.5,5018.9,0.0468
3.5,5019.9,0.0466
3.5,5020.9,0.0468
3.5,5021.9,0.0474
3.5,5022.9,0.0474
3.5,5023.9,0.0474
3.5,5024.9,0.0474
3.5,5025.9,0.0474
3.5,5027,0.0474
3.5,5028,0.0474
3.5,5029,0.0474
3.5,5030,0.0474
3.5,5032,0.0474
3.5,5033,0.0474
3.5,5034,0.0466
3.5,5035,0.0468
3.5,5036,0.0468
3.5,5037.1,0.0466
3.5,5038.1,0.0468
3.5,5039.1,0.0468
3.5,5040.1,0.0466
3.5,5041.1,0.0468
3.5,5042.1,0.0474
3.5,5043.1,0.0474
3.5,5044.1,0.0474
3.5,5045.1,0.0474
3.5,5046.2,0.0474
3.5,5047.2,0.0474
3.5,5048.2,0.0474
3.5,5049.2,0.0474
3.5,5050.2,0.0474
3.5,5052.2,0.0474
3.5,5053.2,0.0474
3.5,5054.2,0.0468
3.5,5055.2,0.0468
3.5,5056.3,0.0468
3.5,5057.3,0.0468
3.5,5058.3,0.0466
3.5,5059.3,0.0466
3.5,5060.3,0.0468
3.5,5061.3,0.0468
3.5,5062.3,0.0474
3.5,5063.3,0.0474
3.5,5064.3,0.0474
3.5,5065.3,0.0474
3.5,5066.3,0.0474
3.5,5067.3,0.0474
3.5,5068.3,0.0474
3.5,5069.3,0.0474
3.5,5070.3,0.0474
3.5,5072.3,0.0474
3.5,5073.3,0.0474
3.5,5074.4,0.0468
3.5,5075.4,0.0466
3.5,5076.4,0.0468
3.5,5077.4,0.0468
3.5,5078.4,0.0466
3.5,5079.4,0.0466
3.5,5080.4,0.0466
3.5,5081.4,0.0468
3.5,5082.4,0.0474
3.5,5083.5,0.0474
3.5,5084.5,0.0474
3.5,5085.5,0.0474
3.5,5086.5,0.0474
3.5,5087.5,0.0474
3.5,5088.5,0.0474
3.5,5090.5,0.0474
3.5,5091.5,0.0474
3.5,5092.5,0.0471
3.5,5093.5,0.0466
3.5,5094.5,0.0468
3.5,5095.5,0.0466
3.5,5096.5,0.0466
3.5,5097.5,0.0468
3.5,5098.5,0.0468
3.5,5099.5,0.0468
3.5,5100.5,0.0474
3.5,5101.5,0.0474
3.5,5102.5,0.0474
3.5,5103.5,0.0474
3.5,5104.5,0.0474
3.5,5105.5,0.0474
3.5,5106.6,0.0474
3.5,5107.6,0.0474
3.5,5108.6,0.0474
3.5,5110.6,0.0474
3.5,5111.6,0.0474
3.5,5112.6,0.0466
3.5,5113.6,0.0468
3.5,5114.7,0.0468
3.5,5115.7,0.0466
3.5,5116.7,0.0466
3.5,5117.7,0.0468
3.5,5118.7,0.0466
3.5,5119.7,0.0468
3.5,5120.7,0.0474
3.5,5121.8,0.0474
3.5,5122.8,0.0474
3.5,5123.8,0.0474
3.5,5124.8,0.0474
3.5,5125.8,0.0474
3.5,5126.8,0.0474
3.5,5127.8,0.0474
3.5,5128.8,0.0474
3.5,5130.8,0.0474
3.5,5131.9,0.0474
3.5,5132.9,0.0468
3.5,5133.9,0.0466
3.5,5134.9,0.0468
3.5,5135.9,0.0468
3.5,5136.9,0.0468
3.5,5137.9,0.0466
3.5,5138.9,0.0466
3.5,5140,0.0468
3.5,5141,0.0474
3.5,5142,0.0474
3.5,5143,0.0474
3.5,5144,0.0474
3.5,5145,0.0474
3.5,5146,0.0474
3.5,5147,0.0474
3.5,5148,0.0474
3.5,5149,0.0474
3.5,5151,0.0474
3.5,5152.1,0.0474
3.5,5153.1,0.0466
3.5,5154.1,0.0468
3.5,5155.1,0.0468
3.5,5156.1,0.0468
3.5,5157.1,0.0466
3.5,5158.1,0.0468
3.5,5159.1,0.0468
3.5,5160.1,0.0468
3.5,5161.2,0.0474
3.5,5162.2,0.0474
3.5,5163.2,0.0474
3.5,5164.2,0.0474
3.5,5165.2,0.0474
3.5,5166.2,0.0474
3.5,5167.2,0.0474
3.5,5168.2,0.0474
3.5,5169.2,0.0474
3.5,5171.3,0.0474
3.5,5172.3,0.0474
3.5,5173.3,0.0468
3.5,5174.3,0.0466
3.5,5175.3,0.0468
3.5,5176.3,0.0468
3.5,5177.3,0.0468
3.5,5178.3,0.0468
3.5,5179.4,0.0468
3.5,5180.4,0.0468
3.5,5181.4,0.0474
3.5,5182.4,0.0474
3.5,5183.4,0.0474
3.5,5184.4,0.0474
3.5,5185.4,0.0474
3.5,5186.4,0.0474
3.5,5187.4,0.0474
3.5,5188.4,0.0474
3.5,5189.4,0.0474
3.5,5191.4,0.0474
3.5,5192.4,0.0474
3.5,5193.4,0.0468
3.5,5194.4,0.0468
3.5,5195.4,0.0468
3.5,5196.4,0.0468
3.5,5197.4,0.0468
3.5,5198.4,0.0466
3.5,5199.4,0.0468
3.5,5200.4,0.0466
3.5,5201.4,0.0474
3.5,5202.4,0.0474
3.5,5203.4,0.0474
3.5,5204.4,0.0474
3.5,5205.4,0.0474
3.5,5206.4,0.0474
3.5,5207.4,0.0474
3.5,5209.4,0.0474
3.5,5210.4,0.0474
3.5,5211.4,0.0469
3.5,5212.4,0.0468
3.5,5213.5,0.0468
3.5,5214.5,0.0468
3.5,5215.5,0.0468
3.5,5216.5,0.0468
3.5,5217.5,0.0468
3.5,5218.5,0.0466
3.5,5219.5,0.0474
3.5,5220.5,0.0474
3.5,5221.5,0.0474
3.5,5222.6,0.0474
3.5,5223.6,0.0474
3.5,5224.6,0.0474
3.5,5225.6,0.0474
3.5,5227.6,0.0474
3.5,5228.6,0.0474
3.5,5229.6,0.0469
3.5,5230.6,0.0468
3.5,5231.6,0.0468
3.5,5232.6,0.0468
3.5,5233.6,0.0466
3.5,5234.6,0.0468
3.5,5235.6,0.0468
3.5,5236.7,0.0468
3.5,5237.7,0.0474
3.5,5238.7,0.0474
3.5,5239.7,0.0474
3.5,5240.7,0.0474
3.5,5241.7,0.0474
3.5,5242.7,0.0474
3.5,5243.7,0.0474
3.5,5244.8,0.0474
3.5,5245.8,0.0474
3.5,5247.8,0.0474
3.5,5248.8,0.0474
3.5,5249.8,0.0468
3.5,5250.8,0.0468
3.5,5251.8,0.0468
3.5,5252.9,0.0468
3.5,5253.9,0.0468
3.5,5254.9,0.0468
3.5,5255.9,0.0468
3.5,5256.9,0.0468
3.5,5257.9,0.0474
3.5,5258.9,0.0474
3.5,5259.9,0.0474
3.5,5260.9,0.0474
3.5,5262,0.0474
3.5,5263,0.0474
3.5,5264,0.0474
3.5,5265,0.0474
3.5,5266,0.0474
3.5,5268,0.0474
3.5,5269,0.0474
3.5,5270,0.0468
3.5,5271,0.0466
3.5,5272.1,0.0466
3.5,5273.1,0.0468
3.5,5274.1,0.0468
3.5,5275.1,0.0468
3.5,5276.1,0.0466
3.5,5277.1,0.0468
3.5,5278.1,0.0474
3.5,5279.1,0.0474
3.5,5280.1,0.0474
3.5,5281.2,0.0474
3.5,5282.2,0.0474
3.5,5283.2,0.0474
3.5,5284.2,0.0474
3.5,5285.2,0.0474
3.5,5286.2,0.0474
3.5,5288.2,0.0474
3.5,5289.2,0.0474
3.5,5290.2,0.0466
3.5,5291.3,0.0468
3.5,5292.3,0.0466
3.5,5293.3,0.0468
3.5,5294.3,0.0468
3.5,5295.3,0.0468
3.5,5296.3,0.0466
3.5,5297.3,0.0466
3.5,5298.3,0.0474
3.5,5299.4,0.0474
3.5,5300.4,0.0474
3.5,5301.4,0.0474
3.5,5302.4,0.0474
3.5,5303.4,0.0474
3.5,5304.4,0.0474
3.5,5305.4,0.0474
3.5,5306.4,0.0474
3.5,5308.4,0.0474
3.5,5309.4,0.0474
3.5,5310.5,0.0468
3.5,5311.5,0.0468
3.5,5312.5,0.0468
3.5,5313.5,0.0468
3.5,5314.5,0.0466
3.5,5315.5,0.0468
3.5,5316.5,0.0468
3.5,5317.5,0.0468
3.5,5318.6,0.0474
3.5,5319.6,0.0474
3.5,5320.6,0.0474
3.5,5321.6,0.0474
3.5,5322.6,0.0474
3.5,5323.6,0.0474
3.5,5324.6,0.0474
3.5,5326.6,0.0474
3.5,5327.6,0.0474
3.5,5328.6,0.0471
3.5,5329.6,0.0466
3.5,5330.6,0.0468
3.5,5331.7,0.0468
3.5,5332.7,0.0466
3.5,5333.7,0.0468
3.5,5334.7,0.0468
3.5,5335.7,0.0466
3.5,5336.7,0.0474
3.5,5337.7,0.0474
3.5,5338.7,0.0474
3.5,5339.8,0.0474
3.5,5340.8,0.0474
3.5,5341.8,0.0474
3.5,5342.8,0.0474
3.5,5343.8,0.0474
3.5,5344.8,0.0474
3.5,5346.8,0.0474
3.5,5347.8,0.0474
3.5,5348.8,0.0468
3.5,5349.9,0.0466
3.5,5350.9,0.0468
3.5,5351.9,0.0468
3.5,5352.9,0.0468
3.5,5353.9,0.0468
3.5,5354.9,0.0466
3.5,5355.9,0.0468
3.5,5356.9,0.0474
3.5,5358,0.0474
3.5,5359,0.0474
3.5,5360,0.0474
3.5,5361,0.0474
3.5,5362,0.0474
3.5,5363,0.0474
3.5,5364,0.0474
3.5,5365,0.0474
3.5,5367,0.0474
3.5,5368,0.0474
3.5,5369.1,0.0468
3.5,5370.1,0.0466
3.5,5371.1,0.0466
3.5,5373.1,0.0468
3.5,5374.1,0.0474
3.5,5375.1,0.0474
3.5,5376.1,0.0474
3.5,5377.2,0.0474
3.5,5378.2,0.0474
3.5,5379.2,0.0474
3.5,5380.2,0.0474
3.5,5381.2,0.0474
3.5,5382.2,0.0474
3.5,5384.2,0.0474
7.5,5385.2,0.0474
7.5,5386.3,0.0468
7.5,5387.3,0.0466
7.5,5388.3,0.0468
7.5,5389.3,0.0466
7.5,5390.3,0.0466
7.5,5391.3,0.0468
7.5,5392.3,0.0466
7.5,5393.3,0.0468
7.5,5394.3,0.0474
7.5,5395.3,0.0474
7.5,5396.3,0.0474
7.5,5397.4,0.0483
7.5,5398.4,0.0483
7.5,5399.4,0.0457
7.5,5400.4,0.0381
7.5,5401.4,0.0389
7.5,5402.4,0.0474
7.5,5404.4,0.0527
7.5,5405.4,0.0491
7.5,5406.4,0.0491
7.5,5407.4,0.0491
7.5,5408.4,0.0491
7.5,5409.5,0.0491
7.5,5410.5,0.0536
7.5,5411.5,0.0534
7.5,5412.5,0.0534
7.5,5413.5,0.0534
7.5,5414.5,0.0534
7.5,5415.5,0.0495
7.5,5416.5,0.0466
7.5,5417.6,0.0466
7.5,5418.6,0.0561
7.5,5419.6,0.057
7.5,5420.6,0.0536
7.5,5421.6,0.0578
7.5,5422.6,0.0587
7.5,5424.6,0.0553
7.5,5425.6,0.0595
7.5,5426.6,0.0595
7.5,5427.7,0.0595
7.5,5428.7,0.0595
7.5,5429.7,0.0595
7.5,5430.7,0.0553
7.5,5431.7,0.0553
7.5,5432.7,0.0553
7.5,5433.7,0.0553
7.5,5434.7,0.0553
7.5,5435.7,0.0604
7.5,5436.7,0.057
7.5,5437.7,0.057
7.5,5438.8,0.0621
7.5,5439.8,0.0587
7.5,5440.8,0.0587
7.5,5441.8,0.0638
7.5,5442.8,0.0561
7.5,5444.8,0.0646
7.5,5445.8,0.057
7.5,5446.8,0.057
7.5,5447.8,0.0612
7.5,5448.8,0.0612
7.5,5449.8,0.0612
7.5,5450.8,0.0612
7.5,5451.8,0.0612
7.5,5452.9,0.0612
7.5,5453.9,0.0612
7.5,5454.9,0.0612
7.5,5455.9,0.0612
7.5,5456.9,0.0663
7.5,5457.9,0.0621
7.5,5458.9,0.0672
7.5,5459.9,0.0638
7.5,5460.9,0.068
7.5,5461.9,0.0646
7.5,5462.9,0.0689
7.5,5464.9,0.0655
7.5,5466,0.0697
7.5,5467,0.0697
7.5,5468,0.0697
7.5,5469,0.0697
7.5,5470,0.0697
7.5,5471,0.0697
7.5,5472,0.0697
7.5,5473,0.0697
7.5,5474.1,0.0697
7.5,5475.1,0.0655
7.5,5476.1,0.0707
7.5,5477.1,0.0663
7.5,5478.1,0.0716
7.5,5479.1,0.0638
7.5,5480.1,0.0724
7.5,5481.2,0.068
7.5,5482.2,0.0733
7.5,5484.2,0.0689
7.5,5485.2,0.0697
7.5,5486.2,0.0697
7.5,5487.2,0.0697
7.5,5488.2,0.0697
7.5,5489.2,0.0697
7.5,5490.3,0.0697
7.5,5491.3,0.0697
7.5,5492.3,0.0697
7.5,5493.3,0.0741
7.5,5494.3,0.0741
7.5,5495.3,0.0741
7.5,5496.3,0.0706
7.5,5497.3,0.075
7.5,5498.3,0.0716
7.5,5499.4,0.0758
7.5,5500.4,0.068
7.5,5501.4,0.0767
7.5,5502.4,0.0724
7.5,5504.4,0.0775
7.5,5505.4,0.0775
7.5,5506.4,0.0775
7.5,5507.4,0.0775
7.5,5508.4,0.0775
7.5,5509.5,0.0775
7.5,5510.5,0.0775
7.5,5511.5,0.0775
7.5,5512.5,0.0775
7.5,5513.5,0.0775
7.5,5514.5,0.0775
7.5,5515.5,0.0741
7.5,5516.5,0.0784
7.5,5517.5,0.0741
7.5,5518.6,0.0792
7.5,5519.6,0.075
7.5,5520.6,0.0758
7.5,5521.6,0.0801
7.5,5522.6,0.0758
7.5,5524.6,0.0809
7.5,5525.6,0.0809
7.5,5526.6,0.0809
7.5,5527.7,0.0809
7.5,5528.7,0.0809
7.5,5529.7,0.0809
7.5,5530.7,0.0809
7.5,5531.7,0.0809
7.5,5532.7,0.0809
7.5,5533.7,0.0809
7.5,5534.7,0.0809
7.5,5535.7,0.0775
7.5,5536.8,0.0818
7.5,5537.8,0.0775
7.5,5538.8,0.0784
7.5,5539.8,0.0826
7.5,5540.8,0.0784
7.5,5541.8,0.0835
7.5,5542.8,0.0792
7.5,5544.8,0.0801
7.5,5545.8,0.0801
7.5,5546.8,0.0801
7.5,5547.8,0.0801
7.5,5548.8,0.0801
7.5,5549.8,0.0801
7.5,5550.8,0.0801
7.5,5551.8,0.0801
7.5,5552.8,0.0801
7.5,5553.8,0.0801
7.5,5554.8,0.0801
7.5,5555.8,0.0801
7.5,5556.8,0.0809
7.5,5557.8,0.0809
7.5,5558.8,0.0809
7.5,5559.8,0.0818
7.5,5560.8,0.0818
7.5,5561.8,0.0835
7.5,5563.8,0.0826
7.5,5564.8,0.0869
7.5,5565.8,0.0869
7.5,5566.9,0.087
7.5,5567.9,0.0869
7.5,5568.9,0.0869
7.5,5569.9,0.0869
7.5,5570.9,0.087
7.5,5571.9,0.0869
7.5,5572.9,0.0869
7.5,5573.9,0.087
7.5,5574.9,0.0869
7.5,5575.9,0.0835
7.5,5577,0.0877
7.5,5578,0.0879
7.5,5579,0.0801
7.5,5580,0.0887
7.5,5581,0.0886
7.5,5582,0.0809
7.5,5583,0.0809
7.5,5585,0.0896
7.5,5586,0.0896
7.5,5587,0.0896
7.5,5588,0.0896
7.5,5589,0.0896
7.5,5590,0.0894
7.5,5591,0.0894
7.5,5592,0.0896
7.5,5593,0.0896
7.5,5594,0.0896
7.5,5595,0.0818
7.5,5596,0.0835
7.5,5597,0.0904
7.5,5598.1,0.0904
7.5,5599.1,0.0869
7.5,5600.1,0.0913
7.5,5601.1,0.0913
7.5,5602.1,0.087
7.5,5604.1,0.0879
7.5,5605.1,0.0921
7.5,5606.1,0.0921
7.5,5607.2,0.0921
7.5,5608.2,0.0921
7.5,5609.2,0.0921
7.5,5610.2,0.0921
7.5,5611.2,0.0921
7.5,5612.2,0.0921
7.5,5613.2,0.0921
7.5,5614.2,0.0921
7.5,5615.3,0.0964
7.5,5616.3,0.0887
7.5,5617.3,0.093
7.5,5618.3,0.093
7.5,5619.3,0.093
7.5,5620.3,0.0896
7.5,5621.3,0.0939
7.5,5622.3,0.0939
7.5,5624.3,0.0894
7.5,5625.4,0.0904
7.5,5626.4,0.0904
7.5,5627.4,0.0904
7.5,5628.4,0.0904
7.5,5629.4,0.0904
7.5,5630.4,0.0904
7.5,5631.4,0.0904
7.5,5632.4,0.0904
7.5,5633.4,0.0904
7.5,5634.5,0.0904
7.5,5635.5,0.0947
7.5,5636.5,0.0947
7.5,5637.5,0.0904
7.5,5638.5,0.0913
7.5,5639.5,0.0956
7.5,5640.5,0.0998
7.5,5641.5,0.0956
7.5,5642.5,0.0921
7.5,5644.6,0.0964
7.5,5645.6,0.0964
7.5,5646.6,0.0964
7.5,5647.6,0.0964
7.5,5648.6,0.0964
7.5,5649.6,0.0964
7.5,5650.6,0.0964
7.5,5651.6,0.0964
7.5,5652.6,0.0964
7.5,5653.7,0.0964
7.5,5654.7,0.0964
7.5,5655.7,0.0964
7.5,5656.7,0.093
7.5,5657.7,0.0973
7.5,5658.7,0.0973
7.5,5659.7,0.0973
7.5,5660.7,0.093
7.5,5661.7,0.0939
7.5,5662.8,0.0981
7.5,5664.8,0.0981
7.5,5665.8,0.0981
7.5,5666.8,0.0981
7.5,5667.8,0.0981
7.5,5668.8,0.0981
7.5,5669.8,0.0981
7.5,5670.8,0.0981
7.5,5671.9,0.0981
7.5,5672.9,0.0981
7.5,5673.9,0.0981
7.5,5674.9,0.0939
7.5,5675.9,0.0947
7.5,5676.9,0.0989
7.5,5677.9,0.0989
7.5,5678.9,0.1032
7.5,5679.9,0.0956
7.5,5680.9,0.0956
7.5,5681.9,0.0998
7.5,5682.9,0.1041
7.5,5684.9,0.1042
7.5,5685.9,0.0998
7.5,5686.9,0.0998
7.5,5687.9,0.0998
7.5,5688.9,0.0998
7.5,5689.9,0.0998
7.5,5690.9,0.0998
7.5,5691.9,0.0998
7.5,5693,0.0998
7.5,5694,0.0998
7.5,5695,0.0964
7.5,5696,0.1006
7.5,5697,0.1006
7.5,5698,0.1049
7.5,5699,0.1006
7.5,5700,0.0973
7.5,5701,0.1015
7.5,5703,0.1015
7.5,5704,0.1059
7.5,5705,0.1059
7.5,5706,0.1059
7.5,5707,0.1059
7.5,5708,0.1059
7.5,5709,0.1059
7.5,5710,0.1059
7.5,5711,0.1059
7.5,5712,0.1059
7.5,5713.1,0.1059
7.5,5714.1,0.1015
7.5,5715.1,0.0981
7.5,5716.1,0.1023
7.5,5717.1,0.1025
7.5,5718.1,0.1068
7.5,5719.1,0.1025
7.5,5720.1,0.0989
7.5,5721.1,0.1032
7.5,5723.1,0.1032
7.5,5724.1,0.1032
7.5,5725.1,0.1034
7.5,5726.1,0.1032
7.5,5727.1,0.1032
7.5,5728.1,0.1032
7.5,5729.1,0.1032
7.5,5730.1,0.1032
7.5,5731.1,0.1032
7.5,5732.1,0.1032
7.5,5733.1,0.1076
7.5,5734.1,0.1032
7.5,5735.1,0.0998
7.5,5736.1,0.1042
7.5,5737.1,0.1042
7.5,5738.1,0.1042
7.5,5739.1,0.1085
7.5,5740.2,0.1042
7.5,5742.2,0.1006
7.5,5743.2,0.1006
7.5,5744.2,0.1006
7.5,5745.2,0.1006
7.5,5746.2,0.1006
7.5,5747.2,0.1006
7.5,5748.2,0.1006
7.5,5749.3,0.1006
7.5,5750.3,0.1006
7.5,5751.3,0.1006
7.5,5752.3,0.1006
7.5,5753.3,0.1049
7.5,5754.3,0.1049
7.5,5755.3,0.1093
7.5,5756.3,0.1049
7.5,5757.4,0.1051
7.5,5758.4,0.1015
7.5,5759.4,0.1059
7.5,5760.4,0.1059
7.5,5762.4,0.1102
7.5,5763.4,0.1102
7.5,5764.4,0.1102
7.5,5765.4,0.1102
7.5,5766.4,0.1102
7.5,5767.5,0.1102
7.5,5768.5,0.1102
7.5,5769.5,0.1102
7.5,5770.5,0.1102
7.5,5771.5,0.1102
7.5,5772.5,0.1059
7.5,5773.5,0.1059
7.5,5774.5,0.1023
7.5,5775.5,0.1068
7.5,5776.6,0.1068
7.5,5777.6,0.111
7.5,5778.6,0.111
7.5,5779.6,0.1068
7.5,5780.6,0.1068
7.5,5782.6,0.1032
7.5,5783.6,0.1076
7.5,5784.6,0.1076
7.5,5785.6,0.1076
7.5,5786.7,0.1076
7.5,5787.7,0.1076
7.5,5788.7,0.1076
7.5,5789.7,0.1076
7.5,5790.7,0.1076
7.5,5791.7,0.1076
7.5,5792.7,0.1076
7.5,5793.7,0.1076
7.5,5794.7,0.1119
7.5,5795.7,0.1119
7.5,5796.7,0.1076
7.5,5797.8,0.1076
7.5,5798.8,0.1042
7.5,5799.8,0.1085
7.5,5800.8,0.1085
7.5,5802.8,0.1127
7.5,5803.8,0.1127
7.5,5804.8,0.1127
7.5,5805.8,0.1127
7.5,5806.9,0.1127
7.5,5807.9,0.1127
7.5,5808.9,0.1127
7.5,5809.9,0.1127
7.5,5810.9,0.1127
7.5,5811.9,0.1127
7.5,5812.9,0.1127
7.5,5813.9,0.1085
7.5,5814.9,0.1085
7.5,5815.9,0.1049
7.5,5816.9,0.1093
7.5,5817.9,0.1093
7.5,5818.9,0.1093
7.5,5819.9,0.1136
7.5,5821,0.1136
7.5,5823,0.1093
7.5,5824,0.1093
7.5,5825,0.1093
7.5,5826,0.1093
7.5,5827,0.1093
7.5,5828,0.1093
7.5,5829,0.1093
7.5,5830,0.1093
7.5,5831,0.1093
7.5,5832,0.1093
7.5,5833,0.1093
7.5,5834,0.1059
7.5,5835,0.1102
7.5,5836,0.1102
7.5,5837,0.1102
7.5,5838,0.1144
7.5,5839,0.1144
7.5,5840,0.1102
7.5,5841,0.1102
7.5,5843,0.1068
7.5,5844,0.111
7.5,5845,0.111
7.5,5846,0.111
7.5,5847,0.111
7.5,5848,0.111
7.5,5849,0.111
7.5,5850,0.111
7.5,5851,0.111
7.5,5852,0.111
7.5,5853,0.111
7.5,5854,0.111
7.5,5855,0.1153
7.5,5856,0.1153
7.5,5857,0.111
7.5,5858,0.111
7.5,5859,0.1076
7.5,5861,0.1076
7.5,5862,0.1119
7.5,5863,0.1119
7.5,5864,0.1119
7.5,5865,0.1119
7.5,5866,0.1119
7.5,5867.1,0.1119
7.5,5868.1,0.1119
7.5,5869.1,0.1119
7.5,5870.1,0.1119
7.5,5871.1,0.1119
7.5,5872.1,0.1119
7.5,5873.1,0.1161
7.5,5874.1,0.1161
7.5,5875.1,0.1161
7.5,5876.1,0.1119
7.5,5877.1,0.1119
7.5,5878.1,0.1119
7.5,5879.1,0.1127
7.5,5881.1,0.1127
7.5,5882.1,0.1127
7.5,5883.1,0.1127
7.5,5884.1,0.1127
7.5,5885.1,0.1127
7.5,5886.1,0.1127
7.5,5887.1,0.1127
7.5,5888.1,0.1127
7.5,5889.1,0.1127
7.5,5890.1,0.1127
7.5,5891.1,0.1127
7.5,5892.1,0.117
7.5,5893.1,0.117
7.5,5894.1,0.117
7.5,5895.1,0.1127
7.5,5896.1,0.1127
7.5,5897.1,0.1093
7.5,5899.1,0.1136
7.5,5900.1,0.1136
7.5,5901.1,0.1136
7.5,5902.2,0.1136
7.5,5903.2,0.1136
7.5,5904.2,0.1136
7.5,5905.2,0.1136
7.5,5906.2,0.1136
7.5,5907.2,0.1136
7.5,5908.2,0.1136
7.5,5909.3,0.1136
7.5,5910.3,0.1136
7.5,5911.3,0.1178
7.5,5912.3,0.1178
7.5,5913.3,0.1178
7.5,5914.4,0.1136
7.5,5915.4,0.1136
7.5,5916.4,0.1136
7.5,5918.4,0.1144
7.5,5919.4,0.1144
7.5,5920.4,0.1144
7.5,5921.4,0.1144
7.5,5922.4,0.1144
7.5,5923.5,0.1144
7.5,5924.5,0.1144
7.5,5925.5,0.1144
7.5,5926.5,0.1144
7.5,5927.5,0.1144
7.5,5928.5,0.1144
7.5,5929.5,0.1144
7.5,5930.5,0.1187
7.5,5931.6,0.1187
7.5,5932.6,0.1187
7.5,5933.6,0.1187
7.5,5934.6,0.1144
7.5,5935.6,0.1144
7.5,5936.6,0.1144
7.5,5938.6,0.111
7.5,5939.6,0.1153
7.5,5940.7,0.1153
7.5,5941.7,0.1153
7.5,5942.7,0.1153
7.5,5943.7,0.1153
7.5,5944.7,0.1153
7.5,5945.7,0.1153
7.5,5946.7,0.1153
7.5,5947.7,0.1153
7.5,5948.8,0.1153
7.5,5949.8,0.1153
7.5,5950.8,0.1153
7.5,5951.8,0.1197
7.5,5952.8,0.1197
7.5,5953.8,0.1197
7.5,5954.8,0.1153
7.5,5955.8,0.1153
7.5,5956.8,0.1153
7.5,5958.9,0.1153
7.5,5959.9,0.1153
7.5,5960.9,0.1119
7.5,5961.9,0.1119
7.5,5962.9,0.1119
7.5,5963.9,0.1119
7.5,5964.9,0.1161
7.5,5965.9,0.1161
7.5,5966.9,0.1161
7.5,5968,0.1161
7.5,5969,0.1161
7.5,5970,0.1161
7.5,5971,0.1161
7.5,5972,0.1161
7.5,5973,0.1204
7.5,5974,0.1204
7.5,5975,0.1205
7.5,5976,0.1161
7.5,5977,0.1161
7.5,5979.1,0.1161
7.5,5980.1,0.1161
7.5,5981.1,0.1161
7.5,5982.1,0.1161
7.5,5983.1,0.1161
7.5,5984.1,0.1161
7.5,5985.1,0.1161
7.5,5986.1,0.1161
7.5,5987.1,0.1161
7.5,5988.1,0.1161
7.5,5989.1,0.1161
7.5,5990.2,0.1161
7.5,5991.2,0.117
7.5,5992.2,0.117
7.5,5993.2,0.117
7.5,5994.2,0.117
7.5,5995.2,0.1212
7.5,5996.2,0.1212
7.5,5997.2,0.1212
7.5,5999.2,0.1212
7.5,6000.2,0.117
7.5,6001.2,0.117
7.5,6002.2,0.117
7.5,6003.2,0.117
7.5,6004.2,0.117
7.5,6005.2,0.117
7.5,6006.2,0.117
7.5,6007.2,0.117
7.5,6008.2,0.117
7.5,6009.2,0.117
7.5,6010.2,0.117
7.5,6011.2,0.117
7.5,6012.2,0.117
7.5,6013.2,0.1178
7.5,6014.2,0.1178
7.5,6015.2,0.1178
7.5,6016.3,0.1178
7.5,6017.3,0.1222
7.5,6019.3,0.1222
7.5,6020.3,0.1222
7.5,6021.3,0.1222
7.5,6022.3,0.1221
7.5,6023.3,0.1222
7.5,6024.3,0.1222
7.5,6025.3,0.1222
7.5,6026.3,0.1222
7.5,6027.4,0.1222
7.5,6028.4,0.1222
7.5,6029.4,0.1222
7.5,6030.4,0.1222
7.5,6031.4,0.1222
7.5,6032.4,0.1178
7.5,6033.4,0.1178
7.5,6034.5,0.1178
7.5,6035.5,0.1178
7.5,6036.5,0.1187
7.5,6037.5,0.1187
7.5,6039.5,0.1187
7.5,6040.5,0.1187
7.5,6041.5,0.1187
7.5,6042.5,0.1187
7.5,6043.6,0.1187
7.5,6044.6,0.1187
7.5,6045.6,0.1187
7.5,6046.6,0.1187
7.5,6047.6,0.1187
7.5,6048.6,0.1187
7.5,6049.6,0.1187
7.5,6050.6,0.1187
7.5,6051.6,0.1231
7.5,6052.7,0.1231
7.5,6053.7,0.1231
7.5,6054.7,0.1229
7.5,6055.7,0.1231
7.5,6056.7,0.1187
7.5,6057.7,0.1187
7.5,6059.7,0.1187
7.5,6060.7,0.1187
7.5,6061.7,0.1187
7.5,6062.8,0.1187
7.5,6063.8,0.1187
7.5,6064.8,0.1187
7.5,6065.8,0.1187
7.5,6066.8,0.1187
7.5,6067.8,0.1187
7.5,6068.8,0.1187
7.5,6069.8,0.1187
7.5,6070.8,0.1187
7.5,6071.9,0.1197
7.5,6072.9,0.1197
7.5,6073.9,0.1197
7.5,6074.9,0.1195
7.5,6075.9,0.1197
7.5,6076.9,0.1239
7.5,6077.9,0.1239
7.5,6079.9,0.1239
7.5,6080.9,0.1239
7.5,6081.9,0.1239
7.5,6083,0.1239
7.5,6084,0.1239
7.5,6085,0.1239
7.5,6086,0.1239
7.5,6087,0.1239
7.5,6088,0.1239
7.5,6089,0.1239
7.5,6090,0.1239
7.5,6091,0.1239
7.5,6092.1,0.1197
7.5,6093.1,0.1197
7.5,6094.1,0.1197
7.5,6095.1,0.1197
7.5,6096.1,0.1197
7.5,6097.1,0.1161
7.5,6098.1,0.1205
7.5,6100.1,0.1205
7.5,6101.1,0.1205
7.5,6102.1,0.1205
7.5,6103.1,0.1204
7.5,6104.2,0.1204
7.5,6105.2,0.1204
7.5,6106.2,0.1205
7.5,6107.2,0.1204
7.5,6108.2,0.1204
7.5,6109.2,0.1205
7.5,6110.2,0.1205
7.5,6111.2,0.1204
7.5,6112.2,0.1205
7.5,6113.2,0.1248
7.5,6114.2,0.1248
7.5,6115.2,0.1248
7.5,6116.2,0.1248
7.5,6117.2,0.1248
7.5,6119.2,0.1248
7.5,6120.2,0.1248
7.5,6121.2,0.1248
7.5,6122.2,0.1248
7.5,6123.2,0.1248
7.5,6124.2,0.1248
7.5,6125.2,0.1204
7.5,6126.2,0.1204
7.5,6127.2,0.1204
7.5,6128.2,0.1204
7.5,6129.2,0.1205
7.5,6130.2,0.1204
7.5,6131.2,0.1204
7.5,6132.2,0.1205
7.5,6133.2,0.1204
7.5,6134.2,0.1205
7.5,6135.2,0.1204
7.5,6136.3,0.1212
7.5,6137.3,0.1214
7.5,6139.3,0.1214
7.5,6140.3,0.1214
7.5,6141.3,0.1212
7.5,6142.3,0.1212
7.5,6143.3,0.1212
7.5,6144.3,0.1212
7.5,6145.3,0.1214
7.5,6146.3,0.1212
7.5,6147.3,0.1214
7.5,6148.4,0.1214
7.5,6149.4,0.1212
7.5,6150.4,0.1212
7.5,6151.4,0.1256
7.5,6152.4,0.1256
7.5,6153.4,0.1256
7.5,6154.4,0.1256
7.5,6155.4,0.1256
7.5,6156.4,0.1256
7.5,6157.5,0.1256
7.5,6159.5,0.1212
7.5,6160.5,0.1214
7.5,6161.5,0.1212
7.5,6162.5,0.1214
7.5,6163.5,0.1214
7.5,6164.5,0.1212
7.5,6165.5,0.1212
7.5,6166.6,0.1212
7.5,6167.6,0.1212
7.5,6168.6,0.1212
7.5,6169.6,0.1214
7.5,6170.6,0.1212
7.5,6171.6,0.1212
7.5,6172.6,0.1212
7.5,6173.6,0.1212
7.5,6174.6,0.1214
7.5,6175.7,0.1222
7.5,6176.7,0.1222
7.5,6177.7,0.1222
7.5,6179.7,0.1222
7.5,6180.7,0.1222
7.5,6181.7,0.1222
7.5,6182.7,0.1222
7.5,6183.7,0.1222
7.5,6184.7,0.1222
7.5,6185.8,0.1222
7.5,6186.8,0.1222
7.5,6187.8,0.1222
7.5,6188.8,0.1222
7.5,6189.8,0.1222
7.5,6190.8,0.1222
7.5,6191.8,0.1265
7.5,6192.8,0.1265
7.5,6193.9,0.1265
7.5,6194.9,0.1265
7.5,6195.9,0.1265
7.5,6196.9,0.1265
7.5,6197.9,0.1265
7.5,6199.9,0.1265
7.5,6200.9,0.1265
7.5,6201.9,0.1265
7.5,6202.9,0.1265
7.5,6204,0.1265
7.5,6205,0.1265
7.5,6206,0.1265
7.5,6207,0.1265
7.5,6208,0.1222
7.5,6209,0.1265
7.5,6210,0.1265
7.5,6211,0.1222
7.5,6212,0.1222
7.5,6213.1,0.1222
7.5,6214.1,0.1222
7.5,6215.1,0.1222
7.5,6216.1,0.1222
7.5,6217.1,0.1222
7.5,6218.1,0.1231
7.5,6220.1,0.1231
7.5,6221.1,0.1231
7.5,6222.1,0.1231
7.5,6223.1,0.1231
7.5,6224.1,0.1231
7.5,6225.1,0.1229
7.5,6226.2,0.1231
7.5,6227.2,0.1231
7.5,6228.2,0.1229
7.5,6229.2,0.1231
7.5,6230.2,0.1231
7.5,6231.2,0.1231
7.5,6232.2,0.1231
7.5,6233.2,0.1231
7.5,6234.2,0.1231
7.5,6235.2,0.1231
7.5,6236.2,0.1231
7.5,6237.2,0.1231
7.5,6238.2,0.1231
7.5,6240.2,0.1231
7.5,6241.2,0.1229
7.5,6242.2,0.1231
7.5,6243.2,0.1231
7.5,6244.2,0.1231
7.5,6245.2,0.1231
7.5,6246.2,0.1231
7.5,6247.3,0.1231
7.5,6248.3,0.1231
7.5,6249.3,0.1231
7.5,6250.3,0.1231
7.5,6251.3,0.1231
7.5,6252.3,0.1231
7.5,6253.3,0.1231
7.5,6254.3,0.1231
7.5,6255.3,0.1231
7.5,6256.3,0.1231
7.5,6257.3,0.1231
7.5,6258.3,0.1231
7.5,6260.3,0.1229
7.5,6261.3,0.1231
7.5,6262.3,0.1231
7.5,6263.3,0.1231
7.5,6264.3,0.1231
7.5,6265.3,0.1231
7.5,6266.3,0.1231
7.5,6267.3,0.1231
7.5,6268.3,0.1231
7.5,6269.3,0.1229
7.5,6270.3,0.1231
7.5,6271.3,0.1239
7.5,6272.3,0.1239
7.5,6273.3,0.1239
7.5,6274.3,0.1239
7.5,6275.3,0.1239
7.5,6276.3,0.1239
7.5,6278.3,0.1239
7.5,6279.3,0.1239
7.5,6280.3,0.1239
7.5,6281.3,0.1239
7.5,6282.4,0.1239
7.5,6283.4,0.1239
7.5,6284.4,0.1239
7.5,6285.4,0.1239
7.5,6286.4,0.1239
7.5,6287.4,0.1239
7.5,6288.4,0.1239
7.5,6289.4,0.1239
7.5,6290.5,0.1239
7.5,6291.5,0.1239
7.5,6292.5,0.1239
7.5,6293.5,0.1239
7.5,6295.5,0.1239
7.5,6296.5,0.1239
7.5,6297.5,0.1239
7.5,6298.6,0.1239
7.5,6299.6,0.1239
7.5,6300.6,0.1239
7.5,6301.6,0.1239
7.5,6302.6,0.1239
7.5,6303.6,0.1239
7.5,6304.6,0.1239
7.5,6305.7,0.1239
7.5,6306.7,0.1239
7.5,6307.7,0.1239
7.5,6308.7,0.1239
7.5,6309.7,0.1239
7.5,6310.7,0.1239
7.5,6311.7,0.1239
7.5,6312.7,0.1239
7.5,6313.8,0.1239
7.5,6314.8,0.1239
7.5,6315.8,0.1239
7.5,6317.8,0.1239
7.5,6318.8,0.1239
7.5,6319.8,0.1239
7.5,6320.8,0.1239
7.5,6321.8,0.1239
7.5,6322.9,0.1239
7.5,6323.9,0.1239
7.5,6324.9,0.1239
7.5,6325.9,0.1239
7.5,6326.9,0.1239
7.5,6327.9,0.1239
7.5,6328.9,0.1239
7.5,6329.9,0.1239
7.5,6330.9,0.1248
7.5,6332,0.1248
7.5,6333,0.1248
7.5,6334,0.1248
7.5,6335,0.1248
7.5,6336,0.1248
7.5,6338,0.1248
7.5,6339,0.1248
7.5,6340,0.1248
7.5,6341,0.1248
7.5,6342.1,0.1248
7.5,6343.1,0.1248
7.5,6344.1,0.1248
7.5,6345.1,0.1248
7.5,6346.1,0.1248
7.5,6347.1,0.1248
7.5,6348.1,0.1248
7.5,6349.1,0.1248
7.5,6350.1,0.1248
7.5,6351.2,0.1248
7.5,6352.2,0.1248
7.5,6353.2,0.1248
7.5,6354.2,0.1248
7.5,6355.2,0.1248
7.5,6356.2,0.1248
7.5,6358.2,0.1248
7.5,6359.2,0.1248
7.5,6360.2,0.1248
7.5,6361.2,0.1248
7.5,6362.2,0.1248
7.5,6363.2,0.1248
7.5,6364.2,0.1248
7.5,6365.2,0.1248
7.5,6366.2,0.1248
7.5,6367.2,0.1248
7.5,6368.2,0.1248
7.5,6369.2,0.1248
7.5,6370.2,0.1248
7.5,6371.2,0.1248
7.5,6372.2,0.1248
7.5,6373.2,0.1248
7.5,6374.3,0.1248
7.5,6375.3,0.1248
7.5,6376.3,0.1248
7.5,6378.3,0.1248
7.5,6379.3,0.1248
7.5,6380.3,0.1248
7.5,6381.3,0.1248
7.5,6382.3,0.1248
7.5,6383.3,0.1248
7.5,6384.4,0.1248
7.5,6385.4,0.1248
7.5,6386.4,0.1248
7.5,6387.4,0.1248
7.5,6388.4,0.1248
7.5,6389.4,0.1248
7.5,6390.4,0.1248
7.5,6391.4,0.1248
7.5,6392.4,0.1248
7.5,6393.4,0.1248
7.5,6394.4,0.1248
7.5,6395.4,0.1248
7.5,6396.4,0.1248
7.5,6398.4,0.1248
7.5,6399.4,0.1248
7.5,6400.4,0.1248
7.5,6401.4,0.1248
7.5,6402.4,0.1248
7.5,6403.4,0.1248
7.5,6404.4,0.1248
7.5,6405.4,0.1248
7.5,6406.4,0.1248
7.5,6407.4,0.1248
7.5,6408.4,0.1248
7.5,6409.4,0.1248
7.5,6410.4,0.1256
7.5,6411.4,0.1256
7.5,6412.4,0.1256
7.5,6413.4,0.1256
7.5,6414.4,0.1256
7.5,6416.4,0.1256
7.5,6417.4,0.1256
7.5,6418.5,0.1256
7.5,6419.5,0.1256
7.5,6420.5,0.1256
7.5,6421.5,0.1256
7.5,6422.5,0.1256
7.5,6423.5,0.1256
7.5,6424.5,0.1256
7.5,6425.5,0.1256
7.5,6426.6,0.1256
7.5,6427.6,0.1256
7.5,6428.6,0.1256
7.5,6429.6,0.1256
7.5,6430.6,0.1256
7.5,6431.6,0.1256
7.5,6432.6,0.1256
7.5,6433.7,0.1256
7.5,6434.7,0.1256
7.5,6436.7,0.1256
7.5,6437.7,0.1256
7.5,6438.7,0.1256
7.5,6439.7,0.1256
7.5,6440.7,0.1256
7.5,6441.7,0.1256
7.5,6442.7,0.1256
7.5,6443.8,0.1256
7.5,6444.8,0.1256
7.5,6445.8,0.1256
7.5,6446.8,0.1256
7.5,6447.8,0.1256
7.5,6448.8,0.1299
7.5,6449.8,0.1299
7.5,6450.8,0.1299
7.5,6451.8,0.1299
7.5,6452.9,0.1299
7.5,6453.9,0.1299
7.5,6454.9,0.1299
7.5,6456.9,0.1299
7.5,6457.9,0.1299
7.5,6458.9,0.1299
7.5,6459.9,0.1299
7.5,6460.9,0.1299
7.5,6461.9,0.1299
7.5,6462.9,0.1299
7.5,6463.9,0.1299
7.5,6465,0.1299
7.5,6466,0.1299
7.5,6467,0.1299
7.5,6468,0.1299
7.5,6469,0.1299
7.5,6470,0.1299
7.5,6471,0.1299
7.5,6472,0.1299
7.5,6473,0.1299
7.5,6474.1,0.1299
7.5,6475.1,0.1299
7.5,6477.1,0.1299
7.5,6478.1,0.1299
7.5,6479.1,0.1299
7.5,6480.1,0.1299
7.5,6481.1,0.1299
7.5,6482.1,0.1299
7.5,6483.1,0.1299
7.5,6484.1,0.1299
7.5,6485.1,0.1299
7.5,6486.1,0.1299
7.5,6487.2,0.1299
7.5,6488.2,0.1299
7.5,6489.2,0.1299
7.5,6490.2,0.1299
7.5,6491.2,0.1299
7.5,6492.2,0.1256
7.5,6493.2,0.1256
7.5,6494.2,0.1256
7.5,6495.2,0.1256
7.5,6497.3,0.1256
7.5,6498.3,0.1256
7.5,6499.3,0.1256
7.5,6500.3,0.1256
7.5,6501.3,0.1256
7.5,6502.3,0.1256
7.5,6503.3,0.1256
7.5,6504.3,0.1256
7.5,6505.3,0.1256
7.5,6506.3,0.1256
7.5,6507.3,0.1256
7.5,6508.3,0.1256
7.5,6509.3,0.1256
7.5,6510.3,0.1256
7.5,6511.3,0.1256
7.5,6512.3,0.1256
7.5,6513.3,0.1256
7.5,6514.3,0.1256
7.5,6515.3,0.1256
7.5,6517.4,0.1256
7.5,6518.4,0.1256
7.5,6519.4,0.1256
7.5,6520.4,0.1256
7.5,6521.4,0.1256
7.5,6522.4,0.1256
7.5,6523.4,0.1256
7.5,6524.5,0.1256
7.5,6525.5,0.1256
7.5,6526.5,0.1256
7.5,6527.5,0.1256
7.5,6528.5,0.1256
7.5,6529.5,0.1256
7.5,6530.5,0.1256
7.5,6531.5,0.1256
7.5,6532.5,0.1256
7.5,6533.5,0.1256
7.5,6534.5,0.1256
7.5,6535.5,0.1265
7.5,6537.5,0.1265
7.5,6538.5,0.1265
7.5,6539.5,0.1265
7.5,6540.5,0.1265
7.5,6541.5,0.1265
7.5,6542.5,0.1265
7.5,6543.5,0.1265
7.5,6544.5,0.1265
7.5,6545.5,0.1265
7.5,6546.5,0.1265
7.5,6547.5,0.1265
7.5,6548.5,0.1265
7.5,6549.5,0.1265
7.5,6550.5,0.1265
7.5,6551.5,0.1265
7.5,6552.5,0.1265
7.5,6553.5,0.1265
7.5,6555.5,0.1265
7.5,6556.5,0.1265
7.5,6557.6,0.1265
7.5,6558.6,0.1265
7.5,6559.6,0.1265
7.5,6560.6,0.1265
7.5,6561.6,0.1265
7.5,6562.6,0.1265
7.5,6563.6,0.1265
7.5,6564.7,0.1265
7.5,6565.7,0.1265
7.5,6566.7,0.1265
7.5,6567.7,0.1265
7.5,6568.7,0.1265
7.5,6569.7,0.1265
7.5,6570.7,0.1265
7.5,6571.7,0.1265
7.5,6572.8,0.1265
7.5,6573.8,0.1265
7.5,6575.8,0.1265
7.5,6576.8,0.1265
7.5,6577.8,0.1265
7.5,6578.8,0.1265
7.5,6579.8,0.1265
7.5,6580.8,0.1265
7.5,6581.9,0.1265
7.5,6582.9,0.1265
7.5,6583.9,0.1265
7.5,6584.9,0.1265
7.5,6585.9,0.1265
7.5,6586.9,0.1265
7.5,6587.9,0.1265
7.5,6588.9,0.1265
7.5,6589.9,0.1265
7.5,6591,0.1307
7.5,6592,0.1265
7.5,6593,0.1307
7.5,6594,0.1307
7.5,6596,0.1307
7.5,6597,0.1307
7.5,6598,0.1307
7.5,6599,0.1307
7.5,6600,0.1307
7.5,6601,0.1307
7.5,6602.1,0.1307
7.5,6603.1,0.1307
7.5,6604.1,0.1307
7.5,6605.1,0.1307
7.5,6606.1,0.1307
7.5,6607.1,0.1307
7.5,6608.1,0.1307
7.5,6609.1,0.1307
7.5,6610.1,0.1307
7.5,6611.1,0.1307
7.5,6612.2,0.1307
7.5,6613.2,0.1307
7.5,6614.2,0.1307
7.5,6616.2,0.1307
7.5,6617.2,0.1307
7.5,6618.2,0.1307
7.5,6619.2,0.1307
7.5,6620.2,0.1307
7.5,6621.2,0.1307
7.5,6622.2,0.1307
7.5,6623.3,0.1307
7.5,6624.3,0.1307
7.5,6625.3,0.1307
7.5,6626.3,0.1307
7.5,6627.3,0.1307
7.5,6628.3,0.1307
7.5,6629.3,0.1307
7.5,6630.3,0.1307
7.5,6631.3,0.1307
7.5,6632.3,0.1307
7.5,6633.4,0.1307
7.5,6634.4,0.1307
7.5,6636.4,0.1307
7.5,6637.4,0.1307
7.5,6638.4,0.1307
7.5,6639.4,0.1307
7.5,6640.4,0.1307
7.5,6641.4,0.1307
7.5,6642.4,0.1307
7.5,6643.4,0.1307
7.5,6644.4,0.1307
7.5,6645.4,0.1307
7.5,6646.4,0.1307
7.5,6647.4,0.1307
7.5,6648.4,0.1307
7.5,6649.4,0.1307
7.5,6650.4,0.1307
7.5,6651.4,0.1307
7.5,6652.4,0.1307
7.5,6653.4,0.1307
7.5,6655.4,0.1307
7.5,6656.4,0.1307
7.5,6657.5,0.1307
7.5,6658.5,0.1307
7.5,6659.5,0.1307
7.5,6660.5,0.1307
7.5,6661.5,0.1307
7.5,6662.5,0.1307
7.5,6663.5,0.1307
7.5,6664.5,0.1307
7.5,6665.5,0.1307
7.5,6666.5,0.1307
7.5,6667.5,0.1307
7.5,6668.5,0.1307
7.5,6669.5,0.1307
7.5,6670.5,0.1307
7.5,6671.5,0.1307
7.5,6672.5,0.1307
7.5,6673.6,0.1307
7.5,6675.6,0.1307
7.5,6676.6,0.1307
7.5,6677.6,0.1307
7.5,6678.6,0.1307
7.5,6679.6,0.1307
7.5,6680.6,0.1307
7.5,6681.6,0.1307
7.5,6682.6,0.1307
7.5,6683.6,0.1307
7.5,6684.6,0.1307
7.5,6685.6,0.1307
7.5,6686.6,0.1307
7.5,6687.7,0.1307
7.5,6688.7,0.1307
7.5,6689.7,0.1265
7.5,6690.7,0.1265
7.5,6691.7,0.1265
7.5,6692.7,0.1307
7.5,6693.7,0.1265
7.5,6695.7,0.1265
7.5,6696.7,0.1265
7.5,6697.8,0.1265
7.5,6698.8,0.1265
7.5,6699.8,0.1265
7.5,6700.8,0.1265
7.5,6701.8,0.1265
7.5,6702.8,0.1265
7.5,6703.8,0.1265
7.5,6704.8,0.1265
7.5,6705.8,0.1265
7.5,6706.9,0.1265
7.5,6707.9,0.1265
7.5,6708.9,0.1265
7.5,6709.9,0.1265
7.5,6710.9,0.1265
7.5,6711.9,0.1265
7.5,6712.9,0.1265
7.5,6713.9,0.1265
7.5,6716,0.1265
7.5,6717,0.1265
7.5,6718,0.1265
7.5,6719,0.1265
7.5,6720,0.1265
7.5,6721,0.1265
7.5,6722,0.1265
7.5,6723,0.1265
7.5,6724,0.1265
7.5,6725.1,0.1265
7.5,6726.1,0.1265
7.5,6727.1,0.1265
7.5,6728.1,0.1265
7.5,6729.1,0.1265
7.5,6730.1,0.1265
7.5,6731.1,0.1265
7.5,6732.1,0.1265
7.5,6733.1,0.1265
7.5,6734.1,0.1265
7.5,6736.2,0.1265
7.5,6737.2,0.1265
7.5,6738.2,0.1265
7.5,6739.2,0.1265
7.5,6740.2,0.1265
7.5,6741.2,0.1265
7.5,6742.2,0.1265
7.5,6743.2,0.1265
7.5,6744.2,0.1265
7.5,6745.3,0.1265
7.5,6746.3,0.1265
7.5,6747.3,0.1265
7.5,6748.3,0.1265
7.5,6749.3,0.1265
7.5,6750.3,0.1265
7.5,6751.3,0.1265
7.5,6752.3,0.1265
7.5,6753.4,0.1265
7.5,6754.4,0.1265
7.5,6756.4,0.1265
7.5,6757.4,0.1265
7.5,6758.4,0.1265
7.5,6759.4,0.1265
7.5,6760.4,0.1265
7.5,6761.4,0.1265
7.5,6762.4,0.1265
7.5,6763.4,0.1265
7.5,6764.4,0.1265
7.5,6765.4,0.1265
7.5,6766.4,0.1265
7.5,6767.5,0.1265
7.5,6768.5,0.1265
7.5,6769.5,0.1265
7.5,6770.5,0.1265
7.5,6771.5,0.1265
7.5,6772.5,0.1265
7.5,6773.5,0.1265
7.5,6774.5,0.1265
7.5,6776.5,0.1265
7.5,6777.5,0.1265
7.5,6778.5,0.1265
7.5,6779.5,0.1265
7.5,6780.5,0.1265
7.5,6781.5,0.1265
7.5,6782.5,0.1265
7.5,6783.5,0.1265
7.5,6784.5,0.1265
7.5,6785.5,0.1265
7.5,6786.5,0.1265
7.5,6787.5,0.1265
7.5,6788.5,0.1265
7.5,6789.5,0.1265
7.5,6790.5,0.1265
7.5,6791.5,0.1265
7.5,6792.5,0.1265
7.5,6794.5,0.1265
7.5,6795.5,0.1265
7.5,6796.5,0.1265
7.5,6797.6,0.1265
7.5,6798.6,0.1265
7.5,6799.6,0.1265
7.5,6800.6,0.1265
7.5,6801.6,0.1265
7.5,6802.6,0.1265
7.5,6803.6,0.1265
7.5,6804.6,0.1265
7.5,6805.6,0.1265
7.5,6806.6,0.1265
7.5,6807.6,0.1229
7.5,6808.6,0.1229
7.5,6809.6,0.1229
7.5,6810.6,0.1231
7.5,6811.6,0.1229
7.5,6812.6,0.1231
7.5,6814.6,0.1231
7.5,6815.6,0.1231
7.5,6816.6,0.1231
7.5,6817.6,0.1231
7.5,6818.6,0.1231
7.5,6819.6,0.1231
7.5,6820.6,0.1229
7.5,6821.6,0.1231
7.5,6822.6,0.1231
7.5,6823.6,0.1229
7.5,6824.6,0.1231
7.5,6825.6,0.1229
7.5,6826.6,0.1229
7.5,6827.6,0.1231
7.5,6828.6,0.1229
7.5,6829.6,0.1231
7.5,6830.6,0.1231
7.5,6832.6,0.1231
7.5,6833.7,0.1229
7.5,6834.7,0.1231
7.5,6835.7,0.1229
7.5,6836.7,0.1229
7.5,6837.7,0.1231
7.5,6838.7,0.1229
7.5,6839.7,0.1231
7.5,6840.7,0.1231
7.5,6841.7,0.1231
7.5,6842.8,0.1229
7.5,6843.8,0.1231
7.5,6844.8,0.1231
7.5,6845.8,0.1231
7.5,6846.8,0.1231
7.5,6847.8,0.1316
7.5,6848.8,0.1316
7.5,6849.8,0.1316
7.5,6851.8,0.1316
7.5,6852.9,0.1316
7.5,6853.9,0.1316
7.5,6854.9,0.1316
7.5,6855.9,0.1316
7.5,6856.9,0.1316
7.5,6857.9,0.1316
7.5,6858.9,0.1316
7.5,6859.9,0.1316
7.5,6861,0.1316
7.5,6862,0.1316
7.5,6863,0.1316
7.5,6864,0.1316
7.5,6865,0.1316
7.5,6866,0.1316
7.5,6867,0.1316
7.5,6868.1,0.1316
7.5,6869.1,0.1316
7.5,6870.1,0.1316
7.5,6872.1,0.1316
7.5,6873.1,0.1316
7.5,6874.1,0.1316
7.5,6875.1,0.1316
7.5,6876.1,0.1316
7.5,6877.2,0.1316
7.5,6878.2,0.1316
7.5,6879.2,0.1316
7.5,6880.2,0.1316
7.5,6881.2,0.1316
7.5,6882.2,0.1316
7.5,6883.2,0.1316
7.5,6884.2,0.1316
7.5,6885.3,0.1316
7.5,6886.3,0.1316
7.5,6887.3,0.1316
7.5,6888.3,0.1316
7.5,6889.3,0.1316
7.5,6890.3,0.1316
7.5,6892.3,0.1316
7.5,6893.3,0.1316
7.5,6894.3,0.1316
7.5,6895.3,0.1316
7.5,6896.4,0.1316
7.5,6897.4,0.1316
7.5,6898.4,0.1231
7.5,6899.4,0.1316
7.5,6900.4,0.1316
7.5,6901.4,0.1316
7.5,6902.4,0.1316
7.5,6903.5,0.1231
7.5,6904.5,0.1231
7.5,6905.5,0.1231
7.5,6906.5,0.1231
7.5,6907.5,0.1231
7.5,6908.5,0.1231
7.5,6909.5,0.1229
7.5,6910.5,0.1229
7.5,6912.5,0.1231
7.5,6913.5,0.1239
7.5,6914.5,0.1239
7.5,6915.5,0.1231
7.5,6916.5,0.1239
7.5,6917.5,0.1239
7.5,6918.5,0.1239
7.5,6919.5,0.1239
7.5,6920.5,0.1239
7.5,6921.5,0.1239
7.5,6922.5,0.1239
7.5,6923.5,0.1239
7.5,6924.5,0.1239
7.5,6925.5,0.1239
7.5,6926.5,0.1239
7.5,6927.5,0.1239
7.5,6928.5,0.1239
7.5,6930.5,0.1239
7.5,6931.5,0.1239
7.5,6932.5,0.1239
7.5,6933.5,0.1239
7.5,6934.5,0.1239
7.5,6935.6,0.1239
7.5,6936.6,0.1239
7.5,6937.6,0.1239
7.5,6938.6,0.1239
7.5,6939.6,0.1239
7.5,6940.6,0.1239
7.5,6941.6,0.1239
7.5,6942.6,0.1239
7.5,6943.7,0.1239
7.5,6944.7,0.1239
7.5,6945.7,0.1239
7.5,6946.7,0.1239
7.5,6948.7,0.1239
7.5,6949.7,0.1239
7.5,6950.7,0.1239
7.5,6951.7,0.1239
7.5,6952.7,0.1239
7.5,6953.7,0.1239
7.5,6954.7,0.1239
7.5,6955.7,0.1239
7.5,6956.7,0.1239
7.5,6957.7,0.1239
7.5,6958.7,0.1239
7.5,6959.7,0.1239
7.5,6960.7,0.1239
7.5,6961.7,0.1239
7.5,6962.7,0.1239
7.5,6963.7,0.1239
7.5,6964.7,0.1239
7.5,6965.7,0.1239
7.5,6966.7,0.1239
7.5,6968.7,0.1239
7.5,6969.7,0.1239
7.5,6970.7,0.1239
7.5,6971.7,0.1239
7.5,6972.7,0.1239
7.5,6973.7,0.1239
7.5,6974.7,0.1239
7.5,6975.7,0.1239
7.5,6976.7,0.1239
7.5,6977.8,0.1239
7.5,6978.8,0.1239
7.5,6979.8,0.1239
7.5,6980.8,0.1239
7.5,6981.8,0.1239
7.5,6982.8,0.1239
7.5,6983.8,0.1239
7.5,6984.9,0.1239
7.5,6986.9,0.1239
7.5,6987.9,0.1239
7.5,6988.9,0.1239
7.5,6989.9,0.1239
7.5,6990.9,0.1239
7.5,6991.9,0.1239
7.5,6992.9,0.1239
7.5,6994,0.1239
7.5,6995,0.1239
7.5,6996,0.1239
7.5,6997,0.1239
7.5,6998,0.1239
7.5,6999,0.1239
7.5,7000.1,0.1239
7.5,7001.1,0.1239
7.5,7002.1,0.1239
7.5,7003.1,0.1239
7.5,7004.1,0.1239
7.5,7005.1,0.1239
7.5,7007.1,0.1239
7.5,7008.1,0.1239
7.5,7009.1,0.1239
7.5,7010.1,0.1239
7.5,7011.2,0.1239
7.5,7012.2,0.1239
7.5,7013.2,0.1239
7.5,7014.2,0.1239
7.5,7015.2,0.1239
7.5,7016.2,0.1239
7.5,7017.2,0.1239
7.5,7018.2,0.1324
7.5,7019.2,0.1324
7.5,7020.2,0.1324
7.5,7021.3,0.1324
7.5,7022.3,0.1324
7.5,7023.3,0.1324
7.5,7024.3,0.1324
7.5,7025.3,0.1324
7.5,7027.3,0.1324
7.5,7028.3,0.1324
7.5,7029.3,0.1324
7.5,7030.3,0.1324
7.5,7031.4,0.1324
7.5,7032.4,0.1324
7.5,7033.4,0.1324
7.5,7034.4,0.1324
7.5,7035.4,0.1324
7.5,7036.4,0.1324
7.5,7037.4,0.1324
7.5,7038.4,0.1324
7.5,7039.4,0.1324
7.5,7040.5,0.1324
7.5,7041.5,0.1324
7.5,7042.5,0.1324
7.5,7043.5,0.1324
7.5,7044.5,0.1324
7.5,7045.5,0.1324
7.5,7047.5,0.1324
7.5,7048.5,0.1324
7.5,7049.5,0.1324
7.5,7050.5,0.1324
7.5,7051.6,0.1324
7.5,7052.6,0.1324
7.5,7053.6,0.1324
7.5,7054.6,0.1324
7.5,7055.6,0.1324
7.5,7056.6,0.1324
7.5,7057.6,0.1324
7.5,7058.6,0.1324
7.5,7059.6,0.1324
7.5,7060.6,0.1324
7.5,7061.6,0.1324
7.5,7062.6,0.1324
7.5,7063.6,0.1324
7.5,7064.6,0.1324
7.5,7065.6,0.1324
7.5,7067.6,0.1324
7.5,7068.6,0.1324
7.5,7069.6,0.1324
7.5,7070.6,0.1324
7.5,7071.6,0.1324
7.5,7072.6,0.1324
7.5,7073.6,0.1324
7.5,7074.6,0.1324
7.5,7075.6,0.1324
7.5,7076.6,0.1324
7.5,7077.6,0.1324
7.5,7078.6,0.1324
7.5,7079.6,0.1324
7.5,7080.6,0.1324
7.5,7081.6,0.1324
7.5,7082.6,0.1324
7.5,7083.6,0.1324
7.5,7085.6,0.1324
7.5,7086.6,0.1324
7.5,7087.6,0.1324
7.5,7088.6,0.1324
7.5,7089.6,0.1324
7.5,7090.6,0.1324
7.5,7091.6,0.1324
7.5,7092.6,0.1324
7.5,7093.6,0.1324
7.5,7094.7,0.1324
7.5,7095.7,0.1324
7.5,7096.7,0.1324
7.5,7097.7,0.1239
7.5,7098.7,0.1324
7.5,7099.7,0.1324
7.5,7100.7,0.1324
7.5,7101.7,0.1239
7.5,7102.7,0.1239
7.5,7103.7,0.1239
7.5,7105.7,0.1239
7.5,7106.7,0.1239
7.5,7107.7,0.1239
7.5,7108.7,0.1239
7.5,7109.8,0.1239
7.5,7110.8,0.1239
7.5,7111.8,0.1239
7.5,7112.8,0.1239
7.5,7113.8,0.1239
7.5,7114.8,0.1239
7.5,7115.8,0.1239
7.5,7116.8,0.1239
7.5,7117.8,0.1239
7.5,7118.8,0.1239
7.5,7119.8,0.1239
7.5,7120.8,0.1239
7.5,7121.8,0.1239
7.5,7122.8,0.1239
7.5,7124.8,0.1239
7.5,7125.8,0.1239
7.5,7126.8,0.1239
7.5,7127.8,0.1239
7.5,7128.8,0.1239
7.5,7129.8,0.1239
7.5,7130.8,0.1239
7.5,7131.8,0.1239
7.5,7132.8,0.1239
7.5,7133.8,0.1239
7.5,7134.8,0.1239
7.5,7135.8,0.1239
7.5,7136.9,0.1239
7.5,7137.9,0.1239
7.5,7138.9,0.1239
7.5,7139.9,0.1248
7.5,7140.9,0.1248
7.5,7142.9,0.1248
7.5,7144,0.1248
7.5,7145,0.1248
7.5,7146,0.1248
7.5,7147,0.1248
7.5,7148,0.1248
7.5,7149,0.1248
7.5,7150,0.1248
7.5,7151.1,0.1248
7.5,7152.1,0.1248
7.5,7153.1,0.1248
7.5,7154.1,0.1248
7.5,7155.1,0.1248
7.5,7156.1,0.1248
7.5,7157.1,0.1248
7.5,7158.1,0.1248
7.5,7159.2,0.1248
7.5,7160.2,0.1248
7.5,7161.2,0.1248
7.5,7163.2,0.1248
7.5,7164.2,0.1248
7.5,7165.2,0.1248
7.5,7166.2,0.1248
7.5,7167.3,0.1248
7.5,7168.3,0.1248
7.5,7169.3,0.1248
7.5,7170.3,0.1248
7.5,7171.3,0.1248
7.5,7172.3,0.1248
7.5,7173.3,0.1248
7.5,7174.3,0.1248
7.5,7175.3,0.1248
7.5,7176.4,0.1248
7.5,7177.4,0.1248
7.5,7178.4,0.1248
7.5,7179.4,0.1248
7.5,7180.4,0.1248
7.5,7181.4,0.1248
7.5,7183.4,0.1248
7.5,7184.4,0.1248
7.5,7185.5,0.1248
7.5,7186.5,0.1248
7.5,7187.5,0.1248
7.5,7188.5,0.1248
7.5,7189.5,0.1248
7.5,7190.5,0.1248
7.5,7191.5,0.1248
7.5,7192.5,0.1248
7.5,7193.5,0.1248
7.5,7194.5,0.1248
7.5,7195.5,0.1248
7.5,7196.6,0.1248
7.5,7197.6,0.1248
7.5,7198.6,0.1248
7.5,7199.6,0.1248
7.5,7200.6,0.1248
7.5,7201.6,0.1248
7.5,7203.6,0.1248
7.5,7204.6,0.1248
7.5,7205.7,0.1248
7.5,7206.7,0.1248
7.5,7207.7,0.1248
7.5,7208.7,0.1248
7.5,7209.7,0.1248
7.5,7210.7,0.1248
7.5,7211.7,0.1248
7.5,7212.7,0.1248
7.5,7214.7,0.1248
7.5,7215.7,0.1248
7.5,7216.7,0.1248
7.5,7217.7,0.1248
7.5,7218.7,0.1248
7.5,7219.7,0.1248
7.5,7220.7,0.1248
7.5,7222.7,0.1248
7.5,7223.7,0.1248
7.5,7224.7,0.1248
7.5,7225.7,0.1248
7.5,7226.7,0.1248
3.5,7227.7,0.1248
3.5,7228.7,0.1248
3.5,7229.8,0.1248
3.5,7230.8,0.1248
3.5,7231.8,0.1248
3.5,7232.8,0.1248
3.5,7233.8,0.1248
3.5,7234.8,0.1248
3.5,7235.8,0.1248
3.5,7236.8,0.1316
3.5,7237.8,0.1307
3.5,7238.8,0.1299
3.5,7239.8,0.1248
3.5,7241.8,0.1239
3.5,7242.8,0.1229
3.5,7243.8,0.1231
3.5,7244.8,0.1231
3.5,7245.8,0.1231
3.5,7246.8,0.1231
3.5,7247.8,0.1231
3.5,7248.8,0.1231
3.5,7249.8,0.1231
3.5,7250.8,0.1231
3.5,7251.8,0.1222
3.5,7252.8,0.1214
3.5,7253.8,0.1205
3.5,7254.8,0.1195
3.5,7255.8,0.1187
3.5,7256.8,0.1178
3.5,7257.8,0.117
3.5,7259.8,0.1161
3.5,7260.8,0.1195
3.5,7261.8,0.1195
3.5,7262.8,0.1197
3.5,7263.8,0.1197
3.5,7264.9,0.1197
3.5,7265.9,0.1197
3.5,7266.9,0.1197
3.5,7267.9,0.1153
3.5,7268.9,0.1153
3.5,7269.9,0.1144
3.5,7270.9,0.1136
3.5,7271.9,0.1127
3.5,7272.9,0.1085
3.5,7274,0.1119
3.5,7275,0.111
3.5,7276,0.1102
3.5,7277,0.1136
3.5,7279,0.1127
3.5,7280,0.1085
3.5,7281,0.1085
3.5,7282.1,0.1042
3.5,7283.1,0.1042
3.5,7284.1,0.1076
3.5,7285.1,0.1076
3.5,7286.1,0.1076
3.5,7287.1,0.1076
3.5,7288.1,0.1076
3.5,7289.2,0.1076
3.5,7290.2,0.1068
3.5,7291.2,0.1066
3.5,7292.2,0.1059
3.5,7293.2,0.1093
3.5,7294.2,0.1085
3.5,7295.3,0.1032
3.5,7296.3,0.1032
3.5,7297.3,0.1023
3.5,7299.3,0.1059
3.5,7300.3,0.1015
3.5,7301.3,0.0973
3.5,7302.3,0.0973
3.5,7303.4,0.0973
3.5,7304.4,0.0973
3.5,7305.4,0.0973
3.5,7306.4,0.1006
3.5,7307.4,0.1006
3.5,7308.4,0.1006
3.5,7309.4,0.1006
3.5,7310.5,0.0964
3.5,7311.5,0.0998
3.5,7312.5,0.1032
3.5,7313.5,0.0939
3.5,7314.5,0.0939
3.5,7315.5,0.0973
3.5,7316.6,0.1006
3.5,7317.6,0.0921
3.5,7319.6,0.0956
3.5,7320.6,0.0913
3.5,7321.6,0.0904
3.5,7322.6,0.0904
3.5,7323.7,0.0947
3.5,7324.7,0.0947
3.5,7325.7,0.0947
3.5,7326.7,0.0947
3.5,7327.7,0.0989
3.5,7328.7,0.0947
3.5,7329.7,0.0947
3.5,7330.7,0.0904
3.5,7331.7,0.0939
3.5,7332.7,0.093
3.5,7333.7,0.0879
3.5,7334.7,0.0921
3.5,7335.7,0.0956
3.5,7336.7,0.0869
3.5,7337.7,0.0904
3.5,7339.7,0.0894
3.5,7340.7,0.0896
3.5,7341.7,0.0896
3.5,7342.7,0.0896
3.5,7343.7,0.0896
3.5,7344.8,0.0894
3.5,7345.8,0.0894
3.5,7346.8,0.0809
3.5,7347.8,0.0809
3.5,7348.8,0.0809
3.5,7349.8,0.0887
3.5,7350.8,0.0801
3.5,7351.8,0.0879
3.5,7352.8,0.0835
3.5,7353.8,0.0869
3.5,7354.8,0.0835
3.5,7355.8,0.0818
3.5,7356.9,0.0809
3.5,7358.9,0.0809
3.5,7359.9,0.0801
3.5,7360.9,0.0801
3.5,7361.9,0.0801
3.5,7362.9,0.0801
3.5,7363.9,0.0801
3.5,7364.9,0.0801
3.5,7365.9,0.0801
3.5,7366.9,0.0801
3.5,7367.9,0.0801
3.5,7368.9,0.0801
3.5,7369.9,0.0792
3.5,7370.9,0.0792
3.5,7371.9,0.0826
3.5,7372.9,0.0784
3.5,7373.9,0.0818
3.5,7374.9,0.0775
3.5,7375.9,0.0809
3.5,7376.9,0.0758
3.5,7378.9,0.0801
3.5,7380,0.0758
3.5,7381,0.0758
3.5,7382,0.0758
3.5,7383,0.0758
3.5,7384,0.0758
3.5,7385,0.0758
3.5,7386,0.0716
3.5,7387,0.075
3.5,7388,0.075
3.5,7389.1,0.0792
3.5,7390.1,0.075
3.5,7391.1,0.0784
3.5,7392.1,0.0741
3.5,7393.1,0.0775
3.5,7394.1,0.0733
3.5,7395.1,0.0767
3.5,7396.1,0.0724
3.5,7398.2,0.0758
3.5,7399.2,0.0716
3.5,7400.2,0.0716
3.5,7401.2,0.0716
3.5,7402.2,0.0714
3.5,7403.2,0.0716
3.5,7404.2,0.0716
3.5,7405.3,0.0716
3.5,7406.3,0.0714
3.5,7407.3,0.0714
3.5,7408.3,0.0672
3.5,7409.3,0.075
3.5,7410.3,0.0663
3.5,7411.4,0.0741
3.5,7412.4,0.0697
3.5,7413.4,0.0733
3.5,7414.4,0.0689
3.5,7415.4,0.0724
3.5,7416.4,0.068
3.5,7418.5,0.0672
3.5,7419.5,0.0716
3.5,7420.5,0.0714
3.5,7421.5,0.0714
3.5,7422.5,0.0716
3.5,7423.5,0.0714
3.5,7424.5,0.0714
3.5,7425.6,0.0716
3.5,7426.6,0.0714
3.5,7427.6,0.0672
3.5,7428.6,0.0672
3.5,7429.6,0.0663
3.5,7430.7,0.0707
3.5,7431.7,0.0655
3.5,7432.7,0.0697
3.5,7433.7,0.0612
3.5,7434.7,0.069
3.5,7435.7,0.0646
3.5,7436.7,0.068
3.5,7438.8,0.0638
3.5,7439.8,0.0595
3.5,7440.8,0.0595
3.5,7441.8,0.0595
3.5,7442.8,0.0595
3.5,7443.8,0.0595
3.5,7444.8,0.0595
3.5,7445.8,0.0595
3.5,7446.8,0.0595
3.5,7447.8,0.0629
3.5,7448.8,0.0629
3.5,7449.8,0.0672
3.5,7450.8,0.0587
3.5,7451.8,0.0663
3.5,7452.8,0.0621
3.5,7453.8,0.0612
3.5,7454.8,0.0655
3.5,7455.8,0.0604
3.5,7456.8,0.0646
3.5,7458.8,0.0646
3.5,7459.8,0.0604
3.5,7460.8,0.0595
3.5,7461.8,0.0595
3.5,7462.8,0.0595
3.5,7463.8,0.0595
3.5,7464.8,0.0595
3.5,7465.8,0.0595
3.5,7466.8,0.0595
3.5,7467.9,0.0595
3.5,7468.9,0.0638
3.5,7469.9,0.0595
3.5,7470.9,0.0629
3.5,7471.9,0.0629
3.5,7472.9,0.0578
3.5,7473.9,0.0621
3.5,7474.9,0.0621
3.5,7476.9,0.057
3.5,7478,0.0612
3.5,7479,0.0612
3.5,7480,0.0612
3.5,7481,0.0612
3.5,7482,0.0612
3.5,7483,0.0612
3.5,7484,0.0612
3.5,7485,0.0612
3.5,7486,0.0612
3.5,7487,0.0612
3.5,7488,0.057
3.5,7489,0.0604
3.5,7490,0.0604
3.5,7491,0.0517
3.5,7492,0.0595
3.5,7493,0.0595
3.5,7494,0.0508
3.5,7496,0.0587
3.5,7497,0.0587
3.5,7498,0.0587
3.5,7499,0.0587
3.5,7500,0.0587
3.5,7501,0.0587
3.5,7502,0.0587
3.5,7503,0.0587
3.5,7504,0.0587
3.5,7505,0.0587
3.5,7506,0.0534
3.5,7507,0.0578
3.5,7508,0.0578
3.5,7509,0.0534
3.5,7510,0.0525
3.5,7511,0.057
3.5,7512,0.0527
3.5,7514,0.0481
3.5,7515.1,0.0517
3.5,7516.1,0.0517
3.5,7517.1,0.0561
3.5,7518.1,0.0561
3.5,7519.1,0.0561
3.5,7520.2,0.0561
3.5,7521.2,0.0561
3.5,7522.2,0.0561
3.5,7523.2,0.0561
3.5,7524.2,0.0561
3.5,7525.2,0.0517
3.5,7526.2,0.0474
3.5,7527.3,0.0553
3.5,7528.3,0.0508
3.5,7529.3,0.0466
3.5,7530.3,0.0544
3.5,7531.3,0.0544
3.5,7532.3,0.05
3.5,7534.4,0.0491
3.5,7535.4,0.0534
3.5,7536.4,0.0534
3.5,7537.4,0.0536
3.5,7538.4,0.0536
3.5,7539.4,0.0536
3.5,7540.4,0.0534
3.5,7541.5,0.0536
3.5,7542.5,0.0534
3.5,7543.5,0.0536
3.5,7544.5,0.0534
3.5,7545.5,0.0534
3.5,7546.5,0.0491
3.5,7547.6,0.0483
3.5,7548.6,0.0525
3.5,7549.6,0.0525
3.5,7550.6,0.0483
3.5,7551.6,0.0474
3.5,7552.6,0.0517
3.5,7554.7,0.0474
3.5,7555.7,0.0474
3.5,7556.7,0.0468
3.5,7557.7,0.0466
3.5,7558.7,0.0468
3.5,7559.7,0.0466
3.5,7560.8,0.0468
3.5,7561.8,0.0468
3.5,7562.8,0.0432
3.5,7563.8,0.0432
3.5,7564.8,0.0432
3.5,7565.8,0.0466
3.5,7566.8,0.0508
3.5,7567.8,0.0466
3.5,7568.8,0.0381
3.5,7569.8,0.0457
3.5,7570.8,0.05
3.5,7571.8,0.0495
3.5,7572.8,0.0457
3.5,7574.8,0.0449
3.5,7575.8,0.0491
3.5,7576.8,0.0491
3.5,7577.8,0.0491
3.5,7578.8,0.0491
3.5,7579.9,0.0491
3.5,7580.9,0.0491
3.5,7581.9,0.0491
3.5,7582.9,0.0491
3.5,7583.9,0.0491
3.5,7584.9,0.0491
3.5,7585.9,0.0483
3.5,7586.9,0.0449
3.5,7587.9,0.044
3.5,7588.9,0.0483
3.5,7589.9,0.0483
3.5,7590.9,0.044
3.5,7593,0.044
3.5,7594,0.0398
3.5,7595,0.0398
3.5,7596,0.0398
3.5,7597,0.0398
3.5,7598,0.0398
3.5,7599,0.0398
3.5,7600,0.0398
3.5,7601,0.0398
3.5,7602,0.0398
3.5,7603,0.0398
3.5,7604,0.0432
3.5,7605,0.0474
3.5,7606,0.0474
3.5,7607,0.0474
3.5,7608,0.0474
3.5,7609,0.0474
3.5,7610,0.0474
3.5,7611,0.0474
3.5,7613,0.0474
3.5,7614,0.0474
3.5,7615,0.0468
3.5,7616,0.0468
3.5,7617,0.0468
3.5,7618,0.0468
3.5,7619,0.0468
3.5,7620,0.0406
3.5,7621,0.0468
3.5,7622,0.0466
3.5,7623,0.0474
3.5,7624,0.0474
3.5,7625,0.0474
3.5,7626,0.0474
3.5,7627.1,0.0474
3.5,7628.1,0.0474
3.5,7629.1,0.0474
3.5,7631.1,0.0474
3.5,7632.1,0.0474
3.5,7633.1,0.0471
3.5,7634.1,0.0468
3.5,7635.1,0.0468
3.5,7636.1,0.0466
3.5,7637.1,0.0466
3.5,7638.1,0.0406
3.5,7639.2,0.0468
3.5,7640.2,0.0468
3.5,7641.2,0.0406
3.5,7642.2,0.0474
3.5,7643.2,0.0406
3.5,7644.2,0.0406
3.5,7645.2,0.0432
3.5,7646.3,0.0474
3.5,7647.3,0.0474
3.5,7648.3,0.0474
3.5,7650.3,0.0474
3.5,7651.3,0.0474
3.5,7652.3,0.0468
3.5,7653.4,0.0468
3.5,7654.4,0.0468
3.5,7655.4,0.0468
3.5,7656.4,0.0468
3.5,7657.4,0.0468
3.5,7658.4,0.0468
3.5,7659.4,0.0468
3.5,7660.5,0.0474
3.5,7661.5,0.0474
3.5,7662.5,0.0474
3.5,7663.5,0.0474
3.5,7664.5,0.0474
3.5,7665.5,0.0474
3.5,7666.6,0.0474
3.5,7667.6,0.0474
3.5,7668.6,0.0474
3.5,7670.6,0.0474
3.5,7671.6,0.0474
3.5,7672.7,0.0468
3.5,7673.7,0.0468
3.5,7674.7,0.0468
3.5,7675.7,0.0466
3.5,7676.7,0.0466
3.5,7677.7,0.0468
3.5,7678.8,0.0466
3.5,7679.8,0.0466
3.5,7680.8,0.0474
3.5,7681.8,0.0474
3.5,7682.8,0.0474
3.5,7683.8,0.0474
3.5,7684.8,0.0474
3.5,7685.9,0.0474
3.5,7686.9,0.0474
3.5,7687.9,0.0474
3.5,7688.9,0.0474
3.5,7690.9,0.0474
3.5,7691.9,0.0474
3.5,7692.9,0.0468
3.5,7693.9,0.0468
3.5,7694.9,0.0466
3.5,7695.9,0.0466
3.5,7696.9,0.0466
3.5,7697.9,0.0468
3.5,7698.9,0.0466
3.5,7699.9,0.0466
3.5,7700.9,0.0474
3.5,7701.9,0.0474
3.5,7702.9,0.0474
3.5,7703.9,0.0474
3.5,7704.9,0.0474
3.5,7705.9,0.0474
3.5,7706.9,0.0474
3.5,7708.9,0.0474
3.5,7709.9,0.0474
3.5,7710.9,0.0471
3.5,7711.9,0.0468
3.5,7712.9,0.0466
3.5,7713.9,0.0466
3.5,7714.9,0.0468
3.5,7715.9,0.0466
3.5,7716.9,0.0468
3.5,7717.9,0.0466
3.5,7718.9,0.0474
3.5,7720,0.0474
3.5,7721,0.0474
3.5,7722,0.0474
3.5,7723,0.0474
3.5,7724,0.0474
3.5,7725,0.0474
3.5,7726,0.0474
3.5,7728,0.0474
3.5,7729.1,0.0474
3.5,7730.1,0.0468
3.5,7731.1,0.0468
3.5,7732.1,0.0468
3.5,7733.1,0.0468
3.5,7734.1,0.0468
3.5,7735.1,0.0468
3.5,7736.1,0.0468
3.5,7737.1,0.0466
3.5,7738.1,0.0474
3.5,7739.1,0.0474
3.5,7740.1,0.0474
3.5,7741.1,0.0474
3.5,7742.1,0.0474
3.5,7743.1,0.0474
3.5,7744.1,0.0474
3.5,7745.1,0.0474
3.5,7747.1,0.0474
3.5,7748.1,0.0474
3.5,7749.1,0.0468
3.5,7750.1,0.0466
3.5,7751.1,0.0468
3.5,7752.1,0.0466
3.5,7753.1,0.0466
3.5,7754.1,0.0468
3.5,7755.1,0.0466
3.5,7756.1,0.0468
3.5,7757.1,0.0474
3.5,7758.1,0.0474
3.5,7759.1,0.0474
3.5,7760.1,0.0474
3.5,7761.1,0.0474
3.5,7762.1,0.0474
3.5,7763.1,0.0474
3.5,7765.1,0.0474
3.5,7766.1,0.0474
3.5,7767.1,0.0469
3.5,7768.1,0.0468
3.5,7769.1,0.0466
3.5,7770.2,0.0466
3.5,7771.2,0.0466
3.5,7772.2,0.0468
3.5,7773.2,0.0468
3.5,7774.2,0.0468
3.5,7775.2,0.0474
3.5,7776.2,0.0474
3.5,7777.3,0.0474
3.5,7778.3,0.0474
3.5,7779.3,0.0474
3.5,7780.3,0.0474
3.5,7781.3,0.0474
3.5,7782.4,0.0474
3.5,7783.4,0.0474
3.5,7785.4,0.0474
3.5,7786.4,0.0474
3.5,7787.4,0.0468
3.5,7788.4,0.0468
3.5,7789.4,0.0468
3.5,7790.5,0.0468
3.5,7791.5,0.0468
3.5,7792.5,0.0468
3.5,7793.5,0.0466
3.5,7794.5,0.0466
3.5,7795.5,0.0474
3.5,7796.5,0.0474
3.5,7797.6,0.0474
3.5,7798.6,0.0474
3.5,7799.6,0.0474
3.5,7800.6,0.0474
3.5,7801.6,0.0474
3.5,7802.6,0.0474
3.5,7803.7,0.0474
3.5,7805.7,0.0474
3.5,7806.7,0.0474
3.5,7807.7,0.0466
3.5,7808.7,0.0466
3.5,7809.7,0.0468
3.5,7810.7,0.0468
3.5,7811.8,0.0466
3.5,7812.8,0.0468
3.5,7813.8,0.0468
3.5,7814.8,0.0466
3.5,7815.8,0.0474
3.5,7816.8,0.0474
3.5,7817.9,0.0474
3.5,7818.9,0.0474
3.5,7819.9,0.0474
3.5,7820.9,0.0474
3.5,7821.9,0.0474
3.5,7822.9,0.0474
3.5,7823.9,0.0474
3.5,7825.9,0.0474
3.5,7826.9,0.0474
3.5,7828,0.0466
3.5,7829,0.0466
3.5,7830,0.0468
3.5,7831,0.0468
3.5,7832,0.0468
3.5,7833,0.0468
3.5,7834,0.0466
3.5,7835,0.0468
3.5,7836,0.0474
3.5,7837,0.0474
3.5,7838,0.0474
3.5,7839,0.0474
3.5,7840,0.0474
3.5,7841.1,0.0474
3.5,7842.1,0.0474
3.5,7844.1,0.0474
3.5,7845.1,0.0474
3.5,7846.1,0.0471
3.5,7847.1,0.0466
3.5,7848.1,0.0466
3.5,7849.1,0.0466
3.5,7850.1,0.0468
3.5,7851.1,0.0468
3.5,7852.1,0.0468
3.5,7853.1,0.0468
3.5,7854.1,0.0474
3.5,7855.1,0.0474
3.5,7856.2,0.0474
3.5,7857.2,0.0474
3.5,7858.2,0.0474
3.5,7859.2,0.0474
3.5,7860.2,0.0474
3.5,7861.2,0.0474
3.5,7862.2,0.0474
3.5,7864.2,0.0474
3.5,7865.2,0.0474
3.5,7866.3,0.0468
3.5,7867.3,0.0468
3.5,7868.3,0.0468
3.5,7869.3,0.0468
3.5,7870.3,0.0468
3.5,7871.4,0.0468
3.5,7872.4,0.0468
3.5,7873.4,0.0468
3.5,7874.4,0.0474
3.5,7875.4,0.0474
3.5,7876.4,0.0474
3.5,7877.4,0.0474
3.5,7878.5,0.0474
3.5,7879.5,0.0474
3.5,7880.5,0.0474
3.5,7881.5,0.0474
3.5,7882.5,0.0474
3.5,7884.5,0.0474
3.5,7885.5,0.0474
3.5,7886.5,0.0468
3.5,7887.6,0.0468
3.5,7888.6,0.0468
3.5,7889.6,0.0466
3.5,7890.6,0.0468
3.5,7891.6,0.0466
3.5,7892.6,0.0468
3.5,7893.7,0.0468
3.5,7894.7,0.0474
3.5,7895.7,0.0474
3.5,7896.7,0.0474
3.5,7897.7,0.0474
3.5,7898.8,0.0474
3.5,7899.8,0.0474
3.5,7900.8,0.0474
3.5,7901.8,0.0474
3.5,7902.8,0.0474
3.5,7904.8,0.0474
3.5,7905.8,0.0474
3.5,7906.9,0.0466
3.5,7907.9,0.0468
3.5,7908.9,0.0468
3.5,7909.9,0.0466
3.5,7910.9,0.0468
3.5,7911.9,0.0466
3.5,7912.9,0.0468
3.5,7914,0.0468
3.5,7915,0.0474
3.5,7916,0.0474
3.5,7917,0.0474
3.5,7918,0.0474
3.5,7919,0.0474
3.5,7920,0.0474
3.5,7921,0.0474
3.5,7922,0.0474
3.5,7923,0.0474
3.5,7925,0.0474
3.5,7926,0.0474
3.5,7927,0.0468
3.5,7928,0.0468
3.5,7929,0.0466
3.5,7930,0.0468
3.5,7931,0.0466
3.5,7932,0.0468
3.5,7933,0.0468
3.5,7934,0.0468
3.5,7935,0.0474
3.5,7936,0.0474
3.5,7937,0.0474
3.5,7938,0.0474
3.5,7939,0.0474
3.5,7940,0.0474
3.5,7941,0.0474
3.5,7943,0.0474
3.5,7944,0.0474
3.5,7945,0.0471
3.5,7946,0.0468
3.5,7947,0.0468
3.5,7948.1,0.0468
3.5,7949.1,0.0466
3.5,7950.1,0.0468
3.5,7951.1,0.0468
3.5,7952.1,0.0468
3.5,7953.1,0.0474
3.5,7954.1,0.0474
3.5,7955.1,0.0474
3.5,7956.1,0.0474
3.5,7957.2,0.0474
3.5,7958.2,0.0474
3.5,7959.2,0.0474
3.5,7960.2,0.0474
3.5,7962.2,0.0474
3.5,7963.2,0.0474
3.5,7964.2,0.0468
3.5,7965.2,0.0468
3.5,7966.2,0.0466
3.5,7967.2,0.0468
3.5,7968.2,0.0466
3.5,7969.2,0.0468
3.5,7970.2,0.0468
3.5,7971.2,0.0466
3.5,7972.2,0.0474
3.5,7973.2,0.0474
3.5,7974.2,0.0474
3.5,7975.2,0.0474
3.5,7976.2,0.0474
3.5,7977.2,0.0474
3.5,7978.2,0.0474
3.5,7980.2,0.0474
3.5,7981.2,0.0474
3.5,7982.2,0.0471
3.5,7983.2,0.0468
3.5,7984.2,0.0466
3.5,7985.2,0.0468
3.5,7986.2,0.0468
3.5,7987.2,0.0468
3.5,7988.2,0.0468
3.5,7989.2,0.0468
3.5,7990.2,0.0474
3.5,7991.2,0.0474
3.5,7992.2,0.0474
3.5,7993.2,0.0474
3.5,7994.2,0.0474
3.5,7995.2,0.0474
3.5,7996.2,0.0474
3.5,7998.2,0.0474
3.5,7999.3,0.0474
3.5,8000.3,0.0471
3.5,8001.3,0.0466
3.5,8002.3,0.0468
3.5,8003.3,0.0468
3.5,8004.3,0.0468
3.5,8005.4,0.0466
3.5,8006.4,0.0468
3.5,8007.4,0.0468
3.5,8008.4,0.0474
3.5,8009.4,0.0474
3.5,8010.5,0.0474
3.5,8011.5,0.0474
3.5,8012.5,0.0474
3.5,8013.5,0.0474
3.5,8014.5,0.0474
3.5,8015.5,0.0474
3.5,8016.5,0.0474
3.5,8018.6,0.0474
3.5,8019.6,0.0474
3.5,8020.6,0.0468
3.5,8021.6,0.0468
3.5,8022.6,0.0468
3.5,8023.6,0.0468
3.5,8024.6,0.0468
3.5,8025.7,0.0466
3.5,8026.7,0.0468
3.5,8027.7,0.0468
3.5,8028.7,0.0474
3.5,8029.7,0.0474
3.5,8030.7,0.0474
3.5,8031.7,0.0474
3.5,8032.8,0.0474
3.5,8033.8,0.0474
3.5,8034.8,0.0474
3.5,8035.8,0.0474
3.5,8036.8,0.0474
3.5,8038.8,0.0474
3.5,8039.8,0.0474
3.5,8040.9,0.0468
3.5,8041.9,0.0468
3.5,8042.9,0.0466
3.5,8043.9,0.0468
3.5,8044.9,0.0468
3.5,8045.9,0.0468
3.5,8046.9,0.0468
3.5,8048,0.0466
3.5,8049,0.0474
3.5,8050,0.0474
3.5,8051,0.0474
3.5,8052,0.0474
3.5,8053,0.0474
3.5,8054,0.0474
3.5,8055,0.0474
3.5,8056,0.0474
3.5,8057,0.0474
3.5,8059,0.0474
3.5,8060,0.0474
3.5,8061,0.0468
3.5,8062,0.0468
3.5,8063,0.0468
3.5,8064,0.0468
3.5,8065,0.0468
3.5,8066,0.0466
3.5,8067,0.0466
3.5,8068,0.0468
3.5,8069,0.0474
3.5,8070,0.0474
3.5,8071,0.0474
3.5,8072,0.0474
3.5,8073,0.0474
3.5,8074,0.0474
3.5,8075,0.0474
3.5,8077,0.0474
3.5,8078.1,0.0474
3.5,8079.1,0.0471
3.5,8080.1,0.0468
3.5,8081.1,0.0468
3.5,8082.1,0.0468
3.5,8083.1,0.0466
3.5,8084.1,0.0468
3.5,8085.1,0.0468
3.5,8086.1,0.0468
3.5,8087.1,0.0474
3.5,8088.1,0.0474
3.5,8089.2,0.0474
3.5,8090.2,0.0474
3.5,8091.2,0.0474
3.5,8092.2,0.0474
3.5,8093.2,0.0474
3.5,8095.3,0.0474
3.5,8096.3,0.0474
3.5,8097.3,0.0471
3.5,8098.3,0.0468
3.5,8099.3,0.0466
3.5,8100.3,0.0468
3.5,8101.3,0.0468
3.5,8102.3,0.0466
3.5,8103.4,0.0468
3.5,8104.4,0.0468
3.5,8105.4,0.0474
3.5,8106.4,0.0474
3.5,8107.4,0.0474
3.5,8108.4,0.0474
3.5,8109.4,0.0474
3.5,8110.5,0.0474
3.5,8111.5,0.0474
3.5,8112.5,0.0474
3.5,8113.5,0.0474
3.5,8115.5,0.0474
3.5,8116.5,0.0474
3.5,8117.6,0.0466
3.5,8118.6,0.0468
3.5,8119.6,0.0468
3.5,8120.6,0.0468
3.5,8121.6,0.0466
3.5,8122.6,0.0466
3.5,8123.6,0.0466
3.5,8124.7,0.0466
3.5,8125.7,0.0474
3.5,8126.7,0.0474
3.5,8127.7,0.0474
3.5,8128.7,0.0474
3.5,8129.7,0.0474
3.5,8130.8,0.0474
3.5,8131.8,0.0474
3.5,8132.8,0.0474
3.5,8133.8,0.0474
3.5,8135.8,0.0474
3.5,8136.8,0.0474
3.5,8137.8,0.0468
3.5,8138.9,0.0466
3.5,8139.9,0.0468
3.5,8140.9,0.0468
3.5,8141.9,0.0468
3.5,8142.9,0.0468
3.5,8143.9,0.0468
3.5,8145,0.0466
3.5,8146,0.0474
3.5,8147,0.0474
3.5,8148,0.0474
3.5,8149,0.0474
3.5,8150.1,0.0474
3.5,8151.1,0.0474
3.5,8152.1,0.0474
3.5,8153.1,0.0474
3.5,8154.1,0.0474
3.5,8156.1,0.0474
3.5,8157.1,0.0474
3.5,8158.1,0.0466
3.5,8159.1,0.0466
3.5,8160.1,0.0468
3.5,8161.1,0.0468
3.5,8162.1,0.0468
3.5,8163.1,0.0468
3.5,8164.1,0.0468
3.5,8165.1,0.0466
3.5,8166.1,0.0474
3.5,8167.1,0.0474
3.5,8168.1,0.0474
3.5,8169.1,0.0474
3.5,8170.1,0.0474
3.5,8171.1,0.0474
3.5,8172.1,0.0474
3.5,8174.1,0.0474
3.5,8175.1,0.0474
3.5,8176.1,0.0471
3.5,8177.1,0.0468
3.5,8178.1,0.0468
3.5,8179.1,0.0468
3.5,8180.1,0.0468
3.5,8181.2,0.0468
3.5,8182.2,0.0468
3.5,8183.2,0.0466
3.5,8184.2,0.0474
3.5,8185.2,0.0474
3.5,8186.2,0.0474
3.5,8187.3,0.0474
3.5,8188.3,0.0474
3.5,8189.3,0.0474
3.5,8190.3,0.0474
3.5,8192.3,0.0474
3.5,8193.3,0.0474
3.5,8194.3,0.0469
3.5,8195.3,0.0468
3.5,8196.3,0.0468
3.5,8197.3,0.0468
3.5,8198.3,0.0466
3.5,8199.3,0.0468
3.5,8200.3,0.0468
3.5,8201.3,0.0466
3.5,8202.3,0.0474
3.5,8203.3,0.0474
3.5,8204.3,0.0474
3.5,8205.3,0.0474
3.5,8206.3,0.0474
3.5,8207.3,0.0474
3.5,8208.3,0.0474
3.5,8210.3,0.0474
3.5,8211.3,0.0474
3.5,8212.3,0.0471
3.5,8213.3,0.0468
3.5,8214.3,0.0466
3.5,8215.3,0.0468
3.5,8216.3,0.0466
3.5,8217.3,0.0466
3.5,8218.3,0.0468
3.5,8219.3,0.0468
3.5,8220.3,0.0474
3.5,8221.3,0.0474
3.5,8222.3,0.0474
3.5,8223.3,0.0474
3.5,8224.3,0.0474
3.5,8225.3,0.0474
3.5,8226.3,0.0474
3.5,8228.3,0.0474
3.5,8229.3,0.0474
3.5,8230.3,0.0471
3.5,8231.3,0.0468
3.5,8232.3,0.0466
3.5,8233.4,0.0466
3.5,8234.4,0.0468
3.5,8235.4,0.0468
3.5,8236.4,0.0466
3.5,8237.4,0.0468
3.5,8238.4,0.0474
3.5,8239.4,0.0474
3.5,8240.5,0.0474
3.5,8241.5,0.0474
3.5,8242.5,0.0474
3.5,8243.5,0.0474
3.5,8244.5,0.0474
3.5,8245.5,0.0474
3.5,8247.5,0.0474
3.5,8248.6,0.0474
3.5,8249.6,0.0466
3.5,8250.6,0.0468
3.5,8251.6,0.0466
3.5,8252.6,0.0466
3.5,8253.6,0.0468
3.5,8254.6,0.0466
3.5,8255.7,0.0466
3.5,8256.7,0.0468
3.5,8257.7,0.0474
3.5,8258.7,0.0474
3.5,8259.7,0.0474
3.5,8260.7,0.0474
3.5,8261.8,0.0474
3.5,8262.8,0.0474
3.5,8263.8,0.0474
3.5,8264.8,0.0474
3.5,8265.8,0.0474
3.5,8267.9,0.0474
3.5,8268.9,0.0474
3.5,8269.9,0.0468
3.5,8270.9,0.0468
3.5,8271.9,0.0468
3.5,8272.9,0.0468
3.5,8274,0.0468
3.5,8275,0.0466
3.5,8276,0.0468
3.5,8277,0.0468
3.5,8278,0.0474
3.5,8279,0.0474
3.5,8280,0.0474
3.5,8281.1,0.0474
3.5,8282.1,0.0474
3.5,8283.1,0.0474
3.5,8284.1,0.0474
3.5,8285.1,0.0474
3.5,8286.1,0.0474
3.5,8288.1,0.0474
3.5,8289.1,0.0474
3.5,8290.1,0.0468
3.5,8291.1,0.0468
3.5,8292.1,0.0466
3.5,8293.1,0.0468
3.5,8294.1,0.0466
3.5,8295.1,0.0466
3.5,8296.1,0.0468
3.5,8297.1,0.0468
3.5,8298.1,0.0474
3.5,8299.1,0.0474
3.5,8300.1,0.0474
3.5,8301.1,0.0474
3.5,8302.1,0.0474
3.5,8303.1,0.0474
3.5,8304.1,0.0474
3.5,8306.2,0.0474
3.5,8307.2,0.0474
3.5,8308.2,0.0469
3.5,8309.2,0.0466
3.5,8310.2,0.0466
3.5,8311.2,0.0468
3.5,8312.2,0.0468
3.5,8313.2,0.0466
3.5,8314.2,0.0468
3.5,8315.2,0.0468
3.5,8316.2,0.0474
3.5,8317.2,0.0474
3.5,8318.2,0.0474
3.5,8319.2,0.0474
3.5,8320.2,0.0474
3.5,8321.2,0.0474
3.5,8323.3,0.0468
3.5,8324.3,0.0466
3.5,8325.3,0.0466
3.5,8326.3,0.0466
3.5,8327.3,0.0468
3.5,8328.3,0.0468
3.5,8329.3,0.0466
3.5,8330.3,0.0474
3.5,8331.3,0.0474
3.5,8332.3,0.0474
3.5,8333.3,0.0474
3.5,8334.3,0.0474
7.5,8335.3,0.0474
7.5,8336.3,0.0474
7.5,8338.3,0.0474
7.5,8339.3,0.0474
7.5,8340.3,0.0469
7.5,8341.3,0.0468
7.5,8342.3,0.0468
7.5,8343.3,0.0432
7.5,8344.3,0.0406
7.5,8345.4,0.0432
7.5,8346.4,0.0398
7.5,8347.4,0.0398
7.5,8348.4,0.044
7.5,8349.4,0.0483
7.5,8350.4,0.0495
7.5,8351.5,0.0466
7.5,8352.5,0.0474
7.5,8353.5,0.0483
7.5,8354.5,0.0483
7.5,8356.5,0.0536
7.5,8357.5,0.05
7.5,8358.5,0.05
7.5,8359.5,0.0544
7.5,8360.5,0.0544
7.5,8361.5,0.0544
7.5,8362.5,0.0544
7.5,8363.5,0.0544
7.5,8364.5,0.0544
7.5,8365.5,0.0544
7.5,8366.5,0.0466
7.5,8367.5,0.0466
7.5,8368.5,0.0561
7.5,8369.5,0.057
7.5,8370.5,0.0536
7.5,8371.5,0.0534
7.5,8372.5,0.0587
7.5,8373.5,0.0553
7.5,8375.5,0.0517
7.5,8376.5,0.0604
7.5,8377.5,0.0604
7.5,8378.5,0.0604
7.5,8379.5,0.0604
7.5,8380.5,0.0604
7.5,8381.5,0.0604
7.5,8382.5,0.0604
7.5,8383.5,0.0604
7.5,8384.5,0.0604
7.5,8385.5,0.057
7.5,8386.5,0.0534
7.5,8387.5,0.0621
7.5,8388.5,0.0587
7.5,8389.5,0.0587
7.5,8390.5,0.0638
7.5,8391.5,0.0604
7.5,8393.6,0.0604
7.5,8394.6,0.0612
7.5,8395.6,0.0612
7.5,8396.6,0.0612
7.5,8397.6,0.0612
7.5,8398.6,0.0612
7.5,8399.6,0.0612
7.5,8400.7,0.0655
7.5,8401.7,0.0655
7.5,8402.7,0.0655
7.5,8403.7,0.0655
7.5,8404.7,0.0612
7.5,8405.7,0.0663
7.5,8406.8,0.0629
7.5,8407.8,0.0672
7.5,8408.8,0.0638
7.5,8409.8,0.0638
7.5,8410.8,0.069
7.5,8411.8,0.0646
7.5,8413.9,0.0697
7.5,8414.9,0.0655
7.5,8415.9,0.0655
7.5,8416.9,0.0655
7.5,8417.9,0.0655
7.5,8419,0.0655
7.5,8420,0.0655
7.5,8421,0.0655
7.5,8422,0.0655
7.5,8423,0.0655
7.5,8424,0.0655
7.5,8425,0.0707
7.5,8426.1,0.0672
7.5,8427.1,0.0716
7.5,8428.1,0.068
7.5,8429.1,0.0724
7.5,8430.1,0.069
7.5,8431.1,0.0733
7.5,8432.2,0.0697
7.5,8434.2,0.0741
7.5,8435.2,0.0741
7.5,8436.2,0.0741
7.5,8437.2,0.0697
7.5,8438.3,0.0699
7.5,8439.3,0.0697
7.5,8440.3,0.0697
7.5,8441.3,0.0699
7.5,8442.3,0.0697
7.5,8443.3,0.0697
7.5,8444.3,0.0697
7.5,8445.3,0.075
7.5,8446.3,0.0707
7.5,8447.3,0.0758
7.5,8448.3,0.0714
7.5,8449.3,0.0724
7.5,8450.3,0.0767
7.5,8451.3,0.0733
7.5,8452.3,0.0775
7.5,8454.3,0.0733
7.5,8455.3,0.0741
7.5,8456.3,0.0741
7.5,8457.3,0.0741
7.5,8458.3,0.0741
7.5,8459.3,0.0784
7.5,8460.3,0.0784
7.5,8461.4,0.0784
7.5,8462.4,0.0784
7.5,8463.4,0.0784
7.5,8464.4,0.0784
7.5,8465.4,0.0741
7.5,8466.4,0.075
7.5,8467.5,0.0792
7.5,8468.5,0.0758
7.5,8469.5,0.0801
7.5,8470.5,0.0758
7.5,8471.5,0.0809
7.5,8472.5,0.0809
7.5,8474.5,0.0775
7.5,8475.5,0.0775
7.5,8476.6,0.0818
7.5,8477.6,0.0818
7.5,8478.6,0.0818
7.5,8479.6,0.0818
7.5,8480.6,0.0818
7.5,8481.6,0.0818
7.5,8482.6,0.0818
7.5,8483.6,0.0818
7.5,8484.6,0.0818
7.5,8485.6,0.0775
7.5,8486.6,0.0784
7.5,8487.6,0.0826
7.5,8488.6,0.0784
7.5,8489.6,0.0835
7.5,8490.6,0.0792
7.5,8491.6,0.0801
7.5,8492.6,0.0801
7.5,8494.6,0.0801
7.5,8495.6,0.0801
7.5,8496.6,0.0801
7.5,8497.6,0.0801
7.5,8498.6,0.0809
7.5,8499.6,0.0809
7.5,8500.6,0.0809
7.5,8501.6,0.0809
7.5,8502.6,0.0809
7.5,8503.6,0.0809
7.5,8504.6,0.0809
7.5,8505.6,0.0809
7.5,8506.6,0.0818
7.5,8507.6,0.0818
7.5,8508.6,0.0818
7.5,8509.6,0.0826
7.5,8510.6,0.0869
7.5,8512.6,0.0826
7.5,8513.6,0.0835
7.5,8514.7,0.0792
7.5,8515.7,0.0835
7.5,8516.7,0.0792
7.5,8517.7,0.0835
7.5,8518.7,0.0792
7.5,8519.7,0.0835
7.5,8520.8,0.0792
7.5,8521.8,0.0835
7.5,8522.8,0.0792
7.5,8523.8,0.0879
7.5,8524.8,0.0835
7.5,8525.8,0.0801
7.5,8526.9,0.0887
7.5,8527.9,0.0887
7.5,8528.9,0.0809
7.5,8529.9,0.0894
7.5,8530.9,0.0896
7.5,8532.9,0.0835
7.5,8534,0.0904
7.5,8535,0.0904
7.5,8536,0.0904
7.5,8537,0.0904
7.5,8538,0.0904
7.5,8539,0.0904
7.5,8540.1,0.0904
7.5,8541.1,0.0904
7.5,8542.1,0.0904
7.5,8543.1,0.0904
7.5,8544.1,0.0904
7.5,8545.1,0.0826
7.5,8546.2,0.0913
7.5,8547.2,0.0913
7.5,8548.2,0.0913
7.5,8549.2,0.0879
7.5,8550.2,0.0921
7.5,8551.2,0.0964
7.5,8553.3,0.0887
7.5,8554.3,0.0887
7.5,8555.3,0.0887
7.5,8556.3,0.0887
7.5,8557.3,0.0887
7.5,8558.3,0.0887
7.5,8559.3,0.0887
7.5,8560.3,0.093
7.5,8561.3,0.093
7.5,8562.3,0.093
7.5,8563.3,0.093
7.5,8564.3,0.093
7.5,8565.3,0.0886
7.5,8566.3,0.0896
7.5,8567.3,0.0939
7.5,8568.3,0.0939
7.5,8569.3,0.0896
7.5,8570.3,0.0904
7.5,8571.3,0.0947
7.5,8573.3,0.0947
7.5,8574.4,0.0947
7.5,8575.4,0.0904
7.5,8576.4,0.0904
7.5,8577.4,0.0904
7.5,8578.4,0.0904
7.5,8579.4,0.0904
7.5,8580.4,0.0904
7.5,8581.4,0.0904
7.5,8582.4,0.0904
7.5,8583.4,0.0913
7.5,8584.4,0.0956
7.5,8585.4,0.0956
7.5,8586.4,0.0956
7.5,8587.4,0.0921
7.5,8588.4,0.0964
7.5,8589.4,0.0964
7.5,8590.4,0.0964
7.5,8592.4,0.093
7.5,8593.4,0.093
7.5,8594.4,0.0973
7.5,8595.4,0.0973
7.5,8596.4,0.0973
7.5,8597.4,0.0973
7.5,8598.4,0.0973
7.5,8599.4,0.0973
7.5,8600.5,0.0973
7.5,8601.5,0.0973
7.5,8602.5,0.0973
7.5,8603.5,0.0973
7.5,8604.5,0.093
7.5,8605.5,0.0939
7.5,8606.5,0.0981
7.5,8607.5,0.0981
7.5,8608.6,0.0939
7.5,8609.6,0.0947
7.5,8611.6,0.0989
7.5,8612.6,0.0989
7.5,8613.6,0.0989
7.5,8614.6,0.0989
7.5,8615.6,0.0989
7.5,8616.6,0.0989
7.5,8617.6,0.0989
7.5,8618.6,0.0989
7.5,8619.6,0.0989
7.5,8620.6,0.0989
7.5,8621.6,0.1032
7.5,8622.6,0.0989
7.5,8623.6,0.0956
7.5,8624.6,0.0998
7.5,8625.6,0.0998
7.5,8626.6,0.1042
7.5,8627.6,0.0998
7.5,8628.6,0.0964
7.5,8630.7,0.1006
7.5,8631.7,0.1006
7.5,8632.7,0.1006
7.5,8633.7,0.1006
7.5,8634.7,0.1006
7.5,8635.7,0.1006
7.5,8636.8,0.1006
7.5,8637.8,0.1006
7.5,8638.8,0.1006
7.5,8639.8,0.1006
7.5,8640.8,0.1051
7.5,8641.8,0.1051
7.5,8642.9,0.0973
7.5,8643.9,0.1015
7.5,8644.9,0.1015
7.5,8645.9,0.1059
7.5,8646.9,0.1015
7.5,8647.9,0.0981
7.5,8649,0.1025
7.5,8651,0.1023
7.5,8652,0.1023
7.5,8653,0.1025
7.5,8654,0.1068
7.5,8655,0.1068
7.5,8656,0.1068
7.5,8657.1,0.1068
7.5,8658.1,0.1068
7.5,8659.1,0.1068
7.5,8660.1,0.1068
7.5,8661.1,0.1068
7.5,8662.1,0.1023
7.5,8663.1,0.0989
7.5,8664.2,0.1034
7.5,8665.2,0.1032
7.5,8666.2,0.1076
7.5,8667.2,0.1032
7.5,8668.2,0.1034
7.5,8669.2,0.0998
7.5,8671.3,0.1042
7.5,8672.3,0.1042
7.5,8673.3,0.1042
7.5,8674.3,0.1042
7.5,8675.3,0.1042
7.5,8676.4,0.1042
7.5,8677.4,0.1042
7.5,8678.4,0.1042
7.5,8679.4,0.1042
7.5,8680.4,0.1042
7.5,8681.4,0.1042
7.5,8682.4,0.1085
7.5,8683.4,0.1042
7.5,8684.4,0.1006
7.5,8685.4,0.1049
7.5,8686.4,0.1049
7.5,8687.4,0.1093
7.5,8688.4,0.1093
7.5,8689.4,0.1051
7.5,8691.4,0.1015
7.5,8692.4,0.1059
7.5,8693.4,0.1059
7.5,8694.4,0.1059
7.5,8695.4,0.1059
7.5,8696.4,0.1059
7.5,8697.4,0.1059
7.5,8698.4,0.1059
7.5,8699.4,0.1059
7.5,8700.4,0.1059
7.5,8701.4,0.1059
7.5,8702.4,0.1059
7.5,8703.4,0.1102
7.5,8704.4,0.1059
7.5,8705.4,0.1023
7.5,8706.4,0.1068
7.5,8707.4,0.1068
7.5,8708.4,0.1068
7.5,8710.4,0.111
7.5,8711.4,0.111
7.5,8712.5,0.111
7.5,8713.5,0.111
7.5,8714.5,0.111
7.5,8715.5,0.1068
7.5,8716.5,0.1068
7.5,8717.5,0.1068
7.5,8718.5,0.1068
7.5,8719.6,0.1068
7.5,8720.6,0.1068
7.5,8721.6,0.1032
7.5,8722.6,0.1076
7.5,8723.6,0.1076
7.5,8724.6,0.1119
7.5,8725.6,0.1119
7.5,8726.6,0.1076
7.5,8727.6,0.1076
7.5,8729.6,0.1085
7.5,8730.7,0.1085
7.5,8731.7,0.1085
7.5,8732.7,0.1085
7.5,8733.7,0.1085
7.5,8734.7,0.1085
7.5,8735.7,0.1085
7.5,8736.7,0.1085
7.5,8737.7,0.1085
7.5,8738.7,0.1085
7.5,8739.7,0.1085
7.5,8740.7,0.1127
7.5,8741.7,0.1127
7.5,8742.7,0.1085
7.5,8743.7,0.1085
7.5,8744.7,0.1049
7.5,8745.7,0.1093
7.5,8746.7,0.1093
7.5,8748.7,0.1093
7.5,8749.7,0.1136
7.5,8750.7,0.1136
7.5,8751.7,0.1136
7.5,8752.7,0.1136
7.5,8753.7,0.1136
7.5,8754.7,0.1136
7.5,8755.7,0.1136
7.5,8756.7,0.1136
7.5,8757.7,0.1136
7.5,8758.7,0.1136
7.5,8759.7,0.1093
7.5,8760.7,0.1093
7.5,8761.7,0.1059
7.5,8762.7,0.1102
7.5,8763.7,0.1102
7.5,8764.7,0.1144
7.5,8765.7,0.1144
7.5,8767.7,0.1102
7.5,8768.7,0.1102
7.5,8769.7,0.1102
7.5,8770.7,0.1102
7.5,8771.7,0.1102
7.5,8772.7,0.1102
7.5,8773.7,0.1102
7.5,8774.8,0.1102
7.5,8775.8,0.1102
7.5,8776.8,0.1102
7.5,8777.8,0.1102
7.5,8778.8,0.1068
7.5,8779.8,0.111
7.5,8780.9,0.111
7.5,8781.9,0.111
7.5,8782.9,0.1153
7.5,8783.9,0.1153
7.5,8784.9,0.111
7.5,8786.9,0.111
7.5,8787.9,0.1076
7.5,8789,0.1076
7.5,8790,0.1076
7.5,8791,0.1076
7.5,8792,0.1076
7.5,8793,0.1076
7.5,8794.1,0.1076
7.5,8795.1,0.1076
7.5,8796.1,0.1076
7.5,8797.1,0.1076
7.5,8798.1,0.1119
7.5,8799.1,0.1119
7.5,8800.2,0.1161
7.5,8801.2,0.1161
7.5,8802.2,0.1161
7.5,8803.2,0.1119
7.5,8804.2,0.1119
7.5,8805.2,0.1085
7.5,8807.3,0.1127
7.5,8808.3,0.1127
7.5,8809.3,0.1127
7.5,8810.3,0.1127
7.5,8811.3,0.1127
7.5,8812.3,0.1127
7.5,8813.3,0.1127
7.5,8814.4,0.1127
7.5,8815.4,0.1127
7.5,8816.4,0.1127
7.5,8817.4,0.1127
7.5,8818.4,0.1127
7.5,8819.4,0.117
7.5,8820.4,0.117
7.5,8821.4,0.117
7.5,8822.4,0.1127
7.5,8823.4,0.1127
7.5,8824.5,0.1093
7.5,8825.5,0.1136
7.5,8827.5,0.1136
7.5,8828.5,0.1136
7.5,8829.5,0.1136
7.5,8830.5,0.1136
7.5,8831.5,0.1136
7.5,8832.5,0.1136
7.5,8833.5,0.1136
7.5,8834.5,0.1136
7.5,8835.5,0.1136
7.5,8836.5,0.1136
7.5,8837.5,0.1178
7.5,8838.5,0.1178
7.5,8839.5,0.1178
7.5,8840.5,0.1136
7.5,8841.5,0.1136
7.5,8842.5,0.1136
7.5,8843.5,0.1102
7.5,8845.5,0.1144
7.5,8846.5,0.1144
7.5,8847.5,0.1144
7.5,8848.5,0.1144
7.5,8849.5,0.1144
7.5,8850.5,0.1144
7.5,8851.5,0.1144
7.5,8852.5,0.1144
7.5,8853.5,0.1144
7.5,8854.5,0.1144
7.5,8855.5,0.1144
7.5,8856.5,0.1187
7.5,8857.5,0.1187
7.5,8858.5,0.1187
7.5,8859.5,0.1144
7.5,8860.5,0.1144
7.5,8861.5,0.1144
7.5,8863.5,0.111
7.5,8864.5,0.1153
7.5,8865.5,0.1153
7.5,8866.5,0.1153
7.5,8867.5,0.1153
7.5,8868.5,0.1153
7.5,8869.6,0.1153
7.5,8870.6,0.1153
7.5,8871.6,0.1153
7.5,8872.6,0.1153
7.5,8873.6,0.1153
7.5,8874.6,0.1153
7.5,8875.7,0.1153
7.5,8876.7,0.1197
7.5,8877.7,0.1197
7.5,8878.7,0.1195
7.5,8879.7,0.1153
7.5,8880.7,0.1153
7.5,8882.7,0.1153
7.5,8883.7,0.1153
7.5,8884.7,0.1153
7.5,8885.7,0.1153
7.5,8886.7,0.1153
7.5,8887.7,0.1153
7.5,8888.7,0.1153
7.5,8889.7,0.1153
7.5,8890.7,0.1153
7.5,8891.7,0.1153
7.5,8892.7,0.1153
7.5,8893.8,0.1161
7.5,8894.8,0.1161
7.5,8895.8,0.1161
7.5,8896.8,0.1161
7.5,8897.8,0.1205
7.5,8898.8,0.1205
7.5,8899.8,0.1204
7.5,8900.8,0.1204
7.5,8902.9,0.1161
7.5,8903.9,0.1161
7.5,8904.9,0.1161
7.5,8905.9,0.1161
7.5,8906.9,0.1161
7.5,8907.9,0.1161
7.5,8908.9,0.1161
7.5,8910,0.1161
7.5,8911,0.1161
7.5,8912,0.1161
7.5,8913,0.1161
7.5,8914,0.1161
7.5,8915,0.1161
7.5,8916,0.117
7.5,8917,0.117
7.5,8918.1,0.117
7.5,8919.1,0.117
7.5,8920.1,0.1212
7.5,8921.1,0.1212
7.5,8923.1,0.1214
7.5,8924.1,0.1214
7.5,8925.1,0.1214
7.5,8926.2,0.1214
7.5,8927.2,0.1212
7.5,8928.2,0.1212
7.5,8929.2,0.1214
7.5,8930.2,0.1212
7.5,8931.3,0.1212
7.5,8932.3,0.1214
7.5,8933.3,0.1214
7.5,8934.3,0.117
7.5,8935.3,0.117
7.5,8936.3,0.117
7.5,8937.4,0.1136
7.5,8938.4,0.1178
7.5,8939.4,0.1178
7.5,8940.4,0.118
7.5,8941.4,0.118
7.5,8943.4,0.1222
7.5,8944.5,0.1222
7.5,8945.5,0.1222
7.5,8946.5,0.1222
7.5,8947.5,0.1222
7.5,8948.5,0.1222
7.5,8949.5,0.1222
7.5,8950.5,0.1222
7.5,8951.5,0.1222
7.5,8952.5,0.1222
7.5,8953.5,0.1222
7.5,8954.5,0.1222
7.5,8955.5,0.1222
7.5,8956.5,0.1178
7.5,8957.5,0.1178
7.5,8958.5,0.1178
7.5,8959.5,0.1178
7.5,8960.6,0.1144
7.5,8961.6,0.1187
7.5,8963.6,0.1187
7.5,8964.6,0.1188
7.5,8965.6,0.1187
7.5,8966.6,0.1187
7.5,8967.6,0.1187
7.5,8968.6,0.1187
7.5,8969.7,0.1187
7.5,8970.7,0.1187
7.5,8971.7,0.1187
7.5,8972.7,0.1187
7.5,8973.7,0.1187
7.5,8974.7,0.1188
7.5,8975.7,0.1231
7.5,8976.7,0.1231
7.5,8977.7,0.1231
7.5,8978.7,0.1231
7.5,8979.8,0.1187
7.5,8980.8,0.1187
7.5,8981.8,0.1187
7.5,8983.8,0.1187
7.5,8984.8,0.1188
7.5,8985.8,0.1153
7.5,8986.8,0.1153
7.5,8987.8,0.1187
7.5,8988.8,0.1153
7.5,8989.8,0.1153
7.5,8990.8,0.1153
7.5,8991.8,0.1153
7.5,8992.8,0.1197
7.5,8993.8,0.1197
7.5,8994.8,0.1197
7.5,8995.8,0.1197
7.5,8996.8,0.1197
7.5,8997.8,0.1239
7.5,8998.8,0.1239
7.5,8999.8,0.1239
7.5,9001.8,0.1239
7.5,9002.8,0.1239
7.5,9003.8,0.1239
7.5,9004.8,0.1197
7.5,9005.8,0.1197
7.5,9006.8,0.1197
7.5,9007.8,0.1195
7.5,9008.8,0.1197
7.5,9009.8,0.1197
7.5,9010.8,0.1197
7.5,9011.8,0.1197
7.5,9012.8,0.1197
7.5,9013.8,0.1197
7.5,9014.8,0.1205
7.5,9015.8,0.1205
7.5,9016.8,0.1205
7.5,9017.8,0.1205
7.5,9019.8,0.1205
7.5,9020.8,0.1248
7.5,9021.8,0.1248
7.5,9022.8,0.1248
7.5,9023.8,0.1248
7.5,9024.8,0.1248
7.5,9025.8,0.1248
7.5,9026.9,0.1248
7.5,9027.9,0.1248
7.5,9028.9,0.1248
7.5,9029.9,0.1248
7.5,9030.9,0.1248
7.5,9031.9,0.1248
7.5,9033,0.1204
7.5,9034,0.1204
7.5,9035,0.1205
7.5,9036,0.1205
7.5,9037,0.1204
7.5,9039,0.1212
7.5,9040.1,0.1212
7.5,9041.1,0.1212
7.5,9042.1,0.1212
7.5,9043.1,0.1214
7.5,9044.1,0.1212
7.5,9045.1,0.1214
7.5,9046.2,0.1214
7.5,9047.2,0.1212
7.5,9048.2,0.1214
7.5,9049.2,0.1212
7.5,9050.2,0.1214
7.5,9051.2,0.1212
7.5,9052.3,0.1212
7.5,9053.3,0.1256
7.5,9054.3,0.1256
7.5,9055.3,0.1256
7.5,9056.3,0.1256
7.5,9057.3,0.1256
7.5,9059.3,0.1214
7.5,9060.3,0.1212
7.5,9061.4,0.1212
7.5,9062.4,0.1212
7.5,9063.4,0.1214
7.5,9064.4,0.1214
7.5,9065.4,0.1212
7.5,9066.5,0.1212
7.5,9067.5,0.1212
7.5,9068.5,0.1212
7.5,9069.5,0.1212
7.5,9070.5,0.1212
7.5,9071.5,0.1212
7.5,9072.6,0.1212
7.5,9073.6,0.1222
7.5,9074.6,0.1222
7.5,9075.6,0.1222
7.5,9076.6,0.1222
7.5,9077.6,0.1265
7.5,9079.6,0.1265
7.5,9080.6,0.1265
7.5,9081.6,0.1265
7.5,9082.6,0.1265
7.5,9083.6,0.1265
7.5,9084.6,0.1265
7.5,9085.6,0.1265
7.5,9086.6,0.1265
7.5,9087.6,0.1265
7.5,9088.6,0.1265
7.5,9089.6,0.1265
7.5,9090.6,0.1265
7.5,9091.6,0.1265
7.5,9092.6,0.1265
7.5,9093.6,0.1265
7.5,9094.6,0.1222
7.5,9095.6,0.1222
7.5,9096.6,0.1222
7.5,9097.6,0.1222
7.5,9099.6,0.1222
7.5,9100.6,0.1222
7.5,9101.6,0.1222
7.5,9102.6,0.1222
7.5,9103.6,0.1222
7.5,9104.6,0.1222
7.5,9105.6,0.1222
7.5,9106.6,0.1222
7.5,9107.6,0.1222
7.5,9108.7,0.1222
7.5,9109.7,0.1231
7.5,9110.7,0.1231
7.5,9111.7,0.1231
7.5,9112.7,0.1231
7.5,9113.7,0.1231
7.5,9114.7,0.1231
7.5,9115.7,0.1231
7.5,9116.8,0.1231
7.5,9118.8,0.1231
7.5,9119.8,0.1231
7.5,9120.8,0.1231
7.5,9121.8,0.1231
7.5,9122.8,0.1231
7.5,9123.8,0.1231
7.5,9124.8,0.1231
7.5,9125.8,0.1231
7.5,9126.8,0.1231
7.5,9127.8,0.1231
7.5,9128.8,0.1231
7.5,9129.8,0.1231
7.5,9130.8,0.1231
7.5,9131.9,0.1231
7.5,9132.9,0.1231
7.5,9133.9,0.1231
7.5,9134.9,0.1231
7.5,9135.9,0.1229
7.5,9136.9,0.1197
7.5,9138.9,0.1239
7.5,9139.9,0.1239
7.5,9140.9,0.1239
7.5,9141.9,0.1239
7.5,9142.9,0.1239
7.5,9143.9,0.1239
7.5,9144.9,0.1239
7.5,9146,0.1239
7.5,9147,0.1239
7.5,9148,0.1239
7.5,9149,0.1239
7.5,9150,0.1239
7.5,9151,0.1239
7.5,9152.1,0.1239
7.5,9153.1,0.1239
7.5,9154.1,0.1239
7.5,9155.1,0.1239
7.5,9156.1,0.1239
7.5,9157.1,0.1239
7.5,9159.2,0.1239
7.5,9160.2,0.1239
7.5,9161.2,0.1239
7.5,9162.2,0.1239
7.5,9163.2,0.1239
7.5,9164.2,0.1239
7.5,9165.2,0.1239
7.5,9166.3,0.1239
7.5,9167.3,0.1239
7.5,9168.3,0.1239
7.5,9169.3,0.1239
7.5,9170.3,0.1239
7.5,9171.3,0.1239
7.5,9172.4,0.1239
7.5,9173.4,0.1239
7.5,9174.4,0.1239
7.5,9175.4,0.1239
7.5,9176.4,0.1239
7.5,9177.4,0.1239
7.5,9179.5,0.1248
7.5,9180.5,0.1248
7.5,9181.5,0.1248
7.5,9182.5,0.1248
7.5,9183.5,0.1248
7.5,9184.5,0.1248
7.5,9185.6,0.1248
7.5,9186.6,0.1248
7.5,9187.6,0.1248
7.5,9188.6,0.1248
7.5,9189.6,0.1248
7.5,9190.6,0.1248
7.5,9191.6,0.1248
7.5,9192.6,0.1248
7.5,9193.6,0.1248
7.5,9194.6,0.1248
7.5,9195.7,0.1248
7.5,9196.7,0.1248
7.5,9197.7,0.1248
7.5,9199.7,0.1248
7.5,9200.7,0.1248
7.5,9201.7,0.1248
7.5,9202.7,0.1248
7.5,9203.7,0.1248
7.5,9204.7,0.1248
7.5,9205.7,0.1248
7.5,9206.7,0.1248
7.5,9207.7,0.1248
7.5,9208.7,0.1248
7.5,9209.7,0.1248
7.5,9210.7,0.1248
7.5,9211.7,0.1248
7.5,9212.7,0.1248
7.5,9213.7,0.1248
7.5,9214.7,0.1248
7.5,9215.7,0.1248
7.5,9217.7,0.1248
7.5,9218.7,0.1248
7.5,9219.7,0.1248
7.5,9220.7,0.1248
7.5,9221.7,0.1248
7.5,9222.7,0.1248
7.5,9223.8,0.1248
7.5,9224.8,0.1248
7.5,9225.8,0.1248
7.5,9226.8,0.1248
7.5,9227.8,0.1248
7.5,9228.8,0.1248
7.5,9229.8,0.1248
7.5,9230.8,0.1248
7.5,9231.9,0.1248
7.5,9232.9,0.1256
7.5,9233.9,0.1256
7.5,9234.9,0.1256
7.5,9236.9,0.1256
7.5,9237.9,0.1256
7.5,9238.9,0.1256
7.5,9239.9,0.1256
7.5,9240.9,0.1256
7.5,9241.9,0.1256
7.5,9242.9,0.1256
7.5,9244,0.1256
7.5,9245,0.1256
7.5,9246,0.1256
7.5,9247,0.1256
7.5,9248,0.1256
7.5,9249,0.1256
7.5,9250.1,0.1299
7.5,9251.1,0.1299
7.5,9252.1,0.1299
7.5,9253.1,0.1299
7.5,9254.1,0.1299
7.5,9256.1,0.1299
7.5,9257.1,0.1299
7.5,9258.1,0.1299
7.5,9259.2,0.1299
7.5,9260.2,0.1299
7.5,9261.2,0.1299
7.5,9262.2,0.1299
7.5,9263.2,0.1299
7.5,9264.2,0.1299
7.5,9265.3,0.1299
7.5,9266.3,0.1299
7.5,9267.3,0.1299
7.5,9268.3,0.1299
7.5,9269.3,0.1299
7.5,9270.3,0.1299
7.5,9271.3,0.1299
7.5,9272.4,0.1299
7.5,9273.4,0.1256
7.5,9274.4,0.1256
7.5,9276.4,0.1256
7.5,9277.4,0.1256
7.5,9278.4,0.1256
7.5,9279.4,0.1256
7.5,9280.5,0.1256
7.5,9281.5,0.1256
7.5,9282.5,0.1256
7.5,9283.5,0.1256
7.5,9284.5,0.1256
7.5,9285.5,0.1256
7.5,9286.6,0.1256
7.5,9287.6,0.1256
7.5,9288.6,0.1256
7.5,9289.6,0.1256
7.5,9290.6,0.1256
7.5,9291.7,0.1256
7.5,9292.7,0.1256
7.5,9293.7,0.1256
7.5,9294.7,0.1256
7.5,9296.7,0.1265
7.5,9297.7,0.1265
7.5,9298.7,0.1265
7.5,9299.7,0.1265
7.5,9300.7,0.1265
7.5,9301.7,0.1265
7.5,9302.7,0.1265
7.5,9303.7,0.1265
7.5,9304.7,0.1265
7.5,9305.7,0.1265
7.5,9306.7,0.1265
7.5,9307.7,0.1265
7.5,9308.7,0.1265
7.5,9309.7,0.1265
7.5,9310.7,0.1265
7.5,9311.7,0.1265
7.5,9312.7,0.1265
7.5,9313.7,0.1265
7.5,9314.7,0.1265
7.5,9316.7,0.1265
7.5,9317.7,0.1265
7.5,9318.7,0.1265
7.5,9319.7,0.1265
7.5,9320.7,0.1265
7.5,9321.7,0.1265
7.5,9322.7,0.1265
7.5,9323.7,0.1265
7.5,9324.7,0.1265
7.5,9325.7,0.1265
7.5,9326.7,0.1265
7.5,9327.7,0.1307
7.5,9328.7,0.1307
7.5,9329.7,0.1307
7.5,9330.7,0.1307
7.5,9331.8,0.1307
7.5,9332.8,0.1307
7.5,9334.8,0.1307
7.5,9335.8,0.1307
7.5,9336.8,0.1307
7.5,9337.8,0.1307
7.5,9338.8,0.1307
7.5,9339.9,0.1307
7.5,9340.9,0.1307
7.5,9341.9,0.1307
7.5,9343,0.1307
7.5,9344,0.1307
7.5,9345,0.1307
7.5,9346,0.1307
7.5,9347,0.1307
7.5,9348,0.1307
7.5,9349,0.1307
7.5,9350,0.1307
7.5,9351,0.1307
7.5,9352,0.1307
7.5,9353,0.1307
7.5,9355,0.1307
7.5,9356,0.1307
7.5,9357,0.1307
7.5,9358,0.1265
7.5,9359,0.1265
7.5,9360,0.1265
7.5,9361,0.1265
7.5,9362.1,0.1265
7.5,9363.1,0.1265
7.5,9364.1,0.1265
7.5,9365.1,0.1265
7.5,9366.1,0.1265
7.5,9367.1,0.1265
7.5,9368.1,0.1265
7.5,9369.1,0.1265
7.5,9370.2,0.1265
7.5,9371.2,0.1265
7.5,9372.2,0.1265
7.5,9374.2,0.1265
7.5,9375.2,0.1265
7.5,9376.2,0.1265
7.5,9377.3,0.1265
7.5,9378.3,0.1265
7.5,9379.3,0.1265
7.5,9380.3,0.1265
7.5,9381.3,0.1265
7.5,9382.3,0.1265
7.5,9383.3,0.1265
7.5,9384.4,0.1265
7.5,9385.4,0.1265
7.5,9386.4,0.1265
7.5,9387.4,0.1265
7.5,9388.4,0.1265
7.5,9389.4,0.1265
7.5,9390.4,0.1265
7.5,9391.5,0.1231
7.5,9392.5,0.1231
7.5,9394.5,0.1231
7.5,9395.5,0.1231
7.5,9396.5,0.1231
7.5,9397.5,0.1231
7.5,9398.6,0.1231
7.5,9399.6,0.1231
7.5,9400.6,0.1229
7.5,9401.6,0.1231
7.5,9402.6,0.1231
7.5,9403.6,0.1231
7.5,9404.7,0.1231
7.5,9405.7,0.1231
7.5,9406.7,0.1231
7.5,9407.7,0.1231
7.5,9408.7,0.1231
7.5,9409.7,0.1231
7.5,9410.8,0.1316
7.5,9411.8,0.1316
7.5,9412.8,0.1316
7.5,9414.8,0.1316
7.5,9415.8,0.1316
7.5,9416.8,0.1316
7.5,9417.8,0.1316
7.5,9418.8,0.1316
7.5,9419.8,0.1316
7.5,9420.8,0.1316
7.5,9421.8,0.1316
7.5,9422.8,0.1316
7.5,9423.8,0.1316
7.5,9424.8,0.1316
7.5,9425.8,0.1316
7.5,9426.8,0.1316
7.5,9427.8,0.1316
7.5,9428.8,0.1316
7.5,9429.8,0.1316
7.5,9430.8,0.1316
7.5,9431.8,0.1316
7.5,9432.8,0.1316
7.5,9434.8,0.1316
7.5,9435.8,0.1316
7.5,9436.8,0.1316
7.5,9437.8,0.1316
7.5,9438.8,0.1316
7.5,9439.8,0.1316
7.5,9440.9,0.1316
7.5,9441.9,0.1316
7.5,9442.9,0.1316
7.5,9443.9,0.1316
7.5,9444.9,0.1316
7.5,9445.9,0.1316
7.5,9447,0.1316
7.5,9448,0.1316
7.5,9449,0.1316
7.5,9450,0.1316
7.5,9451,0.1316
7.5,9452,0.1316
7.5,9454,0.1316
7.5,9455,0.1316
7.5,9456,0.1316
7.5,9457,0.1231
7.5,9458,0.1316
7.5,9459,0.1316
7.5,9460,0.1316
7.5,9461,0.1316
7.5,9462,0.1316
7.5,9463,0.1231
7.5,9464,0.1231
7.5,9465,0.1231
7.5,9466,0.1231
7.5,9467,0.1229
7.5,9468,0.1231
7.5,9469,0.1231
7.5,9470,0.1231
7.5,9471,0.1231
7.5,9472,0.1231
7.5,9474,0.1239
7.5,9475,0.1239
7.5,9476.1,0.1239
7.5,9477.1,0.1239
7.5,9478.1,0.1239
7.5,9479.1,0.1239
7.5,9480.1,0.1239
7.5,9481.1,0.1239
7.5,9482.1,0.1239
7.5,9483.2,0.1239
7.5,9484.2,0.1239
7.5,9485.2,0.1239
7.5,9486.2,0.1239
7.5,9487.2,0.1239
7.5,9488.3,0.1239
7.5,9489.3,0.1239
7.5,9490.3,0.1239
7.5,9491.3,0.1239
7.5,9493.3,0.1239
7.5,9494.3,0.1239
7.5,9495.3,0.1239
7.5,9496.4,0.1239
7.5,9497.4,0.1239
7.5,9498.4,0.1239
7.5,9499.4,0.1239
7.5,9500.4,0.1239
7.5,9501.5,0.1239
7.5,9502.5,0.1239
7.5,9503.5,0.1239
7.5,9504.5,0.1239
7.5,9505.5,0.1239
7.5,9506.5,0.1239
7.5,9507.6,0.1239
7.5,9508.6,0.1239
7.5,9509.6,0.1239
7.5,9510.6,0.1239
7.5,9511.6,0.1239
7.5,9513.6,0.1239
7.5,9514.7,0.1239
7.5,9515.7,0.1239
7.5,9516.7,0.1239
7.5,9517.7,0.1239
7.5,9518.7,0.1239
7.5,9519.7,0.1239
7.5,9520.8,0.1239
7.5,9521.8,0.1239
7.5,9522.8,0.1239
7.5,9523.8,0.1239
7.5,9524.8,0.1239
7.5,9525.8,0.1239
7.5,9526.9,0.1239
7.5,9527.9,0.1239
7.5,9528.9,0.1239
7.5,9529.9,0.1239
7.5,9530.9,0.1239
7.5,9531.9,0.1239
7.5,9533.9,0.1239
7.5,9534.9,0.1239
7.5,9535.9,0.1239
7.5,9536.9,0.1239
7.5,9537.9,0.1239
7.5,9538.9,0.1239
7.5,9539.9,0.1239
7.5,9540.9,0.1239
7.5,9541.9,0.1239
7.5,9542.9,0.1239
7.5,9544,0.1239
7.5,9545,0.1239
7.5,9546,0.1239
7.5,9547,0.1239
7.5,9548,0.1239
7.5,9549,0.1239
7.5,9550.1,0.1239
7.5,9551.1,0.1239
7.5,9553.1,0.1239
7.5,9554.1,0.1239
7.5,9555.1,0.1239
7.5,9556.1,0.1239
7.5,9557.1,0.1239
7.5,9558.1,0.1324
7.5,9559.1,0.1239
7.5,9560.1,0.1239
7.5,9561.1,0.1239
7.5,9562.1,0.1239
7.5,9563.1,0.1239
7.5,9564.1,0.1324
7.5,9565.1,0.1324
7.5,9566.1,0.1324
7.5,9567.1,0.1324
7.5,9568.1,0.1324
7.5,9569.1,0.1324
7.5,9570.1,0.1324
7.5,9571.1,0.1324
7.5,9573.1,0.1324
7.5,9574.1,0.1324
7.5,9575.1,0.1324
7.5,9576.1,0.1324
7.5,9577.1,0.1324
7.5,9578.1,0.1324
7.5,9579.1,0.1324
7.5,9580.2,0.1324
7.5,9581.2,0.1324
7.5,9582.2,0.1324
7.5,9583.2,0.1324
7.5,9584.2,0.1324
7.5,9585.2,0.1324
7.5,9586.3,0.1324
7.5,9587.3,0.1324
7.5,9588.3,0.1324
7.5,9589.3,0.1324
7.5,9590.3,0.1324
7.5,9592.3,0.1324
7.5,9593.4,0.1324
7.5,9594.4,0.1324
7.5,9595.4,0.1324
7.5,9596.4,0.1324
7.5,9597.4,0.1324
7.5,9598.4,0.1324
7.5,9599.4,0.1324
7.5,9600.5,0.1324
7.5,9601.5,0.1324
7.5,9602.5,0.1324
7.5,9603.5,0.1324
7.5,9604.5,0.1324
7.5,9605.6,0.1324
7.5,9606.6,0.1324
7.5,9607.6,0.1324
7.5,9608.6,0.1324
7.5,9609.6,0.1324
7.5,9610.6,0.1324
7.5,9612.6,0.1239
7.5,9613.6,0.1239
7.5,9614.6,0.1239
7.5,9615.7,0.1239
7.5,9616.7,0.1239
7.5,9617.7,0.1239
7.5,9618.7,0.1239
7.5,9619.7,0.1239
7.5,9620.7,0.1239
7.5,9621.7,0.1239
7.5,9622.8,0.1239
7.5,9623.8,0.1239
7.5,9624.8,0.1239
7.5,9625.8,0.1239
7.5,9626.8,0.1239
7.5,9627.9,0.1248
7.5,9628.9,0.1248
7.5,9629.9,0.1248
7.5,9630.9,0.1248
7.5,9632.9,0.1248
7.5,9633.9,0.1248
7.5,9634.9,0.1248
7.5,9635.9,0.1248
7.5,9636.9,0.1248
7.5,9637.9,0.1248
7.5,9638.9,0.1248
7.5,9639.9,0.1248
7.5,9640.9,0.1248
7.5,9641.9,0.1248
7.5,9642.9,0.1248
7.5,9643.9,0.1248
7.5,9644.9,0.1248
7.5,9645.9,0.1248
7.5,9646.9,0.1248
7.5,9647.9,0.1248
7.5,9648.9,0.1248
7.5,9649.9,0.1248
7.5,9651.9,0.1248
7.5,9652.9,0.1248
7.5,9653.9,0.1248
7.5,9655,0.1248
7.5,9656,0.1248
7.5,9657,0.1248
7.5,9658,0.1248
7.5,9659,0.1248
7.5,9660,0.1248
7.5,9661,0.1248
7.5,9662.1,0.1248
7.5,9663.1,0.1248
7.5,9664.1,0.1248
7.5,9665.1,0.1248
7.5,9666.1,0.1248
7.5,9667.1,0.1248
7.5,9668.1,0.1248
7.5,9669.1,0.1248
7.5,9671.1,0.1248
7.5,9672.2,0.1248
7.5,9673.2,0.1248
7.5,9674.2,0.1248
7.5,9675.2,0.1248
7.5,9677.2,0.1333
7.5,9679.2,0.1333
7.5,9680.2,0.1333
7.5,9681.2,0.1333
7.5,9682.2,0.1333
7.5,9683.2,0.1333
7.5,9684.2,0.1333
7.5,9685.2,0.1333
7.5,9686.2,0.1333
7.5,9687.2,0.1333
7.5,9688.2,0.1333
7.5,9689.2,0.1333
0,9690.2,0.1333
0,9691.2,0.1333
0,9692.2,0.1333
0,9693.2,0.1333
0,9694.2,0.1333
0,9695.2,0.1333
0,9696.2,0.1333
0,9697.2,0.1316
0,9699.2,0.1299
0,9700.2,0.1248
0,9701.2,0.1248
0,9702.2,0.1248
0,9703.2,0.1248
0,9704.2,0.1248
0,9705.2,0.1205
0,9706.2,0.1239
0,9707.2,0.1239
0,9708.2,0.1239
0,9709.2,0.1231
0,9710.2,0.1212
0,9711.2,0.1197
0,9712.2,0.1188
0,9713.3,0.1212
0,9714.3,0.1195
0,9715.3,0.1136
0,9716.3,0.1127
0,9718.3,0.1153
0,9719.3,0.1144
0,9720.4,0.1144
0,9721.4,0.1102
0,9722.4,0.1102
0,9723.4,0.1102
0,9724.4,0.1102
0,9725.4,0.1059
0,9726.5,0.1093
0,9727.5,0.1093
0,9728.5,0.1093
0,9729.5,0.1085
0,9730.5,0.111
0,9731.6,0.1015
0,9732.6,0.1042
0,9733.6,0.1025
0,9734.6,0.1015
0,9735.6,0.0998
0,9736.6,0.0989
0,9738.6,0.093
0,9739.6,0.093
0,9740.7,0.093
0,9741.7,0.0921
0,9742.7,0.0964
0,9743.7,0.0964
0,9744.7,0.1006
0,9745.8,0.1006
0,9746.8,0.0964
0,9747.8,0.0964
0,9748.8,0.0964
0,9749.8,0.0904
0,9750.8,0.0939
0,9751.8,0.0887
0,9752.9,0.0956
0,9753.9,0.0904
0,9754.9,0.0887
0,9755.9,0.0879
0,9756.9,0.0826
0,9758.9,0.0809
0,9760,0.0809
0,9761,0.0801
0,9762,0.0801
0,9763,0.0801
0,9764,0.0801
0,9765,0.0801
0,9766,0.0801
0,9767,0.0801
0,9768,0.0801
0,9769,0.0801
0,9770,0.0792
0,9771,0.0818
0,9772,0.0809
0,9773,0.0758
0,9774,0.0741
0,9775,0.0775
0,9776,0.0724
0,9777,0.0707
0,9779,0.0741
0,9780,0.0689
0,9781,0.0689
0,9782,0.0689
0,9783.1,0.0689
0,9784.1,0.0733
0,9785.1,0.0733
0,9786.1,0.0733
0,9787.1,0.0733
0,9788.1,0.0733
0,9789.1,0.068
0,9790.1,0.0716
0,9791.1,0.0663
0,9792.2,0.0612
0,9793.2,0.0638
0,9794.2,0.0672
0,9795.2,0.0621
0,9796.2,0.0604
0,9798.2,0.0638
0,9799.2,0.0595
0,9800.2,0.0587
0,9801.2,0.0587
0,9802.2,0.0587
0,9803.2,0.0587
0,9804.2,0.0629
0,9805.2,0.0629
0,9806.2,0.0629
0,9807.2,0.0629
0,9808.2,0.0621
0,9809.2,0.057
0,9810.2,0.0553
0,9811.2,0.0587
0,9812.2,0.0578
0,9813.2,0.0525
0,9814.2,0.0474
0,9816.2,0.0544
0,9817.2,0.05
0,9818.2,0.0491
0,9819.2,0.0491
0,9820.2,0.0491
0,9821.2,0.0534
0,9822.2,0.0534
0,9823.2,0.0536
0,9824.3,0.0536
0,9825.3,0.0536
0,9826.3,0.0527
0,9827.3,0.0474
0,9828.3,0.0457
0,9829.3,0.0491
0,9830.3,0.0483
0,9831.3,0.0406
0,9832.3,0.0466
0,9834.3,0.0371
0,9835.3,0.0457
0,9836.3,0.0457
0,9837.3,0.0457
0,9838.3,0.0457
0,9839.3,0.0457
0,9840.3,0.0457
0,9841.3,0.0457
0,9842.4,0.0457
0,9843.4,0.0457
0,9844.4,0.0371
0,9845.4,0.0449
0,9846.4,0.0449
0,9847.4,0.0362
0,9848.4,0.0398
0,9849.5,0.044
0,9850.5,0.044
0,9851.5,0.044
0,9853.5,0.0398
0,9854.5,0.0398
0,9855.5,0.0398
0,9856.5,0.0398
0,9857.6,0.0398
0,9858.6,0.0398
0,9859.6,0.0398
0,9860.6,0.0398
0,9861.6,0.0398
0,9862.6,0.0398
0,9863.6,0.0398
0,9864.7,0.0355
0,9865.7,0.0354
0,9866.7,0.0389
0,9867.7,0.0389
0,9868.7,0.0432
0,9869.7,0.0406
0,9870.7,0.0432
0,9871.8,0.0406
0,9873.8,0.0432
0,9874.8,0.0406
0,9875.8,0.0432
0,9876.8,0.0406
0,9877.8,0.0389
0,9878.8,0.0389
0,9879.9,0.0389
0,9880.9,0.0389
0,9881.9,0.0406
0,9882.9,0.0432
0,9883.9,0.0389
0,9884.9,0.0389
0,9886,0.0389
0,9887,0.0389
0,9888,0.0389
0,9889,0.0389
0,9890,0.0389
0,9891,0.0345
0,9892,0.0347
0,9894,0.0345
0,9895.1,0.0345
0,9896.1,0.0345
0,9897.1,0.0345
0,9898.1,0.0345
0,9899.1,0.0345
0,9900.1,0.0345
0,9901.1,0.0345
0,9902.1,0.0345
0,9903.1,0.0345
0,9904.1,0.0345
0,9905.1,0.0337
0,9906.1,0.0337
0,9907.1,0.0381
0,9908.1,0.0381
0,9909.1,0.0381
0,9910.1,0.0381
0,9911.1,0.0381
0,9913.1,0.0381
0,9914.1,0.0381
0,9915.1,0.0381
0,9916.1,0.0381
0,9917.1,0.0381
0,9918.1,0.0381
0,9919.1,0.0381
0,9920.1,0.0381
0,9921.1,0.0381
0,9922.1,0.0381
0,9923.1,0.0381
0,9924.1,0.0381
0,9925.1,0.0381
0,9926.1,0.0381
0,9927.1,0.0381
0,9928.2,0.0381
0,9929.2,0.0381
0,9930.2,0.0381
0,9931.2,0.0381
0,9933.2,0.0381
0,9934.2,0.0381
0,9935.2,0.0381
0,9936.2,0.0381
0,9937.2,0.0381
0,9938.2,0.0381
0,9939.2,0.0381
0,9940.2,0.0381
0,9941.2,0.0381
0,9942.3,0.0381
0,9943.3,0.0381
0,9944.3,0.0381
0,9945.3,0.0381
0,9946.3,0.0381
0,9947.3,0.0381
0,9948.3,0.0381
0,9949.4,0.0381
0,9950.4,0.0381
0,9951.4,0.0381
0,9953.4,0.0381
0,9954.4,0.0381
0,9955.4,0.0381
0,9956.4,0.0381
0,9957.4,0.0381
0,9958.4,0.0381
0,9959.4,0.0381
0,9960.4,0.0381
0,9961.4,0.0381
0,9962.4,0.0381
0,9963.4,0.0381
0,9964.4,0.0381
0,9965.4,0.0381
0,9966.4,0.0381
0,9967.4,0.0381
0,9968.4,0.0381
0,9969.5,0.0381
0,9970.5,0.0381
0,9971.5,0.0381
0,9973.5,0.0381
0,9974.5,0.0381
0,9975.5,0.0381
0,9976.5,0.0381
0,9977.6,0.0381
0,9978.6,0.0381
0,9979.6,0.0381
0,9980.6,0.0381
0,9981.6,0.0379
0,9982.6,0.0381
0,9983.7,0.0381
0,9984.7,0.0381
0,9985.7,0.0381
0,9986.7,0.0381
0,9987.7,0.0381
0,9988.7,0.0381
0,9989.7,0.0381
0,9990.8,0.0381
0,9991.8,0.0381
0,9993.8,0.0381
0,9994.8,0.0381
0,9995.8,0.0381
0,9996.8,0.0381
0,9997.9,0.0381
0,9998.9,0.0381
0,9999.9,0.0381
0,10001,0.0381
0,10002,0.0381
0,10003,0.0381
0,10004,0.0381
0,10005,0.0381
0,10006,0.0381
0,10007,0.0381
0,10008,0.0381
0,10009,0.0381
0,10010,0.0381
0,10011,0.0381
0,10012,0.0379
0,10014,0.0337
0,10015,0.0337
0,10016,0.0337
0,10017,0.0337
0,10018,0.0337
0,10019,0.0337
0,10020,0.0337
0,10021,0.0337
0,10022,0.0337
0,10023,0.0337
0,10024,0.0337
0,10025,0.0337
0,10026,0.0337
0,10027,0.0337
0,10028,0.0337
0,10029,0.0337
0,10030,0.0337
0,10031,0.0337
0,10032,0.0337
0,10034,0.0337
0,10035,0.0337
0,10036,0.0337
0,10037,0.0337
0,10038,0.0337
0,10039,0.0337
0,10040,0.0337
0,10041,0.0337
0,10042,0.0337
0,10043,0.0337
0,10044,0.0337
0,10045,0.0337
0,10046,0.0337
0,10047,0.0337
0,10048,0.0337
0,10049,0.0337
0,10050,0.0337
0,10052,0.0337
0,10053,0.0337
0,10054,0.0337
0,10055,0.0337
0,10056,0.0337
0,10057,0.0372
0,10058,0.0337
0,10059,0.0337
0,10060,0.0337
0,10061,0.0337
0,10062,0.0337
0,10063,0.0372
0,10064,0.0337
0,10065,0.0337
0,10066,0.0372
0,10067,0.0337
0,10068,0.0337
0,10070,0.0372
0,10071,0.0372
0,10072,0.0372
0,10073,0.0337
0,10074,0.0337
0,10075,0.0372
0,10076,0.0372
0,10077,0.0337
0,10078,0.0337
0,10079,0.0372
0,10080,0.0372
0,10081,0.0337
0,10082,0.0372
0,10083,0.0372
0,10084,0.0337
0,10085,0.0372
0,10086,0.0372
0,10087,0.0372
0,10088,0.0372
0,10090,0.0372
0,10091,0.0372
0,10092,0.0372
0,10093,0.0372
0,10094,0.0371
0,10095,0.0372
0,10096,0.0372
0,10097,0.0371
0,10098,0.0372
0,10099,0.0372
0,10100,0.0372
0,10101,0.0372
0,10102,0.0372
0,10103,0.0372
0,10104,0.0372
0,10105,0.0372
0,10106,0.0372
0,10108,0.0372
0,10109,0.0372
0,10110,0.0372
0,10111,0.0372
0,10112,0.0372
0,10113,0.0372
0,10114,0.0372
0,10115,0.0372
0,10116,0.0372
0,10117,0.0372
0,10118,0.0371
0,10119,0.0372
0,10120,0.0371
0,10121,0.0372
0,10123,0.0372
0,10124,0.0372
0,10125,0.0372
0,10127,0.0372
0,10128,0.0372
0,10129,0.0372
0,10130,0.0372
0,10131,0.0372
0,10132,0.0372
0,10133,0.0372
0,10134,0.0372
0,10135,0.0372
0,10136,0.0372
0,10137,0.0372
0,10138,0.0372
0,10139,0.0372
0,10140,0.0372
0,10141,0.0372
0,10142,0.0372
0,10143,0.0372
0,10144,0.0372
0,10145,0.0372
0,10147,0.0372
0,10148,0.0371
0,10149,0.0372
0,10150,0.0372
0,10151,0.0371
0,10152,0.0372
0,10153,0.0372
0,10154,0.0372
0,10155,0.0371
0,10156,0.0372
0,10157,0.0372
0,10158,0.0372
0,10159,0.0372
0,10160,0.0372
0,10161,0.0372
0,10162,0.0372
0,10163,0.0372
0,10164,0.0372
0,10165,0.0372
0,10167,0.0372
0,10168,0.0372
0,10169,0.0372
0,10170,0.0372
0,10171,0.0372
0,10172,0.0372
0,10173,0.0372
0,10174,0.0372
0,10175,0.0372
0,10176,0.0372
0,10177,0.0372
0,10178,0.0372
0,10179,0.0372
0,10180,0.0372
0,10181,0.0372
0,10182,0.0372
0,10183,0.0372
0,10184,0.0372
0,10185,0.0372
0,10187,0.0372
0,10188,0.0372
0,10189,0.0371
0,10190,0.0372
0,10191,0.0372
0,10192,0.0372
0,10193,0.0371
0,10194,0.0372
0,10195,0.0372
0,10196,0.0372
0,10197,0.0372
0,10198,0.0371
0,10199,0.0372
0,10200,0.0372
0,10201,0.0372
0,10202,0.0371
0,10203,0.0372
0,10205,0.0372
0,10206,0.0372
0,10207,0.0372
0,10208,0.0372
0,10209,0.0372
0,10210,0.0372
0,10211,0.0372
0,10212,0.0372
0,10213,0.0372
0,10214,0.0371
0,10215,0.0371
0,10216,0.0372
0,10217,0.0372
0,10218,0.0372
0,10219,0.0372
0,10220,0.0372
0,10221,0.0372
0,10222,0.0371
0,10223,0.0372
0,10225,0.0372
0,10226,0.0372
0,10227,0.0371
