voltage,time,height
5,19.164,0.0741
5,21.184,0.0741
5,22.191,0.0741
5,23.199,0.0741
5,24.207,0.0741
5,25.215,0.0741
5,26.226,0.0741
5,27.235,0.0741
5,28.243,0.0741
5,29.251,0.0741
5,30.255,0.0741
5,31.264,0.0741
5,32.28,0.0741
5,33.287,0.0699
5,34.295,0.0697
5,35.303,0.0699
5,36.315,0.0733
5,37.33,0.069
5,38.347,0.0733
5,39.355,0.0733
5,41.364,0.0733
5,42.374,0.0733
5,43.384,0.0775
5,44.391,0.0775
5,45.399,0.0733
5,46.411,0.0775
5,47.423,0.0733
5,48.435,0.0775
5,49.447,0.0733
5,50.459,0.0733
5,51.471,0.0775
5,52.479,0.0775
5,53.489,0.0733
5,54.499,0.0733
5,55.512,0.0733
5,56.527,0.0733
5,57.535,0.0733
5,58.543,0.0733
5,59.552,0.0733
5,61.563,0.069
5,62.576,0.069
5,63.587,0.069
5,64.598,0.069
5,65.609,0.069
5,66.625,0.069
5,67.635,0.069
5,68.644,0.069
5,69.651,0.069
5,70.659,0.069
5,71.675,0.069
5,72.683,0.069
5,73.688,0.0682
5,74.703,0.068
5,75.711,0.0682
5,76.716,0.0724
5,77.723,0.0724
5,78.739,0.0724
5,79.751,0.0724
5,81.764,0.0724
5,82.771,0.0724
5,83.775,0.0724
5,84.791,0.0724
5,85.799,0.0724
5,86.803,0.0724
5,87.815,0.0724
5,88.819,0.0724
5,89.831,0.0724
5,90.839,0.0724
5,91.847,0.0724
5,92.855,0.0724
5,93.864,0.0724
5,94.871,0.0724
5,95.875,0.0724
5,96.887,0.0724
5,97.897,0.0724
5,98.911,0.068
5,99.919,0.068
5,101.94,0.0682
5,102.95,0.068
5,103.96,0.068
5,104.98,0.068
5,105.99,0.068
5,107,0.0682
5,108.01,0.068
5,109.02,0.068
5,110.03,0.068
5,111.04,0.068
5,112.04,0.0682
5,113.05,0.068
5,114.06,0.0672
5,115.07,0.0673
5,116.08,0.0716
5,117.09,0.0716
5,118.1,0.0716
5,119.11,0.0716
5,120.13,0.0716
5,122.14,0.0716
5,123.15,0.0716
5,124.16,0.0716
5,125.17,0.0716
5,126.18,0.0716
5,127.19,0.0716
5,128.2,0.0716
5,129.21,0.0716
5,130.22,0.0716
5,131.23,0.0716
5,132.24,0.0716
5,133.26,0.0716
5,134.26,0.0716
5,135.27,0.0716
5,136.28,0.0716
5,137.28,0.0716
5,138.29,0.0716
5,139.3,0.0716
5,140.31,0.0716
5,142.32,0.0673
5,143.33,0.0673
5,144.34,0.0673
5,145.35,0.0673
5,146.36,0.0672
5,147.38,0.0672
5,148.39,0.0673
5,149.4,0.0673
5,150.41,0.0672
5,151.42,0.0673
5,152.42,0.0672
5,153.43,0.0672
5,154.44,0.0672
5,155.45,0.0672
5,156.46,0.0672
5,157.46,0.0672
5,158.47,0.0663
5,159.48,0.0663
5,160.48,0.0663
5,162.5,0.0707
5,163.51,0.0663
5,164.52,0.0707
5,165.52,0.075
5,166.53,0.0663
5,167.54,0.0707
5,168.55,0.0663
5,169.56,0.0663
5,170.58,0.0665
5,171.6,0.0707
5,172.6,0.0663
5,173.65,0.0707
5,174.66,0.0663
5,175.68,0.0707
5,176.69,0.075
5,177.7,0.075
5,178.7,0.0707
5,179.71,0.0707
5,180.71,0.075
5,182.72,0.0707
5,183.72,0.075
5,184.73,0.075
5,185.73,0.0707
5,186.74,0.0707
5,187.75,0.0707
5,188.75,0.0707
5,189.75,0.0707
5,190.76,0.0707
5,191.76,0.0707
5,192.77,0.0707
5,193.77,0.0707
5,195.79,0.0648
7,197.8,0.0646
7,198.81,0.0648
7,199.82,0.0648
7,200.82,0.0646
7,201.83,0.069
7,202.84,0.0648
7,203.84,0.0646
7,204.85,0.0648
7,205.86,0.0648
7,206.87,0.0648
7,207.88,0.0648
7,208.89,0.0646
7,209.9,0.0733
7,210.91,0.0655
7,211.93,0.0699
7,212.95,0.0741
7,213.95,0.0663
7,214.96,0.0707
7,215.97,0.0665
7,217.98,0.0716
7,219,0.0631
7,220,0.0716
7,221.02,0.0673
7,222.03,0.0716
7,223.04,0.0673
7,224.06,0.0629
7,225.06,0.0673
7,226.08,0.0716
7,227.08,0.0673
7,228.08,0.0673
7,229.1,0.0682
7,230.1,0.0724
7,231.1,0.0648
7,232.1,0.0733
7,233.11,0.0733
7,234.11,0.0699
7,235.12,0.0741
7,236.13,0.0784
7,238.13,0.0741
7,239.15,0.075
7,240.15,0.075
7,241.16,0.075
7,242.17,0.075
7,243.18,0.075
7,244.19,0.075
7,245.2,0.075
7,246.2,0.075
7,247.22,0.075
7,248.22,0.075
7,249.23,0.0707
7,250.24,0.0758
7,251.25,0.0758
7,252.25,0.068
7,253.26,0.0767
7,254.26,0.0767
7,255.27,0.0724
7,256.28,0.0775
7,258.28,0.0775
7,259.29,0.0733
7,260.3,0.0775
7,261.3,0.0775
7,262.31,0.0733
7,263.32,0.0818
7,264.34,0.0733
7,265.34,0.0733
7,266.34,0.0733
7,267.35,0.0733
7,268.36,0.0775
7,269.38,0.0784
7,270.39,0.0784
7,271.39,0.0784
7,272.4,0.0792
7,273.41,0.0792
7,274.41,0.0836
7,275.43,0.0758
7,276.44,0.0801
7,278.44,0.0801
7,279.44,0.0801
7,280.45,0.0801
7,281.46,0.0724
7,282.47,0.0758
7,283.48,0.0758
7,284.48,0.0724
7,285.49,0.0758
7,286.5,0.0767
7,287.5,0.0758
7,288.51,0.0767
7,289.52,0.0809
7,290.52,0.0809
7,291.53,0.0733
7,292.54,0.0818
7,293.55,0.0818
7,294.57,0.0835
7,295.57,0.0784
7,297.58,0.0826
7,298.59,0.0826
7,299.59,0.087
7,300.6,0.087
7,301.61,0.0828
7,302.61,0.0828
7,303.62,0.0826
7,304.62,0.0828
7,305.62,0.0828
7,306.64,0.087
7,307.64,0.0828
7,308.65,0.0784
7,309.65,0.0792
7,310.67,0.0835
7,311.67,0.0792
7,312.68,0.0758
7,313.69,0.0801
7,314.7,0.0801
7,315.71,0.0801
7,317.72,0.0767
7,318.73,0.0809
7,319.78,0.0809
7,320.78,0.0809
7,321.78,0.0809
7,322.8,0.0809
7,323.8,0.0809
7,324.81,0.0809
7,325.81,0.0809
7,326.83,0.0809
7,327.83,0.0809
7,328.84,0.0809
7,329.84,0.0809
7,330.85,0.0811
7,331.86,0.0818
7,332.87,0.0835
7,333.87,0.0818
7,334.87,0.0818
7,335.88,0.0826
7,337.89,0.087
7,338.9,0.087
7,339.9,0.087
7,340.91,0.087
7,341.91,0.087
7,342.92,0.087
7,343.92,0.087
7,344.93,0.087
7,345.94,0.087
7,346.94,0.087
7,347.95,0.087
7,348.96,0.0828
7,349.97,0.0828
7,350.98,0.0836
7,352,0.0879
7,353,0.0921
7,354.01,0.0835
7,355.02,0.0801
7,356.02,0.0801
7,358.03,0.0887
7,359.04,0.0887
7,360.05,0.0887
7,361.05,0.0887
7,362.06,0.0887
7,363.06,0.0887
7,364.07,0.0887
7,365.07,0.0887
7,366.07,0.0887
7,367.08,0.0887
7,368.09,0.0887
7,369.09,0.0887
7,370.1,0.0809
7,371.11,0.0896
7,372.11,0.0896
7,373.12,0.0896
7,374.13,0.0818
7,375.14,0.0836
7,376.15,0.0904
7,378.15,0.0904
7,379.16,0.0904
7,380.17,0.0904
7,381.17,0.0904
7,382.18,0.0904
7,383.18,0.0904
7,384.19,0.0904
7,385.2,0.0904
7,386.21,0.0904
7,387.21,0.0904
7,388.22,0.0904
7,389.23,0.0828
7,390.24,0.087
7,391.25,0.087
7,392.25,0.0913
7,393.27,0.0913
7,394.28,0.0956
7,395.28,0.087
7,396.28,0.0879
7,398.29,0.0921
7,399.3,0.0921
7,400.3,0.0921
7,401.31,0.0921
7,402.32,0.0921
7,403.33,0.0921
7,404.34,0.0921
7,405.34,0.0921
7,406.35,0.0921
7,407.35,0.0921
7,408.37,0.0921
7,409.38,0.0921
7,410.38,0.0921
7,411.39,0.0879
7,412.4,0.0887
7,413.41,0.093
7,414.41,0.093
7,415.42,0.093
7,416.43,0.0887
7,418.43,0.0887
7,419.44,0.0896
7,420.44,0.0896
7,421.45,0.0896
7,422.46,0.0896
7,423.47,0.0896
7,424.48,0.0896
7,425.48,0.0896
7,426.49,0.0896
7,427.5,0.0896
7,428.5,0.0896
7,429.51,0.0896
7,430.52,0.0939
7,431.52,0.0939
7,432.53,0.0896
7,433.54,0.0896
7,434.54,0.0904
7,435.56,0.0947
7,436.57,0.0947
7,438.58,0.0947
7,439.58,0.0947
7,440.59,0.0947
7,441.6,0.0947
7,442.6,0.0947
7,443.61,0.0947
7,444.62,0.0947
7,445.63,0.0947
7,446.63,0.0947
7,447.64,0.0947
7,448.65,0.0947
7,449.65,0.0947
7,450.67,0.0913
7,451.67,0.0913
7,452.69,0.0956
7,453.7,0.0956
7,454.72,0.0998
7,455.73,0.0956
7,456.74,0.0956
7,458.75,0.0913
7,459.76,0.0921
7,460.76,0.0921
7,461.78,0.0921
7,462.79,0.0921
7,463.8,0.0921
7,464.84,0.0921
7,465.85,0.0921
7,466.87,0.0921
7,467.87,0.0921
7,468.88,0.0921
7,469.88,0.0964
7,470.88,0.0964
7,471.89,0.0966
7,472.89,0.1006
7,473.89,0.0964
7,474.89,0.0921
7,475.9,0.093
7,476.9,0.093
7,478.91,0.0973
7,479.92,0.0973
7,480.93,0.0973
7,481.93,0.0973
7,482.95,0.0973
7,483.95,0.0973
7,484.95,0.0973
7,485.96,0.0973
7,486.97,0.0973
7,487.97,0.0973
7,488.98,0.0973
7,489.98,0.0973
7,490.98,0.0973
7,491.99,0.0973
7,493,0.093
7,494,0.0939
7,495.01,0.0939
7,496.02,0.0981
7,497.03,0.0981
7,499.03,0.0981
7,500.03,0.0981
7,501.04,0.0981
7,502.05,0.0981
7,503.05,0.0981
7,504.06,0.0981
7,505.07,0.0981
7,506.08,0.0981
7,507.08,0.1025
7,508.1,0.1025
7,509.11,0.0981
7,510.11,0.0981
7,511.12,0.0947
7,512.13,0.0947
7,513.13,0.0947
7,514.14,0.0991
7,515.16,0.0991
7,516.16,0.0991
7,517.17,0.0989
7,519.18,0.0991
7,520.19,0.0991
7,521.2,0.0989
7,522.2,0.0989
7,523.21,0.0989
7,524.22,0.0989
7,525.23,0.0947
7,526.24,0.0991
7,527.24,0.0989
7,528.25,0.0947
7,529.26,0.0991
7,530.26,0.0956
7,531.26,0.0956
7,532.26,0.0998
7,533.27,0.0998
7,534.28,0.1
7,535.28,0.0998
7,536.3,0.1042
7,537.31,0.1042
7,539.32,0.1
7,540.32,0.0956
7,541.33,0.0998
7,542.34,0.0998
7,543.34,0.0998
7,544.36,0.0998
7,545.36,0.0998
7,546.38,0.0998
7,547.39,0.0998
7,548.4,0.1
7,549.4,0.0956
7,550.4,0.0964
7,551.4,0.0964
7,552.41,0.1008
7,553.42,0.1008
7,554.43,0.1008
7,555.44,0.1008
7,556.45,0.1051
7,557.45,0.1051
7,559.46,0.1051
7,560.46,0.1008
7,561.47,0.1008
7,562.47,0.1008
7,563.47,0.1008
7,564.47,0.1008
7,565.48,0.1008
7,566.48,0.1008
7,567.49,0.1008
7,568.5,0.1006
7,569.5,0.1008
7,570.51,0.1008
7,571.52,0.0973
7,572.52,0.0973
7,573.53,0.1015
7,574.54,0.1015
7,575.54,0.1015
7,576.55,0.1017
7,577.56,0.1059
7,579.56,0.1059
7,580.58,0.1059
7,581.58,0.1059
7,582.59,0.1017
7,583.6,0.1015
7,584.61,0.1059
7,585.62,0.1017
7,586.63,0.1015
7,587.64,0.1059
7,588.65,0.1059
7,589.66,0.1059
7,590.67,0.1015
7,591.69,0.0981
7,592.69,0.0981
7,593.7,0.0981
7,594.7,0.0981
7,595.71,0.1025
7,596.72,0.1025
7,597.72,0.1025
7,599.72,0.1025
7,600.73,0.1025
7,601.74,0.1025
7,602.74,0.1025
7,603.75,0.1025
7,604.75,0.1025
7,605.77,0.1025
7,606.78,0.1025
7,607.79,0.1025
7,608.8,0.1025
7,609.81,0.1025
7,610.83,0.1068
7,611.83,0.1025
7,612.85,0.1025
7,613.85,0.0981
7,614.86,0.0989
7,615.87,0.0991
7,616.88,0.0989
7,617.88,0.1034
7,619.88,0.1034
7,620.89,0.1034
7,621.9,0.1034
7,622.9,0.1034
7,623.92,0.1034
7,624.92,0.1034
7,625.92,0.1034
7,626.93,0.1034
7,627.94,0.1034
7,628.95,0.1034
7,629.96,0.1034
7,630.97,0.1034
7,631.97,0.1076
7,632.97,0.1034
7,633.98,0.1076
7,634.99,0.1034
7,636,0.1034
7,637.01,0.0989
7,639.02,0.0998
7,640.03,0.0998
7,641.04,0.0998
7,642.04,0.0998
7,643.05,0.0998
7,644.06,0.0998
7,645.06,0.0998
7,646.07,0.0998
7,647.08,0.0998
7,648.09,0.0998
7,649.1,0.0998
7,650.11,0.0998
7,651.12,0.0998
7,652.15,0.1042
7,653.17,0.1042
7,654.18,0.1042
7,655.19,0.1042
7,656.2,0.1042
7,657.2,0.1042
7,659.2,0.1085
7,660.21,0.1085
7,661.21,0.1085
7,662.24,0.1085
7,663.24,0.1085
7,664.26,0.1085
7,665.27,0.1085
7,666.28,0.1085
7,667.28,0.1085
7,668.28,0.1085
7,669.28,0.1085
7,670.29,0.1085
7,671.3,0.1085
7,672.31,0.1042
7,673.32,0.1042
7,674.32,0.1042
7,675.33,0.1042
7,676.34,0.1006
7,677.35,0.1042
7,679.36,0.1008
7,680.37,0.1008
7,681.38,0.1051
7,682.38,0.1006
7,683.39,0.1051
7,684.4,0.1008
7,685.41,0.1051
7,686.42,0.1008
7,687.42,0.1051
7,688.44,0.1008
7,689.45,0.1051
7,690.47,0.1051
7,691.47,0.1051
7,692.48,0.1051
7,693.49,0.1051
7,694.5,0.1051
7,695.51,0.1051
7,696.52,0.1051
7,697.53,0.1093
7,699.54,0.1093
7,700.55,0.1093
7,701.55,0.1093
7,702.57,0.1093
7,703.57,0.1093
7,704.58,0.1093
7,705.59,0.1093
7,706.59,0.1093
7,707.6,0.1093
7,708.61,0.1093
7,709.62,0.1093
7,710.62,0.1093
7,711.63,0.1051
7,712.64,0.1051
7,713.65,0.1008
7,714.66,0.1017
7,715.67,0.1051
7,716.68,0.1017
7,717.7,0.1017
7,719.7,0.1017
7,720.71,0.1059
7,721.72,0.1059
7,722.72,0.1059
7,723.74,0.1059
7,724.74,0.1059
7,725.74,0.1059
7,726.74,0.1059
7,727.74,0.1059
7,728.75,0.1059
7,729.76,0.1059
7,730.76,0.1059
7,731.77,0.1059
7,732.77,0.1059
7,733.78,0.1059
7,734.79,0.1059
7,735.8,0.1059
7,736.82,0.1059
7,737.83,0.1102
7,739.84,0.1102
7,740.84,0.1102
7,741.85,0.1102
7,742.86,0.1102
7,743.86,0.1102
7,744.87,0.1102
7,745.88,0.1102
7,746.88,0.1102
7,747.89,0.1102
7,748.89,0.1102
7,749.9,0.1102
7,750.91,0.1102
7,751.91,0.1059
7,752.92,0.1059
7,753.93,0.1059
7,754.94,0.1025
7,755.95,0.1025
7,756.96,0.1025
7,757.97,0.1025
7,759.98,0.1025
7,760.98,0.1025
7,761.99,0.1025
7,763,0.1068
7,764.01,0.1025
7,765.02,0.1068
7,766.02,0.1025
7,767.04,0.1025
7,768.04,0.1068
7,769.05,0.1025
7,770.06,0.1068
7,771.06,0.1068
7,772.08,0.1068
7,773.08,0.1068
7,774.08,0.1068
7,775.1,0.1068
7,776.11,0.1068
7,777.11,0.1068
7,778.12,0.1068
7,780.13,0.111
7,781.14,0.111
7,782.14,0.111
7,783.14,0.1068
7,784.15,0.111
7,785.15,0.111
7,786.16,0.111
7,787.17,0.111
7,788.18,0.111
7,789.18,0.111
7,790.2,0.111
7,791.2,0.111
7,792.22,0.111
7,793.23,0.111
7,794.25,0.1068
7,795.26,0.1068
7,796.27,0.1068
7,797.27,0.1068
7,798.28,0.1068
7,800.28,0.1068
7,801.28,0.1068
7,802.3,0.1034
7,803.3,0.1034
7,804.31,0.1034
7,805.32,0.1068
7,806.33,0.1034
7,807.33,0.1034
7,808.34,0.1034
7,809.35,0.1034
7,810.36,0.1034
7,811.36,0.1034
7,812.37,0.1068
7,813.38,0.1034
7,814.38,0.1076
7,815.4,0.1076
7,816.4,0.1076
7,817.41,0.1076
7,818.42,0.1076
7,820.42,0.1076
7,821.43,0.1076
7,822.44,0.1076
7,823.44,0.1076
7,824.45,0.1076
7,825.46,0.1076
7,826.48,0.1076
7,827.48,0.1076
7,828.49,0.1076
7,829.5,0.1076
7,830.51,0.1076
7,831.51,0.1076
7,832.53,0.1076
7,833.53,0.1076
7,834.54,0.1076
7,835.55,0.1119
7,836.56,0.1119
7,837.56,0.1119
7,838.58,0.1119
7,840.59,0.1119
7,841.59,0.1119
7,842.6,0.1119
7,843.61,0.1119
7,844.61,0.1119
7,845.62,0.1119
7,846.63,0.1119
7,847.64,0.1119
7,848.65,0.1119
7,849.66,0.1119
7,850.66,0.1119
7,851.66,0.1119
7,852.68,0.1119
7,853.69,0.1076
7,854.7,0.1076
7,855.71,0.1076
7,856.71,0.1076
7,857.72,0.1076
7,858.73,0.1076
7,860.74,0.1076
7,861.75,0.1076
7,862.76,0.1076
7,863.76,0.1076
7,864.77,0.1076
7,865.78,0.1076
7,866.79,0.1076
7,867.8,0.1076
7,868.81,0.1076
7,869.82,0.1076
7,870.83,0.1076
7,871.85,0.1042
7,872.85,0.1042
7,873.86,0.1042
7,874.87,0.1042
7,875.88,0.1042
7,876.88,0.1085
7,877.89,0.1085
7,878.9,0.1085
7,880.91,0.1085
7,881.91,0.1085
7,882.92,0.1085
7,883.93,0.1085
7,884.94,0.1085
7,885.94,0.1085
7,886.96,0.1085
7,887.96,0.1085
7,888.97,0.1085
7,889.98,0.1085
7,890.99,0.1085
7,892,0.1085
7,893.02,0.1085
7,894.02,0.1085
7,895.04,0.1085
7,896.04,0.1085
7,897.05,0.1085
7,898.06,0.1085
7,899.06,0.1085
7,901.08,0.1127
7,902.09,0.1127
7,903.1,0.1127
7,904.11,0.1127
7,905.12,0.1127
7,906.14,0.1127
7,907.15,0.1127
7,908.2,0.1127
7,909.2,0.1127
7,910.2,0.1127
7,911.22,0.1127
7,912.23,0.1127
7,913.23,0.1127
7,914.23,0.1127
7,915.23,0.1127
7,916.24,0.1127
7,917.24,0.1127
7,918.24,0.1127
7,919.26,0.1127
7,921.28,0.1127
7,922.29,0.1127
7,923.29,0.1127
7,924.3,0.1127
7,925.31,0.1127
7,926.31,0.1127
7,927.31,0.1127
7,928.32,0.1127
7,929.33,0.1127
7,930.33,0.1127
7,931.34,0.1127
7,932.35,0.1127
7,933.35,0.1085
7,934.36,0.1127
7,935.36,0.1085
7,936.37,0.1085
7,937.38,0.1085
7,938.38,0.1085
7,939.38,0.1085
7,941.39,0.1085
7,942.4,0.1085
7,943.41,0.1085
7,944.41,0.1085
7,945.42,0.1085
7,946.43,0.1085
7,947.43,0.1085
7,948.44,0.1085
7,949.45,0.1085
7,950.46,0.1085
7,951.47,0.1085
7,952.48,0.1085
7,953.48,0.1085
7,954.49,0.1085
7,955.5,0.1051
7,956.51,0.1051
7,957.52,0.1051
7,958.53,0.1051
7,959.54,0.1051
7,961.54,0.1051
7,962.56,0.1051
7,963.57,0.1051
7,964.58,0.1051
7,965.59,0.1051
7,966.6,0.1051
7,967.6,0.1051
7,968.61,0.1051
7,969.62,0.1051
7,970.63,0.1051
7,971.64,0.1051
7,972.65,0.1093
7,973.66,0.1093
7,974.66,0.1093
7,975.68,0.1093
7,976.68,0.1093
7,977.7,0.1093
7,978.7,0.1093
7,979.71,0.1093
7,981.72,0.1093
7,982.72,0.1093
7,983.74,0.1093
7,984.75,0.1093
7,985.76,0.1093
7,986.77,0.1093
7,987.78,0.1093
7,988.79,0.1093
7,989.79,0.1093
7,990.8,0.1093
7,991.82,0.1093
7,992.83,0.1093
7,993.84,0.1093
7,994.85,0.1093
7,995.85,0.1093
7,996.87,0.1093
7,997.87,0.1093
7,998.88,0.1093
7,999.89,0.1136
7,1001.9,0.1136
7,1002.9,0.1136
7,1003.9,0.1136
7,1004.9,0.1136
7,1005.9,0.1136
7,1006.9,0.1136
7,1008,0.1136
7,1009,0.1136
7,1010,0.1136
7,1011,0.1136
7,1012,0.1136
7,1013,0.1136
7,1014,0.1136
7,1015,0.1136
7,1016,0.1136
7,1017,0.1136
7,1018,0.1136
7,1019.1,0.1136
7,1020.1,0.1136
7,1022.1,0.1136
7,1023.1,0.1136
7,1024.1,0.1136
7,1025.1,0.1136
7,1026.1,0.1136
7,1027.1,0.1136
7,1028.1,0.1136
7,1029.1,0.1136
7,1030.1,0.1136
7,1031.2,0.1136
7,1032.2,0.1136
7,1033.2,0.1093
7,1034.2,0.1093
7,1035.2,0.1093
7,1036.2,0.1093
7,1037.2,0.1093
7,1038.2,0.1093
7,1039.2,0.1093
7,1040.2,0.1093
7,1042.2,0.1093
7,1043.2,0.1093
7,1044.2,0.1093
7,1045.2,0.1093
7,1046.2,0.1093
7,1047.3,0.1093
7,1048.3,0.1093
7,1049.3,0.1093
7,1050.3,0.1093
7,1051.3,0.1093
7,1052.3,0.1093
7,1053.3,0.1093
7,1054.3,0.1059
7,1055.3,0.1059
7,1056.3,0.1059
7,1057.3,0.1059
7,1058.3,0.1059
7,1059.3,0.1059
7,1060.3,0.1059
7,1062.3,0.1102
7,1063.4,0.1102
7,1064.4,0.1102
7,1065.4,0.1102
7,1066.4,0.1102
7,1067.4,0.1102
7,1068.4,0.1102
7,1069.4,0.1102
7,1070.4,0.1102
7,1071.4,0.1102
7,1072.4,0.1102
7,1073.4,0.1102
7,1074.4,0.1102
7,1075.9,0.1102
7,1076.9,0.1102
7,1077.9,0.1102
7,1078.9,0.1102
7,1079.9,0.1102
7,1080.9,0.1102
7,1082.9,0.1102
7,1083.9,0.1102
7,1084.9,0.1102
7,1085.9,0.1102
7,1086.9,0.1102
7,1087.9,0.1102
7,1089,0.1102
7,1090,0.1102
7,1091,0.1102
7,1092,0.1102
7,1093,0.1102
7,1094,0.1102
7,1095,0.1102
7,1096,0.1102
7,1097,0.1102
7,1098,0.1102
7,1099,0.1102
7,1100,0.1144
7,1101,0.1144
7,1103.1,0.1144
7,1104.1,0.1146
7,1105.1,0.1146
7,1106.1,0.1144
7,1107.1,0.1144
7,1108.1,0.1144
7,1109.1,0.1144
7,1110.1,0.1146
7,1111.1,0.1144
7,1112.1,0.1146
7,1113.1,0.1144
7,1114.1,0.1144
7,1115.1,0.1144
7,1116.1,0.1144
7,1117.2,0.1146
7,1118.2,0.1144
7,1119.2,0.1146
7,1120.2,0.1144
7,1121.2,0.1102
7,1123.2,0.1102
7,1124.2,0.1102
7,1125.2,0.1102
7,1126.2,0.1102
7,1127.3,0.1102
7,1128.3,0.1102
7,1129.3,0.1102
7,1130.3,0.1102
7,1131.3,0.1102
7,1132.3,0.1102
7,1133.3,0.1102
7,1134.3,0.1102
7,1135.3,0.1102
7,1136.3,0.1102
7,1137.3,0.1102
7,1138.3,0.1102
7,1139.4,0.1102
7,1140.4,0.1102
7,1141.4,0.1068
7,1143.4,0.1102
7,1144.4,0.1102
7,1145.4,0.1102
7,1146.4,0.1068
7,1147.4,0.1068
7,1148.4,0.1102
7,1149.4,0.1102
7,1150.4,0.1102
7,1151.4,0.1068
7,1152.4,0.1102
7,1153.5,0.1068
7,1154.5,0.1102
7,1155.5,0.1068
7,1156.5,0.1068
7,1157.5,0.1068
7,1158.5,0.1068
7,1159.5,0.1068
7,1160.6,0.1068
7,1161.6,0.1068
7,1163.6,0.111
7,1164.6,0.1068
7,1165.6,0.1068
7,1166.6,0.111
7,1167.6,0.1068
7,1168.6,0.111
7,1169.6,0.1068
7,1170.6,0.1068
7,1171.6,0.1068
7,1172.6,0.1068
7,1173.6,0.1068
7,1174.6,0.111
7,1175.7,0.111
7,1176.7,0.111
7,1177.7,0.111
7,1178.7,0.111
7,1179.7,0.111
7,1180.7,0.111
7,1181.7,0.111
7,1183.7,0.111
7,1184.7,0.111
7,1185.7,0.111
7,1186.8,0.111
7,1187.8,0.111
7,1188.8,0.111
7,1189.8,0.111
7,1190.8,0.111
7,1191.8,0.111
7,1192.8,0.111
7,1193.8,0.111
7,1194.8,0.111
7,1195.8,0.111
7,1196.9,0.111
7,1197.9,0.111
7,1198.9,0.111
7,1199.9,0.111
7,1200.9,0.111
7,1201.9,0.111
7,1203.9,0.111
7,1204.9,0.111
7,1205.9,0.111
7,1206.9,0.111
7,1207.9,0.111
7,1208.9,0.111
7,1210,0.111
7,1211,0.111
7,1212,0.111
7,1213,0.111
7,1214,0.111
7,1215,0.111
7,1216,0.111
7,1217,0.111
7,1218,0.111
7,1219,0.111
7,1220,0.1153
7,1221,0.1153
7,1222.1,0.111
7,1224.1,0.1153
7,1225.1,0.1153
7,1226.1,0.1153
7,1227.1,0.1153
7,1228.1,0.1153
7,1229.1,0.1153
7,1230.1,0.1153
7,1231.1,0.1153
7,1232.1,0.1153
7,1233.1,0.1153
7,1234.2,0.1153
7,1235.2,0.1153
7,1236.2,0.1153
7,1237.2,0.1153
7,1238.2,0.1153
7,1239.2,0.1153
7,1240.2,0.1153
7,1241.2,0.1153
7,1242.2,0.1153
7,1244.2,0.1153
7,1245.2,0.1153
7,1246.2,0.1154
7,1247.3,0.1153
7,1248.3,0.1153
7,1249.3,0.1153
7,1250.3,0.1153
7,1251.3,0.1153
7,1252.3,0.1153
7,1253.3,0.1153
7,1254.3,0.1153
7,1255.3,0.1153
7,1256.3,0.1153
7,1257.3,0.1153
7,1258.3,0.1153
7,1259.3,0.1153
7,1260.3,0.111
7,1261.4,0.1153
7,1262.4,0.1153
7,1264.4,0.1153
7,1265.4,0.1153
7,1266.4,0.1153
7,1267.4,0.1153
7,1268.4,0.1153
7,1269.4,0.1153
7,1270.4,0.1153
7,1271.4,0.1153
7,1272.4,0.1153
7,1273.4,0.1153
7,1274.4,0.1153
7,1275.4,0.1153
7,1276.5,0.1154
7,1277.5,0.1153
7,1278.5,0.1153
7,1279.5,0.111
7,1280.5,0.111
7,1281.5,0.111
7,1282.5,0.111
7,1284.5,0.111
7,1285.5,0.111
7,1286.5,0.111
7,1287.5,0.111
7,1288.5,0.111
7,1289.5,0.111
7,1290.6,0.111
7,1291.6,0.111
7,1292.6,0.111
7,1293.6,0.111
7,1294.6,0.111
7,1295.6,0.111
7,1296.6,0.111
7,1297.6,0.111
7,1298.6,0.111
7,1299.6,0.111
7,1300.6,0.111
7,1301.7,0.111
7,1302.7,0.111
7,1304.7,0.111
7,1305.7,0.111
7,1306.7,0.111
7,1307.7,0.111
7,1308.8,0.111
7,1309.8,0.111
7,1310.8,0.111
7,1311.8,0.111
7,1312.8,0.111
7,1313.8,0.111
7,1314.8,0.111
7,1315.8,0.111
7,1316.8,0.111
7,1317.8,0.111
7,1318.8,0.111
7,1319.8,0.111
7,1320.8,0.1076
7,1321.8,0.111
7,1322.8,0.111
7,1324.8,0.1076
7,1325.9,0.1076
7,1326.9,0.111
7,1327.9,0.1076
7,1328.9,0.1076
7,1329.9,0.1076
7,1330.9,0.1076
7,1331.9,0.1076
7,1332.9,0.1076
7,1333.9,0.1076
7,1334.9,0.1076
7,1335.9,0.1076
7,1336.9,0.1076
7,1337.9,0.1076
7,1339,0.1076
7,1340,0.1076
7,1342,0.1163
5,1343,0.1161
5,1344,0.1163
5,1345,0.1163
5,1346,0.1163
5,1347,0.1163
5,1348,0.1163
5,1349,0.1163
5,1350,0.1163
5,1351.1,0.1163
5,1352.1,0.1161
5,1353.1,0.1119
5,1354.1,0.111
5,1355.1,0.111
5,1356.1,0.1102
5,1357.1,0.1102
5,1359.1,0.1059
5,1360.1,0.1093
5,1361.1,0.1136
5,1362.1,0.1136
5,1363.1,0.1136
5,1364.2,0.1136
5,1365.2,0.1136
5,1366.2,0.1136
5,1367.2,0.1136
5,1368.2,0.1136
5,1369.2,0.1136
5,1370.2,0.1093
5,1371.2,0.1085
5,1372.2,0.1085
5,1373.2,0.1076
5,1374.3,0.1119
5,1375.3,0.1076
5,1376.3,0.1068
5,1377.3,0.1068
5,1379.3,0.1025
5,1380.3,0.1059
5,1381.3,0.1059
5,1382.3,0.1059
5,1383.3,0.1059
5,1384.3,0.1102
5,1385.3,0.1059
5,1386.4,0.1059
5,1387.4,0.1102
5,1388.4,0.1102
5,1389.4,0.1102
5,1390.4,0.1059
5,1391.4,0.1051
5,1392.4,0.1093
5,1393.4,0.1051
5,1394.4,0.1042
5,1395.4,0.1042
5,1396.4,0.1042
5,1397.5,0.1034
5,1399.5,0.1034
5,1400.5,0.1034
5,1401.5,0.1034
5,1402.5,0.1034
5,1403.5,0.1034
5,1404.5,0.0991
5,1405.5,0.0989
5,1406.5,0.1034
5,1407.5,0.0989
5,1408.5,0.0991
5,1409.5,0.0989
5,1410.5,0.1068
5,1411.6,0.1025
5,1412.6,0.0981
5,1413.6,0.1059
5,1414.6,0.1017
5,1415.6,0.0973
5,1416.6,0.1051
5,1417.6,0.1008
5,1419.6,0.0964
5,1420.6,0.0998
5,1421.6,0.0956
5,1422.7,0.0956
5,1423.7,0.0998
5,1424.7,0.0998
5,1425.7,0.0998
5,1426.7,0.0998
5,1427.7,0.1
5,1428.7,0.0998
5,1429.7,0.1
5,1430.7,0.0998
5,1431.7,0.0956
5,1432.8,0.0989
5,1433.8,0.0989
5,1434.8,0.0991
5,1435.8,0.0939
5,1436.8,0.0981
5,1437.8,0.0981
5,1439.8,0.0939
5,1440.8,0.0973
5,1441.8,0.093
5,1442.8,0.0973
5,1443.8,0.0974
5,1444.8,0.1017
5,1445.8,0.0973
5,1446.9,0.1017
5,1447.9,0.1017
5,1448.9,0.0973
5,1449.9,0.1017
5,1450.9,0.0973
5,1451.9,0.093
5,1452.9,0.0966
5,1453.9,0.0966
5,1454.9,0.0966
5,1455.9,0.0921
5,1456.9,0.0998
5,1457.9,0.0956
5,1459.9,0.0956
5,1461,0.0913
5,1462,0.0913
5,1463,0.0913
5,1464,0.0913
5,1465,0.0913
5,1466,0.0913
5,1467,0.0913
5,1468,0.0913
5,1469,0.0904
5,1470,0.0913
5,1471,0.0947
5,1472.1,0.0947
5,1473.1,0.0904
5,1474.1,0.0939
5,1475.1,0.0939
5,1476.1,0.0939
5,1477.1,0.0896
5,1478.1,0.093
5,1480.1,0.0973
5,1481.1,0.093
5,1482.1,0.093
5,1483.1,0.093
5,1484.2,0.093
5,1485.2,0.093
5,1486.2,0.093
5,1487.2,0.093
5,1488.2,0.093
5,1489.2,0.093
5,1490.2,0.093
5,1491.2,0.0887
5,1492.2,0.0921
5,1493.2,0.0966
5,1494.2,0.0921
5,1495.2,0.0879
5,1496.2,0.0913
5,1497.2,0.0956
5,1498.3,0.0913
5,1500.3,0.0913
5,1501.3,0.0904
5,1502.3,0.087
5,1503.3,0.087
5,1504.3,0.0904
5,1505.3,0.0904
5,1506.3,0.0904
5,1507.3,0.087
5,1508.3,0.087
5,1509.3,0.0904
5,1510.3,0.0904
5,1511.3,0.0947
5,1512.4,0.0904
5,1513.4,0.0904
5,1514.4,0.082
5,1515.4,0.0896
5,1516.4,0.0896
5,1517.4,0.0896
5,1518.4,0.0811
5,1520.4,0.0811
5,1521.4,0.0887
5,1522.4,0.0887
5,1523.4,0.0811
5,1524.4,0.0887
5,1525.4,0.0887
5,1526.4,0.093
5,1527.5,0.0887
5,1528.5,0.0887
5,1529.5,0.093
5,1530.5,0.093
5,1531.5,0.0887
5,1532.5,0.0887
5,1533.5,0.0801
5,1534.5,0.0801
5,1535.5,0.0921
5,1536.5,0.0879
5,1537.5,0.0879
5,1538.5,0.0828
5,1540.6,0.087
5,1541.6,0.087
5,1542.6,0.087
5,1543.6,0.087
5,1544.6,0.087
5,1545.6,0.087
5,1546.6,0.087
5,1547.6,0.087
5,1548.6,0.087
5,1549.7,0.087
5,1550.7,0.087
5,1551.7,0.0913
5,1552.7,0.087
5,1553.7,0.087
5,1554.7,0.0828
5,1555.7,0.082
5,1556.7,0.0836
5,1557.7,0.0818
5,1558.7,0.0836
5,1560.8,0.082
5,1561.8,0.082
5,1562.8,0.082
5,1563.8,0.082
5,1564.8,0.082
5,1565.8,0.082
5,1566.8,0.082
5,1567.8,0.082
5,1568.8,0.082
5,1569.9,0.0811
5,1570.9,0.0811
5,1571.9,0.0811
5,1572.9,0.0811
5,1573.9,0.0811
5,1574.9,0.0811
5,1575.9,0.0811
5,1576.9,0.0803
5,1577.9,0.0803
5,1578.9,0.0801
5,1581,0.0801
5,1582,0.0801
5,1583,0.0801
5,1584,0.0801
5,1585,0.0801
5,1586,0.0801
5,1587,0.0801
5,1588,0.0801
5,1589,0.0801
5,1590,0.0801
5,1591,0.0801
5,1592,0.0801
5,1593,0.0792
5,1594.1,0.0792
5,1595.1,0.0792
5,1596.1,0.0836
5,1597.1,0.0792
5,1598.1,0.0792
5,1599.1,0.0792
5,1601.1,0.0784
5,1602.1,0.0828
5,1603.1,0.0828
5,1604.1,0.0828
5,1605.1,0.087
5,1606.2,0.0828
5,1607.2,0.087
5,1608.2,0.0828
5,1609.2,0.087
5,1610.2,0.0828
5,1611.2,0.087
5,1612.2,0.087
5,1613.2,0.0828
5,1614.2,0.0828
5,1615.2,0.0784
5,1616.2,0.0784
5,1617.2,0.0775
5,1618.3,0.082
5,1619.3,0.0818
5,1621.3,0.082
5,1622.3,0.082
5,1623.3,0.082
5,1624.3,0.0818
5,1625.3,0.082
5,1626.3,0.082
5,1627.3,0.082
5,1628.3,0.082
5,1629.3,0.0818
5,1630.3,0.082
5,1631.3,0.082
5,1632.3,0.0775
5,1633.4,0.0775
5,1634.4,0.0767
5,1635.4,0.0767
5,1636.4,0.0811
5,1637.4,0.0811
5,1638.4,0.0811
5,1639.4,0.0767
5,1641.4,0.0767
5,1642.4,0.0767
5,1643.4,0.0767
5,1644.4,0.0767
5,1645.4,0.0767
5,1646.4,0.0767
5,1647.5,0.0758
5,1648.5,0.0767
5,1649.5,0.0758
5,1650.5,0.0758
5,1651.5,0.0758
5,1652.5,0.0758
5,1653.5,0.0758
5,1654.5,0.0803
5,1655.5,0.0801
5,1656.5,0.0801
5,1657.5,0.0801
5,1658.5,0.0758
5,1659.5,0.0758
5,1661.6,0.0792
5,1662.6,0.075
5,1663.6,0.0794
5,1664.6,0.075
5,1665.6,0.0792
5,1666.6,0.0792
5,1667.7,0.075
5,1668.7,0.0792
5,1669.7,0.0836
5,1670.7,0.0794
5,1671.7,0.0794
5,1672.7,0.0792
5,1673.7,0.0792
5,1674.7,0.0794
5,1675.7,0.0794
5,1676.7,0.075
5,1677.7,0.075
5,1678.7,0.0784
5,1679.7,0.0784
5,1681.7,0.0784
5,1682.8,0.0784
5,1683.8,0.0828
5,1684.8,0.0784
5,1685.8,0.0784
5,1686.8,0.0828
5,1687.8,0.0741
5,1688.8,0.0828
5,1689.8,0.0828
5,1690.8,0.0828
5,1691.8,0.0784
5,1692.8,0.0784
5,1693.9,0.0784
5,1694.9,0.0784
5,1695.9,0.0784
5,1696.9,0.0784
5,1697.9,0.0741
5,1698.9,0.0741
5,1699.9,0.0733
5,1701.9,0.0775
5,1702.9,0.0775
5,1703.9,0.0775
5,1704.9,0.0733
5,1705.9,0.0733
5,1707,0.0775
5,1708,0.0775
5,1709,0.0733
5,1710,0.0775
5,1711,0.0775
5,1712,0.0775
5,1713,0.0775
5,1714,0.0775
5,1715,0.0775
5,1716,0.0775
5,1717,0.0775
5,1718.1,0.0775
5,1719.1,0.0733
5,1720.1,0.0733
5,1722.1,0.0733
5,1723.1,0.0733
5,1724.1,0.0767
5,1725.1,0.0724
5,1726.1,0.0724
5,1727.1,0.0724
5,1728.2,0.0724
5,1729.2,0.0724
5,1730.2,0.0724
5,1731.2,0.0724
5,1732.2,0.0724
5,1733.2,0.0724
5,1734.3,0.0724
5,1735.3,0.0767
5,1736.3,0.0767
5,1737.3,0.0767
5,1738.3,0.0767
5,1739.3,0.0767
5,1740.3,0.0767
5,1742.3,0.0724
5,1743.3,0.0724
5,1744.3,0.0724
5,1745.3,0.0724
5,1746.3,0.0724
5,1747.3,0.0724
5,1748.3,0.0724
5,1749.4,0.0724
5,1750.4,0.0724
5,1751.4,0.0724
5,1752.4,0.0716
5,1753.4,0.0716
5,1754.4,0.0716
5,1755.4,0.0716
5,1756.4,0.0758
5,1757.4,0.0758
5,1758.4,0.0758
5,1759.4,0.0758
5,1761.4,0.0758
5,1762.4,0.0758
5,1763.5,0.0758
5,1764.5,0.0758
5,1765.5,0.0758
5,1766.5,0.0758
5,1767.5,0.0758
5,1768.5,0.0758
5,1769.5,0.0758
5,1770.5,0.0758
5,1771.5,0.0758
5,1772.5,0.0716
5,1773.5,0.0716
5,1774.5,0.0716
5,1775.5,0.0716
5,1776.5,0.0716
5,1777.5,0.0707
5,1778.6,0.075
5,1779.6,0.0792
5,1781.6,0.0794
5,1782.6,0.0794
5,1783.6,0.075
5,1784.6,0.0792
5,1785.6,0.0792
5,1786.6,0.075
5,1787.6,0.075
5,1788.6,0.0792
5,1789.6,0.0792
5,1790.7,0.0792
5,1791.7,0.075
5,1792.7,0.0792
5,1793.7,0.075
5,1794.7,0.075
5,1795.7,0.075
5,1796.7,0.075
5,1797.7,0.075
5,1798.7,0.0707
5,1799.7,0.0707
5,1801.7,0.0707
5,1802.7,0.0707
5,1803.7,0.0741
5,1804.7,0.0707
5,1805.8,0.0707
5,1806.8,0.0707
5,1807.8,0.0707
5,1808.8,0.0741
5,1809.8,0.0707
5,1810.8,0.0707
5,1811.8,0.0741
5,1812.8,0.0741
5,1813.8,0.0741
5,1814.8,0.0784
5,1815.8,0.0784
5,1816.8,0.0784
5,1817.8,0.0784
5,1818.9,0.0784
5,1819.9,0.0741
5,1821.9,0.0741
5,1822.9,0.0741
5,1823.9,0.0741
5,1824.9,0.0741
5,1825.9,0.0741
5,1826.9,0.0741
5,1827.9,0.0741
5,1828.9,0.0741
5,1829.9,0.0741
5,1831,0.0741
5,1832,0.0741
5,1833,0.0741
5,1834,0.0741
5,1835,0.0741
5,1836,0.0741
5,1837,0.0699
5,1838,0.0699
5,1839,0.0733
5,1840,0.0699
5,1842,0.0699
5,1843,0.0733
5,1844,0.0733
5,1845,0.0733
5,1846.1,0.0733
5,1847.1,0.0733
5,1848.1,0.0733
5,1849.1,0.069
5,1850.1,0.0733
5,1851.1,0.0733
5,1852.1,0.0733
5,1853.1,0.0775
5,1854.1,0.069
5,1855.1,0.0733
5,1856.1,0.0733
5,1857.1,0.0733
5,1858.1,0.0775
5,1860.2,0.0733
5,1861.2,0.0733
5,1862.2,0.0733
5,1863.2,0.0733
5,1864.2,0.0733
5,1865.2,0.0733
5,1866.2,0.0733
5,1867.2,0.0733
5,1868.2,0.0733
5,1869.2,0.0733
5,1870.2,0.0733
5,1871.2,0.0733
5,1872.3,0.0733
5,1873.3,0.0733
5,1874.3,0.0733
5,1875.3,0.0733
5,1876.3,0.0733
5,1877.3,0.069
5,1878.3,0.069
5,1880.3,0.069
5,1881.3,0.069
5,1882.3,0.0724
5,1883.3,0.069
5,1884.3,0.0682
5,1885.3,0.069
5,1886.3,0.069
5,1887.4,0.069
5,1888.4,0.069
5,1889.4,0.069
5,1890.4,0.069
5,1891.4,0.069
5,1892.4,0.0682
5,1893.4,0.0682
5,1894.4,0.0682
5,1895.4,0.0724
5,1896.4,0.0682
5,1897.4,0.0724
5,1898.4,0.0724
5,1900.4,0.0724
5,1901.5,0.0724
5,1902.5,0.0724
5,1903.5,0.0724
5,1904.5,0.0724
5,1905.5,0.0724
5,1906.5,0.0724
5,1907.5,0.0724
5,1908.5,0.0724
5,1909.5,0.0724
5,1910.5,0.0724
5,1911.5,0.0724
5,1912.5,0.0724
5,1913.6,0.0724
5,1914.6,0.0724
5,1915.6,0.0724
5,1916.6,0.0724
5,1917.6,0.0724
5,1918.6,0.0724
5,1920.6,0.0724
5,1921.6,0.0724
5,1922.6,0.0724
5,1923.6,0.0724
5,1924.6,0.0724
5,1925.6,0.0724
5,1926.6,0.0724
5,1927.7,0.0682
5,1928.7,0.0724
5,1929.7,0.0682
5,1930.7,0.0724
5,1931.7,0.0724
5,1932.7,0.0682
5,1933.7,0.0682
5,1934.7,0.0682
5,1935.7,0.0682
5,1936.7,0.0673
5,1937.7,0.0682
5,1938.7,0.0673
5,1940.8,0.0673
5,1941.8,0.0673
5,1942.8,0.0673
5,1943.8,0.0673
5,1944.8,0.0673
5,1945.8,0.0716
5,1946.8,0.0673
5,1947.8,0.0673
5,1948.8,0.0673
5,1949.8,0.0716
5,1950.8,0.0673
5,1951.8,0.0673
5,1952.9,0.0673
5,1953.9,0.0673
5,1954.9,0.0716
5,1955.9,0.0673
5,1956.9,0.0716
5,1957.9,0.0716
5,1958.9,0.0673
5,1960.9,0.0673
5,1961.9,0.0716
5,1962.9,0.0758
5,1963.9,0.0758
5,1965,0.0716
5,1966,0.0716
5,1967,0.0716
5,1968,0.0716
5,1969,0.0716
5,1970,0.0716
5,1971,0.0716
5,1972,0.0716
5,1973,0.0716
5,1974,0.0716
5,1975,0.0716
5,1976,0.0716
5,1977,0.0716
5,1978,0.0716
5,1979.1,0.0716
5,1981.1,0.0716
5,1982.1,0.0716
5,1983.1,0.0716
5,1984.1,0.0716
5,1985.1,0.0716
5,1986.1,0.0716
5,1987.1,0.0716
5,1988.1,0.0716
5,1989.1,0.0716
5,1990.1,0.0716
5,1991.1,0.0716
5,1992.1,0.0716
5,1993.1,0.0716
5,1994.1,0.0716
5,1995.1,0.0716
5,1996.2,0.0716
5,1997.2,0.0716
5,1998.2,0.0716
5,1999.2,0.0673
5,2001.2,0.0673
5,2002.2,0.0673
5,2003.2,0.0673
5,2004.2,0.0673
5,2005.2,0.0673
5,2006.2,0.0673
5,2007.2,0.0673
5,2008.2,0.0673
5,2009.2,0.0673
5,2010.3,0.0673
5,2011.3,0.0673
5,2012.3,0.0673
5,2013.3,0.0673
5,2014.3,0.0673
5,2015.3,0.0673
5,2016.3,0.0673
5,2017.3,0.0707
5,2018.3,0.0665
5,2019.3,0.0673
5,2021.3,0.0673
5,2022.3,0.0673
5,2023.4,0.0707
5,2024.4,0.0665
5,2025.4,0.0707
5,2026.4,0.0665
5,2027.4,0.0665
5,2028.4,0.0665
5,2029.4,0.0665
5,2030.4,0.0665
5,2031.4,0.0707
5,2032.4,0.0665
5,2033.4,0.0707
5,2034.4,0.0707
5,2035.4,0.0707
5,2036.4,0.0707
5,2037.5,0.075
5,2038.5,0.0707
5,2039.5,0.0707
5,2041.5,0.075
5,2042.5,0.075
5,2043.5,0.075
5,2044.5,0.075
5,2045.5,0.0707
5,2046.5,0.0707
5,2047.5,0.075
5,2048.5,0.075
5,2049.5,0.0707
5,2050.5,0.0707
5,2051.6,0.0707
5,2052.6,0.0707
5,2053.6,0.075
5,2054.6,0.0707
5,2055.6,0.0707
5,2056.6,0.075
5,2057.6,0.0707
5,2058.6,0.0707
5,2059.6,0.0707
5,2061.6,0.075
5,2062.6,0.0707
5,2063.7,0.0707
5,2064.7,0.0707
5,2065.7,0.0707
5,2066.7,0.075
5,2067.7,0.0707
5,2068.7,0.0707
5,2069.7,0.0707
5,2070.7,0.0707
5,2071.7,0.0707
5,2072.7,0.0707
5,2073.7,0.0707
5,2074.7,0.075
5,2075.8,0.0707
5,2076.8,0.0707
5,2077.8,0.0707
5,2078.8,0.0707
5,2079.8,0.0707
5,2081.8,0.0707
5,2082.8,0.0707
5,2083.8,0.0707
5,2084.8,0.0707
5,2085.8,0.0707
5,2086.8,0.0707
5,2087.8,0.0707
5,2088.9,0.075
5,2089.9,0.0707
5,2090.9,0.0707
5,2091.9,0.0707
5,2092.9,0.0707
5,2093.9,0.0707
5,2094.9,0.0707
5,2095.9,0.0707
5,2096.9,0.0707
5,2097.9,0.0707
5,2098.9,0.0707
5,2099.9,0.0707
5,2102,0.0707
5,2103,0.0707
5,2104,0.0707
5,2105,0.0707
5,2106,0.0707
5,2107,0.0707
5,2108,0.0707
5,2109,0.0707
5,2110,0.0707
5,2111,0.0707
5,2112,0.0707
5,2113,0.0707
5,2114.1,0.0707
5,2115.1,0.0707
5,2116.1,0.0707
5,2117.1,0.0707
5,2118.1,0.0707
5,2119.1,0.0707
5,2120.1,0.0707
5,2122.1,0.0707
5,2123.1,0.0707
5,2124.1,0.0707
5,2125.1,0.0707
5,2126.1,0.0707
5,2127.1,0.0707
5,2128.1,0.0707
5,2129.2,0.0707
5,2130.2,0.0707
5,2131.2,0.0707
5,2132.2,0.0707
5,2133.2,0.0707
5,2134.2,0.0707
5,2135.2,0.0665
5,2136.2,0.0665
5,2137.2,0.0665
5,2138.2,0.0665
5,2139.3,0.0707
5,2140.3,0.0665
5,2142.3,0.0665
5,2143.3,0.0699
5,2144.3,0.0665
5,2145.3,0.0665
5,2146.3,0.0665
5,2147.3,0.0665
5,2148.3,0.0665
5,2149.3,0.0665
5,2150.4,0.0665
5,2151.4,0.0665
5,2152.4,0.0665
5,2153.4,0.0665
5,2154.4,0.0665
5,2155.4,0.0665
5,2156.4,0.0665
5,2157.4,0.0665
5,2158.4,0.0699
5,2159.5,0.0699
5,2160.5,0.0665
5,2162.5,0.0699
5,2163.5,0.0699
5,2164.5,0.0665
5,2165.5,0.0665
5,2166.5,0.0699
5,2167.5,0.0665
5,2168.5,0.0699
5,2169.6,0.0665
5,2170.6,0.0665
5,2171.6,0.0665
5,2172.6,0.0665
5,2173.6,0.0665
5,2174.6,0.0665
5,2175.6,0.0699
5,2176.6,0.0699
5,2177.6,0.0665
5,2178.6,0.0699
5,2179.7,0.0665
5,2181.7,0.0665
5,2182.7,0.0656
5,2183.7,0.0665
5,2184.7,0.0665
5,2185.7,0.0656
5,2186.7,0.0699
5,2187.7,0.0665
5,2188.7,0.0699
5,2189.7,0.0665
5,2190.7,0.0665
5,2191.7,0.0699
5,2192.8,0.0665
5,2193.8,0.0665
5,2194.8,0.0699
5,2195.8,0.0699
5,2196.8,0.0656
5,2197.8,0.0699
5,2198.8,0.0699
5,2199.8,0.0699
5,2201.8,0.0665
5,2202.8,0.0656
5,2203.8,0.0699
5,2204.9,0.0665
5,2205.9,0.0699
5,2206.9,0.0699
5,2207.9,0.0656
5,2208.9,0.0665
5,2209.9,0.0699
5,2210.9,0.0656
5,2211.9,0.0699
5,2212.9,0.0699
5,2213.9,0.0699
5,2214.9,0.0699
5,2215.9,0.0656
5,2216.9,0.0699
5,2217.9,0.0699
5,2219,0.0699
5,2221,0.0699
5,2222,0.0699
5,2223,0.0699
5,2224,0.0699
5,2225,0.0699
5,2226,0.0699
5,2227,0.0699
5,2228,0.0699
5,2229,0.0656
5,2230,0.0699
5,2231,0.0699
5,2232,0.0699
5,2233,0.0699
5,2234.1,0.0741
5,2235.1,0.0699
5,2236.1,0.0741
5,2237.1,0.0741
5,2238.1,0.0699
5,2239.1,0.0699
5,2241.1,0.0741
5,2242.1,0.0741
5,2243.1,0.0741
5,2244.1,0.0741
5,2245.1,0.0741
5,2246.1,0.0741
5,2247.1,0.0741
5,2248.2,0.0741
5,2249.2,0.0741
5,2250.2,0.0656
5,2251.2,0.0741
5,2252.2,0.0699
5,2253.2,0.0741
5,2254.2,0.0699
5,2255.2,0.0741
5,2256.2,0.0699
5,2257.2,0.0741
5,2258.2,0.0741
5,2259.2,0.0741
5,2261.3,0.0741
5,2262.3,0.0699
5,2263.3,0.0699
5,2264.3,0.0699
5,2265.3,0.0741
5,2266.3,0.0741
5,2267.3,0.0699
5,2268.3,0.0741
5,2269.3,0.0699
5,2270.3,0.0741
5,2271.3,0.0741
5,2272.3,0.0741
5,2273.4,0.0741
5,2274.4,0.0741
5,2275.4,0.0699
5,2276.4,0.0741
5,2277.4,0.0741
5,2278.4,0.0741
5,2279.4,0.0699
5,2281.4,0.0741
5,2282.4,0.0699
5,2283.4,0.0699
5,2284.4,0.0699
5,2285.5,0.0699
5,2286.5,0.0741
5,2287.5,0.0741
5,2288.5,0.0699
5,2289.5,0.0741
5,2290.5,0.0741
5,2291.5,0.0699
5,2292.5,0.0741
5,2293.5,0.0699
5,2294.5,0.0741
5,2295.5,0.0741
5,2296.5,0.0741
5,2297.5,0.0741
5,2298.6,0.0699
5,2299.6,0.0699
5,2301.6,0.0741
5,2302.6,0.0699
5,2303.6,0.0699
5,2304.6,0.0741
5,2305.6,0.0741
5,2306.6,0.0741
5,2307.6,0.0699
5,2308.6,0.0699
5,2309.6,0.0741
5,2310.7,0.0741
5,2311.7,0.0741
5,2312.7,0.0741
5,2313.7,0.0741
5,2314.7,0.0741
5,2315.7,0.0699
5,2316.7,0.0741
5,2317.7,0.0699
5,2318.7,0.0699
5,2319.7,0.0741
5,2321.7,0.0741
5,2322.7,0.0699
5,2323.7,0.0699
5,2324.7,0.0699
5,2325.7,0.0741
5,2326.8,0.0741
5,2327.8,0.0699
5,2328.8,0.0699
5,2329.8,0.0741
5,2330.8,0.0699
5,2331.8,0.0741
5,2332.8,0.0741
5,2333.8,0.0699
5,2334.8,0.0741
5,2335.8,0.0741
5,2336.8,0.0699
5,2337.9,0.0699
5,2338.9,0.0741
5,2340.9,0.0699
5,2341.9,0.0699
5,2342.9,0.0741
5,2343.9,0.0699
5,2344.9,0.0699
5,2345.9,0.0699
5,2346.9,0.0741
5,2347.9,0.0699
5,2349,0.0699
5,2350,0.0699
5,2351,0.0699
5,2352,0.0699
5,2353,0.0699
5,2354,0.0699
5,2355,0.0699
5,2356,0.0699
5,2357,0.0699
5,2358.1,0.0699
5,2359.1,0.0699
5,2361.1,0.0699
5,2362.1,0.0699
5,2363.1,0.0741
5,2364.1,0.0699
5,2365.1,0.0699
5,2366.1,0.0699
5,2367.1,0.0699
5,2368.2,0.0741
5,2369.2,0.0699
5,2370.2,0.0699
5,2371.2,0.0741
5,2372.2,0.0699
5,2373.2,0.0699
5,2374.2,0.0699
5,2375.2,0.0699
5,2376.2,0.0699
5,2377.2,0.0741
5,2378.2,0.0699
5,2379.2,0.0699
5,2381.3,0.0699
5,2382.3,0.0699
5,2383.3,0.0699
5,2384.3,0.0699
5,2385.3,0.0699
5,2386.3,0.0699
5,2387.3,0.0699
5,2388.3,0.0741
5,2389.3,0.0699
5,2390.4,0.0699
5,2391.4,0.0699
5,2392.4,0.0699
5,2393.4,0.0699
5,2394.4,0.0699
5,2395.4,0.0699
5,2396.4,0.0699
5,2397.4,0.0699
5,2398.4,0.0699
5,2399.4,0.0699
5,2401.4,0.0699
5,2402.4,0.0699
5,2403.5,0.0699
5,2404.5,0.0699
5,2405.5,0.0699
5,2406.5,0.0699
5,2407.5,0.0699
5,2408.5,0.0699
5,2409.5,0.0699
5,2410.5,0.0699
5,2411.6,0.0699
5,2412.6,0.0699
5,2413.6,0.0699
5,2414.6,0.0699
5,2415.6,0.0699
5,2416.6,0.0699
5,2417.6,0.0699
5,2418.6,0.0699
5,2419.6,0.0699
5,2421.6,0.0699
5,2422.6,0.0699
5,2423.6,0.0699
5,2424.6,0.0699
5,2425.6,0.0699
5,2426.6,0.0699
5,2427.7,0.0699
5,2428.7,0.0699
5,2429.7,0.0699
5,2430.7,0.0699
5,2431.7,0.0699
5,2432.7,0.0699
5,2433.7,0.0699
5,2434.7,0.0699
5,2435.7,0.0699
5,2436.7,0.0699
5,2437.7,0.0699
5,2439.7,0.0699
5,2440.7,0.0699
5,2441.7,0.0699
5,2442.8,0.0699
5,2443.8,0.0699
5,2444.8,0.0699
5,2445.8,0.0699
5,2446.8,0.0699
5,2447.8,0.0699
5,2448.8,0.0699
5,2449.8,0.0699
5,2450.8,0.0699
5,2451.8,0.0699
5,2452.8,0.0699
5,2453.8,0.0699
5,2454.8,0.0699
5,2455.9,0.0699
5,2456.9,0.0699
5,2457.9,0.0699
5,2459.9,0.0699
5,2460.9,0.0699
5,2461.9,0.0699
5,2462.9,0.0699
5,2463.9,0.0699
5,2464.9,0.0699
5,2465.9,0.0699
5,2466.9,0.0699
5,2467.9,0.0699
5,2469,0.0699
5,2470,0.0699
5,2471,0.0699
5,2472,0.0699
5,2473,0.0699
5,2474,0.0699
5,2475,0.0699
5,2476,0.0699
5,2477,0.0699
5,2478,0.0699
5,2480,0.0699
5,2481.1,0.0699
5,2482.1,0.0699
5,2483.1,0.0699
5,2484.1,0.0699
5,2485.1,0.0699
5,2486.1,0.0699
5,2487.1,0.0699
5,2488.1,0.0699
5,2489.1,0.0699
5,2490.1,0.0699
5,2491.2,0.0699
5,2492.2,0.0699
5,2493.2,0.0699
5,2494.2,0.0699
5,2495.2,0.0699
5,2496.2,0.0699
5,2497.2,0.0699
5,2498.2,0.0699
5,2500.2,0.0699
5,2501.2,0.0699
5,2502.2,0.0699
5,2503.2,0.0699
5,2504.2,0.0699
5,2505.3,0.0699
5,2506.3,0.0699
5,2507.3,0.0699
5,2508.3,0.0699
5,2509.3,0.0699
5,2510.3,0.0699
5,2511.3,0.0699
5,2512.3,0.0699
5,2513.3,0.0699
5,2514.3,0.0699
5,2515.3,0.0699
5,2516.3,0.0699
5,2517.4,0.0699
5,2518.4,0.0699
5,2520.4,0.0699
5,2521.4,0.0699
5,2522.4,0.0699
5,2523.4,0.0699
5,2524.4,0.0699
5,2525.4,0.0699
5,2526.4,0.0699
5,2527.4,0.0699
5,2528.4,0.0699
5,2529.5,0.0699
5,2530.5,0.0699
5,2531.5,0.0699
5,2532.5,0.0699
5,2533.5,0.0699
5,2534.5,0.0699
5,2535.5,0.0699
5,2536.5,0.0699
5,2537.5,0.0699
5,2538.5,0.0656
5,2540.6,0.0656
5,2541.6,0.0699
5,2542.6,0.0699
5,2543.6,0.0699
5,2544.6,0.0699
5,2545.6,0.0699
5,2546.6,0.0699
5,2547.6,0.0699
5,2548.6,0.0699
5,2549.6,0.0656
5,2550.6,0.0699
5,2551.6,0.0699
5,2552.6,0.0699
5,2553.7,0.0699
5,2554.7,0.0699
5,2555.7,0.0656
5,2556.7,0.0656
5,2557.7,0.0656
5,2558.7,0.0656
5,2560.7,0.069
5,2561.7,0.0656
5,2562.7,0.0699
5,2563.7,0.0656
5,2564.8,0.0699
5,2565.8,0.0656
5,2566.8,0.0656
5,2567.8,0.0656
5,2568.8,0.0656
5,2569.8,0.0656
5,2570.9,0.0656
5,2571.9,0.0656
5,2572.9,0.0656
5,2574.1,0.0656
5,2575.1,0.0656
5,2576.1,0.0656
5,2577.1,0.0656
5,2578.1,0.0656
5,2579.1,0.0656
5,2580.1,0.0656
5,2581.1,0.0656
5,2583.1,0.069
5,2584.2,0.0656
5,2585.2,0.0656
5,2586.2,0.0656
5,2587.2,0.0656
5,2588.2,0.0656
5,2589.2,0.0656
5,2590.2,0.0656
5,2591.2,0.0656
5,2592.2,0.069
5,2593.2,0.0656
5,2594.3,0.0656
5,2595.3,0.069
5,2596.3,0.0656
5,2597.3,0.0656
5,2598.3,0.0656
5,2599.3,0.0656
5,2600.3,0.0656
5,2601.3,0.0656
5,2603.3,0.069
5,2604.3,0.0656
5,2605.3,0.0656
5,2606.3,0.069
5,2607.4,0.0656
5,2608.4,0.0656
5,2609.4,0.069
5,2610.4,0.0656
5,2611.4,0.0656
5,2612.4,0.0656
5,2613.4,0.069
5,2614.4,0.069
5,2615.4,0.0656
5,2616.4,0.0656
5,2617.4,0.0656
5,2618.5,0.069
5,2619.5,0.0656
5,2620.5,0.0656
5,2622.5,0.0656
5,2623.5,0.0656
5,2624.5,0.069
5,2625.5,0.0656
5,2626.5,0.0656
5,2627.5,0.0656
5,2628.5,0.0656
5,2629.5,0.0656
5,2630.5,0.0656
5,2631.5,0.0656
5,2632.5,0.0656
5,2633.5,0.069
5,2634.6,0.069
5,2635.6,0.0656
5,2636.6,0.0656
5,2637.6,0.069
5,2638.6,0.069
5,2639.6,0.0656
5,2641.6,0.069
5,2642.6,0.0648
5,2643.6,0.0656
5,2644.6,0.0656
5,2645.6,0.0656
5,2646.6,0.0656
5,2647.7,0.069
5,2648.7,0.0656
5,2649.7,0.0656
5,2650.7,0.069
5,2651.7,0.0656
5,2652.7,0.0656
5,2653.7,0.069
5,2654.7,0.069
5,2655.7,0.069
5,2656.7,0.069
5,2657.8,0.0656
5,2658.8,0.069
5,2659.8,0.0656
5,2661.8,0.0656
5,2662.8,0.0656
5,2663.8,0.0656
5,2664.8,0.0656
5,2665.8,0.0656
5,2666.8,0.069
5,2667.8,0.0656
5,2668.8,0.069
5,2669.9,0.0656
5,2670.9,0.0656
5,2671.9,0.0656
5,2672.9,0.069
5,2673.9,0.0656
5,2674.9,0.0656
5,2675.9,0.069
5,2676.9,0.0656
5,2677.9,0.069
5,2678.9,0.0656
5,2679.9,0.0656
5,2681.9,0.0656
5,2683,0.0656
5,2684,0.0656
5,2685,0.0614
5,2686,0.0656
5,2687,0.0648
5,2688,0.0656
5,2689,0.0648
5,2690,0.0656
5,2691,0.069
5,2692,0.0656
5,2693,0.0656
5,2694.1,0.0656
5,2695.1,0.0648
5,2696.1,0.0656
5,2697.1,0.0656
5,2698.1,0.0656
5,2699.1,0.0656
5,2700.1,0.0656
5,2702.1,0.069
5,2703.2,0.069
5,2704.2,0.0656
5,2705.2,0.0656
5,2706.2,0.069
5,2707.2,0.069
5,2708.3,0.0648
5,2709.3,0.0656
5,2710.3,0.069
5,2711.3,0.0656
5,2712.3,0.0656
5,2713.3,0.0656
5,2714.3,0.0648
5,2715.3,0.0656
5,2716.3,0.0656
5,2717.3,0.0656
5,2718.3,0.0648
5,2719.3,0.0656
5,2720.3,0.069
5,2722.3,0.0648
5,2723.3,0.0656
5,2724.4,0.0656
5,2725.4,0.0656
5,2726.4,0.0656
5,2727.4,0.069
5,2728.4,0.0656
5,2729.4,0.0656
5,2730.4,0.0656
5,2731.4,0.0656
5,2732.4,0.069
5,2733.4,0.0656
5,2734.4,0.0656
5,2735.4,0.069
5,2736.5,0.069
5,2737.5,0.069
5,2738.5,0.0656
5,2739.5,0.0656
5,2740.5,0.0648
5,2742.5,0.0656
5,2743.5,0.0656
5,2744.5,0.069
5,2745.5,0.069
5,2746.5,0.0656
5,2747.5,0.0648
5,2748.5,0.0648
5,2749.5,0.069
5,2750.5,0.0648
5,2751.6,0.0656
5,2752.6,0.069
5,2753.6,0.069
5,2754.6,0.069
5,2755.6,0.0656
5,2756.6,0.0656
5,2757.6,0.0656
5,2758.6,0.0648
5,2759.6,0.0648
5,2760.6,0.069
5,2762.6,0.069
5,2763.6,0.069
5,2764.6,0.0648
5,2765.7,0.0648
5,2766.7,0.0648
5,2767.7,0.0648
5,2768.7,0.069
5,2769.7,0.0648
5,2770.7,0.069
5,2771.7,0.0648
5,2772.7,0.0648
5,2773.7,0.0648
5,2774.7,0.069
5,2775.8,0.069
5,2776.8,0.069
5,2777.8,0.069
5,2778.8,0.0648
5,2779.8,0.069
5,2780.8,0.0648
5,2782.8,0.0648
5,2783.8,0.0648
5,2784.8,0.0648
5,2785.8,0.069
5,2786.8,0.069
5,2787.8,0.069
5,2788.9,0.069
7,2789.9,0.0648
7,2790.9,0.0648
7,2791.9,0.0648
7,2792.9,0.069
7,2793.9,0.0648
7,2794.9,0.069
7,2795.9,0.0648
7,2796.9,0.0648
7,2797.9,0.0648
7,2798.9,0.0699
7,2799.9,0.0656
7,2800.9,0.0699
7,2802.9,0.0707
7,2804,0.075
7,2805,0.0665
7,2806,0.0665
7,2807,0.0707
7,2808,0.0707
7,2809,0.0707
7,2810,0.0631
7,2811,0.0707
7,2812,0.0665
7,2813,0.0707
7,2814,0.0716
7,2815.1,0.0673
7,2816.1,0.0724
7,2817.1,0.0767
7,2818.1,0.069
7,2819.1,0.0733
7,2820.1,0.069
7,2821.1,0.0699
7,2823.1,0.0741
7,2824.1,0.0784
7,2825.1,0.0784
7,2826.1,0.0784
7,2827.2,0.0784
7,2828.2,0.0786
7,2829.2,0.0784
7,2830.2,0.0741
7,2831.2,0.0786
7,2832.2,0.0741
7,2833.2,0.0786
7,2834.2,0.0707
7,2835.2,0.075
7,2836.2,0.0707
7,2837.3,0.0758
7,2838.3,0.0803
7,2839.3,0.0716
7,2840.3,0.0767
7,2841.3,0.0724
7,2843.3,0.0733
7,2844.3,0.0733
7,2845.3,0.0775
7,2846.3,0.0733
7,2847.4,0.0777
7,2848.4,0.0733
7,2849.4,0.0777
7,2850.4,0.0733
7,2851.4,0.0777
7,2852.5,0.0777
7,2853.5,0.0777
7,2854.5,0.0777
7,2855.5,0.0775
7,2856.5,0.0784
7,2857.5,0.0828
7,2858.5,0.0741
7,2859.5,0.0794
7,2860.5,0.0836
7,2861.5,0.0794
7,2863.5,0.076
7,2864.5,0.076
7,2865.5,0.0803
7,2866.5,0.0803
7,2867.5,0.0803
7,2868.5,0.0803
7,2869.6,0.0803
7,2870.6,0.0803
7,2871.6,0.0803
7,2872.6,0.0803
7,2873.6,0.0803
7,2874.6,0.0716
7,2875.6,0.0767
7,2876.6,0.0811
7,2877.6,0.0811
7,2878.6,0.0769
7,2879.6,0.0777
7,2880.7,0.082
7,2881.7,0.082
7,2883.7,0.0784
7,2884.7,0.0786
7,2885.7,0.0828
7,2886.7,0.0828
7,2887.7,0.0828
7,2888.7,0.0828
7,2889.7,0.0828
7,2890.8,0.0828
7,2891.8,0.0828
7,2892.8,0.0828
7,2893.8,0.0828
7,2894.8,0.087
7,2895.8,0.087
7,2896.8,0.0794
7,2897.8,0.0794
7,2898.8,0.0794
7,2899.8,0.0794
7,2900.9,0.0803
7,2901.9,0.0803
7,2903.9,0.0803
7,2904.9,0.0803
7,2905.9,0.0803
7,2906.9,0.0803
7,2907.9,0.0803
7,2908.9,0.0803
7,2909.9,0.0803
7,2910.9,0.0767
7,2911.9,0.0803
7,2912.9,0.0803
7,2914,0.0769
7,2915,0.0811
7,2916,0.0811
7,2917,0.0811
7,2918,0.0811
7,2919,0.082
7,2920,0.0836
7,2921,0.082
7,2922,0.082
7,2924,0.0828
7,2925.1,0.087
7,2926.1,0.087
7,2927.1,0.087
7,2928.1,0.087
7,2929.1,0.087
7,2930.1,0.087
7,2931.1,0.087
7,2932.1,0.087
7,2933.1,0.087
7,2934.1,0.087
7,2935.1,0.0913
7,2936.1,0.087
7,2937.1,0.0828
7,2938.1,0.0879
7,2939.2,0.0879
7,2940.2,0.0921
7,2941.2,0.0836
7,2942.2,0.0803
7,2944.2,0.0887
7,2945.2,0.0887
7,2946.2,0.0887
7,2947.2,0.0887
7,2948.2,0.0887
7,2949.2,0.0887
7,2950.2,0.0887
7,2951.2,0.0887
7,2952.3,0.0887
7,2953.3,0.0887
7,2954.3,0.0887
7,2955.3,0.0887
7,2956.3,0.0811
7,2957.3,0.0811
7,2958.3,0.0896
7,2959.3,0.0896
7,2960.3,0.0896
7,2961.3,0.082
7,2962.3,0.082
7,2964.3,0.0904
7,2965.3,0.0904
7,2966.3,0.0904
7,2967.3,0.0904
7,2968.4,0.0904
7,2969.4,0.0904
7,2970.4,0.0904
7,2971.4,0.0904
7,2972.4,0.0904
7,2973.4,0.0904
7,2974.4,0.0904
7,2975.4,0.0904
7,2976.4,0.0904
7,2977.4,0.087
7,2978.4,0.0913
7,2979.5,0.0913
7,2980.5,0.0913
7,2981.5,0.0913
7,2982.5,0.0879
7,2984.5,0.0879
7,2985.5,0.0921
7,2986.5,0.0921
7,2987.5,0.0921
7,2988.5,0.0921
7,2989.5,0.0921
7,2990.5,0.0921
7,2991.5,0.0921
7,2992.5,0.0921
7,2993.5,0.0921
7,2994.5,0.0921
7,2995.6,0.0921
7,2996.6,0.0966
7,2997.6,0.0879
7,2998.6,0.0887
7,2999.6,0.093
7,3000.6,0.0932
7,3001.6,0.093
7,3002.6,0.0887
7,3004.6,0.0887
7,3005.7,0.0896
7,3006.7,0.0896
7,3007.7,0.0896
7,3008.7,0.0896
7,3009.7,0.0896
7,3010.7,0.0896
7,3011.7,0.0896
7,3012.7,0.0896
7,3013.7,0.0896
7,3014.7,0.0896
7,3015.8,0.0939
7,3016.8,0.094
7,3017.8,0.0939
7,3018.8,0.0896
7,3019.8,0.0904
7,3020.8,0.0904
7,3021.8,0.0949
7,3022.8,0.0947
7,3024.9,0.0949
7,3025.9,0.0949
7,3026.9,0.0949
7,3028,0.0949
7,3029,0.0949
7,3030,0.0949
7,3031,0.0949
7,3032,0.0949
7,3033,0.0949
7,3034,0.0949
7,3035,0.0947
7,3036,0.0904
7,3037,0.0913
7,3038,0.0957
7,3039,0.0957
7,3040,0.0957
7,3041,0.0957
7,3042,0.0957
7,3043,0.0913
7,3045,0.0921
7,3046.1,0.0921
7,3047.1,0.0966
7,3048.1,0.0921
7,3049.1,0.0966
7,3050.1,0.0966
7,3051.1,0.0921
7,3052.1,0.0966
7,3053.1,0.0966
7,3054.1,0.0966
7,3055.1,0.0966
7,3056.1,0.0966
7,3057.1,0.0966
7,3058.1,0.1008
7,3059.1,0.0966
7,3060.2,0.0966
7,3061.2,0.0932
7,3062.2,0.093
7,3063.2,0.0974
7,3065.2,0.0974
7,3066.2,0.0974
7,3067.2,0.0974
7,3068.2,0.0974
7,3069.2,0.0974
7,3070.2,0.0974
7,3071.2,0.0974
7,3072.2,0.0974
7,3073.2,0.0974
7,3074.3,0.0974
7,3075.3,0.0974
7,3076.3,0.0974
7,3077.3,0.0974
7,3078.3,0.0939
7,3079.3,0.0939
7,3080.3,0.0983
7,3081.3,0.0983
7,3082.3,0.0983
7,3083.3,0.0983
7,3085.3,0.0983
7,3086.3,0.0981
7,3087.3,0.0983
7,3088.3,0.0983
7,3089.4,0.0983
7,3090.4,0.0983
7,3091.4,0.0983
7,3092.4,0.0939
7,3093.4,0.0983
7,3094.4,0.0939
7,3095.4,0.0983
7,3096.4,0.0949
7,3097.4,0.0949
7,3098.4,0.0991
7,3099.4,0.0991
7,3100.4,0.0991
7,3101.4,0.0991
7,3102.5,0.0991
7,3103.5,0.0991
7,3105.5,0.0956
7,3106.5,0.0956
7,3107.5,0.0956
7,3108.5,0.0957
7,3109.5,0.0957
7,3110.5,0.0956
7,3111.5,0.0957
7,3112.5,0.0956
7,3113.5,0.0957
7,3114.5,0.0957
7,3115.6,0.0957
7,3116.6,0.1
7,3117.6,0.1
7,3118.6,0.1
7,3119.6,0.1
7,3120.6,0.1042
7,3121.6,0.1042
7,3122.6,0.1
7,3123.6,0.1
7,3125.6,0.1
7,3126.6,0.0966
7,3127.7,0.0966
7,3128.7,0.0966
7,3129.7,0.0966
7,3130.7,0.0966
7,3131.7,0.0966
7,3132.7,0.0966
7,3133.7,0.0966
7,3134.7,0.0966
7,3135.7,0.0966
7,3136.7,0.1008
7,3137.7,0.1008
7,3138.8,0.1008
7,3139.8,0.1051
7,3140.8,0.1051
7,3141.8,0.1008
7,3142.8,0.1008
7,3143.8,0.0974
7,3145.8,0.0974
7,3146.8,0.0974
7,3147.8,0.0974
7,3148.8,0.0974
7,3149.9,0.0974
7,3150.9,0.0974
7,3151.9,0.0974
7,3152.9,0.0974
7,3153.9,0.0974
7,3154.9,0.0974
7,3155.9,0.1017
7,3156.9,0.1017
7,3157.9,0.1017
7,3158.9,0.1017
7,3159.9,0.1059
7,3160.9,0.1059
7,3161.9,0.1059
7,3162.9,0.1017
7,3163.9,0.1017
7,3165.9,0.0983
7,3167,0.0983
7,3168,0.0983
7,3169,0.0983
7,3170,0.0983
7,3171,0.0983
7,3172,0.0983
7,3173,0.0983
7,3174,0.0981
7,3175,0.0983
7,3176,0.0981
7,3177,0.1025
7,3178.1,0.1025
7,3179.1,0.1025
7,3180.1,0.1025
7,3181.1,0.1068
7,3182.1,0.1068
7,3183.1,0.1025
7,3184.1,0.1025
7,3186.1,0.0991
7,3187.1,0.0991
7,3188.1,0.0991
7,3189.1,0.0991
7,3190.1,0.0991
7,3191.1,0.0991
7,3192.1,0.0991
7,3193.1,0.0991
7,3194.2,0.0991
7,3195.2,0.0991
7,3196.2,0.0991
7,3197.2,0.0991
7,3198.2,0.1034
7,3199.2,0.1034
7,3200.2,0.1034
7,3201.2,0.1034
7,3202.2,0.1076
7,3203.2,0.1076
7,3204.2,0.1034
7,3206.2,0.1034
7,3207.2,0.1034
7,3208.2,0.1034
7,3209.3,0.1034
7,3210.3,0.1034
7,3211.3,0.1034
7,3212.3,0.1
7,3213.3,0.0991
7,3214.3,0.0991
7,3215.3,0.0991
7,3216.3,0.0991
7,3217.3,0.1
7,3218.3,0.1
7,3219.3,0.1042
7,3220.3,0.1042
7,3221.3,0.1042
7,3222.4,0.1042
7,3223.4,0.1085
7,3224.4,0.1085
7,3226.4,0.1085
7,3227.4,0.1085
7,3228.4,0.1085
7,3229.4,0.1085
7,3230.4,0.1085
7,3231.4,0.1085
7,3232.5,0.1085
7,3233.5,0.1085
7,3234.5,0.1085
7,3235.5,0.1085
7,3236.5,0.1085
7,3237.5,0.1042
7,3238.5,0.1042
7,3239.5,0.1042
7,3240.5,0.1042
7,3241.5,0.1051
7,3242.5,0.1051
7,3243.5,0.1051
7,3244.5,0.1051
7,3246.5,0.1051
7,3247.6,0.1051
7,3248.6,0.1051
7,3249.6,0.1051
7,3250.6,0.1051
7,3251.6,0.1051
7,3252.6,0.1051
7,3253.6,0.1051
7,3254.6,0.1093
7,3255.6,0.1051
7,3256.6,0.1093
7,3257.6,0.1093
7,3258.7,0.1093
7,3259.7,0.1093
7,3260.7,0.1051
7,3261.7,0.1051
7,3262.7,0.1051
7,3263.7,0.1017
7,3264.7,0.1017
7,3266.7,0.1017
7,3267.7,0.1059
7,3268.7,0.1059
7,3269.7,0.1059
7,3270.8,0.1059
7,3271.8,0.1059
7,3272.8,0.1059
7,3273.8,0.1059
7,3274.8,0.1059
7,3275.8,0.1059
7,3276.8,0.1059
7,3277.8,0.1059
7,3278.8,0.1059
7,3279.8,0.1059
7,3280.8,0.1059
7,3281.8,0.1102
7,3282.9,0.1102
7,3283.9,0.1102
7,3284.9,0.1102
7,3286.9,0.1059
7,3287.9,0.1059
7,3288.9,0.1059
7,3289.9,0.1059
7,3290.9,0.1059
7,3291.9,0.1059
7,3292.9,0.1059
7,3293.9,0.1059
7,3294.9,0.1059
7,3295.9,0.1059
7,3296.9,0.1059
7,3298,0.1059
7,3299,0.1025
7,3300,0.1025
7,3301,0.1025
7,3302,0.1068
7,3303,0.1068
7,3304,0.1068
7,3305,0.1068
7,3307,0.1068
7,3308,0.1068
7,3309,0.1068
7,3310,0.1068
7,3311.1,0.111
7,3312.1,0.111
7,3313.1,0.1068
7,3314.1,0.111
7,3315.1,0.111
7,3316.1,0.111
7,3317.1,0.111
7,3318.1,0.111
7,3319.1,0.111
7,3320.1,0.111
7,3321.1,0.1068
7,3322.1,0.1068
7,3323.2,0.1068
7,3324.2,0.1068
7,3325.2,0.1034
7,3327.2,0.1034
7,3328.2,0.1034
7,3329.2,0.1034
7,3330.2,0.1034
7,3331.2,0.1034
7,3332.2,0.1034
7,3333.2,0.1034
7,3334.2,0.1034
7,3335.2,0.1034
7,3336.3,0.1034
7,3337.3,0.1034
7,3338.3,0.1076
7,3339.3,0.1076
7,3340.3,0.1076
7,3341.3,0.1076
7,3342.3,0.1076
7,3343.3,0.1076
7,3344.3,0.1119
7,3345.3,0.1119
7,3347.3,0.1119
7,3348.4,0.1119
7,3349.4,0.1119
7,3350.4,0.1119
7,3351.4,0.1119
7,3352.4,0.1119
7,3353.4,0.1119
7,3354.4,0.1119
7,3355.4,0.1119
7,3356.4,0.1119
7,3357.4,0.1119
7,3358.4,0.1119
7,3359.4,0.1119
7,3360.4,0.1076
7,3361.5,0.1076
7,3362.5,0.1076
7,3363.5,0.1076
7,3364.5,0.1076
7,3365.5,0.1042
7,3367.5,0.1042
7,3368.5,0.1042
7,3369.5,0.1042
7,3370.5,0.1085
7,3371.5,0.1042
7,3372.5,0.1085
7,3373.5,0.1085
7,3374.6,0.1085
7,3375.6,0.1085
7,3376.6,0.1085
7,3377.6,0.1085
7,3378.6,0.1085
7,3379.6,0.1085
7,3380.6,0.1085
7,3381.6,0.1085
7,3382.6,0.1085
7,3383.6,0.1085
7,3384.6,0.1127
7,3385.6,0.1127
7,3387.6,0.1127
7,3388.6,0.1129
7,3389.7,0.1127
7,3390.7,0.1127
7,3391.7,0.1129
7,3392.7,0.1129
7,3393.7,0.1127
7,3394.7,0.1127
7,3395.7,0.1127
7,3396.7,0.1129
7,3397.8,0.1127
7,3398.8,0.1129
7,3399.8,0.1127
7,3400.8,0.1127
7,3401.8,0.1085
7,3402.8,0.1085
7,3403.8,0.1085
7,3404.8,0.1085
7,3405.8,0.1085
7,3407.8,0.1085
7,3408.8,0.1085
7,3409.8,0.1051
7,3410.9,0.1085
7,3411.9,0.1085
7,3412.9,0.1085
7,3413.9,0.1051
7,3414.9,0.1085
7,3415.9,0.1085
7,3416.9,0.1085
7,3417.9,0.1085
7,3418.9,0.1051
7,3419.9,0.1093
7,3420.9,0.1093
7,3421.9,0.1093
7,3422.9,0.1093
7,3423.9,0.1093
7,3424.9,0.1093
7,3426,0.1093
7,3428,0.1093
7,3429,0.1093
7,3430,0.1093
7,3431,0.1093
7,3432,0.1093
7,3433,0.1093
7,3434,0.1093
7,3435,0.1093
7,3436,0.1093
7,3437,0.1093
7,3438,0.1093
7,3439.1,0.1136
7,3440.1,0.1137
7,3441.1,0.1137
7,3442.1,0.1136
7,3443.1,0.1136
7,3444.1,0.1136
7,3445.1,0.1137
7,3446.1,0.1137
7,3448.1,0.1093
7,3449.1,0.1093
7,3450.1,0.1093
7,3451.1,0.1093
7,3452.2,0.1093
7,3453.2,0.1093
7,3454.2,0.1093
7,3455.2,0.1093
7,3456.2,0.1093
7,3457.2,0.1093
7,3458.2,0.1093
7,3459.2,0.1093
7,3460.2,0.1093
7,3461.2,0.1093
7,3462.2,0.1093
7,3463.2,0.1059
7,3464.2,0.1093
7,3465.3,0.1059
7,3466.3,0.1059
7,3468.3,0.1102
7,3469.3,0.1102
7,3470.3,0.1102
7,3471.3,0.1102
7,3472.3,0.1102
7,3473.3,0.1102
7,3474.3,0.1102
7,3475.3,0.1102
7,3476.3,0.1102
7,3477.3,0.1102
7,3478.3,0.1102
7,3479.4,0.1102
7,3480.4,0.1102
7,3481.4,0.1102
7,3482.4,0.1102
7,3483.4,0.1102
7,3484.4,0.1102
7,3485.4,0.1102
7,3486.4,0.1102
7,3488.4,0.1146
7,3489.4,0.1146
7,3490.5,0.1146
7,3491.5,0.1146
7,3492.5,0.1146
7,3493.5,0.1146
7,3494.5,0.1146
7,3495.5,0.1146
7,3496.5,0.1146
7,3497.5,0.1146
7,3498.5,0.1146
7,3499.6,0.1146
7,3500.6,0.1146
7,3501.6,0.1146
7,3502.6,0.1146
7,3503.6,0.1102
7,3504.6,0.1146
7,3505.7,0.1102
7,3506.7,0.1102
7,3508.7,0.1102
7,3509.7,0.1102
7,3510.7,0.1102
7,3511.7,0.1102
7,3512.7,0.1102
7,3513.7,0.1102
7,3514.7,0.1102
7,3515.7,0.1102
7,3516.7,0.1102
7,3517.7,0.1068
7,3518.7,0.1102
7,3519.7,0.1102
7,3520.7,0.1102
7,3521.7,0.1102
7,3522.8,0.1068
7,3523.8,0.1068
7,3524.8,0.1068
7,3525.8,0.1068
7,3526.8,0.111
7,3528.8,0.111
7,3529.8,0.111
7,3530.8,0.111
7,3531.8,0.111
7,3532.8,0.111
7,3533.8,0.111
7,3534.8,0.111
7,3535.8,0.111
7,3536.8,0.111
7,3537.8,0.111
7,3538.9,0.111
7,3539.9,0.111
7,3540.9,0.111
7,3541.9,0.111
7,3542.9,0.111
7,3543.9,0.111
7,3544.9,0.111
7,3545.9,0.1112
7,3546.9,0.111
7,3548.9,0.1153
7,3549.9,0.111
7,3550.9,0.111
7,3551.9,0.1153
7,3552.9,0.111
7,3553.9,0.1153
7,3555,0.111
7,3556,0.1154
7,3557,0.111
7,3558,0.1153
7,3559,0.1154
7,3560,0.111
7,3561,0.1154
7,3562,0.1154
7,3563,0.1154
7,3564,0.1153
7,3565,0.1154
7,3566,0.1154
7,3567.1,0.1153
7,3569.1,0.1153
7,3570.1,0.1154
7,3571.1,0.1153
7,3572.1,0.1154
7,3573.1,0.1154
7,3574.1,0.1154
7,3575.1,0.1154
7,3576.2,0.111
7,3577.2,0.1154
7,3578.2,0.1154
7,3579.2,0.1154
7,3580.2,0.1154
7,3581.2,0.111
7,3582.2,0.111
7,3583.2,0.111
7,3584.2,0.111
7,3585.2,0.1112
7,3586.2,0.111
7,3587.3,0.111
7,3589.3,0.111
7,3590.3,0.111
7,3591.3,0.111
7,3592.3,0.111
7,3593.3,0.111
7,3594.3,0.111
7,3595.3,0.111
7,3596.3,0.111
7,3597.3,0.111
7,3598.3,0.111
7,3599.3,0.111
7,3600.3,0.111
7,3601.4,0.111
7,3602.4,0.111
7,3603.4,0.111
7,3604.4,0.111
7,3605.4,0.1076
7,3606.4,0.1076
7,3607.4,0.1119
7,3609.4,0.1076
7,3610.4,0.1119
7,3611.4,0.1119
7,3612.4,0.1119
7,3613.4,0.1119
7,3614.4,0.1119
7,3615.5,0.1119
7,3616.5,0.1119
7,3617.5,0.1119
7,3618.5,0.1119
7,3619.5,0.1119
7,3620.5,0.1119
7,3621.5,0.1119
7,3622.5,0.1119
7,3623.5,0.1119
7,3624.5,0.1119
7,3625.6,0.1119
7,3626.6,0.1119
7,3627.6,0.1119
7,3629.6,0.1119
7,3630.6,0.1119
7,3631.6,0.1119
7,3632.6,0.1119
7,3633.6,0.1119
7,3634.6,0.1119
7,3635.6,0.1119
7,3636.6,0.1119
7,3637.6,0.1119
7,3638.6,0.1119
7,3639.6,0.1119
7,3640.7,0.1119
7,3641.7,0.1119
7,3642.7,0.112
7,3643.7,0.112
7,3644.7,0.1119
7,3645.7,0.1163
7,3646.7,0.1163
7,3647.7,0.1163
7,3649.7,0.1163
7,3650.7,0.1163
7,3651.8,0.1163
7,3652.8,0.1163
7,3653.8,0.1163
7,3654.8,0.1163
7,3655.8,0.1163
7,3656.8,0.1163
7,3657.8,0.1163
7,3658.8,0.1163
7,3659.8,0.1163
7,3660.8,0.1163
7,3661.8,0.1163
7,3662.8,0.1163
7,3663.8,0.1163
7,3664.8,0.1163
7,3665.9,0.1163
7,3666.9,0.1163
7,3667.9,0.1163
7,3669.9,0.1163
7,3670.9,0.1163
7,3671.9,0.1163
7,3672.9,0.1163
7,3673.9,0.1163
7,3674.9,0.1163
7,3675.9,0.1163
7,3677,0.1163
7,3678,0.1163
7,3679,0.1163
7,3680,0.1163
7,3681,0.1163
7,3682,0.1163
7,3683,0.1119
7,3684,0.1119
7,3685,0.1119
7,3686,0.1119
7,3687.1,0.1119
7,3688.1,0.1119
7,3690.1,0.1119
7,3691.1,0.1119
7,3692.1,0.1119
7,3693.1,0.1119
7,3694.1,0.1119
7,3695.1,0.1119
7,3696.1,0.1119
7,3697.1,0.1119
7,3698.1,0.1119
7,3699.1,0.1119
7,3700.1,0.1119
7,3701.2,0.1119
7,3702.2,0.1119
7,3703.2,0.1119
7,3704.2,0.1119
7,3705.2,0.1119
7,3706.2,0.1119
7,3707.2,0.1119
7,3708.2,0.1119
7,3710.3,0.1119
7,3711.3,0.1129
7,3712.3,0.1119
7,3713.3,0.1119
7,3714.3,0.1085
7,3715.3,0.1119
7,3716.3,0.1085
7,3717.3,0.1085
7,3718.3,0.1119
7,3719.3,0.1119
7,3720.3,0.1119
7,3721.3,0.1129
7,3722.4,0.1085
7,3723.4,0.1129
7,3724.4,0.1127
7,3725.4,0.1127
7,3726.4,0.1129
7,3727.4,0.1129
7,3728.4,0.1129
7,3730.4,0.1127
7,3731.4,0.1129
7,3732.4,0.1129
7,3733.4,0.1129
7,3734.4,0.1129
7,3735.4,0.1129
7,3736.4,0.1127
7,3737.4,0.1129
7,3738.4,0.1129
7,3739.4,0.1127
7,3740.4,0.1129
7,3741.5,0.1129
7,3742.5,0.1129
7,3743.5,0.1129
7,3744.5,0.1129
7,3745.5,0.1129
7,3746.5,0.1129
7,3747.5,0.1127
7,3748.5,0.1129
7,3750.5,0.1129
7,3751.5,0.1127
7,3752.5,0.1129
7,3753.6,0.1129
7,3754.6,0.1129
7,3755.6,0.1127
7,3756.6,0.1129
7,3757.6,0.1129
7,3758.6,0.1127
7,3759.6,0.1129
7,3760.6,0.1129
7,3761.6,0.1129
7,3762.7,0.1129
7,3763.7,0.1129
7,3764.7,0.1129
7,3765.7,0.1127
7,3766.7,0.1129
7,3767.7,0.1127
7,3768.7,0.1127
7,3770.7,0.1129
7,3771.7,0.1127
7,3772.7,0.1171
7,3773.7,0.1171
7,3774.7,0.1127
7,3775.7,0.1171
7,3776.8,0.1129
7,3777.8,0.1129
7,3778.8,0.1127
7,3779.8,0.1127
7,3780.8,0.1129
7,3781.8,0.1129
7,3782.8,0.1171
7,3783.8,0.1127
7,3784.8,0.1127
7,3785.8,0.1127
7,3786.8,0.1171
7,3787.8,0.1171
7,3788.8,0.1171
7,3790.9,0.1171
7,3791.9,0.1171
7,3792.9,0.1171
7,3793.9,0.1171
7,3794.9,0.1171
7,3795.9,0.1171
7,3796.9,0.1171
7,3797.9,0.1171
7,3798.9,0.1171
7,3799.9,0.1171
7,3800.9,0.1171
7,3801.9,0.1171
7,3803,0.1171
7,3804,0.1171
7,3805,0.1171
7,3806,0.1171
7,3807,0.1171
7,3808,0.1171
7,3809,0.1171
7,3811,0.1171
7,3812,0.1171
7,3813,0.1171
7,3814.1,0.1171
7,3815.1,0.1171
7,3816.1,0.1171
7,3817.1,0.1171
7,3818.1,0.1171
7,3819.1,0.1171
7,3820.1,0.1171
7,3821.1,0.1171
7,3822.1,0.1171
7,3823.1,0.1171
7,3824.1,0.1171
7,3825.2,0.1171
7,3826.2,0.1171
7,3827.2,0.1171
7,3828.2,0.1171
7,3829.2,0.1171
7,3831.2,0.1171
7,3832.2,0.1171
7,3833.2,0.1171
7,3834.2,0.1171
7,3835.2,0.1171
7,3836.2,0.1171
7,3837.2,0.1171
7,3838.2,0.1171
7,3839.2,0.1171
7,3840.2,0.1171
7,3841.2,0.1171
7,3842.3,0.1171
7,3843.3,0.1171
7,3844.3,0.1171
7,3845.3,0.1127
7,3846.3,0.1171
7,3847.3,0.1171
7,3848.3,0.1171
7,3849.3,0.1171
7,3851.3,0.1171
7,3852.3,0.1171
7,3853.3,0.1171
7,3854.4,0.1171
7,3855.4,0.1171
7,3856.4,0.1171
7,3857.4,0.1171
7,3858.4,0.1171
7,3859.4,0.1171
7,3860.4,0.1171
7,3861.4,0.1171
7,3862.4,0.1171
7,3863.4,0.1171
7,3864.5,0.1129
7,3865.5,0.1129
7,3866.5,0.1129
7,3867.5,0.1127
7,3868.5,0.1129
7,3869.5,0.1129
7,3871.5,0.1127
7,3872.5,0.1129
7,3873.5,0.1129
7,3874.5,0.1127
7,3875.5,0.1129
7,3876.5,0.1127
7,3877.5,0.1129
7,3878.6,0.1127
7,3879.6,0.1129
7,3880.6,0.1129
7,3881.6,0.1127
7,3882.6,0.1129
7,3883.6,0.1127
7,3884.6,0.1129
7,3885.7,0.1127
7,3886.7,0.1129
7,3887.7,0.1127
7,3888.7,0.1129
7,3889.7,0.1129
7,3891.7,0.1127
7,3892.7,0.1129
7,3893.7,0.1127
7,3894.7,0.1129
7,3895.7,0.1127
7,3896.7,0.1129
7,3897.7,0.1129
7,3898.8,0.1127
7,3899.8,0.1129
7,3900.8,0.1129
7,3901.8,0.1127
7,3902.8,0.1129
7,3903.8,0.1127
7,3904.8,0.1127
7,3905.8,0.1127
7,3906.8,0.1129
7,3907.8,0.1129
7,3908.8,0.1127
7,3909.8,0.1129
7,3911.8,0.1129
7,3912.8,0.1129
7,3913.9,0.1129
7,3914.9,0.1129
7,3915.9,0.1129
7,3916.9,0.1129
7,3917.9,0.1129
7,3918.9,0.1127
7,3919.9,0.1129
7,3920.9,0.1129
7,3921.9,0.1127
7,3922.9,0.1127
7,3923.9,0.1127
7,3924.9,0.1129
7,3925.9,0.1127
7,3926.9,0.1129
7,3928,0.1129
7,3929,0.1127
7,3930,0.1127
7,3932,0.1129
7,3933,0.1129
7,3934,0.1129
7,3935,0.1127
7,3936,0.1127
7,3937,0.1129
7,3938,0.1129
7,3939,0.1129
7,3940,0.1129
7,3941,0.1129
7,3942,0.1129
7,3943.1,0.1129
7,3944.1,0.1129
7,3945.1,0.1129
7,3946.1,0.1127
7,3947.1,0.1129
7,3948.1,0.1127
7,3949.1,0.1127
7,3950.1,0.1127
7,3952.1,0.1129
7,3953.1,0.1127
7,3954.1,0.1129
7,3955.2,0.1127
7,3956.2,0.1129
7,3957.2,0.1129
7,3958.2,0.1129
7,3959.2,0.1127
7,3960.2,0.1129
7,3961.2,0.1129
7,3962.2,0.1127
7,3963.2,0.1127
7,3964.2,0.1093
7,3965.2,0.1127
7,3966.2,0.1129
7,3967.2,0.1127
7,3968.2,0.1129
7,3969.2,0.1093
7,3970.3,0.1093
7,3972.3,0.1127
7,3973.3,0.1127
7,3974.3,0.1093
7,3975.3,0.1093
7,3976.3,0.1093
7,3977.3,0.1093
7,3978.3,0.1093
7,3979.3,0.1093
7,3980.3,0.1093
7,3981.3,0.1093
7,3982.4,0.1093
7,3983.4,0.1093
7,3984.4,0.1093
7,3985.4,0.1129
7,3986.4,0.1093
7,3987.4,0.1093
7,3988.4,0.1137
7,3989.4,0.1136
7,3990.4,0.1136
7,3992.4,0.1136
7,3993.4,0.1093
7,3994.5,0.1136
7,3995.5,0.1093
7,3996.5,0.1129
7,3997.5,0.1136
7,3998.5,0.1093
7,3999.5,0.1093
7,4000.5,0.1137
7,4001.5,0.1136
7,4002.5,0.1136
7,4003.5,0.1093
7,4004.5,0.1137
7,4005.6,0.1136
7,4006.6,0.1136
7,4007.6,0.1136
7,4008.6,0.1136
7,4009.6,0.1136
7,4010.6,0.1136
7,4012.6,0.1136
7,4013.6,0.1137
7,4014.6,0.1136
7,4015.6,0.1136
7,4016.6,0.1136
7,4017.7,0.1136
7,4018.7,0.1136
7,4019.7,0.1136
7,4020.7,0.1136
7,4021.7,0.1136
7,4022.7,0.1136
7,4023.7,0.1136
7,4024.7,0.1137
7,4025.7,0.1136
7,4026.7,0.1136
7,4027.7,0.1137
7,4028.7,0.1136
7,4029.7,0.1137
7,4030.8,0.1136
7,4032.8,0.1136
7,4033.8,0.1136
7,4034.8,0.1136
7,4035.8,0.1137
7,4036.8,0.1137
7,4037.8,0.1136
7,4038.8,0.1137
7,4039.8,0.1137
7,4040.8,0.1136
7,4041.8,0.1137
7,4042.8,0.1136
7,4043.8,0.1136
7,4044.8,0.1137
7,4045.9,0.1136
7,4046.9,0.1136
7,4047.9,0.1137
7,4048.9,0.1136
7,4049.9,0.1136
7,4050.9,0.1137
7,4052.9,0.1136
7,4053.9,0.1137
7,4054.9,0.1136
7,4055.9,0.1137
7,4057,0.1136
7,4058,0.1137
7,4059,0.1137
7,4060,0.1136
7,4061,0.1136
7,4062,0.1136
7,4063,0.1136
7,4064,0.1136
7,4065,0.1136
7,4066,0.1136
7,4067,0.1136
7,4068,0.1137
7,4069.1,0.1137
7,4070.1,0.1136
7,4071.1,0.1137
7,4073.1,0.1136
7,4074.1,0.1136
7,4075.1,0.1136
7,4076.1,0.1137
7,4077.1,0.1137
7,4078.1,0.1136
7,4079.2,0.1137
7,4080.2,0.1137
7,4081.2,0.1137
7,4082.2,0.1137
7,4083.2,0.1136
7,4084.2,0.1136
7,4085.2,0.1136
7,4086.2,0.1137
7,4087.2,0.1129
7,4088.2,0.1137
7,4089.3,0.1137
7,4090.3,0.1093
7,4091.3,0.1093
7,4093.3,0.1129
7,4094.3,0.1093
7,4095.3,0.1093
7,4096.3,0.1093
7,4097.3,0.1093
7,4098.4,0.1093
7,4099.4,0.1093
7,4100.4,0.1093
7,4101.4,0.1093
7,4102.4,0.1093
7,4103.4,0.1093
7,4104.4,0.1129
7,4105.4,0.1129
7,4106.4,0.1129
7,4107.4,0.1127
7,4108.5,0.1129
7,4109.5,0.1129
7,4110.5,0.1127
7,4111.5,0.1129
7,4113.5,0.1129
7,4114.5,0.1127
7,4115.5,0.1129
7,4116.5,0.1127
7,4117.5,0.1129
7,4118.5,0.1129
7,4119.5,0.1129
7,4120.5,0.1129
7,4121.5,0.1129
7,4122.5,0.1127
7,4123.5,0.1129
7,4124.5,0.1129
7,4125.5,0.1129
7,4126.6,0.1129
7,4127.6,0.1129
7,4128.6,0.1129
7,4129.6,0.1127
7,4130.6,0.1129
7,4131.6,0.1129
7,4133.6,0.1127
7,4134.6,0.1129
7,4135.6,0.1129
7,4136.6,0.1127
7,4137.6,0.1129
7,4138.6,0.1127
7,4139.6,0.1129
7,4140.7,0.1129
7,4141.7,0.1129
7,4142.7,0.1129
7,4143.7,0.1129
7,4144.7,0.1129
7,4145.7,0.1129
7,4146.7,0.1129
7,4147.7,0.1129
7,4148.7,0.1129
7,4149.7,0.1127
7,4150.7,0.1129
7,4151.7,0.1129
7,4153.7,0.1129
7,4154.7,0.1129
7,4155.8,0.1129
7,4156.8,0.1127
7,4157.8,0.1129
7,4158.8,0.1127
7,4159.8,0.1127
7,4160.8,0.1129
7,4161.8,0.1129
7,4162.8,0.1129
7,4163.9,0.1129
7,4164.9,0.1127
7,4165.9,0.1129
7,4166.9,0.1127
7,4167.9,0.1129
7,4168.9,0.1129
7,4169.9,0.1129
7,4170.9,0.1129
7,4171.9,0.1129
7,4173.9,0.1127
7,4174.9,0.1129
7,4175.9,0.1127
7,4177,0.1129
7,4178,0.1129
7,4179,0.1129
7,4180,0.1129
7,4181,0.1129
7,4182,0.1129
7,4183,0.1127
7,4184,0.1129
7,4185,0.1129
7,4186.1,0.1129
7,4187.1,0.1129
7,4188.1,0.1129
7,4189.1,0.1129
7,4190.1,0.1129
7,4191.1,0.1129
7,4192.1,0.1129
7,4194.1,0.1129
7,4195.1,0.1129
7,4196.1,0.1129
7,4197.1,0.1129
7,4198.2,0.1129
7,4199.2,0.1129
7,4200.2,0.1129
7,4201.2,0.1129
7,4202.2,0.1129
7,4203.2,0.1129
7,4204.2,0.1129
7,4205.2,0.1127
7,4206.2,0.1129
7,4207.2,0.1129
7,4208.2,0.1127
7,4209.2,0.1129
7,4210.2,0.1129
7,4211.2,0.1129
7,4212.2,0.1129
7,4214.2,0.1129
7,4215.3,0.1129
7,4216.3,0.1129
7,4217.3,0.1127
7,4218.3,0.1129
7,4219.3,0.1129
7,4220.3,0.1129
7,4221.3,0.1129
7,4222.3,0.1129
7,4223.3,0.1127
7,4224.3,0.1127
7,4225.3,0.1129
7,4226.4,0.1129
7,4227.4,0.1129
7,4228.4,0.1129
7,4229.4,0.1127
7,4230.4,0.1129
7,4231.4,0.1129
7,4232.4,0.1129
7,4234.4,0.1129
7,4235.4,0.1127
7,4236.4,0.1129
7,4237.4,0.1129
7,4238.4,0.1129
7,4239.5,0.1129
7,4240.5,0.1129
7,4241.5,0.1129
7,4242.5,0.1129
7,4243.5,0.1129
7,4244.5,0.1127
7,4245.5,0.1129
7,4246.5,0.1129
7,4247.5,0.1129
7,4248.5,0.1129
7,4249.5,0.1127
7,4250.5,0.1127
7,4251.6,0.1129
7,4252.6,0.1127
7,4254.6,0.1127
7,4255.6,0.1129
7,4256.6,0.1129
7,4257.6,0.1127
7,4258.6,0.1129
7,4259.6,0.1129
7,4260.6,0.1127
7,4261.6,0.1129
7,4262.6,0.1129
7,4263.6,0.1129
7,4264.7,0.1127
7,4265.7,0.1129
7,4266.7,0.1127
7,4267.7,0.1171
7,4268.7,0.1127
7,4269.7,0.1129
7,4270.7,0.1129
7,4271.7,0.1129
7,4272.7,0.1129
7,4274.7,0.1129
7,4275.7,0.1129
7,4276.8,0.1129
7,4277.8,0.1171
7,4278.8,0.1171
7,4279.8,0.1129
7,4280.8,0.1171
7,4281.8,0.1129
7,4282.8,0.1171
7,4283.8,0.1127
7,4284.8,0.1129
7,4286.8,0.1163
5,4287.8,0.1163
5,4288.8,0.1163
5,4289.8,0.1119
5,4290.8,0.1119
5,4291.9,0.1163
5,4292.9,0.1119
5,4293.9,0.1119
5,4294.9,0.1119
5,4295.9,0.1112
5,4296.9,0.1154
5,4297.9,0.1068
5,4299.9,0.1146
5,4300.9,0.1102
5,4301.9,0.1102
5,4302.9,0.1102
5,4303.9,0.1102
5,4304.9,0.1102
5,4305.9,0.1102
5,4306.9,0.1102
5,4307.9,0.1102
5,4309,0.1102
5,4310,0.1102
5,4311,0.1137
5,4312,0.1093
5,4313,0.1085
5,4314,0.1129
5,4315,0.1042
5,4316,0.1119
5,4317,0.1076
5,4318,0.1068
5,4320,0.1068
5,4321.1,0.1068
5,4322.1,0.1068
5,4323.1,0.1068
5,4324.1,0.1068
5,4325.1,0.1068
5,4326.1,0.1025
5,4327.1,0.1025
5,4328.1,0.1025
5,4329.1,0.1025
5,4330.1,0.1025
5,4331.1,0.1102
5,4332.1,0.1059
5,4333.1,0.1051
5,4334.1,0.1093
5,4335.2,0.1008
5,4336.2,0.1085
5,4337.2,0.1042
5,4338.2,0.1034
5,4340.2,0.1076
5,4341.2,0.1034
5,4342.2,0.1034
5,4343.2,0.1034
5,4344.2,0.1034
5,4345.2,0.1034
5,4346.2,0.1034
5,4347.2,0.1034
5,4348.3,0.1034
5,4349.3,0.1034
5,4350.3,0.1034
5,4351.3,0.1025
5,4352.3,0.1025
5,4353.3,0.0983
5,4354.3,0.1017
5,4355.3,0.1017
5,4356.3,0.0974
5,4357.3,0.1051
5,4358.3,0.1008
5,4360.3,0.0966
5,4361.4,0.1
5,4362.4,0.1
5,4363.4,0.1
5,4364.4,0.1
5,4365.4,0.1
5,4366.4,0.1
5,4367.4,0.1
5,4368.4,0.1
5,4369.4,0.1
5,4370.4,0.1
5,4371.5,0.1
5,4372.5,0.0957
5,4373.5,0.0991
5,4374.5,0.0991
5,4375.5,0.0949
5,4376.5,0.0983
5,4377.5,0.0983
5,4378.5,0.0983
5,4380.5,0.0974
5,4381.5,0.1017
5,4382.5,0.1017
5,4383.5,0.1017
5,4384.6,0.1017
5,4385.6,0.1017
5,4386.6,0.1017
5,4387.6,0.1017
5,4388.6,0.1017
5,4389.6,0.1017
5,4390.6,0.0974
5,4391.6,0.0974
5,4392.6,0.0966
5,4393.6,0.1008
5,4394.7,0.0966
5,4395.7,0.0921
5,4396.7,0.0957
5,4397.7,0.0957
5,4398.7,0.0956
5,4400.7,0.0913
5,4401.7,0.0949
5,4402.7,0.0949
5,4403.7,0.0949
5,4404.8,0.0949
5,4405.8,0.0949
5,4406.8,0.0949
5,4407.8,0.0949
5,4408.8,0.0991
5,4409.8,0.0991
5,4410.8,0.0991
5,4411.8,0.0949
5,4412.8,0.0949
5,4413.9,0.0939
5,4414.9,0.0983
5,4415.9,0.094
5,4416.9,0.0896
5,4417.9,0.0932
5,4418.9,0.0974
5,4420.9,0.0932
5,4421.9,0.0932
5,4422.9,0.0887
5,4423.9,0.0887
5,4424.9,0.0887
5,4425.9,0.0887
5,4426.9,0.0887
5,4427.9,0.0887
5,4428.9,0.0887
5,4429.9,0.0887
5,4430.9,0.0887
5,4431.9,0.0921
5,4433,0.0966
5,4434,0.0921
5,4435,0.0913
5,4436,0.0913
5,4437,0.0957
5,4438,0.0913
5,4439,0.087
5,4441,0.0904
5,4442,0.0949
5,4443,0.0949
5,4444,0.0949
5,4445.1,0.0949
5,4446.1,0.0949
5,4447.1,0.0949
5,4448.1,0.0949
5,4449.1,0.0949
5,4450.1,0.0949
5,4451.1,0.0949
5,4452.1,0.0904
5,4453.2,0.0836
5,4454.2,0.0898
5,4455.2,0.094
5,4456.2,0.0896
5,4457.2,0.0896
5,4458.2,0.0811
5,4459.2,0.0887
5,4461.2,0.0887
5,4462.2,0.0887
5,4463.2,0.0887
5,4464.2,0.0887
5,4465.2,0.0887
5,4466.2,0.0887
5,4467.3,0.0887
5,4468.3,0.0887
5,4469.3,0.0887
5,4470.3,0.0887
5,4471.3,0.0887
5,4472.3,0.0803
5,4473.3,0.0879
5,4474.3,0.0923
5,4475.3,0.0879
5,4476.3,0.0879
5,4477.3,0.0828
5,4478.3,0.0828
5,4479.3,0.0913
5,4481.4,0.087
5,4482.4,0.087
5,4483.4,0.087
5,4484.4,0.087
5,4485.4,0.087
5,4486.4,0.087
5,4487.4,0.087
5,4488.4,0.087
5,4489.4,0.087
5,4490.4,0.087
5,4491.4,0.087
5,4492.4,0.0828
5,4493.4,0.082
5,4494.4,0.0836
5,4495.4,0.082
5,4496.4,0.0836
5,4497.5,0.082
5,4498.5,0.0811
5,4499.5,0.0811
5,4501.5,0.0811
5,4502.5,0.0811
5,4503.5,0.0811
5,4504.5,0.0811
5,4505.5,0.0811
5,4506.5,0.0811
5,4507.5,0.0811
5,4508.5,0.0811
5,4509.6,0.0811
5,4510.6,0.0811
5,4511.6,0.0811
5,4512.6,0.0811
5,4513.6,0.0811
5,4514.6,0.0803
5,4515.6,0.0803
5,4516.6,0.0803
5,4517.6,0.0803
5,4518.6,0.0803
5,4519.6,0.0794
5,4521.6,0.0836
5,4522.6,0.0794
5,4523.6,0.0836
5,4524.7,0.0794
5,4525.7,0.0879
5,4526.7,0.0794
5,4527.7,0.0879
5,4528.7,0.0879
5,4529.7,0.0879
5,4530.7,0.0836
5,4531.7,0.0794
5,4532.7,0.0836
5,4533.7,0.0794
5,4534.7,0.0794
5,4535.7,0.0828
5,4536.8,0.0828
5,4537.8,0.087
5,4538.8,0.0828
5,4539.8,0.0828
5,4541.8,0.0828
5,4542.8,0.0786
5,4543.8,0.0786
5,4544.8,0.0786
5,4545.8,0.0786
5,4546.8,0.0786
5,4547.8,0.0786
5,4548.9,0.0786
5,4549.9,0.0786
5,4550.9,0.0786
5,4551.9,0.0786
5,4552.9,0.0777
5,4553.9,0.082
5,4554.9,0.082
5,4555.9,0.082
5,4556.9,0.082
5,4557.9,0.0777
5,4558.9,0.0777
5,4560,0.0769
5,4562,0.0811
5,4563,0.0811
5,4564,0.0811
5,4565,0.0811
5,4566,0.0811
5,4567,0.0811
5,4568,0.0811
5,4569,0.0811
5,4570.1,0.0811
5,4571.1,0.0811
5,4572.1,0.0811
5,4573.1,0.0811
5,4574.1,0.0811
5,4575.1,0.0767
5,4576.1,0.0767
5,4577.1,0.076
5,4578.1,0.0803
5,4579.1,0.0803
5,4580.1,0.0803
5,4582.1,0.0803
5,4583.1,0.0803
5,4584.1,0.0803
5,4585.1,0.0803
5,4586.1,0.0803
5,4587.1,0.0803
5,4588.1,0.076
5,4589.1,0.0803
5,4590.2,0.076
5,4591.2,0.0803
5,4592.2,0.0803
5,4593.2,0.076
5,4594.2,0.0752
5,4595.2,0.075
5,4596.2,0.0794
5,4597.2,0.0794
5,4598.2,0.0794
5,4599.2,0.0794
5,4600.2,0.0752
5,4602.2,0.075
5,4603.2,0.075
5,4604.3,0.0752
5,4605.3,0.0752
5,4606.3,0.0786
5,4607.3,0.075
5,4608.3,0.075
5,4609.3,0.0752
5,4610.3,0.0786
5,4611.3,0.0743
5,4612.3,0.0752
5,4613.3,0.0786
5,4614.3,0.0786
5,4615.4,0.0828
5,4616.4,0.0786
5,4617.4,0.0786
5,4618.4,0.0786
5,4619.4,0.0741
5,4621.4,0.0741
5,4622.4,0.0777
5,4623.4,0.0777
5,4624.4,0.0743
5,4625.4,0.0777
5,4626.4,0.0777
5,4627.5,0.0743
5,4628.5,0.0735
5,4629.5,0.0735
5,4630.5,0.0777
5,4631.5,0.0777
5,4632.5,0.0777
5,4633.5,0.082
5,4634.5,0.082
5,4635.5,0.0777
5,4636.5,0.0777
5,4637.5,0.0777
5,4638.5,0.0735
5,4639.5,0.0735
5,4641.6,0.0735
5,4642.6,0.0724
5,4643.6,0.0726
5,4644.6,0.0724
5,4645.6,0.0769
5,4646.6,0.0769
5,4647.6,0.0726
5,4648.6,0.0769
5,4649.6,0.0726
5,4650.6,0.0724
5,4651.6,0.0769
5,4652.6,0.0769
5,4653.7,0.0769
5,4654.7,0.0769
5,4655.7,0.0769
5,4656.7,0.0769
5,4657.7,0.0769
5,4658.7,0.0726
5,4659.8,0.0724
5,4661.8,0.0724
5,4662.8,0.0716
5,4663.8,0.0717
5,4664.8,0.0716
5,4665.8,0.0717
5,4666.8,0.0716
5,4667.8,0.0724
5,4668.8,0.076
5,4669.8,0.0717
5,4670.8,0.0717
5,4671.8,0.0717
5,4672.8,0.0716
5,4673.8,0.0803
5,4674.9,0.076
5,4675.9,0.076
5,4676.9,0.076
5,4677.9,0.076
5,4678.9,0.076
5,4679.9,0.076
5,4681.9,0.0717
5,4682.9,0.0717
5,4683.9,0.0716
5,4684.9,0.0716
5,4685.9,0.0717
5,4686.9,0.0716
5,4687.9,0.0717
5,4688.9,0.0716
5,4690,0.0716
5,4691,0.0717
5,4692,0.0716
5,4693,0.0752
5,4694,0.0752
5,4695,0.0752
5,4696,0.0707
5,4697,0.075
5,4698,0.0752
5,4699,0.0752
5,4700,0.0752
5,4702.1,0.0752
5,4703.1,0.075
5,4704.1,0.0752
5,4705.1,0.0752
5,4706.1,0.075
5,4707.1,0.0752
5,4708.1,0.075
5,4709.1,0.0752
5,4710.1,0.0752
5,4711.1,0.0752
5,4712.1,0.0752
5,4713.1,0.075
5,4714.1,0.0709
5,4715.2,0.0707
5,4716.2,0.0699
5,4717.2,0.0699
5,4718.2,0.0743
5,4719.2,0.0786
5,4720.2,0.0786
5,4722.2,0.0786
5,4723.2,0.0786
5,4724.2,0.0786
5,4725.2,0.0786
5,4726.2,0.0786
5,4727.3,0.0786
5,4728.3,0.0786
5,4729.3,0.0786
5,4730.3,0.0743
5,4731.3,0.0743
5,4732.3,0.0786
5,4733.3,0.0741
5,4734.3,0.0741
5,4735.3,0.0743
5,4736.3,0.0743
5,4737.3,0.0743
5,4738.3,0.0735
5,4739.4,0.0699
5,4740.4,0.0699
5,4742.4,0.069
5,4743.4,0.0735
5,4744.4,0.0735
5,4745.4,0.0735
5,4746.4,0.0735
5,4747.4,0.069
5,4748.4,0.069
5,4749.4,0.0735
5,4750.4,0.0735
5,4751.4,0.0735
5,4752.4,0.0735
5,4753.4,0.0777
5,4754.5,0.0777
5,4755.5,0.0777
5,4756.5,0.0735
5,4757.5,0.0735
5,4758.5,0.0735
5,4759.5,0.0735
5,4761.5,0.0735
5,4762.5,0.0735
5,4763.5,0.0735
5,4764.5,0.0735
5,4765.5,0.0735
5,4766.6,0.0735
5,4767.6,0.0735
5,4768.6,0.0735
5,4769.6,0.0735
5,4770.6,0.0735
5,4771.6,0.0735
5,4772.6,0.069
5,4773.6,0.069
5,4774.6,0.069
5,4775.6,0.069
5,4776.6,0.0682
5,4777.6,0.0724
5,4778.6,0.0724
5,4779.7,0.0724
5,4781.7,0.0724
5,4782.7,0.0724
5,4783.7,0.0724
5,4784.7,0.0724
5,4785.7,0.0726
5,4786.7,0.0724
5,4787.7,0.0724
5,4788.7,0.0724
5,4789.7,0.0724
5,4790.8,0.0724
5,4791.8,0.0724
5,4792.8,0.0724
5,4793.8,0.0724
5,4794.8,0.0726
5,4795.8,0.0724
5,4796.8,0.0724
5,4797.8,0.0724
5,4798.9,0.0682
5,4799.9,0.0682
5,4801.9,0.0682
5,4802.9,0.0682
5,4803.9,0.0682
5,4804.9,0.0682
5,4805.9,0.0682
5,4806.9,0.0682
5,4807.9,0.0717
5,4809,0.0682
5,4810,0.0682
5,4811,0.0682
5,4812,0.0682
5,4813,0.0682
5,4814,0.0673
5,4815,0.0717
5,4816,0.0717
5,4817,0.0717
5,4818,0.0716
5,4819,0.0716
5,4820,0.0717
5,4822,0.0716
5,4823.1,0.0716
5,4824.1,0.0716
5,4825.1,0.0717
5,4826.1,0.0716
5,4827.1,0.0717
5,4828.1,0.0716
5,4829.1,0.0717
5,4830.2,0.0716
5,4831.2,0.0717
5,4832.2,0.0717
5,4833.2,0.0717
5,4834.2,0.0717
5,4835.2,0.0716
5,4836.2,0.0716
5,4837.2,0.0716
5,4838.2,0.0717
5,4839.2,0.0673
5,4840.2,0.0673
5,4842.2,0.0673
5,4843.2,0.0673
5,4844.2,0.0673
5,4845.2,0.0673
5,4846.3,0.0673
5,4847.3,0.0673
5,4848.3,0.0673
5,4849.3,0.0673
5,4850.3,0.0673
5,4851.3,0.0707
5,4852.3,0.0673
5,4853.3,0.0673
5,4854.3,0.0673
5,4855.3,0.0665
5,4856.3,0.0665
5,4857.3,0.0707
5,4858.3,0.0707
5,4859.4,0.075
5,4860.4,0.0707
5,4862.4,0.0752
5,4863.4,0.0707
5,4864.4,0.0707
5,4865.4,0.0752
5,4866.4,0.075
5,4867.4,0.075
5,4868.4,0.075
5,4869.4,0.0752
5,4870.4,0.075
5,4871.4,0.075
5,4872.4,0.0707
5,4873.5,0.075
5,4874.5,0.0707
5,4875.5,0.0707
5,4876.5,0.0752
5,4877.5,0.0707
5,4878.5,0.0707
5,4879.5,0.0707
5,4881.5,0.0707
5,4882.5,0.0707
5,4883.5,0.0707
5,4884.5,0.0707
5,4885.5,0.0707
5,4886.6,0.0707
5,4887.6,0.0707
5,4888.6,0.0707
5,4889.6,0.0707
5,4890.6,0.0707
5,4891.6,0.0707
5,4892.6,0.0707
5,4893.6,0.0707
5,4894.6,0.0707
5,4895.6,0.0707
5,4896.6,0.0699
5,4897.7,0.0665
5,4898.7,0.0665
5,4899.7,0.0665
5,4901.7,0.0665
5,4902.7,0.0665
5,4903.7,0.0699
5,4904.7,0.0665
5,4905.7,0.0665
5,4906.7,0.0699
5,4907.7,0.0665
5,4908.7,0.0665
5,4909.7,0.0699
5,4910.8,0.0665
5,4911.8,0.0665
5,4912.8,0.0699
5,4913.8,0.0699
5,4914.8,0.07
5,4915.8,0.0699
5,4916.8,0.0699
5,4917.8,0.0699
5,4918.8,0.0699
5,4919.8,0.0699
5,4921.8,0.0741
5,4922.8,0.0743
5,4923.9,0.0743
5,4924.9,0.0743
5,4925.9,0.0743
5,4926.9,0.0743
5,4927.9,0.0699
5,4928.9,0.0743
5,4929.9,0.0741
5,4930.9,0.0741
5,4931.9,0.0743
5,4932.9,0.0741
5,4933.9,0.0743
5,4934.9,0.0743
5,4935.9,0.0743
5,4936.9,0.0743
5,4937.9,0.0741
5,4939,0.0741
5,4940,0.0743
5,4942,0.0743
5,4943,0.0699
5,4944,0.0699
5,4945,0.0741
5,4946,0.0699
5,4947,0.0699
5,4948,0.0699
5,4949,0.0741
5,4950,0.0741
5,4951,0.0743
5,4952,0.0699
5,4953.1,0.0741
5,4954.1,0.0699
5,4955.1,0.0699
5,4956.1,0.0699
5,4957.1,0.0699
5,4958.1,0.0699
5,4959.1,0.0699
5,4960.1,0.0699
5,4962.2,0.0699
5,4963.2,0.0699
5,4964.2,0.0699
5,4965.2,0.0699
5,4966.2,0.0699
5,4967.2,0.0699
5,4968.2,0.0699
5,4969.2,0.0699
5,4970.2,0.0699
5,4971.2,0.0699
5,4972.2,0.0699
5,4973.2,0.0699
5,4974.2,0.0699
5,4975.2,0.0699
5,4976.2,0.069
5,4977.2,0.0656
5,4978.2,0.0656
5,4979.3,0.0656
5,4980.3,0.0656
5,4982.3,0.069
5,4983.3,0.0656
5,4984.3,0.0656
5,4985.3,0.0656
5,4986.3,0.0656
5,4987.3,0.0656
5,4988.3,0.0656
5,4989.3,0.0656
5,4990.3,0.0656
5,4991.3,0.0656
5,4992.4,0.0656
5,4993.4,0.0656
5,4994.4,0.0656
5,4995.4,0.0656
5,4996.4,0.069
5,4997.4,0.0648
5,4998.4,0.069
5,4999.4,0.069
5,5000.4,0.069
5,5002.4,0.069
5,5003.4,0.069
5,5004.5,0.069
5,5005.5,0.069
5,5006.5,0.0648
5,5007.5,0.069
5,5008.5,0.069
5,5009.5,0.0648
5,5010.5,0.069
5,5011.6,0.069
5,5012.6,0.0648
5,5013.6,0.069
5,5014.6,0.069
5,5015.6,0.069
5,5016.6,0.0733
5,5017.6,0.0735
5,5018.6,0.069
5,5019.6,0.0735
5,5020.6,0.069
5,5022.6,0.069
5,5023.6,0.0733
5,5024.7,0.0733
5,5025.7,0.0648
5,5026.7,0.069
5,5027.7,0.0735
5,5028.7,0.0733
5,5029.7,0.0733
5,5030.7,0.069
5,5031.7,0.0735
5,5032.7,0.0735
5,5033.7,0.0735
5,5034.8,0.069
5,5035.8,0.069
5,5036.8,0.0733
5,5037.8,0.069
5,5038.8,0.0733
5,5039.8,0.0733
5,5040.8,0.069
5,5042.8,0.0733
5,5043.8,0.069
5,5044.8,0.0735
5,5045.8,0.069
5,5046.9,0.069
5,5047.9,0.069
5,5048.9,0.069
5,5049.9,0.069
5,5050.9,0.069
5,5051.9,0.069
5,5052.9,0.069
5,5053.9,0.069
5,5054.9,0.069
5,5055.9,0.069
5,5056.9,0.069
5,5057.9,0.069
5,5058.9,0.069
5,5060,0.069
5,5061,0.069
5,5063,0.069
5,5064,0.069
5,5065,0.069
5,5066,0.069
5,5067,0.069
5,5068,0.069
5,5069,0.069
5,5070,0.069
5,5071,0.069
5,5072.1,0.069
5,5073.1,0.069
5,5074.1,0.069
5,5075.1,0.069
5,5076.1,0.069
5,5077.1,0.069
5,5078.1,0.069
5,5079.1,0.069
5,5080.1,0.069
5,5081.1,0.069
5,5083.1,0.069
5,5084.1,0.069
5,5085.1,0.069
5,5086.1,0.069
5,5087.2,0.069
5,5088.2,0.069
5,5089.2,0.069
5,5090.2,0.069
5,5091.2,0.069
5,5092.2,0.069
5,5093.2,0.069
5,5094.2,0.069
5,5095.2,0.069
5,5096.2,0.069
5,5097.2,0.069
5,5098.3,0.069
5,5099.3,0.069
5,5100.3,0.069
5,5101.3,0.069
5,5103.3,0.069
5,5104.3,0.069
5,5105.3,0.069
5,5106.3,0.069
5,5107.3,0.069
5,5108.3,0.069
5,5109.4,0.069
5,5110.4,0.069
5,5111.4,0.069
5,5112.4,0.0648
5,5113.4,0.069
5,5114.4,0.0648
5,5115.4,0.069
5,5116.4,0.069
5,5117.4,0.069
5,5118.4,0.069
5,5119.4,0.069
5,5120.5,0.0648
5,5121.5,0.069
5,5123.5,0.069
5,5124.5,0.0648
5,5125.5,0.0648
5,5126.5,0.0648
5,5127.5,0.0648
5,5128.5,0.0648
5,5129.5,0.069
5,5130.5,0.0648
5,5131.5,0.0648
5,5132.5,0.069
5,5133.5,0.0648
5,5134.6,0.0648
5,5135.6,0.0648
5,5136.6,0.0648
5,5137.6,0.0648
5,5138.6,0.0648
5,5139.6,0.0648
5,5140.6,0.0648
5,5141.6,0.0648
5,5143.6,0.0648
5,5144.6,0.0648
5,5145.6,0.0648
5,5146.6,0.0648
5,5147.7,0.0648
5,5148.7,0.0648
5,5149.7,0.0648
5,5150.7,0.0648
5,5151.7,0.0648
5,5152.7,0.0648
5,5153.7,0.0648
5,5154.7,0.0648
5,5155.8,0.0648
5,5156.8,0.0648
5,5157.8,0.0648
5,5158.8,0.0648
5,5159.8,0.0648
5,5160.8,0.0648
5,5161.8,0.0639
5,5163.8,0.0648
5,5164.8,0.0648
5,5165.8,0.0648
5,5166.8,0.0682
5,5167.8,0.0648
5,5168.8,0.0648
5,5169.8,0.0648
5,5170.8,0.0648
5,5171.9,0.0648
5,5172.9,0.0682
5,5173.9,0.0648
5,5174.9,0.0648
5,5175.9,0.0648
5,5176.9,0.0682
5,5177.9,0.0682
5,5178.9,0.0639
5,5179.9,0.0639
5,5180.9,0.0639
5,5181.9,0.0639
5,5183.9,0.0639
5,5184.9,0.0639
5,5185.9,0.0682
5,5186.9,0.0639
5,5187.9,0.0639
5,5188.9,0.0639
5,5189.9,0.0682
5,5190.9,0.0639
5,5192,0.0639
5,5193,0.0682
5,5194,0.0639
5,5195,0.0639
5,5196,0.0639
5,5197,0.0639
5,5198,0.0682
5,5199,0.0639
5,5200,0.0682
5,5201,0.0639
5,5202,0.0639
5,5204,0.0639
5,5205.1,0.0682
5,5206.1,0.0639
5,5207.1,0.0639
5,5208.1,0.0639
5,5209.1,0.0682
5,5210.1,0.0639
5,5211.1,0.0682
5,5212.1,0.0639
5,5213.1,0.0639
5,5214.1,0.0682
5,5215.1,0.0682
5,5216.1,0.0682
5,5217.2,0.0639
5,5218.2,0.0639
5,5219.2,0.0639
5,5220.2,0.0682
5,5221.2,0.0639
5,5222.2,0.0639
5,5224.2,0.0682
5,5225.2,0.0639
5,5226.2,0.0639
5,5227.2,0.0682
5,5228.2,0.0682
5,5229.2,0.0639
5,5230.2,0.0682
5,5231.2,0.0639
5,5232.3,0.0682
5,5233.3,0.0682
5,5234.3,0.0682
5,5235.3,0.0639
5,5236.3,0.0682
5,5237.3,0.0682
5,5238.3,0.0682
5,5239.3,0.0682
5,5240.3,0.0682
5,5241.3,0.0639
5,5243.3,0.0639
5,5244.3,0.0682
5,5245.3,0.0682
5,5246.4,0.0639
5,5247.4,0.0682
5,5248.4,0.0682
5,5249.4,0.0682
5,5250.4,0.0682
5,5251.4,0.0682
5,5252.4,0.0682
5,5253.4,0.0682
5,5254.4,0.0682
5,5255.4,0.0639
5,5256.4,0.0682
5,5257.4,0.0682
5,5258.4,0.0682
5,5259.4,0.0682
5,5260.4,0.0682
5,5261.4,0.0639
5,5263.5,0.0682
5,5264.5,0.0682
5,5265.5,0.0639
5,5266.5,0.0682
5,5267.5,0.0682
5,5268.5,0.0682
5,5269.5,0.0682
5,5270.5,0.0682
5,5271.5,0.0682
5,5272.5,0.0682
5,5273.5,0.0682
5,5274.6,0.0682
5,5275.6,0.0682
5,5276.6,0.0682
5,5277.6,0.0724
5,5278.6,0.0682
5,5279.6,0.0682
5,5280.6,0.0682
5,5281.6,0.0682
5,5283.6,0.0682
5,5284.6,0.0682
5,5285.6,0.0682
5,5286.6,0.0682
5,5287.7,0.0682
5,5288.7,0.0682
5,5289.7,0.0682
5,5290.7,0.0682
5,5291.7,0.0682
5,5292.7,0.0682
5,5293.7,0.0682
5,5294.7,0.0682
5,5295.7,0.0682
5,5296.7,0.0682
5,5297.7,0.0682
5,5298.7,0.0682
5,5299.8,0.0682
5,5300.8,0.0682
5,5301.8,0.0682
5,5303.8,0.0682
5,5304.8,0.0682
5,5305.8,0.0682
5,5306.8,0.0682
5,5307.8,0.0682
5,5308.8,0.0682
5,5309.9,0.0682
5,5310.9,0.0682
5,5311.9,0.0682
5,5312.9,0.0682
5,5313.9,0.0682
5,5314.9,0.0682
5,5315.9,0.0682
5,5316.9,0.0682
5,5317.9,0.0682
5,5318.9,0.0682
5,5319.9,0.0682
5,5320.9,0.0682
5,5321.9,0.0682
5,5323.9,0.0682
5,5325,0.0682
5,5326,0.0682
5,5327,0.0682
5,5328,0.0682
5,5329,0.0682
5,5330,0.0682
5,5331,0.0682
5,5332,0.0682
5,5333,0.0682
5,5334,0.0682
5,5335,0.0682
5,5336,0.0682
5,5337,0.0682
5,5338,0.0682
5,5339.1,0.0682
5,5340.1,0.0682
5,5341.1,0.0682
5,5342.1,0.0682
5,5344.1,0.0682
5,5345.1,0.0682
5,5346.1,0.0682
5,5347.1,0.0682
5,5348.1,0.0682
5,5349.1,0.0682
5,5350.2,0.0682
5,5351.2,0.0682
5,5352.2,0.0682
5,5353.2,0.0682
5,5354.2,0.0682
5,5355.2,0.0682
5,5356.2,0.0682
5,5357.2,0.0682
5,5358.2,0.0682
5,5359.2,0.0682
5,5360.2,0.0682
5,5361.2,0.0682
5,5362.3,0.0682
5,5364.3,0.0682
5,5365.3,0.0682
5,5366.3,0.0682
5,5367.3,0.0682
5,5368.3,0.0682
5,5369.3,0.0682
7,5372.3,0.0622
7,5373.3,0.0622
7,5374.3,0.0622
7,5375.3,0.0665
7,5376.3,0.0622
7,5378.4,0.0673
7,5379.4,0.0631
7,5380.4,0.0673
7,5381.4,0.0673
7,5382.4,0.0673
7,5383.4,0.0673
7,5384.4,0.0673
7,5385.4,0.0631
7,5386.4,0.0631
7,5387.4,0.0673
7,5388.4,0.0631
7,5389.5,0.0639
7,5390.5,0.0639
7,5391.5,0.0648
7,5392.5,0.069
7,5393.5,0.069
7,5394.5,0.0656
7,5395.5,0.0699
7,5396.5,0.0699
7,5398.5,0.0707
7,5399.5,0.0707
7,5400.5,0.0707
7,5401.6,0.0707
7,5402.6,0.0707
7,5403.6,0.075
7,5404.6,0.0707
7,5405.6,0.0707
7,5406.6,0.075
7,5407.6,0.0707
7,5408.6,0.0707
7,5409.6,0.0673
7,5410.7,0.0716
7,5411.7,0.0673
7,5412.7,0.0724
7,5413.7,0.0724
7,5414.7,0.069
7,5415.7,0.0733
7,5416.7,0.0775
7,5418.7,0.0699
7,5419.7,0.0741
7,5420.7,0.0741
7,5421.7,0.0741
7,5422.8,0.0741
7,5423.8,0.0741
7,5424.8,0.0741
7,5425.8,0.0741
7,5426.8,0.0741
7,5427.8,0.0741
7,5428.8,0.0741
7,5429.8,0.0784
7,5430.8,0.0707
7,5431.8,0.075
7,5432.8,0.0792
7,5433.8,0.0716
7,5434.8,0.0758
7,5435.8,0.0758
7,5436.8,0.0724
7,5438.8,0.0767
7,5439.8,0.0767
7,5440.8,0.0767
7,5441.8,0.0767
7,5442.9,0.0767
7,5443.9,0.0767
7,5444.9,0.0724
7,5445.9,0.0767
7,5446.9,0.0767
7,5447.9,0.0767
7,5448.9,0.0724
7,5449.9,0.0733
7,5450.9,0.0775
7,5451.9,0.0818
7,5452.9,0.0775
7,5454,0.0784
7,5455,0.0828
7,5456,0.0784
7,5457,0.075
7,5459,0.0792
7,5460,0.0794
7,5461,0.0792
7,5462,0.0836
7,5463,0.0792
7,5464,0.0792
7,5465,0.0792
7,5466,0.0792
7,5467.1,0.0836
7,5468.1,0.0836
7,5469.1,0.0792
7,5470.1,0.0758
7,5471.1,0.0803
7,5472.1,0.0801
7,5473.1,0.0758
7,5474.1,0.0767
7,5475.1,0.0809
7,5476.1,0.0809
7,5477.1,0.0775
7,5479.1,0.0818
7,5480.2,0.082
7,5481.2,0.0818
7,5482.2,0.0818
7,5483.2,0.0818
7,5484.2,0.0818
7,5485.2,0.0818
7,5486.2,0.082
7,5487.2,0.082
7,5488.2,0.0818
7,5489.3,0.082
7,5490.3,0.0818
7,5491.3,0.082
7,5492.3,0.0828
7,5493.3,0.0828
7,5494.3,0.0828
7,5495.3,0.0792
7,5496.3,0.0836
7,5497.3,0.0792
7,5499.3,0.0879
7,5500.3,0.0792
7,5501.3,0.0792
7,5502.3,0.0792
7,5503.3,0.0794
7,5504.4,0.0792
7,5505.4,0.0794
7,5506.4,0.0801
7,5507.4,0.0792
7,5508.4,0.0801
7,5509.4,0.0801
7,5510.4,0.0801
7,5511.4,0.0803
7,5512.4,0.0801
7,5513.4,0.0803
7,5514.4,0.0811
7,5515.4,0.0811
7,5516.4,0.0811
7,5517.4,0.0811
7,5519.5,0.082
7,5520.5,0.0836
7,5521.5,0.0836
7,5522.5,0.082
7,5523.5,0.0836
7,5524.5,0.082
7,5525.5,0.0836
7,5526.5,0.0836
7,5527.5,0.0836
7,5528.5,0.0836
7,5529.5,0.0818
7,5530.5,0.0836
7,5531.6,0.0904
7,5532.6,0.0828
7,5533.6,0.0828
7,5534.6,0.087
7,5535.6,0.087
7,5536.6,0.087
7,5537.6,0.0828
7,5539.6,0.0879
7,5540.6,0.0879
7,5541.6,0.0879
7,5542.6,0.0879
7,5543.7,0.0879
7,5544.7,0.0879
7,5545.7,0.0879
7,5546.7,0.0879
7,5547.7,0.0879
7,5548.7,0.0879
7,5549.7,0.0879
7,5550.7,0.0921
7,5551.8,0.0879
7,5552.8,0.0836
7,5553.8,0.0887
7,5554.8,0.0887
7,5555.8,0.0887
7,5556.8,0.0811
7,5557.8,0.0811
7,5559.8,0.0896
7,5560.8,0.0896
7,5561.8,0.0896
7,5562.8,0.0896
7,5563.8,0.0896
7,5564.8,0.0896
7,5565.8,0.0896
7,5566.8,0.0896
7,5567.9,0.0896
7,5568.9,0.0896
7,5569.9,0.0896
7,5570.9,0.0896
7,5571.9,0.0818
7,5572.9,0.0836
7,5573.9,0.0904
7,5574.9,0.0904
7,5575.9,0.0947
7,5576.9,0.0904
7,5577.9,0.087
7,5579.9,0.087
7,5580.9,0.0913
7,5581.9,0.0913
7,5582.9,0.0913
7,5584,0.0913
7,5585,0.0913
7,5586,0.0913
7,5587,0.0913
7,5588,0.0913
7,5589,0.0913
7,5590,0.0913
7,5591,0.0913
7,5592,0.0956
7,5593,0.0913
7,5594,0.0879
7,5595,0.0921
7,5596.1,0.0921
7,5597.1,0.0921
7,5598.1,0.0966
7,5600.1,0.0921
7,5601.1,0.0887
7,5602.1,0.0887
7,5603.1,0.0887
7,5604.1,0.0887
7,5605.1,0.0887
7,5606.1,0.0887
7,5607.1,0.0887
7,5608.2,0.0887
7,5609.2,0.0887
7,5610.2,0.0887
7,5611.2,0.093
7,5612.2,0.093
7,5613.2,0.093
7,5614.2,0.093
7,5615.2,0.0887
7,5616.2,0.0896
7,5617.2,0.0896
7,5618.2,0.0939
7,5620.2,0.0939
7,5621.2,0.0939
7,5622.3,0.0939
7,5623.3,0.0939
7,5624.3,0.0939
7,5625.3,0.0939
7,5626.3,0.0939
7,5627.3,0.0939
7,5628.3,0.0939
7,5629.3,0.0939
7,5630.3,0.0939
7,5631.3,0.0896
7,5632.3,0.0904
7,5633.3,0.0904
7,5634.4,0.0947
7,5635.4,0.0947
7,5636.4,0.0947
7,5637.4,0.0947
7,5638.4,0.0904
7,5640.4,0.0913
7,5641.4,0.0913
7,5642.4,0.0913
7,5643.4,0.0913
7,5644.5,0.0913
7,5645.5,0.0913
7,5646.5,0.0913
7,5647.5,0.0913
7,5648.5,0.0913
7,5649.5,0.0913
7,5650.5,0.0913
7,5651.5,0.0956
7,5652.5,0.0956
7,5653.5,0.0956
7,5654.5,0.0998
7,5655.5,0.0956
7,5656.5,0.0956
7,5657.6,0.0921
7,5658.6,0.0964
7,5660.6,0.0964
7,5661.6,0.0966
7,5662.6,0.0964
7,5663.6,0.0966
7,5664.6,0.0964
7,5665.6,0.0964
7,5666.6,0.0964
7,5667.6,0.0966
7,5668.6,0.0964
7,5669.6,0.0966
7,5670.6,0.0964
7,5671.7,0.0964
7,5672.7,0.1008
7,5673.7,0.0966
7,5674.7,0.0966
7,5675.7,0.093
7,5676.7,0.0974
7,5677.7,0.0973
7,5678.7,0.0974
7,5680.7,0.0973
7,5681.7,0.1017
7,5682.7,0.1017
7,5683.7,0.1017
7,5684.7,0.1017
7,5685.7,0.1017
7,5686.8,0.1017
7,5687.8,0.1017
7,5688.8,0.1017
7,5689.8,0.1017
7,5690.8,0.1017
7,5691.8,0.0973
7,5692.8,0.093
7,5693.8,0.0939
7,5694.9,0.0981
7,5695.9,0.0981
7,5696.9,0.0983
7,5697.9,0.0981
7,5698.9,0.1025
7,5700.9,0.1025
7,5701.9,0.0981
7,5702.9,0.0981
7,5703.9,0.0981
7,5704.9,0.0981
7,5706,0.0981
7,5707,0.0983
7,5708,0.0983
7,5709,0.0981
7,5710,0.0981
7,5711,0.0981
7,5712,0.0947
7,5713.1,0.0947
7,5714.1,0.0989
7,5715.1,0.0991
7,5716.1,0.0991
7,5717.1,0.0991
7,5718.1,0.1034
7,5719.1,0.1034
7,5721.1,0.0991
7,5722.1,0.0991
7,5723.1,0.0991
7,5724.1,0.0989
7,5725.1,0.0991
7,5726.1,0.0991
7,5727.1,0.0991
7,5728.1,0.0991
7,5729.1,0.0991
7,5730.1,0.0991
7,5731.2,0.0956
7,5732.2,0.0956
7,5733.2,0.1
7,5734.2,0.1
7,5735.2,0.1
7,5736.2,0.0998
7,5737.2,0.1042
7,5738.2,0.1042
7,5740.2,0.1042
7,5741.2,0.1
7,5742.2,0.0998
7,5743.2,0.1
7,5744.2,0.1
7,5745.3,0.1
7,5746.3,0.1
7,5747.3,0.1
7,5748.3,0.1
7,5749.3,0.1
7,5750.3,0.1
7,5751.3,0.0998
7,5752.3,0.0966
7,5753.3,0.0964
7,5754.3,0.1008
7,5755.4,0.1008
7,5756.4,0.1008
7,5757.4,0.1051
7,5758.4,0.1051
7,5760.4,0.1051
7,5761.4,0.1051
7,5762.5,0.1051
7,5763.5,0.1051
7,5764.5,0.1051
7,5765.5,0.1051
7,5766.5,0.1051
7,5767.5,0.1008
7,5768.5,0.1051
7,5769.5,0.1051
7,5770.5,0.1008
7,5771.5,0.1008
7,5772.5,0.1008
7,5773.5,0.0974
7,5774.5,0.0973
7,5775.6,0.1017
7,5776.6,0.1017
7,5777.6,0.1017
7,5778.6,0.1017
7,5780.6,0.1059
7,5781.6,0.1059
7,5782.6,0.1059
7,5783.6,0.1059
7,5784.6,0.1059
7,5785.6,0.1059
7,5786.7,0.1059
7,5787.7,0.1059
7,5788.7,0.1059
7,5789.7,0.1059
7,5790.7,0.1059
7,5791.7,0.1059
7,5792.7,0.1059
7,5793.7,0.1017
7,5794.7,0.1017
7,5795.7,0.0981
7,5796.7,0.0981
7,5797.7,0.0983
7,5798.7,0.1025
7,5800.8,0.1025
7,5801.8,0.1025
7,5802.8,0.1025
7,5803.8,0.1025
7,5804.8,0.1025
7,5805.8,0.1025
7,5806.8,0.1025
7,5807.8,0.1025
7,5808.8,0.1025
7,5809.8,0.1025
7,5810.8,0.1025
7,5811.8,0.1025
7,5812.8,0.1025
7,5813.8,0.1068
7,5814.8,0.1068
7,5815.9,0.1025
7,5816.9,0.1025
7,5817.9,0.0983
7,5818.9,0.0989
7,5820.9,0.0991
7,5821.9,0.0991
7,5822.9,0.0991
7,5823.9,0.0989
7,5824.9,0.0989
7,5825.9,0.0991
7,5826.9,0.0991
7,5828,0.0991
7,5829,0.0991
7,5830,0.0991
7,5831,0.0991
7,5832,0.1034
7,5833,0.1034
7,5834,0.1034
7,5835,0.1034
7,5836,0.1034
7,5837,0.1076
7,5838.1,0.1076
7,5839.1,0.1076
7,5841.1,0.1076
7,5842.1,0.1076
7,5843.1,0.1034
7,5844.1,0.1034
7,5845.1,0.1034
7,5846.1,0.1034
7,5847.1,0.1034
7,5848.1,0.1034
7,5849.1,0.1034
7,5850.1,0.1034
7,5851.1,0.1034
7,5852.2,0.1034
7,5853.2,0.1034
7,5854.2,0.1034
7,5855.2,0.1
7,5856.2,0.1
7,5857.2,0.1042
7,5858.2,0.1042
7,5859.2,0.1042
7,5861.2,0.1042
7,5862.2,0.1042
7,5863.2,0.1042
7,5864.3,0.1042
7,5865.3,0.1042
7,5866.3,0.1042
7,5867.3,0.1042
7,5868.3,0.1042
7,5869.3,0.1042
7,5870.3,0.1042
7,5871.3,0.1042
7,5872.3,0.1085
7,5873.3,0.1085
7,5874.3,0.1085
7,5875.3,0.1085
7,5876.4,0.1085
7,5877.4,0.1085
7,5878.4,0.1042
7,5879.4,0.1042
7,5881.4,0.1042
7,5882.4,0.1042
7,5883.4,0.1042
7,5884.4,0.1042
7,5885.4,0.1042
7,5886.4,0.1042
7,5887.5,0.1042
7,5888.5,0.1042
7,5889.5,0.1042
7,5890.5,0.1042
7,5891.5,0.1042
7,5892.5,0.1042
7,5893.5,0.1008
7,5894.5,0.1051
7,5895.5,0.1051
7,5896.5,0.1051
7,5897.5,0.1051
7,5898.5,0.1051
7,5899.6,0.1051
7,5901.6,0.1051
7,5902.6,0.1093
7,5903.6,0.1093
7,5904.6,0.1093
7,5905.6,0.1093
7,5906.6,0.1093
7,5907.6,0.1093
7,5908.6,0.1051
7,5909.6,0.1093
7,5910.6,0.1093
7,5911.6,0.1093
7,5912.7,0.1093
7,5913.7,0.1093
7,5914.7,0.1093
7,5915.7,0.1093
7,5916.7,0.1093
7,5917.7,0.1051
7,5918.8,0.1051
7,5919.8,0.1051
7,5921.8,0.1051
7,5922.8,0.1051
7,5923.8,0.1051
7,5924.8,0.1051
7,5925.8,0.1017
7,5926.8,0.1017
7,5927.8,0.1051
7,5928.8,0.1051
7,5929.8,0.1051
7,5930.8,0.1051
7,5931.8,0.1017
7,5932.8,0.1051
7,5933.8,0.1017
7,5934.8,0.1059
7,5935.8,0.1059
7,5936.9,0.1059
7,5937.9,0.1059
7,5938.9,0.1059
7,5939.9,0.1059
7,5941.9,0.1059
7,5942.9,0.1059
7,5943.9,0.1059
7,5944.9,0.1059
7,5945.9,0.1059
7,5946.9,0.1059
7,5947.9,0.1059
7,5948.9,0.1102
7,5949.9,0.1059
7,5950.9,0.1059
7,5951.9,0.1059
7,5952.9,0.1102
7,5954,0.1102
7,5955,0.1102
7,5956,0.1102
7,5957,0.1102
7,5958,0.1102
7,5959,0.1102
7,5960,0.1059
7,5962,0.1059
7,5963,0.1059
7,5964.1,0.1059
7,5965.1,0.1059
7,5966.1,0.1059
7,5967.1,0.1059
7,5968.1,0.1059
7,5969.1,0.1059
7,5970.1,0.1059
7,5971.1,0.1059
7,5972.1,0.1059
7,5973.1,0.1059
7,5974.2,0.1025
7,5975.2,0.1059
7,5976.2,0.1025
7,5977.2,0.1025
7,5978.2,0.1025
7,5979.2,0.1068
7,5980.2,0.1068
7,5982.2,0.1068
7,5983.2,0.1068
7,5984.2,0.1068
7,5985.3,0.1068
7,5986.3,0.1068
7,5987.3,0.1068
7,5988.3,0.1068
7,5989.3,0.1068
7,5990.3,0.1068
7,5991.3,0.1068
7,5992.3,0.1068
7,5993.3,0.1068
7,5994.3,0.1068
7,5995.3,0.1068
7,5996.3,0.1068
7,5997.4,0.1068
7,5998.4,0.111
7,5999.4,0.111
7,6000.4,0.111
7,6002.4,0.111
7,6003.4,0.111
7,6004.4,0.111
7,6005.4,0.111
7,6006.4,0.111
7,6007.4,0.111
7,6008.4,0.111
7,6009.4,0.111
7,6010.5,0.111
7,6011.5,0.111
7,6012.5,0.111
7,6013.5,0.111
7,6014.5,0.111
7,6015.5,0.1068
7,6016.5,0.1068
7,6017.5,0.1068
7,6018.5,0.1068
7,6019.5,0.1068
7,6020.5,0.1068
7,6022.6,0.1068
7,6023.6,0.1068
7,6024.6,0.1068
7,6025.6,0.1068
7,6026.6,0.1068
7,6027.6,0.1068
7,6028.6,0.1068
7,6029.6,0.1068
7,6030.6,0.1068
7,6031.6,0.1068
7,6032.6,0.1068
7,6033.6,0.1034
7,6034.7,0.1034
7,6035.7,0.1068
7,6036.7,0.1034
7,6037.7,0.1034
7,6038.7,0.1076
7,6039.7,0.1076
7,6040.7,0.1076
7,6042.7,0.1076
7,6043.7,0.1076
7,6044.7,0.1076
7,6045.8,0.1076
7,6046.8,0.1076
7,6047.8,0.1076
7,6048.8,0.1076
7,6049.8,0.1076
7,6050.8,0.1076
7,6051.8,0.1076
7,6052.8,0.1076
7,6053.8,0.1076
7,6054.8,0.1076
7,6055.8,0.1076
7,6056.8,0.1076
7,6057.9,0.1076
7,6058.9,0.1076
7,6059.9,0.1076
7,6060.9,0.1119
7,6062.9,0.1119
7,6063.9,0.1119
7,6064.9,0.1119
7,6065.9,0.1119
7,6066.9,0.1119
7,6067.9,0.1119
7,6068.9,0.1119
7,6069.9,0.1119
7,6071,0.1119
7,6072,0.1119
7,6073,0.1119
7,6074,0.1119
7,6075,0.1119
7,6076,0.1119
7,6077,0.1119
7,6078,0.1119
7,6079,0.1119
7,6080,0.1119
7,6081,0.1119
7,6083,0.1119
7,6084,0.1076
7,6085.1,0.1076
7,6086.1,0.1119
7,6087.1,0.1119
7,6088.1,0.1076
7,6089.1,0.1076
7,6090.1,0.1076
7,6091.1,0.1119
7,6092.1,0.1119
7,6093.1,0.1119
7,6094.1,0.1076
7,6095.1,0.1076
7,6096.1,0.1076
7,6097.1,0.1076
7,6098.1,0.1076
7,6099.1,0.1076
7,6100.2,0.1076
7,6101.2,0.1076
7,6103.2,0.1076
7,6104.2,0.1076
7,6105.2,0.1076
7,6106.2,0.1076
7,6107.2,0.1076
7,6108.2,0.1076
7,6109.2,0.1076
7,6110.3,0.1076
7,6111.3,0.1076
7,6112.3,0.1076
7,6113.3,0.1076
7,6114.3,0.1076
7,6115.3,0.1076
7,6116.3,0.1076
7,6117.3,0.1042
7,6118.3,0.1076
7,6119.3,0.1042
7,6120.3,0.1042
7,6121.3,0.1085
7,6123.3,0.1085
7,6124.3,0.1085
7,6125.3,0.1085
7,6126.4,0.1085
7,6127.4,0.1085
7,6128.4,0.1085
7,6129.4,0.1085
7,6130.4,0.1085
7,6131.4,0.1085
7,6132.4,0.1085
7,6133.4,0.1085
7,6134.5,0.1085
7,6135.5,0.1085
7,6136.5,0.1085
7,6137.5,0.1085
7,6138.5,0.1085
7,6139.5,0.1085
7,6140.5,0.1085
7,6141.5,0.1085
7,6143.5,0.1085
7,6144.5,0.1085
7,6145.5,0.1085
7,6146.6,0.1085
7,6147.6,0.1085
7,6148.6,0.1085
7,6149.6,0.1085
7,6150.6,0.1085
7,6151.6,0.1085
7,6152.6,0.1085
7,6153.6,0.1085
7,6154.6,0.1085
7,6155.6,0.1085
7,6156.6,0.1127
7,6157.6,0.1127
7,6158.6,0.1127
7,6159.7,0.1127
7,6160.7,0.1129
7,6161.7,0.1129
7,6163.7,0.1127
7,6164.7,0.1127
7,6165.7,0.1127
7,6166.7,0.1127
7,6167.7,0.1129
7,6168.7,0.1127
7,6169.7,0.1129
7,6170.7,0.1127
7,6171.7,0.1127
7,6172.7,0.1127
7,6173.7,0.1127
7,6174.8,0.1127
7,6175.8,0.1129
7,6176.8,0.1127
7,6177.8,0.1129
7,6178.8,0.1127
7,6179.8,0.1129
7,6180.8,0.1127
7,6181.8,0.1129
7,6183.8,0.1129
7,6184.8,0.1085
7,6185.8,0.1085
7,6186.9,0.1085
7,6187.9,0.1085
7,6188.9,0.1085
7,6189.9,0.1085
7,6190.9,0.1085
7,6191.9,0.1085
7,6192.9,0.1085
7,6193.9,0.1085
7,6194.9,0.1085
7,6195.9,0.1085
7,6197,0.1085
7,6198,0.1085
7,6199,0.1085
7,6200,0.1085
7,6201,0.1085
7,6202,0.1085
7,6204,0.1085
7,6205,0.1085
7,6206,0.1085
7,6207,0.1085
7,6208,0.1085
7,6209.1,0.1085
7,6210.1,0.1085
7,6211.1,0.1085
7,6212.1,0.1085
7,6213.1,0.1085
7,6214.1,0.1085
7,6215.1,0.1085
7,6216.1,0.1085
7,6217.1,0.1085
7,6218.1,0.1085
7,6219.2,0.1085
7,6220.2,0.1085
7,6221.2,0.1085
7,6222.2,0.1051
7,6224.2,0.1085
7,6225.2,0.1051
7,6226.2,0.1051
7,6227.2,0.1085
7,6228.2,0.1085
7,6229.2,0.1051
7,6230.2,0.1051
7,6231.3,0.1093
7,6232.3,0.1085
7,6233.3,0.1051
7,6234.3,0.1051
7,6235.3,0.1051
7,6236.3,0.1093
7,6237.3,0.1093
7,6238.3,0.1093
7,6239.3,0.1093
7,6240.3,0.1093
7,6241.3,0.1093
7,6242.3,0.1093
7,6244.3,0.1093
7,6245.3,0.1093
7,6246.4,0.1093
7,6247.4,0.1093
7,6248.4,0.1093
7,6249.4,0.1093
7,6250.4,0.1093
7,6251.4,0.1093
7,6252.4,0.1093
7,6253.4,0.1093
7,6254.4,0.1093
7,6255.4,0.1093
7,6256.4,0.1093
7,6257.5,0.1093
7,6258.5,0.1093
7,6259.5,0.1093
7,6260.5,0.1093
7,6261.5,0.1093
7,6262.5,0.1093
7,6264.5,0.1093
7,6265.5,0.1093
7,6266.5,0.1093
7,6267.6,0.1093
7,6268.6,0.1093
7,6269.6,0.1093
7,6270.6,0.1093
7,6271.6,0.1093
7,6272.6,0.1093
7,6273.6,0.1093
7,6274.6,0.1093
7,6275.6,0.1093
7,6276.6,0.1093
7,6277.6,0.1093
7,6278.6,0.1136
7,6279.6,0.1136
7,6280.6,0.1136
7,6281.6,0.1136
7,6282.7,0.1136
7,6284.7,0.1136
7,6285.7,0.1136
7,6286.7,0.1136
7,6287.7,0.1137
7,6288.7,0.1136
7,6289.7,0.1136
7,6290.7,0.1136
7,6291.7,0.1136
7,6292.7,0.1136
7,6293.8,0.1136
7,6294.8,0.1136
7,6295.8,0.1136
7,6296.8,0.1136
7,6297.8,0.1137
7,6298.8,0.1136
7,6299.8,0.1136
7,6300.8,0.1136
7,6301.8,0.1136
7,6302.8,0.1137
7,6304.8,0.1136
7,6305.8,0.1136
7,6306.8,0.1136
7,6307.9,0.1136
7,6308.9,0.1136
7,6309.9,0.1136
7,6310.9,0.1136
7,6311.9,0.1136
7,6312.9,0.1136
7,6313.9,0.1136
7,6314.9,0.1136
7,6316,0.1137
7,6317,0.1136
7,6318,0.1136
7,6319,0.1136
7,6320,0.1136
7,6321,0.1136
7,6322,0.1136
7,6323,0.1137
7,6325,0.1136
7,6326,0.1136
7,6327,0.1136
7,6328,0.1136
7,6329,0.1137
7,6330,0.1137
7,6331,0.1137
7,6332,0.1137
7,6333,0.1137
7,6334.1,0.1137
7,6335.1,0.1136
7,6336.1,0.1136
7,6337.1,0.1093
7,6338.1,0.1136
7,6339.1,0.1093
7,6340.1,0.1093
7,6341.1,0.1093
7,6342.1,0.1093
7,6344.1,0.1093
7,6345.1,0.1093
7,6346.1,0.1093
7,6347.1,0.1093
7,6348.1,0.1093
7,6349.1,0.1093
7,6350.1,0.1093
7,6351.2,0.1137
7,6352.2,0.1093
7,6353.2,0.1093
7,6354.2,0.1093
7,6355.2,0.1093
7,6356.2,0.1093
7,6357.2,0.1093
7,6358.2,0.1093
7,6359.2,0.1093
7,6360.2,0.1093
7,6361.2,0.1093
7,6362.2,0.1093
7,6364.2,0.1093
7,6365.3,0.1093
7,6366.3,0.1093
7,6367.3,0.1093
7,6368.3,0.1093
7,6369.3,0.1093
7,6370.3,0.1093
7,6371.3,0.1093
7,6372.3,0.1093
7,6373.3,0.1093
7,6374.3,0.1093
7,6375.3,0.1093
7,6376.3,0.1093
7,6377.4,0.1093
7,6378.4,0.1093
7,6379.4,0.1093
7,6380.4,0.1093
7,6381.4,0.1093
7,6382.4,0.1093
7,6384.4,0.1093
7,6385.4,0.1093
7,6386.4,0.1093
7,6387.4,0.1093
7,6388.4,0.1093
7,6389.5,0.1093
7,6390.5,0.1093
7,6391.5,0.1093
7,6392.5,0.1093
7,6393.5,0.1093
7,6394.5,0.1093
7,6395.5,0.1093
7,6396.5,0.1093
7,6397.5,0.1093
7,6398.5,0.1093
7,6399.5,0.1093
7,6400.6,0.1093
7,6401.6,0.1093
7,6402.6,0.1093
7,6404.6,0.1093
7,6405.6,0.1093
7,6406.6,0.1093
7,6407.6,0.1093
7,6408.6,0.1093
7,6409.6,0.1093
7,6410.6,0.1093
7,6411.6,0.1093
7,6412.6,0.1093
7,6413.7,0.1093
7,6414.7,0.1093
7,6415.7,0.1093
7,6416.7,0.1093
7,6417.7,0.1093
7,6418.7,0.1093
7,6419.7,0.1093
7,6420.7,0.1093
7,6421.7,0.1093
7,6422.7,0.1093
7,6424.7,0.1059
7,6425.7,0.1093
7,6426.8,0.1059
7,6427.8,0.1059
7,6428.8,0.1093
7,6429.8,0.1093
7,6430.8,0.1059
7,6431.8,0.1093
7,6432.8,0.1093
7,6433.8,0.1059
7,6434.8,0.1093
7,6435.8,0.1059
7,6436.8,0.1059
7,6437.8,0.1093
7,6438.8,0.1093
7,6439.9,0.1059
7,6440.9,0.1059
7,6441.9,0.1059
7,6442.9,0.1102
7,6444.9,0.1102
7,6445.9,0.1102
7,6446.9,0.1102
7,6447.9,0.1102
7,6448.9,0.1102
7,6449.9,0.1102
7,6450.9,0.1102
7,6451.9,0.1102
7,6452.9,0.1102
7,6454,0.1102
7,6455,0.1102
7,6456,0.1102
7,6457,0.1102
7,6458,0.1102
7,6459,0.1102
7,6460,0.1102
7,6461,0.1102
7,6462,0.1102
7,6463,0.1102
7,6465,0.1102
7,6466.1,0.1102
7,6467.1,0.1102
7,6468.1,0.1102
7,6469.1,0.1102
7,6470.1,0.1102
7,6471.1,0.1102
7,6472.1,0.1102
7,6473.1,0.1102
7,6474.1,0.1102
7,6475.2,0.1102
7,6476.2,0.1102
7,6477.2,0.1102
7,6478.2,0.1102
7,6479.2,0.1102
7,6480.2,0.1102
7,6481.2,0.1102
7,6482.2,0.1102
7,6483.2,0.1102
7,6485.3,0.1102
7,6486.3,0.1102
7,6487.3,0.1102
7,6488.3,0.1102
7,6489.3,0.1102
7,6490.3,0.1102
7,6491.3,0.1102
7,6492.3,0.1102
7,6493.3,0.1102
7,6494.3,0.1102
7,6495.3,0.1102
7,6496.4,0.1102
7,6497.4,0.1102
7,6498.4,0.1102
7,6499.4,0.1102
7,6500.4,0.1102
7,6501.4,0.1102
7,6502.4,0.1102
7,6503.4,0.1102
7,6505.4,0.1102
7,6506.4,0.1102
7,6507.4,0.1102
7,6508.4,0.1102
7,6509.4,0.1102
7,6510.5,0.1102
7,6511.5,0.1102
7,6512.5,0.1102
7,6513.5,0.1102
7,6514.5,0.1102
7,6515.5,0.1102
7,6516.5,0.1102
7,6517.5,0.1102
7,6518.5,0.1102
7,6519.5,0.1102
7,6520.5,0.1102
7,6521.5,0.1102
7,6522.5,0.1102
7,6523.6,0.1102
7,6525.6,0.1102
7,6526.6,0.1102
7,6527.6,0.1102
7,6528.6,0.1102
7,6529.6,0.1102
7,6530.6,0.1102
7,6531.6,0.1102
7,6532.6,0.1102
7,6533.6,0.1102
7,6534.6,0.1102
7,6535.7,0.1102
7,6536.7,0.1102
7,6537.7,0.1102
7,6538.7,0.1102
7,6539.7,0.1102
7,6540.7,0.1102
7,6541.7,0.1102
7,6542.7,0.1102
7,6543.7,0.1102
7,6545.7,0.1102
7,6546.7,0.1102
7,6547.7,0.1102
7,6548.7,0.1102
7,6549.8,0.1102
7,6550.8,0.1102
7,6551.8,0.1102
7,6552.8,0.1102
7,6553.8,0.1102
7,6554.8,0.1102
7,6555.8,0.1102
7,6556.8,0.0939
7,6557.8,0.1102
7,6558.8,0.1102
7,6559.8,0.1102
7,6560.9,0.1102
7,6561.9,0.1102
7,6562.9,0.1102
7,6563.9,0.1102
7,6565.9,0.1102
7,6566.9,0.1102
7,6567.9,0.1102
7,6568.9,0.1102
7,6569.9,0.1102
7,6570.9,0.1102
7,6571.9,0.1102
7,6572.9,0.1102
7,6573.9,0.1102
7,6574.9,0.1102
7,6576,0.1102
7,6577,0.1102
7,6578,0.1102
7,6579,0.1102
7,6580,0.1102
7,6581,0.1102
7,6582,0.1102
7,6583.1,0.1102
7,6584.1,0.1102
7,6586.1,0.1102
7,6587.1,0.1102
7,6588.1,0.1102
7,6589.1,0.1102
7,6590.1,0.1102
7,6591.1,0.1102
7,6592.1,0.1102
7,6593.1,0.1102
7,6594.1,0.1102
7,6595.1,0.1102
7,6596.1,0.1102
7,6597.1,0.1102
7,6598.1,0.1102
7,6599.1,0.1102
7,6600.1,0.1102
7,6601.2,0.1102
7,6602.2,0.1102
7,6603.2,0.1102
7,6604.2,0.1102
7,6606.2,0.1102
7,6607.2,0.1102
7,6608.2,0.1102
7,6609.2,0.1102
7,6610.2,0.1102
7,6611.2,0.1102
7,6612.2,0.1102
7,6613.2,0.1102
7,6614.3,0.1102
7,6615.3,0.1102
7,6616.3,0.1102
7,6617.3,0.1102
7,6618.3,0.1102
7,6619.3,0.1102
7,6620.3,0.1102
7,6621.3,0.1102
7,6622.4,0.1102
7,6623.4,0.1102
7,6624.4,0.1102
7,6626.4,0.1102
7,6627.4,0.1102
7,6628.4,0.1102
7,6629.4,0.1102
7,6630.4,0.1102
7,6631.4,0.1102
7,6632.5,0.1102
7,6633.5,0.1102
7,6634.5,0.1102
7,6635.5,0.1102
7,6636.5,0.1102
7,6637.5,0.1102
7,6638.5,0.1102
7,6639.5,0.1102
7,6640.6,0.1102
7,6641.6,0.1102
7,6642.6,0.1102
7,6643.6,0.1102
7,6644.6,0.1102
7,6646.6,0.1102
7,6647.6,0.1102
7,6648.6,0.1102
7,6649.6,0.1102
7,6650.6,0.1102
7,6651.6,0.1102
7,6652.6,0.1102
7,6653.6,0.1102
7,6654.6,0.1102
7,6655.6,0.1102
7,6656.6,0.1102
7,6657.6,0.1102
7,6658.6,0.1102
7,6659.7,0.1102
7,6660.7,0.1102
7,6661.7,0.1102
7,6662.7,0.1102
7,6663.7,0.1102
7,6664.7,0.1102
7,6666.7,0.1102
7,6667.7,0.1102
7,6668.7,0.1102
7,6669.7,0.1102
7,6670.7,0.1102
7,6671.7,0.1102
7,6672.8,0.1102
7,6673.8,0.1102
7,6674.8,0.1102
7,6675.8,0.1102
7,6676.8,0.1102
7,6677.8,0.1102
7,6678.8,0.1102
7,6679.8,0.1102
7,6680.8,0.1102
7,6681.8,0.1102
7,6682.8,0.1102
7,6683.8,0.1102
7,6684.9,0.1102
7,6686.9,0.1102
7,6687.9,0.1102
7,6688.9,0.1102
7,6689.9,0.1102
7,6690.9,0.1102
7,6691.9,0.1102
7,6692.9,0.1102
7,6693.9,0.1102
7,6694.9,0.1102
7,6695.9,0.1102
7,6696.9,0.1102
7,6697.9,0.1102
7,6699,0.1102
7,6700,0.1102
7,6701,0.1102
7,6702,0.1102
7,6703,0.1102
7,6704,0.1102
7,6705,0.1102
7,6707,0.1102
7,6708,0.1102
7,6709,0.1102
7,6710,0.1102
7,6711.1,0.1102
7,6712.1,0.1102
7,6713.1,0.1102
7,6714.1,0.1102
7,6715.1,0.1102
7,6716.1,0.1102
7,6717.1,0.1102
7,6718.1,0.1102
7,6719.1,0.1102
7,6720.1,0.1102
7,6721.1,0.1102
7,6722.1,0.1102
7,6723.1,0.1102
7,6724.2,0.1102
7,6725.2,0.1102
7,6727.2,0.1102
7,6728.2,0.1102
7,6729.2,0.1102
7,6730.2,0.1102
7,6731.2,0.1102
7,6732.2,0.1102
7,6733.2,0.1102
7,6734.2,0.1102
7,6735.2,0.1102
7,6736.3,0.1102
7,6737.3,0.1102
7,6738.3,0.1102
7,6739.3,0.1102
7,6740.3,0.1102
7,6741.3,0.1102
7,6742.3,0.1102
7,6743.3,0.1102
7,6744.3,0.1102
7,6745.4,0.1102
7,6747.4,0.1102
7,6748.4,0.1102
7,6749.4,0.1102
7,6750.4,0.1102
7,6751.4,0.1102
7,6752.4,0.1102
7,6753.4,0.1102
7,6754.4,0.1102
7,6755.4,0.1102
7,6756.4,0.1102
7,6757.5,0.1102
7,6758.5,0.1102
7,6759.5,0.1102
7,6760.5,0.1102
7,6761.5,0.1102
7,6762.5,0.1102
7,6763.5,0.1102
7,6764.5,0.1102
7,6765.5,0.1102
7,6767.5,0.1102
7,6768.5,0.1102
7,6769.5,0.1102
7,6770.6,0.1102
7,6771.6,0.1102
7,6772.6,0.1102
7,6773.6,0.1102
7,6774.6,0.1102
7,6775.6,0.1102
7,6776.6,0.1102
7,6777.6,0.1102
7,6778.6,0.1102
7,6779.6,0.1102
7,6780.6,0.1102
7,6781.6,0.1102
7,6782.7,0.1102
7,6783.7,0.1102
7,6784.7,0.1102
7,6785.7,0.1102
7,6787.7,0.1102
7,6788.7,0.1102
7,6789.7,0.1102
7,6790.7,0.1102
7,6791.7,0.1102
7,6792.7,0.1102
7,6793.7,0.1102
7,6794.7,0.1102
7,6795.7,0.1102
7,6796.8,0.1102
7,6797.8,0.1102
7,6798.8,0.1102
7,6799.8,0.1102
7,6800.8,0.1102
7,6801.8,0.1102
7,6802.8,0.1102
7,6803.8,0.1102
7,6804.8,0.1102
7,6805.8,0.1102
7,6807.9,0.1102
7,6808.9,0.1102
7,6809.9,0.1102
7,6810.9,0.1102
7,6811.9,0.1102
7,6812.9,0.1102
7,6813.9,0.1102
7,6814.9,0.1102
7,6815.9,0.1102
7,6816.9,0.1102
7,6817.9,0.1102
7,6818.9,0.1102
7,6819.9,0.1102
7,6820.9,0.1102
7,6821.9,0.1102
7,6822.9,0.1102
7,6823.9,0.1102
7,6825,0.1102
7,6826,0.1102
7,6828,0.1102
7,6829,0.1102
7,6830,0.1102
7,6831,0.1102
7,6832,0.1102
7,6833,0.1102
7,6834,0.1102
7,6835,0.1102
7,6836.1,0.1102
7,6837.1,0.1102
7,6838.1,0.1102
7,6839.1,0.1102
7,6840.1,0.1102
7,6841.1,0.1102
7,6842.1,0.1102
7,6843.1,0.1102
7,6844.1,0.1102
7,6845.1,0.1102
7,6846.1,0.1102
7,6848.1,0.1102
7,6849.1,0.1102
7,6850.2,0.1102
7,6851.2,0.1102
7,6852.2,0.1102
7,6853.2,0.1102
7,6854.2,0.1102
7,6855.2,0.1102
7,6856.2,0.1102
7,6857.2,0.1102
7,6858.2,0.1102
7,6859.2,0.1102
7,6860.2,0.1102
7,6861.2,0.1102
7,6862.2,0.1102
7,6863.2,0.1102
7,6864.2,0.1102
7,6865.3,0.1102
7,6866.3,0.1102
7,6868.3,0.1102
7,6869.3,0.1102
7,6870.3,0.1102
7,6871.3,0.1102
7,6872.3,0.1102
7,6873.3,0.1102
7,6874.3,0.1102
7,6875.4,0.1102
7,6876.4,0.1102
7,6877.4,0.1102
7,6878.4,0.1102
7,6879.4,0.1102
7,6880.4,0.1102
7,6881.4,0.1102
7,6882.4,0.1102
7,6883.5,0.1102
7,6884.5,0.1102
7,6885.5,0.1102
7,6886.5,0.1102
7,6888.5,0.1102
7,6889.5,0.1102
7,6890.5,0.1102
7,6891.5,0.1102
7,6892.5,0.1102
7,6893.5,0.1102
7,6894.5,0.1102
7,6895.5,0.1102
7,6896.5,0.1102
7,6897.5,0.1102
7,6898.5,0.1102
7,6899.5,0.1102
7,6900.5,0.1102
7,6901.5,0.1102
7,6902.5,0.1102
7,6903.6,0.1102
7,6904.6,0.1102
7,6905.6,0.1102
7,6907.6,0.1102
7,6908.6,0.1102
7,6909.6,0.1102
7,6910.6,0.1102
7,6911.6,0.1102
7,6912.6,0.1102
7,6913.6,0.1102
7,6914.6,0.1102
7,6915.7,0.1102
7,6916.7,0.1102
7,6917.7,0.1102
7,6918.7,0.1102
7,6919.7,0.1102
7,6920.7,0.1102
7,6921.7,0.1102
7,6922.7,0.1102
7,6923.7,0.1102
7,6924.7,0.1102
7,6925.7,0.1102
7,6927.7,0.1102
7,6928.7,0.1102
7,6929.7,0.1102
7,6930.8,0.1102
7,6931.8,0.1102
7,6932.8,0.1102
7,6933.8,0.1102
7,6934.8,0.1102
7,6935.8,0.1102
7,6936.8,0.1102
7,6937.8,0.1102
7,6938.8,0.1102
7,6939.8,0.1102
7,6940.8,0.1102
7,6941.9,0.1102
7,6942.9,0.1102
7,6943.9,0.1102
7,6944.9,0.1102
7,6945.9,0.1102
7,6947.9,0.1102
7,6948.9,0.1102
7,6949.9,0.1102
7,6950.9,0.1102
7,6951.9,0.1102
7,6953,0.1102
7,6954,0.1102
7,6955,0.1102
7,6956,0.1102
7,6957,0.1102
7,6958,0.1102
7,6959,0.1102
7,6960,0.1102
7,6961,0.1102
7,6962,0.1102
7,6963,0.1102
7,6964,0.1102
7,6965,0.1102
7,6966.1,0.1102
7,6968.1,0.1102
7,6969.1,0.1102
7,6970.1,0.1102
7,6971.1,0.1102
7,6972.1,0.1102
7,6973.1,0.1102
7,6974.1,0.1102
7,6975.1,0.1102
7,6976.1,0.1102
7,6977.1,0.1102
7,6978.1,0.1102
7,6979.1,0.1102
7,6980.1,0.1102
7,6981.2,0.1102
7,6982.2,0.1102
7,6983.2,0.1102
7,6984.2,0.1102
7,6985.2,0.1102
7,6986.2,0.1102
7,6988.2,0.1102
7,6989.2,0.1102
7,6990.2,0.1102
7,6991.3,0.1102
7,6992.3,0.1102
7,6993.3,0.1102
7,6994.3,0.1102
7,6995.3,0.1102
7,6996.3,0.1102
7,6997.3,0.1102
7,6998.3,0.1102
7,6999.3,0.1102
7,7000.3,0.1102
7,7001.3,0.1102
7,7002.3,0.1102
7,7003.4,0.1102
7,7004.4,0.1102
7,7005.4,0.1102
7,7006.4,0.1102
7,7008.4,0.1102
7,7009.4,0.1102
7,7010.4,0.1102
7,7011.4,0.1102
7,7012.4,0.1102
7,7013.4,0.1102
7,7014.4,0.1102
7,7015.4,0.1102
7,7016.4,0.1102
7,7017.5,0.1102
7,7018.5,0.1102
7,7019.5,0.1102
7,7020.5,0.1102
7,7021.5,0.1102
7,7022.5,0.1102
7,7023.5,0.1102
7,7024.5,0.1102
7,7025.5,0.1102
7,7026.5,0.1102
7,7028.6,0.1102
7,7029.6,0.1102
7,7030.6,0.1102
7,7031.6,0.1102
7,7032.6,0.1102
7,7033.6,0.1102
7,7034.6,0.1102
7,7035.6,0.1102
7,7036.6,0.1102
7,7037.6,0.1102
7,7038.6,0.1102
7,7039.6,0.1102
7,7040.6,0.1102
7,7041.7,0.1102
7,7042.7,0.1102
7,7043.7,0.1102
7,7044.7,0.1102
7,7045.7,0.1102
7,7046.7,0.1102
7,7048.7,0.1102
7,7049.7,0.1102
7,7050.7,0.1102
7,7051.7,0.1102
7,7052.7,0.1102
7,7053.8,0.1102
7,7054.8,0.1102
7,7055.8,0.1102
7,7056.8,0.1102
7,7057.8,0.1102
7,7058.8,0.1102
7,7059.8,0.1102
7,7060.9,0.1102
7,7061.9,0.1102
7,7062.9,0.1102
7,7063.9,0.1102
7,7064.9,0.1102
7,7065.9,0.1102
7,7066.9,0.1102
7,7068.9,0.1102
7,7069.9,0.1102
7,7070.9,0.1102
7,7071.9,0.1102
7,7072.9,0.1102
7,7073.9,0.1102
7,7074.9,0.1102
7,7075.9,0.1102
7,7076.9,0.1102
7,7078,0.1102
7,7079,0.1102
7,7080,0.1102
7,7081,0.1102
7,7082,0.1102
7,7083,0.1102
7,7084,0.1102
7,7085,0.1102
7,7086,0.1102
7,7087,0.1102
7,7089,0.1102
7,7090,0.1102
7,7091,0.1102
7,7092,0.1102
7,7093.1,0.1102
7,7094.1,0.1102
7,7095.1,0.1102
7,7096.1,0.1102
7,7097.1,0.1102
7,7098.1,0.1102
7,7099.1,0.1102
7,7100.1,0.1102
7,7101.1,0.1102
7,7102.1,0.1102
7,7103.1,0.1102
7,7104.1,0.1102
7,7105.1,0.1102
7,7106.2,0.1102
7,7107.2,0.1102
7,7109.2,0.1102
7,7110.2,0.1102
7,7111.2,0.1102
7,7112.2,0.1102
7,7113.2,0.1102
7,7114.2,0.1102
7,7115.2,0.1102
7,7116.3,0.1102
7,7117.3,0.1102
7,7118.3,0.1102
7,7119.3,0.1102
7,7120.3,0.1102
7,7121.3,0.1102
7,7122.3,0.1102
7,7123.3,0.1102
7,7124.3,0.1102
7,7125.3,0.1102
7,7126.3,0.1102
7,7127.4,0.1102
7,7129.4,0.1102
7,7130.4,0.1102
7,7131.4,0.1102
7,7132.4,0.1102
7,7133.4,0.1102
7,7134.4,0.1102
7,7135.4,0.1102
7,7136.4,0.1102
7,7137.4,0.1102
7,7138.5,0.1102
7,7139.5,0.1102
7,7140.5,0.1102
7,7141.5,0.1102
7,7142.5,0.1102
7,7143.5,0.1102
7,7144.5,0.1102
7,7145.5,0.1102
7,7146.5,0.1102
7,7147.5,0.1102
7,7149.5,0.1102
7,7150.5,0.1102
7,7151.5,0.1102
7,7152.6,0.1102
7,7153.6,0.1102
7,7154.6,0.1102
7,7155.6,0.1102
7,7156.6,0.1102
7,7157.6,0.1102
7,7158.6,0.1102
7,7159.6,0.1102
7,7160.6,0.1102
7,7161.6,0.1102
7,7162.6,0.1102
7,7163.7,0.1102
7,7164.7,0.1102
7,7165.7,0.1102
7,7166.7,0.1102
7,7167.7,0.1102
7,7169.7,0.1102
7,7170.7,0.1102
7,7171.7,0.1102
7,7172.7,0.1102
7,7173.7,0.1102
7,7174.8,0.1102
7,7175.8,0.1102
7,7176.8,0.1102
7,7177.8,0.1102
7,7178.8,0.1102
7,7179.8,0.1102
7,7180.8,0.1102
7,7181.8,0.1102
7,7182.8,0.1102
7,7183.8,0.1102
7,7184.8,0.1102
7,7185.8,0.1102
7,7186.8,0.1102
7,7187.9,0.1102
7,7189.9,0.1102
7,7190.9,0.1102
7,7191.9,0.1102
7,7192.9,0.1102
7,7193.9,0.1102
7,7194.9,0.1102
7,7195.9,0.1102
7,7196.9,0.1102
7,7198,0.1102
7,7199,0.1102
7,7200,0.1102
7,7201,0.1102
7,7202,0.1102
7,7203,0.1102
7,7204,0.1102
7,7205,0.1102
7,7206,0.1102
7,7207,0.1102
7,7208,0.1102
7,7210,0.1102
7,7211.1,0.1093
7,7212.1,0.1102
5,7213.1,0.1102
5,7214.1,0.1059
5,7215.1,0.1102
5,7216.1,0.1102
5,7217.1,0.1093
5,7218.1,0.1102
5,7219.1,0.1102
5,7220.1,0.1102
5,7221.2,0.1059
5,7222.2,0.1059
5,7223.2,0.1059
5,7224.2,0.1137
5,7225.2,0.1093
5,7226.2,0.1129
5,7227.2,0.1085
5,7228.2,0.1076
5,7230.2,0.1076
5,7231.3,0.1076
5,7232.3,0.1076
5,7233.3,0.1034
5,7234.3,0.1034
5,7235.3,0.1034
5,7236.3,0.1068
5,7237.3,0.1068
5,7238.3,0.1068
5,7239.3,0.1068
5,7240.3,0.1068
5,7241.3,0.111
5,7242.3,0.1025
5,7243.4,0.1102
5,7244.4,0.1059
5,7245.4,0.1051
5,7246.4,0.1093
5,7247.4,0.1042
5,7248.4,0.1085
5,7250.4,0.1042
5,7251.4,0.1
5,7252.4,0.1
5,7253.4,0.1034
5,7254.4,0.1034
5,7255.5,0.1034
5,7256.5,0.1034
5,7257.5,0.1034
5,7258.5,0.1034
5,7259.5,0.1034
5,7260.5,0.1034
5,7261.5,0.1076
5,7262.5,0.0991
5,7263.5,0.1068
5,7264.5,0.1025
5,7265.5,0.1017
5,7266.5,0.1059
5,7267.5,0.1017
5,7268.5,0.1008
5,7270.6,0.1051
5,7271.6,0.1008
5,7272.6,0.1008
5,7273.6,0.1008
5,7274.6,0.1008
5,7275.6,0.1008
5,7276.6,0.1008
5,7277.6,0.1008
5,7278.6,0.1008
5,7279.6,0.1008
5,7280.6,0.1008
5,7281.7,0.1
5,7282.7,0.1042
5,7283.7,0.1
5,7284.7,0.0991
5,7285.7,0.0991
5,7286.7,0.0949
5,7287.7,0.0983
5,7288.7,0.0983
5,7290.7,0.0939
5,7291.7,0.0974
5,7292.7,0.0932
5,7293.7,0.0974
5,7294.7,0.0974
5,7295.8,0.0974
5,7296.8,0.0974
5,7297.8,0.0974
5,7298.8,0.0974
5,7299.8,0.0974
5,7300.8,0.0974
5,7301.8,0.0974
5,7302.8,0.0932
5,7303.8,0.0966
5,7304.8,0.1008
5,7305.9,0.0966
5,7306.9,0.0957
5,7307.9,0.1
5,7308.9,0.0957
5,7310.9,0.0949
5,7311.9,0.0949
5,7312.9,0.0949
5,7313.9,0.0949
5,7314.9,0.0949
5,7315.9,0.0949
5,7316.9,0.0991
5,7317.9,0.0991
5,7319,0.0991
5,7320,0.0991
5,7321,0.0991
5,7322,0.0949
5,7323,0.0904
5,7324,0.094
5,7325,0.0939
5,7326,0.094
5,7327,0.0932
5,7328,0.0974
5,7329,0.0932
5,7331.1,0.0887
5,7332.1,0.0921
5,7333.1,0.0923
5,7334.1,0.0921
5,7335.1,0.0921
5,7336.1,0.0921
5,7337.1,0.0923
5,7338.1,0.0921
5,7339.1,0.0921
5,7340.1,0.0921
5,7341.1,0.0921
5,7342.1,0.0966
5,7343.1,0.0921
5,7344.1,0.0913
5,7345.2,0.0957
5,7346.2,0.0957
5,7347.2,0.0913
5,7348.2,0.0904
5,7349.2,0.0949
5,7351.2,0.0904
5,7352.2,0.0904
5,7353.2,0.0904
5,7354.2,0.0904
5,7355.2,0.0904
5,7356.2,0.0904
5,7357.2,0.0904
5,7358.2,0.0904
5,7359.2,0.0904
5,7360.3,0.0904
5,7361.3,0.0904
5,7362.3,0.0896
5,7363.3,0.094
5,7364.3,0.0896
5,7365.3,0.0896
5,7366.3,0.0811
5,7367.3,0.0932
5,7368.3,0.0887
5,7369.3,0.0887
5,7371.3,0.0879
5,7372.3,0.0879
5,7373.4,0.0879
5,7374.4,0.0879
5,7375.4,0.0879
5,7376.4,0.0879
5,7377.4,0.0879
5,7378.4,0.0879
5,7379.4,0.0879
5,7380.4,0.0879
5,7381.4,0.0879
5,7382.4,0.0923
5,7383.4,0.0879
5,7384.4,0.0836
5,7385.4,0.087
5,7386.4,0.0915
5,7387.5,0.087
5,7388.5,0.087
5,7389.5,0.0828
5,7391.5,0.0836
5,7392.5,0.0904
5,7393.5,0.0904
5,7394.5,0.0836
5,7395.5,0.082
5,7396.5,0.0904
5,7397.5,0.082
5,7398.5,0.0904
5,7399.6,0.0904
5,7400.6,0.082
5,7401.6,0.0904
5,7402.6,0.0836
5,7403.6,0.082
5,7404.6,0.082
5,7405.6,0.0811
5,7406.6,0.0811
5,7407.6,0.0811
5,7408.6,0.0811
5,7409.6,0.0803
5,7411.7,0.0803
5,7412.7,0.0803
5,7413.7,0.0803
5,7414.7,0.0803
5,7415.7,0.0803
5,7416.7,0.0803
5,7417.7,0.0803
5,7418.7,0.0803
5,7419.7,0.0803
5,7420.7,0.0803
5,7421.7,0.0803
5,7422.7,0.0803
5,7423.8,0.0803
5,7424.8,0.0794
5,7425.8,0.0879
5,7426.8,0.0879
5,7427.8,0.0794
5,7428.8,0.0836
5,7429.8,0.0794
5,7431.8,0.0828
5,7432.8,0.087
5,7433.8,0.087
5,7434.9,0.087
5,7435.9,0.087
5,7436.9,0.087
5,7437.9,0.087
5,7438.9,0.087
5,7439.9,0.087
5,7440.9,0.087
5,7441.9,0.087
5,7442.9,0.0828
5,7443.9,0.0828
5,7444.9,0.0786
5,7445.9,0.0786
5,7446.9,0.082
5,7447.9,0.082
5,7449,0.082
5,7450,0.082
5,7452,0.0777
5,7453,0.0777
5,7454,0.0777
5,7455,0.0777
5,7456,0.0769
5,7457,0.0777
5,7458,0.0769
5,7459.1,0.0769
5,7460.1,0.0735
5,7461.1,0.0769
5,7462.1,0.0769
5,7463.1,0.0767
5,7464.1,0.0811
5,7465.1,0.0811
5,7466.1,0.0811
5,7467.1,0.0769
5,7468.1,0.0803
5,7469.1,0.0803
5,7470.1,0.0803
5,7472.2,0.0803
5,7473.2,0.0803
5,7474.2,0.0803
5,7475.2,0.0803
5,7476.2,0.0803
5,7477.2,0.0803
5,7478.2,0.0803
5,7479.2,0.0803
5,7480.2,0.0803
5,7481.2,0.0803
5,7482.2,0.0803
5,7483.2,0.076
5,7484.2,0.0758
5,7485.3,0.0794
5,7486.3,0.0836
5,7487.3,0.0794
5,7488.3,0.0794
5,7489.3,0.0794
5,7490.3,0.075
5,7492.3,0.0786
5,7493.3,0.0786
5,7494.3,0.0786
5,7495.3,0.0786
5,7496.3,0.0786
5,7497.3,0.0786
5,7498.3,0.0743
5,7499.4,0.0786
5,7500.4,0.0786
5,7501.4,0.0786
5,7502.4,0.0786
5,7503.4,0.0828
5,7504.4,0.0786
5,7505.4,0.0786
5,7506.4,0.0786
5,7507.4,0.0741
5,7508.4,0.0741
5,7509.4,0.0777
5,7510.4,0.082
5,7512.4,0.0777
5,7513.5,0.0777
5,7514.5,0.0777
5,7515.5,0.082
5,7516.5,0.0777
5,7517.5,0.0777
5,7518.5,0.0777
5,7519.5,0.0777
5,7520.5,0.0777
5,7521.5,0.0777
5,7522.5,0.0777
5,7523.5,0.0777
5,7524.5,0.0777
5,7525.6,0.0735
5,7526.6,0.0724
5,7527.6,0.0811
5,7528.6,0.0769
5,7529.6,0.0769
5,7530.6,0.0769
5,7532.6,0.0767
5,7533.6,0.0724
5,7534.6,0.0767
5,7535.6,0.0724
5,7536.6,0.0767
5,7537.6,0.0769
5,7538.7,0.0769
5,7539.7,0.0767
5,7540.7,0.0724
5,7541.7,0.0767
5,7542.7,0.0724
5,7543.7,0.0724
5,7544.7,0.0716
5,7545.7,0.076
5,7546.7,0.076
5,7547.7,0.076
5,7548.7,0.076
5,7549.7,0.076
5,7550.7,0.076
5,7552.7,0.0716
5,7553.7,0.0716
5,7554.7,0.0716
5,7555.8,0.0716
5,7556.8,0.0716
5,7557.8,0.0716
5,7558.8,0.0716
5,7559.8,0.075
5,7560.8,0.075
5,7561.8,0.0717
5,7562.9,0.0707
5,7563.9,0.075
5,7564.9,0.0794
5,7565.9,0.0794
5,7566.9,0.075
5,7567.9,0.0752
5,7568.9,0.075
5,7569.9,0.0741
5,7571.9,0.0741
5,7572.9,0.0743
5,7573.9,0.0741
5,7574.9,0.0743
5,7575.9,0.0741
5,7577,0.0743
5,7578,0.0741
5,7579,0.0743
5,7580,0.0743
5,7581,0.0743
5,7582,0.0699
5,7583,0.0741
5,7584,0.0786
5,7585,0.0786
5,7586,0.0786
5,7587,0.0786
5,7588,0.0743
5,7589,0.0743
5,7590.1,0.0743
5,7592.1,0.0699
5,7593.1,0.0733
5,7594.1,0.07
5,7595.1,0.07
5,7596.1,0.0735
5,7597.1,0.0735
5,7598.1,0.0735
5,7599.1,0.0735
5,7600.1,0.0735
5,7601.1,0.0735
5,7602.1,0.0699
5,7603.1,0.0735
5,7604.2,0.0735
5,7605.2,0.0777
5,7606.2,0.0777
5,7607.2,0.0777
5,7608.2,0.0735
5,7609.2,0.0735
5,7610.2,0.0735
5,7612.2,0.069
5,7613.2,0.069
5,7614.2,0.069
5,7615.2,0.069
5,7616.3,0.069
5,7617.3,0.069
5,7618.3,0.0724
5,7619.3,0.069
5,7620.3,0.069
5,7621.3,0.069
5,7622.3,0.069
5,7623.3,0.069
5,7624.3,0.0724
5,7625.4,0.0682
5,7626.4,0.0769
5,7627.4,0.0724
5,7628.4,0.0724
5,7629.4,0.0724
5,7630.4,0.0724
5,7632.4,0.0724
5,7633.4,0.0724
5,7634.4,0.0724
5,7635.4,0.0682
5,7636.4,0.0724
5,7637.5,0.0724
5,7638.5,0.0724
5,7639.5,0.0726
5,7640.5,0.0724
5,7641.5,0.0724
5,7642.5,0.0724
5,7643.5,0.0682
5,7644.5,0.0682
5,7645.5,0.0717
5,7646.5,0.0717
5,7647.5,0.0716
5,7648.6,0.0673
5,7649.6,0.0673
5,7650.6,0.0716
5,7652.6,0.0717
5,7653.6,0.0717
5,7654.6,0.0716
5,7655.6,0.0717
5,7656.6,0.0717
5,7657.6,0.0717
5,7658.6,0.0717
5,7659.6,0.0716
5,7660.6,0.0716
5,7661.6,0.0717
5,7662.6,0.0717
5,7663.6,0.0716
5,7664.6,0.0717
5,7665.7,0.0716
5,7666.7,0.0673
5,7667.7,0.0673
5,7668.7,0.0673
5,7669.7,0.0707
5,7670.7,0.0707
5,7672.7,0.075
5,7673.7,0.075
5,7674.7,0.0752
5,7675.7,0.075
5,7676.7,0.0707
5,7677.8,0.075
5,7678.8,0.0707
5,7679.8,0.0707
5,7680.8,0.075
5,7681.8,0.075
5,7682.8,0.0707
5,7683.8,0.0752
5,7684.8,0.075
5,7685.8,0.0752
5,7686.9,0.0707
5,7687.9,0.0707
5,7688.9,0.0707
5,7689.9,0.0707
5,7690.9,0.0707
5,7692.9,0.0707
5,7693.9,0.0665
5,7694.9,0.0707
5,7695.9,0.0665
5,7696.9,0.0707
5,7697.9,0.0665
5,7699,0.0665
5,7700,0.0707
5,7701,0.0665
5,7702,0.0665
5,7703,0.0665
5,7704,0.0665
5,7705,0.0699
5,7706,0.0665
5,7707.1,0.0699
5,7708.1,0.0656
5,7709.1,0.0699
5,7710.1,0.0699
5,7711.1,0.0743
5,7713.1,0.0743
5,7714.1,0.0743
5,7715.1,0.0743
5,7716.1,0.0741
5,7717.1,0.0699
5,7718.1,0.0743
5,7719.1,0.0741
5,7720.1,0.0741
5,7721.1,0.0741
5,7722.1,0.0743
5,7723.2,0.0743
5,7724.2,0.0741
5,7725.2,0.0699
5,7726.2,0.0699
5,7727.2,0.0699
5,7728.2,0.0699
5,7729.2,0.0699
5,7730.2,0.0699
5,7732.2,0.0699
5,7733.2,0.07
5,7734.2,0.0656
5,7735.3,0.0699
5,7736.3,0.0699
5,7737.3,0.0656
5,7738.3,0.07
5,7739.3,0.069
5,7740.3,0.0699
5,7741.3,0.0699
5,7742.3,0.0699
5,7743.3,0.0656
5,7744.3,0.0656
5,7745.4,0.0656
5,7746.4,0.069
5,7747.4,0.0656
5,7748.4,0.0648
5,7749.4,0.069
5,7750.4,0.0735
5,7752.4,0.0735
5,7753.4,0.069
5,7754.5,0.0735
5,7755.5,0.0735
5,7756.5,0.069
5,7757.5,0.0735
5,7758.5,0.069
5,7759.5,0.0735
5,7760.5,0.069
5,7761.5,0.069
5,7762.5,0.069
5,7763.5,0.069
5,7764.5,0.069
5,7765.6,0.069
5,7766.6,0.069
5,7767.6,0.069
5,7768.6,0.069
5,7769.6,0.069
5,7770.6,0.069
5,7772.6,0.069
5,7773.6,0.069
5,7774.6,0.069
5,7775.6,0.069
5,7776.6,0.069
5,7777.6,0.069
5,7778.6,0.069
5,7779.6,0.069
5,7780.7,0.069
5,7781.7,0.069
5,7782.7,0.069
5,7783.7,0.069
5,7784.7,0.069
5,7785.7,0.0648
5,7786.7,0.0648
5,7787.7,0.0648
5,7788.7,0.0648
5,7789.7,0.0648
5,7790.8,0.0682
5,7792.8,0.0639
5,7793.8,0.0682
5,7794.8,0.0639
5,7795.8,0.0682
5,7796.8,0.0639
5,7797.8,0.0639
5,7798.8,0.0639
5,7799.8,0.0682
5,7800.8,0.0639
5,7801.8,0.0682
5,7802.8,0.0639
5,7803.8,0.0682
5,7804.9,0.0639
5,7805.9,0.0639
5,7806.9,0.0682
5,7807.9,0.0639
5,7808.9,0.0682
5,7809.9,0.0682
5,7810.9,0.0682
5,7812.9,0.0682
5,7813.9,0.0682
5,7814.9,0.0682
5,7815.9,0.0682
5,7816.9,0.0682
5,7817.9,0.0682
5,7819,0.0682
5,7820,0.0682
5,7821,0.0682
5,7822,0.0682
5,7823,0.0682
5,7824,0.0682
5,7825,0.0682
5,7826,0.0682
5,7827,0.0682
5,7828,0.0682
5,7829,0.0682
5,7830,0.0682
5,7831.1,0.0682
5,7833.1,0.0682
5,7834.1,0.0639
5,7835.1,0.0682
5,7836.1,0.0639
5,7837.1,0.0682
5,7838.1,0.0682
5,7839.1,0.0682
5,7840.1,0.0682
5,7841.1,0.0682
5,7842.1,0.0682
5,7843.1,0.0639
5,7844.1,0.0639
5,7845.1,0.0639
5,7846.1,0.0682
5,7847.2,0.0639
5,7848.2,0.0639
5,7849.2,0.0639
5,7850.2,0.0639
5,7851.2,0.0639
5,7853.2,0.0631
5,7854.2,0.0639
5,7855.2,0.0639
5,7856.2,0.0631
5,7857.3,0.0639
5,7858.3,0.0631
5,7859.3,0.0597
5,7860.3,0.0631
5,7861.3,0.0639
5,7862.3,0.0631
5,7863.3,0.0631
5,7864.3,0.0631
5,7865.3,0.0631
5,7866.3,0.0631
5,7867.3,0.0631
5,7868.4,0.0597
5,7869.4,0.0631
5,7870.4,0.0631
5,7871.4,0.0673
5,7873.4,0.0673
5,7874.4,0.0631
5,7875.4,0.0673
5,7876.4,0.0673
5,7877.4,0.0631
5,7878.5,0.0673
5,7879.5,0.0673
5,7880.5,0.0631
5,7881.5,0.0673
5,7882.5,0.0631
5,7883.5,0.0673
5,7884.5,0.0673
5,7885.5,0.0673
5,7886.5,0.0631
5,7887.5,0.0673
5,7888.5,0.0673
5,7889.5,0.0673
5,7890.6,0.0673
5,7891.6,0.0673
5,7893.6,0.0673
5,7894.6,0.0673
5,7895.6,0.0673
5,7896.6,0.0673
5,7897.6,0.0673
5,7898.6,0.0673
5,7899.6,0.0673
5,7900.6,0.0673
5,7901.6,0.0673
5,7902.7,0.0673
5,7903.7,0.0673
5,7904.7,0.0673
5,7905.7,0.0673
5,7906.7,0.0673
5,7907.7,0.0673
5,7908.7,0.0673
5,7909.7,0.0673
5,7910.7,0.0673
5,7911.7,0.0673
5,7913.7,0.0673
5,7914.7,0.0673
5,7915.8,0.0673
5,7916.8,0.0631
5,7917.8,0.0673
5,7918.8,0.0631
5,7919.8,0.0631
5,7920.8,0.0673
5,7921.8,0.0673
5,7922.8,0.0673
5,7923.8,0.0631
5,7924.8,0.0631
5,7925.8,0.0673
5,7926.8,0.0631
5,7927.8,0.0631
5,7928.9,0.0631
5,7929.9,0.0631
5,7930.9,0.0631
5,7931.9,0.0631
5,7933.9,0.0631
5,7934.9,0.0631
5,7935.9,0.0631
5,7936.9,0.0631
5,7937.9,0.0631
5,7938.9,0.0631
5,7939.9,0.0631
5,7940.9,0.0631
5,7942,0.0631
5,7943,0.0631
5,7944,0.0631
5,7945,0.0588
5,7946,0.0631
5,7947,0.0588
5,7948,0.0588
5,7949,0.0631
5,7950,0.0588
5,7951,0.0622
5,7952,0.0622
5,7954,0.0622
5,7955.1,0.0622
5,7956.1,0.0622
5,7957.1,0.0622
5,7958.1,0.0622
5,7959.1,0.0622
5,7960.1,0.0622
5,7961.1,0.0622
5,7962.1,0.0622
5,7963.2,0.0665
5,7964.2,0.0665
5,7965.2,0.0622
5,7966.2,0.0622
5,7967.2,0.0665
5,7968.2,0.0622
5,7969.2,0.0622
5,7970.2,0.0622
5,7971.2,0.0707
5,7972.2,0.0665
5,7974.2,0.0665
5,7975.2,0.0665
5,7976.2,0.0665
5,7977.2,0.0665
5,7978.2,0.0665
5,7979.3,0.0665
5,7980.3,0.0665
5,7981.3,0.0665
5,7982.3,0.0665
5,7983.3,0.0622
5,7984.3,0.0665
5,7985.3,0.0707
5,7986.3,0.0707
5,7987.3,0.0665
5,7988.3,0.0707
5,7989.4,0.0665
5,7990.4,0.0665
5,7991.4,0.0665
5,7992.4,0.0665
5,7994.4,0.0665
5,7995.4,0.0665
5,7996.4,0.0665
5,7997.4,0.0665
5,7998.4,0.0665
5,7999.4,0.0665
5,8000.4,0.0665
5,8001.4,0.0665
5,8002.5,0.0665
5,8003.5,0.0665
5,8004.5,0.0665
5,8005.5,0.0665
5,8006.5,0.0665
5,8007.5,0.0665
5,8008.5,0.0665
5,8009.5,0.0665
5,8010.5,0.0707
5,8011.5,0.0665
5,8012.5,0.0665
5,8014.5,0.0665
5,8015.6,0.0665
5,8016.6,0.0665
5,8017.6,0.0665
5,8018.6,0.0665
5,8019.6,0.0665
5,8020.6,0.0665
5,8021.6,0.0665
5,8022.6,0.0665
5,8023.6,0.0665
5,8024.6,0.0665
5,8025.6,0.0665
5,8026.7,0.0665
5,8027.7,0.0665
5,8028.7,0.0665
5,8029.7,0.0665
5,8030.7,0.0665
5,8031.7,0.0665
5,8032.7,0.0665
5,8034.7,0.0665
5,8035.7,0.0665
5,8036.7,0.0665
5,8037.8,0.0665
5,8038.8,0.0665
5,8039.8,0.0665
5,8040.8,0.0665
5,8041.8,0.0665
5,8042.8,0.0665
5,8043.8,0.0665
5,8044.9,0.0665
5,8045.9,0.0665
5,8046.9,0.0665
5,8047.9,0.0665
5,8048.9,0.0665
5,8049.9,0.0665
5,8050.9,0.0665
5,8051.9,0.0665
5,8052.9,0.0665
5,8054.9,0.0665
5,8055.9,0.0665
5,8056.9,0.0665
5,8057.9,0.0665
5,8058.9,0.0665
5,8059.9,0.0665
5,8060.9,0.0665
5,8061.9,0.0665
5,8062.9,0.0665
5,8063.9,0.0665
5,8064.9,0.0665
5,8066,0.0665
5,8067,0.0665
5,8068,0.0665
5,8069,0.0665
5,8070,0.0665
5,8071,0.0665
5,8072,0.0665
5,8074,0.0665
5,8075,0.0665
5,8076,0.0665
5,8077,0.0622
5,8078,0.0665
5,8079.1,0.0665
5,8080.1,0.0665
5,8081.1,0.0665
5,8082.1,0.0665
5,8083.1,0.0665
5,8084.1,0.0665
5,8085.1,0.0665
5,8086.1,0.0665
5,8087.1,0.0665
5,8088.1,0.0622
5,8089.1,0.0665
5,8090.1,0.0622
5,8091.1,0.0622
5,8092.2,0.0622
5,8094.2,0.0622
5,8095.2,0.0622
5,8096.2,0.0622
5,8097.2,0.0622
5,8098.2,0.0622
5,8099.2,0.0622
5,8100.2,0.0622
5,8101.2,0.0622
5,8102.2,0.0622
5,8103.2,0.0622
5,8104.2,0.0622
5,8105.2,0.0622
5,8106.3,0.0622
5,8107.3,0.0622
5,8108.3,0.0622
5,8109.3,0.0622
5,8110.3,0.0622
5,8111.3,0.0622
5,8112.3,0.0622
5,8114.3,0.0622
5,8115.3,0.0622
5,8116.3,0.0622
5,8117.3,0.0622
5,8118.3,0.0622
5,8119.4,0.0622
5,8120.4,0.0622
5,8121.4,0.0622
5,8122.4,0.0622
5,8123.4,0.0622
5,8124.4,0.0622
5,8125.4,0.0622
5,8126.4,0.0622
5,8127.4,0.0622
5,8128.4,0.0622
5,8129.4,0.0622
5,8130.4,0.0622
5,8131.4,0.0622
5,8132.4,0.0622
5,8134.5,0.0622
5,8135.5,0.0622
5,8136.5,0.0614
5,8137.5,0.0622
5,8138.5,0.0656
5,8139.5,0.0622
5,8140.5,0.0622
5,8141.5,0.0656
5,8142.5,0.0622
5,8143.6,0.0622
5,8144.6,0.0622
5,8145.6,0.0622
5,8146.6,0.0622
5,8147.6,0.0614
5,8148.6,0.0622
5,8149.6,0.0622
5,8150.6,0.0614
5,8151.6,0.0656
5,8152.6,0.0614
5,8154.6,0.0622
5,8155.6,0.0614
5,8156.7,0.0622
5,8157.7,0.0656
5,8158.7,0.0622
5,8159.7,0.0656
5,8160.7,0.0622
5,8161.7,0.0656
5,8162.7,0.0656
5,8163.7,0.0622
5,8164.7,0.0656
5,8165.7,0.0656
5,8166.7,0.0614
5,8167.7,0.0614
5,8168.8,0.0656
5,8169.8,0.0656
5,8170.8,0.0656
5,8171.8,0.0614
5,8172.8,0.0656
5,8174.8,0.0656
5,8175.8,0.0614
5,8176.8,0.0614
5,8177.8,0.0656
5,8178.8,0.0614
5,8179.8,0.0656
5,8180.8,0.0656
5,8181.8,0.0614
5,8182.9,0.0614
5,8183.9,0.0614
5,8184.9,0.0614
5,8185.9,0.0656
5,8186.9,0.0614
5,8187.9,0.0656
5,8188.9,0.0656
5,8189.9,0.0656
5,8191,0.0656
5,8192,0.0614
5,8193,0.0656
5,8195,0.0656
5,8196,0.0656
5,8197,0.0656
5,8198,0.0614
5,8199,0.0656
5,8200,0.0614
5,8201.1,0.0656
5,8202.1,0.0656
5,8203.1,0.0656
5,8204.1,0.0656
5,8205.1,0.0614
5,8206.1,0.0656
5,8207.1,0.0614
5,8208.2,0.0614
5,8209.2,0.0614
5,8210.2,0.0614
5,8211.2,0.0614
5,8212.2,0.0656
5,8213.2,0.0614
5,8215.3,0.058
5,8216.3,0.0614
5,8217.3,0.07
5,8218.3,0.0656
5,8219.3,0.0656
5,8220.3,0.0699
5,8221.3,0.0656
5,8222.3,0.0656
5,8223.3,0.0656
5,8224.3,0.0614
5,8225.3,0.0656
5,8226.3,0.0614
5,8227.3,0.0614
5,8228.3,0.0614
5,8229.3,0.0656
5,8230.3,0.0614
5,8231.4,0.07
5,8232.4,0.0656
5,8233.4,0.0699
5,8235.4,0.0656
5,8236.4,0.0656
5,8237.4,0.0614
5,8238.4,0.0614
5,8239.4,0.0656
5,8240.4,0.0656
5,8241.4,0.0656
5,8242.5,0.0656
5,8243.5,0.0614
5,8244.5,0.0656
5,8245.5,0.0656
5,8246.5,0.0614
5,8247.5,0.0656
5,8248.5,0.0656
5,8249.5,0.0656
5,8250.5,0.0656
5,8251.5,0.0699
5,8252.5,0.0614
5,8254.5,0.0656
5,8255.5,0.0699
5,8256.5,0.0656
5,8257.6,0.07
5,8258.6,0.0656
5,8259.6,0.0656
5,8260.6,0.0656
5,8261.6,0.0656
5,8262.6,0.0699
5,8263.6,0.0614
5,8264.6,0.0656
5,8265.7,0.0614
5,8266.7,0.0656
5,8267.7,0.0656
5,8268.7,0.0656
5,8269.7,0.07
5,8270.7,0.0699
5,8271.7,0.07
5,8273.7,0.0699
5,8274.7,0.0656
5,8275.7,0.0656
5,8276.8,0.0614
5,8277.8,0.0699
5,8278.8,0.07
5,8279.8,0.0656
5,8280.8,0.0656
5,8281.8,0.07
5,8282.8,0.0699
5,8283.8,0.0656
5,8284.8,0.0614
5,8285.8,0.0699
5,8286.8,0.0656
5,8287.9,0.0656
5,8288.9,0.0699
5,8289.9,0.0656
5,8290.9,0.07
5,8291.9,0.0699
5,8293.9,0.07
5,8294.9,0.07
5,8295.9,0.0656
5,8296.9,0.0699
5,8297.9,0.0699
5,8299,0.07
5,8300,0.0699
5,8301,0.0656
5,8302,0.07
5,8303,0.0656
5,8304,0.0699
5,8305,0.07
5,8306,0.0699
5,8307,0.0614
5,8308,0.0699
5,8309,0.0656
5,8310,0.0699
5,8311,0.07
5,8312.1,0.0656
5,8314.1,0.0656
5,8315.1,0.0656
5,8316.1,0.0656
5,8317.1,0.07
5,8318.1,0.07
5,8319.1,0.0699
5,8320.1,0.0699
5,8321.1,0.0656
7,8324.1,0.0656
7,8325.2,0.0614
7,8326.2,0.0656
7,8327.2,0.0656
7,8328.2,0.0614
7,8329.2,0.0656
7,8330.2,0.0656
7,8331.2,0.0656
7,8332.2,0.0656
7,8333.2,0.0656
7,8334.2,0.0656
7,8335.2,0.07
7,8336.2,0.0622
7,8337.2,0.0665
7,8338.2,0.0622
7,8339.2,0.0673
7,8340.2,0.0631
7,8341.3,0.0639
7,8343.3,0.0683
7,8344.3,0.0639
7,8345.3,0.0639
7,8346.3,0.0682
7,8347.3,0.0682
7,8348.3,0.0639
7,8349.3,0.0639
7,8350.3,0.0648
7,8351.3,0.0648
7,8352.3,0.0639
7,8353.3,0.0639
7,8354.3,0.0692
7,8355.3,0.069
7,8356.4,0.0656
7,8357.4,0.07
7,8358.4,0.0656
7,8359.4,0.0709
7,8360.4,0.0752
7,8361.4,0.0673
7,8363.4,0.0717
7,8364.4,0.0717
7,8365.4,0.0717
7,8366.4,0.0717
7,8367.5,0.0717
7,8368.5,0.0673
7,8369.5,0.0717
7,8370.5,0.0717
7,8371.5,0.0673
7,8372.5,0.0673
7,8373.6,0.0717
7,8374.6,0.0683
7,8375.6,0.0726
7,8376.6,0.0726
7,8377.6,0.0735
7,8378.6,0.0777
7,8379.6,0.0735
7,8380.6,0.0743
7,8381.6,0.0786
7,8383.6,0.0743
7,8384.6,0.0709
7,8385.6,0.0743
7,8386.6,0.0709
7,8387.6,0.0743
7,8388.6,0.0707
7,8389.7,0.0707
7,8390.7,0.0709
7,8391.7,0.0709
7,8392.7,0.0752
7,8393.7,0.0707
7,8394.7,0.0752
7,8395.7,0.0794
7,8396.7,0.076
7,8397.7,0.076
7,8398.7,0.0717
7,8399.7,0.0726
7,8400.7,0.0769
7,8401.8,0.0769
7,8403.8,0.0735
7,8404.8,0.0777
7,8405.8,0.0777
7,8406.8,0.0777
7,8407.8,0.0777
7,8408.8,0.0777
7,8409.8,0.0777
7,8410.8,0.0777
7,8411.8,0.0777
7,8412.8,0.0777
7,8413.8,0.0777
7,8414.8,0.082
7,8415.9,0.0743
7,8416.9,0.0786
7,8417.9,0.0828
7,8418.9,0.0786
7,8419.9,0.0752
7,8420.9,0.0794
7,8421.9,0.0794
7,8423.9,0.0752
7,8424.9,0.076
7,8425.9,0.076
7,8426.9,0.076
7,8427.9,0.076
7,8429,0.076
7,8430,0.076
7,8431,0.0803
7,8432,0.076
7,8433,0.0803
7,8434,0.0803
7,8435,0.0803
7,8436,0.076
7,8437,0.0769
7,8438,0.0811
7,8439.1,0.0811
7,8440.1,0.0769
7,8441.1,0.0777
7,8442.1,0.082
7,8444.1,0.082
7,8445.1,0.082
7,8446.1,0.0836
7,8447.1,0.082
7,8448.1,0.082
7,8449.1,0.082
7,8450.1,0.082
7,8451.2,0.082
7,8452.2,0.082
7,8453.2,0.082
7,8454.2,0.082
7,8455.2,0.0786
7,8456.2,0.0828
7,8457.2,0.087
7,8458.2,0.0828
7,8459.2,0.0794
7,8460.2,0.0836
7,8461.2,0.0794
7,8462.2,0.0879
7,8464.3,0.0803
7,8465.3,0.0803
7,8466.3,0.0803
7,8467.3,0.0803
7,8468.3,0.0803
7,8469.3,0.0803
7,8470.3,0.0803
7,8471.3,0.0803
7,8472.3,0.0803
7,8473.3,0.0803
7,8474.3,0.0803
7,8475.3,0.0803
7,8476.3,0.0803
7,8477.4,0.0803
7,8478.4,0.0811
7,8479.4,0.0811
7,8480.4,0.0811
7,8481.4,0.0811
7,8482.4,0.082
7,8484.4,0.082
7,8485.4,0.0836
7,8486.4,0.0836
7,8487.4,0.082
7,8488.4,0.0836
7,8489.4,0.082
7,8490.5,0.0836
7,8491.5,0.082
7,8492.5,0.0836
7,8493.5,0.082
7,8494.5,0.0836
7,8495.5,0.0906
7,8496.5,0.082
7,8497.5,0.0828
7,8498.5,0.087
7,8499.5,0.087
7,8500.5,0.0915
7,8501.6,0.087
7,8502.6,0.0828
7,8504.6,0.0879
7,8505.6,0.0881
7,8506.6,0.0879
7,8507.6,0.0881
7,8508.6,0.0879
7,8509.6,0.0881
7,8510.6,0.0879
7,8511.6,0.0881
7,8512.6,0.0881
7,8513.6,0.0881
7,8514.6,0.0879
7,8515.6,0.0879
7,8516.7,0.0923
7,8517.7,0.0879
7,8518.7,0.0836
7,8519.7,0.0887
7,8520.7,0.0887
7,8521.7,0.0887
7,8522.7,0.0811
7,8524.7,0.0811
7,8525.7,0.0811
7,8526.7,0.0811
7,8527.7,0.0811
7,8528.7,0.0811
7,8529.8,0.0811
7,8530.8,0.0811
7,8531.8,0.0811
7,8532.8,0.0896
7,8533.8,0.0898
7,8534.8,0.0898
7,8535.8,0.0898
7,8536.8,0.0898
7,8537.9,0.0896
7,8538.9,0.082
7,8539.9,0.0836
7,8540.9,0.0906
7,8541.9,0.0906
7,8542.9,0.0904
7,8544.9,0.0949
7,8545.9,0.0904
7,8546.9,0.0828
7,8547.9,0.0904
7,8548.9,0.0904
7,8549.9,0.0904
7,8550.9,0.0828
7,8551.9,0.0904
7,8553,0.0906
7,8554,0.0836
7,8555,0.0904
7,8556,0.087
7,8557,0.0915
7,8558,0.0915
7,8559,0.0957
7,8560,0.0957
7,8561,0.0915
7,8562,0.0915
7,8563.1,0.0879
7,8565.1,0.0923
7,8566.1,0.0923
7,8567.1,0.0923
7,8568.1,0.0923
7,8569.1,0.0923
7,8570.1,0.0923
7,8571.1,0.0923
7,8572.1,0.0923
7,8573.1,0.0923
7,8574.1,0.0923
7,8575.1,0.0923
7,8576.1,0.0966
7,8577.2,0.0966
7,8578.2,0.0879
7,8579.2,0.0887
7,8580.2,0.0887
7,8581.2,0.0932
7,8582.2,0.0932
7,8583.2,0.0932
7,8585.2,0.0974
7,8586.2,0.0932
7,8587.2,0.0889
7,8588.2,0.0932
7,8589.2,0.0932
7,8590.2,0.0932
7,8591.2,0.0887
7,8592.3,0.0932
7,8593.3,0.0932
7,8594.3,0.0887
7,8595.3,0.0887
7,8596.3,0.0898
7,8597.3,0.0898
7,8598.3,0.094
7,8599.3,0.094
7,8600.3,0.094
7,8601.3,0.094
7,8602.3,0.0898
7,8603.4,0.0898
7,8605.4,0.0904
7,8606.4,0.0904
7,8607.4,0.0906
7,8608.4,0.0906
7,8609.4,0.0904
7,8610.4,0.0906
7,8611.4,0.0906
7,8612.4,0.0906
7,8613.4,0.0906
7,8614.4,0.0904
7,8615.4,0.0904
7,8616.5,0.0949
7,8617.5,0.0949
7,8618.5,0.0949
7,8619.5,0.0991
7,8620.5,0.0949
7,8621.5,0.0949
7,8622.5,0.0915
7,8623.5,0.0915
7,8625.5,0.0957
7,8626.5,0.0957
7,8627.5,0.0957
7,8628.5,0.0957
7,8629.5,0.0957
7,8630.6,0.0957
7,8631.6,0.0957
7,8632.6,0.0957
7,8633.6,0.0957
7,8634.6,0.0957
7,8635.6,0.0957
7,8636.6,0.0957
7,8637.6,0.1
7,8638.6,0.1
7,8639.6,0.0957
7,8640.6,0.0957
7,8641.7,0.0923
7,8642.7,0.0966
7,8643.7,0.0966
7,8645.7,0.0966
7,8646.7,0.0966
7,8647.7,0.0966
7,8648.7,0.0966
7,8649.7,0.0966
7,8650.7,0.0966
7,8651.7,0.0966
7,8652.7,0.1008
7,8653.7,0.1008
7,8654.8,0.0966
7,8655.8,0.0966
7,8656.8,0.1008
7,8657.8,0.1008
7,8658.8,0.0966
7,8659.8,0.0966
7,8660.8,0.0932
7,8661.8,0.0932
7,8662.8,0.0974
7,8663.8,0.0974
7,8665.8,0.0974
7,8666.9,0.0974
7,8667.9,0.0974
7,8668.9,0.0974
7,8669.9,0.0974
7,8670.9,0.0974
7,8671.9,0.1017
7,8672.9,0.1017
7,8673.9,0.1017
7,8674.9,0.1017
7,8675.9,0.0974
7,8676.9,0.1017
7,8678,0.1017
7,8679,0.0974
7,8680,0.094
7,8681,0.094
7,8682,0.094
7,8683,0.0983
7,8684,0.0983
7,8686,0.0983
7,8687,0.0983
7,8688,0.0983
7,8689,0.0983
7,8690.1,0.0983
7,8691.1,0.0983
7,8692.1,0.0983
7,8693.1,0.0983
7,8694.1,0.0983
7,8695.1,0.0983
7,8696.1,0.0983
7,8697.1,0.1025
7,8698.1,0.1025
7,8699.1,0.0983
7,8700.2,0.0983
7,8701.2,0.0949
7,8702.2,0.0949
7,8703.2,0.0991
7,8704.2,0.0991
7,8706.2,0.0991
7,8707.2,0.0991
7,8708.2,0.0991
7,8709.2,0.0991
7,8710.2,0.0991
7,8711.2,0.0991
7,8712.2,0.0991
7,8713.2,0.0991
7,8714.2,0.0991
7,8715.3,0.0991
7,8716.3,0.0991
7,8717.3,0.1034
7,8718.3,0.1034
7,8719.3,0.1034
7,8720.3,0.0991
7,8721.3,0.0991
7,8722.3,0.0991
7,8723.3,0.0957
7,8724.3,0.0957
7,8726.4,0.1
7,8727.4,0.1
7,8728.4,0.1
7,8729.4,0.1
7,8730.4,0.1
7,8731.4,0.1
7,8732.4,0.1
7,8733.4,0.1
7,8734.4,0.1
7,8735.5,0.1
7,8736.5,0.1
7,8737.5,0.1
7,8738.5,0.1042
7,8739.5,0.1042
7,8740.5,0.1042
7,8741.5,0.1042
7,8742.5,0.1
7,8743.5,0.1
7,8744.5,0.1
7,8746.5,0.1
7,8747.5,0.1
7,8748.6,0.1
7,8749.6,0.1
7,8750.6,0.1
7,8751.6,0.1
7,8752.6,0.0966
7,8753.6,0.0966
7,8754.6,0.1
7,8755.6,0.1
7,8756.6,0.0966
7,8757.6,0.1008
7,8758.6,0.1008
7,8759.6,0.1008
7,8760.6,0.1008
7,8761.7,0.1051
7,8762.7,0.1051
7,8763.7,0.1051
7,8764.7,0.1051
7,8766.7,0.1051
7,8767.7,0.1008
7,8768.7,0.1008
7,8769.7,0.1008
7,8770.7,0.1008
7,8771.7,0.1008
7,8772.7,0.1008
7,8773.7,0.1008
7,8774.7,0.1008
7,8775.7,0.1008
7,8776.8,0.1008
7,8777.8,0.1008
7,8778.8,0.1008
7,8779.8,0.1008
7,8780.8,0.0974
7,8781.8,0.1017
7,8782.8,0.1017
7,8783.8,0.1017
7,8784.8,0.1017
7,8786.8,0.1017
7,8787.8,0.1059
7,8788.8,0.1059
7,8789.9,0.1059
7,8790.9,0.1059
7,8791.9,0.1059
7,8792.9,0.1059
7,8793.9,0.1059
7,8794.9,0.1059
7,8795.9,0.1059
7,8796.9,0.1059
7,8797.9,0.1059
7,8798.9,0.1059
7,8799.9,0.1059
7,8800.9,0.1017
7,8801.9,0.1017
7,8803,0.1017
7,8804,0.1017
7,8805,0.0983
7,8807,0.0983
7,8808,0.0983
7,8809,0.0983
7,8810,0.0983
7,8811,0.0983
7,8812,0.0983
7,8813,0.1025
7,8814.1,0.0983
7,8815.1,0.1025
7,8816.1,0.1025
7,8817.1,0.1025
7,8818.1,0.1025
7,8819.1,0.1025
7,8820.1,0.1025
7,8821.1,0.1025
7,8822.1,0.1025
7,8823.1,0.1068
7,8824.2,0.1068
7,8825.2,0.1068
7,8827.2,0.1068
7,8828.2,0.1025
7,8829.2,0.1025
7,8830.2,0.1025
7,8831.2,0.1025
7,8832.2,0.1025
7,8833.2,0.1025
7,8834.2,0.1025
7,8835.2,0.1025
7,8836.2,0.1025
7,8837.2,0.1025
7,8838.3,0.1025
7,8839.3,0.1025
7,8840.3,0.0991
7,8841.3,0.0991
7,8842.3,0.0991
7,8843.3,0.1034
7,8844.3,0.1034
7,8845.3,0.1034
7,8847.3,0.1034
7,8848.3,0.1034
7,8849.3,0.1034
7,8850.3,0.1034
7,8851.3,0.1034
7,8852.4,0.1034
7,8853.4,0.1034
7,8854.4,0.1034
7,8855.4,0.1034
7,8856.4,0.1034
7,8857.4,0.1034
7,8858.4,0.1034
7,8859.4,0.1076
7,8860.4,0.1078
7,8861.4,0.1076
7,8862.4,0.1076
7,8863.4,0.1076
7,8864.4,0.1034
7,8865.5,0.1034
7,8867.5,0.1034
7,8868.5,0.1034
7,8869.5,0.1034
7,8870.5,0.1034
7,8871.5,0.1034
7,8872.5,0.1034
7,8873.5,0.1034
7,8874.5,0.1034
7,8875.6,0.1034
7,8876.6,0.1034
7,8877.6,0.1034
7,8878.6,0.1034
7,8879.6,0.1034
7,8880.6,0.1034
7,8881.6,0.1042
7,8882.6,0.1042
7,8883.7,0.1042
7,8884.7,0.1042
7,8885.7,0.1042
7,8887.7,0.1042
7,8888.7,0.1042
7,8889.7,0.1042
7,8890.7,0.1042
7,8891.7,0.1042
7,8892.7,0.1042
7,8893.7,0.1042
7,8894.7,0.1042
7,8895.7,0.1042
7,8896.7,0.1042
7,8897.7,0.1042
7,8898.7,0.1042
7,8899.7,0.1085
7,8900.8,0.1085
7,8901.8,0.1085
7,8902.8,0.1085
7,8903.8,0.1085
7,8904.8,0.1085
7,8905.8,0.1085
7,8907.8,0.1042
7,8908.8,0.1042
7,8909.8,0.1042
7,8910.8,0.1042
7,8911.8,0.1042
7,8912.8,0.1042
7,8913.9,0.1042
7,8914.9,0.1042
7,8915.9,0.1042
7,8916.9,0.1042
7,8917.9,0.1042
7,8918.9,0.1042
7,8919.9,0.1042
7,8920.9,0.1042
7,8921.9,0.1042
7,8922.9,0.1042
7,8923.9,0.1008
7,8925,0.1051
7,8926,0.1051
7,8928,0.1051
7,8929,0.1051
7,8930,0.1051
7,8931,0.1051
7,8932,0.1051
7,8933,0.1051
7,8934,0.1051
7,8935,0.1051
7,8936.1,0.1051
7,8937.1,0.1051
7,8938.1,0.1051
7,8939.1,0.1051
7,8940.1,0.1051
7,8941.1,0.1051
7,8942.1,0.1095
7,8943.1,0.1095
7,8944.1,0.1093
7,8945.1,0.1095
7,8946.1,0.1095
7,8948.1,0.1095
7,8949.2,0.1095
7,8950.2,0.1095
7,8951.2,0.1095
7,8952.2,0.1093
7,8953.2,0.1095
7,8954.2,0.1095
7,8955.2,0.1095
7,8956.2,0.1095
7,8957.2,0.1095
7,8958.2,0.1093
7,8959.2,0.1095
7,8960.2,0.1095
7,8961.3,0.1051
7,8962.3,0.1051
7,8963.3,0.1051
7,8964.3,0.1051
7,8965.3,0.1051
7,8966.3,0.1051
7,8968.3,0.1051
7,8969.3,0.1051
7,8970.3,0.1051
7,8971.3,0.1017
7,8972.3,0.1017
7,8973.3,0.1017
7,8974.3,0.1017
7,8975.3,0.1051
7,8976.3,0.1017
7,8977.4,0.1051
7,8978.4,0.1017
7,8979.4,0.1017
7,8980.4,0.1059
7,8981.4,0.1059
7,8982.4,0.1059
7,8983.4,0.1059
7,8984.4,0.1059
7,8985.4,0.1059
7,8986.4,0.1059
7,8988.4,0.1059
7,8989.4,0.1059
7,8990.5,0.1059
7,8991.5,0.1059
7,8992.5,0.1059
7,8993.5,0.1059
7,8994.5,0.1059
7,8995.5,0.1059
7,8996.5,0.1059
7,8997.5,0.1059
7,8998.5,0.1059
7,8999.6,0.1102
7,9000.6,0.1102
7,9001.6,0.1102
7,9002.6,0.1102
7,9003.6,0.1102
7,9004.6,0.1103
7,9005.6,0.1102
7,9006.6,0.1102
7,9008.6,0.1059
7,9009.6,0.1059
7,9010.6,0.1059
7,9011.6,0.1059
7,9012.6,0.1059
7,9013.7,0.1059
7,9014.7,0.1059
7,9015.7,0.1059
7,9016.7,0.1059
7,9017.7,0.1059
7,9018.7,0.1059
7,9019.7,0.1059
7,9020.7,0.1059
7,9021.7,0.1059
7,9022.7,0.1059
7,9023.7,0.1059
7,9024.7,0.1059
7,9025.7,0.1059
7,9026.7,0.1059
7,9028.8,0.1025
7,9029.8,0.1025
7,9030.8,0.1025
7,9031.8,0.1025
7,9032.8,0.1025
7,9033.8,0.1025
7,9034.8,0.1025
7,9035.8,0.1025
7,9036.8,0.1025
7,9037.8,0.1025
7,9038.8,0.1068
7,9039.8,0.1068
7,9040.8,0.1068
7,9041.8,0.1068
7,9042.9,0.1068
7,9043.9,0.1068
7,9044.9,0.1068
7,9045.9,0.1068
7,9046.9,0.1068
7,9048.9,0.1068
7,9049.9,0.1068
7,9050.9,0.1068
7,9051.9,0.1068
7,9052.9,0.1068
7,9053.9,0.1068
7,9054.9,0.1068
7,9056,0.1068
7,9057,0.1068
7,9058,0.1068
7,9059,0.1068
7,9060,0.1112
7,9061,0.1112
7,9062,0.1112
7,9063,0.1112
7,9064,0.1112
7,9065,0.1112
7,9066,0.1112
7,9067,0.1112
7,9069,0.1112
7,9070.1,0.1112
7,9071.1,0.1112
7,9072.1,0.1112
7,9073.1,0.1112
7,9074.1,0.1112
7,9075.1,0.1112
7,9076.1,0.1112
7,9077.1,0.1112
7,9078.1,0.1112
7,9079.1,0.1112
7,9080.1,0.1068
7,9081.1,0.1068
7,9082.1,0.1068
7,9083.2,0.1068
7,9084.2,0.1068
7,9085.2,0.1068
7,9086.2,0.1068
7,9088.2,0.1068
7,9089.2,0.1068
7,9090.2,0.1068
7,9091.2,0.1068
7,9092.2,0.1068
7,9093.2,0.1068
7,9094.2,0.1068
7,9095.2,0.1068
7,9096.2,0.1068
7,9097.2,0.1068
7,9098.3,0.1068
7,9099.3,0.1068
7,9100.3,0.1068
7,9101.3,0.1068
7,9102.3,0.1068
7,9103.3,0.1068
7,9104.3,0.1034
7,9105.3,0.1034
7,9106.3,0.1034
7,9108.3,0.1076
7,9109.3,0.1076
7,9110.3,0.1076
7,9111.3,0.1076
7,9112.4,0.1076
7,9113.4,0.1076
7,9114.4,0.1078
7,9115.4,0.1076
7,9116.4,0.1076
7,9117.4,0.1076
7,9118.5,0.1076
7,9119.5,0.1076
7,9120.5,0.1076
7,9121.5,0.1076
7,9122.5,0.1078
7,9123.5,0.1078
7,9124.5,0.1078
7,9125.5,0.1076
7,9126.5,0.1076
7,9128.5,0.1078
7,9129.5,0.1076
7,9130.5,0.1076
7,9131.5,0.1119
7,9132.5,0.1076
7,9133.5,0.112
7,9134.5,0.1076
7,9135.5,0.1076
7,9136.5,0.1076
7,9137.5,0.1076
7,9138.6,0.112
7,9139.6,0.112
7,9140.6,0.112
7,9141.6,0.1119
7,9142.6,0.112
7,9143.6,0.112
7,9144.6,0.112
7,9145.6,0.112
7,9146.6,0.112
7,9148.6,0.112
7,9149.6,0.112
7,9150.6,0.112
7,9151.7,0.112
7,9152.7,0.112
7,9153.7,0.112
7,9154.7,0.112
7,9155.7,0.112
7,9156.7,0.1119
7,9157.7,0.112
7,9158.7,0.112
7,9159.7,0.112
7,9160.7,0.112
7,9161.7,0.112
7,9162.7,0.112
7,9163.7,0.112
7,9164.8,0.112
7,9165.8,0.112
7,9166.8,0.112
7,9168.8,0.1078
7,9169.8,0.1076
7,9170.8,0.1076
7,9171.8,0.1076
7,9172.8,0.1076
7,9173.8,0.1076
7,9174.8,0.1076
7,9175.8,0.1076
7,9176.9,0.1076
7,9177.9,0.1076
7,9178.9,0.1078
7,9179.9,0.1076
7,9180.9,0.1076
7,9181.9,0.1076
7,9182.9,0.1078
7,9183.9,0.1076
7,9184.9,0.1078
7,9186,0.1076
7,9187,0.1076
7,9189,0.1076
7,9190,0.1078
7,9191,0.1076
7,9192,0.1076
7,9193,0.1078
7,9194,0.1078
7,9195,0.1076
7,9196,0.1076
7,9197,0.1076
7,9198,0.1076
7,9199.1,0.1076
7,9200.1,0.1078
7,9201.1,0.1076
7,9202.1,0.1076
7,9203.1,0.1076
7,9204.1,0.1078
7,9205.1,0.1076
7,9206.1,0.1076
7,9207.1,0.1076
7,9209.1,0.1085
7,9210.1,0.1085
7,9211.1,0.1085
7,9212.1,0.1085
7,9213.1,0.1085
7,9214.1,0.1085
7,9215.2,0.1085
7,9216.2,0.1085
7,9217.2,0.1085
7,9218.2,0.1085
7,9219.2,0.1085
7,9220.2,0.1085
7,9221.2,0.1085
7,9222.2,0.1085
7,9223.2,0.1085
7,9224.2,0.1085
7,9225.2,0.1085
7,9226.2,0.1085
7,9227.3,0.1085
7,9229.3,0.1085
7,9230.3,0.1085
7,9231.3,0.1085
7,9232.3,0.1085
7,9233.3,0.1085
7,9234.3,0.1085
7,9235.3,0.1085
7,9236.3,0.1085
7,9237.3,0.1085
7,9238.3,0.1085
7,9239.3,0.1085
7,9240.4,0.1085
7,9241.4,0.1086
7,9242.4,0.1085
7,9243.4,0.1085
7,9244.4,0.1085
7,9245.4,0.1085
7,9246.4,0.1085
7,9247.4,0.1085
7,9249.5,0.1085
7,9250.5,0.1085
7,9251.5,0.1085
7,9252.5,0.1085
7,9253.5,0.1129
7,9254.5,0.1085
7,9255.5,0.1085
7,9256.5,0.1129
7,9257.5,0.1085
7,9258.5,0.1085
7,9259.5,0.1085
7,9260.5,0.1129
7,9261.6,0.1129
7,9262.6,0.1129
7,9263.6,0.1129
7,9264.6,0.1129
7,9265.6,0.1129
7,9266.6,0.1129
7,9267.6,0.1129
7,9269.6,0.1129
7,9270.6,0.1129
7,9271.6,0.1129
7,9272.7,0.1129
7,9273.7,0.1129
7,9274.7,0.1129
7,9275.7,0.1129
7,9276.7,0.1129
7,9277.7,0.1129
7,9278.7,0.1129
7,9279.7,0.1129
7,9280.7,0.1129
7,9281.7,0.1129
7,9282.7,0.1129
7,9283.7,0.1129
7,9284.8,0.1129
7,9285.8,0.1129
7,9286.8,0.1129
7,9287.8,0.1129
7,9289.8,0.1129
7,9290.8,0.1129
7,9291.8,0.1129
7,9292.8,0.1129
7,9293.8,0.1129
7,9294.9,0.1129
7,9295.9,0.1129
7,9296.9,0.1129
7,9297.9,0.1129
7,9298.9,0.1129
7,9299.9,0.1129
7,9300.9,0.1129
7,9302,0.1129
7,9303,0.1129
7,9304,0.1129
7,9305,0.1129
7,9306,0.1129
7,9307,0.1129
7,9308,0.1085
7,9310,0.1085
7,9311,0.1085
7,9312.1,0.1085
7,9313.1,0.1085
7,9314.1,0.1085
7,9315.1,0.1085
7,9316.1,0.1085
7,9317.1,0.1085
7,9318.1,0.1085
7,9319.1,0.1085
7,9320.1,0.1085
7,9321.1,0.1085
7,9322.1,0.1085
7,9323.1,0.1085
7,9324.1,0.1085
7,9325.2,0.1085
7,9326.2,0.1085
7,9327.2,0.1085
7,9328.2,0.1085
7,9330.2,0.1085
7,9331.2,0.1085
7,9332.2,0.1085
7,9333.2,0.1085
7,9334.2,0.1085
7,9335.2,0.1085
7,9336.2,0.1085
7,9337.3,0.1085
7,9338.3,0.1085
7,9339.3,0.1085
7,9340.3,0.1085
7,9341.3,0.1085
7,9342.3,0.1085
7,9343.3,0.1085
7,9344.3,0.1085
7,9345.3,0.1085
7,9346.3,0.1085
7,9347.3,0.1085
7,9348.3,0.1085
7,9350.3,0.1086
7,9351.3,0.1085
7,9352.3,0.1085
7,9353.4,0.1085
7,9354.4,0.1085
7,9355.4,0.1085
7,9356.4,0.1085
7,9357.4,0.1085
7,9358.4,0.1085
7,9359.4,0.1085
7,9360.4,0.1085
7,9361.4,0.1085
7,9362.4,0.1085
7,9363.4,0.1085
7,9364.5,0.1085
7,9365.5,0.1085
7,9366.5,0.1085
7,9367.5,0.1085
7,9368.5,0.1085
7,9370.5,0.1095
7,9371.5,0.1093
7,9372.5,0.1093
7,9373.5,0.1093
7,9374.5,0.1095
7,9375.5,0.1095
7,9376.6,0.1093
7,9377.6,0.1093
7,9378.6,0.1095
7,9379.6,0.1095
7,9380.6,0.1093
7,9381.6,0.1095
7,9382.6,0.1095
7,9383.6,0.1095
7,9384.6,0.1093
7,9385.6,0.1093
7,9386.6,0.1095
7,9387.7,0.1095
7,9388.7,0.1095
7,9390.7,0.1093
7,9391.7,0.1095
7,9392.7,0.1095
7,9393.7,0.1095
7,9394.7,0.1095
7,9395.7,0.1095
7,9396.7,0.1095
7,9397.7,0.1095
7,9398.7,0.1095
7,9399.8,0.1095
7,9400.8,0.1095
7,9401.8,0.1095
7,9402.8,0.1095
7,9403.8,0.1095
7,9404.8,0.1093
7,9405.8,0.1095
7,9406.8,0.1095
7,9407.8,0.1095
7,9408.8,0.1093
7,9410.8,0.1095
7,9411.8,0.1095
7,9412.8,0.1095
7,9413.9,0.1095
7,9414.9,0.1095
7,9415.9,0.1095
7,9416.9,0.1095
7,9417.9,0.1093
7,9418.9,0.1093
7,9419.9,0.1095
7,9420.9,0.1095
7,9421.9,0.1095
7,9422.9,0.1095
7,9423.9,0.1095
7,9425,0.1137
7,9426,0.1137
7,9427,0.1137
7,9428,0.1137
7,9429,0.1137
7,9431,0.1137
7,9432,0.1137
7,9433,0.1137
7,9434,0.1137
7,9435.1,0.1137
7,9436.1,0.1137
7,9437.1,0.1137
7,9438.1,0.1137
7,9439.1,0.1137
7,9440.1,0.1137
7,9441.1,0.1137
7,9442.1,0.1137
7,9443.1,0.1137
7,9444.1,0.1137
7,9445.1,0.1137
7,9446.1,0.1137
7,9447.2,0.1137
7,9448.2,0.1137
7,9449.2,0.1137
7,9451.2,0.1137
7,9452.2,0.1137
7,9453.2,0.1137
7,9454.2,0.1137
7,9455.2,0.1137
7,9456.2,0.1137
7,9457.3,0.1137
7,9458.3,0.1137
7,9459.3,0.1137
7,9460.3,0.1137
7,9461.3,0.1137
7,9462.3,0.1137
7,9463.4,0.1137
7,9464.4,0.1137
7,9465.4,0.1137
7,9466.4,0.1137
7,9467.4,0.1137
7,9468.4,0.1137
7,9469.4,0.1137
7,9471.4,0.1137
7,9472.4,0.1137
7,9473.4,0.1137
7,9474.4,0.1137
7,9475.4,0.1137
7,9476.4,0.1137
7,9477.4,0.1137
7,9478.4,0.1137
7,9479.4,0.1137
7,9480.5,0.1137
7,9481.5,0.1137
7,9482.5,0.1137
7,9483.5,0.1137
7,9484.5,0.1137
7,9485.5,0.1095
7,9486.5,0.1095
7,9487.5,0.1095
7,9488.5,0.1095
7,9489.5,0.1093
7,9491.5,0.1095
7,9492.5,0.1095
7,9493.5,0.1095
7,9494.5,0.1093
7,9495.5,0.1095
7,9496.6,0.1093
7,9497.6,0.1095
7,9498.6,0.1093
7,9499.6,0.1095
7,9500.6,0.1095
7,9501.6,0.1095
7,9502.6,0.1095
7,9503.6,0.1093
7,9504.6,0.1095
7,9505.6,0.1095
7,9506.6,0.1095
7,9507.6,0.1095
7,9508.6,0.1093
7,9509.6,0.1095
7,9511.6,0.1095
7,9512.7,0.1095
7,9513.7,0.1095
7,9514.7,0.1095
7,9515.7,0.1095
7,9516.7,0.1095
7,9517.7,0.1095
7,9518.7,0.1095
7,9519.7,0.1095
7,9520.7,0.1095
7,9521.7,0.1095
7,9522.7,0.1095
7,9523.7,0.1095
7,9524.7,0.1095
7,9525.7,0.1093
7,9526.7,0.1095
7,9527.7,0.1095
7,9528.8,0.1095
7,9529.8,0.1095
7,9531.8,0.1095
7,9532.8,0.1095
7,9533.8,0.1093
7,9534.8,0.1095
7,9535.8,0.1095
7,9536.8,0.1095
7,9537.8,0.1095
7,9538.8,0.1093
7,9539.8,0.1095
7,9540.8,0.1095
7,9541.8,0.1095
7,9542.8,0.1095
7,9543.9,0.1095
7,9544.9,0.1095
7,9545.9,0.1095
7,9546.9,0.1095
7,9547.9,0.1095
7,9548.9,0.1095
7,9549.9,0.1095
7,9551.9,0.1093
7,9552.9,0.1059
7,9554,0.1095
7,9555,0.1095
7,9556,0.1095
7,9557,0.1095
7,9558,0.1059
7,9559,0.1103
7,9560,0.1095
7,9561,0.1103
7,9562,0.1102
7,9563,0.1102
7,9564,0.1102
7,9565.1,0.1102
7,9566.1,0.1102
7,9567.1,0.1102
7,9568.1,0.1102
7,9569.1,0.1103
7,9570.1,0.1103
7,9572.1,0.1102
7,9573.2,0.1103
7,9574.2,0.1103
7,9575.2,0.1103
7,9576.2,0.1102
7,9577.2,0.1103
7,9578.2,0.1102
7,9579.2,0.1103
7,9580.2,0.1103
7,9581.2,0.1103
7,9582.2,0.1102
7,9583.2,0.1102
7,9584.2,0.1102
7,9585.2,0.1102
7,9586.2,0.1103
7,9587.3,0.1103
7,9588.3,0.1102
7,9589.3,0.1103
7,9590.3,0.1102
7,9592.3,0.1102
7,9593.3,0.1103
7,9594.3,0.1103
7,9595.3,0.1103
7,9596.3,0.1102
7,9597.3,0.1103
7,9598.3,0.1102
7,9599.3,0.1102
7,9600.4,0.1103
7,9601.4,0.1103
7,9602.4,0.1102
7,9603.4,0.1102
7,9604.4,0.1102
7,9605.4,0.1103
7,9606.4,0.1103
7,9607.4,0.1102
7,9608.4,0.1102
7,9609.4,0.1102
7,9610.4,0.1102
7,9612.4,0.1103
7,9613.4,0.1102
7,9614.4,0.1102
7,9615.4,0.1102
7,9616.4,0.1102
7,9617.5,0.1102
7,9618.5,0.1102
7,9619.5,0.1103
7,9620.5,0.1103
7,9621.5,0.1103
7,9622.5,0.1103
7,9623.5,0.1103
7,9624.5,0.1102
7,9625.5,0.1103
7,9626.5,0.1146
7,9627.5,0.1103
7,9628.5,0.1146
7,9629.6,0.1146
7,9631.6,0.1146
7,9632.6,0.1146
7,9633.6,0.1146
7,9634.6,0.1146
7,9635.6,0.1146
7,9636.6,0.1146
7,9637.6,0.1146
7,9638.6,0.1146
7,9639.6,0.1146
7,9640.6,0.1146
7,9641.6,0.1146
7,9642.7,0.1146
7,9643.7,0.1146
7,9644.7,0.1146
7,9645.7,0.1146
7,9646.7,0.1146
7,9647.7,0.1146
7,9648.7,0.1146
7,9649.7,0.1146
7,9651.7,0.1146
7,9652.7,0.1146
7,9653.7,0.1146
7,9654.7,0.1146
7,9655.8,0.1146
7,9656.8,0.1146
7,9657.8,0.1146
7,9658.8,0.1146
7,9659.8,0.1146
7,9660.8,0.1146
7,9661.8,0.1146
7,9662.8,0.1146
7,9663.8,0.1146
7,9664.8,0.1146
7,9665.9,0.1146
7,9666.9,0.1146
7,9667.9,0.1146
7,9668.9,0.1146
7,9669.9,0.1146
7,9671.9,0.1146
7,9672.9,0.1146
7,9673.9,0.1146
7,9674.9,0.1146
7,9676,0.1146
7,9678,0.1112
0,9679,0.1112
0,9680,0.1112
0,9681,0.1112
0,9683,0.1112
0,9684,0.1102
0,9685,0.1095
0,9686,0.1095
0,9687,0.1093
0,9688,0.1095
0,9689.1,0.1095
0,9690.1,0.1137
0,9691.1,0.1137
0,9692.1,0.1137
0,9693.1,0.1093
0,9694.1,0.1076
0,9695.1,0.1068
0,9696.1,0.1095
0,9697.1,0.1034
0,9698.1,0.1025
0,9699.1,0.1008
0,9700.1,0.1
0,9701.1,0.0983
0,9703.2,0.0974
0,9704.2,0.1008
0,9705.2,0.1008
0,9706.2,0.0966
0,9707.2,0.0966
0,9708.2,0.0966
0,9709.2,0.0966
0,9710.2,0.0966
0,9711.2,0.0923
0,9712.2,0.0957
0,9713.2,0.0957
0,9714.2,0.0991
0,9715.2,0.0932
0,9716.2,0.0966
0,9717.3,0.0915
0,9718.3,0.0898
0,9719.3,0.0887
0,9720.3,0.087
0,9721.3,0.0906
0,9723.3,0.0811
0,9724.3,0.0803
0,9725.3,0.0803
0,9726.3,0.0803
0,9727.3,0.0803
0,9728.3,0.0803
0,9729.4,0.0803
0,9730.4,0.0803
0,9731.4,0.0803
0,9732.4,0.0803
0,9733.4,0.0836
0,9734.4,0.087
0,9735.4,0.082
0,9736.4,0.076
0,9737.4,0.0794
0,9738.4,0.0786
0,9739.4,0.0769
0,9740.4,0.076
0,9741.4,0.0752
0,9743.4,0.0735
0,9744.5,0.0735
0,9745.5,0.0735
0,9746.5,0.0735
0,9747.5,0.0692
0,9748.5,0.0692
0,9749.5,0.0726
0,9750.5,0.0726
0,9751.5,0.0726
0,9752.5,0.0726
0,9753.5,0.0683
0,9754.5,0.0752
0,9755.5,0.0743
0,9756.5,0.0692
0,9757.6,0.0639
0,9758.6,0.0665
0,9759.6,0.07
0,9760.6,0.0648
0,9762.6,0.0597
0,9763.6,0.0631
0,9764.6,0.0631
0,9765.7,0.0631
0,9766.7,0.0631
0,9767.7,0.0588
0,9768.7,0.0588
0,9769.7,0.0588
0,9770.7,0.0588
0,9771.7,0.058
0,9772.7,0.058
0,9773.7,0.0656
0,9774.7,0.0605
0,9775.7,0.0554
0,9776.8,0.0537
0,9777.8,0.0614
0,9778.8,0.0563
0,9779.8,0.0554
0,9780.8,0.0503
0,9782.8,0.0485
0,9783.8,0.0486
0,9784.8,0.0486
0,9785.8,0.0486
0,9786.8,0.0478
0,9787.8,0.0478
0,9788.8,0.0476
0,9789.8,0.0476
0,9790.8,0.052
0,9791.9,0.052
0,9792.9,0.052
0,9793.9,0.0512
0,9794.9,0.0461
0,9795.9,0.04
0,9796.9,0.0434
0,9797.9,0.0468
0,9798.9,0.0374
0,9799.9,0.0374
0,9800.9,0.0451
0,9802.9,0.0451
0,9803.9,0.0366
0,9805,0.04
0,9806,0.0366
0,9807,0.04
0,9808,0.04
0,9809,0.04
0,9810,0.04
0,9811,0.04
0,9812,0.04
0,9813,0.04
0,9814,0.0442
0,9815,0.0442
0,9816.1,0.04
0,9817.1,0.04
0,9818.1,0.0391
0,9819.1,0.0391
0,9820.1,0.0434
0,9821.1,0.0408
0,9823.1,0.0434
