time,voltage,height
19.1636815071106,5,0.0741
21.1835050582886,5,0.0741
22.1914541721344,5,0.0741
23.1994473934174,5,0.0741
24.2074174880981,5,0.0741
25.2153966426849,5,0.0741
26.2260336875916,5,0.0741
27.2354345321655,5,0.0741
28.2434661388397,5,0.0741
29.2514414787292,5,0.0741
30.2554774284363,5,0.0741
31.2636070251465,5,0.0741
32.2795062065125,5,0.0741
33.2874825000763,5,0.0699
34.2954230308533,5,0.0697
35.3034143447876,5,0.0699
36.3154220581055,5,0.0733
37.3302903175354,5,0.069
38.3474638462067,5,0.0733
39.3554310798645,5,0.0733
41.3635392189026,5,0.0733
42.3743352890015,5,0.0733
43.3835611343384,5,0.0775
44.3914406299591,5,0.0775
45.399489402771,5,0.0733
46.4112663269043,5,0.0775
47.4234404563904,5,0.0733
48.4353606700897,5,0.0775
49.4473054409027,5,0.0733
50.4593253135681,5,0.0733
51.4714212417603,5,0.0775
52.4794237613678,5,0.0775
53.4889032840729,5,0.0733
54.4994413852692,5,0.0733
55.5115039348602,5,0.0733
56.5272510051727,5,0.0733
57.5354471206665,5,0.0733
58.5434489250183,5,0.0733
59.5515716075897,5,0.0733
61.5633382797241,5,0.069
62.5755414962769,5,0.069
63.5874128341675,5,0.069
64.5982761383057,5,0.069
65.6090087890625,5,0.069
66.6247596740723,5,0.069
67.6354193687439,5,0.069
68.6435611248016,5,0.069
69.651433467865,5,0.069
70.6594974994659,5,0.069
71.6754169464111,5,0.069
72.683413028717,5,0.069
73.6882617473602,5,0.0682
74.7034068107605,5,0.068
75.7114288806915,5,0.0682
76.7155039310455,5,0.0724
77.7234251499176,5,0.0724
78.7394273281097,5,0.0724
79.7514107227325,5,0.0724
81.7635264396667,5,0.0724
82.7714102268219,5,0.0724
83.7754156589508,5,0.0724
84.7914199829102,5,0.0724
85.7994086742401,5,0.0724
86.803427696228,5,0.0724
87.8154540061951,5,0.0724
88.8194441795349,5,0.0724
89.8314208984375,5,0.0724
90.8394584655762,5,0.0724
91.847421169281,5,0.0724
92.855485200882,5,0.0724
93.8639497756958,5,0.0724
94.8714303970337,5,0.0724
95.8754193782806,5,0.0724
96.8874258995056,5,0.0724
97.897340297699,5,0.0724
98.9114356040955,5,0.068
99.9193866252899,5,0.068
101.939436674118,5,0.0682
102.947288036346,5,0.068
103.959406137466,5,0.068
104.975284576416,5,0.068
105.987412452698,5,0.068
106.999436855316,5,0.0682
108.007424116135,5,0.068
109.015395879745,5,0.068
110.02747797966,5,0.068
111.035440206528,5,0.068
112.043444633484,5,0.0682
113.051418066025,5,0.068
114.059436559677,5,0.0672
115.071455001831,5,0.0673
116.082153320312,5,0.0716
117.087393760681,5,0.0716
118.103489160538,5,0.0716
119.112738847733,5,0.0716
120.127431631088,5,0.0716
122.139537096024,5,0.0716
123.147501707077,5,0.0716
124.158249855042,5,0.0716
125.167387008667,5,0.0716
126.180098056793,5,0.0716
127.187693834305,5,0.0716
128.196773529053,5,0.0716
129.211461544037,5,0.0716
130.222190141678,5,0.0716
131.231512069702,5,0.0716
132.243402242661,5,0.0716
133.255285978317,5,0.0716
134.263503313065,5,0.0716
135.271463155746,5,0.0716
136.275421857834,5,0.0716
137.283449888229,5,0.0716
138.291528940201,5,0.0716
139.299440145493,5,0.0716
140.307458400726,5,0.0716
142.319556951523,5,0.0673
143.327474355698,5,0.0673
144.335459947586,5,0.0673
145.345415115356,5,0.0673
146.363456249237,5,0.0672
147.378173589706,5,0.0672
148.3914706707,5,0.0673
149.403752803802,5,0.0673
150.407444477081,5,0.0672
151.415427207947,5,0.0673
152.423410892487,5,0.0672
153.431423902512,5,0.0672
154.439459323883,5,0.0672
155.447406768799,5,0.0672
156.45551109314,5,0.0672
157.459435224533,5,0.0672
158.46741771698,5,0.0663
159.475336313248,5,0.0663
160.483448982239,5,0.0663
162.495420694351,5,0.0707
163.507448673248,5,0.0663
164.515471220016,5,0.0707
165.523437976837,5,0.075
166.531397104263,5,0.0663
167.539433717728,5,0.0707
168.547411680222,5,0.0663
169.563197851181,5,0.0663
170.579168796539,5,0.0665
171.595412969589,5,0.0707
172.599439144135,5,0.0663
173.65491104126,5,0.0707
174.66411781311,5,0.0663
175.682790279388,5,0.0707
176.690309524536,5,0.075
177.697007656097,5,0.075
178.702468156815,5,0.0707
179.708279371262,5,0.0707
180.7123234272,5,0.075
182.719809055328,5,0.0707
183.724397659302,5,0.075
184.729108572006,5,0.075
185.733242511749,5,0.0707
186.737613677979,5,0.0707
187.745129108429,5,0.0707
188.74888420105,5,0.0707
189.752301454544,5,0.0707
190.755764245987,5,0.0707
191.759801864624,5,0.0707
192.765908956528,5,0.0707
193.771306753159,5,0.0707
195.79076218605,5,0.0648
197.803584575653,7,0.0646
198.810255527496,7,0.0648
199.816825151443,7,0.0648
200.823558807373,7,0.0646
201.830276489258,7,0.069
202.836849451065,7,0.0648
203.843619585037,7,0.0646
204.850293397903,7,0.0648
205.86200761795,7,0.0648
206.868748903275,7,0.0648
207.875497817993,7,0.0648
208.88995718956,7,0.0646
209.900917291641,7,0.0733
210.914792060852,7,0.0655
211.930718421936,7,0.0699
212.947467327118,7,0.0741
213.954139947891,7,0.0663
214.960823059082,7,0.0707
215.972680091858,7,0.0665
217.984841108322,7,0.0716
218.998980283737,7,0.0631
220.00484585762,7,0.0716
221.018942832947,7,0.0673
222.030693292618,7,0.0716
223.042457342148,7,0.0673
224.056811571121,7,0.0629
225.063594341278,7,0.0673
226.075310945511,7,0.0716
227.076839447021,7,0.0673
228.08364033699,7,0.0673
229.095376968384,7,0.0682
230.096862792969,7,0.0724
231.103572130203,7,0.0648
232.104854822159,7,0.0733
233.111557483673,7,0.0733
234.112847805023,7,0.0699
235.119529724121,7,0.0741
236.131321668625,7,0.0784
238.133955478668,7,0.0741
239.148198127747,7,0.075
240.154887199402,7,0.075
241.160853624344,7,0.075
242.167552947998,7,0.075
243.179281949997,7,0.075
244.190981626511,7,0.075
245.196881532669,7,0.075
246.2037088871,7,0.075
247.215431213379,7,0.075
248.222043275833,7,0.075
249.228862285614,7,0.0707
250.240620136261,7,0.0758
251.247332811356,7,0.0758
252.248847723007,7,0.068
253.255610942841,7,0.0767
254.262273788452,7,0.0767
255.268840312958,7,0.0724
256.275593996048,7,0.0775
258.28333735466,7,0.0775
259.290188789368,7,0.0733
260.296851634979,7,0.0775
261.302941560745,7,0.0775
262.312860965729,7,0.0733
263.31970000267,7,0.0818
264.336290836334,7,0.0733
265.337870836258,7,0.0733
266.344903469086,7,0.0733
267.351724386215,7,0.0733
268.363707780838,7,0.0775
269.375512123108,7,0.0784
270.387201309204,7,0.0784
271.393898963928,7,0.0784
272.400606393814,7,0.0792
273.407375574112,7,0.0792
274.414079666138,7,0.0836
275.428861379623,7,0.0758
276.435624361038,7,0.0801
278.43790268898,7,0.0801
279.444573640823,7,0.0801
280.451315641403,7,0.0801
281.463034391403,7,0.0724
282.468841075897,7,0.0758
283.475588798523,7,0.0758
284.482225656509,7,0.0724
285.488823890686,7,0.0758
286.495589971542,7,0.0767
287.502259492874,7,0.0758
288.508880376816,7,0.0767
289.515543460846,7,0.0809
290.522337913513,7,0.0809
291.528850793839,7,0.0733
292.540606737137,7,0.0818
293.554281711578,7,0.0818
294.566115140915,7,0.0835
295.567689180374,7,0.0784
297.575506687164,7,0.0826
298.587214946747,7,0.0826
299.593970298767,7,0.087
300.595586776733,7,0.087
301.607320308685,7,0.0828
302.608849287033,7,0.0828
303.615855455399,7,0.0826
304.616824150085,7,0.0828
305.62353682518,7,0.0828
306.635307073593,7,0.087
307.642081022263,7,0.0828
308.648851156235,7,0.0784
309.654948949814,7,0.0792
310.666883468628,7,0.0835
311.672805309296,7,0.0792
312.679580450058,7,0.0758
313.68631696701,7,0.0801
314.698059082031,7,0.0801
315.712808609009,7,0.0801
317.720819473267,7,0.0767
318.732666254044,7,0.0809
319.776704311371,7,0.0809
320.779980182648,7,0.0809
321.78484249115,7,0.0809
322.800350427628,7,0.0809
323.803712129593,7,0.0809
324.806559085846,7,0.0809
325.812807321548,7,0.0809
326.829483270645,7,0.0809
327.831431865692,7,0.0809
328.837930202484,7,0.0809
329.84441280365,7,0.0809
330.853571891785,7,0.0811
331.860245943069,7,0.0818
332.871917247772,7,0.0835
333.872795581818,7,0.0818
334.874323129654,7,0.0818
335.880909442902,7,0.0826
337.888652086258,7,0.087
338.895459413528,7,0.087
339.902079582214,7,0.087
340.9088306427,7,0.087
341.909629106522,7,0.087
342.916403055191,7,0.087
343.923038005829,7,0.087
344.928822994232,7,0.087
345.935643196106,7,0.087
346.942317485809,7,0.087
347.948901891708,7,0.087
348.955711603165,7,0.0828
349.967465400696,7,0.0828
350.981948852539,7,0.0836
351.996567249298,7,0.0879
353.003323316574,7,0.0921
354.010048866272,7,0.0835
355.016815185547,7,0.0801
356.02349448204,7,0.0801
358.031265735626,7,0.0887
359.037978887558,7,0.0887
360.049879312515,7,0.0887
361.051514387131,7,0.0887
362.058186769485,7,0.0887
363.064864397049,7,0.0887
364.066416978836,7,0.0887
365.067996025085,7,0.0887
366.068896055222,7,0.0887
367.080719709396,7,0.0887
368.08753323555,7,0.0887
369.088868379593,7,0.0887
370.100693941116,7,0.0809
371.107408761978,7,0.0896
372.11407661438,7,0.0896
373.120853900909,7,0.0896
374.13261961937,7,0.0818
375.139404296875,7,0.0836
376.146137237549,7,0.0904
378.154038667679,7,0.0904
379.160751104355,7,0.0904
380.167405128479,7,0.0904
381.168926477432,7,0.0904
382.175698280334,7,0.0904
383.182425737381,7,0.0904
384.188866615295,7,0.0904
385.200644016266,7,0.0904
386.207436323166,7,0.0904
387.214206933975,7,0.0904
388.220854282379,7,0.0904
389.232666015625,7,0.0828
390.239443540573,7,0.087
391.246146678925,7,0.087
392.252820014954,7,0.0913
393.268861532211,7,0.0913
394.275605678558,7,0.0956
395.276818037033,7,0.087
396.283574342728,7,0.0879
398.285915136337,7,0.0921
399.296832561493,7,0.0921
400.303490161896,7,0.0921
401.310194969177,7,0.0921
402.316974401474,7,0.0921
403.328434705734,7,0.0921
404.340226888657,7,0.0921
405.340824127197,7,0.0921
406.347607135773,7,0.0921
407.354398488998,7,0.0921
408.369404315948,7,0.0921
409.376130819321,7,0.0921
410.382865190506,7,0.0921
411.389023303986,7,0.0879
412.400825023651,7,0.0887
413.407624483109,7,0.093
414.414388895035,7,0.093
415.420857667923,7,0.093
416.427565336227,7,0.0887
418.429982662201,7,0.0887
419.436777114868,7,0.0896
420.443447351456,7,0.0896
421.45022892952,7,0.0896
422.461966991425,7,0.0896
423.468793153763,7,0.0896
424.475447654724,7,0.0896
425.482201814651,7,0.0896
426.491875171661,7,0.0896
427.498612880707,7,0.0896
428.504853487015,7,0.0896
429.506407499313,7,0.0896
430.518178939819,7,0.0939
431.524833202362,7,0.0939
432.531547546387,7,0.0896
433.538233041763,7,0.0896
434.544817209244,7,0.0904
435.556572198868,7,0.0947
436.568306207657,7,0.0947
438.576125621796,7,0.0947
439.582877397537,7,0.0947
440.588865995407,7,0.0947
441.59564781189,7,0.0947
442.602356672287,7,0.0947
443.608829975128,7,0.0947
444.620551109314,7,0.0947
445.627249479294,7,0.0947
446.633985996246,7,0.0947
447.640707969666,7,0.0947
448.647382736206,7,0.0947
449.654218912125,7,0.0947
450.667762517929,7,0.0913
451.674430370331,7,0.0913
452.688857793808,7,0.0956
453.703937292099,7,0.0956
454.717955827713,7,0.0998
455.728730916977,7,0.0956
456.735527038574,7,0.0956
458.748357057571,7,0.0913
459.755066871643,7,0.0921
460.764532327652,7,0.0921
461.776268959045,7,0.0921
462.78798532486,7,0.0921
463.799873352051,7,0.0921
464.842814207077,7,0.0921
465.84637928009,7,0.0921
466.865575790405,7,0.0921
467.870717287064,7,0.0921
468.878289461136,7,0.0921
469.880629777908,7,0.0964
470.883377552032,7,0.0964
471.887076616287,7,0.0966
472.889195680618,7,0.1006
473.891593933105,7,0.0964
474.893326759338,7,0.0921
475.904054641724,7,0.093
476.904680252075,7,0.093
478.91392159462,7,0.0973
479.920575857162,7,0.0973
480.927348613739,7,0.0973
481.934233903885,7,0.0973
482.945883274078,7,0.0973
483.95284819603,7,0.0973
484.954349756241,7,0.0973
485.960859298706,7,0.0973
486.967574834824,7,0.0973
487.968819856644,7,0.0973
488.975168704987,7,0.0973
489.97681427002,7,0.0973
490.983728647232,7,0.0973
491.990364074707,7,0.0973
492.996850013733,7,0.093
494.003551483154,7,0.0939
495.010209560394,7,0.0939
496.016856431961,7,0.0981
497.02872467041,7,0.0981
499.031454086304,7,0.0981
500.032872915268,7,0.0981
501.039551496506,7,0.0981
502.046231746674,7,0.0981
503.052924633026,7,0.0981
504.064790010452,7,0.0981
505.071582078934,7,0.0981
506.078390598297,7,0.0981
507.084917068481,7,0.1025
508.09925699234,7,0.1025
509.105960607529,7,0.0981
510.112818956375,7,0.0981
511.119577884674,7,0.0947
512.126283407211,7,0.0947
513.132921695709,7,0.0947
514.144825220108,7,0.0991
515.156606912613,7,0.0991
516.163394927979,7,0.0991
517.170136213303,7,0.0989
519.183188915253,7,0.0991
520.189923763275,7,0.0991
521.1968562603,7,0.0989
522.203596115112,7,0.0989
523.210302829742,7,0.0989
524.216901540756,7,0.0989
525.228652477264,7,0.0947
526.235350131989,7,0.0991
527.242151021957,7,0.0989
528.248866558075,7,0.0947
529.255541086197,7,0.0991
530.256894111633,7,0.0956
531.258455991745,7,0.0956
532.260041236877,7,0.0998
533.266719102859,7,0.0998
534.278551101685,7,0.1
535.284814357758,7,0.0998
536.296670198441,7,0.1042
537.308514595032,7,0.1042
539.316383838654,7,0.1
540.323051691055,7,0.0956
541.329733371735,7,0.0998
542.336586952209,7,0.0998
543.343325376511,7,0.0998
544.358760118484,7,0.0998
545.364960670471,7,0.0998
546.379974842072,7,0.0998
547.394295930862,7,0.0998
548.395845890045,7,0.1
549.396854877472,7,0.0956
550.403635501862,7,0.0964
551.404944658279,7,0.0964
552.411628484726,7,0.1008
553.418249607086,7,0.1008
554.430045604706,7,0.1008
555.43606710434,7,0.1008
556.447777986526,7,0.1051
557.448888778687,7,0.1051
559.456693410873,7,0.1051
560.463415622711,7,0.1008
561.4701359272,7,0.1008
562.471705198288,7,0.1008
563.472836732864,7,0.1008
564.47439455986,7,0.1008
565.475966930389,7,0.1008
566.482461214066,7,0.1008
567.488848924637,7,0.1008
568.495720624924,7,0.1006
569.50248837471,7,0.1008
570.508925914764,7,0.1008
571.515777826309,7,0.0973
572.522448062897,7,0.0973
573.529013395309,7,0.1015
574.535810470581,7,0.1015
575.542593717575,7,0.1015
576.548848390579,7,0.1017
577.555656909943,7,0.1059
579.563548564911,7,0.1059
580.578983306885,7,0.1059
581.584820508957,7,0.1059
582.59157371521,7,0.1017
583.598367452621,7,0.1015
584.610107421875,7,0.1059
585.61686873436,7,0.1017
586.628780603409,7,0.1015
587.635581254959,7,0.1059
588.650740861893,7,0.1059
589.656919717789,7,0.1059
590.672196388245,7,0.1015
591.68718457222,7,0.0981
592.693890810013,7,0.0981
593.69540977478,7,0.0981
594.69683432579,7,0.0981
595.708688020706,7,0.1025
596.715399503708,7,0.1025
597.716849803925,7,0.1025
599.724735498428,7,0.1025
600.731444835663,7,0.1025
601.743272542953,7,0.1025
602.7448823452,7,0.1025
603.75151014328,7,0.1025
604.75291967392,7,0.1025
605.766960382462,7,0.1025
606.781963586807,7,0.1025
607.792840480804,7,0.1025
608.804590702057,7,0.1025
609.811265468597,7,0.1025
610.826842546463,7,0.1068
611.832885980606,7,0.1025
612.847899913788,7,0.1025
613.854598283768,7,0.0981
614.860819101334,7,0.0989
615.872601032257,7,0.0991
616.879251480103,7,0.0989
617.880804777145,7,0.1034
619.883420705795,7,0.1034
620.89010310173,7,0.1034
621.896812200546,7,0.1034
622.903457164764,7,0.1034
623.91515994072,7,0.1034
624.92181968689,7,0.1034
625.923335790634,7,0.1034
626.930060386658,7,0.1034
627.942003488541,7,0.1034
628.948659420013,7,0.1034
629.960338115692,7,0.1034
630.972179412842,7,0.1034
631.972837924957,7,0.1076
632.974383115768,7,0.1034
633.980720281601,7,0.1076
634.990444660187,7,0.1034
635.996832847595,7,0.1034
637.008059740067,7,0.0989
639.015843391418,7,0.0998
640.030210494995,7,0.0998
641.036839962006,7,0.0998
642.043585300446,7,0.0998
643.050170660019,7,0.0998
644.05685043335,7,0.0998
645.063529253006,7,0.0998
646.070255756378,7,0.0998
647.076839208603,7,0.0998
648.092733860016,7,0.0998
649.099404096603,7,0.0998
650.111246109009,7,0.0998
651.118052482605,7,0.0998
652.146978855133,7,0.1042
653.170015096664,7,0.1042
654.179095983505,7,0.1042
655.188056707382,7,0.1042
656.196703195572,7,0.1042
657.20058965683,7,0.1042
659.204100608826,7,0.1085
660.207600593567,7,0.1085
661.211308240891,7,0.1085
662.239151000977,7,0.1085
663.244403839111,7,0.1085
664.263157367706,7,0.1085
665.272982120514,7,0.1085
666.276030302048,7,0.1085
667.27880358696,7,0.1085
668.281593084335,7,0.1085
669.284312725067,7,0.1085
670.292576313019,7,0.1085
671.301736354828,7,0.1085
672.310912847519,7,0.1042
673.316776275635,7,0.1042
674.323396921158,7,0.1042
675.330075025558,7,0.1042
676.341840028763,7,0.1006
677.348761796951,7,0.1042
679.356845855713,7,0.1008
680.368733882904,7,0.1008
681.375583648682,7,0.1051
682.382315397263,7,0.1006
683.388813495636,7,0.1051
684.400606632233,7,0.1008
685.412392139435,7,0.1051
686.424231052399,7,0.1008
687.424819231033,7,0.1051
688.44038939476,7,0.1008
689.452220678329,7,0.1051
690.46755027771,7,0.1051
691.474138021469,7,0.1051
692.480850934982,7,0.1051
693.48760509491,7,0.1051
694.499368667603,7,0.1051
695.511105060577,7,0.1051
696.518033266068,7,0.1051
697.529924869537,7,0.1093
699.536845207214,7,0.1093
700.548682928085,7,0.1093
701.554707288742,7,0.1093
702.566560029984,7,0.1093
703.572807073593,7,0.1093
704.57967209816,7,0.1093
705.58623957634,7,0.1093
706.592836856842,7,0.1093
707.599650859833,7,0.1093
708.611414194107,7,0.1093
709.618129968643,7,0.1093
710.619694709778,7,0.1093
711.631422758102,7,0.1051
712.63812828064,7,0.1051
713.648770570755,7,0.1008
714.655375003815,7,0.1017
715.668838977814,7,0.1051
716.683395624161,7,0.1017
717.695279121399,7,0.1017
719.703060865402,7,0.1017
720.709867477417,7,0.1059
721.716665267944,7,0.1059
722.723507642746,7,0.1059
723.735326051712,7,0.1059
724.736829042435,7,0.1059
725.738360404968,7,0.1059
726.739902019501,7,0.1059
727.740842342377,7,0.1059
728.747533082962,7,0.1059
729.758759498596,7,0.1059
730.764951944351,7,0.1059
731.771762609482,7,0.1059
732.77285861969,7,0.1059
733.779618501663,7,0.1059
734.791308641434,7,0.1059
735.800837993622,7,0.1059
736.816042423248,7,0.1059
737.8308801651,7,0.1102
739.837921142578,7,0.1102
740.844919919968,7,0.1102
741.851586103439,7,0.1102
742.858238458633,7,0.1102
743.864826440811,7,0.1102
744.871623039246,7,0.1102
745.878404378891,7,0.1102
746.884868621826,7,0.1102
747.891543626785,7,0.1102
748.892838954926,7,0.1102
749.899669408798,7,0.1102
750.906425237656,7,0.1102
751.912864208221,7,0.1059
752.924592494965,7,0.1059
753.931371688843,7,0.1059
754.937970876694,7,0.1025
755.94887137413,7,0.1025
756.955592632294,7,0.1025
757.967303991318,7,0.1025
759.97523522377,7,0.1025
760.981959581375,7,0.1025
761.988715410233,7,0.1025
763.004817485809,7,0.1068
764.011640310287,7,0.1025
765.018478631973,7,0.1068
766.024822235107,7,0.1025
767.036559104919,7,0.1025
768.043373584747,7,0.1068
769.050128221512,7,0.1025
770.056927919388,7,0.1068
771.063761234283,7,0.1068
772.075549125671,7,0.1068
773.08229970932,7,0.1068
774.083909034729,7,0.1068
775.100846529007,7,0.1068
776.107465744019,7,0.1068
777.11417388916,7,0.1068
778.120855569839,7,0.1068
780.128849983215,7,0.111
781.135570287704,7,0.111
782.142322778702,7,0.111
783.144017934799,7,0.1068
784.150709867477,7,0.111
785.152294874191,7,0.111
786.16405749321,7,0.111
787.170730829239,7,0.111
788.176877737045,7,0.111
789.183644533157,7,0.111
790.195381402969,7,0.111
791.202120542526,7,0.111
792.216599941254,7,0.111
793.231807231903,7,0.111
794.246062517166,7,0.1068
795.260188579559,7,0.1068
796.267007112503,7,0.1068
797.272825717926,7,0.1068
798.279540061951,7,0.1068
800.282024145126,7,0.1068
801.283668756485,7,0.1068
802.295358896255,7,0.1034
803.301645517349,7,0.1034
804.312824726105,7,0.1034
805.319454193115,7,0.1068
806.326133489609,7,0.1034
807.332808494568,7,0.1034
808.339510679245,7,0.1034
809.351396560669,7,0.1034
810.35812997818,7,0.1034
811.364828586578,7,0.1034
812.371571779251,7,0.1068
813.378367900848,7,0.1034
814.384818077087,7,0.1076
815.396620035172,7,0.1076
816.403374433517,7,0.1076
817.409977674484,7,0.1076
818.416861057281,7,0.1076
820.424690723419,7,0.1076
821.431443929672,7,0.1076
822.438109397888,7,0.1076
823.44483923912,7,0.1076
824.45164847374,7,0.1076
825.463675498962,7,0.1076
826.475452423096,7,0.1076
827.482147932053,7,0.1076
828.488932132721,7,0.1076
829.49572467804,7,0.1076
830.507553339005,7,0.1076
831.514184951782,7,0.1076
832.525907993317,7,0.1076
833.532720565796,7,0.1076
834.539537906647,7,0.1076
835.54612493515,7,0.1119
836.557960033417,7,0.1119
837.564014911652,7,0.1119
838.579223394394,7,0.1119
840.586932420731,7,0.1119
841.59287405014,7,0.1119
842.60462474823,7,0.1119
843.611300230026,7,0.1119
844.612825870514,7,0.1119
845.624596357346,7,0.1119
846.631153345108,7,0.1119
847.640311956406,7,0.1119
848.646925449371,7,0.1119
849.656857967377,7,0.1119
850.663611650467,7,0.1119
851.664860010147,7,0.1119
852.676650524139,7,0.1119
853.688595056534,7,0.1076
854.69544506073,7,0.1076
855.707122325897,7,0.1076
856.713834762573,7,0.1076
857.720489025116,7,0.1076
858.727256774902,7,0.1076
860.740285873413,7,0.1076
861.747094154358,7,0.1076
862.758800029755,7,0.1076
863.764833450317,7,0.1076
864.771547317505,7,0.1076
865.77831530571,7,0.1076
866.79003572464,7,0.1076
867.796872377396,7,0.1076
868.810854196548,7,0.1076
869.822759628296,7,0.1076
870.834535121918,7,0.1076
871.84629368782,7,0.1042
872.852819919586,7,0.1042
873.86457657814,7,0.1042
874.87135720253,7,0.1042
875.878006458282,7,0.1042
876.884840726852,7,0.1085
877.891612768173,7,0.1085
878.898364305496,7,0.1085
880.905995368958,7,0.1085
881.912764310837,7,0.1085
882.919471979141,7,0.1085
883.931173563004,7,0.1085
884.937972784042,7,0.1085
885.944714546204,7,0.1085
886.956466674805,7,0.1085
887.963191747665,7,0.1085
888.969924449921,7,0.1085
889.976041555405,7,0.1085
890.990636587143,7,0.1085
892.004845619202,7,0.1085
893.018893957138,7,0.1085
894.024837732315,7,0.1085
895.03661608696,7,0.1085
896.043279409409,7,0.1085
897.049948215485,7,0.1085
898.056820392609,7,0.1085
899.063542127609,7,0.1085
901.076386451721,7,0.1127
902.091032743454,7,0.1127
903.096838474274,7,0.1127
904.108654975891,7,0.1127
905.123096227646,7,0.1127
906.13825750351,7,0.1127
907.151829957962,7,0.1127
908.196174621582,7,0.1127
909.198922395706,7,0.1127
910.204394817352,7,0.1127
911.21719789505,7,0.1127
912.227637529373,7,0.1127
913.229588508606,7,0.1127
914.231943368912,7,0.1127
915.234073877335,7,0.1127
916.236421585083,7,0.1127
917.23975610733,7,0.1127
918.243445634842,7,0.1127
919.25616312027,7,0.1127
921.277068853378,7,0.1127
922.290436506271,7,0.1127
923.294585466385,7,0.1127
924.304567575455,7,0.1127
925.307172060013,7,0.1127
926.310063123703,7,0.1127
927.312579393387,7,0.1127
928.317987203598,7,0.1127
929.327307701111,7,0.1127
930.33385848999,7,0.1127
931.340420484543,7,0.1127
932.348919868469,7,0.1127
933.350404500961,7,0.1085
934.357002258301,7,0.1127
935.358695030212,7,0.1085
936.370766401291,7,0.1085
937.376892089844,7,0.1085
938.378485679626,7,0.1085
939.384849309921,7,0.1085
941.392772197723,7,0.1085
942.399570226669,7,0.1085
943.406420230865,7,0.1085
944.412848234177,7,0.1085
945.419628858566,7,0.1085
946.426355600357,7,0.1085
947.432813882828,7,0.1085
948.439620018005,7,0.1085
949.451421260834,7,0.1085
950.457304000854,7,0.1085
951.468921661377,7,0.1085
952.475631475449,7,0.1085
953.482397556305,7,0.1085
954.494098186493,7,0.1085
955.504915952682,7,0.1051
956.511614322662,7,0.1051
957.518419742584,7,0.1051
958.530137300491,7,0.1051
959.536863327026,7,0.1051
961.544705629349,7,0.1051
962.556646108627,7,0.1051
963.568384170532,7,0.1051
964.580282688141,7,0.1051
965.586977243423,7,0.1051
966.598716497421,7,0.1051
967.604822635651,7,0.1051
968.611655235291,7,0.1051
969.618504047394,7,0.1051
970.632883787155,7,0.1051
971.639688968658,7,0.1051
972.646361112595,7,0.1093
973.658098459244,7,0.1093
974.664867639542,7,0.1093
975.676722049713,7,0.1093
976.683414936066,7,0.1093
977.695136070251,7,0.1093
978.701937198639,7,0.1093
979.708593606949,7,0.1093
981.716392278671,7,0.1093
982.723098278046,7,0.1093
983.738155841827,7,0.1093
984.750030994415,7,0.1093
985.756734132767,7,0.1093
986.768569469452,7,0.1093
987.775332927704,7,0.1093
988.787098884583,7,0.1093
989.793909311295,7,0.1093
990.804888725281,7,0.1093
991.818230628967,7,0.1093
992.829959630966,7,0.1093
993.836701631546,7,0.1093
994.848485708237,7,0.1093
995.85463309288,7,0.1093
996.866384029388,7,0.1093
997.872828722,7,0.1093
998.884579181671,7,0.1093
999.89134478569,7,0.1136
1001.8990445137,7,0.1136
1002.9058701992,7,0.1136
1003.9168381691,7,0.1136
1004.92356705666,7,0.1136
1005.93537521362,7,0.1136
1006.94888734818,7,0.1136
1007.95562505722,7,0.1136
1008.9728205204,7,0.1136
1009.97960090637,7,0.1136
1010.98625779152,7,0.1136
1011.99283766747,7,0.1136
1012.99943733215,7,0.1136
1014.00624871254,7,0.1136
1015.02085995674,7,0.1136
1016.03281068802,7,0.1136
1017.03954553604,7,0.1136
1018.04629015923,7,0.1136
1019.05285763741,7,0.1136
1020.06480979919,7,0.1136
1022.0727519989,7,0.1136
1023.0794980526,7,0.1136
1024.08091115952,7,0.1136
1025.09614014626,7,0.1136
1026.10785365105,7,0.1136
1027.11475896835,7,0.1136
1028.12080478668,7,0.1136
1029.13489198685,7,0.1136
1030.14661574364,7,0.1136
1031.15297412872,7,0.1136
1032.16503596306,7,0.1136
1033.17183542252,7,0.1093
1034.17852067947,7,0.1093
1035.18483233452,7,0.1093
1036.20084047318,7,0.1093
1037.20235228539,7,0.1093
1038.20391774178,7,0.1093
1039.20490050316,7,0.1093
1040.20646882057,7,0.1093
1042.21923756599,7,0.1093
1043.2286491394,7,0.1093
1044.23537898064,7,0.1093
1045.23685669899,7,0.1093
1046.2478864193,7,0.1093
1047.25449609756,7,0.1093
1048.26084804535,7,0.1093
1049.26763820648,7,0.1093
1050.27435350418,7,0.1093
1051.28097867966,7,0.1093
1052.28766965866,7,0.1093
1053.29938817024,7,0.1093
1054.30610728264,7,0.1059
1055.31285619736,7,0.1059
1056.31961297989,7,0.1059
1057.32085847855,7,0.1059
1058.3275513649,7,0.1059
1059.33410000801,7,0.1059
1060.34081339836,7,0.1059
1062.34864187241,7,0.1102
1063.35020518303,7,0.1102
1064.35686779022,7,0.1102
1065.35844278336,7,0.1102
1066.36001443863,7,0.1102
1067.36681962013,7,0.1102
1068.37281870842,7,0.1102
1069.37957954407,7,0.1102
1070.38634777069,7,0.1102
1071.39283466339,7,0.1102
1072.40457510948,7,0.1102
1073.4163684845,7,0.1102
1074.42305588722,7,0.1102
1075.85403871536,7,0.1102
1076.86074995995,7,0.1102
1077.87576508522,7,0.1102
1078.88720178604,7,0.1102
1079.88886332512,7,0.1102
1080.89572572708,7,0.1102
1082.90359807014,7,0.1102
1083.91024470329,7,0.1102
1084.92476582527,7,0.1102
1085.93144130707,7,0.1102
1086.93301415443,7,0.1102
1087.93972063065,7,0.1102
1088.95146107674,7,0.1102
1089.95817637444,7,0.1102
1090.96486258507,7,0.1102
1091.97161626816,7,0.1102
1092.97311830521,7,0.1102
1093.97886586189,7,0.1102
1094.99062752724,7,0.1102
1096.00237250328,7,0.1102
1097.0090970993,7,0.1102
1098.01576852798,7,0.1102
1099.02747392654,7,0.1102
1100.039280653,7,0.1144
1101.0450937748,7,0.1144
1103.05291461945,7,0.1144
1104.05966663361,7,0.1146
1105.06623411179,7,0.1146
1106.06781101227,7,0.1144
1107.07453894615,7,0.1144
1108.08110380173,7,0.1144
1109.08761501312,7,0.1144
1110.08917021751,7,0.1146
1111.09568786621,7,0.1144
1112.10764169693,7,0.1146
1113.11455059052,7,0.1144
1114.12590742111,7,0.1144
1115.13267230988,7,0.1144
1116.13936877251,7,0.1144
1117.15108394623,7,0.1146
1118.16784238815,7,0.1144
1119.18226742744,7,0.1146
1120.18902111053,7,0.1144
1121.20394802094,7,0.1102
1123.21687936783,7,0.1102
1124.2237071991,7,0.1102
1125.23556852341,7,0.1102
1126.24224925041,7,0.1102
1127.2543387413,7,0.1102
1128.26612496376,7,0.1102
1129.27249360085,7,0.1102
1130.28436541557,7,0.1102
1131.29117536545,7,0.1102
1132.30297708511,7,0.1102
1133.30915641785,7,0.1102
1134.31583118439,7,0.1102
1135.32275676727,7,0.1102
1136.33446383476,7,0.1102
1137.34104371071,7,0.1102
1138.34762430191,7,0.1102
1139.35700368881,7,0.1102
1140.3636200428,7,0.1102
1141.37025523186,7,0.1068
1143.37713336945,7,0.1102
1144.38379192352,7,0.1102
1145.39693880081,7,0.1102
1146.40368413925,7,0.1068
1147.41031146049,7,0.1068
1148.41187000275,7,0.1102
1149.41853427887,7,0.1102
1150.42514061928,7,0.1102
1151.43182229996,7,0.1068
1152.4385676384,7,0.1102
1153.45028710365,7,0.1068
1154.45187187195,7,0.1102
1155.45849847794,7,0.1068
1156.46797776222,7,0.1068
1157.48214840889,7,0.1068
1158.50850486755,7,0.1068
1159.5331594944,7,0.1068
1160.55205893517,7,0.1068
1161.55843186378,7,0.1068
1163.56277298927,7,0.111
1164.56657576561,7,0.1068
1165.57046580315,7,0.1068
1166.59901738167,7,0.111
1167.61651563644,7,0.1068
1168.61974620819,7,0.111
1169.62584924698,7,0.1068
1170.63231110573,7,0.1068
1171.63810825348,7,0.1068
1172.64116311073,7,0.1068
1173.64416503906,7,0.1068
1174.64496445656,7,0.111
1175.65415787697,7,0.111
1176.6637032032,7,0.111
1177.67297029495,7,0.111
1178.6836411953,7,0.111
1179.69655275345,7,0.111
1180.70328474045,7,0.111
1181.70908904076,7,0.111
1183.71696519852,7,0.111
1184.7286772728,7,0.111
1185.74045729637,7,0.111
1186.75561547279,7,0.111
1187.77185678482,7,0.111
1188.78383922577,7,0.111
1189.79565358162,7,0.111
1190.80224752426,7,0.111
1191.80909824371,7,0.111
1192.82509374619,7,0.111
1193.83191204071,7,0.111
1194.83860588074,7,0.111
1195.8450961113,7,0.111
1196.85182523727,7,0.111
1197.86509990692,7,0.111
1198.87182116508,7,0.111
1199.87836194038,7,0.111
1200.8891479969,7,0.111
1201.89598655701,7,0.111
1203.90910100937,7,0.111
1204.92092585564,7,0.111
1205.92767858505,7,0.111
1206.93426918983,7,0.111
1207.94107222557,7,0.111
1208.94774103165,7,0.111
1209.95454096794,7,0.111
1210.96106505394,7,0.111
1211.96773052216,7,0.111
1212.97446084023,7,0.111
1213.98103809357,7,0.111
1214.98765182495,7,0.111
1215.99943351746,7,0.111
1217.01308012009,7,0.111
1218.02489590645,7,0.111
1219.03168487549,7,0.111
1220.03839087486,7,0.1153
1221.04509139061,7,0.1153
1222.05184602737,7,0.111
1224.06391119957,7,0.1153
1225.07498335838,7,0.1153
1226.0866765976,7,0.1153
1227.09839701653,7,0.1153
1228.10512423515,7,0.1153
1229.11169719696,7,0.1153
1230.12109589577,7,0.1153
1231.122651577,7,0.1153
1232.13452768326,7,0.1153
1233.14623451233,7,0.1153
1234.15293979645,7,0.1153
1235.15962791443,7,0.1153
1236.16630625725,7,0.1153
1237.17312431335,7,0.1153
1238.17985606194,7,0.1153
1239.18654370308,7,0.1153
1240.19749617577,7,0.1153
1241.20433521271,7,0.1153
1242.21613073349,7,0.1153
1244.22904872894,7,0.1153
1245.23589253426,7,0.1153
1246.24260663986,7,0.1154
1247.25436401367,7,0.1153
1248.26107525826,7,0.1153
1249.26782250404,7,0.1153
1250.27461957932,7,0.1153
1251.27627515793,7,0.1153
1252.29191255569,7,0.1153
1253.29850006104,7,0.1153
1254.30509281158,7,0.1153
1255.31169128418,7,0.1153
1256.31308555603,7,0.1153
1257.31981396675,7,0.1153
1258.32649946213,7,0.1153
1259.33311867714,7,0.1153
1260.33992314339,7,0.111
1261.35176110268,7,0.1153
1262.35842514038,7,0.1153
1264.36621952057,7,0.1153
1265.37313699722,7,0.1153
1266.38490271568,7,0.1153
1267.39168024063,7,0.1153
1268.39828515053,7,0.1153
1269.40507102013,7,0.1153
1270.4118206501,7,0.1153
1271.4185860157,7,0.1153
1272.42514395714,7,0.1153
1273.43177962303,7,0.1153
1274.43858551979,7,0.1153
1275.44511079788,7,0.1153
1276.45200967789,7,0.1154
1277.45880293846,7,0.1153
1278.47289657593,7,0.1153
1279.47966432571,7,0.111
1280.49421739578,7,0.111
1281.50108265877,7,0.111
1282.50789403915,7,0.111
1284.51576733589,7,0.111
1285.51707434654,7,0.111
1286.52390146255,7,0.111
1287.53074836731,7,0.111
1288.53711271286,7,0.111
1289.54390716553,7,0.111
1290.55565953255,7,0.111
1291.56256747246,7,0.111
1292.56413435936,7,0.111
1293.57081365585,7,0.111
1294.57709383965,7,0.111
1295.58910727501,7,0.111
1296.59584712982,7,0.111
1297.60918903351,7,0.111
1298.62517309189,7,0.111
1299.63193655014,7,0.111
1300.63865542412,7,0.111
1301.65306854248,7,0.111
1302.66490721703,7,0.111
1304.68027853966,7,0.111
1305.6921107769,7,0.111
1306.73519706726,7,0.111
1307.7386007309,7,0.111
1308.75321030617,7,0.111
1309.75677371025,7,0.111
1310.76059818268,7,0.111
1311.77174949646,7,0.111
1312.77309465408,7,0.111
1313.77497529984,7,0.111
1314.77777552605,7,0.111
1315.78156590462,7,0.111
1316.78422284126,7,0.111
1317.79421138763,7,0.111
1318.79988431931,7,0.111
1319.81441092491,7,0.111
1320.81588673592,7,0.1076
1321.82762145996,7,0.111
1322.83442139626,7,0.111
1324.84226131439,7,0.1076
1325.85710644722,7,0.1076
1326.86377263069,7,0.111
1327.87066197395,7,0.1076
1328.87710475922,7,0.1076
1329.88884282112,7,0.1076
1330.90071058273,7,0.1076
1331.90761375427,7,0.1076
1332.9142780304,7,0.1076
1333.92114067078,7,0.1076
1334.92788243294,7,0.1076
1335.93458366394,7,0.1076
1336.94109654427,7,0.1076
1337.9478290081,7,0.1076
1338.95450282097,7,0.1076
1339.96107292175,7,0.1076
1341.97949266434,7,0.1163
1342.98620963097,5,0.1161
1343.99679780006,5,0.1163
1345.00356721878,5,0.1163
1346.01556682587,5,0.1163
1347.02229309082,5,0.1163
1348.0288541317,5,0.1163
1349.03564214706,5,0.1163
1350.042314291,5,0.1163
1351.05410432816,5,0.1163
1352.06078052521,5,0.1161
1353.0675163269,5,0.1119
1354.07938718796,5,0.111
1355.08606362343,5,0.111
1356.0928041935,5,0.1102
1357.10463476181,5,0.1102
1359.11242318153,5,0.1059
1360.12432837486,5,0.1093
1361.1309940815,5,0.1136
1362.13685011864,5,0.1136
1363.14866280556,5,0.1136
1364.15538692474,5,0.1136
1365.17041802406,5,0.1136
1366.17190861702,5,0.1136
1367.17857193947,5,0.1136
1368.18476891518,5,0.1136
1369.19623422623,5,0.1136
1370.21030879021,5,0.1093
1371.22245955467,5,0.1085
1372.2288775444,5,0.1085
1373.24070119858,5,0.1076
1374.25254321098,5,0.1119
1375.26426577568,5,0.1076
1376.27601003647,5,0.1068
1377.28773021698,5,0.1068
1379.2956404686,5,0.1025
1380.30228209496,5,0.1059
1381.30886602402,5,0.1059
1382.31560349464,5,0.1059
1383.33124804497,5,0.1059
1384.33793401718,5,0.1102
1385.34881901741,5,0.1059
1386.35548615456,5,0.1059
1387.37081551552,5,0.1102
1388.38257217407,5,0.1102
1389.38881254196,5,0.1102
1390.3955552578,5,0.1059
1391.40225768089,5,0.1051
1392.40883779526,5,0.1093
1393.41551160812,5,0.1051
1394.42719936371,5,0.1042
1395.43400120735,5,0.1042
1396.44587492943,5,0.1042
1397.45680570602,5,0.1034
1399.46465158463,5,0.1034
1400.47648954391,5,0.1034
1401.48335909843,5,0.1034
1402.49007439613,5,0.1034
1403.49680829048,5,0.1034
1404.5035264492,5,0.0991
1405.51027035713,5,0.0989
1406.52194213867,5,0.1034
1407.52875709534,5,0.0989
1408.53546142578,5,0.0991
1409.54213356972,5,0.0989
1410.54877495766,5,0.1068
1411.55518436432,5,0.1025
1412.56187176704,5,0.0981
1413.56856584549,5,0.1059
1414.58035731316,5,0.1017
1415.5921356678,5,0.0973
1416.60389018059,5,0.1051
1417.61565303802,5,0.1008
1419.62366437912,5,0.0964
1420.63036346436,5,0.0998
1421.64804601669,5,0.0956
1422.65477323532,5,0.0956
1423.66066908836,5,0.0998
1424.66729593277,5,0.0998
1425.67321705818,5,0.0998
1426.67940974236,5,0.0998
1427.69115018845,5,0.1
1428.69796085358,5,0.0998
1429.73928427696,5,0.1
1430.74248313904,5,0.0998
1431.7453289032,5,0.0956
1432.76598548889,5,0.0989
1433.77265810966,5,0.0989
1434.77605414391,5,0.0991
1435.77792835236,5,0.0939
1436.77981686592,5,0.0981
1437.78353667259,5,0.0981
1439.78749108315,5,0.0939
1440.78932642937,5,0.0973
1441.81919622421,5,0.093
1442.82342886925,5,0.0973
1443.82899737358,5,0.0974
1444.84557318687,5,0.1017
1445.84745168686,5,0.0973
1446.85160398483,5,0.1017
1447.86006808281,5,0.1017
1448.8632209301,5,0.0973
1449.87679362297,5,0.1017
1450.87867712975,5,0.0973
1451.88708806038,5,0.093
1452.89621734619,5,0.0966
1453.90821790695,5,0.0966
1454.91512656212,5,0.0966
1455.92185401917,5,0.0921
1456.92869925499,5,0.0998
1457.9403989315,5,0.0956
1459.94836878777,5,0.0956
1460.95507931709,5,0.0913
1461.96678972244,5,0.0913
1462.97286844254,5,0.0913
1463.97961211205,5,0.0913
1464.99136543274,5,0.0913
1465.99748277664,5,0.0913
1467.00933527946,5,0.0913
1468.02083969116,5,0.0913
1469.02768445015,5,0.0904
1470.03952550888,5,0.0913
1471.04631948471,5,0.0947
1472.05293273926,5,0.0947
1473.05973291397,5,0.0904
1474.06650686264,5,0.0939
1475.07285904884,5,0.0939
1476.07963681221,5,0.0939
1477.09135317802,5,0.0896
1478.09802865982,5,0.093
1480.11001396179,5,0.0973
1481.12180161476,5,0.093
1482.12865161896,5,0.093
1483.14372730255,5,0.093
1484.15045905113,5,0.093
1485.16225147247,5,0.093
1486.16887688637,5,0.093
1487.17563986778,5,0.093
1488.18743491173,5,0.093
1489.19430541992,5,0.093
1490.20082950592,5,0.093
1491.20744562149,5,0.0887
1492.21406674385,5,0.0921
1493.22081232071,5,0.0966
1494.22753334045,5,0.0921
1495.23434758186,5,0.0879
1496.24083995819,5,0.0913
1497.24755811691,5,0.0956
1498.25425457954,5,0.0913
1500.2670378685,5,0.0913
1501.27282357216,5,0.0904
1502.27967333794,5,0.087
1503.28646564484,5,0.087
1504.29282307625,5,0.0904
1505.29941630363,5,0.0904
1506.31120538712,5,0.0904
1507.31799602509,5,0.087
1508.31959033012,5,0.087
1509.32638907433,5,0.0904
1510.33813214302,5,0.0904
1511.34993672371,5,0.0947
1512.35675954819,5,0.0904
1513.36346960068,5,0.0904
1514.37008261681,5,0.082
1515.3768157959,5,0.0896
1516.37836933136,5,0.0896
1517.38482809067,5,0.0896
1518.39164972305,5,0.0811
1520.40448689461,5,0.0811
1521.41122174263,5,0.0887
1522.41800689697,5,0.0887
1523.42880153656,5,0.0811
1524.43455672264,5,0.0887
1525.44096207619,5,0.0887
1526.44783210754,5,0.093
1527.45455932617,5,0.0887
1528.46090078354,5,0.0887
1529.46756052971,5,0.093
1530.47425079346,5,0.093
1531.48885273933,5,0.0887
1532.49564266205,5,0.0887
1533.50708913803,5,0.0801
1534.5138323307,5,0.0801
1535.52062058449,5,0.0921
1536.52733111382,5,0.0879
1537.53398299217,5,0.0879
1538.54076433182,5,0.0828
1540.55286049843,5,0.087
1541.564712286,5,0.087
1542.57659363747,5,0.087
1543.59077620506,5,0.087
1544.60482788086,5,0.087
1545.62081694603,5,0.087
1546.63503742218,5,0.087
1547.64081716537,5,0.087
1548.64762973785,5,0.087
1549.65447807312,5,0.087
1550.66080641747,5,0.087
1551.66754508018,5,0.0913
1552.68279695511,5,0.087
1553.69686245918,5,0.087
1554.708776474,5,0.0828
1555.71549773216,5,0.082
1556.72233200073,5,0.0836
1557.72881650925,5,0.0818
1558.74069166183,5,0.0836
1560.75684762001,5,0.082
1561.76879501343,5,0.082
1562.77553129196,5,0.082
1563.78744935989,5,0.082
1564.79417896271,5,0.082
1565.8090133667,5,0.082
1566.82081055641,5,0.082
1567.83811545372,5,0.082
1568.84480714798,5,0.082
1569.85150027275,5,0.0811
1570.85809540749,5,0.0811
1571.87236833572,5,0.0811
1572.8874194622,5,0.0811
1573.89422440529,5,0.0811
1574.89576506615,5,0.0811
1575.90782928467,5,0.0811
1576.91456747055,5,0.0803
1577.92080974579,5,0.0803
1578.92760539055,5,0.0801
1580.97788119316,5,0.0801
1581.99666285515,5,0.0801
1583.00741553307,5,0.0801
1584.0092921257,5,0.0801
1585.01221227646,5,0.0801
1586.01570367813,5,0.0801
1587.01681184769,5,0.0801
1588.02075338364,5,0.0801
1589.02295780182,5,0.0801
1590.03273582458,5,0.0801
1591.03930258751,5,0.0801
1592.04077029228,5,0.0801
1593.04739284515,5,0.0792
1594.05415916443,5,0.0792
1595.06084561348,5,0.0792
1596.06759262085,5,0.0836
1597.07430267334,5,0.0792
1598.08612465858,5,0.0792
1599.10082221031,5,0.0792
1601.1168513298,5,0.0784
1602.12354946136,5,0.0828
1603.13017892838,5,0.0828
1604.14191746712,5,0.0828
1605.14856791496,5,0.087
1606.15526366234,5,0.0828
1607.16217207909,5,0.087
1608.17394042015,5,0.0828
1609.18881797791,5,0.087
1610.19563436508,5,0.0828
1611.19683027267,5,0.087
1612.21110534668,5,0.087
1613.21681833267,5,0.0828
1614.22355818748,5,0.0828
1615.23528718948,5,0.0784
1616.24195075035,5,0.0784
1617.24866676331,5,0.0775
1618.25540566444,5,0.082
1619.2622025013,5,0.0818
1621.27505373955,5,0.082
1622.28085708618,5,0.082
1623.28758311272,5,0.082
1624.28892850876,5,0.0818
1625.30075359344,5,0.082
1626.30748939514,5,0.082
1627.31425189972,5,0.082
1628.32083439827,5,0.082
1629.32747626305,5,0.0818
1630.33426833153,5,0.082
1631.34084153175,5,0.082
1632.34761691093,5,0.0775
1633.35431838036,5,0.0775
1634.36084914207,5,0.0767
1635.36775183678,5,0.0767
1636.37445473671,5,0.0811
1637.3862016201,5,0.0811
1638.39286494255,5,0.0811
1639.39964962006,5,0.0767
1641.41263055801,5,0.0767
1642.41939020157,5,0.0767
1643.42612314224,5,0.0767
1644.43281412125,5,0.0767
1645.43955826759,5,0.0767
1646.44621944427,5,0.0767
1647.45793581009,5,0.0758
1648.46477365494,5,0.0767
1649.47157025337,5,0.0758
1650.47831225395,5,0.0758
1651.48484134674,5,0.0758
1652.49160313606,5,0.0758
1653.49829030037,5,0.0758
1654.50481748581,5,0.0803
1655.51152467728,5,0.0801
1656.5182788372,5,0.0801
1657.5300951004,5,0.0801
1658.53683423996,5,0.0758
1659.54364752769,5,0.0758
1661.55146718025,5,0.0792
1662.56562185287,5,0.075
1663.58036637306,5,0.0794
1664.58699226379,5,0.075
1665.59888195992,5,0.0792
1666.64768242836,5,0.0792
1667.65142941475,5,0.075
1668.67153835297,5,0.0792
1669.67400050163,5,0.0836
1670.68197894096,5,0.0794
1671.68418335915,5,0.0794
1672.68485856056,5,0.0792
1673.68752384186,5,0.0792
1674.69071769714,5,0.0794
1675.69472527504,5,0.0794
1676.70432543755,5,0.075
1677.71273088455,5,0.075
1678.72174787521,5,0.0784
1679.73196482658,5,0.0784
1681.74490237236,5,0.0784
1682.75155806541,5,0.0784
1683.76331710815,5,0.0828
1684.76997542381,5,0.0784
1685.78372716904,5,0.0784
1686.79028391838,5,0.0828
1687.79682064056,5,0.0741
1688.81282782555,5,0.0828
1689.82466268539,5,0.0828
1690.83146047592,5,0.0828
1691.83810806274,5,0.0784
1692.84495449066,5,0.0784
1693.85165596008,5,0.0784
1694.86359000206,5,0.0784
1695.87537050247,5,0.0784
1696.87687110901,5,0.0784
1697.88270187378,5,0.0741
1698.88887166977,5,0.0741
1699.89549064636,5,0.0733
1701.91210842133,5,0.0775
1702.92387270927,5,0.0775
1703.93062996864,5,0.0775
1704.94244599342,5,0.0733
1705.9488093853,5,0.0733
1706.96062541008,5,0.0775
1707.97612023354,5,0.0775
1708.9828286171,5,0.0733
1709.98957395554,5,0.0775
1710.99636507034,5,0.0775
1712.00829744339,5,0.0775
1713.00992393494,5,0.0775
1714.01672959328,5,0.0775
1715.02347612381,5,0.0775
1716.03038764,5,0.0775
1717.04587221146,5,0.0775
1718.05783486366,5,0.0775
1719.06462526321,5,0.0733
1720.07137036324,5,0.0733
1722.07930803299,5,0.0733
1723.09456849098,5,0.0733
1724.10083889961,5,0.0767
1725.11543798447,5,0.0724
1726.12987017632,5,0.0724
1727.14489293098,5,0.0724
1728.1600317955,5,0.0724
1729.20309066772,5,0.0724
1730.23923540115,5,0.0724
1731.24208235741,5,0.0724
1732.24401426315,5,0.0724
1733.24928402901,5,0.0724
1734.25340127945,5,0.0724
1735.25564098358,5,0.0767
1736.25814843178,5,0.0767
1737.2687227726,5,0.0767
1738.2701561451,5,0.0767
1739.27412748337,5,0.0767
1740.275172472,5,0.0767
1742.2858979702,5,0.0724
1743.29265260696,5,0.0724
1744.30436730385,5,0.0724
1745.31114649773,5,0.0724
1746.32290673256,5,0.0724
1747.32886552811,5,0.0724
1748.34316515923,5,0.0724
1749.355042696,5,0.0724
1750.36884522438,5,0.0724
1751.37561821938,5,0.0724
1752.38235664368,5,0.0716
1753.38886904716,5,0.0716
1754.40070271492,5,0.0716
1755.40744543076,5,0.0716
1756.41423773766,5,0.0758
1757.42108392715,5,0.0758
1758.42792391777,5,0.0758
1759.43965959549,5,0.0758
1761.44754719734,5,0.0758
1762.44884324074,5,0.0758
1763.45561814308,5,0.0758
1764.45678329468,5,0.0758
1765.46860909462,5,0.0758
1766.47533655167,5,0.0758
1767.4871506691,5,0.0758
1768.4938647747,5,0.0758
1769.50057077408,5,0.0758
1770.507386446,5,0.0758
1771.51413416862,5,0.0758
1772.52092266083,5,0.0716
1773.52784085274,5,0.0716
1774.53459429741,5,0.0716
1775.5408217907,5,0.0716
1776.5475320816,5,0.0716
1777.54885196686,5,0.0707
1778.56059074402,5,0.075
1779.56734681129,5,0.0792
1781.57514214516,5,0.0794
1782.58082890511,5,0.0794
1783.58760809898,5,0.075
1784.5992910862,5,0.0792
1785.61409807205,5,0.0792
1786.62089467049,5,0.075
1787.63279700279,5,0.075
1788.63964486122,5,0.0792
1789.6463432312,5,0.0792
1790.65290355682,5,0.0792
1791.65962743759,5,0.075
1792.66630196571,5,0.0792
1793.67282700539,5,0.075
1794.67948889732,5,0.075
1795.68622231483,5,0.075
1796.69280910492,5,0.075
1797.6996114254,5,0.075
1798.70642375946,5,0.0707
1799.71284008026,5,0.0707
1801.72080135345,5,0.0707
1802.72758769989,5,0.0707
1803.73436450958,5,0.0741
1804.74090313911,5,0.0707
1805.75215411186,5,0.0707
1806.76384115219,5,0.0707
1807.77064585686,5,0.0707
1808.7768266201,5,0.0741
1809.78352117538,5,0.0707
1810.78480792046,5,0.0707
1811.79091954231,5,0.0741
1812.8001563549,5,0.0741
1813.8015639782,5,0.0741
1814.81662321091,5,0.0784
1815.82336473465,5,0.0784
1816.83516168594,5,0.0784
1817.84880948067,5,0.0784
1818.85549807549,5,0.0784
1819.86717748642,5,0.0741
1821.86881089211,5,0.0741
1822.88312530518,5,0.0741
1823.89684343338,5,0.0741
1824.90357303619,5,0.0741
1825.91029477119,5,0.0741
1826.91684031487,5,0.0741
1827.91838574409,5,0.0741
1828.92482113838,5,0.0741
1829.93146252632,5,0.0741
1830.95858764648,5,0.0741
1831.98247694969,5,0.0741
1832.98879528046,5,0.0741
1834.00357103348,5,0.0741
1835.00701379776,5,0.0741
1836.01662373543,5,0.0741
1837.01883292198,5,0.0699
1838.02093315125,5,0.0699
1839.02258563042,5,0.0733
1840.02611780167,5,0.0699
1842.02941250801,5,0.0699
1843.0315823555,5,0.0733
1844.04178643227,5,0.0733
1845.04839706421,5,0.0733
1846.05497050285,5,0.0733
1847.06467628479,5,0.0733
1848.07123947144,5,0.0733
1849.07282400131,5,0.069
1850.08345890045,5,0.0733
1851.09280824661,5,0.0733
1852.0985763073,5,0.0733
1853.10882282257,5,0.0775
1854.11550021172,5,0.069
1855.12731146812,5,0.0733
1856.13411617279,5,0.0733
1857.14080286026,5,0.0733
1858.14761924744,5,0.0775
1860.15521669388,5,0.0733
1861.16479468346,5,0.0733
1862.17112588882,5,0.0733
1863.18487071991,5,0.0733
1864.1915640831,5,0.0733
1865.19841790199,5,0.0733
1866.21014595032,5,0.0733
1867.2168571949,5,0.0733
1868.2184009552,5,0.0733
1869.22486543655,5,0.0733
1870.23152375221,5,0.0733
1871.24334168434,5,0.0733
1872.2500629425,5,0.0733
1873.25685477257,5,0.0733
1874.26364326477,5,0.0733
1875.27033042908,5,0.0733
1876.28211283684,5,0.0733
1877.2888276577,5,0.069
1878.29571533203,5,0.069
1880.30342149734,5,0.069
1881.31007003784,5,0.069
1882.31683540344,5,0.0724
1883.32350325584,5,0.069
1884.3301718235,5,0.0682
1885.34190654755,5,0.069
1886.34872174263,5,0.069
1887.35548377037,5,0.069
1888.36230969429,5,0.069
1889.36885786057,5,0.069
1890.37558555603,5,0.069
1891.38190627098,5,0.069
1892.38871788979,5,0.0682
1893.39549326897,5,0.0682
1894.40214538574,5,0.0682
1895.40886116028,5,0.0724
1896.4206058979,5,0.0682
1897.42742109299,5,0.0724
1898.43418550491,5,0.0724
1900.43649244308,5,0.0724
1901.45082736015,5,0.0724
1902.464823246,5,0.0724
1903.47161126137,5,0.0724
1904.47822499275,5,0.0724
1905.49007201195,5,0.0724
1906.49691557884,5,0.0724
1907.50372266769,5,0.0724
1908.51057696342,5,0.0724
1909.51687645912,5,0.0724
1910.52358031273,5,0.0724
1911.53030133247,5,0.0724
1912.54493379593,5,0.0724
1913.55175995827,5,0.0724
1914.55875325203,5,0.0724
1915.57060670853,5,0.0724
1916.58166003227,5,0.0724
1917.5883603096,5,0.0724
1918.59481739998,5,0.0724
1920.60189008713,5,0.0724
1921.61283612251,5,0.0724
1922.6196577549,5,0.0724
1923.62632918358,5,0.0724
1924.63281702995,5,0.0724
1925.63960266113,5,0.0724
1926.64626502991,5,0.0724
1927.65283203125,5,0.0682
1928.65955972672,5,0.0724
1929.66625618935,5,0.0682
1930.677932024,5,0.0724
1931.68477940559,5,0.0724
1932.69166135788,5,0.0682
1933.70339035988,5,0.0682
1934.71025943756,5,0.0682
1935.7171394825,5,0.0682
1936.72337341309,5,0.0673
1937.73016619682,5,0.0682
1938.74130415916,5,0.0673
1940.75398230553,5,0.0673
1941.76083374023,5,0.0673
1942.7676346302,5,0.0673
1943.76879119873,5,0.0673
1944.77469158173,5,0.0673
1945.78645634651,5,0.0716
1946.79277348518,5,0.0673
1947.80475783348,5,0.0673
1948.81147742271,5,0.0673
1949.82340145111,5,0.0716
1950.83005619049,5,0.0673
1951.84482717514,5,0.0673
1952.85163784027,5,0.0673
1953.86592268944,5,0.0673
1954.88059067726,5,0.0716
1955.88742637634,5,0.0673
1956.8940923214,5,0.0716
1957.9008743763,5,0.0716
1958.91274762154,5,0.0673
1960.92068815231,5,0.0673
1961.92748856544,5,0.0716
1962.9288752079,5,0.0758
1963.94397616386,5,0.0758
1964.95062398911,5,0.0716
1965.95694565773,5,0.0716
1966.96371483803,5,0.0716
1967.96487355232,5,0.0716
1968.97170591354,5,0.0716
1969.97839832306,5,0.0716
1970.98482728004,5,0.0716
1971.99155521393,5,0.0716
1973.00327825546,5,0.0716
1974.0099606514,5,0.0716
1975.01666283607,5,0.0716
1976.02346158028,5,0.0716
1977.03515982628,5,0.0716
1978.03670668602,5,0.0716
1979.05289554596,5,0.0716
1981.06088447571,5,0.0716
1982.06766176224,5,0.0716
1983.07945275307,5,0.0716
1984.08624196053,5,0.0716
1985.08784222603,5,0.0716
1986.08880233765,5,0.0716
1987.09038066864,5,0.0716
1988.0919778347,5,0.0716
1989.10369849205,5,0.0716
1990.11554217339,5,0.0716
1991.1168653965,5,0.0716
1992.12358283997,5,0.0716
1993.13031721115,5,0.0716
1994.14205479622,5,0.0716
1995.14881467819,5,0.0716
1996.15570569038,5,0.0716
1997.17150449753,5,0.0716
1998.17824268341,5,0.0716
1999.1848294735,5,0.0673
2001.19691300392,5,0.0673
2002.2087931633,5,0.0673
2003.2156264782,5,0.0673
2004.21689128876,5,0.0673
2005.2235584259,5,0.0673
2006.22480225563,5,0.0673
2007.23659324646,5,0.0673
2008.24334168434,5,0.0673
2009.24995660782,5,0.0673
2010.256711483,5,0.0673
2011.26347613335,5,0.0673
2012.27522826195,5,0.0673
2013.2870247364,5,0.0673
2014.29385638237,5,0.0673
2015.30065441132,5,0.0673
2016.30743527412,5,0.0673
2017.31405305862,5,0.0707
2018.32081365585,5,0.0665
2019.32754397392,5,0.0673
2021.33544158936,5,0.0673
2022.34729146957,5,0.0673
2023.3539121151,5,0.0707
2024.36058092117,5,0.0665
2025.36992645264,5,0.0707
2026.37684845924,5,0.0665
2027.38365197182,5,0.0665
2028.39036250114,5,0.0665
2029.3968269825,5,0.0665
2030.40360164642,5,0.0665
2031.41530251503,5,0.0707
2032.41686058044,5,0.0665
2033.42359161377,5,0.0707
2034.43027019501,5,0.0707
2035.43684959412,5,0.0707
2036.44350719452,5,0.0707
2037.45020222664,5,0.075
2038.45683646202,5,0.0707
2039.4636259079,5,0.0707
2041.47661805153,5,0.075
2042.48836898804,5,0.075
2043.49503469467,5,0.075
2044.50081038475,5,0.075
2045.50762581825,5,0.0707
2046.51431393623,5,0.0707
2047.52085900307,5,0.075
2048.5276427269,5,0.075
2049.53934836388,5,0.0707
2050.54616117477,5,0.0707
2051.55796694756,5,0.0707
2052.56481933594,5,0.0707
2053.57677268982,5,0.075
2054.58351397514,5,0.0707
2055.59525203705,5,0.0707
2056.60715317726,5,0.075
2057.61394381523,5,0.0707
2058.62070989609,5,0.0707
2059.62747359276,5,0.0707
2061.63002705574,5,0.075
2062.64481139183,5,0.0707
2063.65664887428,5,0.0707
2064.66339445114,5,0.0707
2065.67522406578,5,0.0707
2066.68190956116,5,0.075
2067.69284319878,5,0.0707
2068.69964623451,5,0.0707
2069.71457862854,5,0.0707
2070.72071790695,5,0.0707
2071.72742486,5,0.0707
2072.73415637016,5,0.0707
2073.74085378647,5,0.0707
2074.74763202667,5,0.075
2075.76349234581,5,0.0707
2076.77010679245,5,0.0707
2077.7769100666,5,0.0707
2078.78375244141,5,0.0707
2079.79052805901,5,0.0707
2081.79789686203,5,0.0707
2082.80459523201,5,0.0707
2083.8107354641,5,0.0707
2084.81684780121,5,0.0707
2085.82871794701,5,0.0707
2086.83540153503,5,0.0707
2087.84717607498,5,0.0707
2088.86095666885,5,0.075
2089.86776304245,5,0.0707
2090.87438702583,5,0.0707
2091.88612866402,5,0.0707
2092.89285850525,5,0.0707
2093.89963245392,5,0.0707
2094.91503572464,5,0.0707
2095.92091083527,5,0.0707
2096.92770075798,5,0.0707
2097.934466362,5,0.0707
2098.94099211693,5,0.0707
2099.94784426689,5,0.0707
2101.96081399918,5,0.0707
2102.96754693985,5,0.0707
2103.97933244705,5,0.0707
2104.99118065834,5,0.0707
2105.99801278114,5,0.0707
2107.00475525856,5,0.0707
2108.01143574715,5,0.0707
2109.01818299294,5,0.0707
2110.02484488487,5,0.0707
2111.03161931038,5,0.0707
2112.03831529617,5,0.0707
2113.0448410511,5,0.0707
2114.05157017708,5,0.0707
2115.05830931664,5,0.0707
2116.06484746933,5,0.0707
2117.07165288925,5,0.0707
2118.07840490341,5,0.0707
2119.08488154411,5,0.0707
2120.09174966812,5,0.0707
2122.0995414257,5,0.0707
2123.10620498657,5,0.0707
2124.11793637276,5,0.0707
2125.12464594841,5,0.0707
2126.13083148003,5,0.0707
2127.14259696007,5,0.0707
2128.14881420135,5,0.0707
2129.15563678741,5,0.0707
2130.16734361649,5,0.0707
2131.18358874321,5,0.0707
2132.19025182724,5,0.0707
2133.19671773911,5,0.0707
2134.20835256577,5,0.0707
2135.22010326385,5,0.0665
2136.22686243057,5,0.0665
2137.24319672585,5,0.0665
2138.24995183945,5,0.0665
2139.25674009323,5,0.0707
2140.26353025436,5,0.0665
2142.27544689178,5,0.0665
2143.28718471527,5,0.0699
2144.2934088707,5,0.0665
2145.30481362343,5,0.0665
2146.31662082672,5,0.0665
2147.32329463959,5,0.0665
2148.33006429672,5,0.0665
2149.34089517593,5,0.0665
2150.3620262146,5,0.0665
2151.41528701782,5,0.0665
2152.42035055161,5,0.0665
2153.42364048958,5,0.0665
2154.42607069016,5,0.0665
2155.42829561234,5,0.0665
2156.43091869354,5,0.0665
2157.43310070038,5,0.0665
2158.4451944828,5,0.0699
2159.49547243118,5,0.0699
2160.50251984596,5,0.0665
2162.50677227974,5,0.0699
2163.50970339775,5,0.0699
2164.51435613632,5,0.0665
2165.52371740341,5,0.0665
2166.53024792671,5,0.0699
2167.53905487061,5,0.0665
2168.54982018471,5,0.0699
2169.55914974213,5,0.0665
2170.57288646698,5,0.0665
2171.58773159981,5,0.0665
2172.5944750309,5,0.0665
2173.61036992073,5,0.0665
2174.61689066887,5,0.0665
2175.62357854843,5,0.0699
2176.62488651276,5,0.0699
2177.63985204697,5,0.0665
2178.64097595215,5,0.0699
2179.65281534195,5,0.0665
2181.66072177887,5,0.0665
2182.67257595062,5,0.0656
2183.68392682076,5,0.0665
2184.69006156921,5,0.0665
2185.70138788223,5,0.0656
2186.7081515789,5,0.0699
2187.71985387802,5,0.0665
2188.72653484344,5,0.0699
2189.73305177689,5,0.0665
2190.73977327347,5,0.0665
2191.74882388115,5,0.0699
2192.75559973717,5,0.0665
2193.75683259964,5,0.0665
2194.76364469528,5,0.0699
2195.77781200409,5,0.0699
2196.78715586662,5,0.0656
2197.79685974121,5,0.0699
2198.80766987801,5,0.0699
2199.81674838066,5,0.0699
2201.81923747063,5,0.0665
2202.83090782166,5,0.0656
2203.84263944626,5,0.0699
2204.85537266731,5,0.0665
2205.87079286575,5,0.0699
2206.87247681618,5,0.0699
2207.87913393974,5,0.0656
2208.88071703911,5,0.0665
2209.88749861717,5,0.0699
2210.8887822628,5,0.0656
2211.8954474926,5,0.0699
2212.90775704384,5,0.0699
2213.91949367523,5,0.0699
2214.92612457275,5,0.0699
2215.93281364441,5,0.0656
2216.93951129913,5,0.0699
2217.94631028175,5,0.0699
2218.95286774635,5,0.0699
2220.96484708786,5,0.0699
2221.97147655487,5,0.0699
2222.98326444626,5,0.0699
2223.99518632889,5,0.0699
2224.99677157402,5,0.0699
2226.00352954865,5,0.0699
2227.01528596878,5,0.0699
2228.02200603485,5,0.0699
2229.03285527229,5,0.0656
2230.03441333771,5,0.0699
2231.03597569466,5,0.0699
2232.04259395599,5,0.0699
2233.04418063164,5,0.0699
2234.05099081993,5,0.0741
2235.05684900284,5,0.0699
2236.06362628937,5,0.0741
2237.07026791573,5,0.0741
2238.08202052116,5,0.0699
2239.08883166313,5,0.0699
2241.09687852859,5,0.0741
2242.10864901543,5,0.0741
2243.11540460587,5,0.0741
2244.12207055092,5,0.0741
2245.13646960258,5,0.0741
2246.14320158958,5,0.0741
2247.14985513687,5,0.0741
2248.15654850006,5,0.0741
2249.16319775581,5,0.0741
2250.17497348785,5,0.0656
2251.17655515671,5,0.0741
2252.18325948715,5,0.0699
2253.18996477127,5,0.0741
2254.19671297073,5,0.0699
2255.20300507545,5,0.0741
2256.21474003792,5,0.0699
2257.22650623322,5,0.0741
2258.23283338547,5,0.0741
2259.24469184875,5,0.0741
2261.25687384605,5,0.0741
2262.26384425163,5,0.0699
2263.27574801445,5,0.0699
2264.28243041039,5,0.0699
2265.2888174057,5,0.0741
2266.29566907883,5,0.0741
2267.30889606476,5,0.0699
2268.31568574905,5,0.0741
2269.32231974602,5,0.0699
2270.32305908203,5,0.0741
2271.33485245705,5,0.0741
2272.34109044075,5,0.0741
2273.352186203,5,0.0741
2274.35899472237,5,0.0741
2275.36581516266,5,0.0699
2276.36733055115,5,0.0741
2277.37407708168,5,0.0741
2278.38859224319,5,0.0741
2279.39527750015,5,0.0699
2281.40311169624,5,0.0741
2282.41685557365,5,0.0699
2283.42887473106,5,0.0699
2284.44464588165,5,0.0699
2285.45137190819,5,0.0699
2286.45811462402,5,0.0741
2287.46490812302,5,0.0741
2288.47684597969,5,0.0699
2289.48358440399,5,0.0741
2290.49028849602,5,0.0741
2291.49687385559,5,0.0699
2292.50351452827,5,0.0741
2293.51014375687,5,0.0699
2294.51689100266,5,0.0741
2295.52372288704,5,0.0741
2296.53059267998,5,0.0741
2297.54481863976,5,0.0741
2298.55677390099,5,0.0699
2299.57283806801,5,0.0699
2301.58060622215,5,0.0741
2302.59242272377,5,0.0699
2303.60417914391,5,0.0699
2304.61081194878,5,0.0741
2305.61242747307,5,0.0741
2306.62434267998,5,0.0741
2307.6259496212,5,0.0699
2308.63274431229,5,0.0699
2309.64452838898,5,0.0741
2310.65110635757,5,0.0741
2311.65780830383,5,0.0741
2312.66869211197,5,0.0741
2313.67550635338,5,0.0741
2314.68221402168,5,0.0741
2315.69288849831,5,0.0699
2316.69976472855,5,0.0741
2317.7008330822,5,0.0699
2318.70757699013,5,0.0699
2319.70882773399,5,0.0741
2321.71659755707,5,0.0741
2322.72331905365,5,0.0699
2323.73511195183,5,0.0699
2324.74182772636,5,0.0699
2325.74868679047,5,0.0741
2326.75557160378,5,0.0741
2327.76229381561,5,0.0699
2328.76883530617,5,0.0699
2329.78067135811,5,0.0741
2330.78734827042,5,0.0699
2331.7940363884,5,0.0741
2332.8008146286,5,0.0741
2333.81219410896,5,0.0699
2334.82411193848,5,0.0741
2335.83597779274,5,0.0741
2336.84772467613,5,0.0699
2337.85946750641,5,0.0699
2338.87119698524,5,0.0741
2340.87908887863,5,0.0699
2341.8945877552,5,0.0699
2342.90488862991,5,0.0741
2343.9064385891,5,0.0699
2344.91291761398,5,0.0699
2345.91964459419,5,0.0699
2346.9263484478,5,0.0741
2347.94084811211,5,0.0699
2348.95659399033,5,0.0699
2349.96335244179,5,0.0699
2350.9750854969,5,0.0699
2351.98685884476,5,0.0699
2352.99284029007,5,0.0699
2354.00758123398,5,0.0699
2355.02242469788,5,0.0699
2356.03684043884,5,0.0699
2357.04362916946,5,0.0699
2358.05542969704,5,0.0699
2359.06231045723,5,0.0699
2361.07462072372,5,0.0699
2362.08083677292,5,0.0699
2363.09429311752,5,0.0741
2364.10084247589,5,0.0699
2365.11676263809,5,0.0699
2366.12870979309,5,0.0699
2367.14470052719,5,0.0699
2368.15145635605,5,0.0741
2369.15296173096,5,0.0699
2370.15971231461,5,0.0699
2371.17164301872,5,0.0741
2372.17845058441,5,0.0699
2373.184902668,5,0.0699
2374.19105744362,5,0.0699
2375.20250606537,5,0.0699
2376.20898962021,5,0.0699
2377.22075867653,5,0.0741
2378.22758412361,5,0.0699
2379.24282503128,5,0.0699
2381.25848984718,5,0.0699
2382.2702422142,5,0.0699
2383.28487634659,5,0.0699
2384.29172182083,5,0.0699
2385.29847145081,5,0.0699
2386.30482506752,5,0.0699
2387.31162929535,5,0.0699
2388.32347917557,5,0.0741
2389.33905792236,5,0.0699
2390.35082292557,5,0.0699
2391.35680031776,5,0.0699
2392.3710231781,5,0.0699
2393.37683296204,5,0.0699
2394.383446455,5,0.0699
2395.3902797699,5,0.0699
2396.40207505226,5,0.0699
2397.40873456001,5,0.0699
2398.41557359695,5,0.0699
2399.42227983475,5,0.0699
2401.43509507179,5,0.0699
2402.44081521034,5,0.0699
2403.45258498192,5,0.0699
2404.45932888985,5,0.0699
2405.46084880829,5,0.0699
2406.47272729874,5,0.0699
2407.48792386055,5,0.0699
2408.49454903603,5,0.0699
2409.50634241104,5,0.0699
2410.5461461544,5,0.0699
2411.55252766609,5,0.0699
2412.56661176682,5,0.0699
2413.57105851173,5,0.0699
2414.57933330536,5,0.0699
2415.58204889297,5,0.0699
2416.58476114273,5,0.0699
2417.58777070045,5,0.0699
2418.59053087234,5,0.0699
2419.59240698814,5,0.0699
2421.59635829926,5,0.0699
2422.59792590141,5,0.0699
2423.62298727036,5,0.0699
2424.62784337997,5,0.0699
2425.64292049408,5,0.0699
2426.64803504944,5,0.0699
2427.65407991409,5,0.0699
2428.66056537628,5,0.0699
2429.66452431679,5,0.0699
2430.66799473763,5,0.0699
2431.66941189766,5,0.0699
2432.67604780197,5,0.0699
2433.68252944946,5,0.0699
2434.6887075901,5,0.0699
2435.69546842575,5,0.0699
2436.70720648766,5,0.0699
2437.71689891815,5,0.0699
2439.72485852242,5,0.0699
2440.73160743713,5,0.0699
2441.74338340759,5,0.0699
2442.75026273727,5,0.0699
2443.75682282448,5,0.0699
2444.76358222961,5,0.0699
2445.77023124695,5,0.0699
2446.78185892105,5,0.0699
2447.78852915764,5,0.0699
2448.79525613785,5,0.0699
2449.80194926262,5,0.0699
2450.81282067299,5,0.0699
2451.81960868835,5,0.0699
2452.83142781258,5,0.0699
2453.83815217018,5,0.0699
2454.84992933273,5,0.0699
2455.85662508011,5,0.0699
2456.86852025986,5,0.0699
2457.87520551682,5,0.0699
2459.88315248489,5,0.0699
2460.88995099068,5,0.0699
2461.89680337906,5,0.0699
2462.90869665146,5,0.0699
2463.91545510292,5,0.0699
2464.92222237587,5,0.0699
2465.93394732475,5,0.0699
2466.9406542778,5,0.0699
2467.94744133949,5,0.0699
2468.95402479172,5,0.0699
2469.96483492851,5,0.0699
2470.97159671783,5,0.0699
2471.983314991,5,0.0699
2472.98998236656,5,0.0699
2473.99679470062,5,0.0699
2475.00279998779,5,0.0699
2476.01682138443,5,0.0699
2477.0236389637,5,0.0699
2478.0297806263,5,0.0699
2480.03686332703,5,0.0699
2481.05281877518,5,0.0699
2482.05968594551,5,0.0699
2483.06640648842,5,0.0699
2484.07286691666,5,0.0699
2485.08462238312,5,0.0699
2486.09656310081,5,0.0699
2487.11151313782,5,0.0699
2488.12321853638,5,0.0699
2489.13684058189,5,0.0699
2490.14355254173,5,0.0699
2491.15847659111,5,0.0699
2492.16480278969,5,0.0699
2493.17152500153,5,0.0699
2494.17835903168,5,0.0699
2495.18481349945,5,0.0699
2496.19154500961,5,0.0699
2497.19838309288,5,0.0699
2498.20483207703,5,0.0699
2500.2123875618,5,0.0699
2501.21902060509,5,0.0699
2502.22497630119,5,0.0699
2503.23175811768,5,0.0699
2504.248244524,5,0.0699
2505.25493454933,5,0.0699
2506.26088476181,5,0.0699
2507.2676384449,5,0.0699
2508.27934479713,5,0.0699
2509.28606724739,5,0.0699
2510.292958498,5,0.0699
2511.29979801178,5,0.0699
2512.31556129456,5,0.0699
2513.322306633,5,0.0699
2514.3368241787,5,0.0699
2515.34348917007,5,0.0699
2516.34963417053,5,0.0699
2517.36398720741,5,0.0699
2518.37066793442,5,0.0699
2520.37794971466,5,0.0699
2521.38472819328,5,0.0699
2522.3914577961,5,0.0699
2523.39824843407,5,0.0699
2524.40484857559,5,0.0699
2525.41661214828,5,0.0699
2526.42339658737,5,0.0699
2527.43007421494,5,0.0699
2528.44489336014,5,0.0699
2529.45171809196,5,0.0699
2530.45848298073,5,0.0699
2531.46486330032,5,0.0699
2532.47667813301,5,0.0699
2533.4884827137,5,0.0699
2534.49525022507,5,0.0699
2535.51052999496,5,0.0699
2536.52459979057,5,0.0699
2537.53135633469,5,0.0699
2538.54315519333,5,0.0656
2540.55615711212,5,0.0656
2541.56284236908,5,0.0699
2542.57475399971,5,0.0699
2543.57632613182,5,0.0699
2544.58815979958,5,0.0699
2545.58878803253,5,0.0699
2546.59553170204,5,0.0699
2547.61075854301,5,0.0699
2548.61682248116,5,0.0699
2549.62358164787,5,0.0656
2550.63530945778,5,0.0699
2551.64192891121,5,0.0699
2552.6486928463,5,0.0699
2553.6555917263,5,0.0699
2554.66732239723,5,0.0699
2555.67405104637,5,0.0656
2556.6808526516,5,0.0656
2557.68779039383,5,0.0656
2558.6946978569,5,0.0656
2560.71261048317,5,0.069
2561.72440505028,5,0.0656
2562.73617291451,5,0.0699
2563.74288797379,5,0.0656
2564.75461959839,5,0.0699
2565.76893520355,5,0.0656
2566.78353571892,5,0.0656
2567.79282236099,5,0.0656
2568.82458090782,5,0.0656
2569.8456325531,5,0.0656
2570.86270618439,5,0.0656
2571.8707883358,5,0.0656
2572.88740873337,5,0.0656
2574.07281899452,5,0.0656
2575.07903933525,5,0.0656
2576.0907535553,5,0.0656
2577.10249829292,5,0.0656
2578.10882782936,5,0.0656
2579.12063241005,5,0.0656
2580.12698221207,5,0.0656
2581.13876008987,5,0.0656
2583.1459414959,5,0.069
2584.15288305283,5,0.0656
2585.1596031189,5,0.0656
2586.16649603844,5,0.0656
2587.18087887764,5,0.0656
2588.19495654106,5,0.0656
2589.20084238052,5,0.0656
2590.21628427505,5,0.0656
2591.22805547714,5,0.0656
2592.23464441299,5,0.069
2593.24639296532,5,0.0656
2594.25282907486,5,0.0656
2595.25956845284,5,0.069
2596.26624464989,5,0.0656
2597.2728805542,5,0.0656
2598.27904272079,5,0.0656
2599.29315018654,5,0.0656
2600.30484580994,5,0.0656
2601.31070566177,5,0.0656
2603.31794118881,5,0.069
2604.32466435432,5,0.0656
2605.34083867073,5,0.0656
2606.34751200676,5,0.069
2607.35416030884,5,0.0656
2608.35571193695,5,0.0656
2609.35688257217,5,0.069
2610.36356401443,5,0.0656
2611.37025141716,5,0.0656
2612.37697386742,5,0.0656
2613.39352273941,5,0.069
2614.4086124897,5,0.069
2615.42037129402,5,0.0656
2616.43215703964,5,0.0656
2617.44397711754,5,0.0656
2618.45067882538,5,0.069
2619.45224881172,5,0.0656
2620.45286655426,5,0.0656
2622.45553970337,5,0.0656
2623.46235942841,5,0.0656
2624.47580647469,5,0.069
2625.48774218559,5,0.0656
2626.48884057999,5,0.0656
2627.49555325508,5,0.0656
2628.50743865967,5,0.0656
2629.50886178017,5,0.0656
2630.52063679695,5,0.0656
2631.52739453316,5,0.0656
2632.52872896194,5,0.0656
2633.5381064415,5,0.069
2634.55010795593,5,0.069
2635.56139469147,5,0.0656
2636.57291340828,5,0.0656
2637.58479261398,5,0.069
2638.59160399437,5,0.069
2639.603048563,5,0.0656
2641.61008381844,5,0.069
2642.61168766022,5,0.0648
2643.6259393692,5,0.0656
2644.62756967545,5,0.0656
2645.63934087753,5,0.0656
2646.6408393383,5,0.0656
2647.6565618515,5,0.069
2648.67285370827,5,0.0656
2649.68756890297,5,0.0656
2650.70085644722,5,0.069
2651.70761728287,5,0.0656
2652.71427893639,5,0.0656
2653.7208313942,5,0.069
2654.72766184807,5,0.069
2655.74224090576,5,0.069
2656.74888396263,5,0.069
2657.75571131706,5,0.0656
2658.75677967072,5,0.069
2659.76344752312,5,0.0656
2661.77137207985,5,0.0656
2662.78848147392,5,0.0656
2663.80019903183,5,0.0656
2664.80588388443,5,0.0656
2665.81262159348,5,0.0656
2666.81932497025,5,0.069
2667.82602953911,5,0.0656
2668.84091067314,5,0.069
2669.85173344612,5,0.0656
2670.85850930214,5,0.0656
2671.86483216286,5,0.0656
2672.87959885597,5,0.069
2673.89448189735,5,0.0656
2674.90085530281,5,0.0656
2675.90243530273,5,0.069
2676.90880823135,5,0.0656
2677.91515302658,5,0.069
2678.92186498642,5,0.0656
2679.93698763847,5,0.0656
2681.94991397858,5,0.0656
2682.95674872398,5,0.0656
2683.96330904961,5,0.0656
2684.97295880318,5,0.0614
2685.98768925667,5,0.0656
2686.99946641922,5,0.0648
2688.01128554344,5,0.0656
2689.01283669472,5,0.0648
2690.01956701279,5,0.0656
2691.02089691162,5,0.069
2692.03630805016,5,0.0656
2693.04805779457,5,0.0656
2694.06344056129,5,0.0656
2695.07004594803,5,0.0648
2696.0843732357,5,0.0656
2697.09900784492,5,0.0656
2698.10992383957,5,0.0656
2699.116720438,5,0.0656
2700.12364768982,5,0.0656
2702.14276742935,5,0.069
2703.16604304314,5,0.069
2704.21147298813,5,0.0656
2705.22588133812,5,0.0656
2706.23029994965,5,0.069
2707.24643826485,5,0.069
2708.25307416916,5,0.0648
2709.26006388664,5,0.0656
2710.26408362389,5,0.069
2711.26546049118,5,0.0656
2712.26751208305,5,0.0656
2713.27999734879,5,0.0656
2714.28239488602,5,0.0648
2715.28868103027,5,0.0656
2716.29673171043,5,0.0656
2717.3033246994,5,0.0656
2718.31476688385,5,0.0648
2719.32084608078,5,0.0656
2720.32751083374,5,0.069
2722.34017658234,5,0.0648
2723.34682941437,5,0.0656
2724.35296678543,5,0.0656
2725.36879014969,5,0.0656
2726.37553191185,5,0.0656
2727.38230133057,5,0.069
2728.38885211945,5,0.0656
2729.39577364922,5,0.0656
2730.41289663315,5,0.0656
2731.41883802414,5,0.0656
2732.42486619949,5,0.069
2733.43159294128,5,0.0656
2734.43822169304,5,0.0656
2735.4449365139,5,0.069
2736.45167636871,5,0.069
2737.46339941025,5,0.069
2738.47521305084,5,0.0656
2739.48189806938,5,0.0656
2740.48865866661,5,0.0648
2742.50078368187,5,0.0656
2743.50745582581,5,0.0656
2744.51416611671,5,0.069
2745.52082705498,5,0.069
2746.52763271332,5,0.0656
2747.53430581093,5,0.0648
2748.53589987755,5,0.0648
2749.54771995544,5,0.069
2750.54888153076,5,0.0648
2751.55044555664,5,0.0656
2752.55682873726,5,0.069
2753.56353640556,5,0.069
2754.57523655891,5,0.069
2755.58191394806,5,0.0656
2756.58874845505,5,0.0656
2757.59558343887,5,0.0656
2758.60740160942,5,0.0648
2759.61417984962,5,0.0648
2760.62081956863,5,0.069
2762.62876081467,5,0.069
2763.64057040215,5,0.069
2764.64738035202,5,0.0648
2765.65416169167,5,0.0648
2766.66601729393,5,0.0648
2767.67276144028,5,0.0648
2768.68692421913,5,0.069
2769.69861626625,5,0.0648
2770.70981907845,5,0.069
2771.71585488319,5,0.0648
2772.72774291039,5,0.0648
2773.73444032669,5,0.0648
2774.74621677399,5,0.069
2775.75282764435,5,0.069
2776.75957798958,5,0.069
2777.76615810394,5,0.069
2778.7779955864,5,0.0648
2779.78487253189,5,0.069
2780.79151844978,5,0.0648
2782.79935193062,5,0.0648
2783.81102371216,5,0.0648
2784.81684279442,5,0.0648
2785.82360076904,5,0.069
2786.83034873009,5,0.069
2787.84485387802,5,0.069
2788.85665631294,5,0.069
2789.86364579201,7,0.0648
2790.87536025047,7,0.0648
2791.8768863678,7,0.0648
2792.88361740112,7,0.069
2793.8848195076,7,0.0648
2794.88637065887,7,0.069
2795.88791775703,7,0.0648
2796.88883900642,7,0.0648
2797.89556789398,7,0.0648
2798.91079998016,7,0.0699
2799.92593646049,7,0.0656
2800.93283200264,7,0.0699
2802.94488668442,7,0.0707
2803.95682954788,7,0.075
2804.96857666969,7,0.0665
2805.97536206245,7,0.0665
2806.98210334778,7,0.0707
2807.99385046959,7,0.0707
2809.0005440712,7,0.0707
2810.00731682777,7,0.0631
2811.02084493637,7,0.0707
2812.03537631035,7,0.0665
2813.04205656052,7,0.0707
2814.04880189896,7,0.0716
2815.05583190918,7,0.0673
2816.06767296791,7,0.0724
2817.07941579819,7,0.0767
2818.08618688583,7,0.069
2819.09285545349,7,0.0733
2820.09964680672,7,0.069
2821.11479234695,7,0.0699
2823.1222858429,7,0.0741
2824.12883424759,7,0.0784
2825.14060926437,7,0.0784
2826.14751315117,7,0.0784
2827.15410423279,7,0.0784
2828.16078448296,7,0.0786
2829.17266726494,7,0.0784
2830.17910075188,7,0.0741
2831.1849257946,7,0.0786
2832.19167900085,7,0.0741
2833.20757102966,7,0.0786
2834.22242665291,7,0.0707
2835.234177351,7,0.075
2836.24595379829,7,0.0707
2837.25972533226,7,0.0758
2838.27144742012,7,0.0803
2839.28722691536,7,0.0716
2840.29386806488,7,0.0767
2841.30481100082,7,0.0724
2843.31271672249,7,0.0733
2844.31948280334,7,0.0733
2845.32622361183,7,0.0775
2846.33797430992,7,0.0733
2847.35283470154,7,0.0777
2848.36857461929,7,0.0733
2849.40027880669,7,0.0777
2850.43600058556,7,0.0733
2851.44179821014,7,0.0777
2852.45038056374,7,0.0777
2853.45387506485,7,0.0777
2854.45569086075,7,0.0777
2855.45714068413,7,0.0775
2856.46028256416,7,0.0784
2857.46464180946,7,0.0828
2858.46690583229,7,0.0741
2859.4746491909,7,0.0794
2860.49562430382,7,0.0836
2861.5100812912,7,0.0794
2863.52387952805,7,0.076
2864.53158640862,7,0.076
2865.53321743011,7,0.0803
2866.53603029251,7,0.0803
2867.53919625282,7,0.0803
2868.54583263397,7,0.0803
2869.5599527359,7,0.0803
2870.56180787086,7,0.0803
2871.57188534737,7,0.0803
2872.57853055,7,0.0803
2873.58892178535,7,0.0803
2874.59549427032,7,0.0716
2875.61085963249,7,0.0767
2876.62268805504,7,0.0811
2877.6289536953,7,0.0811
2878.64081931114,7,0.0769
2879.64762496948,7,0.0777
2880.65430903435,7,0.082
2881.6610763073,7,0.082
2883.67396044731,7,0.0784
2884.68073034286,7,0.0786
2885.69546198845,7,0.0828
2886.70982384682,7,0.0828
2887.71659040451,7,0.0828
2888.73036456108,7,0.0828
2889.74486351013,7,0.0828
2890.75158119202,7,0.0828
2891.7583591938,7,0.0828
2892.76478719711,7,0.0828
2893.77658104897,7,0.0828
2894.78336811066,7,0.087
2895.7899916172,7,0.087
2896.80500292778,7,0.0794
2897.82085299492,7,0.0794
2898.83263230324,7,0.0794
2899.83942246437,7,0.0794
2900.85109424591,7,0.0803
2901.85681939125,7,0.0803
2903.86457157135,7,0.0803
2904.87993907928,7,0.0803
2905.88664221764,7,0.0803
2906.89287996292,7,0.0803
2907.89956879616,7,0.0803
2908.9114792347,7,0.0803
2909.9180586338,7,0.0803
2910.92490625381,7,0.0767
2911.93680286407,7,0.0803
2912.94804430008,7,0.0803
2913.9608092308,7,0.0769
2914.9622759819,7,0.0811
2915.97285604477,7,0.0811
2916.98453760147,7,0.0811
2917.98605298996,7,0.0811
2918.99793815613,7,0.082
2920.00980091095,7,0.0836
2921.01649236679,7,0.082
2922.02317714691,7,0.082
2924.03625607491,7,0.0828
2925.05107331276,7,0.087
2926.05782175064,7,0.087
2927.06884336472,7,0.087
2928.0755636692,7,0.087
2929.08239650726,7,0.087
2930.08879995346,7,0.087
2931.0903544426,7,0.087
2932.09680557251,7,0.087
2933.10873270035,7,0.087
2934.11546254158,7,0.087
2935.12717890739,7,0.0913
2936.13389420509,7,0.087
2937.14080762863,7,0.0828
2938.14755296707,7,0.0879
2939.15395975113,7,0.0879
2940.1607105732,7,0.0921
2941.16753005981,7,0.0836
2942.17357993126,7,0.0803
2944.18993330002,7,0.0887
2945.20082187653,7,0.0887
2946.21257448196,7,0.0887
2947.21867537498,7,0.0887
2948.22480988503,7,0.0887
2949.23153233528,7,0.0887
2950.23820281029,7,0.0887
2951.24485373497,7,0.0887
2952.25154471397,7,0.0887
2953.25826644897,7,0.0887
2954.26480221748,7,0.0887
2955.27154755592,7,0.0887
2956.27831888199,7,0.0811
2957.28492546082,7,0.0811
2958.29166555405,7,0.0896
2959.297716856,7,0.0896
2960.30449581146,7,0.0896
2961.31123352051,7,0.082
2962.31797003746,7,0.082
2964.32499027252,7,0.0904
2965.3318002224,7,0.0904
2966.33290815353,7,0.0904
2967.34805369377,7,0.0904
2968.35485339165,7,0.0904
2969.36880350113,7,0.0904
2970.37549686432,7,0.0904
2971.3820950985,7,0.0904
2972.38887357712,7,0.0904
2973.39571905136,7,0.0904
2974.40775823593,7,0.0904
2975.41957044601,7,0.0904
2976.42628955841,7,0.0904
2977.43280792236,7,0.087
2978.43941164017,7,0.0913
2979.45108222961,7,0.0913
2980.4578640461,7,0.0913
2981.46460056305,7,0.0913
2982.47129034996,7,0.0879
2984.4790251255,7,0.0879
2985.48485541344,7,0.0921
2986.49156403542,7,0.0921
2987.4982790947,7,0.0921
2988.49993610382,7,0.0921
2989.51153826714,7,0.0921
2990.51279807091,7,0.0921
2991.51953363419,7,0.0921
2992.52629089355,7,0.0921
2993.53287267685,7,0.0921
2994.54448580742,7,0.0921
2995.5510456562,7,0.0921
2996.56080269814,7,0.0966
2997.57623004913,7,0.0879
2998.58813214302,7,0.0887
2999.59986996651,7,0.093
3000.6115937233,7,0.0932
3001.62330913544,7,0.093
3002.63011574745,7,0.0887
3004.64310717583,7,0.0887
3005.66006731987,7,0.0896
3006.66680407524,7,0.0896
3007.6728887558,7,0.0896
3008.6847615242,7,0.0896
3009.69151616096,7,0.0896
3010.69830656052,7,0.0896
3011.70485520363,7,0.0896
3012.71631360054,7,0.0896
3013.72820925713,7,0.0896
3014.73969960213,7,0.0896
3015.75142669678,7,0.0939
3016.75817155838,7,0.094
3017.76482534409,7,0.0939
3018.77154970169,7,0.0896
3019.78345346451,7,0.0904
3020.79799580574,7,0.0904
3021.81286072731,7,0.0949
3022.83596897125,7,0.0947
3024.87538361549,7,0.0949
3025.90810012817,7,0.0949
3026.93652129173,7,0.0949
3027.95521855354,7,0.0949
3028.96803951263,7,0.0949
3029.96914029121,7,0.0949
3030.97204136848,7,0.0949
3031.97283267975,7,0.0949
3032.97506785393,7,0.0949
3033.97856378555,7,0.0949
3034.98304915428,7,0.0947
3035.98454785347,7,0.0904
3036.99514269829,7,0.0913
3038.00473070145,7,0.0957
3039.01149559021,7,0.0957
3040.01821541786,7,0.0957
3041.02483987808,7,0.0957
3042.03161716461,7,0.0957
3043.03280305862,7,0.0913
3045.04486918449,7,0.0921
3046.05668735504,7,0.0921
3047.06339168549,7,0.0966
3048.06485199928,7,0.0921
3049.06637597084,7,0.0966
3050.07281279564,7,0.0966
3051.07953691483,7,0.0921
3052.08625125885,7,0.0966
3053.09286260605,7,0.0966
3054.10466504097,7,0.0966
3055.111515522,7,0.0966
3056.11814451218,7,0.0966
3057.12481808662,7,0.0966
3058.13149905205,7,0.1008
3059.14325737953,7,0.0966
3060.15499901772,7,0.0966
3061.16082715988,7,0.0932
3062.17259120941,7,0.093
3063.17936015129,7,0.0974
3065.18722844124,7,0.0974
3066.1939868927,7,0.0974
3067.20482754707,7,0.0974
3068.20639967918,7,0.0974
3069.20800876617,7,0.0974
3070.2146794796,7,0.0974
3071.22086429596,7,0.0974
3072.22771310806,7,0.0974
3073.24330663681,7,0.0974
3074.2500462532,7,0.0974
3075.25681519508,7,0.0974
3076.26351451874,7,0.0974
3077.27524423599,7,0.0974
3078.28195381165,7,0.0939
3079.28872942924,7,0.0939
3080.29547119141,7,0.0983
3081.30225515366,7,0.0983
3082.30887365341,7,0.0983
3083.32066583633,7,0.0983
3085.32856202126,7,0.0983
3086.3352458477,7,0.0981
3087.33676886559,7,0.0983
3088.34362673759,7,0.0983
3089.35532307625,7,0.0983
3090.36206555367,7,0.0983
3091.37381386757,7,0.0983
3092.38482785225,7,0.0939
3093.39168119431,7,0.0983
3094.39290070534,7,0.0939
3095.39960718155,7,0.0983
3096.41134381294,7,0.0949
3097.41798329353,7,0.0949
3098.42480516434,7,0.0991
3099.43657064438,7,0.0991
3100.44310903549,7,0.0991
3101.44990158081,7,0.0991
3102.45697975159,7,0.0991
3103.46363902092,7,0.0991
3105.47655296326,7,0.0956
3106.48330616951,7,0.0956
3107.49007511139,7,0.0956
3108.49680137634,7,0.0957
3109.50349521637,7,0.0957
3110.51021766663,7,0.0956
3111.51685643196,7,0.0957
3112.52363657951,7,0.0956
3113.53551983833,7,0.0957
3114.54723024368,7,0.0957
3115.55392384529,7,0.0957
3116.56071400642,7,0.1
3117.57666730881,7,0.1
3118.58357000351,7,0.1
3119.59028077126,7,0.1
3120.59694600105,7,0.1042
3121.61216855049,7,0.1042
3122.61901545525,7,0.1
3123.62481570244,7,0.1
3125.63276100159,7,0.1
3126.63955926895,7,0.0966
3127.65132689476,7,0.0966
3128.65806865692,7,0.0966
3129.66481900215,7,0.0966
3130.67180585861,7,0.0966
3131.6835641861,7,0.0966
3132.69534754753,7,0.0966
3133.7072558403,7,0.0966
3134.70883488655,7,0.0966
3135.72352600098,7,0.0966
3136.7299592495,7,0.1008
3137.74486637115,7,0.1008
3138.75667881966,7,0.1008
3139.77125096321,7,0.1051
3140.78300881386,7,0.1051
3141.78997087479,7,0.1008
3142.79682230949,7,0.1008
3143.80865049362,7,0.0974
3145.81642317772,7,0.0974
3146.82723855972,7,0.0974
3147.83389425278,7,0.0974
3148.84461927414,7,0.0974
3149.85111856461,7,0.0974
3150.86280274391,7,0.0974
3151.86879515648,7,0.0974
3152.8704855442,7,0.0974
3153.88480758667,7,0.0974
3154.89155864716,7,0.0974
3155.89291191101,7,0.1017
3156.89978075027,7,0.1017
3157.90649247169,7,0.1017
3158.91282343864,7,0.1017
3159.92459416389,7,0.1059
3160.93123292923,7,0.1059
3161.93278694153,7,0.1059
3162.93432784081,7,0.1017
3163.94083571434,7,0.1017
3165.94800567627,7,0.0983
3166.95973491669,7,0.0983
3167.96080327034,7,0.0983
3168.97252225876,7,0.0983
3169.97919034958,7,0.0983
3170.98589682579,7,0.0983
3171.99684071541,7,0.0983
3173.0034995079,7,0.0983
3174.01011109352,7,0.0981
3175.0168902874,7,0.0983
3176.02359032631,7,0.0981
3177.03530478477,7,0.1025
3178.05196142197,7,0.1025
3179.0586540699,7,0.1025
3180.07039117813,7,0.1025
3181.08220124245,7,0.1068
3182.0888235569,7,0.1068
3183.09560894966,7,0.1025
3184.10243177414,7,0.1025
3186.10997629166,7,0.0991
3187.11680245399,7,0.0991
3188.12345099449,7,0.0991
3189.12492084503,7,0.0991
3190.13159918785,7,0.0991
3191.13280439377,7,0.0991
3192.13444423676,7,0.0991
3193.14587831497,7,0.0991
3194.15267777443,7,0.0991
3195.16442275047,7,0.0991
3196.17117929459,7,0.0991
3197.1779384613,7,0.0991
3198.18464946747,7,0.1034
3199.19128108025,7,0.1034
3200.19813132286,7,0.1034
3201.20485806465,7,0.1034
3202.21176767349,7,0.1076
3203.21858620644,7,0.1076
3204.22489571571,7,0.1034
3206.2368273735,7,0.1034
3207.23844647408,7,0.1034
3208.24478578568,7,0.1034
3209.25136780739,7,0.1034
3210.25799393654,7,0.1034
3211.26469826698,7,0.1034
3212.27652478218,7,0.1
3213.28830552101,7,0.0991
3214.2949848175,7,0.0991
3215.30080795288,7,0.0991
3216.30777859688,7,0.0991
3217.31446433067,7,0.1
3218.32080125809,7,0.1
3219.32756376266,7,0.1042
3220.33435869217,7,0.1042
3221.34083223343,7,0.1042
3222.35262107849,7,0.1042
3223.36434078217,7,0.1085
3224.37613582611,7,0.1085
3226.38881254196,7,0.1085
3227.39564609528,7,0.1085
3228.40741896629,7,0.1085
3229.41921377182,7,0.1085
3230.43098640442,7,0.1085
3231.44610023499,7,0.1085
3232.4528336525,7,0.1085
3233.45956921577,7,0.1085
3234.46635866165,7,0.1085
3235.47807741165,7,0.1085
3236.48476958275,7,0.1085
3237.49155879021,7,0.1042
3238.49830102921,7,0.1042
3239.50483179092,7,0.1042
3240.51153278351,7,0.1042
3241.51813817024,7,0.1051
3242.52480387688,7,0.1051
3243.53154158592,7,0.1051
3244.53826904297,7,0.1051
3246.54599761963,7,0.1051
3247.5578660965,7,0.1051
3248.56442546844,7,0.1051
3249.57114052773,7,0.1051
3250.58292746544,7,0.1051
3251.58972930908,7,0.1051
3252.60388898849,7,0.1051
3253.61061406136,7,0.1051
3254.62483048439,7,0.1093
3255.63147783279,7,0.1051
3256.63809037209,7,0.1093
3257.64479851723,7,0.1093
3258.65674519539,7,0.1093
3259.66361236572,7,0.1093
3260.6753411293,7,0.1051
3261.68192768097,7,0.1051
3262.69686150551,7,0.1051
3263.71291613579,7,0.1017
3264.72481703758,7,0.1017
3266.73267769814,7,0.1017
3267.73937344551,7,0.1059
3268.74081897736,7,0.1059
3269.74755048752,7,0.1059
3270.75427770615,7,0.1059
3271.7606742382,7,0.1059
3272.77041888237,7,0.1059
3273.78743815422,7,0.1059
3274.807482481,7,0.1059
3275.81041288376,7,0.1059
3276.82418656349,7,0.1059
3277.83375763893,7,0.1059
3278.84224939346,7,0.1059
3279.8455862999,7,0.1059
3280.84731554985,7,0.1059
3281.84927988052,7,0.1102
3282.85371279716,7,0.1102
3283.85541081429,7,0.1102
3284.85788726807,7,0.1102
3286.88595700264,7,0.1059
3287.8889966011,7,0.1059
3288.89176845551,7,0.1059
3289.89488339424,7,0.1059
3290.91114234924,7,0.1059
3291.91697072983,7,0.1059
3292.92978000641,7,0.1059
3293.93346476555,7,0.1059
3294.93653082848,7,0.1059
3295.93847298622,7,0.1059
3296.94069099426,7,0.1059
3297.95078039169,7,0.1059
3298.95994353294,7,0.1025
3299.97020459175,7,0.1025
3300.98099589348,7,0.1025
3301.99290251732,7,0.1068
3302.9994392395,7,0.1068
3304.00607252121,7,0.1068
3305.00761771202,7,0.1068
3307.02038764954,7,0.1068
3308.02700996399,7,0.1068
3309.03779220581,7,0.1068
3310.04883790016,7,0.1068
3311.06347990036,7,0.111
3312.07020711899,7,0.111
3313.07680249214,7,0.1068
3314.0834505558,7,0.111
3315.08941411972,7,0.111
3316.09548425674,7,0.111
3317.10726809502,7,0.111
3318.11393427849,7,0.111
3319.12066698074,7,0.111
3320.12752652168,7,0.111
3321.13929820061,7,0.1068
3322.14603090286,7,0.1068
3323.15273141861,7,0.1068
3324.15354180336,7,0.1068
3325.15965795517,7,0.1034
3327.16746544838,7,0.1034
3328.1792383194,7,0.1034
3329.1859190464,7,0.1034
3330.19270086288,7,0.1034
3331.19938921928,7,0.1034
3332.20612311363,7,0.1034
3333.22060084343,7,0.1034
3334.22739124298,7,0.1034
3335.24403262138,7,0.1034
3336.25079488754,7,0.1034
3337.25684952736,7,0.1034
3338.26858186722,7,0.1076
3339.28237509727,7,0.1076
3340.28885221481,7,0.1076
3341.30076956749,7,0.1076
3342.30749940872,7,0.1076
3343.31941819191,7,0.1076
3344.32620954514,7,0.1119
3345.34198307991,7,0.1119
3347.34988999367,7,0.1119
3348.35616707802,7,0.1119
3349.36791181564,7,0.1119
3350.36883425713,7,0.1119
3351.37964296341,7,0.1119
3352.38631916046,7,0.1119
3353.3928425312,7,0.1119
3354.39961743355,7,0.1119
3355.41139531136,7,0.1119
3356.42311000824,7,0.1119
3357.42882680893,7,0.1119
3358.43547058105,7,0.1119
3359.44210982323,7,0.1119
3360.44883561134,7,0.1076
3361.45561528206,7,0.1076
3362.46203064919,7,0.1076
3363.46874475479,7,0.1076
3364.47450709343,7,0.1076
3365.48622393608,7,0.1042
3367.493901968,7,0.1042
3368.50065517426,7,0.1042
3369.51233434677,7,0.1042
3370.51899385452,7,0.1085
3371.53077816963,7,0.1042
3372.53681111336,7,0.1085
3373.54852056503,7,0.1085
3374.55008435249,7,0.1085
3375.55685424805,7,0.1085
3376.56864595413,7,0.1085
3377.5753467083,7,0.1085
3378.58212566376,7,0.1085
3379.58883166313,7,0.1085
3380.59042668343,7,0.1085
3381.59688282013,7,0.1085
3382.60371994972,7,0.1085
3383.61555027962,7,0.1085
3384.62240171432,7,0.1127
3385.6341791153,7,0.1127
3387.64191508293,7,0.1127
3388.64867734909,7,0.1129
3389.65545606613,7,0.1127
3390.66211748123,7,0.1127
3391.67386126518,7,0.1129
3392.68479990959,7,0.1129
3393.69160461426,7,0.1127
3394.70645356178,7,0.1127
3395.72129130363,7,0.1127
3396.73588776588,7,0.1129
3397.75005626678,7,0.1127
3398.76482605934,7,0.1129
3399.77664422989,7,0.1127
3400.78331637383,7,0.1127
3401.78993010521,7,0.1085
3402.7914352417,7,0.1085
3403.79811215401,7,0.1085
3404.80987715721,7,0.1085
3405.81669139862,7,0.1085
3407.82466936111,7,0.1085
3408.82640886307,7,0.1085
3409.84132957458,7,0.1051
3410.85278725624,7,0.1085
3411.86773467064,7,0.1085
3412.86884307861,7,0.1085
3413.87041354179,7,0.1051
3414.87155771255,7,0.1085
3415.87818002701,7,0.1085
3416.88493585587,7,0.1085
3417.89656543732,7,0.1085
3418.90828108788,7,0.1051
3419.90982031822,7,0.1093
3420.91654515266,7,0.1093
3421.92322230339,7,0.1093
3422.92481923103,7,0.1093
3423.93153643608,7,0.1093
3424.94325518608,7,0.1093
3425.95015740395,7,0.1093
3427.95801782608,7,0.1093
3428.96486854553,7,0.1093
3429.97121405602,7,0.1093
3430.98302721977,7,0.1093
3431.98971915245,7,0.1093
3433.00079154968,7,0.1093
3434.01266145706,7,0.1093
3435.01933383942,7,0.1093
3436.02599334717,7,0.1093
3437.03690481186,7,0.1093
3438.04366850853,7,0.1093
3439.05048274994,7,0.1136
3440.06229996681,7,0.1137
3441.06888985634,7,0.1137
3442.07552647591,7,0.1136
3443.0872490406,7,0.1136
3444.0939078331,7,0.1136
3445.10365343094,7,0.1137
3446.11040186882,7,0.1137
3448.12326574326,7,0.1093
3449.12994265556,7,0.1093
3450.13673329353,7,0.1093
3451.14362192154,7,0.1093
3452.15540146828,7,0.1093
3453.15681695938,7,0.1093
3454.1634414196,7,0.1093
3455.17518210411,7,0.1093
3456.17682647705,7,0.1093
3457.18863797188,7,0.1093
3458.19537520409,7,0.1093
3459.20208907127,7,0.1093
3460.20882344246,7,0.1093
3461.22058749199,7,0.1093
3462.22730183601,7,0.1093
3463.23386406898,7,0.1059
3464.24067497253,7,0.1093
3465.25246500969,7,0.1059
3466.26430392265,7,0.1059
3468.27211999893,7,0.1102
3469.28387832642,7,0.1102
3470.29057979584,7,0.1102
3471.29685997963,7,0.1102
3472.30869579315,7,0.1102
3473.31030607224,7,0.1102
3474.32204914093,7,0.1102
3475.32879519463,7,0.1102
3476.33546686172,7,0.1102
3477.34206342697,7,0.1102
3478.34882855415,7,0.1102
3479.36061620712,7,0.1102
3480.36725854874,7,0.1102
3481.37384796143,7,0.1102
3482.38021707535,7,0.1102
3483.386926651,7,0.1102
3484.39865469933,7,0.1102
3485.41256165504,7,0.1102
3486.42455720901,7,0.1102
3488.43233513832,7,0.1146
3489.44426083565,7,0.1146
3490.45616889,7,0.1146
3491.46277976036,7,0.1146
3492.46882772446,7,0.1146
3493.48064541817,7,0.1146
3494.49233675003,7,0.1146
3495.50408697128,7,0.1146
3496.51819968224,7,0.1146
3497.53240990639,7,0.1146
3498.54641866684,7,0.1146
3499.55811715126,7,0.1146
3500.57287859917,7,0.1146
3501.5796558857,7,0.1146
3502.63069105148,7,0.1146
3503.6450009346,7,0.1102
3504.64989566803,7,0.1146
3505.66017007828,7,0.1102
3506.66392588615,7,0.1102
3508.6662478447,7,0.1102
3509.66923761368,7,0.1102
3510.67301821709,7,0.1102
3511.67463970184,7,0.1102
3512.68483376503,7,0.1102
3513.70356345177,7,0.1102
3514.71309280396,7,0.1102
3515.72306728363,7,0.1102
3516.72747802734,7,0.1102
3517.73059177399,7,0.1068
3518.74195432663,7,0.1102
3519.74451732635,7,0.1102
3520.74774336815,7,0.1102
3521.7490401268,7,0.1102
3522.75698661804,7,0.1068
3523.75980830193,7,0.1068
3524.76636481285,7,0.1068
3525.77272701263,7,0.1068
3526.77931666374,7,0.111
3528.78689312935,7,0.111
3529.79680681229,7,0.111
3530.8035056591,7,0.111
3531.81003022194,7,0.111
3532.81164622307,7,0.111
3533.81836557388,7,0.111
3534.82480597496,7,0.111
3535.84025025368,7,0.111
3536.84085202217,7,0.111
3537.84755015373,7,0.111
3538.85417675972,7,0.111
3539.8609251976,7,0.111
3540.86761450768,7,0.111
3541.86881971359,7,0.111
3542.87033987045,7,0.111
3543.87681603432,7,0.111
3544.88368582726,7,0.111
3545.88482308388,7,0.1112
3546.89170718193,7,0.111
3548.90466928482,7,0.1153
3549.91118502617,7,0.111
3550.9229722023,7,0.111
3551.92470121384,7,0.1153
3552.93137073517,7,0.111
3553.94301915169,7,0.1153
3554.95412325859,7,0.111
3555.96584510803,7,0.1154
3556.97260212898,7,0.111
3557.97916531563,7,0.1153
3558.9910068512,7,0.1154
3559.99682354927,7,0.111
3561.00347042084,7,0.1154
3562.01016354561,7,0.1154
3563.01682734489,7,0.1154
3564.02354097366,7,0.1153
3565.0341565609,7,0.1154
3566.04584145546,7,0.1154
3567.05265688896,7,0.1153
3569.06047320366,7,0.1153
3570.07237648964,7,0.1154
3571.08637714386,7,0.1153
3572.09284162521,7,0.1154
3573.10790109634,7,0.1154
3574.11976122856,7,0.1154
3575.13630175591,7,0.1154
3576.1512901783,7,0.111
3577.15793895721,7,0.1154
3578.16465067863,7,0.1154
3579.17892503738,7,0.1154
3580.18467187881,7,0.1154
3581.19469022751,7,0.111
3582.20083022118,7,0.111
3583.20759892464,7,0.111
3584.21953892708,7,0.111
3585.23057985306,7,0.1112
3586.2423248291,7,0.111
3587.25685286522,7,0.111
3589.26472663879,7,0.111
3590.27159261703,7,0.111
3591.28087806702,7,0.111
3592.28770852089,7,0.111
3593.29451274872,7,0.111
3594.30081439018,7,0.111
3595.3074798584,7,0.111
3596.31428217888,7,0.111
3597.32082295418,7,0.111
3598.32756829262,7,0.111
3599.33424949646,7,0.111
3600.34597158432,7,0.111
3601.35687875748,7,0.111
3602.36361837387,7,0.111
3603.37854862213,7,0.111
3604.38481426239,7,0.111
3605.39150118828,7,0.1076
3606.39828419685,7,0.1076
3607.40470981598,7,0.1119
3609.41682362556,7,0.1076
3610.41836023331,7,0.1119
3611.42481780052,7,0.1119
3612.4315123558,7,0.1119
3613.43813538551,7,0.1119
3614.44991874695,7,0.1119
3615.45672011375,7,0.1119
3616.46351909637,7,0.1119
3617.47520327568,7,0.1119
3618.4818816185,7,0.1119
3619.48870444298,7,0.1119
3620.49563908577,7,0.1119
3621.51229357719,7,0.1119
3622.51901626587,7,0.1119
3623.53078174591,7,0.1119
3624.5448589325,7,0.1119
3625.55155444145,7,0.1119
3626.55289173126,7,0.1119
3627.55948972702,7,0.1119
3629.56206846237,7,0.1119
3630.57687425613,7,0.1119
3631.58366680145,7,0.1119
3632.59037780762,7,0.1119
3633.60209178925,7,0.1119
3634.61398434639,7,0.1119
3635.6207742691,7,0.1119
3636.62747168541,7,0.1119
3637.62883138657,7,0.1119
3638.6354675293,7,0.1119
3639.64715600014,7,0.1119
3640.65382170677,7,0.1119
3641.66053962708,7,0.1119
3642.6672244072,7,0.112
3643.6822347641,7,0.112
3644.69396305084,7,0.1119
3645.70885419846,7,0.1163
3646.71511936188,7,0.1163
3647.72688293457,7,0.1163
3649.73388290405,7,0.1163
3650.7406039238,7,0.1163
3651.75246858597,7,0.1163
3652.75912427902,7,0.1163
3653.7606921196,7,0.1163
3654.77245402336,7,0.1163
3655.77916526794,7,0.1163
3656.78588271141,7,0.1163
3657.79670977592,7,0.1163
3658.80372166634,7,0.1163
3659.81553196907,7,0.1163
3660.82227635384,7,0.1163
3661.82883429527,7,0.1163
3662.83560323715,7,0.1163
3663.84245038033,7,0.1163
3664.84890317917,7,0.1163
3665.85858011246,7,0.1163
3666.87022137642,7,0.1163
3667.87160205841,7,0.1163
3669.88591003418,7,0.1163
3670.89979767799,7,0.1163
3671.90880608559,7,0.1163
3672.91563296318,7,0.1163
3673.92244505882,7,0.1163
3674.92886543274,7,0.1163
3675.94480395317,7,0.1163
3676.95988416672,7,0.1163
3677.9758374691,7,0.1163
3678.98262405396,7,0.1163
3679.98895382881,7,0.1163
3680.99985074997,7,0.1163
3682.0115544796,7,0.1163
3683.01817202568,7,0.1119
3684.02481794357,7,0.1119
3685.03171253204,7,0.1119
3686.0383605957,7,0.1119
3687.05011463165,7,0.1119
3688.06481099129,7,0.1119
3690.07258629799,7,0.1119
3691.07944869995,7,0.1119
3692.09141755104,7,0.1119
3693.09819793701,7,0.1119
3694.10484600067,7,0.1119
3695.11153364182,7,0.1119
3696.11834168434,7,0.1119
3697.12486076355,7,0.1119
3698.14081907272,7,0.1119
3699.14769482613,7,0.1119
3700.14890432358,7,0.1119
3701.1504535675,7,0.1119
3702.15685176849,7,0.1119
3703.16358423233,7,0.1119
3704.17546343803,7,0.1119
3705.18225479126,7,0.1119
3706.18888783455,7,0.1119
3707.19577407837,7,0.1119
3708.24691176414,7,0.1119
3710.2665553093,7,0.1119
3711.27483057976,7,0.1129
3712.28056049347,7,0.1119
3713.28328466415,7,0.1119
3714.28512716293,7,0.1085
3715.28900766373,7,0.1119
3716.2909309864,7,0.1085
3717.29295539856,7,0.1085
3718.29566860199,7,0.1119
3719.32536482811,7,0.1119
3720.32886910439,7,0.1119
3721.34808731079,7,0.1129
3722.35273265839,7,0.1085
3723.35789060593,7,0.1129
3724.36196637154,7,0.1127
3725.36733412743,7,0.1127
3726.36874866486,7,0.1129
3727.37039780617,7,0.1129
3728.37329030037,7,0.1129
3730.37918114662,7,0.1127
3731.38060498238,7,0.1129
3732.38723945618,7,0.1129
3733.38869023323,7,0.1129
3734.39515423775,7,0.1129
3735.4047935009,7,0.1129
3736.41158390045,7,0.1127
3737.42355489731,7,0.1129
3738.43016147614,7,0.1129
3739.44193172455,7,0.1127
3740.44862055779,7,0.1129
3741.46041727066,7,0.1129
3742.47219896317,7,0.1129
3743.47890925407,7,0.1129
3744.48467540741,7,0.1129
3745.4913983345,7,0.1129
3746.49815773964,7,0.1129
3747.50988602638,7,0.1127
3748.52082371712,7,0.1129
3750.5287771225,7,0.1129
3751.54076981544,7,0.1127
3752.54754805565,7,0.1129
3753.55929541588,7,0.1129
3754.56596398354,7,0.1129
3755.57264876366,7,0.1127
3756.58722066879,7,0.1129
3757.59394001961,7,0.1129
3758.60486245155,7,0.1127
3759.61165976524,7,0.1129
3760.62599873543,7,0.1129
3761.64083623886,7,0.1129
3762.65595245361,7,0.1129
3763.66262793541,7,0.1129
3764.67692708969,7,0.1129
3765.67854809761,7,0.1127
3766.68483424187,7,0.1129
3767.6918721199,7,0.1127
3768.69853186607,7,0.1127
3770.70573496819,7,0.1129
3771.71240401268,7,0.1127
3772.7191298008,7,0.1171
3773.72077822685,7,0.1171
3774.72755122185,7,0.1127
3775.74254846573,7,0.1171
3776.75429844856,7,0.1129
3777.75594854355,7,0.1129
3778.7568218708,7,0.1127
3779.76352858543,7,0.1127
3780.77534484863,7,0.1129
3781.79163217545,7,0.1129
3782.7928352356,7,0.1171
3783.79447197914,7,0.1127
3784.80881738663,7,0.1127
3785.82384991646,7,0.1127
3786.83560538292,7,0.1171
3787.83682584763,7,0.1171
3788.84867453575,7,0.1171
3790.85132932663,7,0.1171
3791.85806417465,7,0.1171
3792.86487746239,7,0.1171
3793.87165212631,7,0.1171
3794.88824176788,7,0.1171
3795.90012288094,7,0.1171
3796.91183280945,7,0.1171
3797.91285252571,7,0.1171
3798.91950058937,7,0.1171
3799.92624115944,7,0.1171
3800.93278408051,7,0.1171
3801.93962693214,7,0.1171
3802.95527243614,7,0.1171
3803.97024655342,7,0.1171
3804.97685623169,7,0.1171
3805.98365044594,7,0.1171
3806.99544525146,7,0.1171
3808.01081705093,7,0.1171
3809.02260065079,7,0.1171
3811.03539729118,7,0.1171
3812.04195046425,7,0.1171
3813.04863810539,7,0.1171
3814.06036782265,7,0.1171
3815.06699895859,7,0.1171
3816.07298541069,7,0.1171
3817.07973814011,7,0.1171
3818.09146118164,7,0.1171
3819.09812521935,7,0.1171
3820.10480833054,7,0.1171
3821.11676430702,7,0.1171
3822.11835432053,7,0.1171
3823.13010406494,7,0.1171
3824.13697052002,7,0.1171
3825.15223097801,7,0.1171
3826.15283966064,7,0.1171
3827.15955495834,7,0.1171
3828.16081023216,7,0.1171
3829.16752433777,7,0.1171
3831.16994333267,7,0.1171
3832.17666625977,7,0.1171
3833.18335819244,7,0.1171
3834.19008469582,7,0.1171
3835.19689202309,7,0.1171
3836.20360660553,7,0.1171
3837.21028518677,7,0.1171
3838.21680426598,7,0.1171
3839.22313308716,7,0.1171
3840.23285770416,7,0.1171
3841.2435157299,7,0.1171
3842.25522089005,7,0.1171
3843.2688138485,7,0.1171
3844.27967047691,7,0.1171
3845.29144454002,7,0.1127
3846.29284405708,7,0.1171
3847.29956507683,7,0.1171
3848.30083250999,7,0.1171
3849.30755019188,7,0.1171
3851.32034039497,7,0.1171
3852.32705044746,7,0.1171
3853.33878469467,7,0.1171
3854.352684021,7,0.1171
3855.36209964752,7,0.1171
3856.36885237694,7,0.1171
3857.37558531761,7,0.1171
3858.38882303238,7,0.1171
3859.40281653404,7,0.1171
3860.4168651104,7,0.1171
3861.42363762856,7,0.1171
3862.4301609993,7,0.1171
3863.44048213959,7,0.1171
3864.45412731171,7,0.1129
3865.4648168087,7,0.1129
3866.46648979187,7,0.1129
3867.4782063961,7,0.1127
3868.48479318619,7,0.1129
3869.49159097672,7,0.1129
3871.49949073792,7,0.1127
3872.50609540939,7,0.1129
3873.51282930374,7,0.1129
3874.51947903633,7,0.1127
3875.52609848976,7,0.1129
3876.53282403946,7,0.1127
3877.5472817421,7,0.1129
3878.55395054817,7,0.1127
3879.56485247612,7,0.1129
3880.5766646862,7,0.1129
3881.58836436272,7,0.1127
3882.60338068008,7,0.1129
3883.61865282059,7,0.1127
3884.63279533386,7,0.1129
3885.65202665329,7,0.1127
3886.65561676025,7,0.1129
3887.68112015724,7,0.1127
3888.70039319992,7,0.1129
3889.70830702782,7,0.1129
3891.71321606636,7,0.1127
3892.71605610847,7,0.1129
3893.7168109417,7,0.1127
3894.71856975555,7,0.1129
3895.72164583206,7,0.1127
3896.7240319252,7,0.1129
3897.735714674,7,0.1129
3898.75804805756,7,0.1127
3899.77388978004,7,0.1129
3900.78125596046,7,0.1129
3901.78894853592,7,0.1127
3902.79439020157,7,0.1129
3903.79805755615,7,0.1127
3904.80023956299,7,0.1127
3905.80180811882,7,0.1127
3906.80518364906,7,0.1129
3907.80660152435,7,0.1129
3908.81272172928,7,0.1127
3909.82207393646,7,0.1129
3911.83270978928,7,0.1129
3912.84381556511,7,0.1129
3913.85493707657,7,0.1129
3914.8609597683,7,0.1129
3915.86248874664,7,0.1129
3916.86890673637,7,0.1129
3917.87557864189,7,0.1129
3918.8768761158,7,0.1127
3919.89133882523,7,0.1129
3920.89799070358,7,0.1129
3921.89957737923,7,0.1127
3922.91132068634,7,0.1127
3923.91800403595,7,0.1127
3924.92481446266,7,0.1129
3925.93157529831,7,0.1127
3926.94350290298,7,0.1129
3927.95525527,7,0.1129
3928.96641802788,7,0.1127
3929.97287964821,7,0.1127
3931.98060011864,7,0.1129
3932.98961448669,7,0.1129
3933.99114966393,7,0.1129
3934.99785256386,7,0.1127
3936.00884842873,7,0.1127
3937.01044726372,7,0.1129
3938.02214860916,7,0.1129
3939.02368736267,7,0.1129
3940.02483201027,7,0.1129
3941.03148961067,7,0.1129
3942.04716777802,7,0.1129
3943.05888199806,7,0.1129
3944.06494140625,7,0.1129
3945.07629060745,7,0.1129
3946.08315992355,7,0.1127
3947.09493708611,7,0.1129
3948.10079836845,7,0.1127
3949.11466884613,7,0.1127
3950.12082600594,7,0.1127
3952.12347102165,7,0.1129
3953.13039398193,7,0.1127
3954.14544701576,7,0.1129
3955.15219640732,7,0.1127
3956.15897727013,7,0.1129
3957.16584730148,7,0.1129
3958.17263579369,7,0.1129
3959.17947435379,7,0.1127
3960.18090128899,7,0.1129
3961.18768429756,7,0.1129
3962.18883609772,7,0.1127
3963.20483136177,7,0.1127
3964.21153569221,7,0.1093
3965.21749615669,7,0.1127
3966.22422337532,7,0.1129
3967.23091650009,7,0.1127
3968.24227666855,7,0.1129
3969.24384331703,7,0.1093
3970.25684285164,7,0.1093
3972.27284479141,7,0.1127
3973.27950119972,7,0.1127
3974.29123711586,7,0.1093
3975.30294466019,7,0.1093
3976.30881547928,7,0.1093
3977.32336521149,7,0.1093
3978.33678531647,7,0.1093
3979.34348511696,7,0.1093
3980.34481978416,7,0.1093
3981.34635090828,7,0.1093
3982.35283184052,7,0.1093
3983.36460900307,7,0.1093
3984.37635684013,7,0.1093
3985.38812422752,7,0.1129
3986.39986181259,7,0.1093
3987.40081310272,7,0.1093
3988.40757274628,7,0.1137
3989.41415834427,7,0.1136
3990.42092132568,7,0.1136
3992.42900180817,7,0.1136
3993.44484567642,7,0.1093
3994.45148324966,7,0.1136
3995.45836353302,7,0.1093
3996.46485161781,7,0.1129
3997.47163391113,7,0.1136
3998.47841572762,7,0.1093
3999.48490309715,7,0.1093
4000.49173331261,7,0.1137
4001.5061507225,7,0.1136
4002.51284360886,7,0.1136
4003.52811980247,7,0.1093
4004.54247665405,7,0.1137
4005.55770468712,7,0.1136
4006.56885766983,7,0.1136
4007.5756688118,7,0.1136
4008.58226847649,7,0.1136
4009.59402322769,7,0.1136
4010.60081982613,7,0.1136
4012.6087501049,7,0.1136
4013.62051701546,7,0.1137
4014.62716841698,7,0.1136
4015.6389503479,7,0.1136
4016.64493894577,7,0.1136
4017.65683746338,7,0.1136
4018.66353535652,7,0.1136
4019.67537760735,7,0.1136
4020.68204641342,7,0.1136
4021.68883728981,7,0.1136
4022.69559693336,7,0.1136
4023.70671820641,7,0.1136
4024.71288871765,7,0.1137
4025.71964740753,7,0.1136
4026.72068524361,7,0.1136
4027.72741508484,7,0.1137
4028.73917818069,7,0.1136
4029.74602484703,7,0.1137
4030.75272297859,7,0.1136
4032.76072430611,7,0.1136
4033.77285861969,7,0.1136
4034.77931928635,7,0.1136
4035.78593492508,7,0.1137
4036.79268836975,7,0.1137
4037.80449938774,7,0.1136
4038.81131005287,7,0.1137
4039.81797790527,7,0.1137
4040.82391381264,7,0.1136
4041.83072471619,7,0.1137
4042.83680582047,7,0.1136
4043.84354257584,7,0.1136
4044.84494996071,7,0.1137
4045.85168981552,7,0.1136
4046.85831856728,7,0.1136
4047.86493468285,7,0.1137
4048.8716378212,7,0.1136
4049.87808918953,7,0.1136
4050.89241290092,7,0.1137
4052.90822291374,7,0.1136
4053.92415165901,7,0.1137
4054.93090653419,7,0.1136
4055.94267129898,7,0.1137
4056.95441460609,7,0.1136
4057.96081995964,7,0.1137
4058.96753573418,7,0.1137
4059.97929239273,7,0.1136
4060.99109768867,7,0.1136
4062.0028629303,7,0.1136
4063.00883746147,7,0.1136
4064.01557564735,7,0.1136
4065.02242159843,7,0.1136
4066.03672146797,7,0.1136
4067.04347896576,7,0.1136
4068.04999542236,7,0.1137
4069.0568215847,7,0.1137
4070.06869864464,7,0.1136
4071.08451628685,7,0.1137
4073.10053610802,7,0.1136
4074.10727953911,7,0.1136
4075.11893105507,7,0.1136
4076.12815260887,7,0.1137
4077.13475394249,7,0.1137
4078.14796423912,7,0.1136
4079.15460944176,7,0.1137
4080.16081261635,7,0.1137
4081.17257595062,7,0.1137
4082.18551921844,7,0.1137
4083.19680547714,7,0.1136
4084.20863604546,7,0.1136
4085.21534705162,7,0.1136
4086.22221326828,7,0.1137
4087.22882413864,7,0.1129
4088.24420070648,7,0.1137
4089.25595831871,7,0.1137
4090.26274657249,7,0.1093
4091.27877664566,7,0.1093
4093.28663516045,7,0.1129
4094.29280114174,7,0.1093
4095.29961538315,7,0.1093
4096.30636739731,7,0.1093
4097.33424711227,7,0.1093
4098.35981726646,7,0.1093
4099.37836813927,7,0.1093
4100.38965725899,7,0.1093
4101.3918261528,7,0.1093
4102.39279508591,7,0.1093
4103.39666342735,7,0.1093
4104.39967441559,7,0.1129
4105.40254020691,7,0.1129
4106.42746639252,7,0.1129
4107.44191884995,7,0.1127
4108.46171021461,7,0.1129
4109.4671766758,7,0.1129
4110.47219562531,7,0.1127
4111.47388482094,7,0.1129
4113.47815012932,7,0.1129
4114.48110628128,7,0.1127
4115.48284935951,7,0.1129
4116.48660969734,7,0.1127
4117.48818993568,7,0.1129
4118.49999284744,7,0.1129
4119.50187563896,7,0.1129
4120.50851178169,7,0.1129
4121.51796770096,7,0.1129
4122.52888226509,7,0.1127
4123.5354988575,7,0.1129
4124.53681373596,7,0.1129
4125.54342746735,7,0.1129
4126.550126791,7,0.1129
4127.55686616898,7,0.1129
4128.56364512444,7,0.1129
4129.57037210464,7,0.1127
4130.58483076096,7,0.1129
4131.59149122238,7,0.1129
4133.59915518761,7,0.1127
4134.6059448719,7,0.1129
4135.61273741722,7,0.1129
4136.61952590942,7,0.1127
4137.6312391758,7,0.1129
4138.64299917221,7,0.1127
4139.64885497093,7,0.1129
4140.65551829338,7,0.1129
4141.66236162186,7,0.1129
4142.66880393028,7,0.1129
4143.67547559738,7,0.1129
4144.68206596375,7,0.1129
4145.68876242638,7,0.1129
4146.69551849365,7,0.1129
4147.70724010468,7,0.1129
4148.71395993233,7,0.1129
4149.72068214417,7,0.1127
4150.72750520706,7,0.1129
4151.73420476913,7,0.1129
4153.73683261871,7,0.1129
4154.74360656738,7,0.1129
4155.75681519508,7,0.1129
4156.77154135704,7,0.1127
4157.78083634377,7,0.1129
4158.79503846169,7,0.1127
4159.80673980713,7,0.1127
4160.82087349892,7,0.1129
4161.83481574059,7,0.1129
4162.84663796425,7,0.1129
4163.8584022522,7,0.1129
4164.86484980583,7,0.1127
4165.87164115906,7,0.1129
4166.87284755707,7,0.1127
4167.8795979023,7,0.1129
4168.89120674133,7,0.1129
4169.89786100388,7,0.1129
4170.91291284561,7,0.1129
4171.92475938797,7,0.1129
4173.9326210022,7,0.1127
4174.9393222332,7,0.1129
4175.9459297657,7,0.1127
4176.95682358742,7,0.1129
4177.97105741501,7,0.1129
4178.98301529884,7,0.1129
4179.99484801292,7,0.1129
4181.01014637947,7,0.1129
4182.01688599586,7,0.1129
4183.02355241776,7,0.1127
4184.03457117081,7,0.1129
4185.04629254341,7,0.1129
4186.0528190136,7,0.1129
4187.06458854675,7,0.1129
4188.07640218735,7,0.1129
4189.08314394951,7,0.1129
4190.09789729118,7,0.1129
4191.10472559929,7,0.1129
4192.1115231514,7,0.1129
4194.11936283112,7,0.1129
4195.12610960007,7,0.1129
4196.13288140297,7,0.1129
4197.14806842804,7,0.1129
4198.15475535393,7,0.1129
4199.15628266335,7,0.1129
4200.16298246384,7,0.1129
4201.16888237,7,0.1129
4202.17568850517,7,0.1129
4203.18746447563,7,0.1129
4204.1942512989,7,0.1129
4205.20098900795,7,0.1127
4206.20780968666,7,0.1129
4207.21455478668,7,0.1129
4208.22081518173,7,0.1127
4209.2276134491,7,0.1129
4210.22881889343,7,0.1129
4211.23553562164,7,0.1129
4212.24226045609,7,0.1129
4214.24992418289,7,0.1129
4215.26181650162,7,0.1129
4216.27283358574,7,0.1129
4217.27443003654,7,0.1127
4218.28081607819,7,0.1129
4219.28759074211,7,0.1129
4220.29433250427,7,0.1129
4221.30082583427,7,0.1129
4222.3150844574,7,0.1129
4223.32694149017,7,0.1127
4224.33280110359,7,0.1127
4225.34834957123,7,0.1129
4226.3633491993,7,0.1129
4227.37806582451,7,0.1129
4228.38468956947,7,0.1129
4229.39086222649,7,0.1127
4230.39678955078,7,0.1129
4231.40349555016,7,0.1129
4232.41011285782,7,0.1129
4234.41796064377,7,0.1129
4235.42472672462,7,0.1127
4236.43146276474,7,0.1129
4237.44315767288,7,0.1129
4238.44898843765,7,0.1129
4239.45570278168,7,0.1129
4240.46254944801,7,0.1129
4241.46883606911,7,0.1129
4242.4755589962,7,0.1129
4243.48761558533,7,0.1129
4244.49430990219,7,0.1127
4245.50083613396,7,0.1129
4246.51262426376,7,0.1129
4247.52436161041,7,0.1129
4248.53608965874,7,0.1129
4249.54283380508,7,0.1127
4250.54882574081,7,0.1127
4251.55556321144,7,0.1129
4252.56231665611,7,0.1127
4254.56991839409,7,0.1127
4255.58082413673,7,0.1129
4256.58771586418,7,0.1129
4257.59883546829,7,0.1127
4258.60488462448,7,0.1129
4259.61681222916,7,0.1129
4260.62356448174,7,0.1127
4261.63529396057,7,0.1129
4262.64197921753,7,0.1129
4263.64791584015,7,0.1129
4264.65476465225,7,0.1127
4265.6608273983,7,0.1129
4266.67274188995,7,0.1127
4267.67944073677,7,0.1171
4268.68610501289,7,0.1127
4269.69282269478,7,0.1129
4270.69962644577,7,0.1129
4271.70625257492,7,0.1129
4272.71281385422,7,0.1129
4274.72074341774,7,0.1129
4275.73595499992,7,0.1129
4276.75060677528,7,0.1129
4277.7568397522,7,0.1171
4278.75837135315,7,0.1171
4279.76866030693,7,0.1129
4280.77482962608,7,0.1171
4281.78083491325,7,0.1129
4282.79463911057,7,0.1171
4283.80083489418,7,0.1127
4284.80776596069,7,0.1129
4286.81611013412,7,0.1163
4287.82258081436,5,0.1163
4288.82327079773,5,0.1163
4289.82977151871,5,0.1119
4290.84838557243,5,0.1119
4291.85017466545,5,0.1163
4292.85691332817,5,0.1119
4293.86339068413,5,0.1119
4294.87004494667,5,0.1119
4295.87670564651,5,0.1112
4296.88340473175,5,0.1154
4297.8902323246,5,0.1068
4299.89811038971,5,0.1146
4300.90471673012,5,0.1102
4301.91142582893,5,0.1102
4302.91816067696,5,0.1102
4303.92488646507,5,0.1102
4304.93146324158,5,0.1102
4305.93301033974,5,0.1102
4306.93948912621,5,0.1102
4307.94628214836,5,0.1102
4308.96039915085,5,0.1102
4309.97542738914,5,0.1102
4310.98216629028,5,0.1137
4311.98889040947,5,0.1093
4313.00057339668,5,0.1085
4314.00729727745,5,0.1129
4315.01897573471,5,0.1042
4316.02570319176,5,0.1119
4317.02732133865,5,0.1076
4318.0338947773,5,0.1068
4320.04152607918,5,0.1068
4321.05122351646,5,0.1068
4322.05790996552,5,0.1068
4323.07333278656,5,0.1068
4324.08749771118,5,0.1068
4325.09940767288,5,0.1068
4326.10565495491,5,0.1025
4327.11734724045,5,0.1025
4328.12337946892,5,0.1025
4329.13507723808,5,0.1025
4330.13661360741,5,0.1025
4331.13835740089,5,0.1102
4332.14500069618,5,0.1059
4333.14654660225,5,0.1051
4334.14744853973,5,0.1093
4335.15427613258,5,0.1008
4336.16601419449,5,0.1085
4337.18166160583,5,0.1042
4338.18844056129,5,0.1034
4340.19545340538,5,0.1076
4341.2021484375,5,0.1034
4342.20893931389,5,0.1034
4343.21539926529,5,0.1034
4344.22216010094,5,0.1034
4345.22878670692,5,0.1034
4346.24046182632,5,0.1034
4347.2471716404,5,0.1034
4348.25392198563,5,0.1034
4349.26063895226,5,0.1034
4350.27249622345,5,0.1034
4351.28345966339,5,0.1025
4352.29755139351,5,0.1025
4353.30350399017,5,0.0983
4354.31525349617,5,0.1017
4355.32205462456,5,0.1017
4356.32341217995,5,0.0974
4357.33016967773,5,0.1051
4358.33681726456,5,0.1008
4360.34449982643,5,0.0966
4361.35141444206,5,0.1
4362.35816311836,5,0.1
4363.37366247177,5,0.1
4364.38955450058,5,0.1
4365.39540791512,5,0.1
4366.40728712082,5,0.1
4367.41895318031,5,0.1
4368.42572498322,5,0.1
4369.43743157387,5,0.1
4370.44344115257,5,0.1
4371.45008063316,5,0.1
4372.45682406425,5,0.0957
4373.46342277527,5,0.0991
4374.47507309914,5,0.0991
4375.48182702065,5,0.0949
4376.48853111267,5,0.0983
4377.49530649185,5,0.0983
4378.49686670303,5,0.0983
4380.50909209251,5,0.0974
4381.52081799507,5,0.1017
4382.537140131,5,0.1017
4383.54887652397,5,0.1017
4384.56059527397,5,0.1017
4385.56730413437,5,0.1017
4386.57400012016,5,0.1017
4387.5885386467,5,0.1017
4388.5953040123,5,0.1017
4389.60203194618,5,0.1017
4390.60863494873,5,0.0974
4391.62317085266,5,0.0974
4392.63944339752,5,0.0966
4393.64615535736,5,0.1008
4394.65784955025,5,0.0966
4395.66452741623,5,0.0921
4396.67131567001,5,0.0957
4397.67813110352,5,0.0957
4398.68941879272,5,0.0956
4400.70224761963,5,0.0913
4401.70897078514,5,0.0949
4402.72083234787,5,0.0949
4403.72743916512,5,0.0949
4404.77000164986,5,0.0949
4405.7736723423,5,0.0949
4406.78406882286,5,0.0949
4407.79328107834,5,0.0949
4408.8237965107,5,0.0991
4409.82564616203,5,0.0991
4410.83129906654,5,0.0991
4411.83795166016,5,0.0949
4412.84744668007,5,0.0949
4413.85422515869,5,0.0939
4414.86098027229,5,0.0983
4415.86753201485,5,0.094
4416.87427020073,5,0.0896
4417.88077378273,5,0.0932
4418.88738703728,5,0.0974
4420.89521884918,5,0.0932
4421.90197300911,5,0.0932
4422.90340924263,5,0.0887
4423.90498995781,5,0.0887
4424.9115023613,5,0.0887
4425.9182164669,5,0.0887
4426.92496585846,5,0.0887
4427.93137454987,5,0.0887
4428.93805027008,5,0.0887
4429.93943405151,5,0.0887
4430.94623756409,5,0.0887
4431.94740247726,5,0.0921
4432.95396542549,5,0.0966
4433.96872401237,5,0.0921
4434.98344802856,5,0.0913
4435.99523639679,5,0.0913
4437.01079559326,5,0.0957
4438.01156187057,5,0.0913
4439.01825737953,5,0.087
4441.02613592148,5,0.0904
4442.03784394264,5,0.0949
4443.04458379745,5,0.0949
4444.04618382454,5,0.0949
4445.06057929993,5,0.0949
4446.07061505318,5,0.0949
4447.08497333527,5,0.0949
4448.09941053391,5,0.0949
4449.11406755447,5,0.0949
4450.12589931488,5,0.0949
4451.14247941971,5,0.0949
4452.14929151535,5,0.0904
4453.15081691742,5,0.0836
4454.15139460564,5,0.0898
4455.15808773041,5,0.094
4456.1647400856,5,0.0896
4457.17138934135,5,0.0896
4458.17779111862,5,0.0811
4459.18973112106,5,0.0887
4461.20680546761,5,0.0887
4462.20738577843,5,0.0887
4463.21419334412,5,0.0887
4464.22084164619,5,0.0887
4465.2273786068,5,0.0887
4466.23930764198,5,0.0887
4467.25979208946,5,0.0887
4468.28247761726,5,0.0887
4469.28560638428,5,0.0887
4470.29053926468,5,0.0887
4471.30660820007,5,0.0887
4472.31007385254,5,0.0803
4473.31942009926,5,0.0879
4474.32300162315,5,0.0923
4475.32626438141,5,0.0879
4476.32953810692,5,0.0879
4477.33191776276,5,0.0828
4478.33595752716,5,0.0828
4479.34444880486,5,0.0913
4481.36113405228,5,0.087
4482.36316108704,5,0.087
4483.3691804409,5,0.087
4484.38090896606,5,0.087
4485.38728380203,5,0.087
4486.39744615555,5,0.087
4487.40338492393,5,0.087
4488.4100587368,5,0.087
4489.41687965393,5,0.087
4490.42341089249,5,0.087
4491.43002986908,5,0.087
4492.43939566612,5,0.0828
4493.44079041481,5,0.082
4494.44239401817,5,0.0836
4495.44341564178,5,0.082
4496.4450366497,5,0.0836
4497.456782341,5,0.082
4498.46349859238,5,0.0811
4499.4784219265,5,0.0811
4501.49139261246,5,0.0811
4502.49802041054,5,0.0811
4503.50480890274,5,0.0811
4504.51143527031,5,0.0811
4505.5181863308,5,0.0811
4506.52485895157,5,0.0811
4507.53145194054,5,0.0811
4508.54336357117,5,0.0811
4509.55003428459,5,0.0811
4510.56171655655,5,0.0811
4511.57348489761,5,0.0811
4512.57944417,5,0.0811
4513.58620095253,5,0.0811
4514.58741044998,5,0.0803
4515.59422516823,5,0.0803
4516.59550046921,5,0.0803
4517.60217094421,5,0.0803
4518.61382818222,5,0.0803
4519.62050390244,5,0.0794
4521.62740802765,5,0.0836
4522.63416790962,5,0.0794
4523.6459197998,5,0.0836
4524.65257000923,5,0.0794
4525.6592810154,5,0.0879
4526.66598272324,5,0.0794
4527.67255187035,5,0.0879
4528.67917537689,5,0.0879
4529.68582749367,5,0.0879
4530.69260430336,5,0.0836
4531.6993830204,5,0.0794
4532.71476793289,5,0.0836
4533.72649550438,5,0.0794
4534.73944306374,5,0.0794
4535.74622702599,5,0.0828
4536.75797915459,5,0.0828
4537.76474356651,5,0.087
4538.77928090096,5,0.0828
4539.79105234146,5,0.0828
4541.79886031151,5,0.0828
4542.81069564819,5,0.0786
4543.81737565994,5,0.0786
4544.81891083717,5,0.0786
4545.82047557831,5,0.0786
4546.8272356987,5,0.0786
4547.84488892555,5,0.0786
4548.8566660881,5,0.0786
4549.8633992672,5,0.0786
4550.87535023689,5,0.0786
4551.88212299347,5,0.0786
4552.8888220787,5,0.0777
4553.89542222023,5,0.082
4554.9073278904,5,0.082
4555.91908049583,5,0.082
4556.92573142052,5,0.082
4557.93743491173,5,0.0777
4558.94340443611,5,0.0777
4559.95019221306,5,0.0769
4561.95259165764,5,0.0811
4562.95938634872,5,0.0811
4563.97121620178,5,0.0811
4564.98535609245,5,0.0811
4565.99649786949,5,0.0811
4567.01751184464,5,0.0811
4568.04565191269,5,0.0811
4569.04978132248,5,0.0811
4570.06611347198,5,0.0811
4571.07602739334,5,0.0811
4572.08004164696,5,0.0811
4573.08917760849,5,0.0811
4574.09121322632,5,0.0811
4575.0938205719,5,0.0767
4576.09574961662,5,0.0767
4577.09887909889,5,0.076
4578.10219836235,5,0.0803
4579.10353016853,5,0.0803
4580.11314988136,5,0.0803
4582.11540555954,5,0.0803
4583.12194705009,5,0.0803
4584.12333703041,5,0.0803
4585.12391161919,5,0.0803
4586.12532711029,5,0.0803
4587.13140249252,5,0.0803
4588.13282251358,5,0.076
4589.14340662956,5,0.0803
4590.15011501312,5,0.076
4591.16179537773,5,0.0803
4592.17919683456,5,0.0803
4593.19056892395,5,0.076
4594.19724178314,5,0.0752
4595.21140193939,5,0.075
4596.21812963486,5,0.0794
4597.219414711,5,0.0794
4598.22616147995,5,0.0794
4599.23292350769,5,0.0794
4600.23456454277,5,0.0752
4602.24225521088,5,0.075
4603.24832677841,5,0.075
4604.25949263573,5,0.0752
4605.27129721642,5,0.0752
4606.27793812752,5,0.0786
4607.28458976746,5,0.075
4608.29138064384,5,0.075
4609.30310130119,5,0.0752
4610.31801748276,5,0.0786
4611.32468318939,5,0.0743
4612.33138179779,5,0.0752
4613.3381717205,5,0.0786
4614.34490561485,5,0.0786
4615.35142970085,5,0.0828
4616.36317849159,5,0.0786
4617.37490105629,5,0.0786
4618.38154983521,5,0.0786
4619.3934636116,5,0.0741
4621.40629196167,5,0.0741
4622.41295790672,5,0.0777
4623.41943764687,5,0.0777
4624.42634439468,5,0.0743
4625.44161844254,5,0.0777
4626.44305968285,5,0.0777
4627.45541262627,5,0.0743
4628.46217799187,5,0.0735
4629.47720456123,5,0.0735
4630.48346185684,5,0.0777
4631.49016451836,5,0.0777
4632.50190734863,5,0.0777
4633.50342416763,5,0.082
4634.50495886803,5,0.082
4635.51138019562,5,0.0777
4636.51812458038,5,0.0777
4637.52484297752,5,0.0777
4638.53660345078,5,0.0735
4639.54332780838,5,0.0735
4641.55120372772,5,0.0735
4642.55796194077,5,0.0724
4643.56457662582,5,0.0726
4644.57542920113,5,0.0724
4645.5821223259,5,0.0769
4646.59397172928,5,0.0769
4647.60576343536,5,0.0726
4648.61253595352,5,0.0769
4649.61925792694,5,0.0726
4650.62598562241,5,0.0724
4651.63270735741,5,0.0769
4652.63950848579,5,0.0769
4653.65483474731,5,0.0769
4654.67139172554,5,0.0769
4655.67807030678,5,0.0769
4656.69447159767,5,0.0769
4657.71017074585,5,0.0769
4658.73656439781,5,0.0726
4659.76220965385,5,0.0724
4661.77927136421,5,0.0724
4662.78522515297,5,0.0716
4663.7947678566,5,0.0717
4664.79808282852,5,0.0716
4665.80129766464,5,0.0717
4666.80479097366,5,0.0716
4667.80943155289,5,0.0724
4668.81128621101,5,0.076
4669.81791758537,5,0.0717
4670.82725715637,5,0.0717
4671.83387207985,5,0.0717
4672.83532953262,5,0.0716
4673.84204268456,5,0.0803
4674.85427975655,5,0.076
4675.86086559296,5,0.076
4676.87094497681,5,0.076
4677.8826816082,5,0.076
4678.88937449455,5,0.076
4679.89540362358,5,0.076
4681.90331220627,5,0.0717
4682.91008472443,5,0.0717
4683.91692972183,5,0.0716
4684.92343401909,5,0.0716
4685.9302008152,5,0.0717
4686.93144917488,5,0.0716
4687.93821692467,5,0.0717
4688.9499630928,5,0.0716
4689.95669841766,5,0.0716
4690.96348166466,5,0.0717
4691.97012519836,5,0.0716
4692.98183894157,5,0.0752
4693.98854660988,5,0.0752
4694.99515080452,5,0.0752
4696.01049661636,5,0.0707
4697.02253317833,5,0.075
4698.02915358543,5,0.0752
4699.03541326523,5,0.0752
4700.04721403122,5,0.0752
4702.05509376526,5,0.0752
4703.06680083275,5,0.075
4704.07858943939,5,0.0752
4705.07954692841,5,0.0752
4706.08621644974,5,0.075
4707.08772540092,5,0.0752
4708.09451770782,5,0.075
4709.10623311996,5,0.0752
4710.11299729347,5,0.0752
4711.11938500404,5,0.0752
4712.12608528137,5,0.0752
4713.13795661926,5,0.075
4714.14458346367,5,0.0709
4715.15039420128,5,0.0707
4716.1620953083,5,0.0699
4717.16341042519,5,0.0699
4718.17517471313,5,0.0743
4719.18687605858,5,0.0786
4720.1987888813,5,0.0786
4722.21140694618,5,0.0786
4723.21815633774,5,0.0786
4724.22988605499,5,0.0786
4725.23149085045,5,0.0786
4726.24719667435,5,0.0786
4727.27512836456,5,0.0786
4728.29773139954,5,0.0786
4729.29927110672,5,0.0786
4730.30216741562,5,0.0743
4731.306661129,5,0.0743
4732.31957149506,5,0.0786
4733.32622027397,5,0.0741
4734.33446216583,5,0.0741
4735.33784580231,5,0.0743
4736.34026312828,5,0.0743
4737.34386348724,5,0.0743
4738.34731054306,5,0.0735
4739.35042142868,5,0.0699
4740.35396552086,5,0.0699
4742.35660409927,5,0.069
4743.36312770844,5,0.0735
4744.37382912636,5,0.0735
4745.38032126427,5,0.0735
4746.38701653481,5,0.0735
4747.39910840988,5,0.069
4748.40069413185,5,0.069
4749.40244746208,5,0.0735
4750.41541004181,5,0.0735
4751.42208862305,5,0.0735
4752.43378019333,5,0.0735
4753.44030380249,5,0.0777
4754.45398402214,5,0.0777
4755.46071624756,5,0.0777
4756.46746683121,5,0.0735
4757.47922611237,5,0.0735
4758.49119353294,5,0.0735
4759.49790859222,5,0.0735
4761.51553153992,5,0.0735
4762.52738332748,5,0.0735
4763.53407716751,5,0.0735
4764.54588627815,5,0.0735
4765.54747962952,5,0.0735
4766.55413985252,5,0.0735
4767.56083512306,5,0.0735
4768.57256174088,5,0.0735
4769.57938981056,5,0.0735
4770.59491419792,5,0.0735
4771.60168910027,5,0.0735
4772.60847234726,5,0.069
4773.61001992226,5,0.069
4774.61141395569,5,0.069
4775.61819338799,5,0.069
4776.62997460365,5,0.0682
4777.63672375679,5,0.0724
4778.64848732948,5,0.0724
4779.65527009964,5,0.0724
4781.66319870949,5,0.0724
4782.66987657547,5,0.0724
4783.67656683922,5,0.0724
4784.68778705597,5,0.0724
4785.69450306892,5,0.0726
4786.70620393753,5,0.0724
4787.71793103218,5,0.0724
4788.73379445076,5,0.0724
4789.74871754646,5,0.0724
4790.76060843468,5,0.0724
4791.76733446121,5,0.0724
4792.78206515312,5,0.0724
4793.7986831665,5,0.0724
4794.80566430092,5,0.0726
4795.81736493111,5,0.0724
4796.83144831657,5,0.0724
4797.84333634377,5,0.0724
4798.85017681122,5,0.0682
4799.86509895325,5,0.0682
4801.88313698769,5,0.0682
4802.89490103722,5,0.0682
4803.9066426754,5,0.0682
4804.91296553612,5,0.0682
4805.92471837997,5,0.0682
4806.93132472038,5,0.0682
4807.94332265854,5,0.0717
4808.95018291473,5,0.0682
4809.9621758461,5,0.0682
4810.96338820457,5,0.0682
4811.97015357018,5,0.0682
4812.97673082352,5,0.0682
4813.98330044746,5,0.0673
4814.98999261856,5,0.0717
4815.99659824371,5,0.0717
4817.00744271278,5,0.0717
4818.01417374611,5,0.0716
4819.02447867393,5,0.0716
4820.03111410141,5,0.0717
4822.04343032837,5,0.0716
4823.0588080883,5,0.0716
4824.07533288002,5,0.0716
4825.08221030235,5,0.0717
4826.0890557766,5,0.0716
4827.09539818764,5,0.0717
4828.10222458839,5,0.0716
4829.13033008575,5,0.0717
4830.15593385696,5,0.0716
4831.17571258545,5,0.0717
4832.186668396,5,0.0717
4833.19048404694,5,0.0717
4834.19259214401,5,0.0717
4835.2000002861,5,0.0716
4836.20274949074,5,0.0716
4837.2049138546,5,0.0716
4838.20749306679,5,0.0717
4839.21403932571,5,0.0673
4840.22063493729,5,0.0673
4842.22830414772,5,0.0673
4843.23618173599,5,0.0673
4844.23778772354,5,0.0673
4845.24447822571,5,0.0673
4846.25132322311,5,0.0673
4847.25808739662,5,0.0673
4848.25963306427,5,0.0673
4849.26639986038,5,0.0673
4850.27831149101,5,0.0673
4851.28507757187,5,0.0707
4852.29147267342,5,0.0673
4853.303160429,5,0.0673
4854.311419487,5,0.0673
4855.31815505028,5,0.0665
4856.32989287376,5,0.0665
4857.34175872803,5,0.0707
4858.34753894806,5,0.0707
4859.3543317318,5,0.075
4860.35541248322,5,0.0707
4862.36340308189,5,0.0752
4863.37519025803,5,0.0707
4864.3819463253,5,0.0707
4865.38874268532,5,0.0752
4866.39546012878,5,0.075
4867.39720511436,5,0.075
4868.41434144974,5,0.075
4869.41550159454,5,0.0752
4870.42739653587,5,0.075
4871.43789386749,5,0.075
4872.44457292557,5,0.0707
4873.45543050766,5,0.075
4874.461114645,5,0.0707
4875.47089624405,5,0.0707
4876.48261857033,5,0.0752
4877.48949933052,5,0.0707
4878.49549865723,5,0.0707
4879.50220394135,5,0.0707
4881.50999736786,5,0.0707
4882.51676177979,5,0.0707
4883.52342581749,5,0.0707
4884.53518438339,5,0.0707
4885.54689741135,5,0.0707
4886.55355286598,5,0.0707
4887.56042766571,5,0.0707
4888.56718826294,5,0.0707
4889.57367515564,5,0.0707
4890.5853202343,5,0.0707
4891.59702277184,5,0.0707
4892.60880374908,5,0.0707
4893.62051224709,5,0.0707
4894.62722635269,5,0.0707
4895.63883399963,5,0.0707
4896.64949035645,5,0.0699
4897.65538620949,5,0.0665
4898.66229224205,5,0.0665
4899.67683577538,5,0.0665
4901.68445897102,5,0.0665
4902.69541525841,5,0.0665
4903.70723628998,5,0.0699
4904.7142124176,5,0.0665
4905.72085142136,5,0.0665
4906.72742986679,5,0.0699
4907.73516607285,5,0.0665
4908.7419321537,5,0.0665
4909.74863433838,5,0.0699
4910.75031399727,5,0.0665
4911.76205301285,5,0.0665
4912.77376937866,5,0.0699
4913.78036427498,5,0.0699
4914.78705596924,5,0.07
4915.79386925697,5,0.0699
4916.80563259125,5,0.0699
4917.81144976616,5,0.0699
4918.81822228432,5,0.0699
4919.82496070862,5,0.0699
4921.83780860901,5,0.0741
4922.84458875656,5,0.0743
4923.85128045082,5,0.0743
4924.85814476013,5,0.0743
4925.8693857193,5,0.0743
4926.88113975525,5,0.0743
4927.88746070862,5,0.0699
4928.89430379868,5,0.0743
4929.90604567528,5,0.0741
4930.90764141083,5,0.0741
4931.91440963745,5,0.0743
4932.91546607018,5,0.0741
4933.92220306396,5,0.0743
4934.92888140678,5,0.0743
4935.93547582626,5,0.0743
4936.93706870079,5,0.0743
4937.94343876839,5,0.0741
4938.95021700859,5,0.0741
4939.95693635941,5,0.0743
4941.96450209618,5,0.0743
4942.97142338753,5,0.0699
4943.97817611694,5,0.0699
4944.98488664627,5,0.0741
4945.99140667915,5,0.0699
4946.99829602242,5,0.0699
4948.00507330894,5,0.0699
4949.01681089401,5,0.0741
4950.02332854271,5,0.0741
4951.0352139473,5,0.0743
4952.04712224007,5,0.0699
4953.05386161804,5,0.0741
4954.06066226959,5,0.0699
4955.06724119186,5,0.0699
4956.07751107216,5,0.0699
4957.09141802788,5,0.0699
4958.10642170906,5,0.0699
4959.1183321476,5,0.0699
4960.13018774986,5,0.0699
4962.15372562408,5,0.0699
4963.1772248745,5,0.0699
4964.18040347099,5,0.0699
4965.19906949997,5,0.0699
4966.20542621613,5,0.0699
4967.20751857758,5,0.0699
4968.21479153633,5,0.0699
4969.21778655052,5,0.0699
4970.22251725197,5,0.0699
4971.22476124763,5,0.0699
4972.22633481026,5,0.0699
4973.22826051712,5,0.0699
4974.23139286041,5,0.0699
4975.23427629471,5,0.0699
4976.23676133156,5,0.069
4977.2432949543,5,0.0656
4978.24468398094,5,0.0656
4979.25123953819,5,0.0656
4980.26079630852,5,0.0656
4982.26843070984,5,0.069
4983.27512407303,5,0.0656
4984.2869515419,5,0.0656
4985.29872918129,5,0.0656
4986.3054087162,5,0.0656
4987.31718087196,5,0.0656
4988.32891106606,5,0.0656
4989.3354408741,5,0.0656
4990.34221816063,5,0.0656
4991.34906697273,5,0.0656
4992.35541343689,5,0.0656
4993.36212396622,5,0.0656
4994.36339449883,5,0.0656
4995.37020945549,5,0.0656
4996.38196158409,5,0.069
4997.39379668236,5,0.0648
4998.40556764603,5,0.069
4999.4173617363,5,0.069
5000.42913913727,5,0.069
5002.44199895859,5,0.069
5003.44865655899,5,0.069
5004.46055626869,5,0.069
5005.46736240387,5,0.069
5006.48232007027,5,0.0648
5007.49621868134,5,0.069
5008.52054333687,5,0.069
5009.54254436493,5,0.0648
5010.54834365845,5,0.069
5011.56254720688,5,0.069
5012.56827187538,5,0.0648
5013.58070158958,5,0.069
5014.59288859367,5,0.069
5015.59502625465,5,0.069
5016.60538840294,5,0.0733
5017.61132836342,5,0.0735
5018.61800837517,5,0.069
5019.62470602989,5,0.0735
5020.63141942024,5,0.069
5022.63939142227,5,0.069
5023.64599347115,5,0.0733
5024.65233755112,5,0.0733
5025.65906119347,5,0.0648
5026.66587305069,5,0.069
5027.67263293266,5,0.0735
5028.68434453011,5,0.0733
5029.69873952866,5,0.0733
5030.71420693398,5,0.069
5031.72594952583,5,0.0735
5032.74241399765,5,0.0735
5033.74889826775,5,0.0735
5034.75541186333,5,0.069
5035.76212668419,5,0.069
5036.77392530441,5,0.0733
5037.78064656258,5,0.069
5038.78739070892,5,0.0733
5039.79419231415,5,0.0733
5040.80087637901,5,0.069
5042.80850481987,5,0.0733
5043.81529402733,5,0.069
5044.82716751099,5,0.0735
5045.83890628815,5,0.069
5046.85362482071,5,0.069
5047.85950756073,5,0.069
5048.86620330811,5,0.069
5049.87289094925,5,0.069
5050.8874540329,5,0.069
5051.89940166473,5,0.069
5052.90612530708,5,0.069
5053.9128177166,5,0.069
5054.91945123672,5,0.069
5055.92613768578,5,0.069
5056.93276381493,5,0.069
5057.93940281868,5,0.069
5058.94606685638,5,0.069
5059.95277571678,5,0.069
5060.96450996399,5,0.069
5062.97141242027,5,0.069
5063.97819924355,5,0.069
5064.98497748375,5,0.069
5065.99139046669,5,0.069
5067.00322842598,5,0.069
5068.00999593735,5,0.069
5069.01662063599,5,0.069
5070.02672529221,5,0.069
5071.04096794128,5,0.069
5072.05124378204,5,0.069
5073.06643414497,5,0.069
5074.07666826248,5,0.069
5075.08340287209,5,0.069
5076.09020256996,5,0.069
5077.09143638611,5,0.069
5078.09820795059,5,0.069
5079.1049246788,5,0.069
5080.11143922806,5,0.069
5081.11823916435,5,0.069
5083.13123679161,5,0.069
5084.13792204857,5,0.069
5085.13943696022,5,0.069
5086.14627504349,5,0.069
5087.15298891068,5,0.069
5088.16483712196,5,0.069
5089.17659091949,5,0.069
5090.18321251869,5,0.069
5091.18988442421,5,0.069
5092.19659399986,5,0.069
5093.20335531235,5,0.069
5094.21524906158,5,0.069
5095.22711491585,5,0.069
5096.23390984535,5,0.069
5097.24058485031,5,0.069
5098.25143623352,5,0.069
5099.25829100609,5,0.069
5100.2700419426,5,0.069
5101.28282499313,5,0.069
5103.29547262192,5,0.069
5104.30727934837,5,0.069
5105.32340836525,5,0.069
5106.33016586304,5,0.069
5107.33148980141,5,0.069
5108.34718728065,5,0.069
5109.35875844955,5,0.069
5110.37056303024,5,0.069
5111.38237762451,5,0.069
5112.39440560341,5,0.0648
5113.40027165413,5,0.069
5114.41543340683,5,0.0648
5115.42205882072,5,0.069
5116.42865109444,5,0.069
5117.43541407585,5,0.069
5118.44214081764,5,0.069
5119.44904494286,5,0.069
5120.45541715622,5,0.0648
5121.46222805977,5,0.069
5123.47505354881,5,0.069
5124.48680233955,5,0.0648
5125.49371004105,5,0.0648
5126.50052452087,5,0.0648
5127.5073466301,5,0.0648
5128.52344202995,5,0.0648
5129.5302400589,5,0.069
5130.53141140938,5,0.0648
5131.54339408875,5,0.0648
5132.54501962662,5,0.069
5133.54666638374,5,0.0648
5134.55839729309,5,0.0648
5135.55941462517,5,0.0648
5136.57536792755,5,0.0648
5137.57696247101,5,0.0648
5138.58340835571,5,0.0648
5139.5900490284,5,0.0648
5140.5914721489,5,0.0648
5141.59308624268,5,0.0648
5143.59997272491,5,0.0648
5144.61493635178,5,0.0648
5145.62948250771,5,0.0648
5146.64120841026,5,0.0648
5147.65540552139,5,0.0648
5148.66209602356,5,0.0648
5149.67380046844,5,0.0648
5150.69723963737,5,0.0648
5151.72144675255,5,0.0648
5152.72706532478,5,0.0648
5153.74040603638,5,0.0648
5154.7477312088,5,0.0648
5155.75887417793,5,0.0648
5156.76112508774,5,0.0648
5157.76506114006,5,0.0648
5158.76945281029,5,0.0648
5159.77133393288,5,0.0648
5160.77322340012,5,0.0648
5161.77577328682,5,0.0639
5163.78335237503,5,0.0648
5164.79314422607,5,0.0648
5165.80319094658,5,0.0648
5166.81259655952,5,0.0682
5167.81933498383,5,0.0648
5168.83106517792,5,0.0648
5169.83767271042,5,0.0648
5170.84344553947,5,0.0648
5171.85018134117,5,0.0648
5172.85692358017,5,0.0682
5173.86343741417,5,0.0648
5174.8649828434,5,0.0648
5175.8714261055,5,0.0648
5176.87298870087,5,0.0682
5177.87454271317,5,0.0682
5178.88117575645,5,0.0639
5179.88280320168,5,0.0639
5180.88342428207,5,0.0639
5181.89527702332,5,0.0639
5183.8979613781,5,0.0639
5184.90463685989,5,0.0639
5185.91134572029,5,0.0682
5186.92314362526,5,0.0639
5187.92980408669,5,0.0639
5188.94154810905,5,0.0639
5189.94308400154,5,0.0682
5190.949873209,5,0.0639
5191.96186327934,5,0.0639
5192.9754421711,5,0.0682
5193.987408638,5,0.0639
5194.99401473999,5,0.0639
5196.00072479248,5,0.0639
5197.00749564171,5,0.0639
5198.01428937912,5,0.0682
5199.02116274834,5,0.0639
5200.02728843689,5,0.0682
5201.03399801254,5,0.0639
5202.04078388214,5,0.0639
5204.04868912697,5,0.0639
5205.06345772743,5,0.0682
5206.07882070541,5,0.0639
5207.08559131622,5,0.0639
5208.09145784378,5,0.0639
5209.09815907478,5,0.0682
5210.10998272896,5,0.0639
5211.11663341522,5,0.0682
5212.12271785736,5,0.0639
5213.12937045097,5,0.0639
5214.13543725014,5,0.0682
5215.14225125313,5,0.0682
5216.14892148972,5,0.0682
5217.15543317795,5,0.0639
5218.16216421127,5,0.0639
5219.16873550415,5,0.0639
5220.17549109459,5,0.0682
5221.18729496002,5,0.0639
5222.19409418106,5,0.0639
5224.19649720192,5,0.0682
5225.20331692696,5,0.0639
5226.2100944519,5,0.0639
5227.21686244011,5,0.0682
5228.2234249115,5,0.0682
5229.23523330688,5,0.0639
5230.24202775955,5,0.0682
5231.24875116348,5,0.0639
5232.25540542603,5,0.0682
5233.2622115612,5,0.0682
5234.26339292526,5,0.0682
5235.27003073692,5,0.0639
5236.28172945976,5,0.0682
5237.28848266602,5,0.0682
5238.29522109032,5,0.0682
5239.30187702179,5,0.0682
5240.31140327454,5,0.0682
5241.31826257706,5,0.0639
5243.32539010048,5,0.0639
5244.33713340759,5,0.0682
5245.34345602989,5,0.0682
5246.35025382042,5,0.0639
5247.35702109337,5,0.0682
5248.36340618134,5,0.0682
5249.37514281273,5,0.0682
5250.38190102577,5,0.0682
5251.38865637779,5,0.0682
5252.39942288399,5,0.0682
5253.40611100197,5,0.0682
5254.41281914711,5,0.0682
5255.419454813,5,0.0639
5256.42105960846,5,0.0682
5257.42742347717,5,0.0682
5258.42897820473,5,0.0682
5259.430570364,5,0.0682
5260.44228863716,5,0.0682
5261.44898033142,5,0.0639
5263.45652079582,5,0.0682
5264.46332740784,5,0.0682
5265.47009944916,5,0.0639
5266.48183059692,5,0.0682
5267.48859095573,5,0.0682
5268.49945354462,5,0.0682
5269.50614023209,5,0.0682
5270.50745153427,5,0.0682
5271.50908946991,5,0.0682
5272.52341079712,5,0.0682
5273.53843736649,5,0.0682
5274.55018973351,5,0.0682
5275.56509280205,5,0.0682
5276.57681465149,5,0.0682
5277.58340549469,5,0.0724
5278.59014892578,5,0.0682
5279.59688663483,5,0.0682
5280.60340762138,5,0.0682
5281.61005592346,5,0.0682
5283.61775755882,5,0.0682
5284.63279986382,5,0.0682
5285.6393725872,5,0.0682
5286.64950585365,5,0.0682
5287.65541291237,5,0.0682
5288.66207909584,5,0.0682
5289.67379117012,5,0.0682
5290.68554019928,5,0.0682
5291.69148015976,5,0.0682
5292.69821310043,5,0.0682
5293.70497465134,5,0.0682
5294.71181869507,5,0.0682
5295.71861076355,5,0.0682
5296.72541975975,5,0.0682
5297.7315633297,5,0.0682
5298.7382581234,5,0.0682
5299.75030970573,5,0.0682
5300.76226568222,5,0.0682
5301.77386641502,5,0.0682
5303.78166151047,5,0.0682
5304.79342484474,5,0.0682
5305.80513262749,5,0.0682
5306.82041239738,5,0.0682
5307.82725811005,5,0.0682
5308.83900427818,5,0.0682
5309.85075950623,5,0.0682
5310.86251592636,5,0.0682
5311.8689095974,5,0.0682
5312.88340091705,5,0.0682
5313.89018750191,5,0.0682
5314.89697051048,5,0.0682
5315.90344190598,5,0.0682
5316.91015219688,5,0.0682
5317.91700601578,5,0.0682
5318.92347741127,5,0.0682
5319.93022823334,5,0.0682
5320.93143057823,5,0.0682
5321.93299818039,5,0.0682
5323.94858312607,5,0.0682
5324.96053242683,5,0.0682
5325.97143006325,5,0.0682
5326.97825288773,5,0.0682
5327.98492479324,5,0.0682
5328.99660611153,5,0.0682
5330.00339007378,5,0.0682
5331.01014852524,5,0.0682
5332.01702141762,5,0.0682
5333.02346396446,5,0.0682
5334.03022408485,5,0.0682
5335.03144240379,5,0.0682
5336.03819441795,5,0.0682
5337.04493904114,5,0.0682
5338.0465233326,5,0.0682
5339.0533413887,5,0.0682
5340.05942487717,5,0.0682
5341.06099820137,5,0.0682
5342.06760787964,5,0.0682
5344.08074021339,5,0.0682
5345.09541010857,5,0.0682
5346.11141371727,5,0.0682
5347.11809873581,5,0.0682
5348.12978720665,5,0.0682
5349.13648891449,5,0.0682
5350.15141916275,5,0.0682
5351.16343140602,5,0.0682
5352.17536735535,5,0.0682
5353.1820795536,5,0.0682
5354.18870019913,5,0.0682
5355.19543552399,5,0.0682
5356.2071993351,5,0.0682
5357.21390581131,5,0.0682
5358.22061061859,5,0.0682
5359.22734975815,5,0.0682
5360.23366832733,5,0.0682
5361.24543309212,5,0.0682
5362.2514834404,5,0.0682
5364.2594268322,5,0.0682
5365.26617240906,5,0.0682
5366.27793049812,5,0.0682
5367.28454566002,5,0.0682
5368.29125118256,5,0.0682
5369.29808282852,5,0.0682
5372.33068609238,7,0.0622
5373.33222723007,7,0.0622
5374.33889126778,7,0.0622
5375.34045410156,7,0.0665
5376.34733319283,7,0.0622
5378.36471295357,7,0.0673
5379.37650036812,7,0.0631
5380.38318634033,7,0.0673
5381.39493060112,7,0.0673
5382.40149831772,7,0.0673
5383.40306854248,7,0.0673
5384.40462851524,7,0.0673
5385.41651415825,7,0.0631
5386.42841005325,7,0.0631
5387.4352118969,7,0.0673
5388.44155597687,7,0.0631
5389.45246720314,7,0.0639
5390.46830701828,7,0.0639
5391.47493243217,7,0.0648
5392.48148274422,7,0.069
5393.48814487457,7,0.069
5394.49974679947,7,0.0656
5395.50640892982,7,0.0699
5396.52002477646,7,0.0699
5398.53629517555,7,0.0707
5399.54315257072,7,0.0707
5400.54945707321,7,0.0707
5401.55611109734,7,0.0707
5402.56695342064,7,0.0707
5403.5734744072,7,0.075
5404.58035707474,7,0.0707
5405.59562540054,7,0.0707
5406.61037683487,7,0.075
5407.62710475922,7,0.0707
5408.63351035118,7,0.0707
5409.64528203011,7,0.0673
5410.65206670761,7,0.0716
5411.66375350952,7,0.0673
5412.67052841187,7,0.0724
5413.67741584778,7,0.0724
5414.68420171738,7,0.069
5415.69593787193,7,0.0733
5416.70274114609,7,0.0775
5418.71572518349,7,0.0699
5419.73242092133,7,0.0741
5420.7444050312,7,0.0741
5421.74553632736,7,0.0741
5422.75232625008,7,0.0741
5423.75344634056,7,0.0741
5424.75501155853,7,0.0741
5425.75658988953,7,0.0741
5426.75747251511,7,0.0741
5427.76421356201,7,0.0741
5428.77088904381,7,0.0741
5429.77745747566,7,0.0784
5430.78423237801,7,0.0707
5431.78551530838,7,0.075
5432.79215192795,7,0.0792
5433.79891204834,7,0.0716
5434.81067657471,7,0.0758
5435.81748056412,7,0.0758
5436.81910920143,7,0.0724
5438.82662534714,7,0.0767
5439.83343482018,7,0.0767
5440.84023547173,7,0.0767
5441.84687876701,7,0.0767
5442.85346531868,7,0.0767
5443.86013484001,7,0.0767
5444.86680698395,7,0.0724
5445.8734972477,7,0.0767
5446.88528847694,7,0.0767
5447.89204668999,7,0.0767
5448.89873290062,7,0.0724
5449.90533161163,7,0.0733
5450.9170730114,7,0.0775
5451.92380785942,7,0.0818
5452.93884062767,7,0.0775
5453.95064425468,7,0.0784
5454.96142840385,7,0.0828
5455.97330403328,7,0.0784
5456.97996163368,7,0.075
5458.99058389664,7,0.0792
5459.99752640724,7,0.0794
5460.99913096428,7,0.0792
5462.01087856293,7,0.0836
5463.01744031906,7,0.0792
5464.02414298058,7,0.0792
5465.04148197174,7,0.0792
5466.04815649986,7,0.0792
5467.05492043495,7,0.0836
5468.06152248383,7,0.0836
5469.07172894478,7,0.0792
5470.07862710953,7,0.0758
5471.08534407616,7,0.0803
5472.10026669502,7,0.0801
5473.10151839256,7,0.0758
5474.1082649231,7,0.0767
5475.1149866581,7,0.0809
5476.12748003006,7,0.0809
5477.13347959518,7,0.0775
5479.14131402969,7,0.0818
5480.15586996078,7,0.082
5481.16947412491,7,0.0818
5482.17101311684,7,0.0818
5483.17747378349,7,0.0818
5484.18937516212,7,0.0818
5485.20415878296,7,0.0818
5486.21920776367,7,0.082
5487.2304186821,7,0.082
5488.24214053154,7,0.0818
5489.25748205185,7,0.082
5490.26427268982,7,0.0818
5491.27095913887,7,0.082
5492.27248930931,7,0.0828
5493.27349686623,7,0.0828
5494.28013348579,7,0.0828
5495.29187965393,7,0.0792
5496.29855751991,7,0.0836
5497.30552101135,7,0.0792
5499.31352758408,7,0.0879
5500.32534646988,7,0.0792
5501.33212924004,7,0.0792
5502.33870077133,7,0.0792
5503.34543347359,7,0.0794
5504.35213828087,7,0.0792
5505.35883116722,7,0.0794
5506.36548113823,7,0.0801
5507.37225461006,7,0.0792
5508.37344884872,7,0.0801
5509.38011479378,7,0.0801
5510.3868329525,7,0.0801
5511.39858603477,7,0.0803
5512.40948462486,7,0.0801
5513.42129588127,7,0.0803
5514.42820858955,7,0.0811
5515.43485355377,7,0.0811
5516.44147062302,7,0.0811
5517.4481780529,7,0.0811
5519.45596003532,7,0.082
5520.46265745163,7,0.0836
5521.47346043587,7,0.0836
5522.47973394394,7,0.082
5523.49148702621,7,0.0836
5524.50322604179,7,0.082
5525.50946235657,7,0.0836
5526.51600956917,7,0.0836
5527.52769422531,7,0.0836
5528.53352594376,7,0.0836
5529.54041457176,7,0.0818
5530.54718804359,7,0.0836
5531.55349302292,7,0.0904
5532.56032824516,7,0.0828
5533.5671479702,7,0.0828
5534.57345604897,7,0.087
5535.58016824722,7,0.087
5536.59527087212,7,0.087
5537.60149669647,7,0.0828
5539.61349487305,7,0.0879
5540.6252655983,7,0.0879
5541.63698387146,7,0.0879
5542.64389061928,7,0.0879
5543.65071678162,7,0.0879
5544.66269659996,7,0.0879
5545.66956186295,7,0.0879
5546.69231367111,7,0.0879
5547.71400403976,7,0.0879
5548.73159503937,7,0.0879
5549.73756957054,7,0.0879
5550.74802160263,7,0.0921
5551.7511036396,7,0.0879
5552.75441002846,7,0.0836
5553.75649118423,7,0.0887
5554.75999689102,7,0.0887
5555.76324439049,7,0.0887
5556.76546502113,7,0.0811
5557.77427840233,7,0.0811
5559.79425883293,7,0.0896
5560.79799580574,7,0.0896
5561.81530094147,7,0.0896
5562.82347083092,7,0.0896
5563.83429288864,7,0.0896
5564.8369383812,7,0.0896
5565.8394818306,7,0.0896
5566.84278941154,7,0.0896
5567.85148668289,7,0.0896
5568.85338044167,7,0.0896
5569.86438941956,7,0.0896
5570.86537265778,7,0.0896
5571.87186169624,7,0.0818
5572.87838935852,7,0.0836
5573.88507866859,7,0.0904
5574.90005970001,7,0.0904
5575.90682077408,7,0.0947
5576.91334486008,7,0.0904
5577.91995668411,7,0.087
5579.93276190758,7,0.087
5580.93350028992,7,0.0913
5581.94014620781,7,0.0913
5582.94694137573,7,0.0913
5583.95344901085,7,0.0913
5584.95507144928,7,0.0913
5585.97347974777,7,0.0913
5586.98026442528,7,0.0913
5587.99195837975,7,0.0913
5588.99867939949,7,0.0913
5590.00946354866,7,0.0913
5591.01595568657,7,0.0913
5592.02551198006,7,0.0956
5593.03215789795,7,0.0913
5594.043841362,7,0.0879
5595.04556465149,7,0.0921
5596.05732369423,7,0.0921
5597.06407976151,7,0.0921
5598.0758907795,7,0.0966
5600.08378148079,7,0.0921
5601.09950900078,7,0.0887
5602.10549926758,7,0.0887
5603.11221599579,7,0.0887
5604.12390613556,7,0.0887
5605.13570213318,7,0.0887
5606.14257788658,7,0.0887
5607.14854860306,7,0.0887
5608.16043806076,7,0.0887
5609.17596101761,7,0.0887
5610.17754173279,7,0.0887
5611.18425869942,7,0.093
5612.19600653648,7,0.093
5613.20271062851,7,0.093
5614.20427632332,7,0.093
5615.20545101166,7,0.0887
5616.21229529381,7,0.0896
5617.22413349152,7,0.0896
5618.22556686401,7,0.0939
5620.2385635376,7,0.0939
5621.24514579773,7,0.0939
5622.25691533089,7,0.0939
5623.26349496841,7,0.0939
5624.27594637871,7,0.0939
5625.27741622925,7,0.0939
5626.28413701057,7,0.0939
5627.29586696625,7,0.0939
5628.30762672424,7,0.0939
5629.31344819069,7,0.0939
5630.32541179657,7,0.0939
5631.3371284008,7,0.0896
5632.34373474121,7,0.0904
5633.34950494766,7,0.0904
5634.35618424416,7,0.0947
5635.36790585518,7,0.0947
5636.37961578369,7,0.0947
5637.39132857323,7,0.0947
5638.39746546745,7,0.0904
5640.40544342995,7,0.0913
5641.41232395172,7,0.0913
5642.42797279358,7,0.0913
5643.44242930412,7,0.0913
5644.45748758316,7,0.0913
5645.46419239044,7,0.0913
5646.47088646889,7,0.0913
5647.47752356529,7,0.0913
5648.48392319679,7,0.0913
5649.49569439888,7,0.0913
5650.50253129005,7,0.0913
5651.50932383537,7,0.0956
5652.52107834816,7,0.0956
5653.52777004242,7,0.0956
5654.53451776505,7,0.0998
5655.54144144058,7,0.0956
5656.54820775986,7,0.0956
5657.56365084648,7,0.0921
5658.56944894791,7,0.0964
5660.57725214958,7,0.0964
5661.58897471428,7,0.0966
5662.6007642746,7,0.0964
5663.60146045685,7,0.0966
5664.60826516151,7,0.0964
5665.61491799355,7,0.0964
5666.62143349648,7,0.0964
5667.62820029259,7,0.0966
5668.63486742973,7,0.0964
5669.64151954651,7,0.0966
5670.64829301834,7,0.0964
5671.65506076813,7,0.0964
5672.66680335999,7,0.1008
5673.6734623909,7,0.0966
5674.68001770973,7,0.0966
5675.68662238121,7,0.093
5676.69757199287,7,0.0974
5677.70428919792,7,0.0973
5678.71102380753,7,0.0974
5680.72394895554,7,0.0973
5681.72551941872,7,0.1017
5682.7321369648,7,0.1017
5683.733502388,7,0.1017
5684.74013566971,7,0.1017
5685.74695920944,7,0.1017
5686.75876832008,7,0.1017
5687.77054429054,7,0.1017
5688.78238487244,7,0.1017
5689.79358243942,7,0.1017
5690.80546879768,7,0.1017
5691.82106208801,7,0.0973
5692.83563709259,7,0.093
5693.84949374199,7,0.0939
5694.86457180977,7,0.0981
5695.87125825882,7,0.0981
5696.87750029564,7,0.0983
5697.88931822777,7,0.0981
5698.89609098434,7,0.1025
5700.90385270119,7,0.1025
5701.91546177864,7,0.0981
5702.92790412903,7,0.0981
5703.93442630768,7,0.0981
5704.94465231895,7,0.0981
5705.95566296577,7,0.0981
5706.96544384956,7,0.0983
5707.9773170948,7,0.0983
5708.98926615715,7,0.0981
5709.99596881866,7,0.0981
5711.00269508362,7,0.0981
5712.03086853027,7,0.0947
5713.05129671097,7,0.0947
5714.06970000267,7,0.0989
5715.07413387299,7,0.0991
5716.08584737778,7,0.0991
5717.08926200867,7,0.0991
5718.09204697609,7,0.1034
5719.09352993965,7,0.1034
5721.09608030319,7,0.0991
5722.10003948212,7,0.0991
5723.1031961441,7,0.0991
5724.11001467705,7,0.0989
5725.11245989799,7,0.0991
5726.11892175674,7,0.0991
5727.12028336525,7,0.0991
5728.13052010536,7,0.0991
5729.14145827293,7,0.0991
5730.14816045761,7,0.0991
5731.1549808979,7,0.0956
5732.16147398949,7,0.0956
5733.16821408272,7,0.1
5734.17495012283,7,0.1
5735.18145060539,7,0.1
5736.18821406364,7,0.0998
5737.19496822357,7,0.1042
5738.20139622688,7,0.1042
5740.20925998688,7,0.1042
5741.22102189064,7,0.1
5742.227684021,7,0.0998
5743.23940682411,7,0.1
5744.24554181099,7,0.1
5745.25223731995,7,0.1
5746.25886321068,7,0.1
5747.26545119286,7,0.1
5748.27216362953,7,0.1
5749.28401350975,7,0.1
5750.29576563835,7,0.1
5751.31083965302,7,0.0998
5752.31750941277,7,0.0966
5753.33306598663,7,0.0964
5754.34482121468,7,0.1008
5755.35685348511,7,0.1008
5756.36354470253,7,0.1008
5757.39128160477,7,0.1051
5758.41322994232,7,0.1051
5760.43259453773,7,0.1051
5761.44783353806,7,0.1051
5762.45104312897,7,0.1051
5763.45326280594,7,0.1051
5764.45594716072,7,0.1051
5765.45885229111,7,0.1051
5766.46932506561,7,0.1051
5767.47933936119,7,0.1008
5768.48916530609,7,0.1051
5769.50067877769,7,0.1051
5770.51236605644,7,0.1008
5771.5254817009,7,0.1008
5772.53227758408,7,0.1008
5773.53891301155,7,0.0974
5774.54548096657,7,0.0973
5775.55219554901,7,0.1017
5776.55892848969,7,0.1017
5777.56552743912,7,0.1017
5778.58070230484,7,0.1017
5780.58852815628,7,0.1059
5781.60340380669,7,0.1059
5782.60984516144,7,0.1059
5783.62549328804,7,0.1059
5784.63725566864,7,0.1059
5785.64407086372,7,0.1059
5786.65082836151,7,0.1059
5787.65749549866,7,0.1059
5788.66928625107,7,0.1059
5789.67612504959,7,0.1059
5790.68284916878,7,0.1059
5791.69467711449,7,0.1059
5792.70552921295,7,0.1059
5793.7124311924,7,0.1017
5794.719227314,7,0.1017
5795.72559213638,7,0.0981
5796.73228192329,7,0.0981
5797.73902130127,7,0.0983
5798.74546670914,7,0.1025
5800.75326418877,7,0.1025
5801.76023817062,7,0.1025
5802.76695537567,7,0.1025
5803.77347707748,7,0.1025
5804.78025364876,7,0.1025
5805.7870221138,7,0.1025
5806.79347419739,7,0.1025
5807.79971265793,7,0.1025
5808.80564832687,7,0.1025
5809.80725955963,7,0.1025
5810.81352925301,7,0.1025
5811.82027840614,7,0.1025
5812.82702565193,7,0.1025
5813.83874583244,7,0.1068
5814.84541344643,7,0.1068
5815.85229992867,7,0.1025
5816.85900497437,7,0.1025
5817.87072014809,7,0.0983
5818.87749671936,7,0.0989
5820.88537526131,7,0.0991
5821.89218235016,7,0.0991
5822.89893603325,7,0.0991
5823.90545749664,7,0.0989
5824.91727685928,7,0.0989
5825.92898488045,7,0.0991
5826.9433028698,7,0.0991
5827.95507860184,7,0.0991
5828.96148991585,7,0.0991
5829.97322392464,7,0.0991
5830.98491692543,7,0.0991
5832.0006301403,7,0.1034
5833.00732278824,7,0.1034
5834.01904392242,7,0.1034
5835.02542996407,7,0.1034
5836.03211092949,7,0.1034
5837.03896760941,7,0.1076
5838.05071163177,7,0.1076
5839.06251072884,7,0.1076
5841.07470989227,7,0.1076
5842.08650970459,7,0.1076
5843.09320878983,7,0.1034
5844.09991955757,7,0.1034
5845.10592126846,7,0.1034
5846.11262750626,7,0.1034
5847.11859321594,7,0.1034
5848.12527966499,7,0.1034
5849.13200902939,7,0.1034
5850.13346910477,7,0.1034
5851.149528265,7,0.1034
5852.15585017204,7,0.1034
5853.17164778709,7,0.1034
5854.18776154518,7,0.1034
5855.19454908371,7,0.1
5856.19609427452,7,0.1
5857.2079937458,7,0.1042
5858.2146217823,7,0.1042
5859.22172141075,7,0.1042
5861.23462629318,7,0.1042
5862.24144601822,7,0.1042
5863.2482149601,7,0.1042
5864.25989031792,7,0.1042
5865.27168273926,7,0.1042
5866.27747440338,7,0.1042
5867.28424930573,7,0.1042
5868.29098057747,7,0.1042
5869.30273365974,7,0.1042
5870.30950856209,7,0.1042
5871.31641745567,7,0.1042
5872.32813549042,7,0.1085
5873.33487462997,7,0.1085
5874.34154415131,7,0.1085
5875.34823703766,7,0.1085
5876.35489797592,7,0.1085
5877.3695294857,7,0.1085
5878.38128256798,7,0.1042
5879.39302253723,7,0.1042
5881.40086960793,7,0.1042
5882.41270112991,7,0.1042
5883.41937351227,7,0.1042
5884.42547821999,7,0.1042
5885.43232393265,7,0.1042
5886.43903112411,7,0.1042
5887.45081877708,7,0.1042
5888.45745754242,7,0.1042
5889.46428918839,7,0.1042
5890.47034144402,7,0.1042
5891.48500275612,7,0.1042
5892.49670410156,7,0.1042
5893.50340604782,7,0.1008
5894.51520085335,7,0.1051
5895.52156281471,7,0.1051
5896.53241991997,7,0.1051
5897.53345680237,7,0.1051
5898.54027247429,7,0.1051
5899.55581879616,7,0.1051
5901.56376266479,7,0.1051
5902.57069015503,7,0.1093
5903.57226133347,7,0.1093
5904.58401823044,7,0.1093
5905.59918117523,7,0.1093
5906.61101078987,7,0.1093
5907.61265993118,7,0.1093
5908.61349511147,7,0.1051
5909.62027192116,7,0.1093
5910.62699007988,7,0.1093
5911.64139580727,7,0.1093
5912.65723395348,7,0.1093
5913.66388106346,7,0.1093
5914.71475839615,7,0.1093
5915.7238702774,7,0.1093
5916.73991012573,7,0.1093
5917.7465262413,7,0.1051
5918.757553339,7,0.1051
5919.76087546349,7,0.1051
5921.7628364563,7,0.1051
5922.76531624794,7,0.1051
5923.76703476906,7,0.1051
5924.76930546761,7,0.1051
5925.77236604691,7,0.1017
5926.77423262596,7,0.1017
5927.78400325775,7,0.1051
5928.79129385948,7,0.1051
5929.80735397339,7,0.1051
5930.811886549,7,0.1051
5931.82694363594,7,0.1017
5932.83383274078,7,0.1051
5933.84354710579,7,0.1017
5934.84874153137,7,0.1059
5935.8495118618,7,0.1059
5936.85097575188,7,0.1059
5937.85432434082,7,0.1059
5938.85601401329,7,0.1059
5939.85786771774,7,0.1059
5941.86142444611,7,0.1059
5942.86435031891,7,0.1059
5943.86622738838,7,0.1059
5944.8800470829,7,0.1059
5945.88133168221,7,0.1059
5946.88780808449,7,0.1059
5947.89447069168,7,0.1059
5948.90496826172,7,0.1102
5949.91676521301,7,0.1059
5950.93170595169,7,0.1059
5951.94346046448,7,0.1059
5952.94947504997,7,0.1102
5953.96141767502,7,0.1102
5954.97318768501,7,0.1102
5955.97989702225,7,0.1102
5956.99746370316,7,0.1102
5958.00428700447,7,0.1102
5959.01095962524,7,0.1102
5960.01749444008,7,0.1059
5962.03351688385,7,0.1059
5963.04817032814,7,0.1059
5964.05483794212,7,0.1059
5965.06968569756,7,0.1059
5966.08142352104,7,0.1059
5967.09682059288,7,0.1059
5968.10357666016,7,0.1059
5969.1094815731,7,0.1059
5970.11556553841,7,0.1059
5971.12727689743,7,0.1059
5972.13348913193,7,0.1059
5973.14921569824,7,0.1059
5974.16367983818,7,0.1025
5975.16946768761,7,0.1059
5976.18125367165,7,0.1025
5977.18794226646,7,0.1025
5978.19464468956,7,0.1025
5979.20558214188,7,0.1068
5980.21221089363,7,0.1068
5982.22010731697,7,0.1068
5983.22147989273,7,0.1068
5984.23691940308,7,0.1068
5985.251704216,7,0.1068
5986.26356196404,7,0.1068
5987.2782831192,7,0.1068
5988.28504729271,7,0.1068
5989.29187226295,7,0.1068
5990.2986240387,7,0.1068
5991.30542683601,7,0.1068
5992.31203317642,7,0.1068
5993.31886768341,7,0.1068
5994.32548594475,7,0.1068
5995.332249403,7,0.1068
5996.34400582314,7,0.1068
5997.35069608688,7,0.1068
5998.35236120224,7,0.111
5999.36412119865,7,0.111
6000.37586712837,7,0.111
6002.38368558884,7,0.111
6003.39931917191,7,0.111
6004.40549898148,7,0.111
6005.41228747368,7,0.111
6006.41904449463,7,0.111
6007.43079066277,7,0.111
6008.43754410744,7,0.111
6009.44421005249,7,0.111
6010.45091056824,7,0.111
6011.45734262466,7,0.111
6012.46409440041,7,0.111
6013.47003793716,7,0.111
6014.47681164742,7,0.111
6015.48363041878,7,0.1068
6016.49744749069,7,0.1068
6017.5092484951,7,0.1068
6018.52446842194,7,0.1068
6019.53609800339,7,0.1068
6020.54792642593,7,0.1068
6022.55576729774,7,0.1068
6023.56547236443,7,0.1068
6024.57228517532,7,0.1068
6025.57916808128,7,0.1068
6026.59094023705,7,0.1068
6027.60687685013,7,0.1068
6028.61860275269,7,0.1068
6029.62013912201,7,0.1068
6030.62683558464,7,0.1068
6031.63346624374,7,0.1068
6032.64020490646,7,0.1068
6033.64681911469,7,0.1034
6034.66149139404,7,0.1034
6035.67347502708,7,0.1068
6036.68018364906,7,0.1034
6037.68679881096,7,0.1034
6038.69344520569,7,0.1076
6039.7052731514,7,0.1076
6040.71704006195,7,0.1076
6042.73345637321,7,0.1076
6043.74025058746,7,0.1076
6044.74693727493,7,0.1076
6045.7534558773,7,0.1076
6046.76012945175,7,0.1076
6047.76686787605,7,0.1076
6048.78132247925,7,0.1076
6049.79315066338,7,0.1076
6050.79984164238,7,0.1076
6051.80651640892,7,0.1076
6052.8132724762,7,0.1076
6053.81970643997,7,0.1076
6054.83140563965,7,0.1076
6055.83748316765,7,0.1076
6056.84405469894,7,0.1076
6057.85588884354,7,0.1076
6058.85744738579,7,0.1076
6059.86421322823,7,0.1076
6060.86545085907,7,0.1119
6062.87747740746,7,0.1119
6063.88419413567,7,0.1119
6064.89606595039,7,0.1119
6065.90216708183,7,0.1119
6066.91350221634,7,0.1119
6067.92024922371,7,0.1119
6068.93583703041,7,0.1119
6069.94255948067,7,0.1119
6070.95350337029,7,0.1119
6071.96025896072,7,0.1119
6072.96703076363,7,0.1119
6073.97349596024,7,0.1119
6074.98035502434,7,0.1119
6075.98712491989,7,0.1119
6076.99352383614,7,0.1119
6077.9994430542,7,0.1119
6079.00552177429,7,0.1119
6080.01222920418,7,0.1119
6081.01889848709,7,0.1119
6083.03582620621,7,0.1119
6084.04760789871,7,0.1076
6085.05351352692,7,0.1076
6086.06036877632,7,0.1119
6087.07213044167,7,0.1119
6088.07894086838,7,0.1076
6089.08545780182,7,0.1076
6090.08705687523,7,0.1076
6091.08862662315,7,0.1119
6092.0895485878,7,0.1119
6093.09118533134,7,0.1119
6094.10289239883,7,0.1076
6095.10947656631,7,0.1076
6096.12121486664,7,0.1076
6097.12801241875,7,0.1076
6098.13482475281,7,0.1076
6099.14145946503,7,0.1076
6100.15674853325,7,0.1076
6101.16349554062,7,0.1076
6103.17054104805,7,0.1076
6104.18548679352,7,0.1076
6105.19225287437,7,0.1076
6106.20678305626,7,0.1076
6107.22149777412,7,0.1076
6108.23736572266,7,0.1076
6109.24397563934,7,0.1076
6110.26674509048,7,0.1076
6111.28846931458,7,0.1076
6112.30582070351,7,0.1076
6113.31027817726,7,0.1076
6114.32408165932,7,0.1076
6115.32557344437,7,0.1076
6116.32648825645,7,0.1076
6117.32887411118,7,0.1042
6118.33050298691,7,0.1076
6119.3348274231,7,0.1042
6120.33737564087,7,0.1042
6121.34044861794,7,0.1085
6123.34294438362,7,0.1085
6124.34595441818,7,0.1085
6125.34865450859,7,0.1085
6126.36102414131,7,0.1085
6127.37915635109,7,0.1085
6128.41893339157,7,0.1085
6129.42251014709,7,0.1085
6130.42605853081,7,0.1085
6131.42921161652,7,0.1085
6132.43575263023,7,0.1085
6133.44534516335,7,0.1085
6134.45194363594,7,0.1085
6135.46140789986,7,0.1085
6136.47300457954,7,0.1085
6137.48772120476,7,0.1085
6138.49347639084,7,0.1085
6139.50027322769,7,0.1085
6140.51207685471,7,0.1085
6141.51874899864,7,0.1085
6143.52643656731,7,0.1085
6144.53325343132,7,0.1085
6145.54505705833,7,0.1085
6146.55175995827,7,0.1085
6147.56764650345,7,0.1085
6148.57952547073,7,0.1085
6149.58549618721,7,0.1085
6150.59223771095,7,0.1085
6151.59345221519,7,0.1085
6152.60013890266,7,0.1085
6153.61602377892,7,0.1085
6154.62271475792,7,0.1085
6155.6345076561,7,0.1085
6156.64124202728,7,0.1127
6157.64796757698,7,0.1127
6158.64936518669,7,0.1127
6159.65597462654,7,0.1127
6160.66765809059,7,0.1129
6161.66852164268,7,0.1129
6163.67628884315,7,0.1127
6164.6830804348,7,0.1127
6165.69479703903,7,0.1127
6166.69635677338,7,0.1127
6167.70294380188,7,0.1129
6168.70952415466,7,0.1127
6169.71628713608,7,0.1129
6170.72292947769,7,0.1127
6171.72950768471,7,0.1127
6172.73109054565,7,0.1127
6173.74546456337,7,0.1127
6174.76063895226,7,0.1127
6175.77543783188,7,0.1129
6176.7871556282,7,0.1127
6177.80145835876,7,0.1129
6178.80824422836,7,0.1127
6179.81501913071,7,0.1129
6180.82164025307,7,0.1127
6181.82835960388,7,0.1129
6183.83055901527,7,0.1129
6184.83216714859,7,0.1085
6185.84392261505,7,0.1085
6186.85064601898,7,0.1085
6187.86563634872,7,0.1085
6188.87239980698,7,0.1085
6189.87333393097,7,0.1085
6190.88397312164,7,0.1085
6191.89943861961,7,0.1085
6192.90922188759,7,0.1085
6193.91599154472,7,0.1085
6194.92952251434,7,0.1085
6195.93648695946,7,0.1085
6196.95218062401,7,0.1085
6197.96391320229,7,0.1085
6198.97056937218,7,0.1085
6199.97736573219,7,0.1085
6200.98400211334,7,0.1085
6201.99722290039,7,0.1085
6204.01353788376,7,0.1085
6205.02022433281,7,0.1085
6206.03516530991,7,0.1085
6207.04136824608,7,0.1085
6208.04802560806,7,0.1085
6209.05475187302,7,0.1085
6210.06649303436,7,0.1085
6211.07750701904,7,0.1085
6212.08432912827,7,0.1085
6213.0960855484,7,0.1085
6214.10289216042,7,0.1085
6215.10950398445,7,0.1085
6216.11637210846,7,0.1085
6217.1319270134,7,0.1085
6218.14664793015,7,0.1085
6219.15748286247,7,0.1085
6220.16923761368,7,0.1085
6221.18103551865,7,0.1085
6222.19186854362,7,0.1051
6224.20483136177,7,0.1085
6225.21158075333,7,0.1051
6226.22149538994,7,0.1051
6227.22304058075,7,0.1085
6228.23481559753,7,0.1085
6229.24145913124,7,0.1051
6230.24824643135,7,0.1051
6231.26013898849,7,0.1093
6232.26621937752,7,0.1085
6233.26719713211,7,0.1051
6234.27893638611,7,0.1051
6235.28058362007,7,0.1051
6236.28148889542,7,0.1093
6237.28816008568,7,0.1093
6238.29488158226,7,0.1093
6239.30143809319,7,0.1093
6240.30824375153,7,0.1093
6241.31497263908,7,0.1093
6242.32670521736,7,0.1093
6244.33450174332,7,0.1093
6245.34545302391,7,0.1093
6246.3522734642,7,0.1093
6247.36691236496,7,0.1093
6248.37865138054,7,0.1093
6249.38933730125,7,0.1093
6250.39614295959,7,0.1093
6251.40783715248,7,0.1093
6252.41463017464,7,0.1093
6253.42140579224,7,0.1093
6254.42817878723,7,0.1093
6255.43485164642,7,0.1093
6256.44657635689,7,0.1093
6257.45347929001,7,0.1093
6258.46035814285,7,0.1093
6259.47206735611,7,0.1093
6260.48795056343,7,0.1093
6261.50438833237,7,0.1093
6262.51108264923,7,0.1093
6264.51859951019,7,0.1093
6265.53348612785,7,0.1093
6266.54528546333,7,0.1093
6267.55202841759,7,0.1093
6268.55875754356,7,0.1093
6269.56548333168,7,0.1093
6270.57723903656,7,0.1093
6271.58393740654,7,0.1093
6272.59060955048,7,0.1093
6273.59756779671,7,0.1093
6274.59925985336,7,0.1093
6275.60555315018,7,0.1093
6276.61236548424,7,0.1093
6277.6191675663,7,0.1093
6278.62548041344,7,0.1136
6279.63138318062,7,0.1136
6280.64324474335,7,0.1136
6281.64950752258,7,0.1136
6282.65617203712,7,0.1136
6284.6640625,7,0.1136
6285.67586922646,7,0.1136
6286.68264722824,7,0.1136
6287.69734311104,7,0.1137
6288.70392656326,7,0.1136
6289.71346235275,7,0.1136
6290.7254576683,7,0.1136
6291.73232746124,7,0.1136
6292.74404120445,7,0.1136
6293.75086283684,7,0.1136
6294.75750613213,7,0.1136
6295.76418733597,7,0.1136
6296.77606916428,7,0.1136
6297.77746367455,7,0.1137
6298.79222393036,7,0.1136
6299.80394911766,7,0.1136
6300.8104262352,7,0.1136
6301.81721282005,7,0.1136
6302.82391095161,7,0.1137
6304.83682441711,7,0.1136
6305.84345650673,7,0.1136
6306.84955334663,7,0.1136
6307.86137199402,7,0.1136
6308.87746596336,7,0.1136
6309.88409686089,7,0.1136
6310.89887952805,7,0.1136
6311.90563321114,7,0.1136
6312.91245913506,7,0.1136
6313.92445993423,7,0.1136
6314.94529557228,7,0.1136
6315.96797013283,7,0.1137
6316.97141242027,7,0.1136
6317.9780933857,7,0.1136
6318.9921040535,7,0.1136
6320.00414323807,7,0.1136
6321.00787186623,7,0.1136
6322.0108230114,7,0.1136
6323.0123052597,7,0.1137
6325.01506471634,7,0.1136
6326.01736211777,7,0.1136
6327.01878237724,7,0.1136
6328.02112460136,7,0.1136
6329.02485871315,7,0.1137
6330.02758717537,7,0.1137
6331.03832745552,7,0.1137
6332.03967618942,7,0.1137
6333.04932498932,7,0.1137
6334.06021666527,7,0.1137
6335.06689286232,7,0.1136
6336.06844449043,7,0.1136
6337.07514500618,7,0.1093
6338.08148264885,7,0.1136
6339.08829879761,7,0.1093
6340.09517216682,7,0.1093
6341.10147213936,7,0.1093
6342.10833215714,7,0.1093
6344.11619234085,7,0.1093
6345.12290620804,7,0.1093
6346.12951159477,7,0.1093
6347.13632297516,7,0.1093
6348.13750910759,7,0.1093
6349.14424610138,7,0.1093
6350.14570426941,7,0.1093
6351.16145777702,7,0.1137
6352.16302204132,7,0.1093
6353.17475605011,7,0.1093
6354.18145442009,7,0.1093
6355.18815040588,7,0.1093
6356.19988870621,7,0.1093
6357.20667767525,7,0.1093
6358.21347284317,7,0.1093
6359.22022986412,7,0.1093
6360.22700595856,7,0.1093
6361.23350429535,7,0.1093
6362.24019360542,7,0.1093
6364.24794960022,7,0.1093
6365.26368570328,7,0.1093
6366.26947855949,7,0.1093
6367.27615213394,7,0.1093
6368.28296661377,7,0.1093
6369.29854273796,7,0.1093
6370.30528473854,7,0.1093
6371.31202316284,7,0.1093
6372.31866025925,7,0.1093
6373.32537579536,7,0.1093
6374.33212471008,7,0.1093
6375.3387825489,7,0.1093
6376.345484972,7,0.1093
6377.35215091705,7,0.1093
6378.36301779747,7,0.1093
6379.38102293015,7,0.1093
6380.38767290115,7,0.1093
6381.38922524452,7,0.1093
6382.39592432976,7,0.1093
6384.40875411034,7,0.1093
6385.41992950439,7,0.1093
6386.42615771294,7,0.1093
6387.43286824226,7,0.1093
6388.44710230827,7,0.1093
6389.46133899689,7,0.1093
6390.47357988358,7,0.1093
6391.48030042648,7,0.1093
6392.48697924614,7,0.1093
6393.49870061874,7,0.1093
6394.5054628849,7,0.1093
6395.51224541664,7,0.1093
6396.52407479286,7,0.1093
6397.53072571754,7,0.1093
6398.5374212265,7,0.1093
6399.54423522949,7,0.1093
6400.55592131615,7,0.1093
6401.5625770092,7,0.1093
6402.5693051815,7,0.1093
6404.57750535011,7,0.1093
6405.59346795082,7,0.1093
6406.60036921501,7,0.1093
6407.60630369186,7,0.1093
6408.61318922043,7,0.1093
6409.62491321564,7,0.1093
6410.62564206123,7,0.1093
6411.63748955727,7,0.1093
6412.64416122437,7,0.1093
6413.65972113609,7,0.1093
6414.6664814949,7,0.1093
6415.67328739166,7,0.1093
6416.68018341064,7,0.1093
6417.69189810753,7,0.1093
6418.69859743118,7,0.1093
6419.70016527176,7,0.1093
6420.70690655708,7,0.1093
6421.71347856522,7,0.1093
6422.72520971298,7,0.1093
6424.73749113083,7,0.1059
6425.74420166016,7,0.1093
6426.75086379051,7,0.1059
6427.76265048981,7,0.1059
6428.76943087578,7,0.1093
6429.77609586716,7,0.1093
6430.78282809258,7,0.1059
6431.79441595078,7,0.1093
6432.8042383194,7,0.1093
6433.80546760559,7,0.1059
6434.81207752228,7,0.1093
6435.82157588005,7,0.1059
6436.82817912102,7,0.1059
6437.84021735191,7,0.1093
6438.84720110893,7,0.1093
6439.85938048363,7,0.1059
6440.86545181274,7,0.1059
6441.87725901604,7,0.1059
6442.88857460022,7,0.1102
6444.90147519112,7,0.1102
6445.90840411186,7,0.1102
6446.91509723663,7,0.1102
6447.92156720161,7,0.1102
6448.92846941948,7,0.1102
6449.93507122993,7,0.1102
6450.94146251678,7,0.1102
6451.9430577755,7,0.1102
6452.9494998455,7,0.1102
6453.96544218063,7,0.1102
6454.97222924232,7,0.1102
6455.97898387909,7,0.1102
6456.98549127579,7,0.1102
6457.99240660667,7,0.1102
6458.99913239479,7,0.1102
6460.00545597076,7,0.1102
6461.0173971653,7,0.1102
6462.02910470963,7,0.1102
6463.03573083878,7,0.1102
6465.04259777069,7,0.1102
6466.05749225616,7,0.1102
6467.07237410545,7,0.1102
6468.07346534729,7,0.1102
6469.08026027679,7,0.1102
6470.08687806129,7,0.1102
6471.09874629974,7,0.1102
6472.11686635017,7,0.1102
6473.13891577721,7,0.1102
6474.14304423332,7,0.1102
6475.15801382065,7,0.1102
6476.16146922112,7,0.1102
6477.17544579506,7,0.1102
6478.18037867546,7,0.1102
6479.1933259964,7,0.1102
6480.20370650291,7,0.1102
6481.21321439743,7,0.1102
6482.22370886803,7,0.1102
6483.23631596565,7,0.1102
6485.25066375732,7,0.1102
6486.26547336578,7,0.1102
6487.27214598656,7,0.1102
6488.27887630463,7,0.1102
6489.28547644615,7,0.1102
6490.29228830338,7,0.1102
6491.30399894714,7,0.1102
6492.31083130836,7,0.1102
6493.32260465622,7,0.1102
6494.32946133614,7,0.1102
6495.34137821198,7,0.1102
6496.35706996918,7,0.1102
6497.36880064011,7,0.1102
6498.36946678162,7,0.1102
6499.37638688087,7,0.1102
6500.37746071815,7,0.1102
6501.38933682442,7,0.1102
6502.39600634575,7,0.1102
6503.40267109871,7,0.1102
6505.41062450409,7,0.1102
6506.4274585247,7,0.1102
6507.42809844017,7,0.1102
6508.43984103203,7,0.1102
6509.44667601585,7,0.1102
6510.45341658592,7,0.1102
6511.46029067039,7,0.1102
6512.4671049118,7,0.1102
6513.47349333763,7,0.1102
6514.48525428772,7,0.1102
6515.4919257164,7,0.1102
6516.49865436554,7,0.1102
6517.50542116165,7,0.1102
6518.51223826408,7,0.1102
6519.52398371696,7,0.1102
6520.53049516678,7,0.1102
6521.5371286869,7,0.1102
6522.54390716553,7,0.1102
6523.55569338799,7,0.1102
6525.56363797188,7,0.1102
6526.56956958771,7,0.1102
6527.57636809349,7,0.1102
6528.58315229416,7,0.1102
6529.59917855263,7,0.1102
6530.61092877388,7,0.1102
6531.61758136749,7,0.1102
6532.6318757534,7,0.1102
6533.63858962059,7,0.1102
6534.64538192749,7,0.1102
6535.6521422863,7,0.1102
6536.65886759758,7,0.1102
6537.6706328392,7,0.1102
6538.68538093567,7,0.1102
6539.68693184853,7,0.1102
6540.69834566116,7,0.1102
6541.70505309105,7,0.1102
6542.71179127693,7,0.1102
6543.71855378151,7,0.1102
6545.72657012939,7,0.1102
6546.73339748383,7,0.1102
6547.74023413658,7,0.1102
6548.74695062637,7,0.1102
6549.75858521461,7,0.1102
6550.76525735855,7,0.1102
6551.7720143795,7,0.1102
6552.77864980698,7,0.1102
6553.78534317017,7,0.1102
6554.79212021828,7,0.1102
6555.80386972427,7,0.1102
6556.81059384346,7,0.0939
6557.81743979454,7,0.1102
6558.8322558403,7,0.1102
6559.84405636787,7,0.1102
6560.8507745266,7,0.1102
6561.86256933212,7,0.1102
6562.86872601509,7,0.1102
6563.86950397491,7,0.1102
6565.87737417221,7,0.1102
6566.88428711891,7,0.1102
6567.89617013931,7,0.1102
6568.90302157402,7,0.1102
6569.90947604179,7,0.1102
6570.91614294052,7,0.1102
6571.92288517952,7,0.1102
6572.93458223343,7,0.1102
6573.94140386581,7,0.1102
6574.94816064835,7,0.1102
6575.9634180069,7,0.1102
6576.97754335403,7,0.1102
6577.98423552513,7,0.1102
6578.99103021622,7,0.1102
6580.01899933815,7,0.1102
6581.04197859764,7,0.1102
6582.04598927498,7,0.1102
6583.06232619286,7,0.1102
6584.06579875946,7,0.1102
6586.08059597015,7,0.1102
6587.08308124542,7,0.1102
6588.08482241631,7,0.1102
6589.08765172958,7,0.1102
6590.09020113945,7,0.1102
6591.09182238579,7,0.1102
6592.09370183945,7,0.1102
6593.09600448608,7,0.1102
6594.09882283211,7,0.1102
6595.10937213898,7,0.1102
6596.11941719055,7,0.1102
6597.12545776367,7,0.1102
6598.1361014843,7,0.1102
6599.13758659363,7,0.1102
6600.14437389374,7,0.1102
6601.15092134476,7,0.1102
6602.15749979019,7,0.1102
6603.16899085045,7,0.1102
6604.17757248878,7,0.1102
6606.18949174881,7,0.1102
6607.19733953476,7,0.1102
6608.20934534073,7,0.1102
6609.2175450325,7,0.1102
6610.22532057762,7,0.1102
6611.23353457451,7,0.1102
6612.2413713932,7,0.1102
6613.24534773827,7,0.1102
6614.25766944885,7,0.1102
6615.27733302116,7,0.1102
6616.28950858116,7,0.1102
6617.29347205162,7,0.1102
6618.31350541115,7,0.1102
6619.32145404816,7,0.1102
6620.32953667641,7,0.1102
6621.34161496162,7,0.1102
6622.35352110863,7,0.1102
6623.36327409744,7,0.1102
6624.38272833824,7,0.1102
6626.39560484886,7,0.1102
6627.40149641037,7,0.1102
6628.41325712204,7,0.1102
6629.41990947723,7,0.1102
6630.4261276722,7,0.1102
6631.44319391251,7,0.1102
6632.45746541023,7,0.1102
6633.46416425705,7,0.1102
6634.47095966339,7,0.1102
6635.47744321823,7,0.1102
6636.48411917686,7,0.1102
6637.53201627731,7,0.1102
6638.5347495079,7,0.1102
6639.53900742531,7,0.1102
6640.55331230164,7,0.1102
6641.55654978752,7,0.1102
6642.56229901314,7,0.1102
6643.56992006302,7,0.1102
6644.5746254921,7,0.1102
6646.57794284821,7,0.1102
6647.58165287971,7,0.1102
6648.58448934555,7,0.1102
6649.58758449554,7,0.1102
6650.5904841423,7,0.1102
6651.59205985069,7,0.1102
6652.6013481617,7,0.1102
6653.61096358299,7,0.1102
6654.61735033989,7,0.1102
6655.62403440475,7,0.1102
6656.6307144165,7,0.1102
6657.63750696182,7,0.1102
6658.64427161217,7,0.1102
6659.65095901489,7,0.1102
6660.65250277519,7,0.1102
6661.66430473328,7,0.1102
6662.67097496986,7,0.1102
6663.67756986618,7,0.1102
6664.68430066109,7,0.1102
6666.69719648361,7,0.1102
6667.70910668373,7,0.1102
6668.72080230713,7,0.1102
6669.72757720947,7,0.1102
6670.73938035965,7,0.1102
6671.74546122551,7,0.1102
6672.75726222992,7,0.1102
6673.76933503151,7,0.1102
6674.77614212036,7,0.1102
6675.78788280487,7,0.1102
6676.78951025009,7,0.1102
6677.79619264603,7,0.1102
6678.7974858284,7,0.1102
6679.80429410934,7,0.1102
6680.81610202789,7,0.1102
6681.8326048851,7,0.1102
6682.83958506584,7,0.1102
6683.84553623199,7,0.1102
6684.85228300095,7,0.1102
6686.86011004448,7,0.1102
6687.86684703827,7,0.1102
6688.8735537529,7,0.1102
6689.88026475906,7,0.1102
6690.88697385788,7,0.1102
6691.8987698555,7,0.1102
6692.90556454659,7,0.1102
6693.91748976707,7,0.1102
6694.9245262146,7,0.1102
6695.93641829491,7,0.1102
6696.94313383102,7,0.1102
6697.94945931435,7,0.1102
6698.96548700333,7,0.1102
6699.97131705284,7,0.1102
6700.97749972343,7,0.1102
6701.98421859741,7,0.1102
6702.9909055233,7,0.1102
6704.00298380852,7,0.1102
6705.00948596001,7,0.1102
6707.0172765255,7,0.1102
6708.02894425392,7,0.1102
6709.04008436203,7,0.1102
6710.04670143127,7,0.1102
6711.05346632004,7,0.1102
6712.06521916389,7,0.1102
6713.07207632065,7,0.1102
6714.07892870903,7,0.1102
6715.0854780674,7,0.1102
6716.09215188026,7,0.1102
6717.09895181656,7,0.1102
6718.10548830032,7,0.1102
6719.11731743813,7,0.1102
6720.12410259247,7,0.1102
6721.13078713417,7,0.1102
6722.13758182526,7,0.1102
6723.14946985245,7,0.1102
6724.15574264526,7,0.1102
6725.167501688,7,0.1102
6727.17462396622,7,0.1102
6728.18137097359,7,0.1102
6729.18829679489,7,0.1102
6730.20026278496,7,0.1102
6731.20700478554,7,0.1102
6732.21349525452,7,0.1102
6733.22022557259,7,0.1102
6734.22688531876,7,0.1102
6735.23884320259,7,0.1102
6736.25345683098,7,0.1102
6737.26533174515,7,0.1102
6738.27212142944,7,0.1102
6739.28407430649,7,0.1102
6740.29092288017,7,0.1102
6741.30547332764,7,0.1102
6742.32080841064,7,0.1102
6743.32754397392,7,0.1102
6744.33928370476,7,0.1102
6745.39139699936,7,0.1102
6747.40975379944,7,0.1102
6748.41508841515,7,0.1102
6749.42507386208,7,0.1102
6750.42753577232,7,0.1102
6751.42912101746,7,0.1102
6752.43203258514,7,0.1102
6753.43680644035,7,0.1102
6754.4382455349,7,0.1102
6755.4407980442,7,0.1102
6756.44355297089,7,0.1102
6757.45489954948,7,0.1102
6758.45591115952,7,0.1102
6759.46540284157,7,0.1102
6760.47195100784,7,0.1102
6761.48267507553,7,0.1102
6762.4893655777,7,0.1102
6763.50402474403,7,0.1102
6764.51084041595,7,0.1102
6765.51762676239,7,0.1102
6767.53056955338,7,0.1102
6768.5372672081,7,0.1102
6769.54405450821,7,0.1102
6770.56046128273,7,0.1102
6771.57492303848,7,0.1102
6772.58153915405,7,0.1102
6773.58833765984,7,0.1102
6774.60004448891,7,0.1102
6775.60645341873,7,0.1102
6776.61323428154,7,0.1102
6777.62001228333,7,0.1102
6778.63529491425,7,0.1102
6779.64148950577,7,0.1102
6780.6481359005,7,0.1102
6781.64949989319,7,0.1102
6782.65031909943,7,0.1102
6783.66070318222,7,0.1102
6784.6674592495,7,0.1102
6785.67928576469,7,0.1102
6787.68658232689,7,0.1102
6788.6933889389,7,0.1102
6789.70018315315,7,0.1102
6790.71210408211,7,0.1102
6791.71905994415,7,0.1102
6792.73078298569,7,0.1102
6793.73235702515,7,0.1102
6794.73351168633,7,0.1102
6795.74025893211,7,0.1102
6796.75196623802,7,0.1102
6797.7666990757,7,0.1102
6798.77746415138,7,0.1102
6799.78362965584,7,0.1102
6800.80049467087,7,0.1102
6801.8014690876,7,0.1102
6802.81322669983,7,0.1102
6803.82003450394,7,0.1102
6804.83174371719,7,0.1102
6805.84354352951,7,0.1102
6807.85066819191,7,0.1102
6808.86147689819,7,0.1102
6809.86830735207,7,0.1102
6810.88434553146,7,0.1102
6811.89099311829,7,0.1102
6812.89748239517,7,0.1102
6813.90429878235,7,0.1102
6814.91105008125,7,0.1102
6815.91263103485,7,0.1102
6816.91347980499,7,0.1102
6817.91503024101,7,0.1102
6818.9267680645,7,0.1102
6819.93346786499,7,0.1102
6820.94000601768,7,0.1102
6821.94155073166,7,0.1102
6822.94309639931,7,0.1102
6823.94956278801,7,0.1102
6824.96150660515,7,0.1102
6825.9681968689,7,0.1102
6827.97606301308,7,0.1102
6828.98285269737,7,0.1102
6829.99456477165,7,0.1102
6831.00136113167,7,0.1102
6832.01314806938,7,0.1102
6833.02487921715,7,0.1102
6834.03662776947,7,0.1102
6835.04832935333,7,0.1102
6836.05504226685,7,0.1102
6837.05667066574,7,0.1102
6838.06838822365,7,0.1102
6839.07502698898,7,0.1102
6840.08158683777,7,0.1102
6841.08826971054,7,0.1102
6842.09496068954,7,0.1102
6843.10146641731,7,0.1102
6844.11322140694,7,0.1102
6845.11994218826,7,0.1102
6846.12665367126,7,0.1102
6848.1346039772,7,0.1102
6849.14559030533,7,0.1102
6850.1524374485,7,0.1102
6851.15912175179,7,0.1102
6852.16533970833,7,0.1102
6853.17205095291,7,0.1102
6854.18675732613,7,0.1102
6855.19349455833,7,0.1102
6856.20032429695,7,0.1102
6857.20708107948,7,0.1102
6858.21343660355,7,0.1102
6859.22003126144,7,0.1102
6860.2317609787,7,0.1102
6861.23858547211,7,0.1102
6862.24545931816,7,0.1102
6863.24709415436,7,0.1102
6864.24862766266,7,0.1102
6865.26035690308,7,0.1102
6866.26707959175,7,0.1102
6868.27458047867,7,0.1102
6869.28136205673,7,0.1102
6870.28806900978,7,0.1102
6871.29466438293,7,0.1102
6872.30951094627,7,0.1102
6873.32550883293,7,0.1102
6874.34084939957,7,0.1102
6875.35585737228,7,0.1102
6876.36269330978,7,0.1102
6877.39185976982,7,0.1102
6878.4129550457,7,0.1102
6879.41610336304,7,0.1102
6880.4197010994,7,0.1102
6881.43762755394,7,0.1102
6882.44223666191,7,0.1102
6883.45297455788,7,0.1102
6884.45618605614,7,0.1102
6885.45784640312,7,0.1102
6886.45945978165,7,0.1102
6888.46153974533,7,0.1102
6889.46434283257,7,0.1102
6890.46539258957,7,0.1102
6891.46962237358,7,0.1102
6892.47320389748,7,0.1102
6893.48399400711,7,0.1102
6894.485455513,7,0.1102
6895.49196910858,7,0.1102
6896.49853181839,7,0.1102
6897.50524902344,7,0.1102
6898.51200056076,7,0.1102
6899.51869869232,7,0.1102
6900.52021241188,7,0.1102
6901.531924963,7,0.1102
6902.54554104805,7,0.1102
6903.55218601227,7,0.1102
6904.55874109268,7,0.1102
6905.56033539772,7,0.1102
6907.56808376312,7,0.1102
6908.57483625412,7,0.1102
6909.58947873116,7,0.1102
6910.60550951958,7,0.1102
6911.61228489876,7,0.1102
6912.62807941437,7,0.1102
6913.63981604576,7,0.1102
6914.64658474922,7,0.1102
6915.65335202217,7,0.1102
6916.66010594368,7,0.1102
6917.67188358307,7,0.1102
6918.6786339283,7,0.1102
6919.68537449837,7,0.1102
6920.69205975533,7,0.1102
6921.69871520996,7,0.1102
6922.70549559593,7,0.1102
6923.71218633652,7,0.1102
6924.71890711784,7,0.1102
6925.72548651695,7,0.1102
6927.73327565193,7,0.1102
6928.73990392685,7,0.1102
6929.7466032505,7,0.1102
6930.75336098671,7,0.1102
6931.76437425613,7,0.1102
6932.771058321,7,0.1102
6933.7812833786,7,0.1102
6934.78823137283,7,0.1102
6935.80149722099,7,0.1102
6936.80826616287,7,0.1102
6937.82382416725,7,0.1102
6938.8305888176,7,0.1102
6939.83742880821,7,0.1102
6940.84938192368,7,0.1102
6941.86549091339,7,0.1102
6942.87630558014,7,0.1102
6943.88298892975,7,0.1102
6944.88946247101,7,0.1102
6945.89613842964,7,0.1102
6947.90386176109,7,0.1102
6948.91063570976,7,0.1102
6949.91741728783,7,0.1102
6950.94478559494,7,0.1102
6951.94700932503,7,0.1102
6952.97069525719,7,0.1102
6953.97477483749,7,0.1102
6954.99063658714,7,0.1102
6956.00506925583,7,0.1102
6957.00791192055,7,0.1102
6958.00955486298,7,0.1102
6959.01431727409,7,0.1102
6960.01658082008,7,0.1102
6961.02126574516,7,0.1102
6962.02467012405,7,0.1102
6963.03464818001,7,0.1102
6964.04113769531,7,0.1102
6965.04766345024,7,0.1102
6966.05344486237,7,0.1102
6968.06130838394,7,0.1102
6969.06813406944,7,0.1102
6970.07478046417,7,0.1102
6971.08146548271,7,0.1102
6972.09326124191,7,0.1102
6973.10009717941,7,0.1102
6974.10679459572,7,0.1102
6975.11343622208,7,0.1102
6976.12018990517,7,0.1102
6977.12686157227,7,0.1102
6978.13350272179,7,0.1102
6979.14012360573,7,0.1102
6980.14148378372,7,0.1102
6981.1561524868,7,0.1102
6982.16790771484,7,0.1102
6983.18412947655,7,0.1102
6984.19589877129,7,0.1102
6985.20267868042,7,0.1102
6986.21349239349,7,0.1102
6988.22553753853,7,0.1102
6989.23228526115,7,0.1102
6990.23890519142,7,0.1102
6991.25071120262,7,0.1102
6992.26148486137,7,0.1102
6993.2732334137,7,0.1102
6994.28009462357,7,0.1102
6995.28696346283,7,0.1102
6996.30150341988,7,0.1102
6997.31352567673,7,0.1102
6998.32006764412,7,0.1102
6999.32156395912,7,0.1102
7000.32828307152,7,0.1102
7001.33503293991,7,0.1102
7002.34675049782,7,0.1102
7003.35353732109,7,0.1102
7004.36017680168,7,0.1102
7005.36690878868,7,0.1102
7006.37866449356,7,0.1102
7008.38662028313,7,0.1102
7009.39735174179,7,0.1102
7010.41055965424,7,0.1102
7011.41741776466,7,0.1102
7012.43353557587,7,0.1102
7013.44023442268,7,0.1102
7014.44148349762,7,0.1102
7015.44818615913,7,0.1102
7016.4496254921,7,0.1102
7017.4669444561,7,0.1102
7018.46845650673,7,0.1102
7019.48018336296,7,0.1102
7020.48671650887,7,0.1102
7021.49850511551,7,0.1102
7022.50525045395,7,0.1102
7023.5171661377,7,0.1102
7024.53312444687,7,0.1102
7025.53979611397,7,0.1102
7026.54659557343,7,0.1102
7028.55345797539,7,0.1102
7029.56534194946,7,0.1102
7030.57209658623,7,0.1102
7031.58387327194,7,0.1102
7032.59061193466,7,0.1102
7033.59744858742,7,0.1102
7034.60422706604,7,0.1102
7035.61095738411,7,0.1102
7036.61757278442,7,0.1102
7037.6242556572,7,0.1102
7038.63091039658,7,0.1102
7039.63753676414,7,0.1102
7040.64432525635,7,0.1102
7041.65114545822,7,0.1102
7042.66773605347,7,0.1102
7043.67345762253,7,0.1102
7044.68029165268,7,0.1102
7045.68713545799,7,0.1102
7046.69347143173,7,0.1102
7048.70141983032,7,0.1102
7049.71341729164,7,0.1102
7050.72014164925,7,0.1102
7051.73478078842,7,0.1102
7052.746509552,7,0.1102
7053.76152968407,7,0.1102
7054.77327919006,7,0.1102
7055.78901362419,7,0.1102
7056.80091571808,7,0.1102
7057.82494544983,7,0.1102
7058.84493088722,7,0.1102
7059.84771823883,7,0.1102
7060.85508465767,7,0.1102
7061.86856365204,7,0.1102
7062.87351059914,7,0.1102
7063.88438105583,7,0.1102
7064.88999629021,7,0.1102
7065.89333534241,7,0.1102
7066.89703345299,7,0.1102
7068.89951086044,7,0.1102
7069.90170359612,7,0.1102
7070.9125649929,7,0.1102
7071.91337442398,7,0.1102
7072.91993093491,7,0.1102
7073.92940926552,7,0.1102
7074.93612170219,7,0.1102
7075.94256997108,7,0.1102
7076.94944739342,7,0.1102
7077.95619559288,7,0.1102
7078.96291899681,7,0.1102
7079.96449899673,7,0.1102
7080.97128343582,7,0.1102
7081.97289586067,7,0.1102
7082.98462367058,7,0.1102
7083.99655818939,7,0.1102
7084.9974861145,7,0.1102
7086.00421357155,7,0.1102
7087.01100444794,7,0.1102
7089.01863241196,7,0.1102
7090.03051805496,7,0.1102
7091.03730368614,7,0.1102
7092.04407954216,7,0.1102
7093.05096364021,7,0.1102
7094.06684970856,7,0.1102
7095.0734808445,7,0.1102
7096.08018112183,7,0.1102
7097.08684587479,7,0.1102
7098.09356093407,7,0.1102
7099.1003305912,7,0.1102
7100.11528110504,7,0.1102
7101.12149548531,7,0.1102
7102.12826371193,7,0.1102
7103.13511228561,7,0.1102
7104.14148211479,7,0.1102
7105.1484234333,7,0.1102
7106.15505218506,7,0.1102
7107.16678380966,7,0.1102
7109.1827082634,7,0.1102
7110.19360399246,7,0.1102
7111.20962667465,7,0.1102
7112.21642684937,7,0.1102
7113.22817420959,7,0.1102
7114.23499131203,7,0.1102
7115.24671840668,7,0.1102
7116.2534558773,7,0.1102
7117.26023006439,7,0.1102
7118.2670416832,7,0.1102
7119.27885842323,7,0.1102
7120.28555059433,7,0.1102
7121.29221606255,7,0.1102
7122.29888367653,7,0.1102
7123.31061601639,7,0.1102
7124.31736946106,7,0.1102
7125.33252668381,7,0.1102
7126.34885525703,7,0.1102
7127.38082456589,7,0.1102
7129.38459515572,7,0.1102
7130.40453338623,7,0.1102
7131.40731287003,7,0.1102
7132.42444300652,7,0.1102
7133.43225479126,7,0.1102
7134.44362640381,7,0.1102
7135.44626235962,7,0.1102
7136.44778847694,7,0.1102
7137.44921326637,7,0.1102
7138.45218420029,7,0.1102
7139.45426654816,7,0.1102
7140.46203994751,7,0.1102
7141.46869277954,7,0.1102
7142.47527241707,7,0.1102
7143.48135352135,7,0.1102
7144.4911737442,7,0.1102
7145.49272084236,7,0.1102
7146.49400568008,7,0.1102
7147.5007443428,7,0.1102
7149.51443839073,7,0.1102
7150.52435135841,7,0.1102
7151.53886461258,7,0.1102
7152.55046367645,7,0.1102
7153.55201148987,7,0.1102
7154.56399512291,7,0.1102
7155.57574105263,7,0.1102
7156.57732152939,7,0.1102
7157.58893704414,7,0.1102
7158.59564471245,7,0.1102
7159.60995554924,7,0.1102
7160.6200299263,7,0.1102
7161.63433170319,7,0.1102
7162.64112687111,7,0.1102
7163.65739607811,7,0.1102
7164.67142701149,7,0.1102
7165.67748832703,7,0.1102
7166.68925189972,7,0.1102
7167.69611597061,7,0.1102
7169.70409464836,7,0.1102
7170.71087574959,7,0.1102
7171.72264409065,7,0.1102
7172.72956156731,7,0.1102
7173.74466180801,7,0.1102
7174.75656318665,7,0.1102
7175.76338362694,7,0.1102
7176.77519702911,7,0.1102
7177.78158807755,7,0.1102
7178.79334592819,7,0.1102
7179.80011796951,7,0.1102
7180.80148243904,7,0.1102
7181.81324386597,7,0.1102
7182.81999516487,7,0.1102
7183.82677507401,7,0.1102
7184.83354353905,7,0.1102
7185.84032201767,7,0.1102
7186.84706091881,7,0.1102
7187.85346102715,7,0.1102
7189.86145567894,7,0.1102
7190.8731906414,7,0.1102
7191.88004493713,7,0.1102
7192.89164447784,7,0.1102
7193.90277218819,7,0.1102
7194.91749596596,7,0.1102
7195.93230509758,7,0.1102
7196.94400763512,7,0.1102
7197.95574474335,7,0.1102
7198.96273446083,7,0.1102
7199.97464537621,7,0.1102
7200.9814324379,7,0.1102
7201.98810911179,7,0.1102
7203.00377297401,7,0.1102
7204.01062321663,7,0.1102
7205.01739001274,7,0.1102
7206.03337097168,7,0.1102
7207.04010915756,7,0.1102
7208.04686880112,7,0.1102
7210.04952788353,7,0.1102
7211.05628418922,7,0.1093
7212.06296682358,7,0.1102
7213.07474470139,5,0.1102
7214.08648228645,5,0.1059
7215.09326934814,5,0.1102
7216.10798001289,5,0.1102
7217.12278866768,5,0.1093
7218.12949419022,5,0.1102
7219.14127755165,5,0.1102
7220.14714503288,5,0.1102
7221.15888285637,5,0.1059
7222.17062354088,5,0.1059
7223.17742872238,5,0.1059
7224.18416976929,5,0.1137
7225.19612550735,5,0.1093
7226.20785474777,5,0.1129
7227.21976017952,5,0.1085
7228.23158454895,5,0.1076
7230.24452638626,5,0.1076
7231.25128674507,5,0.1076
7232.25744748116,5,0.1076
7233.26419115067,5,0.1034
7234.27085900307,5,0.1034
7235.27748966217,5,0.1034
7236.28428792953,5,0.1068
7237.30048131943,5,0.1068
7238.30715227127,5,0.1068
7239.31974506378,5,0.1068
7240.32548761368,5,0.1068
7241.3372759819,5,0.111
7242.34400200844,5,0.1025
7243.35066533089,5,0.1102
7244.35683512688,5,0.1059
7245.3685734272,5,0.1051
7246.37523674965,5,0.1093
7247.38146138191,5,0.1042
7248.38827443123,5,0.1085
7250.39617395401,5,0.1042
7251.40787053108,5,0.1
7252.41960406303,5,0.1
7253.42549586296,5,0.1034
7254.43738460541,5,0.1034
7255.45259261131,5,0.1034
7256.45924901962,5,0.1034
7257.46551418304,5,0.1034
7258.47233533859,5,0.1034
7259.47910523415,5,0.1034
7260.48547267914,5,0.1034
7261.49729347229,5,0.1076
7262.50407648087,5,0.0991
7263.51078748703,5,0.1068
7264.51753783226,5,0.1025
7265.52421212196,5,0.1017
7266.53093743324,5,0.1059
7267.54303050041,5,0.1017
7268.54951524734,5,0.1008
7270.56158328056,5,0.1051
7271.57336735725,5,0.1008
7272.58006310463,5,0.1008
7273.58666324615,5,0.1008
7274.60148835182,5,0.1008
7275.60834217072,5,0.1008
7276.61521291733,5,0.1008
7277.62149047852,5,0.1008
7278.62836790085,5,0.1008
7279.63507652283,5,0.1008
7280.64636492729,5,0.1008
7281.66255283356,5,0.1
7282.66931462288,5,0.1042
7283.67607235909,5,0.1
7284.6828649044,5,0.0991
7285.69459700584,5,0.0991
7286.70139122009,5,0.0949
7287.70823574066,5,0.0983
7288.71496129036,5,0.0983
7290.72258973122,5,0.0939
7291.72945165634,5,0.0974
7292.73621535301,5,0.0932
7293.74290299416,5,0.0974
7294.74951577187,5,0.0974
7295.76484131813,5,0.0974
7296.77155590057,5,0.0974
7297.78411626816,5,0.0974
7298.79988312721,5,0.0974
7299.81528949738,5,0.0974
7300.82145667076,5,0.0974
7301.82834172249,5,0.0974
7302.82946038246,5,0.0932
7303.83614230156,5,0.0966
7304.84290027618,5,0.1008
7305.85467433929,5,0.0966
7306.86147212982,5,0.0957
7307.87328863144,5,0.1
7308.88022994995,5,0.0957
7310.88801217079,5,0.0949
7311.89466977119,5,0.0949
7312.90652871132,5,0.0949
7313.91348338127,5,0.0949
7314.92036652565,5,0.0949
7315.92705655098,5,0.0949
7316.93880271912,5,0.0991
7317.94552636147,5,0.0991
7318.95227837563,5,0.0991
7319.9590241909,5,0.0991
7320.970733881,5,0.0991
7321.97757148743,5,0.0949
7322.97863888741,5,0.0904
7323.99352192879,5,0.094
7325.0052819252,5,0.0939
7326.01716899872,5,0.094
7327.02291417122,5,0.0932
7328.02948498726,5,0.0974
7329.03620505333,5,0.0932
7331.06094026566,5,0.0887
7332.08288288116,5,0.0921
7333.08628749847,5,0.0923
7334.09003448486,5,0.0921
7335.10369253159,5,0.0921
7336.11827635765,5,0.0921
7337.12181425095,5,0.0923
7338.12347602844,5,0.0921
7339.12532305717,5,0.0921
7340.12743115425,5,0.0921
7341.12911367416,5,0.0921
7342.13202691078,5,0.0966
7343.13488936424,5,0.0921
7344.14433884621,5,0.0913
7345.16952371597,5,0.0957
7346.18079328537,5,0.0957
7347.19460964203,5,0.0913
7348.20418334007,5,0.0904
7349.20792174339,5,0.0949
7351.212692976,5,0.0904
7352.21551299095,5,0.0904
7353.21919417381,5,0.0904
7354.2214243412,5,0.0904
7355.22305202484,5,0.0904
7356.2259619236,5,0.0904
7357.23170137405,5,0.0904
7358.23738598824,5,0.0904
7359.24392819405,5,0.0904
7360.25457334518,5,0.0904
7361.25798869133,5,0.0904
7362.25954532623,5,0.0896
7363.27317714691,5,0.094
7364.28507733345,5,0.0896
7365.29706859589,5,0.0896
7366.30878782272,5,0.0811
7367.31544852257,5,0.0932
7368.32719278336,5,0.0887
7369.33894062042,5,0.0887
7371.34661960602,5,0.0879
7372.34818196297,5,0.0879
7373.36002159119,5,0.0879
7374.36150169373,5,0.0879
7375.36818146706,5,0.0879
7376.36951470375,5,0.0879
7377.37106132507,5,0.0879
7378.37262129784,5,0.0879
7379.37936210632,5,0.0879
7380.3909099102,5,0.0879
7381.39258408546,5,0.0879
7382.40455126762,5,0.0923
7383.42050719261,5,0.0879
7384.42713975906,5,0.0836
7385.44318628311,5,0.087
7386.44954919815,5,0.0915
7387.46142196655,5,0.087
7388.4681763649,5,0.087
7389.47484636307,5,0.0828
7391.48292922974,5,0.0836
7392.48953437805,5,0.0904
7393.49624657631,5,0.0904
7394.50297403336,5,0.0836
7395.50945806503,5,0.082
7396.52503657341,5,0.0904
7397.54145789146,5,0.082
7398.54822850227,5,0.0904
7399.56296253204,5,0.0904
7400.56948471069,5,0.082
7401.57625055313,5,0.0904
7402.58305835724,5,0.0836
7403.58947515488,5,0.082
7404.59629249573,5,0.082
7405.60816025734,5,0.0811
7406.61490631104,5,0.0811
7407.62680029869,5,0.0811
7408.63352870941,5,0.0811
7409.64525413513,5,0.0803
7411.65746736526,5,0.0803
7412.66923666,5,0.0803
7413.68466329575,5,0.0803
7414.69132232666,5,0.0803
7415.69755911827,5,0.0803
7416.70431852341,5,0.0803
7417.70548343658,5,0.0803
7418.71222710609,5,0.0803
7419.71884560585,5,0.0803
7420.72553920746,5,0.0803
7421.73245573044,5,0.0803
7422.74440026283,5,0.0803
7423.75618696213,5,0.0803
7424.76298904419,5,0.0794
7425.77473115921,5,0.0879
7426.78548502922,5,0.0879
7427.80124855042,5,0.0794
7428.80798959732,5,0.0836
7429.82391905785,5,0.0794
7431.82670521736,5,0.0828
7432.83750534058,5,0.087
7433.84434056282,5,0.087
7434.85094571114,5,0.087
7435.86276578903,5,0.087
7436.86936020851,5,0.087
7437.87088775635,5,0.087
7438.87747192383,5,0.087
7439.88416695595,5,0.087
7440.90048289299,5,0.087
7441.90152239799,5,0.087
7442.90828943253,5,0.0828
7443.91994142532,5,0.0828
7444.9266474247,5,0.0786
7445.93336033821,5,0.0786
7446.94018554688,5,0.082
7447.94689679146,5,0.082
7448.96146774292,5,0.082
7449.97638320923,5,0.082
7451.97857117653,5,0.0777
7452.98525691032,5,0.0777
7453.9920065403,5,0.0777
7454.99867272377,5,0.0777
7456.0094704628,5,0.0769
7457.02609038353,5,0.0777
7458.04260492325,5,0.0769
7459.05348920822,5,0.0769
7460.06951165199,5,0.0735
7461.07639694214,5,0.0769
7462.08818769455,5,0.0769
7463.09505105019,5,0.0767
7464.10678648949,5,0.0811
7465.11349773407,5,0.0811
7466.12027859688,5,0.0811
7467.12715744972,5,0.0769
7468.13896846771,5,0.0803
7469.14010953903,5,0.0803
7470.14686560631,5,0.0803
7472.15455722809,5,0.0803
7473.16142654419,5,0.0803
7474.17343854904,5,0.0803
7475.18013739586,5,0.0803
7476.18678927422,5,0.0803
7477.19347286224,5,0.0803
7478.20534300804,5,0.0803
7479.2120153904,5,0.0803
7480.22376537323,5,0.0803
7481.23551774025,5,0.0803
7482.24158430099,5,0.0803
7483.24825334549,5,0.076
7484.24953722954,5,0.0758
7485.25625801086,5,0.0794
7486.26296877861,5,0.0836
7487.26956105232,5,0.0794
7488.2762401104,5,0.0794
7489.28803801537,5,0.0794
7490.28949952126,5,0.075
7492.2922205925,5,0.0786
7493.30392384529,5,0.0786
7494.31058955193,5,0.0786
7495.31728839874,5,0.0786
7496.32437872887,5,0.0786
7497.33102059364,5,0.0786
7498.34288215637,5,0.0743
7499.35461068153,5,0.0786
7500.36150240898,5,0.0786
7501.36827254295,5,0.0786
7502.3695294857,5,0.0786
7503.37618660927,5,0.0828
7504.38797187805,5,0.0786
7505.3946723938,5,0.0786
7506.4054787159,5,0.0786
7507.41224646568,5,0.0741
7508.41887569427,5,0.0741
7509.43058037758,5,0.0777
7510.43742728233,5,0.082
7512.44538068771,5,0.0777
7513.45211863518,5,0.0777
7514.45886468887,5,0.0777
7515.47058582306,5,0.082
7516.4768910408,5,0.0777
7517.4886276722,5,0.0777
7518.50039315224,5,0.0777
7519.50720238686,5,0.0777
7520.51351761818,5,0.0777
7521.52018094063,5,0.0777
7522.52697324753,5,0.0777
7523.53356432915,5,0.0777
7524.54042816162,5,0.0777
7525.55223894119,5,0.0735
7526.55889463425,5,0.0724
7527.57074427605,5,0.0811
7528.57730364799,5,0.0769
7529.58399701118,5,0.0769
7530.59001779556,5,0.0769
7532.60266423225,5,0.0767
7533.60942435265,5,0.0724
7534.61620140076,5,0.0767
7535.62298488617,5,0.0724
7536.63469743729,5,0.0767
7537.64145874977,5,0.0769
7538.65627169609,5,0.0769
7539.66828989983,5,0.0767
7540.66948413849,5,0.0724
7541.67104578018,5,0.0767
7542.677495718,5,0.0724
7543.68423080444,5,0.0724
7544.69100928307,5,0.0716
7545.69750833511,5,0.076
7546.70431518555,5,0.076
7547.71112632751,5,0.076
7548.71749830246,5,0.076
7549.72927594185,5,0.076
7550.73601365089,5,0.076
7552.73859620094,5,0.0716
7553.74537801743,5,0.0716
7554.74703288078,5,0.0716
7555.75874662399,5,0.0716
7556.76549720764,5,0.0716
7557.77735280991,5,0.0716
7558.78418779373,5,0.0716
7559.79927587509,5,0.075
7560.82015728951,5,0.075
7561.8438949585,5,0.0717
7562.86205601692,5,0.0707
7563.86858224869,5,0.075
7564.88195681572,5,0.0794
7565.88434243202,5,0.0794
7566.88677620888,5,0.075
7567.8887720108,5,0.0752
7568.89461016655,5,0.075
7569.89732193947,5,0.0741
7571.90995883942,5,0.0741
7572.91820645332,5,0.0743
7573.93028068542,5,0.0741
7574.93347096443,5,0.0743
7575.93561267853,5,0.0741
7576.95491504669,5,0.0743
7577.96704936028,5,0.0741
7578.97315645218,5,0.0743
7579.97751116753,5,0.0743
7580.98119282722,5,0.0743
7581.98719358444,5,0.0699
7582.9891166687,5,0.0741
7583.99888968468,5,0.0786
7585.00817370415,5,0.0786
7586.01486420631,5,0.0786
7587.02161002159,5,0.0786
7588.03357601166,5,0.0743
7589.04042005539,5,0.0743
7590.05620360374,5,0.0743
7592.06396985054,5,0.0699
7593.07085371017,5,0.0733
7594.07746767998,5,0.07
7595.0843038559,5,0.07
7596.09091854095,5,0.0735
7597.09752488136,5,0.0735
7598.10422754288,5,0.0735
7599.10550570488,5,0.0735
7600.1173055172,5,0.0735
7601.12412762642,5,0.0735
7602.13080120087,5,0.0699
7603.14542412758,5,0.0735
7604.16156697273,5,0.0735
7605.16839051247,5,0.0777
7606.17513394356,5,0.0777
7607.18155527115,5,0.0777
7608.18854904175,5,0.0735
7609.19532108307,5,0.0735
7610.20714712143,5,0.0735
7612.21459794044,5,0.069
7613.22141218185,5,0.069
7614.23327350616,5,0.069
7615.24003767967,5,0.069
7616.25602197647,5,0.069
7617.26266360283,5,0.069
7618.26935386658,5,0.0724
7619.27609968185,5,0.069
7620.28786730766,5,0.069
7621.30154871941,5,0.069
7622.3163497448,5,0.069
7623.33256840706,5,0.069
7624.33933568001,5,0.0724
7625.35588049889,5,0.0682
7626.36257982254,5,0.0769
7627.37334799767,5,0.0724
7628.37505531311,5,0.0724
7629.38546347618,5,0.0724
7630.39734792709,5,0.0724
7632.4052054882,5,0.0724
7633.41196918488,5,0.0724
7634.41862368584,5,0.0724
7635.43434405327,5,0.0682
7636.44908046722,5,0.0724
7637.46607065201,5,0.0724
7638.47291588783,5,0.0724
7639.48465800285,5,0.0726
7640.49640750885,5,0.0724
7641.50308203697,5,0.0724
7642.50948667526,5,0.0724
7643.52123737335,5,0.0682
7644.52699398994,5,0.0682
7645.5388007164,5,0.0717
7646.54031825066,5,0.0717
7647.54704475403,5,0.0716
7648.55350399017,5,0.0673
7649.56030774117,5,0.0673
7650.56707930565,5,0.0716
7652.57464456558,5,0.0717
7653.58146166801,5,0.0717
7654.58814072609,5,0.0716
7655.59478569031,5,0.0717
7656.60146760941,5,0.0717
7657.60830044746,5,0.0717
7658.61502718925,5,0.0717
7659.62148213387,5,0.0716
7660.62829875946,5,0.0716
7661.63503289223,5,0.0717
7662.64150261879,5,0.0717
7663.64816522598,5,0.0716
7664.64957284927,5,0.0717
7665.66550898552,5,0.0716
7666.67230844498,5,0.0673
7667.68443512917,5,0.0673
7668.69627714157,5,0.0673
7669.70305132866,5,0.0707
7670.70948314667,5,0.0707
7672.71741700172,5,0.075
7673.72409200668,5,0.075
7674.72550916672,5,0.0752
7675.73726272583,5,0.075
7676.74393844604,5,0.0707
7677.7505698204,5,0.075
7678.76139569283,5,0.0707
7679.76847624779,5,0.0707
7680.78152751923,5,0.075
7681.79327082634,5,0.075
7682.79937005043,5,0.0707
7683.81633043289,5,0.0752
7684.8316822052,5,0.075
7685.84768724442,5,0.0752
7686.8575360775,5,0.0707
7687.86429715157,5,0.0707
7688.87098693848,5,0.0707
7689.88271737099,5,0.0707
7690.89461302757,5,0.0707
7692.90239477158,5,0.0707
7693.90907526016,5,0.0665
7694.9209394455,5,0.0707
7695.93623447418,5,0.0665
7696.94292211533,5,0.0707
7697.94953227043,5,0.0665
7698.95640993118,5,0.0665
7699.96834015846,5,0.0707
7700.96946239471,5,0.0665
7701.97107768059,5,0.0665
7702.98548269272,5,0.0665
7704.00133466721,5,0.0665
7705.01312637329,5,0.0699
7706.03660988808,5,0.0665
7707.0593225956,5,0.0699
7708.06276869774,5,0.0656
7709.07924318314,5,0.0699
7710.08245539665,5,0.0699
7711.09802913666,5,0.0743
7713.10167384148,5,0.0743
7714.10377502441,5,0.0743
7715.10521578789,5,0.0743
7716.11011648178,5,0.0741
7717.11320376396,5,0.0699
7718.11648750305,5,0.0743
7719.12678265572,5,0.0741
7720.1282081604,5,0.0741
7721.13735198975,5,0.0741
7722.14406371117,5,0.0743
7723.15078926086,5,0.0743
7724.16156959534,5,0.0741
7725.16834497452,5,0.0699
7726.17498922348,5,0.0699
7727.18154335022,5,0.0699
7728.18816995621,5,0.0699
7729.19988179207,5,0.0699
7730.20660567284,5,0.0699
7732.22236990929,5,0.0699
7733.2374382019,5,0.07
7734.2441277504,5,0.0656
7735.25602149963,5,0.0699
7736.27271056175,5,0.0699
7737.28443336487,5,0.0656
7738.29633903503,5,0.07
7739.31101369858,5,0.069
7740.31750202179,5,0.0699
7741.32430124283,5,0.0699
7742.33107972145,5,0.0699
7743.33767199516,5,0.0656
7744.3443801403,5,0.0656
7745.35930204391,5,0.0656
7746.37459778786,5,0.069
7747.38136506081,5,0.0656
7748.38812232018,5,0.0648
7749.39475369453,5,0.069
7750.40954089165,5,0.0735
7752.42527556419,5,0.0735
7753.4403731823,5,0.069
7754.45211243629,5,0.0735
7755.46821498871,5,0.0735
7756.47490262985,5,0.069
7757.48146867752,5,0.0735
7758.48832654953,5,0.069
7759.50458145142,5,0.0735
7760.51632380486,5,0.069
7761.52301025391,5,0.069
7762.5294778347,5,0.069
7763.5412299633,5,0.069
7764.54789066315,5,0.069
7765.55382800102,5,0.069
7766.56057906151,5,0.069
7767.5723927021,5,0.069
7768.57349538803,5,0.069
7769.58028578758,5,0.069
7770.58704686165,5,0.069
7772.59459972382,5,0.069
7773.60140967369,5,0.069
7774.60815143585,5,0.069
7775.61479902267,5,0.069
7776.62161326408,5,0.069
7777.62841105461,5,0.069
7778.63538265228,5,0.069
7779.64153122902,5,0.069
7780.65328145027,5,0.069
7781.65990209579,5,0.069
7782.67178606987,5,0.069
7783.6836373806,5,0.069
7784.699873209,5,0.069
7785.71175074577,5,0.0648
7786.72647643089,5,0.0648
7787.72812509537,5,0.0648
7788.7349691391,5,0.0648
7789.74152994156,5,0.0648
7790.77380132675,5,0.0682
7792.79764580727,5,0.0639
7793.80097413063,5,0.0682
7794.82154202461,5,0.0639
7795.83270955086,5,0.0682
7796.83496284485,5,0.0639
7797.83657073975,5,0.0639
7798.8386425972,5,0.0639
7799.84035873413,5,0.0682
7800.84233236313,5,0.0639
7801.84396076202,5,0.0682
7802.84548139572,5,0.0639
7803.84929251671,5,0.0682
7804.85459756851,5,0.0639
7805.85727930069,5,0.0639
7806.8679265976,5,0.0682
7807.87735915184,5,0.0639
7808.88397240639,5,0.0682
7809.8959004879,5,0.0682
7810.90269207954,5,0.0682
7812.91555476189,5,0.0682
7813.9214682579,5,0.0682
7814.9281680584,5,0.0682
7815.93483448029,5,0.0682
7816.94148278236,5,0.0682
7817.94821357727,5,0.0682
7818.95961403847,5,0.0682
7819.96118044853,5,0.0682
7820.96805143356,5,0.0682
7821.97501754761,5,0.0682
7822.98148179054,5,0.0682
7823.98822855949,5,0.0682
7825.00276374817,5,0.0682
7826.01456475258,5,0.0682
7827.02084088326,5,0.0682
7828.03227543831,5,0.0682
7829.0390920639,5,0.0682
7830.04552745819,5,0.0682
7831.05233311653,5,0.0682
7833.0600938797,5,0.0682
7834.06674027443,5,0.0639
7835.07351756096,5,0.0682
7836.08024334908,5,0.0639
7837.0814883709,5,0.0682
7838.0932700634,5,0.0682
7839.10009169579,5,0.0682
7840.10682368279,5,0.0682
7841.11348080635,5,0.0682
7842.1201851368,5,0.0682
7843.12689447403,5,0.0639
7844.13349366188,5,0.0639
7845.14023852348,5,0.0639
7846.14693021774,5,0.0682
7847.15350747108,5,0.0639
7848.16533041,5,0.0639
7849.17199206352,5,0.0639
7850.18384814262,5,0.0639
7851.19749546051,5,0.0639
7853.20522332191,5,0.0631
7854.21595740318,5,0.0639
7855.23241281509,5,0.0639
7856.23908448219,5,0.0631
7857.25111079216,5,0.0639
7858.2628891468,5,0.0631
7859.26956677437,5,0.0597
7860.28141880035,5,0.0631
7861.288220644,5,0.0639
7862.30016946793,5,0.0631
7863.31208491325,5,0.0631
7864.3189496994,5,0.0631
7865.33075332642,5,0.0631
7866.33763194084,5,0.0631
7867.34945893288,5,0.0631
7868.36128020287,5,0.0597
7869.36810708046,5,0.0631
7870.37987661362,5,0.0631
7871.38685178757,5,0.0673
7873.40260767937,5,0.0673
7874.40934944153,5,0.0631
7875.42127776146,5,0.0673
7876.43753647804,5,0.0673
7877.44930171967,5,0.0631
7878.46113300323,5,0.0673
7879.46793675423,5,0.0673
7880.47458815575,5,0.0631
7881.48142051697,5,0.0673
7882.48832774162,5,0.0631
7883.49509692192,5,0.0673
7884.50160479546,5,0.0673
7885.51341843605,5,0.0673
7886.52036309242,5,0.0631
7887.53214454651,5,0.0673
7888.53902578354,5,0.0673
7889.54594683647,5,0.0673
7890.55275654793,5,0.0673
7891.56932687759,5,0.0673
7893.58150458336,5,0.0673
7894.59328007698,5,0.0673
7895.60015726089,5,0.0673
7896.60699391365,5,0.0673
7897.61350822449,5,0.0673
7898.62036061287,5,0.0673
7899.63217425346,5,0.0673
7900.63897204399,5,0.0673
7901.64556074142,5,0.0673
7902.6525747776,5,0.0673
7903.66434431076,5,0.0673
7904.66548991203,5,0.0673
7905.6722843647,5,0.0673
7906.6790728569,5,0.0673
7907.68568253517,5,0.0673
7908.69241833687,5,0.0673
7909.70711994171,5,0.0673
7910.71898412704,5,0.0673
7911.73402023315,5,0.0673
7913.74152612686,5,0.0673
7914.74852919579,5,0.0673
7915.75545239449,5,0.0673
7916.76151919365,5,0.0631
7917.7674741745,5,0.0673
7918.77930903435,5,0.0631
7919.78547596931,5,0.0631
7920.79221844673,5,0.0673
7921.7989282608,5,0.0673
7922.81066179276,5,0.0673
7923.81749844551,5,0.0631
7924.82937097549,5,0.0631
7925.83618712425,5,0.0673
7926.84289288521,5,0.0631
7927.84950661659,5,0.0631
7928.8655564785,5,0.0631
7929.87735128403,5,0.0631
7930.88412809372,5,0.0631
7931.8959145546,5,0.0631
7933.90377235413,5,0.0631
7934.9105618,5,0.0631
7935.91740393639,5,0.0631
7936.92405056953,5,0.0631
7937.93552470207,5,0.0631
7938.9415102005,5,0.0631
7939.94821596146,5,0.0631
7940.94954180717,5,0.0631
7941.95113325119,5,0.0631
7942.95747184753,5,0.0631
7943.96422767639,5,0.0631
7944.96554541588,5,0.0588
7945.97744345665,5,0.0631
7946.98421740532,5,0.0588
7947.99602413177,5,0.0588
7949.00272059441,5,0.0631
7950.00950026512,5,0.0588
7951.01612353325,5,0.0622
7952.02785038948,5,0.0622
7954.03582072258,5,0.0622
7955.0516076088,5,0.0622
7956.06342768669,5,0.0622
7957.06954908371,5,0.0622
7958.09151530266,5,0.0622
7959.09868335724,5,0.0622
7960.1021490097,5,0.0622
7961.12368202209,5,0.0622
7962.14052987099,5,0.0622
7963.15902805328,5,0.0665
7964.16162323952,5,0.0665
7965.16335582733,5,0.0622
7966.1650762558,5,0.0622
7967.17965626717,5,0.0665
7968.18136191368,5,0.0622
7969.18783855438,5,0.0622
7970.18930625916,5,0.0622
7971.19594073296,5,0.0707
7972.20258450508,5,0.0665
7974.20956325531,5,0.0665
7975.2164888382,5,0.0665
7976.2283449173,5,0.0665
7977.23504161835,5,0.0665
7978.24158525467,5,0.0665
7979.25343894958,5,0.0665
7980.26525259018,5,0.0665
7981.28119945526,5,0.0665
7982.29757475853,5,0.0665
7983.30946683884,5,0.0622
7984.3163125515,5,0.0665
7985.32827281952,5,0.0707
7986.33514618874,5,0.0707
7987.34149980545,5,0.0665
7988.34829735756,5,0.0707
7989.36003684998,5,0.0665
7990.36676168442,5,0.0665
7991.37759876251,5,0.0665
7992.38438391685,5,0.0665
7994.39723229408,5,0.0665
7995.40902304649,5,0.0665
7996.41571736336,5,0.0665
7997.42149758339,5,0.0665
7998.42841744423,5,0.0665
7999.43513584137,5,0.0665
8000.44152951241,5,0.0665
8001.44833135605,5,0.0665
8002.45503425598,5,0.0665
8003.46156024933,5,0.0665
8004.47342443466,5,0.0665
8005.48018860817,5,0.0665
8006.48693108559,5,0.0665
8007.50180387497,5,0.0665
8008.50850439072,5,0.0665
8009.51521277428,5,0.0665
8010.52148103714,5,0.0707
8011.53320932388,5,0.0665
8012.53993868828,5,0.0665
8014.54782032967,5,0.0665
8015.55963516235,5,0.0665
8016.56545996666,5,0.0665
8017.58092713356,5,0.0665
8018.58767652512,5,0.0665
8019.59963822365,5,0.0665
8020.60552573204,5,0.0665
8021.61227345467,5,0.0665
8022.61891078949,5,0.0665
8023.63074111938,5,0.0665
8024.64155960083,5,0.0665
8025.6483232975,5,0.0665
8026.6550154686,5,0.0665
8027.66678905487,5,0.0665
8028.67357802391,5,0.0665
8029.68035078049,5,0.0665
8030.6871111393,5,0.0665
8031.69352960587,5,0.0665
8032.70533108711,5,0.0665
8034.71328186989,5,0.0665
8035.72809314728,5,0.0665
8036.74338507652,5,0.0665
8037.75751924515,5,0.0665
8038.77336072922,5,0.0665
8039.78021025658,5,0.0665
8040.7869746685,5,0.0665
8041.79368758202,5,0.0665
8042.8056678772,5,0.0665
8043.82895731926,5,0.0665
8044.8519923687,5,0.0665
8045.85433888435,5,0.0665
8046.86075305939,5,0.0665
8047.87241220474,5,0.0665
8048.87874722481,5,0.0665
8049.8919878006,5,0.0665
8050.8933467865,5,0.0665
8051.89495038986,5,0.0665
8052.8963367939,5,0.0665
8054.90563368797,5,0.0665
8055.90809035301,5,0.0665
8056.9100124836,5,0.0665
8057.91196274757,5,0.0665
8058.91464304924,5,0.0665
8059.91604113579,5,0.0665
8060.92259979248,5,0.0665
8061.92921352386,5,0.0665
8062.93571805954,5,0.0665
8063.94334554672,5,0.0665
8064.94491028786,5,0.0665
8065.95147657394,5,0.0665
8066.96324896812,5,0.0665
8067.96950602531,5,0.0665
8068.97629976273,5,0.0665
8069.97745466232,5,0.0665
8070.98422050476,5,0.0665
8071.9959423542,5,0.0665
8074.00900292397,5,0.0665
8075.02076482773,5,0.0665
8076.02763295174,5,0.0665
8077.04185247421,5,0.0622
8078.04860687256,5,0.0665
8079.05529594421,5,0.0665
8080.06149554253,5,0.0665
8081.06823563576,5,0.0665
8082.07483315468,5,0.0665
8083.0814871788,5,0.0665
8084.08821105957,5,0.0665
8085.09500551224,5,0.0665
8086.10151076317,5,0.0665
8087.10832238197,5,0.0665
8088.11500811577,5,0.0622
8089.12146520615,5,0.0665
8090.13763785362,5,0.0622
8091.14438915253,5,0.0622
8092.1511080265,5,0.0622
8094.15858983994,5,0.0622
8095.17342114449,5,0.0622
8096.18817901611,5,0.0622
8097.19492197037,5,0.0622
8098.21062302589,5,0.0622
8099.21742010117,5,0.0622
8100.21899175644,5,0.0622
8101.2253446579,5,0.0622
8102.23642516136,5,0.0622
8103.23750352859,5,0.0622
8104.24445486069,5,0.0622
8105.24552416801,5,0.0622
8106.25231409073,5,0.0622
8107.26424503326,5,0.0622
8108.27598810196,5,0.0622
8109.2827732563,5,0.0622
8110.29466342926,5,0.0622
8111.30948925018,5,0.0622
8112.32135438919,5,0.0622
8114.32401442528,5,0.0622
8115.33572721481,5,0.0622
8116.3374068737,5,0.0622
8117.3442940712,5,0.0622
8118.34557342529,5,0.0622
8119.35235595703,5,0.0622
8120.35347795486,5,0.0622
8121.36014866829,5,0.0622
8122.36693382263,5,0.0622
8123.37349534035,5,0.0622
8124.37972927094,5,0.0622
8125.38653063774,5,0.0622
8126.39337420464,5,0.0622
8127.40019416809,5,0.0622
8128.41201043129,5,0.0622
8129.42405533791,5,0.0622
8130.43596816063,5,0.0622
8131.44257736206,5,0.0622
8132.44934463501,5,0.0622
8134.46655583382,5,0.0622
8135.47338652611,5,0.0622
8136.48021554947,5,0.0614
8137.49672937393,5,0.0622
8138.51280593872,5,0.0656
8139.5135807991,5,0.0622
8140.52029871941,5,0.0622
8141.5353012085,5,0.0656
8142.54948067665,5,0.0622
8143.55626177788,5,0.0622
8144.55746555328,5,0.0622
8145.56422805786,5,0.0622
8146.57105493546,5,0.0622
8147.58270406723,5,0.0614
8148.58947849274,5,0.0622
8149.60451292992,5,0.0622
8150.61134076118,5,0.0614
8151.61805725098,5,0.0656
8152.62482094765,5,0.0614
8154.63257741928,5,0.0622
8155.64376354218,5,0.0614
8156.65057396889,5,0.0622
8157.66550302505,5,0.0656
8158.67227053642,5,0.0622
8159.67898774147,5,0.0656
8160.68545031548,5,0.0622
8161.69214677811,5,0.0656
8162.70388031006,5,0.0656
8163.71564364433,5,0.0622
8164.72154331207,5,0.0656
8165.73331189156,5,0.0656
8166.74016523361,5,0.0614
8167.7468752861,5,0.0614
8168.75346565247,5,0.0656
8169.76037716866,5,0.0656
8170.76716732979,5,0.0656
8171.7789504528,5,0.0614
8172.78050112724,5,0.0656
8174.7933511734,5,0.0656
8175.8051700592,5,0.0614
8176.81201601028,5,0.0614
8177.81867241859,5,0.0656
8178.82021784782,5,0.0614
8179.82148361206,5,0.0656
8180.8360490799,5,0.0656
8181.84775972366,5,0.0614
8182.86229586601,5,0.0614
8183.87351489067,5,0.0614
8184.88029408455,5,0.0614
8185.89187383652,5,0.0656
8186.90357422829,5,0.0614
8187.9153585434,5,0.0656
8188.93013739586,5,0.0656
8189.94477939606,5,0.0656
8190.95984125137,5,0.0656
8191.97166895866,5,0.0614
8192.98349523544,5,0.0656
8195.00134277344,5,0.0656
8196.00788974762,5,0.0656
8197.00944042206,5,0.0656
8198.01621079445,5,0.0614
8199.03314518929,5,0.0656
8200.04791927338,5,0.0614
8201.06373810768,5,0.0656
8202.07901024818,5,0.0656
8203.0907137394,5,0.0656
8204.10151386261,5,0.0656
8205.10831522942,5,0.0614
8206.11506342888,5,0.0656
8207.12153625488,5,0.0614
8208.15339493752,5,0.0614
8209.17834758759,5,0.0614
8210.18377304077,5,0.0614
8211.20216608047,5,0.0614
8212.23309898376,5,0.0656
8213.23975777626,5,0.0614
8215.26421236992,5,0.058
8216.26688575745,5,0.0614
8217.27685046196,5,0.07
8218.29129481316,5,0.0656
8219.30309891701,5,0.0656
8220.30447077751,5,0.0699
8221.30568933487,5,0.0656
8222.31116771698,5,0.0656
8223.31266999245,5,0.0656
8224.31581640244,5,0.0614
8225.3206346035,5,0.0656
8226.32305121422,5,0.0614
8227.3244934082,5,0.0614
8228.32538127899,5,0.0614
8229.33546280861,5,0.0656
8230.34534549713,5,0.0614
8231.35746145248,5,0.07
8232.36932325363,5,0.0656
8233.37592887878,5,0.0699
8235.37869095802,5,0.0656
8236.38955950737,5,0.0656
8237.39643216133,5,0.0614
8238.41247582436,5,0.0614
8239.42423462868,5,0.0656
8240.43101096153,5,0.0656
8241.44277882576,5,0.0656
8242.45457983017,5,0.0656
8243.46141290665,5,0.0614
8244.4681327343,5,0.0656
8245.47478103638,5,0.0656
8246.48158884048,5,0.0614
8247.49642539024,5,0.0656
8248.49750566483,5,0.0656
8249.5042757988,5,0.0656
8250.51120853424,5,0.0656
8251.52298283577,5,0.0699
8252.52955842018,5,0.0614
8254.53238368034,5,0.0656
8255.53908371925,5,0.0699
8256.54557490349,5,0.0656
8257.56127953529,5,0.07
8258.57659268379,5,0.0656
8259.58343172073,5,0.0656
8260.59936285019,5,0.0656
8261.60557770729,5,0.0656
8262.61229324341,5,0.0699
8263.62732028961,5,0.0614
8264.64146590233,5,0.0656
8265.65683221817,5,0.0614
8266.66857528687,5,0.0656
8267.68032312393,5,0.0656
8268.68707489967,5,0.0656
8269.69366455078,5,0.07
8270.70050144196,5,0.0699
8271.70722365379,5,0.07
8273.71944975853,5,0.0699
8274.72549343109,5,0.0656
8275.7410697937,5,0.0656
8276.75284171104,5,0.0614
8277.76900458336,5,0.0699
8278.78080868721,5,0.07
8279.7925388813,5,0.0656
8280.79941725731,5,0.0656
8281.80546474457,5,0.07
8282.81219220161,5,0.0699
8283.82391905785,5,0.0656
8284.83072090149,5,0.0614
8285.8374786377,5,0.0699
8286.84429073334,5,0.0656
8287.85615301132,5,0.0656
8288.86256146431,5,0.0699
8289.873483181,5,0.0656
8290.88035440445,5,0.07
8291.89210867882,5,0.0699
8293.90005397797,5,0.07
8294.91181516647,5,0.07
8295.92802762985,5,0.0656
8296.93383288383,5,0.0699
8297.93542647362,5,0.0699
8298.95077705383,5,0.07
8299.9523794651,5,0.0699
8300.95351076126,5,0.0656
8301.96033787727,5,0.07
8302.97207927704,5,0.0656
8303.97883582115,5,0.0699
8304.99490594864,5,0.07
8306.01123785973,5,0.0699
8307.01748228073,5,0.0614
8308.02431440353,5,0.0699
8309.03107595444,5,0.0656
8310.03752088547,5,0.0699
8311.04430770874,5,0.07
8312.0562005043,5,0.0656
8314.06405448914,5,0.0656
8315.07069015503,5,0.0656
8316.0775141716,5,0.0656
8317.08427643776,5,0.07
8318.09095954895,5,0.07
8319.09746623039,5,0.0699
8320.10926628113,5,0.0699
8321.11592030525,5,0.0656
8324.13908338547,7,0.0656
8325.15082883835,7,0.0614
8326.15207743645,7,0.0656
8327.15878129005,7,0.0656
8328.16539025307,7,0.0614
8329.17205643654,7,0.0656
8330.17373156548,7,0.0656
8331.18565821648,7,0.0656
8332.19206404686,7,0.0656
8333.19873070717,7,0.0656
8334.20544695854,7,0.0656
8335.21207356453,7,0.07
8336.21886754036,7,0.0622
8337.22562718391,7,0.0665
8338.23209857941,7,0.0622
8339.23880839348,7,0.0673
8340.24546790123,7,0.0631
8341.25210046768,7,0.0639
8343.2600209713,7,0.0683
8344.26690840721,7,0.0639
8345.27875876427,7,0.0639
8346.28007173538,7,0.0682
8347.286891222,7,0.0682
8348.29365825653,7,0.0639
8349.30016231537,7,0.0639
8350.30703401566,7,0.0648
8351.31366062164,7,0.0648
8352.31517910957,7,0.0639
8353.32203316689,7,0.0639
8354.33526682854,7,0.0692
8355.34698295593,7,0.069
8356.35890579224,7,0.0656
8357.36007809639,7,0.07
8358.36695075035,7,0.0656
8359.36807775497,7,0.0709
8360.38365697861,7,0.0752
8361.4137301445,7,0.0673
8363.43561410904,7,0.0717
8364.43924713135,7,0.0717
8365.44161367416,7,0.0717
8366.44625377655,7,0.0717
8367.49307322502,7,0.0717
8368.50370836258,7,0.0673
8369.51310825348,7,0.0717
8370.52407813072,7,0.0717
8371.53078222275,7,0.0673
8372.54327487946,7,0.0673
8373.55008363724,7,0.0717
8374.56182050705,7,0.0683
8375.56805253029,7,0.0726
8376.58673882484,7,0.0726
8377.58805084229,7,0.0735
8378.58960223198,7,0.0777
8379.59609627724,7,0.0735
8380.60274100304,7,0.0743
8381.60405874252,7,0.0786
8383.61609148979,7,0.0743
8384.6176803112,7,0.0709
8385.61944937706,7,0.0743
8386.63123703003,7,0.0709
8387.63795733452,7,0.0743
8388.64977502823,7,0.0707
8389.6560986042,7,0.0707
8390.66303443909,7,0.0709
8391.66986680031,7,0.0709
8392.68668651581,7,0.0752
8393.69844102859,7,0.0707
8394.70461988449,7,0.0752
8395.71127104759,7,0.0794
8396.71792268753,7,0.076
8397.71947574615,7,0.076
8398.72616410255,7,0.0717
8399.73810887337,7,0.0726
8400.74987483025,7,0.0769
8401.75071883202,7,0.0769
8403.75841355324,7,0.0735
8404.76938867569,7,0.0777
8405.78142857552,7,0.0777
8406.78815579414,7,0.0777
8407.79492545128,7,0.0777
8408.80172276497,7,0.0777
8409.80332064629,7,0.0777
8410.81516718864,7,0.0777
8411.82194209099,7,0.0777
8412.82812786102,7,0.0777
8413.83989834785,7,0.0777
8414.84676194191,7,0.082
8415.85374975204,7,0.0743
8416.86553907394,7,0.0786
8417.86711645126,7,0.0828
8418.88373422623,7,0.0786
8419.89043521881,7,0.0752
8420.90563440323,7,0.0794
8421.91210794449,7,0.0794
8423.91911506653,7,0.0752
8424.92584943771,7,0.076
8425.93211770058,7,0.076
8426.93875336647,7,0.076
8427.94536876678,7,0.076
8428.95196247101,7,0.076
8429.96380090714,7,0.076
8430.97059512138,7,0.0803
8431.98647022247,7,0.076
8432.99300146103,7,0.0803
8434.00414085388,7,0.0803
8435.01612758636,7,0.0803
8436.0223300457,7,0.076
8437.03816270828,7,0.0769
8438.04809570312,7,0.0811
8439.05485963821,7,0.0811
8440.05609893799,7,0.0769
8441.06505560875,7,0.0777
8442.07200264931,7,0.082
8444.079880476,7,0.082
8445.09162831306,7,0.082
8446.09840703011,7,0.0836
8447.11012387276,7,0.082
8448.1255543232,7,0.082
8449.14150381088,7,0.082
8450.14815759659,7,0.082
8451.15488886833,7,0.082
8452.16678309441,7,0.082
8453.18378067017,7,0.082
8454.19047236443,7,0.082
8455.19718980789,7,0.0786
8456.20398402214,7,0.0828
8457.21069407463,7,0.087
8458.21753835678,7,0.0828
8459.2292804718,7,0.0794
8460.23608779907,7,0.0836
8461.24273514748,7,0.0794
8462.24958753586,7,0.0879
8464.25723552704,7,0.0803
8465.26403355598,7,0.0803
8466.27079534531,7,0.0803
8467.27755713463,7,0.0803
8468.28404545784,7,0.0803
8469.29582953453,7,0.0803
8470.30255556107,7,0.0803
8471.30927062035,7,0.0803
8472.31604027748,7,0.0803
8473.32789349556,7,0.0803
8474.33457159996,7,0.0803
8475.34118318558,7,0.0803
8476.34780430794,7,0.0803
8477.35459828377,7,0.0803
8478.36123228073,7,0.0811
8479.36803650856,7,0.0811
8480.38410449028,7,0.0811
8481.390884161,7,0.0811
8482.39752840996,7,0.082
8484.41033101082,7,0.082
8485.41714763641,7,0.0836
8486.43208622932,7,0.0836
8487.43876314163,7,0.082
8488.44539451599,7,0.0836
8489.44716882706,7,0.082
8490.46358585358,7,0.0836
8491.47028923035,7,0.082
8492.48220729828,7,0.0836
8493.48808503151,7,0.082
8494.48966622353,7,0.0836
8495.49605917931,7,0.0906
8496.50279116631,7,0.082
8497.50956296921,7,0.0828
8498.51618862152,7,0.087
8499.52803874016,7,0.087
8500.53482294083,7,0.0915
8501.55221009254,7,0.087
8502.56406235695,7,0.0828
8504.57203388214,7,0.0879
8505.57884120941,7,0.0881
8506.58008146286,7,0.0879
8507.59187889099,7,0.0881
8508.59865021706,7,0.0879
8509.60013127327,7,0.0881
8510.61723804474,7,0.0879
8511.61888384819,7,0.0881
8512.62006378174,7,0.0881
8513.62683868408,7,0.0881
8514.63360619545,7,0.0879
8515.64535903931,7,0.0879
8516.65205359459,7,0.0923
8517.65882706642,7,0.0879
8518.66011714935,7,0.0836
8519.66708540916,7,0.0887
8520.67887234688,7,0.0887
8521.69512033463,7,0.0887
8522.711114645,7,0.0811
8524.71314287186,7,0.0811
8525.72404932976,7,0.0811
8526.73085021973,7,0.0811
8527.73757791519,7,0.0811
8528.74408268929,7,0.0811
8529.7509663105,7,0.0811
8530.76269507408,7,0.0811
8531.78857588768,7,0.0811
8532.80764889717,7,0.0896
8533.81105804443,7,0.0898
8534.83307790756,7,0.0898
8535.83419537544,7,0.0898
8536.84735703468,7,0.0898
8537.8520116806,7,0.0896
8538.85383296013,7,0.082
8539.85549354553,7,0.0836
8540.85798859596,7,0.0906
8541.86344790459,7,0.0906
8542.86534237862,7,0.0904
8544.8981180191,7,0.0949
8545.90275382996,7,0.0904
8546.90424466133,7,0.0828
8547.91066002846,7,0.0904
8548.92122268677,7,0.0904
8549.9284324646,7,0.0904
8550.94116735458,7,0.0828
8551.94665956497,7,0.0904
8552.95103430748,7,0.0906
8553.96671080589,7,0.0836
8554.97192454338,7,0.0904
8555.97852063179,7,0.087
8556.98994040489,7,0.0915
8558.00293374062,7,0.0915
8559.01617074013,7,0.0957
8560.02793812752,7,0.0957
8561.03411221504,7,0.0915
8562.04937767982,7,0.0915
8563.0611679554,7,0.0879
8565.0680577755,7,0.0923
8566.07479381561,7,0.0923
8567.08157157898,7,0.0923
8568.08814406395,7,0.0923
8569.09490680695,7,0.0923
8570.09605646133,7,0.0923
8571.10291314125,7,0.0923
8572.11380076408,7,0.0923
8573.12007784843,7,0.0923
8574.12688040733,7,0.0923
8575.1337556839,7,0.0923
8576.14998698235,7,0.0966
8577.15608501434,7,0.0966
8578.16283679008,7,0.0879
8579.16952681541,7,0.0887
8580.17109465599,7,0.0887
8581.1777677536,7,0.0932
8582.18405747414,7,0.0932
8583.19080042839,7,0.0932
8585.19863200188,7,0.0974
8586.20548129082,7,0.0932
8587.2120950222,7,0.0889
8588.21366405487,7,0.0932
8589.22007107735,7,0.0932
8590.22673082352,7,0.0932
8591.23727917671,7,0.0887
8592.25194644928,7,0.0932
8593.26406955719,7,0.0932
8594.27579808235,7,0.0887
8595.2876060009,7,0.0887
8596.29430603981,7,0.0898
8597.30600070953,7,0.0898
8598.31208324432,7,0.094
8599.31884288788,7,0.094
8600.33060455322,7,0.094
8601.33737325668,7,0.094
8602.34406471252,7,0.0898
8603.35084915161,7,0.0898
8605.36359262466,7,0.0904
8606.37034153938,7,0.0904
8607.37713646889,7,0.0906
8608.38392615318,7,0.0906
8609.39078903198,7,0.0904
8610.40214800835,7,0.0906
8611.40812206268,7,0.0906
8612.41489863396,7,0.0906
8613.42167520523,7,0.0906
8614.43331432343,7,0.0904
8615.44014668465,7,0.0904
8616.45593380928,7,0.0949
8617.46272492409,7,0.0949
8618.46950650215,7,0.0949
8619.47611451149,7,0.0991
8620.48286557198,7,0.0949
8621.48921537399,7,0.0949
8622.50005578995,7,0.0915
8623.50670218468,7,0.0915
8625.51952648163,7,0.0957
8626.53125858307,7,0.0957
8627.53801393509,7,0.0957
8628.54397583008,7,0.0957
8629.54546833038,7,0.0957
8630.55213594437,7,0.0957
8631.56401920319,7,0.0957
8632.57574748993,7,0.0957
8633.5817463398,7,0.0957
8634.59610342979,7,0.0957
8635.60784864426,7,0.0957
8636.61461210251,7,0.0957
8637.62057304382,7,0.1
8638.62721991539,7,0.1
8639.63402247429,7,0.0957
8640.64882040024,7,0.0957
8641.65560173988,7,0.0923
8642.66738533974,7,0.0966
8643.67411613464,7,0.0966
8645.68139576912,7,0.0966
8646.68818163872,7,0.0966
8647.69998240471,7,0.0966
8648.71174860001,7,0.0966
8649.71856737137,7,0.0966
8650.72521352768,7,0.0966
8651.73190069199,7,0.0966
8652.7385058403,7,0.1008
8653.74524307251,7,0.1008
8654.75609016418,7,0.0966
8655.76793265343,7,0.0966
8656.77467298508,7,0.1008
8657.78638744354,7,0.1008
8658.79218363762,7,0.0966
8659.79897117615,7,0.0966
8660.81582856178,7,0.0932
8661.82757401466,7,0.0932
8662.83435606956,7,0.0974
8663.84005904198,7,0.0974
8665.84791469574,7,0.0974
8666.85471487045,7,0.0974
8667.86146855354,7,0.0974
8668.86810827255,7,0.0974
8669.88006949425,7,0.0974
8670.88682699203,7,0.0974
8671.89795541763,7,0.1017
8672.9144551754,7,0.1017
8673.92113494873,7,0.1017
8674.92790102959,7,0.1017
8675.93462944031,7,0.0974
8676.94644188881,7,0.1017
8677.95318317413,7,0.1017
8678.96519041061,7,0.0974
8679.96685218811,7,0.094
8680.98336410522,7,0.094
8681.99016475677,7,0.094
8682.99614071846,7,0.0983
8683.99768018723,7,0.0983
8686.00517702103,7,0.0983
8687.01607966423,7,0.0983
8688.03115963936,7,0.0983
8689.04814195633,7,0.0983
8690.06341934204,7,0.0983
8691.0751888752,7,0.0983
8692.08158969879,7,0.0983
8693.09335660934,7,0.0983
8694.09492683411,7,0.0983
8695.10578536987,7,0.0983
8696.1073641777,7,0.0983
8697.11910295486,7,0.1025
8698.13107609749,7,0.1025
8699.14282751083,7,0.0983
8700.15454316139,7,0.0983
8701.1560549736,7,0.0949
8702.16276097298,7,0.0949
8703.16950488091,7,0.0991
8704.17607069016,7,0.0991
8706.18393349648,7,0.0991
8707.1957256794,7,0.0991
8708.20241928101,7,0.0991
8709.21417880058,7,0.0991
8710.22008037567,7,0.0991
8711.22665214539,7,0.0991
8712.23329734802,7,0.0991
8713.24005222321,7,0.0991
8714.2467815876,7,0.0991
8715.25858592987,7,0.0991
8716.26015663147,7,0.0991
8717.27609300613,7,0.1034
8718.29207539558,7,0.1034
8719.29891228676,7,0.1034
8720.31505799294,7,0.0991
8721.32169818878,7,0.0991
8722.32845473289,7,0.0991
8723.33519768715,7,0.0957
8724.34704947472,7,0.0957
8726.36516547203,7,0.1
8727.37605428696,7,0.1
8728.38297009468,7,0.1
8729.39501929283,7,0.1
8730.4018099308,7,0.1
8731.4128818512,7,0.1
8732.41959929466,7,0.1
8733.42658257484,7,0.1
8734.43355607986,7,0.1
8735.45985269547,7,0.1
8736.48514771461,7,0.1
8737.48817920685,7,0.1
8738.49183893204,7,0.1042
8739.50747537613,7,0.1042
8740.51194548607,7,0.1042
8741.5266597271,7,0.1042
8742.52886343002,7,0.1
8743.53335285187,7,0.1
8744.53576660156,7,0.1
8746.53956913948,7,0.1
8747.54136705399,7,0.1
8748.55170178413,7,0.1
8749.55680775642,7,0.1
8750.5772228241,7,0.1
8751.58612203598,7,0.1
8752.60560488701,7,0.0966
8753.61094617844,7,0.0966
8754.62194252014,7,0.1
8755.62664866447,7,0.1
8756.62832593918,7,0.0966
8757.63175845146,7,0.1008
8758.63596987724,7,0.1008
8759.63912773132,7,0.1008
8760.64193296432,7,0.1008
8761.65703392029,7,0.1051
8762.6598098278,7,0.1051
8763.66635942459,7,0.1051
8764.67204213142,7,0.1051
8766.68003511429,7,0.1051
8767.68590259552,7,0.1008
8768.69270634651,7,0.1008
8769.69903874397,7,0.1008
8770.70590686798,7,0.1008
8771.71209096909,7,0.1008
8772.72329378128,7,0.1008
8773.73513817787,7,0.1008
8774.74184179306,7,0.1008
8775.74813771248,7,0.1008
8776.76003193855,7,0.1008
8777.76161074638,7,0.1008
8778.76807999611,7,0.1008
8779.78399181366,7,0.1008
8780.79086136818,7,0.0974
8781.7976372242,7,0.1017
8782.80408978462,7,0.1017
8783.81092810631,7,0.1017
8784.81767582893,7,0.1017
8786.8246948719,7,0.1017
8787.83162426949,7,0.1059
8788.84776568413,7,0.1059
8789.85445308685,7,0.1059
8790.86112093925,7,0.1059
8791.86781644821,7,0.1059
8792.87453508377,7,0.1059
8793.88124775887,7,0.1059
8794.8920583725,7,0.1059
8795.89885354042,7,0.1059
8796.90560173988,7,0.1059
8797.91220283508,7,0.1059
8798.91893076897,7,0.1059
8799.92562961578,7,0.1059
8800.94155216217,7,0.1017
8801.94816660881,7,0.1017
8802.95997357368,7,0.1017
8803.96679615974,7,0.1017
8804.97869682312,7,0.0983
8806.99152541161,7,0.0983
8807.99818348885,7,0.0983
8808.99979710579,7,0.0983
8810.01288199425,7,0.0983
8811.0288901329,7,0.0983
8812.04008030891,7,0.0983
8813.04697179794,7,0.1025
8814.05367159843,7,0.0983
8815.06010580063,7,0.1025
8816.07186222076,7,0.1025
8817.08360099792,7,0.1025
8818.0954580307,7,0.1025
8819.10722899437,7,0.1025
8820.11339092255,7,0.1025
8821.12007784843,7,0.1025
8822.13509988785,7,0.1025
8823.1469168663,7,0.1068
8824.15886235237,7,0.1068
8825.16565179825,7,0.1068
8827.17318224907,7,0.1068
8828.17991089821,7,0.1025
8829.1916718483,7,0.1025
8830.19847393036,7,0.1025
8831.19927239418,7,0.1025
8832.21113753319,7,0.1025
8833.22305703163,7,0.1025
8834.22967791557,7,0.1025
8835.23609113693,7,0.1025
8836.23763227463,7,0.1025
8837.24422669411,7,0.1025
8838.25607228279,7,0.1025
8839.26288056374,7,0.1025
8840.27945256233,7,0.0991
8841.28606939316,7,0.0991
8842.2920935154,7,0.0991
8843.29887199402,7,0.1034
8844.31059598923,7,0.1034
8845.31217479706,7,0.1034
8847.32513427734,7,0.1034
8848.3318400383,7,0.1034
8849.33859276772,7,0.1034
8850.34008693695,7,0.1034
8851.34162211418,7,0.1034
8852.35334086418,7,0.1034
8853.36007404327,7,0.1034
8854.37184095383,7,0.1034
8855.37845993042,7,0.1034
8856.38812112808,7,0.1034
8857.39500355721,7,0.1034
8858.40676188469,7,0.1034
8859.40808320045,7,0.1076
8860.42008471489,7,0.1078
8861.42693805695,7,0.1076
8862.43897843361,7,0.1076
8863.44584155083,7,0.1076
8864.44745516777,7,0.1034
8865.45407772064,7,0.1034
8867.45612335205,7,0.1034
8868.46293950081,7,0.1034
8869.4697265625,7,0.1034
8870.47608995438,7,0.1034
8871.49103045464,7,0.1034
8872.50683736801,7,0.1034
8873.5222492218,7,0.1034
8874.5372543335,7,0.1034
8875.55206894875,7,0.1034
8876.56785845757,7,0.1034
8877.57467675209,7,0.1034
8878.59090971947,7,0.1034
8879.60625219345,7,0.1034
8880.61208128929,7,0.1034
8881.61879110336,7,0.1042
8882.64536142349,7,0.1042
8883.65063285828,7,0.1042
8884.67090415955,7,0.1042
8885.67450428009,7,0.1042
8887.67893838882,7,0.1042
8888.69388818741,7,0.1042
8889.69927692413,7,0.1042
8890.71530342102,7,0.1042
8891.71727204323,7,0.1042
8892.7202527523,7,0.1042
8893.72243356705,7,0.1042
8894.72325229645,7,0.1042
8895.72808146477,7,0.1042
8896.73087191582,7,0.1042
8897.73437690735,7,0.1042
8898.73719477654,7,0.1042
8899.74937081337,7,0.1085
8900.75088644028,7,0.1085
8901.76011753082,7,0.1085
8902.77026605606,7,0.1085
8903.78409838676,7,0.1085
8904.79090380669,7,0.1085
8905.79769086838,7,0.1085
8907.80518555641,7,0.1042
8908.81165933609,7,0.1042
8909.81830239296,7,0.1042
8910.8246088028,7,0.1042
8911.83136868477,7,0.1042
8912.843064785,7,0.1042
8913.85489678383,7,0.1042
8914.86173653603,7,0.1042
8915.86804032326,7,0.1042
8916.87479329109,7,0.1042
8917.88651895523,7,0.1042
8918.89297008514,7,0.1042
8919.89984273911,7,0.1042
8920.90650773048,7,0.1042
8921.92203211784,7,0.1042
8922.93375492096,7,0.1042
8923.94556593895,7,0.1008
8924.95232796669,7,0.1051
8925.95909786224,7,0.1051
8927.97205281258,7,0.1051
8928.98382997513,7,0.1051
8929.99580073357,7,0.1051
8930.99750733376,7,0.1051
8932.00410842896,7,0.1051
8933.02006912231,7,0.1051
8934.03190016747,7,0.1051
8935.03861951828,7,0.1051
8936.05038785934,7,0.1051
8937.05700969696,7,0.1051
8938.06376862526,7,0.1051
8939.07052755356,7,0.1051
8940.07631778717,7,0.1051
8941.09209132195,7,0.1051
8942.10387778282,7,0.1095
8943.11053323746,7,0.1095
8944.12231826782,7,0.1093
8945.12919354439,7,0.1095
8946.13601279259,7,0.1095
8948.14389824867,7,0.1095
8949.15076446533,7,0.1095
8950.16243028641,7,0.1095
8951.16913700104,7,0.1095
8952.17582893372,7,0.1093
8953.18754529953,7,0.1095
8954.19342017174,7,0.1095
8955.2051384449,7,0.1095
8956.21611404419,7,0.1095
8957.22287511826,7,0.1095
8958.22956895828,7,0.1093
8959.23618292809,7,0.1095
8960.24797058105,7,0.1095
8961.25476789474,7,0.1051
8962.26151251793,7,0.1051
8963.26812314987,7,0.1051
8964.27479052544,7,0.1051
8965.28152537346,7,0.1051
8966.28808569908,7,0.1051
8968.29597711563,7,0.1051
8969.30247211456,7,0.1051
8970.30913591385,7,0.1051
8971.31069803238,7,0.1017
8972.31731557846,7,0.1017
8973.32408237457,7,0.1017
8974.33082437515,7,0.1017
8975.33208632469,7,0.1051
8976.34386348724,7,0.1017
8977.35046887398,7,0.1051
8978.35709285736,7,0.1017
8979.36382555962,7,0.1017
8980.37051272392,7,0.1059
8981.38638067245,7,0.1059
8982.39310240746,7,0.1059
8983.3998169899,7,0.1059
8984.41156792641,7,0.1059
8985.41837358475,7,0.1059
8986.42514586449,7,0.1059
8988.43310952187,7,0.1059
8989.4398317337,7,0.1059
8990.45178794861,7,0.1059
8991.46353697777,7,0.1059
8992.47893261909,7,0.1059
8993.4941034317,7,0.1059
8994.50586128235,7,0.1059
8995.50747919083,7,0.1059
8996.51929855347,7,0.1059
8997.54129195213,7,0.1059
8998.54901981354,7,0.1059
8999.57484173775,7,0.1102
9000.58022093773,7,0.1102
9001.59438109398,7,0.1102
9002.59927678108,7,0.1102
9003.6133658886,7,0.1102
9004.61918854713,7,0.1103
9005.6199889183,7,0.1102
9006.62163162231,7,0.1102
9008.63907241821,7,0.1059
9009.64004516602,7,0.1059
9010.64654612541,7,0.1059
9011.64796519279,7,0.1059
9012.64934897423,7,0.1059
9013.65072488785,7,0.1059
9014.65192580223,7,0.1059
9015.65833163261,7,0.1059
9016.66977262497,7,0.1059
9017.67605805397,7,0.1059
9018.68273901939,7,0.1059
9019.68407320976,7,0.1059
9020.69078183174,7,0.1059
9021.69223451614,7,0.1059
9022.70399069786,7,0.1059
9023.71067047119,7,0.1059
9024.71737122536,7,0.1059
9025.72880911827,7,0.1059
9026.74412965775,7,0.1059
9028.75183796883,7,0.1025
9029.75854635239,7,0.1025
9030.76536846161,7,0.1025
9031.77920293808,7,0.1025
9032.7800962925,7,0.1025
9033.78682541847,7,0.1025
9034.79274821281,7,0.1025
9035.79950833321,7,0.1025
9036.80108880997,7,0.1025
9037.81206417084,7,0.1025
9038.82383298874,7,0.1068
9039.83554768562,7,0.1068
9040.84180378914,7,0.1068
9041.84816861153,7,0.1068
9042.85495519638,7,0.1068
9043.86165809631,7,0.1068
9044.87324619293,7,0.1068
9045.8799636364,7,0.1068
9046.89173173904,7,0.1068
9048.90396571159,7,0.1068
9049.91050076485,7,0.1068
9050.91721081734,7,0.1068
9051.92409014702,7,0.1068
9052.92563009262,7,0.1068
9053.93208193779,7,0.1068
9054.9438700676,7,0.1068
9055.95560956001,7,0.1068
9056.96234321594,7,0.1068
9057.97410082817,7,0.1068
9058.97994828224,7,0.1068
9059.98661208153,7,0.1112
9060.99346995354,7,0.1112
9062.00542092323,7,0.1112
9063.01209235191,7,0.1112
9064.0187857151,7,0.1112
9065.02573299408,7,0.1112
9066.03738737106,7,0.1112
9067.0389008522,7,0.1112
9069.04127502441,7,0.1112
9070.05205059052,7,0.1112
9071.05878186226,7,0.1112
9072.07053470612,7,0.1112
9073.0720846653,7,0.1112
9074.08385205269,7,0.1112
9075.09060049057,7,0.1112
9076.10635399818,7,0.1112
9077.10806918144,7,0.1112
9078.11981105804,7,0.1112
9079.12652420998,7,0.1112
9080.13312411308,7,0.1068
9081.1440885067,7,0.1068
9082.14561843872,7,0.1068
9083.15767884254,7,0.1068
9084.16409397125,7,0.1068
9085.17087936401,7,0.1068
9086.17205286026,7,0.1068
9088.18403959274,7,0.1068
9089.18557071686,7,0.1068
9090.19205260277,7,0.1068
9091.19867253304,7,0.1068
9092.2054605484,7,0.1068
9093.21724271774,7,0.1068
9094.22406172752,7,0.1068
9095.23082017899,7,0.1068
9096.23762893677,7,0.1068
9097.24934482574,7,0.1068
9098.25611829758,7,0.1068
9099.26277637482,7,0.1068
9100.26947617531,7,0.1068
9101.27608895302,7,0.1068
9102.28280568123,7,0.1068
9103.28959584236,7,0.1068
9104.29607868195,7,0.1034
9105.30298399925,7,0.1034
9106.30965709686,7,0.1034
9108.31717419624,7,0.1076
9109.32807564735,7,0.1076
9110.33493041992,7,0.1076
9111.34177613258,7,0.1076
9112.35913777351,7,0.1076
9113.37322998047,7,0.1076
9114.38414788246,7,0.1078
9115.39085674286,7,0.1076
9116.40277075768,7,0.1076
9117.42797660828,7,0.1076
9118.45040655136,7,0.1076
9119.45265579224,7,0.1076
9120.45515298843,7,0.1076
9121.47307372093,7,0.1076
9122.47701048851,7,0.1078
9123.48225498199,7,0.1078
9124.49440836906,7,0.1078
9125.49641728401,7,0.1076
9126.5003900528,7,0.1076
9128.50413751602,7,0.1078
9129.50609588623,7,0.1076
9130.50990009308,7,0.1076
9131.51328372955,7,0.1119
9132.5147819519,7,0.1076
9133.51753640175,7,0.112
9134.52001929283,7,0.1076
9135.52673435211,7,0.1076
9136.53328919411,7,0.1076
9137.53984904289,7,0.1076
9138.55064463615,7,0.112
9139.557502985,7,0.112
9140.56928992271,7,0.112
9141.5761244297,7,0.1119
9142.58277773857,7,0.112
9143.58949446678,7,0.112
9144.59609079361,7,0.112
9145.60278630257,7,0.112
9146.61413431168,7,0.112
9148.62118196487,7,0.112
9149.62800049782,7,0.112
9150.63959956169,7,0.112
9151.6513876915,7,0.112
9152.6580965519,7,0.112
9153.6641087532,7,0.112
9154.67082452774,7,0.112
9155.67754411697,7,0.112
9156.69403719902,7,0.1119
9157.70022821426,7,0.112
9158.7069375515,7,0.112
9159.7136516571,7,0.112
9160.72964453697,7,0.112
9161.73605418205,7,0.112
9162.73760008812,7,0.112
9163.74929332733,7,0.112
9164.75085401535,7,0.112
9165.75758194923,7,0.112
9166.76942276955,7,0.112
9168.78234934807,7,0.1078
9169.79405736923,7,0.1076
9170.80011415482,7,0.1076
9171.80701470375,7,0.1076
9172.82318401337,7,0.1076
9173.82980942726,7,0.1076
9174.83610439301,7,0.1076
9175.84791827202,7,0.1076
9176.86318874359,7,0.1076
9177.87001276016,7,0.1076
9178.8817949295,7,0.1078
9179.8960878849,7,0.1076
9180.90786170959,7,0.1076
9181.91459989548,7,0.1076
9182.9213476181,7,0.1078
9183.92804813385,7,0.1076
9184.93468046188,7,0.1078
9185.95043063164,7,0.1076
9186.96569252014,7,0.1076
9188.97330188751,7,0.1076
9189.98011136055,7,0.1078
9190.98603463173,7,0.1076
9191.99210143089,7,0.1076
9192.99872946739,7,0.1078
9194.00544118881,7,0.1078
9195.01207780838,7,0.1076
9196.01885700226,7,0.1076
9197.02008748055,7,0.1076
9198.03543281555,7,0.1076
9199.05180478096,7,0.1076
9200.06360220909,7,0.1078
9201.07026338577,7,0.1076
9202.07607460022,7,0.1076
9203.08259391785,7,0.1076
9204.08398962021,7,0.1078
9205.0906920433,7,0.1076
9206.10240721703,7,0.1076
9207.10914349556,7,0.1076
9209.11620020866,7,0.1085
9210.12286639214,7,0.1085
9211.12954640388,7,0.1085
9212.13603949547,7,0.1085
9213.14274764061,7,0.1085
9214.14951968193,7,0.1085
9215.15604186058,7,0.1085
9216.16786289215,7,0.1085
9217.17464566231,7,0.1085
9218.18135404587,7,0.1085
9219.18293976784,7,0.1085
9220.18410229683,7,0.1085
9221.19100379944,7,0.1085
9222.20274949074,7,0.1085
9223.20455622673,7,0.1085
9224.21614098549,7,0.1085
9225.22288203239,7,0.1085
9226.23482012749,7,0.1085
9227.25201940536,7,0.1085
9229.25472187996,7,0.1085
9230.26140022278,7,0.1085
9231.26807284355,7,0.1085
9232.26966977119,7,0.1085
9233.28146100044,7,0.1085
9234.28813028336,7,0.1085
9235.28974342346,7,0.1085
9236.30570363998,7,0.1085
9237.31775069237,7,0.1085
9238.32959270477,7,0.1085
9239.34532976151,7,0.1085
9240.35209822655,7,0.1085
9241.36393713951,7,0.1086
9242.37086558342,7,0.1085
9243.38783574104,7,0.1085
9244.40342569351,7,0.1085
9245.41914582253,7,0.1085
9246.43093442917,7,0.1085
9247.44759058952,7,0.1085
9249.46010255814,7,0.1085
9250.46702528,7,0.1085
9251.47885394096,7,0.1085
9252.48563528061,7,0.1085
9253.487210989,7,0.1129
9254.49907851219,7,0.1085
9255.50593709946,7,0.1085
9256.51216840744,7,0.1129
9257.51892447472,7,0.1085
9258.53090882301,7,0.1085
9259.53780269623,7,0.1085
9260.54951334,7,0.1129
9261.55610847473,7,0.1129
9262.56794714928,7,0.1129
9263.57982587814,7,0.1129
9264.58661437035,7,0.1129
9265.59335756302,7,0.1129
9266.60009860992,7,0.1129
9267.61607336998,7,0.1129
9269.62393450737,7,0.1129
9270.63582134247,7,0.1129
9271.6476764679,7,0.1129
9272.65954518318,7,0.1129
9273.66616630554,7,0.1129
9274.67802619934,7,0.1129
9275.68407487869,7,0.1129
9276.69093251228,7,0.1129
9277.69763183594,7,0.1129
9278.70408892632,7,0.1129
9279.71544384956,7,0.1129
9280.72726845741,7,0.1129
9281.72808885574,7,0.1129
9282.73479390144,7,0.1129
9283.74654531479,7,0.1129
9284.75336813927,7,0.1129
9285.76513338089,7,0.1129
9286.77610707283,7,0.1129
9287.78287935257,7,0.1129
9289.79586267471,7,0.1129
9290.81138730049,7,0.1129
9291.82808613777,7,0.1129
9292.83486676216,7,0.1129
9293.8414914608,7,0.1129
9294.85338830948,7,0.1129
9295.86006760597,7,0.1129
9296.86626434326,7,0.1129
9297.89273285866,7,0.1129
9298.90215492249,7,0.1129
9299.9257683754,7,0.1129
9300.9449262619,7,0.1129
9301.95046639442,7,0.1129
9302.96195459366,7,0.1129
9303.96677327156,7,0.1129
9304.98491430283,7,0.1129
9306.0143737793,7,0.1129
9307.01788282394,7,0.1129
9308.02082204819,7,0.1085
9310.03938770294,7,0.1085
9311.04548811913,7,0.1085
9312.05243420601,7,0.1085
9313.05911016464,7,0.1085
9314.06521654129,7,0.1085
9315.08131670952,7,0.1085
9316.08382725716,7,0.1085
9317.09034609795,7,0.1085
9318.10005092621,7,0.1085
9319.10666275024,7,0.1085
9320.1133582592,7,0.1085
9321.12513566017,7,0.1085
9322.13204288483,7,0.1085
9323.13876390457,7,0.1085
9324.1453769207,7,0.1085
9325.15208888054,7,0.1085
9326.16383695602,7,0.1085
9327.17068386078,7,0.1085
9328.17731451988,7,0.1085
9330.18530130386,7,0.1085
9331.19724321365,7,0.1085
9332.20390725136,7,0.1085
9333.21071147919,7,0.1085
9334.2273440361,7,0.1085
9335.23401379585,7,0.1085
9336.24576163292,7,0.1085
9337.25206804276,7,0.1085
9338.25876355171,7,0.1085
9339.26541924477,7,0.1085
9340.27207493782,7,0.1085
9341.27874946594,7,0.1085
9342.28013706207,7,0.1085
9343.28682327271,7,0.1085
9344.29868173599,7,0.1085
9345.30533599854,7,0.1085
9346.31194114685,7,0.1085
9347.31855678558,7,0.1085
9348.32004618645,7,0.1085
9350.33206486702,7,0.1086
9351.3388106823,7,0.1085
9352.34560990334,7,0.1085
9353.35209870338,7,0.1085
9354.36390566826,7,0.1085
9355.3707253933,7,0.1085
9356.37737560272,7,0.1085
9357.38412714005,7,0.1085
9358.3961057663,7,0.1085
9359.40276098251,7,0.1085
9360.41455721855,7,0.1085
9361.43017292023,7,0.1085
9362.44196295738,7,0.1085
9363.44809603691,7,0.1085
9364.45990848541,7,0.1085
9365.46673083305,7,0.1085
9366.48377680779,7,0.1085
9367.50197696686,7,0.1085
9368.51386427879,7,0.1085
9370.52116966248,7,0.1095
9371.52790212631,7,0.1093
9372.53463673592,7,0.1093
9373.53592157364,7,0.1093
9374.54267263412,7,0.1095
9375.54937934875,7,0.1095
9376.55614423752,7,0.1093
9377.56280708313,7,0.1093
9378.57461118698,7,0.1095
9379.58126759529,7,0.1095
9380.59212398529,7,0.1093
9381.603992939,7,0.1095
9382.61080813408,7,0.1095
9383.61755537987,7,0.1095
9384.62931227684,7,0.1093
9385.63617730141,7,0.1093
9386.64792537689,7,0.1095
9387.65973973274,7,0.1095
9388.66647982597,7,0.1095
9390.67441272736,7,0.1093
9391.69083714485,7,0.1095
9392.69751310349,7,0.1095
9393.70412302017,7,0.1095
9394.71074771881,7,0.1095
9395.72617268562,7,0.1095
9396.73207807541,7,0.1095
9397.73881030083,7,0.1095
9398.74553751945,7,0.1095
9399.75204777718,7,0.1095
9400.76754975319,7,0.1095
9401.77938771248,7,0.1095
9402.79110431671,7,0.1095
9403.79211497307,7,0.1095
9404.79887390137,7,0.1093
9405.80555105209,7,0.1095
9406.81210446358,7,0.1095
9407.81876969337,7,0.1095
9408.82550096512,7,0.1093
9410.83321595192,7,0.1095
9411.83993411064,7,0.1095
9412.84664225578,7,0.1095
9413.85335636139,7,0.1095
9414.86012554169,7,0.1095
9415.86713838577,7,0.1095
9416.87898373604,7,0.1095
9417.88479232788,7,0.1093
9418.89612007141,7,0.1093
9419.90793514252,7,0.1095
9420.91466498375,7,0.1095
9421.92150950432,7,0.1095
9422.93328094482,7,0.1095
9423.94005489349,7,0.1095
9424.95184373856,7,0.1137
9425.95866680145,7,0.1137
9426.97067475319,7,0.1137
9427.98242473602,7,0.1137
9428.98916172981,7,0.1137
9430.9960565567,7,0.1137
9432.00290751457,7,0.1137
9433.0180106163,7,0.1137
9434.03449440002,7,0.1137
9435.05030536652,7,0.1137
9436.05606126785,7,0.1137
9437.06284475327,7,0.1137
9438.06962323189,7,0.1137
9439.08136081696,7,0.1137
9440.08807992935,7,0.1137
9441.09994077682,7,0.1137
9442.1117618084,7,0.1137
9443.11849045753,7,0.1137
9444.12523174286,7,0.1137
9445.13217258453,7,0.1137
9446.13894963264,7,0.1137
9447.15533614159,7,0.1137
9448.162099123,7,0.1137
9449.16802978516,7,0.1137
9451.18007612228,7,0.1137
9452.19524097443,7,0.1137
9453.20704102516,7,0.1137
9454.21803689003,7,0.1137
9455.23204517365,7,0.1137
9456.24780797958,7,0.1137
9457.25951910019,7,0.1137
9458.30557346344,7,0.1137
9459.31897473335,7,0.1137
9460.32315325737,7,0.1137
9461.34013390541,7,0.1137
9462.34391593933,7,0.1137
9463.35889315605,7,0.1137
9464.36192154884,7,0.1137
9465.36391663551,7,0.1137
9466.36690187454,7,0.1137
9467.36864471436,7,0.1137
9468.37104701996,7,0.1137
9469.37189865112,7,0.1137
9471.37775492668,7,0.1137
9472.37939095497,7,0.1137
9473.380235672,7,0.1137
9474.39125132561,7,0.1137
9475.41544961929,7,0.1137
9476.41922712326,7,0.1137
9477.42199897766,7,0.1137
9478.43835639954,7,0.1137
9479.44325375557,7,0.1137
9480.45597934723,7,0.1137
9481.46088552475,7,0.1137
9482.47457003593,7,0.1137
9483.47753667831,7,0.1137
9484.47888422012,7,0.1137
9485.48544454575,7,0.1095
9486.49194145203,7,0.1095
9487.49843621254,7,0.1095
9488.5049598217,7,0.1095
9489.51604175568,7,0.1093
9491.51871609688,7,0.1095
9492.52527046204,7,0.1095
9493.52692484856,7,0.1095
9494.53369188309,7,0.1093
9495.54936790466,7,0.1095
9496.55607032776,7,0.1093
9497.56280970573,7,0.1095
9498.5694937706,7,0.1093
9499.57606101036,7,0.1095
9500.58275198936,7,0.1095
9501.58943867683,7,0.1095
9502.59113931656,7,0.1095
9503.59214067459,7,0.1093
9504.59891843796,7,0.1095
9505.60571074486,7,0.1095
9506.61214828491,7,0.1095
9507.61900210381,7,0.1095
9508.63083267212,7,0.1093
9509.6376247406,7,0.1095
9511.64983963966,7,0.1095
9512.66169452667,7,0.1095
9513.66812396049,7,0.1095
9514.68376326561,7,0.1095
9515.69056391716,7,0.1095
9516.69207596779,7,0.1095
9517.69365382195,7,0.1095
9518.6952688694,7,0.1095
9519.69605898857,7,0.1095
9520.70282387733,7,0.1095
9521.70405268669,7,0.1095
9522.71585869789,7,0.1095
9523.72257232666,7,0.1095
9524.72935843468,7,0.1095
9525.73615813255,7,0.1093
9526.74281024933,7,0.1095
9527.74953842163,7,0.1095
9528.75112915039,7,0.1095
9529.75789237022,7,0.1095
9531.76517772675,7,0.1095
9532.7760643959,7,0.1095
9533.78289747238,7,0.1093
9534.78954792023,7,0.1095
9535.79610133171,7,0.1095
9536.80286288261,7,0.1095
9537.81466245651,7,0.1095
9538.81608128548,7,0.1093
9539.82275056839,7,0.1095
9540.82944512367,7,0.1095
9541.8360953331,7,0.1095
9542.84803175926,7,0.1095
9543.8632247448,7,0.1095
9544.87498545647,7,0.1095
9545.88176631927,7,0.1095
9546.88805985451,7,0.1095
9547.89499258995,7,0.1095
9548.90176081657,7,0.1095
9549.91607546806,7,0.1095
9551.92810463905,7,0.1093
9552.94392251968,7,0.1059
9553.95553541183,7,0.1095
9554.96600747108,7,0.1095
9555.97194981575,7,0.1095
9556.97349429131,7,0.1095
9557.97992253304,7,0.1059
9558.99130487442,7,0.1103
9559.99815154076,7,0.1095
9561.01097488403,7,0.1103
9562.01783370972,7,0.1102
9563.02957010269,7,0.1102
9564.03607559204,7,0.1102
9565.05136013031,7,0.1102
9566.06335830688,7,0.1102
9567.07870483398,7,0.1102
9568.09041142464,7,0.1102
9569.10808229446,7,0.1103
9570.12319278717,7,0.1103
9572.1360707283,7,0.1102
9573.15329647064,7,0.1103
9574.16004490852,7,0.1103
9575.16161060333,7,0.1103
9576.16812491417,7,0.1102
9577.17485189438,7,0.1103
9578.1865735054,7,0.1102
9579.19331336021,7,0.1103
9580.20008659363,7,0.1103
9581.20675992966,7,0.1103
9582.21343040466,7,0.1102
9583.22007465363,7,0.1102
9584.22677946091,7,0.1102
9585.23310565948,7,0.1102
9586.24407863617,7,0.1103
9587.25086259842,7,0.1103
9588.25756883621,7,0.1102
9589.26413464546,7,0.1103
9590.27597546577,7,0.1102
9592.28393626213,7,0.1102
9593.29066348076,7,0.1103
9594.30637812614,7,0.1103
9595.31322526932,7,0.1103
9596.32007622719,7,0.1102
9597.32679390907,7,0.1103
9598.33370995522,7,0.1102
9599.34547114372,7,0.1102
9600.3520963192,7,0.1103
9601.35893630981,7,0.1103
9602.36481142044,7,0.1102
9603.3715569973,7,0.1102
9604.3722615242,7,0.1102
9605.37383842468,7,0.1103
9606.38560390472,7,0.1103
9607.39208030701,7,0.1102
9608.3988404274,7,0.1102
9609.40547466278,7,0.1102
9610.40703463554,7,0.1102
9612.40925240517,7,0.1103
9613.41601681709,7,0.1102
9614.43367815018,7,0.1102
9615.44011211395,7,0.1102
9616.44677066803,7,0.1102
9617.4534933567,7,0.1102
9618.46016168594,7,0.1102
9619.46700501442,7,0.1103
9620.4831392765,7,0.1103
9621.48979377747,7,0.1103
9622.49136185646,7,0.1103
9623.50306630135,7,0.1103
9624.50971579552,7,0.1102
9625.51620125771,7,0.1103
9626.52812314034,7,0.1146
9627.53486299515,7,0.1103
9628.54668164253,7,0.1146
9629.55842828751,7,0.1146
9631.57126736641,7,0.1146
9632.57790184021,7,0.1146
9633.58410978317,7,0.1146
9634.590747118,7,0.1146
9635.59748768806,7,0.1146
9636.60923218727,7,0.1146
9637.61603450775,7,0.1146
9638.6228055954,7,0.1146
9639.62957048416,7,0.1146
9640.64130520821,7,0.1146
9641.64824771881,7,0.1146
9642.66013813019,7,0.1146
9643.66686439514,7,0.1146
9644.67860221863,7,0.1146
9645.69038629532,7,0.1146
9646.69681978226,7,0.1146
9647.70355200768,7,0.1146
9648.71026086807,7,0.1146
9649.71606373787,7,0.1146
9651.72403407097,7,0.1146
9652.73077511787,7,0.1146
9653.73742008209,7,0.1146
9654.74413371086,7,0.1146
9655.75091362,7,0.1146
9656.75768327713,7,0.1146
9657.76403474808,7,0.1146
9658.77078461647,7,0.1146
9659.77757406235,7,0.1146
9660.7840487957,7,0.1146
9661.79588723183,7,0.1146
9662.80765032768,7,0.1146
9663.81951618195,7,0.1146
9664.83422207832,7,0.1146
9665.85045981407,7,0.1146
9666.85726189613,7,0.1146
9667.86325073242,7,0.1146
9668.86986112595,7,0.1146
9669.8760945797,7,0.1146
9671.8880918026,7,0.1146
9672.91238069534,7,0.1146
9673.93985152245,7,0.1146
9674.94244766235,7,0.1146
9675.95621418953,7,0.1146
9677.96476411819,7,0.1112