time,voltage,height
80.8329808712006,4,0.052
82.8610169887543,4,0.0478
83.8728041648865,4,0.0563
84.8794498443604,4,0.041
85.8853416442871,4,0.0469
86.94300365448,4,0.052
87.9648118019104,4,0.0468
88.9728209972382,4,0.052
89.9968950748444,4,0.052
91.0048894882202,4,0.0563
92.0128917694092,4,0.052
93.0208239555359,4,0.052
94.0290095806122,4,0.0478
95.0328419208527,4,0.0563
96.0408668518066,4,0.0565
97.0689132213593,4,0.052
98.0783619880676,4,0.052
99.088812828064,4,0.052
100.09681892395,4,0.052
101.104845762253,4,0.052
103.112890005112,4,0.052
104.128981113434,4,0.052
105.141912937164,4,0.052
106.169004678726,4,0.0468
107.183398008347,4,0.052
108.24175453186,4,0.052
109.246604681015,4,0.052
110.255433797836,4,0.052
111.272663116455,4,0.052
112.280124187469,4,0.052
113.290723323822,4,0.052
114.303546905518,4,0.052
115.309225797653,4,0.0478
116.317146062851,4,0.0522
117.321310281754,4,0.0478
118.32740020752,4,0.0478
119.332819461823,4,0.0435
120.360891342163,4,0.0435
121.368926763535,4,0.0469
123.380934476852,4,0.0469
124.390979766846,4,0.0512
125.404919624329,4,0.0466
126.412949323654,4,0.0478
127.421021699905,4,0.0468
128.428930282593,4,0.0468
129.436940193176,4,0.0468
130.444951534271,4,0.041
131.452934265137,4,0.0478
132.480928421021,4,0.0468
133.488957643509,4,0.0512
134.496969938278,4,0.0512
135.504963874817,4,0.0478
136.534749507904,4,0.0469
137.550692081451,4,0.0469
138.560929775238,4,0.0469
139.568968057632,4,0.0469
140.576973438263,4,0.0512
141.584853887558,4,0.0512
143.649099111557,4,0.0512
144.656297922134,4,0.0512
145.662496328354,4,0.0512
146.670078277588,4,0.0556
147.693705797195,4,0.0466
148.698513746262,4,0.0556
149.707245826721,4,0.0512
150.717187166214,4,0.0466
151.723024129868,4,0.0512
152.727895259857,4,0.0466
153.735997200012,4,0.0512
154.741812944412,4,0.0512
155.746479034424,4,0.0512
156.750059843063,4,0.0512
157.754112482071,4,0.0469
158.759363651276,4,0.0469
159.765473127365,4,0.0512
160.76907992363,4,0.0512
161.784804105759,4,0.0512
163.816935300827,4,0.0512
164.839864015579,4,0.0512
165.848989009857,4,0.0512
166.858241319656,4,0.0512
167.86892414093,4,0.0512
168.900964975357,4,0.0512
169.908947944641,4,0.0512
170.917003154755,4,0.0512
171.929000854492,4,0.0512
172.936979293823,4,0.0512
173.944936990738,4,0.0512
174.952916145325,4,0.0512
175.96479678154,4,0.0512
176.972812652588,4,0.0512
177.980827331543,4,0.0512
179.008916854858,4,0.0512
180.016974925995,4,0.0512
181.032994031906,4,0.0512
182.044943332672,4,0.0512
184.056798696518,4,0.0512
185.086981296539,4,0.0512
186.102559089661,4,0.0512
187.112943649292,4,0.0512
188.120818853378,4,0.0512
189.148977279663,4,0.0512
190.160937547684,4,0.0468
191.168992042542,4,0.0512
192.177006483078,4,0.0512
193.184962749481,4,0.0512
194.192791223526,4,0.0512
195.220953226089,4,0.0469
196.249026060104,4,0.0512
197.268966436386,4,0.0512
198.276962995529,4,0.0469
199.287869691849,4,0.0469
200.297520875931,4,0.0512
201.304951667786,4,0.0512
202.312935113907,4,0.0512
204.324786901474,4,0.0512
205.350130796432,4,0.0469
206.364953041077,4,0.0468
207.380748033524,4,0.0468
208.388823509216,4,0.0512
209.396962404251,4,0.0468
210.4048204422,4,0.0512
211.412948131561,4,0.0466
212.420810699463,4,0.0466
213.444937944412,4,0.0512
214.452791213989,4,0.0469
215.480993747711,4,0.0512
216.488945007324,4,0.0469
217.496979951859,4,0.0461
218.5048391819,4,0.0469
219.513031005859,4,0.0469
220.521728277206,4,0.0461
221.55310344696,4,0.0469
222.580932378769,4,0.0469
224.59693980217,4,0.0461
225.603658676147,4,0.0461
226.610137224197,6,0.0384
227.620954751968,6,0.0466
228.646273136139,6,0.0461
229.658049106598,6,0.0468
230.664684534073,6,0.0468
231.676517009735,6,0.0468
232.704319238663,6,0.0384
233.710978984833,6,0.0461
234.717108011246,6,0.0452
235.742711305618,6,0.0461
236.74889087677,6,0.0461
237.760611057281,6,0.0512
238.767292261124,6,0.0478
239.826402664185,6,0.0563
240.843224048615,6,0.0481
241.850637674332,6,0.0529
242.858016490936,6,0.0537
244.863454580307,6,0.0537
245.86606669426,6,0.0537
246.870338916779,6,0.0503
247.872954130173,6,0.0503
248.892906188965,6,0.0503
249.899583816528,6,0.0503
250.906203985214,6,0.0503
251.907744646072,6,0.0503
252.908978462219,6,0.0546
253.915611982346,6,0.0548
254.939697027206,6,0.0546
255.946323394775,6,0.0493
256.952933073044,6,0.0512
257.959775924683,6,0.0556
258.966277360916,6,0.052
259.978203773499,6,0.0563
260.984947919846,6,0.0529
261.986505031586,6,0.0573
262.992970943451,6,0.0529
265.000810623169,6,0.0537
266.007509469986,6,0.058
267.014168024063,6,0.058
268.020931243896,6,0.058
269.027713298798,6,0.0582
270.034517526627,6,0.0582
271.040955543518,6,0.0537
272.042556762695,6,0.0582
273.048961639404,6,0.0582
274.060897111893,6,0.0582
275.08692073822,6,0.058
276.092943191528,6,0.0546
277.099665164948,6,0.059
278.13717007637,6,0.0554
279.144045352936,6,0.0599
280.149701118469,6,0.0554
281.152152776718,6,0.0563
282.166329622269,6,0.0649
283.184534788132,6,0.0607
285.188493251801,6,0.0615
286.195002794266,6,0.0615
287.196473121643,6,0.0615
288.202945709229,6,0.0615
289.208829402924,6,0.0658
290.220928907394,6,0.0615
291.222479343414,6,0.0615
292.228932857513,6,0.0615
293.24069237709,6,0.0658
294.247729301453,6,0.0658
295.254376888275,6,0.0573
296.255960464478,6,0.058
297.26265335083,6,0.0624
298.268980503082,6,0.0582
299.275719642639,6,0.0632
300.282046318054,6,0.0632
301.288797616959,6,0.0597
302.295600891113,6,0.0641
303.302338838577,6,0.0641
305.31005358696,6,0.0599
306.316700458527,6,0.0607
307.323379278183,6,0.0607
308.335114717484,6,0.0607
309.341974020004,6,0.0649
310.348776102066,6,0.0649
311.355396270752,6,0.0649
312.362158060074,6,0.0649
313.368946790695,6,0.0649
314.37580871582,6,0.0649
315.382146835327,6,0.0649
316.388915300369,6,0.0692
317.395602941513,6,0.0607
318.407477617264,6,0.0658
319.414200305939,6,0.0615
320.424944877625,6,0.058
321.426510334015,6,0.0622
322.428183794022,6,0.0666
323.428942203522,6,0.0624
325.436808824539,6,0.0632
326.443672418594,6,0.0675
327.450106859207,6,0.0675
328.46186709404,6,0.0675
329.468621253967,6,0.0675
330.47544169426,6,0.0675
331.482168197632,6,0.0675
332.488946437836,6,0.0675
333.49533367157,6,0.0675
334.507155895233,6,0.0675
335.51398730278,6,0.0675
336.525084257126,6,0.0599
337.53125333786,6,0.0683
338.537966251373,6,0.0683
339.544766187668,6,0.0683
340.57125043869,6,0.0649
341.596988677979,6,0.0692
342.603612184525,6,0.0692
344.611454248428,6,0.0692
345.641363620758,6,0.0658
346.642908811569,6,0.0649
347.648967266083,6,0.0658
348.66076540947,6,0.0615
349.667464971542,6,0.0649
350.674236774445,6,0.0658
351.680988311768,6,0.0658
352.702845335007,6,0.0692
353.708950281143,6,0.0658
354.715620040894,6,0.0658
355.727483034134,6,0.07
356.74717259407,6,0.07
357.774609565735,6,0.0743
358.780941009521,6,0.0666
359.792741537094,6,0.0709
360.799403905869,6,0.0709
361.806005001068,6,0.0666
362.812659740448,6,0.0675
364.820379495621,6,0.0717
365.821031093597,6,0.0717
366.827752828598,6,0.0717
367.834389925003,6,0.0675
368.835896968842,6,0.0717
369.847683668137,6,0.0717
370.874983072281,6,0.0717
371.880904197693,6,0.0717
372.887623548508,6,0.0717
373.894362211227,6,0.0675
374.900961875916,6,0.0717
375.906887769699,6,0.0675
376.932947397232,6,0.0683
377.93972492218,6,0.0726
378.94647359848,6,0.0726
379.95293545723,6,0.0683
380.959789514542,6,0.0692
381.966469526291,6,0.0735
382.972983837128,6,0.0735
384.980906009674,6,0.0777
385.987711668015,6,0.0735
386.994552850723,6,0.0692
388.000897407532,6,0.0735
389.007619142532,6,0.0692
390.014286518097,6,0.0735
391.02599978447,6,0.0692
392.032784223557,6,0.0692
393.039513111115,6,0.0692
394.046265363693,6,0.0692
395.047830343246,6,0.0735
396.054437637329,6,0.07
397.060940980911,6,0.0743
398.067708969116,6,0.0743
399.074558496475,6,0.07
400.080902338028,6,0.07
401.092644929886,6,0.0709
402.104428529739,6,0.0752
403.116173028946,6,0.0752
405.128937721252,6,0.0752
406.135631799698,6,0.0709
407.137039422989,6,0.0709
408.143715143204,6,0.0709
409.14494562149,6,0.0709
410.156770467758,6,0.0675
411.163420677185,6,0.0709
412.17515873909,6,0.0709
413.176743030548,6,0.0709
414.1834025383,6,0.0709
415.210075139999,6,0.0709
416.216970443726,6,0.0717
417.27490735054,6,0.076
418.281654596329,6,0.076
419.294664859772,6,0.0717
420.298540115356,6,0.0726
421.305027008057,6,0.0726
422.30876994133,6,0.0769
423.312234401703,6,0.0769
425.315474510193,6,0.0769
426.316972017288,6,0.0726
427.319338321686,6,0.0726
428.321949720383,6,0.0726
429.323760271072,6,0.0726
430.330255746841,6,0.0726
431.339205026627,6,0.0726
432.342638731003,6,0.0769
433.348861455917,6,0.0726
434.355560064316,6,0.0726
435.367410182953,6,0.0735
436.374181032181,6,0.0777
437.38094997406,6,0.0777
438.387630462646,6,0.0777
439.388929367065,6,0.0777
440.39559006691,6,0.0743
441.402250051498,6,0.0743
443.410091400146,6,0.0786
444.435958623886,6,0.0786
445.442772865295,6,0.0786
446.448925018311,6,0.0787
447.455653905869,6,0.0786
448.461671590805,6,0.0786
449.468365907669,6,0.0786
450.474998474121,6,0.0786
451.480979919434,6,0.0786
452.487702608109,6,0.0786
453.499562740326,6,0.0786
454.506237506866,6,0.0828
455.51299238205,6,0.0786
456.519789218903,6,0.0709
457.531525850296,6,0.0752
458.538189649582,6,0.0794
459.539800405502,6,0.0794
460.546368598938,6,0.0794
461.558057308197,6,0.0794
463.565047502518,6,0.0752
464.571077823639,6,0.076
465.576987981796,6,0.076
466.583220720291,6,0.076
467.584849119186,6,0.076
468.591635465622,6,0.076
469.598371982574,6,0.076
470.626929521561,6,0.076
471.638793945312,6,0.076
472.644935369492,6,0.076
473.651499271393,6,0.076
474.657968997955,6,0.0803
475.686859607697,6,0.0803
476.692970275879,6,0.0803
477.69958281517,6,0.0803
478.714329481125,6,0.076
479.715747833252,6,0.0769
480.736936807632,6,0.0769
481.771690607071,6,0.0811
483.780344963074,6,0.0811
484.801211595535,6,0.0811
485.813556432724,6,0.0811
486.816262483597,6,0.0811
487.818106174469,6,0.0811
488.820062160492,6,0.0811
489.840173721313,6,0.0811
490.852905035019,6,0.0811
491.859492540359,6,0.0811
492.885075569153,6,0.0811
493.896749019623,6,0.0811
494.903362751007,6,0.0811
495.91010260582,6,0.0769
496.930698633194,6,0.0777
497.936898946762,6,0.0821
498.958088874817,6,0.0821
499.96467757225,6,0.0821
500.990119695663,6,0.0838
501.996764659882,6,0.082
504.004458427429,6,0.0821
505.016659498215,6,0.0821
506.023416042328,6,0.0777
507.030089139938,6,0.082
508.036761045456,6,0.0777
509.043421983719,6,0.0821
510.050136804581,6,0.0786
511.06090426445,6,0.0821
512.062532424927,6,0.0821
513.074278354645,6,0.0786
514.080979824066,6,0.0777
515.087740659714,6,0.0786
516.094387054443,6,0.0828
517.105367660522,6,0.0828
518.112182617188,6,0.083
519.139340162277,6,0.0872
520.151159524918,6,0.0828
521.15693116188,6,0.0828
522.163647174835,6,0.0786
524.190025806427,6,0.0794
525.204169511795,6,0.0794
526.210866689682,6,0.0836
527.222576856613,6,0.0794
528.228960514069,6,0.0836
529.240936517715,6,0.0794
530.247644662857,6,0.0794
531.254187107086,6,0.0836
532.260849952698,6,0.0794
533.272851705551,6,0.0794
534.284722328186,6,0.0836
535.29141998291,6,0.0836
536.298137426376,6,0.0794
537.304932594299,6,0.0836
538.311719655991,6,0.0836
539.326300621033,6,0.0794
540.337911844254,6,0.0803
541.351917505264,6,0.0803
542.367027282715,6,0.0804
544.379874229431,6,0.0803
545.393539428711,6,0.0803
546.400265932083,6,0.0803
547.406933546066,6,0.0803
548.418623447418,6,0.0803
549.429563045502,6,0.0803
550.440919876099,6,0.0803
551.447674751282,6,0.0803
552.454331636429,6,0.0803
553.460985898972,6,0.0803
554.472722768784,6,0.0804
555.479429960251,6,0.0803
556.486222267151,6,0.0803
557.492923736572,6,0.0803
558.499567747116,6,0.0803
559.508988618851,6,0.0811
560.520720243454,6,0.0811
561.535792589188,6,0.0811
562.54260134697,6,0.0811
564.544895172119,6,0.0811
565.560696363449,6,0.0813
566.567296981812,6,0.0813
567.574038982391,6,0.0811
568.575566291809,6,0.0813
569.582283973694,6,0.0811
570.58391046524,6,0.0811
571.595776796341,6,0.0811
572.607483148575,6,0.0811
573.608903884888,6,0.0811
574.615594863892,6,0.0811
575.622255563736,6,0.0811
576.628933668137,6,0.0811
577.635642528534,6,0.0811
578.636930942535,6,0.0811
579.643617868423,6,0.082
580.650350809097,6,0.082
581.662013053894,6,0.0836
582.672918558121,6,0.0821
584.684940099716,6,0.0836
585.691679000854,6,0.0836
586.698436975479,6,0.0836
587.704911231995,6,0.0836
588.706437349319,6,0.0821
589.712930679321,6,0.0836
590.714491605759,6,0.082
591.726237535477,6,0.0838
592.737943649292,6,0.0836
593.74476146698,6,0.0821
594.756618738174,6,0.0906
595.763289213181,6,0.0906
596.775195837021,6,0.0906
597.780940771103,6,0.0836
598.787682533264,6,0.0821
599.794492483139,6,0.0836
600.800926208496,6,0.0828
601.807784557343,6,0.0828
602.814466714859,6,0.0872
604.822046995163,6,0.0872
605.828894138336,6,0.0872
606.835609674454,6,0.087
607.842396497726,6,0.0872
608.857971191406,6,0.0872
609.864465475082,6,0.0872
610.87636756897,6,0.087
611.883120298386,6,0.0872
612.888948917389,6,0.0872
613.895740509033,6,0.087
614.907462358475,6,0.0872
615.914076805115,6,0.0915
616.920770406723,6,0.0915
617.927546024323,6,0.0915
618.939329862595,6,0.0915
619.946029186249,6,0.087
620.952715873718,6,0.0872
621.959553003311,6,0.0828
622.966213703156,6,0.0836
624.974010705948,6,0.0828
625.980849027634,6,0.0794
626.992671966553,6,0.0881
627.999430418015,6,0.0881
629.006238460541,6,0.0881
630.01292014122,6,0.0881
631.019656181335,6,0.0881
632.026267290115,6,0.0881
633.038027524948,6,0.0881
634.044857740402,6,0.0881
635.051578521729,6,0.0881
636.05829834938,6,0.0881
637.064932584763,6,0.0881
638.071718931198,6,0.0881
639.07851600647,6,0.0881
640.08492898941,6,0.0881
641.09183716774,6,0.0923
642.1037068367,6,0.0881
643.104989290237,6,0.0881
645.107711553574,6,0.0803
646.108906745911,6,0.0836
647.115548610687,6,0.0836
648.122263431549,6,0.0803
649.128914356232,6,0.0836
650.13573718071,6,0.0803
651.142339706421,6,0.0836
652.148927927017,6,0.0803
653.155572652817,6,0.0803
654.162301778793,6,0.0803
655.176937103271,6,0.0836
656.183406114578,6,0.0803
657.195181846619,6,0.0889
658.204783678055,6,0.0889
659.218838214874,6,0.0889
660.232970237732,6,0.0889
661.274186372757,6,0.0889
662.281430482864,6,0.0889
664.299581050873,6,0.0889
665.308870077133,6,0.0889
666.311983346939,6,0.0889
667.313874006271,6,0.0889
668.317870378494,6,0.0889
669.320507287979,6,0.0889
670.326406478882,6,0.0889
671.336500406265,6,0.0889
672.343101978302,6,0.0889
673.36390042305,6,0.0889
674.388953447342,6,0.0889
675.439707040787,6,0.0811
676.447572946548,6,0.0811
677.462609529495,6,0.0811
678.468772888184,6,0.0811
679.472242116928,6,0.0811
680.473175048828,6,0.0811
681.474934339523,6,0.0898
682.476516246796,6,0.0898
684.48312497139,6,0.0898
685.485838890076,6,0.0898
686.48744559288,6,0.0898
687.488894224167,6,0.0898
688.514868736267,6,0.0898
689.520921468735,6,0.0898
690.527630090714,6,0.0898
691.534227848053,6,0.0898
692.540976047516,6,0.0898
693.547624349594,6,0.0898
694.548995256424,6,0.0898
695.555679559708,6,0.0898
696.562458515167,6,0.0898
697.568953275681,6,0.0898
698.57562828064,6,0.0898
699.587322235107,6,0.0898
700.594049215317,6,0.0898
701.605908870697,6,0.082
702.612768650055,6,0.0821
704.620642900467,6,0.082
705.626683235168,6,0.082
706.638480424881,6,0.0836
707.644953489304,6,0.082
708.65162229538,6,0.0836
709.663335800171,6,0.082
710.675050258636,6,0.0836
711.68678855896,6,0.0836
712.692978858948,6,0.082
713.699685811996,6,0.0836
714.711249351501,6,0.082
715.716985464096,6,0.0836
716.728738307953,6,0.0821
717.740535020828,6,0.0836
718.747212171555,6,0.0906
719.748782157898,6,0.0906
720.755572557449,6,0.0906
721.767467021942,6,0.0906
722.76891207695,6,0.0906
724.776462554932,6,0.0906
725.788191080093,6,0.0906
726.789005756378,6,0.0906
727.800940036774,6,0.0906
728.807596683502,6,0.0949
729.819273471832,6,0.0906
730.831005334854,6,0.0949
731.836911678314,6,0.0949
732.843542098999,6,0.0949
733.850325584412,6,0.0949
734.862123250961,6,0.0949
735.868898630142,6,0.0949
736.875862121582,6,0.0949
737.882568120956,6,0.0949
738.884133577347,6,0.0906
739.89580988884,6,0.0906
740.896819353104,6,0.0906
741.903403997421,6,0.0906
742.910103082657,6,0.0906
744.922012090683,6,0.0872
745.928707361221,6,0.0872
746.940481901169,6,0.087
747.947149515152,6,0.087
748.95295882225,6,0.087
749.95963716507,6,0.087
750.970924377441,6,0.087
751.982650518417,6,0.087
752.988934278488,6,0.0872
753.990170717239,6,0.0872
755.002025842667,6,0.0872
756.008775234222,6,0.0872
757.015508890152,6,0.0872
758.022287130356,6,0.0872
759.034005403519,6,0.0915
760.04065656662,6,0.0915
761.050362825394,6,0.0915
762.056884050369,6,0.0915
763.070786476135,6,0.0915
765.083688020706,6,0.0915
766.090362071991,6,0.0915
767.105822086334,6,0.0957
768.120934009552,6,0.0915
769.127623319626,6,0.0957
770.134293079376,6,0.0957
771.140909671783,6,0.0915
772.147770881653,6,0.0957
773.154561042786,6,0.0957
774.166466474533,6,0.0957
775.1729824543,6,0.0957
776.179671049118,6,0.0957
777.186405897141,6,0.0957
778.198146343231,6,0.0957
779.204917192459,6,0.0957
780.216682434082,6,0.0957
781.228418827057,6,0.0957
782.235112667084,6,0.0915
783.240965843201,6,0.0915
785.248848676682,6,0.0915
786.255608081818,6,0.0915
787.26224899292,6,0.0915
788.273986339569,6,0.0915
789.280749320984,6,0.0915
790.287517786026,6,0.0915
791.299369812012,6,0.0915
792.306054353714,6,0.0915
793.316972255707,6,0.0915
794.323678016663,6,0.0915
795.330319643021,6,0.0915
796.33692741394,6,0.0915
797.343781471252,6,0.0915
798.344986200333,6,0.0881
799.351727247238,6,0.0881
800.358429670334,6,0.0881
801.370150566101,6,0.0881
802.37690281868,6,0.0881
803.383441925049,6,0.0923
805.391206502914,6,0.0923
806.402921199799,6,0.0923
807.409800052643,6,0.0923
808.416583538055,6,0.0923
809.428901195526,6,0.0923
810.43564414978,6,0.0923
811.442477941513,6,0.0923
812.448979854584,6,0.0923
813.455622434616,6,0.0923
814.48028755188,6,0.0923
815.487047433853,6,0.0923
816.492970228195,6,0.0923
817.499604940414,6,0.0923
818.500920057297,6,0.0923
819.512692928314,6,0.0923
820.519469738007,6,0.0923
821.531192064285,6,0.0923
822.537998437881,6,0.0923
823.549910545349,6,0.0966
825.556963682175,6,0.0966
826.558539628983,6,0.0966
827.564950227737,6,0.0966
828.571758508682,6,0.0966
829.586882591248,6,0.0966
830.598663806915,6,0.0966
831.604882717133,6,0.0966
832.616523265839,6,0.0966
833.618124246597,6,0.0966
834.619668960571,6,0.0966
835.631418704987,6,0.0966
836.637982606888,6,0.0966
837.63955616951,6,0.0966
838.646168708801,6,0.0966
839.652909994125,6,0.0966
840.659664392471,6,0.0923
841.671396970749,6,0.0923
842.678241252899,6,0.0923
843.684928894043,6,0.0923
845.692893028259,6,0.0923
846.699626207352,6,0.0923
847.706340074539,6,0.0923
848.712952852249,6,0.0923
849.724711894989,6,0.0923
850.731372833252,6,0.0923
851.743145704269,6,0.0881
852.748931407928,6,0.0923
853.750459432602,6,0.0881
854.757019996643,6,0.0923
855.768873214722,6,0.0923
856.775522470474,6,0.0923
857.782125473022,6,0.0881
858.783726453781,6,0.0881
859.790463924408,6,0.0889
860.791976928711,6,0.0889
861.798712015152,6,0.0889
862.810385704041,6,0.0889
863.811918020248,6,0.0889
865.824873209,6,0.0889
866.831615209579,6,0.0889
867.846521377563,6,0.0889
868.85822892189,6,0.0889
869.86493730545,6,0.0889
870.876732826233,6,0.0889
871.888416528702,6,0.0889
872.89510512352,6,0.0889
873.900921821594,6,0.0889
874.912822008133,6,0.0889
875.919689416885,6,0.0889
876.931564807892,6,0.0889
877.943278074265,6,0.0932
878.950068712234,6,0.0932
879.956856966019,6,0.0932
880.963768005371,6,0.0932
881.96494269371,6,0.0932
882.976772069931,6,0.0932
883.983436822891,6,0.0932
885.991163015366,6,0.0932
886.996986150742,6,0.0932
888.003693819046,6,0.0932
889.004931926727,6,0.0932
890.011785507202,6,0.0932
891.018453836441,6,0.0932
892.030401229858,6,0.0932
893.03693985939,6,0.0932
894.04366517067,6,0.0932
895.050491333008,6,0.0932
896.064907073975,6,0.0932
897.066621303558,6,0.0932
898.072974681854,6,0.0932
899.079755544662,6,0.0932
900.086495637894,6,0.0932
901.098237037659,6,0.0932
902.104903697968,6,0.0932
903.116757392883,6,0.0932
904.128626346588,6,0.0974
906.136518955231,6,0.0932
907.143179893494,6,0.0974
908.149986505508,6,0.0974
909.17662358284,6,0.0974
910.183389186859,6,0.0974
911.19514799118,6,0.0974
912.200947284698,6,0.0932
913.207734823227,6,0.0974
914.214393377304,6,0.0974
915.220908403397,6,0.0974
916.227710962296,6,0.0974
917.244030714035,6,0.0974
918.256979227066,6,0.0974
919.268805742264,6,0.0974
920.306602954865,6,0.0974
921.323862314224,6,0.0974
922.330021619797,6,0.0974
923.335874557495,6,0.0932
924.33774971962,6,0.0974
926.34282207489,6,0.0932
927.345843076706,6,0.0974
928.348105669022,6,0.0932
929.351252317429,6,0.0932
930.353969335556,6,0.0932
931.379390954971,6,0.0932
932.387096643448,6,0.0932
933.402520656586,6,0.0932
934.409578561783,6,0.0932
935.413317918777,6,0.0932
936.415719747543,6,0.0932
937.419010639191,6,0.0932
938.421520233154,6,0.0932
939.42347073555,6,0.0932
940.448888778687,6,0.0889
941.455589532852,6,0.0889
942.462180376053,6,0.0932
943.468930006027,6,0.0889
944.475548744202,6,0.0889
946.48334980011,6,0.0889
947.490027189255,6,0.0898
948.496839046478,6,0.0898
949.503559112549,6,0.0889
950.510274648666,6,0.0898
951.516978263855,6,0.0889
952.518590450287,6,0.0898
953.530308008194,6,0.0898
954.536924123764,6,0.0898
955.54879117012,6,0.0898
956.555739402771,6,0.0898
957.568965673447,6,0.0898
958.582764863968,6,0.0898
959.594521522522,6,0.0898
960.608418226242,6,0.0898
961.615101099014,6,0.0898
962.621000766754,6,0.0898
963.627637147903,6,0.0898
964.640919685364,6,0.0898
966.643612623215,6,0.0898
967.645000934601,6,0.0898
968.651843547821,6,0.094
969.65297627449,6,0.0898
970.667796611786,6,0.0898
971.674566030502,6,0.0898
972.680978775024,6,0.0898
973.687852144241,6,0.0898
974.699718236923,6,0.0898
975.712954998016,6,0.0898
976.727028131485,6,0.0898
977.752338886261,6,0.0898
978.767418384552,6,0.094
979.774222612381,6,0.094
980.785299301147,6,0.094
981.792222976685,6,0.094
982.804123878479,6,0.094
983.804819822311,6,0.094
984.811359882355,6,0.094
986.81813287735,6,0.094
987.82896566391,6,0.094
988.835738897324,6,0.094
989.842338323593,6,0.094
990.848921060562,6,0.094
991.850591421127,6,0.094
992.862334728241,6,0.094
993.868929862976,6,0.094
994.880813121796,6,0.094
995.887501716614,6,0.094
996.900933265686,6,0.094
997.907608509064,6,0.094
998.908898591995,6,0.094
999.915661096573,6,0.094
1000.92231869698,6,0.094
1001.92891001701,6,0.094
1002.93571519852,6,0.094
1003.94244194031,6,0.094
1004.94896268845,6,0.094
1006.95675301552,6,0.094
1007.968521595,6,0.094
1008.9804186821,6,0.094
1009.98712611198,6,0.094
1010.99297142029,6,0.094
1011.99990844727,6,0.094
1013.00661730766,6,0.094
1014.0129802227,6,0.094
1015.02821850777,6,0.094
1016.03481554985,6,0.094
1017.04151272774,6,0.094
1018.04825043678,6,0.094
1019.05435752869,6,0.094
1020.06829071045,6,0.094
1021.08244085312,6,0.0983
1022.09696555138,6,0.094
1023.10367655754,6,0.0983
1024.11045026779,6,0.0983
1025.11700487137,6,0.0983
1027.12450575829,6,0.0983
1028.13633680344,6,0.0983
1029.14816331863,6,0.0983
1030.15500879288,6,0.0983
1031.16094923019,6,0.0983
1032.16767477989,6,0.0983
1033.16890072823,6,0.0983
1034.17564940453,6,0.0983
1035.18152141571,6,0.0983
1036.18815803528,6,0.0983
1037.20292878151,6,0.0983
1038.20895218849,6,0.0983
1039.21575188637,6,0.0983
1040.22263145447,6,0.0983
1041.23664879799,6,0.0983
1042.24343538284,6,0.0983
1043.24499082565,6,0.0983
1044.25101780891,6,0.0983
1045.26207184792,6,0.0983
1047.26993632317,6,0.0983
1048.27677464485,6,0.0983
1049.28370428085,6,0.0983
1050.31041693687,6,0.094
1051.31700825691,6,0.0983
1052.32377290726,6,0.0983
1053.33038544655,6,0.0983
1054.33705353737,6,0.0983
1055.34378242493,6,0.0983
1056.35053443909,6,0.0983
1057.36229038239,6,0.0983
1058.3690123558,6,0.0983
1059.38092899323,6,0.094
1060.38765597343,6,0.094
1061.38893771172,6,0.094
1062.40436553955,6,0.094
1063.41613793373,6,0.094
1064.42789244652,6,0.094
1065.44204640388,6,0.094
1067.4500067234,6,0.094
1068.46093297005,6,0.094
1069.4625248909,6,0.094
1070.47626161575,6,0.094
1071.49145936966,6,0.094
1072.50491738319,6,0.094
1073.51176333427,6,0.094
1074.52625155449,6,0.094
1075.54047489166,6,0.094
1076.55251836777,6,0.094
1077.56447434425,6,0.094
1078.57114052773,6,0.094
1079.57272696495,6,0.094
1080.57962298393,6,0.094
1081.5809431076,6,0.094
1082.5927760601,6,0.094
1083.60682034492,6,0.094
1084.62207555771,6,0.094
1085.62881588936,6,0.0898
1087.63666915894,6,0.0898
1088.64851808548,6,0.0898
1089.66060590744,6,0.094
1090.69435024261,6,0.094
1091.71483778954,6,0.094
1092.72173690796,6,0.0898
1093.72538614273,6,0.0898
1094.72963547707,6,0.094
1095.73220539093,6,0.094
1096.73417568207,6,0.094
1097.7372803688,6,0.094
1098.74008464813,6,0.0898
1099.75217843056,6,0.094
1100.77225613594,6,0.0906
1101.79296708107,6,0.0898
1102.80092144012,6,0.094
1103.8030436039,6,0.094
1104.80490088463,6,0.0898
1105.82024621964,6,0.0906
1107.82588410378,6,0.0906
1108.82730484009,6,0.0906
1109.82872629166,6,0.0906
1110.83529043198,6,0.0906
1111.84085702896,6,0.0906
1112.8474214077,6,0.0906
1113.84898996353,6,0.094
1114.86071515083,6,0.0906
1115.87047982216,6,0.0906
1116.87693476677,6,0.0906
1117.8836414814,6,0.0906
1118.89819169044,6,0.0906
1119.90495634079,6,0.0906
1120.91908884048,6,0.0906
1121.9307923317,6,0.0906
1122.93241620064,6,0.0906
1123.94730234146,6,0.0906
1124.94888615608,6,0.0906
1125.96078562737,6,0.0906
1127.96874928474,6,0.0906
1128.98201608658,6,0.0906
1129.98881602287,6,0.0906
1130.99036622047,6,0.0906
1131.99696731567,6,0.0906
1133.01182579994,6,0.0906
1134.01861572266,6,0.0906
1135.030377388,6,0.0906
1136.03691482544,6,0.0906
1137.04358935356,6,0.0906
1138.0503051281,6,0.0906
1139.06496191025,6,0.0906
1140.07669472694,6,0.0906
1141.08330059052,6,0.0906
1142.09493756294,6,0.0906
1143.10096597672,6,0.0906
1144.10772323608,6,0.0906
1145.11439967155,6,0.0906
1146.11580824852,6,0.0906
1148.12349772453,6,0.0906
1149.13018631935,6,0.0906
1150.13688564301,6,0.0906
1151.14354610443,6,0.0906
1152.15032815933,6,0.0906
1153.1620965004,6,0.0906
1154.16844773293,6,0.0906
1155.17505645752,6,0.0906
1156.18093848228,6,0.0906
1157.19282388687,6,0.0906
1158.19906878471,6,0.0906
1159.21084260941,6,0.0906
1160.21697831154,6,0.0906
1161.23184943199,6,0.0906
1162.23852157593,6,0.0906
1163.24494314194,6,0.0906
1164.25179743767,6,0.0906
1165.26327133179,6,0.0906
1166.27001643181,6,0.0906
1168.27807235718,6,0.0906
1169.28480958939,6,0.0906
1170.29161071777,6,0.0906
1171.29848384857,6,0.0906
1172.31225204468,6,0.0906
1173.31892728806,6,0.0906
1174.32497000694,6,0.0906
1175.33175349236,6,0.0906
1176.33837747574,6,0.0906
1177.3449420929,6,0.0906
1178.35166096687,6,0.0906
1179.36344337463,6,0.0949
1180.37002682686,6,0.0906
1181.37685060501,6,0.0906
1182.38368010521,6,0.0949
1183.39571094513,6,0.0906
1184.40748763084,6,0.0949
1185.41416168213,6,0.0906
1186.42086005211,6,0.0906
1188.4288315773,6,0.0949
1189.44417715073,6,0.0906
1190.45605230331,6,0.0949
1191.46282958984,6,0.0949
1192.46884250641,6,0.0906
1193.47555994987,6,0.0906
1194.4823243618,6,0.0949
1195.48901104927,6,0.0949
1196.49578738213,6,0.0949
1197.50762844086,6,0.0949
1198.51428508759,6,0.0949
1199.52468514442,6,0.0949
1200.53968191147,6,0.0949
1201.54641890526,6,0.0949
1202.55290007591,6,0.0949
1203.5596818924,6,0.0906
1204.56641674042,6,0.0949
1205.57822680473,6,0.0949
1206.58488345146,6,0.0949
1208.59268403053,6,0.0949
1209.59947419167,6,0.0949
1210.60609149933,6,0.0949
1211.60761713982,6,0.0949
1212.61421084404,6,0.0949
1213.62600469589,6,0.0949
1214.63274049759,6,0.0949
1215.63944005966,6,0.0906
1216.65113925934,6,0.0949
1217.65699863434,6,0.0949
1218.6636736393,6,0.0906
1219.66491174698,6,0.0949
1220.67159819603,6,0.0949
1221.68323278427,6,0.0949
1222.6926279068,6,0.0949
1223.69923996925,6,0.0949
1224.71296572685,6,0.0949
1225.72500085831,6,0.0949
1226.73165345192,6,0.0949
1228.73939490318,6,0.0949
1229.75114130974,6,0.0949
1230.76236796379,6,0.0949
1231.76892852783,6,0.0949
1232.77572250366,6,0.0949
1233.7919728756,6,0.0949
1234.80377650261,6,0.0949
1235.81054568291,6,0.0949
1236.81695747375,6,0.0949
1237.82362723351,6,0.0949
1238.83041572571,6,0.0949
1239.84216403961,6,0.0949
1240.84886455536,6,0.0949
1241.85555005074,6,0.0949
1242.856965065,6,0.0949
1243.86362147331,6,0.0949
1244.87541127205,6,0.0949
1245.88892006874,6,0.0949
1246.90068936348,6,0.0949
1248.90857768059,6,0.0949
1249.91495466232,6,0.0949
1250.9209959507,6,0.0949
1251.92777752876,6,0.0949
1252.93446922302,6,0.0949
1253.94094753265,6,0.0949
1254.94769906998,6,0.0949
1255.95441627502,6,0.0949
1256.96092772484,6,0.0949
1257.97271203995,6,0.0949
1258.98471188545,6,0.0949
1259.99997234344,6,0.0949
1261.04528856277,6,0.0949
1262.04788160324,6,0.0949
1263.05117106438,6,0.0949
1264.07017350197,6,0.0949
1265.07365632057,6,0.0949
1266.08331203461,6,0.0949
1267.08558011055,6,0.0949
1269.09984350204,6,0.0949
1270.1023349762,6,0.0949
1271.11124515533,6,0.0949
1272.11793494225,6,0.0949
1273.12737488747,6,0.0949
1274.13839554787,6,0.0949
1275.14489984512,6,0.0949
1276.1515173912,6,0.0949
1277.15758800507,6,0.0949
1278.1642575264,6,0.0949
1279.17089295387,6,0.0949
1280.17698097229,6,0.0949
1281.18379712105,6,0.0949
1282.19913578033,6,0.0949
1283.21291208267,6,0.0949
1284.22899675369,6,0.0949
1285.23574185371,6,0.0949
1286.24753642082,6,0.0949
1287.25923514366,6,0.0949
1289.27213048935,6,0.0949
1290.28345370293,6,0.0949
1291.2901866436,6,0.0949
1292.30098438263,6,0.0949
1293.31269931793,6,0.0949
1294.31936573982,6,0.0949
1295.32612109184,6,0.0949
1296.33292484283,6,0.0949
1297.33968472481,6,0.0949
1298.34627509117,6,0.0949
1299.35810494423,6,0.0949
1300.36475539207,6,0.0949
1301.3713927269,6,0.0949
1302.37826299667,6,0.0949
1303.38490772247,6,0.0949
1304.39166045189,6,0.0949
1305.3983297348,6,0.0949
1306.40490913391,6,0.0949
1307.41929268837,6,0.0949
1309.42647600174,6,0.0949
1310.43817925453,6,0.0949
1311.45232224464,6,0.0949
1312.4589369297,6,0.0949
1313.46490430832,6,0.0949
1314.47166967392,6,0.0949
1315.48498654366,6,0.0949
1316.49993991852,6,0.0949
1317.50669050217,6,0.0949
1318.51304745674,6,0.0949
1319.51981830597,6,0.0949
1320.52650499344,6,0.0949
1321.53298449516,6,0.0949
1322.53979349136,6,0.0949
1323.54655790329,6,0.0949
1324.55292057991,6,0.0949
1325.55457139015,6,0.0949
1326.56118178368,6,0.0949
1327.57296347618,6,0.0949
1329.58091259003,6,0.0949
1330.58770179749,6,0.0949
1331.59456682205,6,0.0949
1332.60133981705,6,0.0949
1333.60810208321,6,0.0949
1334.61483979225,6,0.0949
1335.62655210495,6,0.0949
1336.6329729557,6,0.0949
1337.63978481293,6,0.0949
1338.64655733109,6,0.0949
1339.66261363029,6,0.0949
1340.67435240746,6,0.0949
1341.68093347549,6,0.0949
1342.68754720688,6,0.0949
1343.69436311722,6,0.0949
1344.70850110054,6,0.0949
1345.72023797035,6,0.0949
1346.73198914528,6,0.0949
1347.74382710457,6,0.0949
1349.75666046143,6,0.0949
1350.76335501671,6,0.0949
1351.77006387711,6,0.0949
1352.77685189247,6,0.0949
1353.77846741676,6,0.0949
1354.7798204422,6,0.0949
1355.79154706001,6,0.0949
1356.80765604973,6,0.0949
1357.81447792053,6,0.0949
1358.82618951797,6,0.0949
1359.83292245865,6,0.0949
1360.8486995697,6,0.0949
1361.86371445656,6,0.0949
1362.87030982971,6,0.0949
1363.87690544128,6,0.0949
1364.89940524101,6,0.0949
1365.92536997795,6,0.0949
1366.9369187355,6,0.0949
1367.94852399826,6,0.0949
1369.95809841156,6,0.0991
1370.96230578423,4,0.0949
1371.96436452866,4,0.0949
1372.96622180939,4,0.0949
1373.96845388412,4,0.0949
1374.97043824196,4,0.0949
1375.9728102684,4,0.0949
1376.97525119781,4,0.0949
1377.97741961479,4,0.0949
1378.9795601368,4,0.0949
1379.98124289513,4,0.0949
1380.98336482048,4,0.0949
1381.99282312393,4,0.0949
1383.00300431252,4,0.094
1384.00906205177,4,0.094
1385.01583528519,4,0.0898
1386.02251672745,4,0.0974
1387.02893972397,4,0.0889
1388.03567838669,4,0.0966
1390.03808093071,4,0.0881
1391.04485607147,4,0.0915
1392.05154442787,4,0.0915
1393.06328296661,4,0.0915
1394.0738966465,4,0.0915
1395.0844502449,4,0.0915
1396.09633255005,4,0.0915
1397.10302114487,4,0.0957
1398.1089413166,4,0.0957
1399.11592102051,4,0.0957
1400.12765002251,4,0.0957
1401.13934183121,4,0.0915
1402.14602923393,4,0.0904
1403.15273857117,4,0.0906
1404.15950655937,4,0.0898
1405.1662364006,4,0.094
1406.17770791054,4,0.0811
1407.19298124313,4,0.0932
1408.19975066185,4,0.0887
1410.20201969147,4,0.0881
1411.20835876465,4,0.0923
1412.21498942375,4,0.0923
1413.2209482193,4,0.0923
1414.23272228241,4,0.0923
1415.2394721508,4,0.0881
1416.24622297287,4,0.0923
1417.25294709206,4,0.0881
1418.25452065468,4,0.0881
1419.26623630524,4,0.0881
1420.27291440964,4,0.0881
1421.2744884491,4,0.087
1422.28092217445,4,0.0915
1423.29288220406,4,0.087
1424.3047041893,4,0.082
1425.31143474579,4,0.0836
1426.31810259819,4,0.082
1427.3248796463,4,0.0898
1428.33164739609,4,0.0811
1430.33941674232,4,0.0803
1431.34607410431,4,0.0889
1432.35288572311,4,0.0889
1433.35967087746,4,0.0803
1434.36637973785,4,0.0803
1435.37304759026,4,0.0803
1436.37985730171,4,0.0803
1437.39577031136,4,0.0803
1438.40254163742,4,0.0803
1439.40894246101,4,0.0803
1440.41572594643,4,0.0803
1441.42237043381,4,0.0803
1442.43408203125,4,0.0881
1443.4409031868,4,0.0794
1444.4476556778,4,0.0828
1445.4538397789,4,0.087
1446.46342992783,4,0.0828
1447.47001934052,4,0.082
1448.47157239914,4,0.082
1450.47943854332,4,0.0777
1451.49138331413,4,0.0811
1452.4981739521,4,0.0769
1453.50994133949,4,0.0769
1454.51684474945,4,0.0811
1455.523260355,4,0.0769
1456.5369143486,4,0.0811
1457.54369521141,4,0.0811
1458.55041384697,4,0.0811
1459.56232118607,4,0.0811
1460.57400941849,4,0.0811
1461.58057999611,4,0.0811
1462.58724546432,4,0.0769
1463.58887338638,4,0.0803
1464.59545302391,4,0.0803
1465.60478138924,4,0.076
1466.61151695251,4,0.0794
1467.61810851097,4,0.0794
1468.62429308891,4,0.0752
1470.63216042519,4,0.0828
1471.64393019676,4,0.0828
1472.64501237869,4,0.0828
1473.65173268318,4,0.0828
1474.66349482536,4,0.0786
1475.67526960373,4,0.0828
1476.68201518059,4,0.0828
1477.68880605698,4,0.0786
1478.69035363197,4,0.0786
1479.69697141647,4,0.0786
1480.70361232758,4,0.0786
1481.71039676666,4,0.0743
1482.71200442314,4,0.0777
1483.71861505508,4,0.0777
1484.72501564026,4,0.0735
1485.73689889908,4,0.0769
1486.74364948273,4,0.0769
1487.75890946388,4,0.0726
1488.77069783211,4,0.0717
1490.77807641029,4,0.076
1491.78492999077,4,0.076
1492.7919113636,4,0.076
1493.80370211601,4,0.076
1494.81047105789,4,0.076
1495.82241368294,4,0.076
1496.82896995544,4,0.076
1497.84093284607,4,0.076
1498.84251189232,4,0.076
1499.85423755646,4,0.076
1500.86100888252,4,0.076
1501.86770534515,4,0.0709
1502.86895012856,4,0.0752
1503.87567019463,4,0.0752
1504.88235855103,4,0.0709
1505.8889400959,4,0.0743
1506.8957362175,4,0.0786
1507.90241837502,4,0.0743
1508.90898656845,4,0.0692
1510.9209883213,4,0.0777
1511.92781805992,4,0.0735
1512.94045376778,4,0.0735
1513.95423531532,4,0.0735
1514.96894979477,4,0.0735
1515.97569513321,4,0.0735
1516.98232483864,4,0.0735
1517.98898601532,4,0.0735
1518.99573421478,4,0.0735
1519.99694132805,4,0.0735
1521.00371217728,4,0.0735
1522.00496768951,4,0.0692
1523.00621771812,4,0.0683
1524.01295733452,4,0.0726
1525.01980853081,4,0.0726
1526.03437852859,4,0.0683
1527.04897403717,4,0.0673
1528.06080675125,4,0.0717
1529.07534718513,4,0.0717
1531.08325529099,4,0.0631
1532.09004235268,4,0.0666
1533.09674024582,4,0.0666
1534.11072278023,4,0.0666
1535.12247729301,4,0.0666
1536.12899494171,4,0.0666
1537.13578343391,4,0.0666
1538.15148043633,4,0.0665
1539.1580748558,4,0.0666
1540.16477108002,4,0.0666
1541.17146229744,4,0.0666
1542.17831778526,4,0.0709
1543.18493652344,4,0.0709
1544.19166040421,4,0.0665
1545.19827079773,4,0.07
1546.20495057106,4,0.07
1547.21164488792,4,0.07
1548.21828174591,4,0.0656
1549.23018932343,4,0.0649
1551.24613332748,4,0.0692
1552.252784729,4,0.0692
1553.26256752014,4,0.069
1554.27699375153,4,0.0692
1555.29109072685,4,0.0692
1556.29681563377,4,0.0692
1557.30295062065,4,0.0692
1558.30890679359,4,0.0692
1559.32094407082,4,0.0692
1560.32768392563,4,0.0692
1561.33442497253,4,0.0692
1562.3409280777,4,0.0649
1563.34772276878,4,0.0649
1564.35448980331,4,0.0639
1565.36095094681,4,0.0683
1566.3727915287,4,0.0683
1567.38472390175,4,0.0639
1568.39148044586,4,0.0597
1569.39296364784,4,0.0632
1571.40091824532,4,0.0675
1572.4076924324,4,0.0675
1573.40902209282,4,0.0675
1574.41575145721,4,0.0675
1575.42247772217,4,0.0673
1576.44875669479,4,0.0675
1577.47359085083,4,0.0673
1578.47649621964,4,0.0675
1579.48075222969,4,0.0675
1580.49796676636,4,0.0675
1581.50420880318,4,0.0632
1582.50697469711,4,0.0588
1583.51110124588,4,0.0622
1584.51688623428,4,0.0666
1585.51875400543,4,0.0666
1586.52067279816,4,0.0622
1587.52257919312,4,0.058
1588.52423667908,4,0.0614
1590.52785682678,4,0.0658
1591.52983593941,4,0.0656
1592.53323674202,4,0.0656
1593.56514692307,4,0.0658
1594.5681655407,4,0.0656
1595.57315063477,4,0.0656
1596.59787964821,4,0.0656
1597.60182571411,4,0.0658
1598.60495209694,4,0.0658
1599.60660934448,4,0.0658
1600.60841798782,4,0.0656
1601.61010837555,4,0.0614
1602.612449646,4,0.0649
1603.61492705345,4,0.0649
1604.61640882492,4,0.0649
1605.62016606331,4,0.0648
1606.62103128433,4,0.0605
1608.63531303406,4,0.0605
1609.63684415817,4,0.0597
1610.64645934105,4,0.0597
1611.65619301796,4,0.0597
1612.65767836571,4,0.0597
1613.66429519653,4,0.0597
1614.6658437252,4,0.0597
1615.67264413834,4,0.0639
1616.68834662437,4,0.0597
1617.70368981361,4,0.0597
1618.71785306931,4,0.0639
1619.72450566292,4,0.0639
1620.73630833626,4,0.0639
1621.7480905056,4,0.0639
1622.75476145744,4,0.0597
1623.76094388962,4,0.0588
1624.7677462101,4,0.0588
1625.77414345741,4,0.0631
1626.78091239929,4,0.0631
1628.7929289341,4,0.0631
1629.79969406128,4,0.0588
1630.80651330948,4,0.0588
1631.80807518959,4,0.0588
1632.80900168419,4,0.0588
1633.81576895714,4,0.0588
1634.81698608398,4,0.0588
1635.8236720562,4,0.0588
1636.8369538784,4,0.0588
1637.8436229229,4,0.0588
1638.85031485558,4,0.0588
1639.86212801933,4,0.058
1640.86893820763,4,0.0622
1641.87577223778,4,0.0622
1642.89088249207,4,0.0622
1643.89695763588,4,0.0622
1644.90379047394,4,0.058
1645.91059923172,4,0.0571
1646.9170768261,4,0.0614
1648.92900252342,4,0.0656
1649.9305062294,4,0.0614
1650.94097447395,4,0.0614
1651.94253492355,4,0.0614
1652.94414067268,4,0.0614
1653.94495725632,4,0.0614
1654.95166754723,4,0.0656
1655.95296382904,4,0.0614
1656.96478390694,4,0.0614
1657.97168278694,4,0.0614
1658.97859859467,4,0.0614
1659.99040079117,4,0.0614
1660.99703216553,4,0.0614
1662.00385689735,4,0.0571
1663.01060342789,4,0.0605
1664.01709294319,4,0.0649
1665.03191542625,4,0.0649
1666.03881931305,4,0.0605
1667.04557108879,4,0.0605
1669.05294108391,4,0.0605
1670.05967497826,4,0.0605
1671.07301592827,4,0.0605
1672.08727097511,4,0.0563
1673.09909462929,4,0.0563
1674.11087965965,4,0.0563
1675.11704397202,4,0.0563
1676.13295412064,4,0.0563
1677.13965058327,4,0.0563
1678.14624762535,4,0.0563
1679.15298557281,4,0.0563
1680.15986943245,4,0.0563
1681.16099476814,4,0.0597
1682.16774511337,4,0.0597
1683.17947459221,4,0.0597
1684.18611884117,4,0.0597
1685.19282984734,4,0.0597
1686.19957590103,4,0.0597
1687.2061753273,4,0.0554
1689.21904110909,4,0.0554
1690.22502541542,4,0.0546
1691.23913359642,4,0.0546
1692.25085473061,4,0.0546
1693.26495933533,4,0.0546
1694.28008937836,4,0.0546
1695.28675341606,4,0.0546
1696.288418293,4,0.0546
1697.30019426346,4,0.0546
1698.30688500404,4,0.0546
1699.3129825592,4,0.0546
1700.31966018677,4,0.0588
1701.32095742226,4,0.0588
1702.33272385597,4,0.0588
1703.33942627907,4,0.0588
1704.34099388123,4,0.0588
1705.34768438339,4,0.0546
1706.35450315475,4,0.0546
1707.36622166634,4,0.0537
1709.37402796745,4,0.0537
1710.38032245636,4,0.0537
1711.39221024513,4,0.058
1712.39293169975,4,0.0537
1713.39978599548,4,0.058
1714.40643835068,4,0.058
1715.40800666809,4,0.058
1716.41474199295,4,0.058
1717.42095470428,4,0.058
1718.43273115158,4,0.058
1719.44451022148,4,0.0537
1720.45643424988,4,0.058
1721.46313858032,4,0.058
1722.46900629997,4,0.058
1723.47586917877,4,0.058
1724.48259019852,4,0.0537
1725.48892617226,4,0.0495
1726.49577260017,4,0.0614
1727.50256609917,4,0.0614
1729.50933170319,4,0.0571
1730.52441930771,4,0.0571
1731.53128457069,4,0.0571
1732.53783607483,4,0.0529
1733.55177354813,4,0.0614
1734.55847001076,4,0.0614
1735.56511712074,4,0.0614
1736.57177996635,4,0.0571
1737.58232808113,4,0.0614
1738.58891797066,4,0.0614
1739.59568047523,4,0.0571
1740.60240697861,4,0.0571
1741.60895347595,4,0.0571
1742.6157271862,4,0.0571
1743.62237381935,4,0.0571
1744.62901949883,4,0.0571
1745.6407763958,4,0.0529
1746.64753961563,4,0.0563
1747.65424609184,4,0.052
1749.66707992554,4,0.052
1750.67304062843,4,0.0605
1751.67981648445,4,0.0563
1752.68107533455,4,0.052
1753.68262958527,4,0.052
1754.68421053886,4,0.0563
1755.69962739944,4,0.0563
1756.70641636848,4,0.0563
1757.72094416618,4,0.052
1758.73281812668,4,0.0605
1759.73964285851,4,0.0563
1760.75135564804,4,0.0605
1761.7580473423,4,0.0605
1762.76477003098,4,0.0563
1763.7714164257,4,0.0563
1764.77809715271,4,0.0563
1765.78478765488,4,0.0563
1766.79145932198,4,0.0563
1767.80329704285,4,0.052
1769.81110692024,4,0.0512
1770.81260633469,4,0.0512
1771.81947135925,4,0.0512
1772.82630443573,4,0.0512
1773.83820271492,4,0.0512
1774.84996962547,4,0.052
1775.85675501823,4,0.0512
1776.86342191696,4,0.0512
1777.87010025978,4,0.0512
1778.87169957161,4,0.0512
1779.87845921516,4,0.0512
1780.88497138023,4,0.0512
1781.89168095589,4,0.0512
1782.89296531677,4,0.0554
1783.89965867996,4,0.0554
1784.91140437126,4,0.0554
1785.91811919212,4,0.0554
1786.93576145172,4,0.0554
1787.94759702682,4,0.0554
1789.98896574974,4,0.0554
1790.99341535568,4,0.0554
1792.0126581192,4,0.0554
1793.0189011097,4,0.0512
1794.02228927612,4,0.0512
1795.02666592598,4,0.0512
1796.03020119667,4,0.0512
1797.03273367882,4,0.0554
1798.05004620552,4,0.0512
1799.05204558372,4,0.0512
1800.0608227253,4,0.0512
1801.06750178337,4,0.0512
1802.07424020767,4,0.0503
1803.08094716072,4,0.0503
1804.08765363693,4,0.0503
1805.09944462776,4,0.0493
1806.10615897179,4,0.0546
1807.11293172836,4,0.0493
1808.11972427368,4,0.0546
1810.1326520443,4,0.0546
1811.13942432404,4,0.0546
1812.14615511894,4,0.0546
1813.15296959877,4,0.0546
1814.15964865685,4,0.0546
1815.17166638374,4,0.0546
1816.17841219902,4,0.0546
1817.18497133255,4,0.0546
1818.19178128242,4,0.0546
1819.20367121696,4,0.0546
1820.21045160294,4,0.0546
1821.21701359749,4,0.0546
1822.22371721268,4,0.0546
1823.23551845551,4,0.0546
1824.24211215973,4,0.0503
1825.25666975975,4,0.0503
1826.26855134964,4,0.0503
1827.27532720566,4,0.0493
1828.28202605247,4,0.0459
1830.28893947601,4,0.0491
1831.29555892944,4,0.0495
1832.30239009857,4,0.0495
1833.30881929398,4,0.0537
1834.31544542313,4,0.0495
1835.32215595245,4,0.0495
1836.32889389992,4,0.0495
1837.3357155323,4,0.0495
1838.34248065948,4,0.0495
1839.34895634651,4,0.0495
1840.35578799248,4,0.0495
1841.3675839901,4,0.0537
1842.36899113655,4,0.0537
1843.37569928169,4,0.0537
1844.38242292404,4,0.0537
1845.38910460472,4,0.0537
1846.39589548111,4,0.0537
1847.40690255165,4,0.0537
1848.42097568512,4,0.0537
1850.43296837807,4,0.0537
1851.43976330757,4,0.0537
1852.44098234177,4,0.0537
1853.44775748253,4,0.0537
1854.44933652878,4,0.0537
1855.45618128777,4,0.0537
1856.45707249641,4,0.0537
1857.46387577057,4,0.0537
1858.4706017971,4,0.0537
1859.48244595528,4,0.0537
1860.48892068863,4,0.0537
1861.49571561813,4,0.0537
1862.50240135193,4,0.0537
1863.51413726807,4,0.0537
1864.52092027664,4,0.0495
1865.53295302391,4,0.0493
1866.53963589668,4,0.0495
1867.54635572433,4,0.0493
1868.55704593658,4,0.0483
1870.564920187,4,0.0529
1871.57675981522,4,0.0529
1872.58345556259,4,0.0529
1873.60001277924,4,0.0486
1874.611941576,4,0.0529
1875.61299586296,4,0.0529
1876.628231287,4,0.0486
1877.62894797325,4,0.0529
1878.63577437401,4,0.0529
1879.64755892754,4,0.0529
1880.65460944176,4,0.0529
1881.66635751724,4,0.0529
1882.67298197746,4,0.0571
1883.6796298027,4,0.0571
1884.69144654274,4,0.0571
1885.70660257339,4,0.0571
1886.71838355064,4,0.0529
1887.73306512833,4,0.0529
1888.73982858658,4,0.0529
1890.74764680862,4,0.0529
1891.74896430969,4,0.0529
1892.75564217567,4,0.0529
1893.76226377487,4,0.0529
1894.7689204216,4,0.0529
1895.77559566498,4,0.0529
1896.77694797516,4,0.0529
1897.78346204758,4,0.0529
1898.79014015198,4,0.0529
1899.79693031311,4,0.0529
1900.80368351936,4,0.0529
1901.8103966713,4,0.0529
1902.8169708252,4,0.0529
1903.8329308033,4,0.0529
1904.83447551727,4,0.0529
1905.84093523026,4,0.0529
1906.88279938698,4,0.0529
1907.88667917252,4,0.0486
1908.90515756607,4,0.0483
1910.91117715836,4,0.0529
1911.91845417023,4,0.0486
1912.92424559593,4,0.0529
1913.92676663399,4,0.0486
1914.93011260033,4,0.0486
1915.93231463432,4,0.0486
1916.93381166458,4,0.0486
1917.93556809425,4,0.0486
1918.93715214729,4,0.0486
1919.94367909431,4,0.0486
1920.95031666756,4,0.0486
1921.95681166649,4,0.0486
1922.96518325806,4,0.0481
1923.96673035622,4,0.0486
1924.97293233871,4,0.0478
1925.9797372818,4,0.0478
1926.98647737503,4,0.0478
1927.99836039543,4,0.0478
1929.00492525101,4,0.052
1931.01787114143,4,0.0478
1932.02459287643,4,0.0563
1933.03138279915,4,0.0468
1934.04643583298,4,0.0563
1935.05818128586,4,0.0468
1936.06493544579,4,0.0468
1937.07162499428,4,0.052
1938.07295060158,4,0.0468
1939.07966256142,4,0.052
1940.08129572868,4,0.052
1941.08809328079,4,0.052
1942.09422874451,4,0.0478
1943.10598039627,4,0.052
1944.11718583107,4,0.052
1945.12893104553,4,0.052
1946.13563990593,4,0.052
1947.1423830986,4,0.052
1948.14893555641,4,0.052
1949.15566921234,4,0.052
1951.16357088089,4,0.052
1952.17022657394,4,0.052
1953.18205308914,4,0.052
1954.18877959251,4,0.052
1955.19550061226,4,0.052
1956.2022690773,4,0.052
1957.20899677277,4,0.052
1958.21595549583,4,0.052
1959.22277617455,4,0.052
1960.22897052765,4,0.052
1961.23520040512,4,0.052
1962.24142694473,4,0.052
1963.24827647209,4,0.052
1964.26003336906,4,0.052
1965.26158595085,4,0.052
1966.2683596611,4,0.052
1967.28005003929,4,0.052
1968.28894972801,4,0.052
1969.29580330849,4,0.052
1971.30378389359,4,0.052
1972.31053185463,4,0.052
1973.31701564789,4,0.052
1974.32894349098,4,0.052
1975.33573079109,4,0.052
1976.34257864952,4,0.052
1977.35488843918,4,0.052
1978.36099100113,4,0.052
1979.36769938469,4,0.052
1980.37962341309,4,0.052
1981.38636064529,4,0.052
1982.38789892197,4,0.0478
1983.39972257614,4,0.052
1984.41143774986,4,0.0476
1985.42326688766,4,0.0478
1986.4248483181,4,0.0476
1987.43155503273,4,0.0478
1988.44351315498,4,0.0476
1989.45025014877,4,0.0476
1991.46345567703,4,0.0469
1992.47005081177,4,0.0478
1993.47683191299,4,0.0408
1994.48364806175,4,0.0468
1995.50026488304,4,0.0468
1996.50687074661,4,0.0434
1997.51297616959,4,0.0468
1998.51972174644,4,0.0478
1999.53396487236,4,0.0468
2000.54080510139,4,0.0468
2001.54689955711,4,0.0469
2002.55305409431,4,0.0478
2003.55982112885,4,0.0469
2004.58503222466,4,0.0469
2005.6110162735,4,0.0469
2006.62644028664,4,0.0469
2007.63392686844,4,0.0469
2008.64304018021,4,0.0469
2009.64658904076,4,0.0469
2011.64895510674,4,0.0469
2012.65218758583,4,0.0512
2013.65507507324,4,0.0466
2014.65788936615,4,0.0512
2015.66015267372,4,0.0468
2016.67487812042,4,0.0468
2017.67675805092,4,0.0512
2018.68290686607,4,0.0512
2019.68889117241,4,0.0468
2020.69562768936,4,0.0512
2021.70223546028,4,0.0512
2022.71394705772,4,0.0512
2023.7207736969,4,0.0512
2024.73273539543,4,0.0512
2025.74474191666,4,0.0512
2026.75149655342,4,0.0512
2027.76344203949,4,0.0512
2029.77636480331,4,0.0512
2030.78322458267,4,0.0505
2031.78998279572,4,0.0512
2032.79669570923,4,0.0512
2033.80842041969,4,0.0512
2034.82016706467,4,0.0512
2035.82093834877,4,0.0512
2036.8276078701,4,0.0512
2037.8342897892,4,0.0512
2038.84095144272,4,0.0512
2039.84254407883,4,0.0512
2040.84900903702,4,0.0512
2041.85567259789,4,0.0512
2042.85700416565,4,0.0512
2043.86369633675,4,0.0512
2044.87563300133,4,0.0512
2045.87695765495,4,0.0512
2046.88369512558,4,0.0512
2047.89032053947,4,0.0512
2049.89815306664,4,0.0512
2050.89969134331,4,0.0512
2051.9009912014,4,0.0512
2052.91632843018,4,0.0512
2053.92300724983,4,0.0512
2054.93471884727,4,0.0512
2055.94101166725,4,0.0512
2056.9477918148,4,0.0512
2057.95446491241,4,0.0512
2058.9662168026,4,0.0512
2059.97288894653,4,0.0512
2060.97445082664,4,0.0512
2061.97601366043,4,0.0512
2062.97698712349,4,0.0512
2063.98372244835,4,0.0512
2064.99963212013,4,0.0512
2066.00634145737,4,0.0512
2067.01295948029,4,0.0512
2068.0196595192,4,0.0512
2070.02738165855,4,0.0512
2071.03913164139,4,0.0468
2072.04500842094,4,0.0469
2073.051674366,4,0.0512
2074.06337738037,4,0.0512
2075.0769174099,4,0.0512
2076.08348035812,4,0.0512
2077.09538888931,4,0.0512
2078.10208654404,4,0.0512
2079.11303138733,4,0.0512
2080.11971354485,4,0.0512
2081.12647771835,4,0.0469
2082.13823747635,4,0.0469
2083.14492678642,4,0.0469
2084.15166020393,4,0.0469
2085.15846538544,4,0.0469
2086.16005635262,4,0.0468
2087.16097569466,4,0.0469
2088.16769385338,4,0.0468
2090.18073391914,4,0.0468
2091.19247841835,4,0.0468
2092.20633840561,4,0.0469
2093.25313878059,4,0.0468
2094.2730910778,4,0.0466
2095.28134322166,4,0.0469
2096.28353023529,4,0.0468
2097.29033517838,4,0.0468
2098.29382061958,4,0.0468
2099.29667043686,4,0.0468
2100.30695176125,4,0.0469
2101.31288933754,4,0.0383
2102.31934499741,4,0.0469
2103.32591915131,4,0.0468
2104.336830616,4,0.0469
2105.34498620033,4,0.0468
2106.35181236267,4,0.0469
2107.35840678215,4,0.0383
2108.35996627808,4,0.0383
2110.37528753281,4,0.0383
2111.38201475143,4,0.0459
2112.38878440857,4,0.0459
2113.40409898758,4,0.0459
2114.41078495979,4,0.0459
2115.41701412201,4,0.0383
2116.42368793488,4,0.0459
2117.43543815613,4,0.0466
2118.44209170341,4,0.0459
2119.45291733742,4,0.0461
2120.45958209038,4,0.0454
2121.47130227089,4,0.0469
2122.47285962105,4,0.0383
2123.47957873344,4,0.0459
2124.4862601757,4,0.0383
2125.48782038689,4,0.0459
2126.48896050453,4,0.0459
2127.49060893059,4,0.0459
2128.50442934036,4,0.0459
2130.51225996017,4,0.0459
2131.51904201508,4,0.0495
2132.52493357658,4,0.0459
2133.54000639915,4,0.0461
2134.54681420326,4,0.0459
2135.55293941498,4,0.0383
2136.55977201462,4,0.0459
2137.57178926468,4,0.0459
2138.57853841782,4,0.0459
2139.58547925949,4,0.0459
2140.59693026543,4,0.0456
2141.60808873177,4,0.0459
2142.61476111412,4,0.0459
2143.62091159821,4,0.0459
2144.62765312195,4,0.0459
2145.63445472717,4,0.0459
2146.64101815224,4,0.0459
2147.65275287628,4,0.0459
2148.66809177399,4,0.0459
2150.6758081913,4,0.0459
2151.68255448341,4,0.0459
2152.69425344467,4,0.0459
2153.700933218,4,0.0503
2154.70772957802,4,0.0461
2155.71439790726,4,0.0503
2156.72613120079,4,0.0503
2157.72768974304,4,0.0461
2158.73436903954,4,0.0461
2159.74093747139,4,0.0503
2160.7477107048,4,0.0454
2161.7595448494,4,0.0459
2162.76097941399,4,0.0503
2163.76776814461,4,0.0461
2164.77969765663,4,0.0459
2165.78636789322,4,0.0493
2166.79295563698,4,0.0459
2167.79974913597,4,0.0459
2168.8064160347,4,0.0461
2170.81410527229,4,0.0493
2171.82495379448,4,0.0495
2172.83159661293,4,0.0503
2173.83820652962,4,0.0503
2174.84495568275,4,0.0503
2175.85174179077,4,0.0503
2176.85839891434,4,0.0503
2177.86498260498,4,0.0503
2178.88028168678,4,0.0503
2179.89204573631,4,0.0503
2180.89875125885,4,0.0503
2181.90495729446,4,0.0503
2182.91698813438,4,0.0503
2183.93295073509,4,0.0493
2184.94486427307,4,0.0503
2185.95161581039,4,0.0493
2186.96653819084,4,0.0503
2187.97311782837,4,0.0493
2188.98009800911,4,0.0503
2190.99544668198,4,0.0493
2192.00715827942,4,0.0495
2193.02099943161,4,0.0503
2194.03513216972,4,0.0503
2195.04097390175,4,0.0503
2196.0477912426,4,0.0503
2197.05448746681,4,0.0503
2198.06095695496,4,0.0503
2199.06770896912,4,0.0503
2200.07443714142,4,0.0503
2201.08101272583,4,0.0503
2202.08778095245,4,0.0493
2203.09455037117,4,0.0503
2204.10093331337,4,0.0493
2205.10780692101,4,0.0503
2206.1147813797,4,0.0493
2207.12098026276,4,0.0503
2208.13205313683,4,0.0493
2209.13881444931,4,0.0503
2211.14540719986,4,0.0493
2212.15215802193,4,0.0495
2213.16374182701,4,0.0503
2214.17544722557,4,0.0503
2215.19115376472,4,0.0503
2216.1970949173,4,0.0503
2217.19869661331,4,0.0503
2218.21042275429,4,0.0503
2219.2170727253,4,0.0503
2220.22381734848,4,0.0503
2221.23056983948,4,0.0503
2222.23214101791,4,0.0493
2223.24398088455,4,0.0503
2224.24506831169,4,0.0503
2225.25168275833,4,0.0503
2226.25838088989,4,0.0495
2227.26530647278,4,0.0503
2228.27213692665,4,0.0493
2229.27881360054,4,0.0503
2231.29163312912,4,0.0503
2232.30605792999,4,0.0495
2233.32093262672,4,0.0503
2234.33619141579,4,0.0503
2235.34294986725,4,0.0503
2236.34891033173,4,0.0503
2237.35555624962,4,0.0503
2238.35696148872,4,0.0503
2239.3585357666,4,0.0503
2240.36016273499,4,0.0503
2241.3609688282,4,0.0503
2242.36764502525,4,0.0503
2243.37424778938,4,0.0503
2244.38104438782,4,0.0493
2245.38769507408,4,0.0503
2246.3994204998,4,0.0493
2247.41114425659,4,0.0503
2248.42286777496,4,0.0493
2249.42891359329,4,0.0503
2251.43682575226,4,0.0503
2252.44352984428,4,0.0495
2253.45028591156,4,0.0503
2254.46157503128,4,0.0503
2255.46830916405,4,0.0503
2256.48015904427,4,0.0503
2257.48690223694,4,0.0503
2258.49297142029,4,0.0503
2259.49957728386,4,0.0503
2260.5104341507,4,0.0503
2261.5168800354,4,0.0454
2262.52633094788,4,0.0493
2263.53792572021,4,0.0503
2264.53946375847,4,0.0493
2265.54618048668,4,0.0503
2266.56104850769,4,0.0461
2267.57280087471,4,0.0461
2268.57949876785,4,0.0459
2269.59140205383,4,0.0461
2271.5940310955,4,0.0459
2272.59549617767,4,0.0495
2273.60690784454,4,0.0459
2274.60849905014,4,0.0503
2275.61518645287,4,0.0461
2276.61685371399,4,0.0461
2277.62354111671,4,0.0503
2278.63696622849,4,0.0459
2279.64385867119,4,0.0459
2280.65557408333,4,0.0503
2281.66216254234,4,0.0495
2282.66894841194,4,0.0461
2283.67571043968,4,0.0459
2284.68233466148,4,0.0461
2285.68903875351,4,0.0459
2286.69573307037,4,0.0461
2287.70747208595,4,0.0461
2289.71529817581,4,0.0461
2290.72201633453,4,0.0461
2291.72875785828,4,0.0452
2292.73550248146,4,0.0461
2293.73695874214,4,0.0461
2294.74370527267,4,0.0461
2295.74498224258,4,0.0461
2296.75163912773,4,0.0461
2297.75844335556,4,0.0461
2298.76500988007,4,0.0459
2299.77694869041,4,0.0374
2300.78869962692,4,0.0461
2301.79544353485,4,0.0461
2302.80746102333,4,0.0459
2303.82097148895,4,0.0459
2304.82754611969,4,0.0452
2305.83856201172,4,0.0452
2306.84525489807,4,0.0452
2307.85187625885,4,0.0461
2309.85401892662,4,0.0459
2310.86089468002,4,0.0461
2311.86761903763,4,0.0452
2312.87442493439,4,0.0461
2313.88096213341,4,0.0461
2314.88774394989,4,0.0452
2315.89448571205,4,0.0459
2316.90628862381,4,0.0459
2317.91301488876,4,0.0459
2318.9247636795,4,0.0461
2319.93988323212,4,0.0459
2320.94675660133,4,0.0461
2321.95291900635,4,0.0452
2322.96471405029,4,0.0452
2324.00420165062,4,0.0451
2325.02330517769,4,0.0452
2326.03184962273,4,0.0451
2327.03776073456,4,0.0459
2329.04086875916,4,0.0461
2330.04336643219,4,0.0452
2331.04660010338,4,0.0459
2332.04887247086,4,0.0459
2333.05994200706,4,0.0452
2334.08026623726,4,0.0461
2335.09961462021,4,0.0451
2336.10611057281,4,0.0459
2337.11227083206,4,0.0461
2338.1155128479,4,0.0452
2339.11810016632,4,0.0451
2340.12135744095,4,0.0452
2341.13286852837,4,0.0452
2342.1342318058,4,0.0459
2343.13562560081,4,0.0452
2344.13680839539,4,0.0452
2345.14322972298,4,0.0451
2347.15290665627,4,0.0459
2348.15969586372,4,0.0461
2349.17129802704,4,0.0452
2350.17753314972,4,0.0451
2351.18897032738,4,0.0459
2352.19566702843,4,0.0452
2353.20238089561,4,0.0451
2354.20395851135,4,0.0461
2355.20496344566,4,0.0452
2356.20652151108,4,0.0452
2357.21294569969,4,0.0456
2358.21962094307,4,0.0461
2359.22631120682,4,0.0461
2360.22788619995,4,0.0461
2361.23963332176,4,0.0461
2362.24633097649,4,0.0452
2363.25297689438,4,0.0452
2364.2596912384,4,0.0461
2365.26618623734,4,0.0452
2367.26883339882,4,0.0459
2368.27595853806,4,0.0461
2369.28784894943,4,0.0452
2370.29463076591,4,0.0451
2371.3055627346,4,0.0461
2372.31232428551,4,0.0451
2373.32403349876,4,0.0452
2374.33576869965,4,0.0461
2375.34249520302,4,0.0452
2376.34896564484,4,0.0452
2377.35571479797,4,0.0459
2378.36238360405,4,0.0452
2379.37420415878,4,0.0452
2380.38092279434,4,0.0452
2381.38769698143,4,0.0461
2382.39446783066,4,0.0452
2383.40626978874,4,0.0452
2384.41296052933,4,0.0451
2386.4208009243,4,0.0452
2387.42764544487,4,0.0452
2388.4342520237,4,0.0459
2389.44094586372,4,0.0452
2390.45268917084,4,0.0452
2391.45949482918,4,0.0459
2392.47132205963,4,0.0459
2393.4780664444,4,0.0459
2394.48489284515,4,0.0461
2395.49155855179,4,0.0452
2396.50338435173,4,0.0454
2397.50951099396,4,0.0459
2398.51629924774,4,0.0459
2399.5169813633,4,0.0461
2400.52372765541,4,0.0459
2401.53549814224,4,0.0459
2402.5370118618,4,0.0452
2403.53866744041,4,0.0493
2404.54494762421,4,0.0452
2406.54763507843,4,0.0452
2407.55424809456,4,0.0374
2408.56100225449,4,0.0452
2409.56256866455,4,0.0452
2410.56404566765,4,0.0374
2411.57574343681,4,0.0452
2412.58757734299,4,0.0452
2413.58896398544,4,0.0452
2414.60496711731,4,0.0451
2415.60656142235,4,0.0459
2416.60816192627,4,0.0452
2417.61492300034,4,0.0452
2418.62093567848,4,0.0452
2419.62762594223,4,0.0451
2420.63431859016,4,0.0452
2421.64112091064,4,0.0451
2422.64274048805,4,0.0452
2423.65447974205,4,0.0452
2425.65694379807,4,0.0452
2426.66822528839,4,0.0452
2427.67996096611,4,0.0452
2428.69168400764,4,0.0452
2429.70345211029,4,0.0452
2430.70478916168,4,0.0452
2431.71146535873,4,0.0452
2432.71819376945,4,0.0452
2433.7249121666,4,0.0452
2434.73689222336,4,0.0452
2435.74357271194,4,0.0452
2436.75876712799,4,0.0374
2437.77049160004,4,0.0452
2438.77203679085,4,0.0452
2439.77875685692,4,0.0452
2440.79069280624,4,0.0452
2441.80467987061,4,0.0452
2442.81904888153,4,0.0452
2443.82497000694,4,0.0452
2445.83754205704,4,0.0452
2446.84901070595,4,0.0374
2447.86415600777,4,0.0452
2448.87875413895,4,0.0452
2449.88496470451,4,0.0459
2450.89165282249,4,0.0452
2451.89306592941,4,0.0452
2452.90702152252,4,0.0374
2453.91307616234,4,0.0452
2454.91957879066,4,0.0374
2455.93500542641,4,0.0452
2456.94097924232,4,0.0452
2457.95271015167,4,0.0452
2458.96642494202,4,0.0452
2459.9729321003,4,0.0452
2460.98476147652,4,0.0452
2462.00095272064,4,0.0374
2463.00791501999,4,0.0452
2464.01443195343,4,0.0374
2466.02206063271,4,0.0452
2467.03654384613,4,0.0452
2468.05026388168,4,0.0452
2469.06220817566,4,0.0461
2470.06890702248,4,0.0374
2471.07568192482,4,0.0451
2472.08245801926,4,0.0459
2473.08897852898,4,0.0452
2474.10092067719,4,0.0452
2475.10763311386,4,0.0459
2476.11426925659,4,0.0451
2477.12098813057,4,0.0452
2478.1329267025,4,0.0452
2479.13972496986,4,0.0461
2480.14647841454,4,0.0461
2481.15296983719,4,0.0459
2482.15988063812,4,0.0461
2483.16644263268,4,0.0452
2484.16799926758,4,0.0451
2486.17002367973,4,0.0452
2487.17150139809,4,0.0459
2488.17820644379,4,0.0452
2489.18512797356,4,0.0461
2490.19195318222,4,0.0452
2491.19873166084,4,0.0452
2492.20502448082,4,0.0459
2493.21180391312,4,0.0452
2494.21856284142,4,0.0452
2495.23035526276,4,0.0461
2496.23690533638,4,0.0461
2497.24374771118,4,0.0461
2498.25830483437,4,0.0459
2499.27297186852,4,0.0461
2500.28689813614,4,0.0461
2501.29868459702,4,0.0374
2502.30502009392,4,0.0452
2504.31291556358,4,0.0452
2505.31976747513,4,0.0451
2506.33442091942,4,0.0461
2507.34096646309,4,0.0459
2508.34776687622,4,0.0452
2509.34897232056,4,0.0461
2510.36434817314,4,0.0452
2511.37866210938,4,0.0461
2512.38494896889,4,0.0461
2513.39163351059,4,0.0452
2514.39824080467,4,0.0452
2515.40494155884,4,0.0459
2516.41175127029,4,0.0461
2517.41849327087,4,0.0461
2518.43021225929,4,0.0459
2519.43182969093,4,0.0461
2520.43853068352,4,0.0461
2521.44013524055,4,0.0452
2522.44692635536,4,0.0461
2524.45399618149,4,0.0461
2525.46797513962,4,0.0452
2526.47983932495,4,0.0459
2527.48092770576,4,0.0452
2528.48762273788,4,0.0461
2529.49430298805,4,0.0461
2530.50108075142,4,0.0452
2531.51296472549,4,0.0452
2532.51969027519,4,0.0459
2533.52638363838,4,0.0451
2534.53296327591,4,0.0456
2535.53970742226,4,0.0461
2536.54646444321,4,0.0452
2537.552932024,4,0.0459
2538.55968356133,4,0.0461
2539.56633925438,4,0.0461
2540.57299160957,4,0.0459
2541.57973122597,4,0.0461
2542.58645033836,4,0.0461
2544.59923577309,4,0.0459
2545.61102080345,4,0.0459
2546.61200737953,4,0.0461
2547.62646102905,4,0.0452
2548.64050936699,4,0.0459
2549.65248012543,4,0.0461
2550.65918731689,4,0.0452
2551.66610240936,4,0.0461
2552.67282247543,4,0.0461
2553.67948389053,4,0.0452
2554.68621611595,4,0.0454
2555.69294333458,4,0.0461
2556.6995639801,4,0.0461
2557.70637464523,4,0.0452
2558.718116045,4,0.0452
2559.72490406036,4,0.0452
2560.74012923241,4,0.0452
2561.74678564072,4,0.0452
2562.75862884521,4,0.0459
2564.76602721214,4,0.0461
2565.78093719482,4,0.0452
2566.78249692917,4,0.0459
2567.7888982296,4,0.0461
2568.8002808094,4,0.0452
2569.84470796585,4,0.0461
2570.84705662727,4,0.0452
2571.85235762596,4,0.0452
2572.85388851166,4,0.0461
2573.87064194679,4,0.0452
2574.87546896935,4,0.0454
2575.90322828293,4,0.0461
2576.91852045059,4,0.0451
2577.92105817795,4,0.0461
2578.93908119202,4,0.0461
2579.94437980652,4,0.0461
2580.95307278633,4,0.0459
2581.95749950409,4,0.0459
2582.96018314362,4,0.0459
2584.97163701057,4,0.0461
2585.97410678864,4,0.0461
2586.98065662384,4,0.0459
2587.98719906807,4,0.0452
2588.98869776726,4,0.0452
2589.9989426136,4,0.0374
2591.00049853325,4,0.0452
2592.00745201111,4,0.0459
2593.01415300369,4,0.0452
2594.02090954781,4,0.0452
2595.02778172493,4,0.0454
2596.03946280479,4,0.0452
2597.05608105659,4,0.0451
2598.0569024086,4,0.0452
2599.07188653946,4,0.0452
2600.07861018181,4,0.0452
2601.08496379852,4,0.0452
2602.09166145325,4,0.0452
2603.10346794128,4,0.0459
2605.11126828194,4,0.0459
2606.1129322052,4,0.0452
2607.1144888401,4,0.0461
2608.12110543251,4,0.0495
2609.13294363022,4,0.0461
2610.13973236084,4,0.0452
2611.14639759064,4,0.0452
2612.15292811394,4,0.0459
2613.15444684029,4,0.0452
2614.16622471809,4,0.0452
2615.17295050621,4,0.0374
2616.17966747284,4,0.0461
2617.18095588684,4,0.0374
2618.18774724007,4,0.0451
2619.19354104996,4,0.0452
2620.20033025742,4,0.0452
2621.21553754807,4,0.0452
2622.22230005264,4,0.0493
2623.22917222977,4,0.0452
2625.23704695702,4,0.0452
2626.24373602867,4,0.0452
2627.25543904305,4,0.0452
2628.26219010353,4,0.0452
2629.26896071434,4,0.0374
2630.27570223808,4,0.0451
2631.28240609169,4,0.0452
2632.28894257545,4,0.0451
2633.30412817001,4,0.0452
2634.31087398529,4,0.0451
2635.32497215271,4,0.0452
2636.33183932304,4,0.0461
2637.33856105804,4,0.0452
2638.34489870071,4,0.0452
2639.35163068771,4,0.0495
2640.36344957352,4,0.0452
2641.37695384026,4,0.0495
2642.38871192932,4,0.0452
2643.40336966515,4,0.0452
2645.41112661362,4,0.0452
2646.42497372627,4,0.0452
2647.43164491653,4,0.0452
2648.43842840195,4,0.0452
2649.44491553307,4,0.0452
2650.45169329643,4,0.0451
2651.4583568573,4,0.0452
2652.46495103836,4,0.0452
2653.46649837494,4,0.0495
2654.4729321003,4,0.0452
2655.47930502892,4,0.0451
2656.4860033989,4,0.0452
2657.49737548828,4,0.0452
2658.5040845871,4,0.0452
2659.51077461243,4,0.0452
2660.51695489883,4,0.0451
2661.52373242378,4,0.0452
2662.53049230576,4,0.0452
2663.53716492653,4,0.0452
2665.54480195045,4,0.0452
2666.55145668983,4,0.0495
2667.56793427467,4,0.0452
2668.5689868927,4,0.0452
2669.57563734055,4,0.0495
2670.58241844177,4,0.0452
2671.58904027939,4,0.0452
2672.59578108788,4,0.0495
2673.60243391991,4,0.0452
2674.60893464088,4,0.0452
2675.61575007439,4,0.0452
2676.62221884727,4,0.0493
2677.63265252113,4,0.0451
2678.63935303688,4,0.0452
2679.65117549896,4,0.0452
2680.66293597221,4,0.0452
2681.66895270348,4,0.0451
2682.68073129654,4,0.0452
2683.68752408028,4,0.0452
2685.70033574104,4,0.0452
2686.71444487572,4,0.0495
2687.72504019737,4,0.0452
2688.73683905602,4,0.0452
2689.7475771904,4,0.0495
2690.75444531441,4,0.0452
2691.77004909515,4,0.0452
2692.77159357071,4,0.0495
2693.77843379974,4,0.0452
2694.7849419117,4,0.0452
2695.79157209396,4,0.0495
2696.79836392403,4,0.0452
2697.80496501923,4,0.0495
2698.81177353859,4,0.0451
2699.81848716736,4,0.0498
2700.83025169373,4,0.0488
2701.8441567421,4,0.0488
2702.85916948318,4,0.049
2703.87088394165,4,0.0459
2705.88388991356,4,0.0459
2706.89066982269,4,0.0459
2707.90254354477,4,0.0459
2708.91428422928,4,0.05
2709.92092657089,4,0.0496
2710.93268823624,4,0.0496
2711.93927407265,4,0.0496
2712.9511013031,4,0.05
2713.95693731308,4,0.05
2714.97131419182,4,0.05
2715.98500728607,4,0.05
2716.99707245827,4,0.05
2718.00391340256,4,0.0493
2719.01576280594,4,0.0496
2720.0224378109,4,0.0496
2721.03415584564,4,0.0496
2722.04094481468,4,0.0496
2723.04770374298,4,0.0496
2724.05442976952,4,0.0498
2726.06737279892,4,0.0498
2727.07417821884,4,0.0498
2728.07578754425,4,0.0498
2729.08253455162,4,0.0498
2730.08421468735,4,0.0498
2731.09590315819,4,0.0498
2732.10244345665,4,0.0498
2733.10896921158,4,0.0498
2734.1157643795,4,0.0459
2735.12255787849,4,0.0496
2736.13428878784,4,0.0496
2737.13590884209,4,0.0495
2738.14252281189,4,0.0498
2739.14899468422,4,0.0495
2741.17259073257,4,0.0495
2742.18842148781,4,0.0374
2743.19422268867,4,0.0495
2744.20095682144,4,0.0452
2745.2076818943,4,0.0452
2746.219404459,4,0.0452
2747.22614622116,4,0.0452
2748.22768354416,4,0.0452
2749.23427605629,4,0.0452
2750.23587703705,4,0.0495
2751.24221086502,4,0.0493
2752.24885177612,4,0.0452
2754.25670480728,4,0.0451
2755.26344037056,4,0.0452
2756.27029824257,4,0.0452
2757.28211927414,4,0.0452
2758.28880858421,4,0.0452
2759.30239844322,4,0.0452
2760.31693387032,4,0.0452
2761.3182413578,4,0.0452
2762.32418727875,4,0.0452
2763.33022260666,4,0.0452
2764.33621954918,4,0.0452
2765.35024785995,4,0.0452
2766.39166069031,4,0.0452
2767.39514708519,4,0.0452
2768.41862130165,4,0.0452
2769.42507147789,4,0.0452
2770.42855024338,4,0.0461
2771.43176436424,4,0.0452
2772.43475604057,4,0.0452
2774.43824648857,4,0.0452
2775.44058132172,4,0.0452
2776.44279551506,6,0.0461
2777.45646333694,6,0.0452
2778.45816206932,6,0.0452
2779.46471166611,6,0.0461
2780.4712767601,6,0.0452
2781.47790503502,6,0.0452
2782.48458433151,6,0.0452
2783.48616576195,6,0.0452
2784.497828722,6,0.0452
2785.50475430489,6,0.0452
2786.51140832901,6,0.0493
2787.51828598976,6,0.0469
2788.53022098541,6,0.0512
2789.53707051277,6,0.0478
2790.5438554287,6,0.052
2792.5513150692,6,0.0481
2793.55810952187,6,0.0529
2794.56491684914,6,0.0529
2795.57173228264,6,0.0529
2796.57825994492,6,0.0529
2797.58497047424,6,0.0529
2798.59167957306,6,0.0571
2799.59836173058,6,0.0529
2800.60504174232,6,0.0529
2801.6117374897,6,0.0529
2802.62354946136,6,0.0529
2803.6251001358,6,0.0493
2804.62625074387,6,0.0537
2805.63299036026,6,0.0493
2806.63963890076,6,0.0546
2807.64624238014,6,0.0512
2808.66095376015,6,0.0554
2809.66766619682,6,0.0512
2810.67449617386,6,0.0563
2812.6902885437,6,0.052
2813.69710206985,6,0.0563
2814.70401215553,6,0.0571
2815.71580219269,6,0.0529
2816.72224068642,6,0.0529
2817.72891879082,6,0.0571
2818.73579120636,6,0.0529
2819.75028371811,6,0.0571
2820.76515507698,6,0.0529
2821.78005838394,6,0.0571
2822.79187560081,6,0.0571
2823.79822254181,6,0.0571
2824.80476307869,6,0.0537
2825.81135511398,6,0.058
2826.81826710701,6,0.0546
2827.83344078064,6,0.0588
2828.84831809998,6,0.0546
2829.86005735397,6,0.0597
2830.88755249977,6,0.0597
2832.91456270218,6,0.0554
2833.93142819405,6,0.0605
2834.93850231171,6,0.0605
2835.94425964355,6,0.0605
2836.94582509995,6,0.0605
2837.94753956795,6,0.0605
2838.94937515259,6,0.0605
2839.9512758255,6,0.0605
2840.95488595963,6,0.0605
2841.95678305626,6,0.0605
2842.95889592171,6,0.0605
2843.96144890785,6,0.0605
2844.96456766129,6,0.0571
2845.96658611298,6,0.0614
2846.96806359291,6,0.0614
2847.97017002106,6,0.0622
2848.97974562645,6,0.0622
2849.98615789413,6,0.058
2850.99275565147,6,0.0632
2853.00053477287,6,0.0588
2854.01203727722,6,0.0588
2855.01832842827,6,0.0588
2856.03008031845,6,0.0588
2857.04391431808,6,0.0588
2858.05636096001,6,0.0554
2859.06809687614,6,0.0588
2860.08336186409,6,0.0597
2861.0978872776,6,0.0597
2862.11360931396,6,0.0597
2863.120043993,6,0.0597
2864.13186573982,6,0.0639
2865.13822650909,6,0.0641
2866.14492511749,6,0.0605
2867.14624214172,6,0.0649
2868.15295791626,6,0.0649
2869.15958189964,6,0.0614
2870.17148160934,6,0.0656
2871.17204046249,6,0.0658
2873.18223166466,6,0.0614
2874.1958963871,6,0.0622
2875.19749879837,6,0.0622
2876.20425105095,6,0.0622
2877.21022772789,6,0.0622
2878.21706461906,6,0.0622
2879.22381329536,6,0.0622
2880.23025298119,6,0.0622
2881.23704957962,6,0.0622
2882.24898862839,6,0.0666
2883.25571775436,6,0.0666
2884.26222395897,6,0.0666
2885.26885104179,6,0.0622
2886.28062701225,6,0.0631
2887.28745031357,6,0.0675
2888.29424118996,6,0.0675
2889.3011329174,6,0.0639
2890.30773496628,6,0.0683
2891.31961846352,6,0.0683
2893.33279252052,6,0.0639
2894.33952999115,6,0.0649
2895.34622454643,6,0.0649
2896.3532333374,6,0.0649
2897.35987877846,6,0.0649
2898.3662211895,6,0.0648
2899.37300038338,6,0.0649
2900.38475656509,6,0.0649
2901.39637684822,6,0.0649
2902.40224266052,6,0.0692
2903.40916514397,6,0.0648
2904.41578292847,6,0.0692
2905.4222381115,6,0.0735
2906.43401694298,6,0.0649
2907.44608569145,6,0.07
2908.45282387733,6,0.07
2909.46452188492,6,0.0743
2910.47430205345,6,0.0622
2911.48121094704,6,0.0666
2913.48885774612,6,0.0709
2914.49550056458,6,0.0709
2915.50226092339,6,0.0709
2916.5090842247,6,0.0709
2917.5158996582,6,0.0709
2918.52783274651,6,0.0709
2919.5342233181,6,0.0709
2920.54101419449,6,0.0666
2921.54771733284,6,0.0709
2922.55437302589,6,0.0666
2923.56014847755,6,0.0666
2924.57191610336,6,0.0632
2925.57823944092,6,0.0675
2926.58501696587,6,0.0717
2927.59948706627,6,0.0717
2928.61136221886,6,0.0639
2929.6181640625,6,0.0683
2930.6319475174,6,0.0726
2931.63359427452,6,0.0726
2933.64159965515,6,0.0683
2934.64826917648,6,0.0692
2935.66016459465,6,0.0692
2936.6669459343,6,0.0692
2937.67821669579,6,0.0692
2938.69259142876,6,0.0692
2939.70624065399,6,0.0692
2940.71807861328,6,0.0692
2941.72493958473,6,0.0692
2942.73174118996,6,0.0692
2943.73821258545,6,0.0735
2944.74496865273,6,0.0735
2945.74622893333,6,0.0735
2946.75289821625,6,0.0692
2947.76474475861,6,0.07
2948.78157496452,6,0.0743
2949.82860827446,6,0.0743
2950.83464002609,6,0.0743
2952.83763670921,6,0.0709
2953.84323573112,6,0.0709
2954.85959720612,6,0.0709
2955.87133550644,6,0.0709
2956.87369418144,6,0.0709
2957.8885345459,6,0.0709
2958.89133429527,6,0.0709
2959.89294576645,6,0.0709
2960.89511489868,6,0.0709
2961.89685893059,6,0.0709
2962.89914393425,6,0.0752
2963.90573120117,6,0.0752
2964.90714359283,6,0.0709
2965.91380596161,6,0.0709
2966.92089343071,6,0.0717
2967.92212915421,6,0.076
2968.92871403694,6,0.076
2970.93138933182,6,0.0717
2971.93834114075,6,0.0717
2972.94494915009,6,0.0717
2973.94622135162,6,0.0683
2974.95297336578,6,0.0717
2975.95415067673,6,0.0717
2976.96087265015,6,0.0717
2977.96764063835,6,0.0717
2978.97422170639,6,0.0717
2979.98095703125,6,0.0683
2980.98761105537,6,0.0726
2981.99446105957,6,0.0726
2983.00622034073,6,0.0769
2984.01290917397,6,0.0769
2985.01953125,6,0.0726
2986.02623510361,6,0.0692
2987.03268146515,6,0.0735
2988.03945732117,6,0.0777
2990.05246257782,6,0.0777
2991.05926561356,6,0.0777
2992.07115578651,6,0.0777
2993.07796525955,6,0.0777
2994.08471608162,6,0.0777
2995.08622956276,6,0.0777
2996.09298753738,6,0.0777
2997.09920549393,6,0.0777
2998.10895991325,6,0.0777
2999.12536025047,6,0.0777
3000.13231277466,6,0.0777
3001.13826560974,6,0.0821
3002.14501833916,6,0.0777
3003.15165638924,6,0.0743
3004.15822196007,6,0.0743
3005.16494894028,6,0.0786
3006.16625022888,6,0.0828
3007.17301154137,6,0.0786
3008.18474936485,6,0.0786
3010.22839832306,6,0.0752
3011.23085737228,6,0.0752
3012.25037884712,6,0.0752
3013.25347185135,6,0.0752
3014.2632317543,6,0.0752
3015.26759624481,6,0.0752
3016.26941037178,6,0.0752
3017.2705411911,6,0.0752
3018.2725622654,6,0.0752
3019.27420830727,6,0.0794
3020.27613925934,6,0.0794
3021.27898597717,6,0.0794
3022.28075218201,6,0.0794
3023.28303623199,6,0.0794
3024.28466725349,6,0.0794
3025.28646492958,6,0.0752
3026.28838086128,6,0.076
3027.29052901268,6,0.0803
3028.29463577271,6,0.0803
3030.29820632935,6,0.0804
3031.30473351479,6,0.0803
3032.31129312515,6,0.076
3033.31268620491,6,0.0803
3034.32212209702,6,0.0803
3035.32357048988,6,0.076
3036.33021759987,6,0.0803
3037.33695292473,6,0.0803
3038.33851361275,6,0.076
3039.34531474113,6,0.0803
3040.35801434517,6,0.076
3041.37000060081,6,0.076
3042.3846642971,6,0.0769
3043.39643931389,6,0.0769
3044.41209316254,6,0.0811
3045.42729926109,6,0.0811
3046.43414068222,6,0.0769
3047.44093036652,6,0.0769
3049.45363044739,6,0.0769
3050.46535849571,6,0.0777
3051.47199845314,6,0.0777
3052.47826123238,6,0.0777
3053.49025034904,6,0.0777
3054.49712228775,6,0.0777
3055.50379562378,6,0.0777
3056.51026248932,6,0.0777
3057.52201461792,6,0.0777
3058.52871203423,6,0.0777
3059.53533124924,6,0.0777
3060.54219913483,6,0.082
3061.54887056351,6,0.082
3062.56081080437,6,0.0821
3063.56754922867,6,0.082
3064.57426548004,6,0.082
3065.59247899055,6,0.082
3066.59835457802,6,0.0777
3067.6101808548,6,0.0786
3069.62508392334,6,0.0786
3070.63106107712,6,0.0828
3071.64639949799,6,0.0828
3072.65819549561,6,0.0828
3073.6649312973,6,0.0828
3074.67165446281,6,0.0828
3075.67818808556,6,0.0828
3076.68488478661,6,0.0828
3077.69672036171,6,0.0828
3078.70346283913,6,0.0828
3079.71022033691,6,0.0828
3080.71700310707,6,0.0828
3081.72359776497,6,0.0828
3082.73530650139,6,0.0872
3083.74216842651,6,0.0872
3084.74886345863,6,0.0828
3085.75548815727,6,0.0794
3086.76225113869,6,0.0794
3087.76905441284,6,0.0836
3089.77160739899,6,0.0794
3090.7807996273,6,0.0836
3091.78736710548,6,0.0794
3092.79828476906,6,0.0794
3093.81005215645,6,0.0836
3094.81673836708,6,0.0794
3095.82844400406,6,0.0836
3096.8342294693,6,0.0836
3097.84103679657,6,0.0794
3098.85658693314,6,0.0836
3099.8633389473,6,0.0794
3100.87016177177,6,0.0836
3101.87694716454,6,0.0794
3102.88365244865,6,0.0794
3103.89023017883,6,0.0794
3104.89655518532,6,0.0794
3105.91022849083,6,0.0803
3106.91700077057,6,0.0803
3107.92360138893,6,0.0803
3109.93119430542,6,0.0803
3110.94627857208,6,0.0803
3111.95807552338,6,0.0803
3112.96479272842,6,0.0803
3113.9715192318,6,0.0803
3114.97823762894,6,0.0803
3115.98492288589,6,0.0803
3116.99167943001,6,0.0803
3117.99845933914,6,0.0803
3119.00522184372,6,0.0803
3120.01691699028,6,0.0803
3121.02355885506,6,0.0803
3122.03021883965,6,0.0803
3123.03690910339,6,0.0803
3124.04367661476,6,0.0803
3125.05033183098,6,0.0803
3126.05716180801,6,0.0803
3127.0638127327,6,0.0811
3128.07028961182,6,0.0811
3130.08621549606,6,0.0811
3131.09293055534,6,0.0811
3132.09967684746,6,0.0811
3133.10123085976,6,0.0811
3134.1078748703,6,0.0811
3135.11420226097,6,0.0811
3136.12602090836,6,0.0811
3137.13277888298,6,0.0811
3138.13419890404,6,0.0811
3139.14593935013,6,0.0811
3140.15274357796,6,0.0811
3141.15933680534,6,0.0811
3142.16610622406,6,0.0811
3143.17285919189,6,0.0811
3144.17954277992,6,0.0811
3145.18625712395,6,0.0811
3146.18789219856,6,0.0811
3147.19963026047,6,0.0811
3148.21133375168,6,0.082
3150.21927046776,6,0.082
3151.22078633308,6,0.082
3152.22739195824,6,0.0836
3153.23423266411,6,0.082
3154.24101471901,6,0.0836
3155.25245308876,6,0.0836
3156.26427602768,6,0.082
3157.27024269104,6,0.082
3158.27699136734,6,0.082
3159.28361225128,6,0.082
3160.2902097702,6,0.0836
3161.29703116417,6,0.0836
3162.30379605293,6,0.0836
3163.31026005745,6,0.082
3164.31703209877,6,0.0836
3165.32373762131,6,0.0906
3166.33023524284,6,0.0906
3167.34484386444,6,0.0836
3168.35926961899,6,0.082
3170.3742620945,6,0.0836
3171.38923454285,6,0.0836
3172.40413284302,6,0.0828
3173.41020441055,6,0.082
3174.43683123589,6,0.082
3175.45990800858,6,0.0836
3176.46490359306,6,0.082
3177.46757054329,6,0.082
3178.48150849342,6,0.0828
3179.48476529121,6,0.082
3180.49035930634,6,0.082
3181.49260687828,6,0.0828
3182.49699544907,6,0.0828
3183.49941563606,6,0.087
3184.50129818916,6,0.087
3185.50292563438,6,0.087
3186.5045478344,6,0.087
3187.50664591789,6,0.087
3188.50851082802,6,0.0915
3190.51109647751,6,0.0915
3191.51260685921,6,0.0915
3192.51430273056,6,0.0915
3193.51608300209,6,0.0915
3194.51791739464,6,0.0915
3195.52074408531,6,0.0915
3196.52257370949,6,0.0915
3197.52445173264,6,0.0915
3198.52630805969,6,0.0915
3199.52779960632,6,0.0915
3200.52961373329,6,0.0915
3201.53013134003,6,0.087
3202.53189969063,6,0.087
3203.5335996151,6,0.087
3204.53438448906,6,0.0828
3205.53598618507,6,0.0836
3206.53892755508,6,0.0828
3207.54101705551,6,0.0879
3209.54506015778,6,0.0881
3210.5741686821,6,0.0881
3211.57763361931,6,0.0881
3212.58208537102,6,0.0881
3213.60266327858,6,0.0881
3214.61204075813,6,0.0881
3215.6151163578,6,0.0879
3216.61695599556,6,0.0881
3217.61906385422,6,0.0881
3218.62058186531,6,0.0881
3219.62267994881,6,0.0881
3220.62586927414,6,0.0881
3221.62777042389,6,0.0879
3222.6284365654,6,0.0879
3223.63116264343,6,0.0881
3224.6329023838,6,0.0881
3225.63452720642,6,0.0923
3226.63616061211,6,0.0923
3227.63757967949,6,0.0879
3229.64194893837,6,0.0836
3230.64475226402,6,0.0836
3231.64636659622,6,0.0803
3232.64866280556,6,0.0836
3233.65514874458,6,0.0836
3234.66159820557,6,0.0803
3235.67009449005,6,0.0836
3236.67148852348,6,0.0803
3237.67288303375,6,0.0836
3238.68212199211,6,0.0803
3239.68881702423,6,0.0803
3240.69558882713,6,0.0803
3241.71032834053,6,0.0803
3242.71702027321,6,0.0803
3243.72857618332,6,0.0803
3244.73525619507,6,0.0803
3245.74626922607,6,0.0889
3246.76109266281,6,0.0889
3247.76772451401,6,0.0889
3249.77537631989,6,0.0887
3250.78214383125,6,0.0889
3251.78878855705,6,0.0889
3252.79560303688,6,0.0887
3253.80730843544,6,0.0887
3254.81395864487,6,0.0889
3255.82070565224,6,0.0889
3256.82715129852,6,0.0887
3257.83923530579,6,0.0887
3258.84588217735,6,0.0887
3259.8526494503,6,0.0887
3260.85938405991,6,0.0889
3261.86631083488,6,0.0887
3262.87322235107,6,0.0889
3263.88961148262,6,0.0887
3264.89634227753,6,0.0889
3265.9022128582,6,0.0811
3266.90887546539,6,0.0811
3267.91552138329,6,0.0811
3269.91822266579,6,0.0811
3270.92500782013,6,0.0811
3271.93172001839,6,0.0811
3272.9382288456,6,0.0811
3273.95386862755,6,0.0811
3274.96559715271,6,0.0811
3275.9812335968,6,0.0811
3276.99319815636,6,0.0811
3278.00736737251,6,0.0811
3279.02226185799,6,0.0811
3280.02900123596,6,0.0811
3281.04068446159,6,0.0811
3282.05257606506,6,0.0811
3283.05948638916,6,0.0811
3284.07423305511,6,0.0811
3285.0811123848,6,0.0898
3286.09288167953,6,0.0898
3287.10477924347,6,0.0898
3288.11170625687,6,0.0898
3290.11932826042,6,0.0898
3291.13023138046,6,0.0898
3292.13689732552,6,0.0898
3293.13827180862,6,0.0898
3294.14499545097,6,0.0898
3295.15688490868,6,0.0898
3296.16352415085,6,0.0898
3297.17024040222,6,0.0898
3298.1771941185,6,0.0898
3299.18903040886,6,0.0898
3300.19568490982,6,0.0898
3301.20228385925,6,0.0896
3302.20905733109,6,0.0898
3303.21571660042,6,0.0898
3304.21727085114,6,0.0898
3305.22400212288,6,0.0898
3306.23020553589,6,0.0898
3307.23689746857,6,0.0898
3308.24355530739,6,0.0811
3310.25131821632,6,0.0898
3311.25809192657,6,0.082
3312.26480007172,6,0.082
3313.27152633667,6,0.082
3314.27825427055,6,0.082
3315.28492593765,6,0.0898
3316.29171705246,6,0.0898
3317.29822993279,6,0.082
3318.29982924461,6,0.082
3319.30621790886,6,0.082
3320.31293320656,6,0.082
3321.31973052025,6,0.082
3322.32626318932,6,0.082
3323.33823990822,6,0.082
3324.34509205818,6,0.0836
3325.35189127922,6,0.0836
3326.3582341671,6,0.082
3327.36500144005,6,0.0836
3328.37577915192,6,0.082
3330.38881754875,6,0.0906
3331.39565634727,6,0.0906
3332.39724731445,6,0.0906
3333.39826226234,6,0.0906
3334.40463757515,6,0.0906
3335.41138482094,6,0.0906
3336.42596673965,6,0.0904
3337.43269133568,6,0.0906
3338.43423509598,6,0.0906
3339.4411046505,6,0.0904
3340.45300984383,6,0.0906
3341.45423769951,6,0.0906
3342.4610106945,6,0.0906
3343.46775078773,6,0.0906
3344.47426915169,6,0.0906
3345.48617386818,6,0.0906
3346.49798846245,6,0.0906
3347.50482058525,6,0.0906
3348.51149010658,6,0.0906
3350.5194029808,6,0.0906
3351.5302491188,6,0.0906
3352.53704833984,6,0.0906
3353.53829669952,6,0.0904
3354.54495453835,6,0.0906
3355.55138444901,6,0.0906
3356.55808734894,6,0.0906
3357.56462574005,6,0.0906
3358.57386279106,6,0.0906
3359.57544970512,6,0.0904
3360.58622932434,6,0.0906
3361.59287524223,6,0.0949
3362.59948658943,6,0.0906
3363.60610294342,6,0.0949
3364.61807012558,6,0.0949
3365.62487077713,6,0.0949
3366.63147735596,6,0.0949
3367.63815975189,6,0.0949
3368.64480304718,6,0.0906
3370.65250468254,6,0.0906
3371.6633605957,6,0.0906
3372.67429447174,6,0.0904
3373.68452358246,6,0.0906
3374.69129729271,6,0.0906
3375.70223784447,6,0.0906
3376.70901489258,6,0.0906
3377.72078967094,6,0.0906
3378.72759723663,6,0.0904
3379.73425221443,6,0.0906
3380.74107980728,6,0.0906
3381.75289273262,6,0.0906
3382.75966644287,6,0.0906
3383.77394795418,6,0.0836
3384.78887176514,6,0.087
3385.79546451569,6,0.087
3386.80213499069,6,0.087
3387.81749463081,6,0.087
3388.83201742172,6,0.0872
3390.84484362602,6,0.087
3391.85664606094,6,0.087
3392.86848759651,6,0.087
3393.87523245811,6,0.087
3394.88199520111,6,0.087
3395.88886284828,6,0.087
3396.89548158646,6,0.087
3397.90224790573,6,0.087
3398.90898680687,6,0.087
3399.9156692028,6,0.087
3400.92221283913,6,0.087
3401.92882919312,6,0.087
3402.9355764389,6,0.087
3403.94222831726,6,0.0915
3404.94903182983,6,0.0915
3405.96077275276,6,0.0915
3406.96740198135,6,0.0915
3407.97422194481,6,0.0915
3408.98610138893,6,0.0915
3410.99337363243,6,0.0915
3412.00003051758,6,0.0915
3413.0015745163,6,0.0915
3414.00835108757,6,0.0915
3415.01426172256,6,0.0915
3416.02112770081,6,0.0915
3417.02781367302,6,0.0915
3418.03954672813,6,0.0915
3419.05151319504,6,0.0915
3420.05823731422,6,0.0915
3421.07001256943,6,0.0915
3422.11345481873,6,0.0915
3423.11935305595,6,0.0915
3424.13513231277,6,0.0915
3425.13833498955,6,0.0915
3426.14421272278,6,0.0915
3427.14660835266,6,0.0915
3428.15230488777,6,0.0957
3429.15516924858,6,0.0957
3431.15792012215,6,0.0957
3432.15941357613,6,0.0957
3433.17792248726,6,0.0957
3434.18569755554,6,0.0957
3435.20992493629,6,0.0957
3436.21638870239,6,0.0957
3437.21857357025,6,0.0957
3438.23297452927,6,0.0957
3439.23955464363,6,0.0957
3440.24532198906,6,0.0957
3441.27210974693,6,0.0957
3442.27349972725,6,0.0957
3443.28210949898,6,0.0957
3444.28772616386,6,0.0957
3445.29675126076,6,0.0957
3446.30327272415,6,0.0957
3447.31004548073,6,0.0957
3448.31681156158,6,0.0915
3449.31819057465,6,0.0915
3451.33408546448,6,0.0915
3452.34594368935,6,0.0915
3453.35261464119,6,0.0915
3454.36431455612,6,0.0915
3455.37022852898,6,0.0915
3456.37697863579,6,0.0915
3457.3782184124,6,0.0915
3458.38504385948,6,0.0915
3459.39682435989,6,0.0915
3460.40355801582,6,0.0915
3461.41020870209,6,0.0915
3462.41697573662,6,0.0915
3463.42372202873,6,0.0915
3464.43026661873,6,0.0915
3465.43701052666,6,0.0915
3466.44385051727,6,0.087
3467.45022368431,6,0.087
3468.46107673645,6,0.0881
3469.47281241417,6,0.0881
3471.48933720589,6,0.0881
3472.5010266304,6,0.0881
3473.50773000717,6,0.0881
3474.52225327492,6,0.0881
3475.53400754929,6,0.0879
3476.54087424278,6,0.0881
3477.54735898972,6,0.0879
3478.55821490288,6,0.0881
3479.56499862671,6,0.0881
3480.57172369957,6,0.0881
3481.57823896408,6,0.0881
3482.58499598503,6,0.0881
3483.59676599503,6,0.0881
3484.60892963409,6,0.0923
3485.61565971375,6,0.0881
3486.62757396698,6,0.0923
3487.63420057297,6,0.0923
3488.64092946053,6,0.0923
3489.65651488304,6,0.0923
3491.66896176338,6,0.0923
3492.6755964756,6,0.0923
3493.6873357296,6,0.0923
3494.69414830208,6,0.0923
3495.70074009895,6,0.0923
3496.70742368698,6,0.0923
3497.72222924232,6,0.0923
3498.72381567955,6,0.0923
3499.73020672798,6,0.0923
3500.73704051971,6,0.0923
3501.74377346039,6,0.0923
3502.75555086136,6,0.0923
3503.76228427887,6,0.0923
3504.77406692505,6,0.0923
3505.78073763847,6,0.0923
3506.78743505478,6,0.0923
3507.80219721794,6,0.0923
3508.80896306038,6,0.0923
3509.81558084488,6,0.0923
3511.8284497261,6,0.0923
3512.84222531319,6,0.0923
3513.84378170967,6,0.0923
3514.8501291275,6,0.0923
3515.85613059998,6,0.0923
3516.86219358444,6,0.0923
3517.87235307693,6,0.0923
3518.88416385651,6,0.0923
3519.89584970474,6,0.0923
3520.90221977234,6,0.0923
3521.90897393227,6,0.0923
3522.9208176136,6,0.0923
3523.93265032768,6,0.0923
3524.93934011459,6,0.0923
3525.95427441597,6,0.0966
3526.95588684082,6,0.0966
3527.96764826775,6,0.0966
3528.97422099113,6,0.0966
3529.98982667923,6,0.0923
3532.00273537636,6,0.0966
3533.00952887535,6,0.0966
3534.01106905937,6,0.0966
3535.0125939846,6,0.0966
3536.01418638229,6,0.0966
3537.02120232582,6,0.0966
3538.02806425095,6,0.0966
3539.02957344055,6,0.0966
3540.04129981995,6,0.0966
3541.0481300354,6,0.0966
3542.05425620079,6,0.0966
3543.06094670296,6,0.0966
3544.0675983429,6,0.0966
3545.07426214218,6,0.0966
3546.0809738636,6,0.0966
3547.08764839172,6,0.0966
3548.09439539909,6,0.0923
3549.10111284256,6,0.0923
3550.11284089088,6,0.0923
3552.12062382698,6,0.0923
3553.12725496292,6,0.0923
3554.13350510597,6,0.0923
3555.14025163651,6,0.0923
3556.15206742287,6,0.0923
3557.15822052956,6,0.0923
3558.16482925415,6,0.0923
3559.17154741287,6,0.0923
3560.18328881264,6,0.0923
3561.19007825851,6,0.0923
3562.20462036133,6,0.0923
3563.20622682571,6,0.0923
3564.21298027039,6,0.0881
3565.21972298622,6,0.0923
3566.22631955147,6,0.0881
3567.23807525635,6,0.0881
3568.24979162216,6,0.0881
3569.26175880432,6,0.0879
3570.27352523804,6,0.0889
3572.2862174511,6,0.0887
3573.29299092293,6,0.0889
3574.29966425896,6,0.0887
3575.30618619919,6,0.0889
3576.31294035912,6,0.0889
3577.32465219498,6,0.0889
3578.33136153221,6,0.0881
3579.33815670013,6,0.0889
3580.34494233131,6,0.0887
3581.35154056549,6,0.0887
3582.35842084885,6,0.0887
3583.3652279377,6,0.0887
3584.37205505371,6,0.0887
3585.37822747231,6,0.0889
3586.38500666618,6,0.0889
3587.39175653458,6,0.0889
3588.39821505547,6,0.0889
3589.4045612812,6,0.0889
3590.41634011269,6,0.0889
3592.41825509071,6,0.0889
3593.42495560646,6,0.0889
3594.43670845032,6,0.0889
3595.4382352829,6,0.0887
3596.44997954369,6,0.0889
3597.46169638634,6,0.0889
3598.46327781677,6,0.0889
3599.46936750412,6,0.0889
3600.48541975021,6,0.0887
3601.49210047722,6,0.0889
3602.49366950989,6,0.0887
3603.50537204742,6,0.0887
3604.51210594177,6,0.0889
3605.51824235916,6,0.0887
3606.52511501312,6,0.0932
3607.53187727928,6,0.0932
3608.53821063042,6,0.0932
3609.54493045807,6,0.0932
3610.55153465271,6,0.0932
3612.55920743942,6,0.0932
3613.56589078903,6,0.0932
3614.57767486572,6,0.0932
3615.58946251869,6,0.0932
3616.60138630867,6,0.0932
3617.60812830925,6,0.0932
3618.62228059769,6,0.0932
3619.63405990601,6,0.0932
3620.64087486267,6,0.0932
3621.65266728401,6,0.0932
3622.65935230255,6,0.0932
3623.66622495651,6,0.0932
3624.67314219475,6,0.0932
3625.6850605011,6,0.0932
3626.69171476364,6,0.0932
3627.69822263718,6,0.0932
3628.70508360863,6,0.0932
3629.71161770821,6,0.0932
3630.71310663223,6,0.0932
3632.72084784508,6,0.0932
3633.72226667404,6,0.0932
3634.72895932198,6,0.0932
3635.73023962975,6,0.0932
3636.73692941666,6,0.0932
3637.74870681763,6,0.0932
3638.75549244881,6,0.0932
3639.76729059219,6,0.0932
3640.77397990227,6,0.0932
3641.78603196144,6,0.0932
3642.79270982742,6,0.0932
3643.79939055443,6,0.0932
3644.80601477623,6,0.0932
3645.81783866882,6,0.0932
3646.82957601547,6,0.0932
3647.84130334854,6,0.0932
3648.84229278564,6,0.0932
3649.84893608093,6,0.0932
3650.85557746887,6,0.0932
3652.85825943947,6,0.0932
3653.86508822441,6,0.0932
3654.87206292152,6,0.0932
3655.87821221352,6,0.0932
3656.88512825966,6,0.0932
3657.89188313484,6,0.0932
3658.89347410202,6,0.0932
3659.9052195549,6,0.0932
3660.90624308586,6,0.0932
3661.91787862778,6,0.0932
3662.92977285385,6,0.0932
3663.93658518791,6,0.0932
3664.94341897964,6,0.0932
3665.95034456253,6,0.0932
3666.95711970329,6,0.0974
3667.96887159348,6,0.0932
3668.97554278374,6,0.0932
3669.98731040955,6,0.0932
3670.99414181709,6,0.0974
3673.00623631477,6,0.0974
3674.01289868355,6,0.0932
3675.01972579956,6,0.0932
3676.02622246742,6,0.0932
3677.03220963478,6,0.0974
3678.03818273544,6,0.0932
3679.05026769638,6,0.0974
3680.06200003624,6,0.0932
3681.07641363144,6,0.0932
3682.09206938744,6,0.0974
3683.14123892784,6,0.0974
3684.14406752586,6,0.0974
3685.15107107162,6,0.0974
3686.16718506813,6,0.0974
3687.17058420181,6,0.0932
3688.17443990707,6,0.0974
3689.18338227272,6,0.0974
3690.18492221832,6,0.0974
3691.1863489151,6,0.0974
3693.18945503235,6,0.0974
3694.19047522545,6,0.0974
3695.19224262238,6,0.0932
3696.19395160675,6,0.0932
3697.19555473328,6,0.0974
3698.20967364311,6,0.0974
3699.2188782692,6,0.0974
3700.24317932129,6,0.0974
3701.24713468552,6,0.0932
3702.26554083824,6,0.0974
3703.27034068108,6,0.0974
3704.27641963959,6,0.0974
3705.27954697609,6,0.0974
3706.29981994629,6,0.0974
3707.3024160862,6,0.0974
3708.30420875549,6,0.0974
3709.30726695061,6,0.0974
3710.30967974663,6,0.0974
3712.3191986084,6,0.0974
3713.32967567444,6,0.0974
3714.33017110825,6,0.0974
3715.3373041153,6,0.0974
3716.33819818497,6,0.0974
3717.35016536713,6,0.0974
3718.3568520546,6,0.0974
3719.35824966431,6,0.0974
3720.36494278908,6,0.0974
3721.37665057182,6,0.0974
3722.3782491684,6,0.0974
3723.38488006592,6,0.0974
3724.39599752426,6,0.0974
3725.40224504471,6,0.0974
3726.41399645805,6,0.0974
3727.42081713676,6,0.0974
3728.42741775513,6,0.0974
3729.43421888351,6,0.0932
3730.44090938568,6,0.0932
3732.4486720562,6,0.0932
3733.45550990105,6,0.0932
3734.46220254898,6,0.0932
3735.46807479858,6,0.0932
3736.4823012352,6,0.0889
3737.49737429619,6,0.0932
3738.51188111305,6,0.0932
3739.52620363235,6,0.0932
3740.54123568535,6,0.0974
3741.54776334763,6,0.0932
3742.55423069,6,0.0932
3743.56097722054,6,0.0932
3744.57271742821,6,0.0932
3745.58467674255,6,0.0932
3746.59648251534,6,0.0932
3747.6032640934,6,0.0932
3748.61008000374,6,0.0887
3749.61690115929,6,0.0932
3750.62885212898,6,0.0932
3752.63546967506,6,0.0889
3753.64729809761,6,0.0887
3754.65406012535,6,0.0932
3755.66080403328,6,0.0889
3756.66219043732,6,0.0889
3757.6689722538,6,0.0932
3758.68104338646,6,0.0932
3759.68223500252,6,0.0932
3760.69791817665,6,0.0887
3761.71240019798,6,0.0932
3762.71833252907,6,0.0889
3763.730230093,6,0.0889
3764.736982584,6,0.0932
3765.74368619919,6,0.0887
3766.75045347214,6,0.0932
3767.7570772171,6,0.0889
3768.76355314255,6,0.0887
3769.77527475357,6,0.0887
3770.78626656532,6,0.0889
3772.80085730553,6,0.0887
3773.81259417534,6,0.0889
3774.82444262505,6,0.0887
3775.83117818832,6,0.0887
3776.83801054955,6,0.0889
3777.85336279869,6,0.0887
3778.86004734039,6,0.0887
3779.86619114876,6,0.0887
3780.87302803993,6,0.0887
3781.88495564461,6,0.0887
3782.89162635803,6,0.0896
3783.89825677872,6,0.0887
3784.91019821167,6,0.0887
3785.91697597504,6,0.0898
3786.93196940422,6,0.0889
3787.94621658325,6,0.0887
3788.95281171799,6,0.0898
3789.954236269,6,0.0889
3790.96115517616,6,0.0898
3792.96917915344,6,0.0898
3793.98100399971,6,0.0898
3794.98769450188,6,0.0898
3795.99423289299,6,0.0898
3797.00103521347,6,0.0898
3798.01282382011,6,0.0898
3799.01938509941,6,0.0898
3800.02620053291,6,0.0898
3801.03295660019,6,0.0898
3802.03953123093,6,0.0898
3803.04621696472,6,0.0898
3804.05298686028,6,0.0898
3805.05975079536,6,0.0898
3806.06622004509,6,0.0898
3807.07296681404,6,0.0898
3808.07981324196,6,0.0898
3809.09154295921,6,0.0898
3810.09821629524,6,0.0898
3811.10994815826,6,0.0898
3813.11769127846,6,0.0898
3814.12948393822,6,0.0898
3815.13632535934,6,0.0898
3816.14222073555,6,0.0898
3817.14905929565,6,0.0898
3818.16098213196,6,0.0896
3819.16768980026,6,0.0898
3820.17419219017,6,0.0898
3821.18098473549,6,0.0898
3822.18220758438,6,0.0896
3823.18891644478,6,0.0898
3824.19572997093,6,0.0898
3825.20228743553,6,0.0898
3826.20892524719,6,0.0898
3827.2156920433,6,0.0898
3828.22623634338,6,0.0898
3829.2329659462,6,0.0898
3830.24794864655,6,0.0898
3831.25967383385,6,0.0898
3833.26732540131,6,0.0898
3834.282299757,6,0.0898
3835.29408931732,6,0.0898
3836.30077505112,6,0.0898
3837.3064558506,6,0.0898
3838.31822967529,6,0.0898
3839.32411646843,6,0.0898
3840.33825278282,6,0.0898
3841.35340189934,6,0.0898
3842.36021518707,6,0.0898
3843.36619758606,6,0.0898
3844.4044406414,6,0.0898
3845.43047523499,6,0.0898
3846.43763875961,6,0.0898
3847.44554495811,6,0.0898
3848.44753217697,6,0.0898
3849.44999599457,6,0.0898
3850.45167160034,6,0.0898
3851.45350074768,6,0.0898
3853.45567393303,6,0.0898
3854.4575316906,6,0.0898
3855.45951008797,6,0.0898
3856.46123170853,6,0.0898
3857.4622232914,6,0.0898
3858.46383118629,6,0.0898
3859.46546769142,6,0.0898
3860.46744203568,6,0.0898
3861.46905636787,6,0.0898
3862.47010421753,6,0.0898
3863.47268486023,6,0.0898
3864.47414517403,6,0.0898
3865.47567892075,6,0.0898
3866.47749042511,6,0.0898
3867.48077464104,6,0.0898
3868.48293757439,6,0.0898
3869.48775172234,6,0.0898
3870.48913478851,6,0.094
3872.49145889282,6,0.0898
3873.5005338192,6,0.0898
3874.50975632668,6,0.0898
3875.51620721817,6,0.0898
3876.52630662918,6,0.0898
3877.54063749313,6,0.0898
3878.55538392067,6,0.0898
3879.5663356781,6,0.0898
3880.58124876022,6,0.0898
3881.58800721169,6,0.094
3882.59421515465,6,0.0898
3883.60004806519,6,0.0898
3884.60622739792,6,0.094
3885.61299300194,6,0.0898
3886.61964249611,6,0.0898
3887.62620949745,6,0.094
3888.63281607628,6,0.094
3889.64461112022,6,0.094
3890.65132260323,6,0.0898
3892.65910410881,6,0.094
3893.66577148438,6,0.094
3894.67760109901,6,0.0898
3895.69189739227,6,0.0898
3896.7036087513,6,0.094
3897.71509933472,6,0.094
3898.72944235802,6,0.094
3899.74116134644,6,0.094
3900.75598216057,6,0.094
3901.76223325729,6,0.094
3902.76911425591,6,0.094
3903.77574253082,6,0.094
3904.77736711502,6,0.0898
3905.79231739044,6,0.094
3906.80415606499,6,0.094
3907.81025218964,6,0.094
3908.83918571472,6,0.0898
3909.85853099823,6,0.094
3910.86328339577,6,0.094
3912.88357615471,6,0.094
3913.88811612129,6,0.094
3914.89614868164,6,0.094
3915.89772081375,6,0.094
3916.89961886406,6,0.094
3917.90120840073,6,0.094
3918.90253663063,6,0.094
3919.90405416489,6,0.094
3920.90569186211,6,0.094
3921.90622735023,6,0.094
3922.90836691856,6,0.094
3923.9098508358,6,0.094
3924.91294169426,6,0.094
3925.91431879997,6,0.094
3926.91658353806,6,0.094
3927.9191865921,6,0.094
3928.92129325867,6,0.094
3929.92247605324,6,0.094
3930.92416715622,6,0.094
3932.92620515823,6,0.094
3933.92958807945,6,0.094
3934.93285536766,6,0.094
3935.93494868279,6,0.094
3936.9368596077,6,0.094
3937.93928551674,6,0.094
3938.94936847687,6,0.094
3939.95814490318,6,0.094
3940.9649066925,6,0.094
3941.96615576744,6,0.094
3942.97806286812,6,0.094
3943.98482131958,6,0.094
3944.99169039726,6,0.094
3945.99842476845,6,0.094
3947.00526332855,6,0.094
3948.0119137764,6,0.094
3949.01820325851,6,0.094
3950.0250210762,6,0.094
3952.03283762932,6,0.094
3953.0396001339,6,0.094
3954.04623031616,6,0.094
3955.05288290977,6,0.094
3956.05961728096,6,0.094
3957.06118297577,6,0.094
3958.06787395477,6,0.094
3959.07421755791,6,0.094
3960.07576727867,6,0.094
3961.07730674744,6,0.094
3962.07822537422,6,0.094
3963.09005522728,6,0.094
3964.09692025185,6,0.094
3965.09828424454,6,0.094
3966.11012768745,6,0.094
3967.11695480347,6,0.094
3968.13146853447,6,0.094
3969.14515709877,6,0.094
3970.15200018883,6,0.094
3972.15890073776,6,0.094
3973.1737139225,6,0.094
3974.1884431839,6,0.094
3975.20026898384,6,0.094
3976.20627713203,6,0.094
3977.21807408333,6,0.094
3978.22481822968,6,0.094
3979.23071932793,6,0.094
3980.24561619759,6,0.094
3981.26055979729,6,0.094
3982.27418351173,6,0.094
3983.28845620155,6,0.094
3984.30224633217,6,0.094
3985.31402492523,6,0.094
3986.32838344574,6,0.094
3987.33422636986,6,0.094
3988.34101939201,6,0.094
3989.35278582573,6,0.094
3990.3595354557,6,0.094
3992.36729574203,6,0.094
3993.37402391434,6,0.094
3994.38072395325,6,0.094
3995.39260911942,6,0.094
3996.39927744865,6,0.094
3997.40605568886,6,0.094
3998.41280913353,6,0.094
3999.41422581673,6,0.094
4000.41590857506,6,0.094
4001.42223715782,6,0.094
4002.43406176567,6,0.094
4003.44070410728,6,0.094
4004.45248389244,6,0.094
4005.46357870102,6,0.094
4006.4753010273,6,0.094
4007.48217391968,6,0.094
4008.48898553848,6,0.094
4009.49019432068,6,0.094
4010.50453400612,6,0.094
4012.51241707802,6,0.094
4013.51840400696,6,0.094
4014.52500200272,6,0.094
4015.52622008324,6,0.094
4016.53310990334,6,0.094
4017.53983831406,6,0.094
4018.54627847672,6,0.094
4019.55804538727,6,0.094
4020.56479048729,6,0.094
4021.57153344154,6,0.094
4022.57825112343,6,0.094
4023.59424948692,6,0.094
4024.61027693748,6,0.094
4025.61697602272,6,0.094
4026.62882351875,6,0.094
4027.63558220863,6,0.094
4028.64222407341,6,0.094
4029.64824986458,6,0.094
4030.65471339226,6,0.094
4032.6626636982,6,0.094
4033.67423629761,6,0.094
4034.68068575859,6,0.094
4035.68742203712,6,0.094
4036.6941986084,6,0.094
4037.7009665966,6,0.094
4038.7076818943,6,0.094
4039.71937727928,6,0.094
4040.73022127151,6,0.094
4041.73697352409,6,0.094
4042.743704319,6,0.094
4043.75034785271,6,0.094
4044.75714802742,6,0.094
4045.76394367218,6,0.094
4046.77573633194,6,0.094
4047.7822728157,6,0.094
4048.7889020443,6,0.094
4049.80064296722,6,0.094
4050.80751609802,6,0.094
4052.81530356407,6,0.094
4053.82210206985,6,0.094
4054.82891941071,6,0.094
4055.83551383018,6,0.094
4056.84221458435,6,0.094
4057.84911489487,6,0.094
4058.85577535629,6,0.094
4059.86225247383,6,0.094
4060.86903643608,6,0.094
4061.87573170662,6,0.094
4062.8822259903,6,0.094
4063.89735102654,6,0.094
4064.911921978,6,0.094
4065.92624282837,6,0.094
4066.9329855442,6,0.094
4067.9447247982,6,0.094
4068.95641303062,6,0.094
4069.95799970627,6,0.094
4070.9697072506,6,0.094
4072.97752785683,6,0.0983
4073.98950195312,6,0.0983
4074.9902048111,6,0.094
4075.99689435959,6,0.094
4076.99829220772,6,0.0983
4078.00497031212,6,0.094
4079.01430153847,6,0.094
4080.0237531662,6,0.094
4081.03820109367,6,0.094
4082.04484653473,6,0.094
4083.0515832901,6,0.094
4084.05811500549,6,0.0983
4085.0643594265,6,0.094
4086.07827591896,6,0.094
4087.08504772186,6,0.0983
4088.09683036804,6,0.0983
4089.10328912735,6,0.0983
4090.10992860794,6,0.0983
4091.1165702343,6,0.094
4093.13015413284,6,0.0983
4094.13937854767,6,0.0983
4095.14624285698,6,0.0983
4096.14726233482,6,0.0983
4097.1537976265,6,0.0983
4098.16358828545,6,0.094
4099.17023682594,6,0.0983
4100.18220353127,6,0.0983
4101.19423270226,6,0.0983
4102.20110106468,6,0.094
4103.20797157288,6,0.094
4104.21972680092,6,0.094
4105.2262635231,6,0.0983
4106.23297381401,6,0.0983
4107.23971009254,6,0.0983
4108.24626755714,6,0.0983
4109.25808572769,6,0.0983
4110.26485943794,6,0.0983
4111.27153277397,6,0.0983
4113.27939915657,6,0.0983
4114.29039740562,6,0.0983
4115.29734444618,6,0.0983
4116.30400800705,6,0.0983
4117.31035208702,6,0.0983
4118.31706547737,6,0.094
4119.32883501053,6,0.0983
4120.34222888947,6,0.094
4121.34888243675,6,0.094
4122.35555887222,6,0.094
4123.36220407486,6,0.0983
4124.36889696121,6,0.0983
4125.3702173233,6,0.0983
4126.37698197365,6,0.0983
4127.37815833092,6,0.0983
4128.3931992054,6,0.0983
4129.39981245995,6,0.0983
4130.40637588501,6,0.0983
4131.41820549965,6,0.0983
4133.44206929207,6,0.0983
4134.47545599937,6,0.0983
4135.48415994644,6,0.0983
4136.49191808701,6,0.0983
4137.49705028534,6,0.0983
4138.49839544296,6,0.0983
4139.49996733665,6,0.0983
4140.50155353546,6,0.0983
4141.50222063065,6,0.0983
4142.50415635109,6,0.0983
4143.50562810898,6,0.0983
4144.50638079643,6,0.0983
4145.5080370903,6,0.0983
4146.51115393639,6,0.0983
4147.51312017441,6,0.0983
4148.51512718201,6,0.0983
4149.51660895348,6,0.0983
4150.51824831963,6,0.0983
4151.52054977417,6,0.0983
4153.52336716652,6,0.0983
4154.52482414246,6,0.0983
4155.52629637718,6,0.0983
4156.52766180038,6,0.0983
4157.52994418144,6,0.0983
4158.53210330009,6,0.0983
4159.53514027596,6,0.0983
4160.53776073456,6,0.0983
4161.54912471771,6,0.0983
4162.5666873455,6,0.0983
4163.57243299484,6,0.0983
4164.58788442612,6,0.0983
4165.59200978279,6,0.0983
4166.59747743607,6,0.0983
4167.6018140316,6,0.0983
4168.60539698601,6,0.0983
4169.60885667801,6,0.0983
4170.61013531685,6,0.0983
4171.61079597473,6,0.0983
4173.61424589157,6,0.0983
4174.61586952209,6,0.0983
4175.61748623848,6,0.0983
4176.61828017235,6,0.0983
4177.61989068985,6,0.0983
4178.62140607834,6,0.0983
4179.62232160568,6,0.0983
4180.62466907501,6,0.0983
4181.6261048317,6,0.0983
4182.62773346901,6,0.0983
4183.63068795204,6,0.0983
4184.63246035576,6,0.0983
4185.63462901115,6,0.0983
4186.63954544067,6,0.0983
4187.64339399338,6,0.0983
4188.64601373672,6,0.0983
4189.64880132675,6,0.0983
4190.6501185894,6,0.0983
4192.65254640579,6,0.0983
4193.65808749199,6,0.0983
4194.66459774971,6,0.0983
4195.67368245125,6,0.0983
4196.68425345421,6,0.0983
4197.69034123421,6,0.0983
4198.70209908485,6,0.0983
4199.70903611183,6,0.0983
4200.71564936638,6,0.0983
4201.71721386909,6,0.0983
4202.71821832657,6,0.0983
4203.725025177,6,0.0983
4204.73700523376,6,0.0983
4205.74360847473,6,0.0983
4206.75814366341,6,0.0983
4207.76492714882,6,0.0983
4208.77153015137,6,0.0983
4209.77822542191,6,0.0983
4211.79030013084,6,0.0983
4212.8021671772,6,0.0983
4213.80882263184,6,0.094
4214.82523536682,6,0.0983
4215.83188724518,6,0.0983
4216.83822607994,6,0.094
4217.84501433372,6,0.094
4218.85175085068,6,0.094
4219.85823369026,6,0.0983
4220.85988044739,6,0.094
4221.87172102928,6,0.094
4222.87831687927,6,0.0983
4223.89006376266,6,0.0983
4224.89687848091,6,0.0983
4225.90364217758,6,0.0983
4226.91023278236,6,0.0983
4227.92225074768,6,0.0983
4228.9340493679,6,0.0983
4229.9408659935,6,0.094
4231.95825862885,6,0.0983
4232.9649515152,6,0.0983
4233.97667574883,6,0.094
4234.98338198662,6,0.0983
4235.99021577835,6,0.094
4236.99686574936,6,0.094
4238.00346875191,6,0.094
4239.01016616821,6,0.094
4240.01685857773,6,0.094
4241.01824188232,6,0.0983
4242.0249350071,6,0.0983
4243.03175735474,6,0.0983
4244.03824210167,6,0.0983
4245.0450322628,6,0.0983
4246.05677890778,6,0.0983
4247.06361842155,6,0.0983
4248.07034373283,6,0.0983
4249.07703590393,6,0.0983
4250.07821297646,6,0.0983
4252.08611249924,6,0.0983
4253.09293675423,6,0.0983
4254.09957480431,6,0.0983
4255.10627293587,6,0.0983
4256.12224149704,6,0.0983
4257.12890195847,6,0.0983
4258.13542056084,6,0.094
4259.13693714142,6,0.094
4260.14865612984,6,0.0983
4261.15537381172,6,0.094
4262.16223216057,6,0.094
4263.16893410683,6,0.0983
4264.17573332787,6,0.094
4265.18223237991,6,0.0983
4266.18924283981,6,0.0983
4267.20121431351,6,0.0983
4268.20791220665,6,0.0983
4269.21421265602,6,0.0983
4270.22537970543,6,0.0983
4272.23820281029,6,0.0983
4273.24490451813,6,0.0983
4274.25662636757,6,0.0983
4275.26329374313,6,0.0983
4276.27006864548,6,0.0983
4277.27679753304,6,0.0983
4278.29140043259,6,0.0983
4279.29811549187,6,0.094
4280.3048286438,6,0.0983
4281.31149196625,6,0.0983
4282.31819295883,6,0.094
4283.32494592667,6,0.0983
4284.33158421516,6,0.094
4286.35241580009,6,0.0983
4287.36414957047,4,0.0983
4288.37024044991,4,0.0981
4290.37291097641,4,0.0983
4291.37423110008,4,0.0939
4292.38005256653,4,0.0983
4293.39523863792,4,0.0983
4294.40200400352,4,0.0939
4295.4088203907,4,0.0983
4296.41566419601,4,0.0939
4297.42229604721,4,0.094
4298.42906355858,4,0.0939
4299.43570995331,4,0.0939
4300.44227409363,4,0.0939
4301.44843697548,4,0.0887
4302.45517086983,4,0.093
4303.46199822426,4,0.0887
4304.4737803936,4,0.0966
4305.48040390015,4,0.0913
4306.48623609543,4,0.0957
4307.487834692,4,0.0913
4308.49422192574,4,0.0904
4310.50638723373,4,0.0904
4311.51827025414,4,0.0836
4312.52506160736,4,0.0896
4313.53934574127,4,0.0836
4314.54600477219,4,0.0896
4315.55280923843,4,0.0896
4316.56751489639,4,0.0896
4317.58173942566,4,0.0896
4318.5885424614,4,0.0896
4319.59548974037,4,0.0896
4320.6022605896,4,0.0896
4321.60902023315,4,0.0896
4322.65807175636,4,0.0811
4323.67662334442,4,0.093
4324.68272542953,4,0.0887
4325.69096040726,4,0.0921
4326.69362998009,4,0.0879
4327.69567847252,4,0.087
4328.7132897377,4,0.0913
4330.71770381927,4,0.0828
4331.71941208839,4,0.0836
4332.72602272034,4,0.082
4333.73601508141,4,0.0836
4334.74598813057,4,0.082
4335.752648592,4,0.082
4336.75928640366,4,0.0836
4337.76588845253,4,0.082
4338.77736997604,4,0.0836
4339.78400611877,4,0.082
4340.79028439522,4,0.0904
4341.80216240883,4,0.082
4342.80888485909,4,0.0811
4343.82014513016,4,0.0811
4344.82631874084,4,0.0811
4345.83300733566,4,0.0803
4346.83420968056,4,0.0803
4347.84086585045,4,0.0836
4348.84682869911,4,0.0879
4350.85426354408,4,0.0794
4351.8660504818,4,0.0828
4352.87252926826,4,0.0828
4353.88430023193,4,0.0828
4354.89022612572,4,0.0828
4355.90213561058,4,0.0828
4356.90887403488,4,0.0828
4357.92062592506,4,0.0828
4358.92741465569,4,0.0828
4359.93409824371,4,0.0828
4360.94092988968,4,0.0828
4361.95547676086,4,0.087
4362.96732664108,4,0.0828
4363.97415018082,4,0.082
4364.98083019257,4,0.082
4365.9876639843,4,0.0777
4366.99437212944,4,0.0811
4368.00114393234,4,0.0811
4369.0078394413,4,0.0767
4371.01534056664,4,0.0803
4372.02213716507,4,0.0803
4373.02884244919,4,0.0801
4374.03558325768,4,0.0803
4375.04731559753,4,0.0803
4376.05403590202,4,0.0803
4377.07030248642,4,0.0803
4378.07709550858,4,0.0803
4379.08381175995,4,0.0803
4380.09024333954,4,0.0801
4381.10522794724,4,0.0803
4382.11694359779,4,0.075
4383.11833000183,4,0.0836
4384.11987543106,4,0.0794
4385.12621331215,4,0.0786
4386.13301563263,4,0.0828
4387.14476585388,4,0.0784
4388.15163660049,4,0.0741
4389.15818881989,4,0.082
4391.1710357666,4,0.0775
4392.17780709267,4,0.0733
4393.18954086304,4,0.0733
4394.19617247581,4,0.0733
4395.2028927803,4,0.0733
4396.20963716507,4,0.0733
4397.22149300575,4,0.0733
4398.22818231583,4,0.0733
4399.23429012299,4,0.0733
4400.24833297729,4,0.0733
4401.26398396492,4,0.0733
4402.2702665329,4,0.0811
4403.27725219727,4,0.0767
4404.28402805328,4,0.0724
4405.29036712646,4,0.0758
4406.3021800518,4,0.0758
4407.30899477005,4,0.0716
4408.3156850338,4,0.075
4409.32231140137,4,0.075
4411.34567809105,4,0.075
4412.36684632301,4,0.0707
4413.38700127602,4,0.0707
4414.39131045341,4,0.0707
4415.39520215988,4,0.0707
4416.40414500237,4,0.0707
4417.40807437897,4,0.0707
4418.41238999367,4,0.0699
4419.42210817337,4,0.0699
4420.42468166351,4,0.0699
4421.42769551277,4,0.0699
4422.43113589287,4,0.0784
4423.43482923508,4,0.0741
4424.44504570961,4,0.0699
4425.45152235031,4,0.0735
4426.46158337593,4,0.0733
4427.47142672539,4,0.0733
4428.47800135612,4,0.0682
4429.48460888863,4,0.0724
4431.48740172386,4,0.0724
4432.49823856354,4,0.0724
4433.50514030457,4,0.0724
4434.51183223724,4,0.0724
4435.51822662354,4,0.0724
4436.52496862411,4,0.0724
4437.53671097755,4,0.0682
4438.54344177246,4,0.0682
4439.55023241043,4,0.0682
4440.55690360069,4,0.0682
4441.56362557411,4,0.0682
4442.57027602196,4,0.0673
4443.58534049988,4,0.0716
4444.6003484726,4,0.0673
4445.61221265793,4,0.0665
4446.61902832985,4,0.0707
4447.62592458725,4,0.0707
4448.63269901276,4,0.0665
4450.64061737061,4,0.0656
4451.64737987518,4,0.0656
4452.65340328217,4,0.0699
4453.66525816917,4,0.0699
4454.67190337181,4,0.0656
4455.67811250687,4,0.0741
4456.6849937439,4,0.0699
4457.69174599648,4,0.0656
4458.70369410515,4,0.0699
4459.71821379662,4,0.0699
4460.72509455681,4,0.0741
4461.73683309555,4,0.0699
4462.74347281456,4,0.0699
4463.75420331955,4,0.0656
4464.76602172852,4,0.069
4465.77183866501,4,0.069
4466.78653240204,4,0.069
4467.79824495316,4,0.0648
4468.80525326729,4,0.0639
4470.81819796562,4,0.0682
4471.82501459122,4,0.0682
4472.83659338951,4,0.0682
4473.85241222382,4,0.0682
4474.86431598663,4,0.0682
4475.87606406212,4,0.0682
4476.88781905174,4,0.0682
4477.89957642555,4,0.0682
4478.90624904633,4,0.0682
4479.9130358696,4,0.0682
4480.91979789734,4,0.0682
4481.92621684074,4,0.0639
4482.93806314468,4,0.0631
4483.94477033615,4,0.0631
4484.95150136948,4,0.0673
4485.95831298828,4,0.0673
4486.96492815018,4,0.0631
4487.96620893478,4,0.0622
4488.97301006317,4,0.0665
4490.9753510952,4,0.0665
4491.98207521439,4,0.0665
4492.99772334099,4,0.0665
4493.99929141998,4,0.0665
4495.00084972382,4,0.0665
4496.00764989853,4,0.0622
4497.02214097977,4,0.0665
4498.02885866165,4,0.0622
4499.035551548,4,0.0622
4500.04226112366,4,0.0621
4501.04380512238,4,0.0622
4502.05551052094,4,0.0614
4503.06694149971,4,0.0656
4504.07366108894,4,0.0656
4505.08540391922,4,0.0656
4506.09205365181,4,0.0614
4507.10388970375,4,0.0605
4508.11020421982,4,0.069
4510.1180331707,4,0.0648
4511.12997770309,4,0.0648
4512.13668251038,4,0.0648
4513.14335370064,4,0.0648
4514.15020108223,4,0.0648
4515.16206169128,4,0.0648
4516.168872118,4,0.0648
4517.18468785286,4,0.0648
4518.19140338898,4,0.0648
4519.19818019867,4,0.0648
4520.20997309685,4,0.0648
4521.22197508812,4,0.0605
4522.22858500481,4,0.0597
4523.23424100876,4,0.0597
4524.24880743027,4,0.0639
4525.26485753059,4,0.0639
4526.27168416977,4,0.0639
4527.29392981529,4,0.0597
4528.31437635422,4,0.0588
4530.31814479828,4,0.0631
4531.33691763878,4,0.0631
4532.34002947807,4,0.0631
4533.34479570389,4,0.0631
4534.35385274887,4,0.0631
4535.35705208778,4,0.0631
4536.35949611664,4,0.0631
4537.37261509895,4,0.0631
4538.37439537048,4,0.0631
4539.37655878067,4,0.0631
4540.3783955574,4,0.0631
4541.38144731522,4,0.0631
4542.38504242897,4,0.0587
4543.39553356171,4,0.0587
4544.3969142437,4,0.058
4545.39810228348,4,0.0622
4546.40467524529,4,0.0622
4547.41117715836,4,0.0622
4548.41800236702,4,0.0578
4550.42571997643,4,0.058
4551.43233156204,4,0.057
4552.44403791428,4,0.057
4553.45585203171,4,0.0614
4554.46224117279,4,0.057
4555.46899914742,4,0.057
4556.47561001778,4,0.057
4557.48222756386,4,0.0614
4558.48897957802,4,0.0614
4559.49569797516,4,0.057
4560.50222110748,4,0.0614
4561.50900363922,4,0.0656
4562.52074575424,4,0.0656
4563.52746319771,4,0.0614
4564.53426814079,4,0.0614
4565.54605269432,4,0.057
4566.55657720566,4,0.0605
4567.56350564957,4,0.0605
4568.57525205612,4,0.0648
4570.57801938057,4,0.0605
4571.58489704132,4,0.0605
4572.59667491913,4,0.0604
4573.60342335701,4,0.0605
4574.61028981209,4,0.0605
4575.6168282032,4,0.0605
4576.61822581291,4,0.0605
4577.62490653992,4,0.0605
4578.63170027733,4,0.0605
4579.63824629784,4,0.0605
4580.64507699013,4,0.0563
4581.65188097954,4,0.0563
4582.65824532509,4,0.0554
4583.66494417191,4,0.0553
4584.67680859566,4,0.0597
4585.67821621895,4,0.0597
4586.68496370316,4,0.0597
4587.69163656235,4,0.0597
4589.69931411743,4,0.0554
4590.71021652222,4,0.0546
4591.71689939499,4,0.0546
4592.71820139885,4,0.0553
4593.7300350666,4,0.0546
4594.73651647568,4,0.0546
4595.74327921867,4,0.0546
4596.75043225288,4,0.0546
4597.76228642464,4,0.0546
4598.76907467842,4,0.0546
4599.78339195251,4,0.051
4600.79349684715,4,0.0546
4601.80523014069,4,0.0546
4602.81712794304,4,0.0588
4603.85982751846,4,0.0588
4604.8648045063,4,0.0588
4605.87993550301,4,0.0544
4606.88214564323,4,0.0536
4607.88458395004,4,0.0546
4609.89670705795,4,0.0546
4610.89948749542,4,0.0536
4611.9022436142,4,0.058
4612.90488529205,4,0.0493
4613.90690088272,4,0.058
4614.90882325172,4,0.058
4615.91051530838,4,0.0503
4616.91221427917,4,0.0622
4617.91377997398,4,0.0502
4618.9154510498,4,0.058
4619.91711831093,4,0.058
4620.91982150078,4,0.058
4621.92141079903,4,0.058
4622.92218804359,4,0.058
4623.92420291901,4,0.0536
4624.92572021484,4,0.0536
4625.92723226547,4,0.0536
4626.92884612083,4,0.0529
4627.93018126488,4,0.0529
4629.93360066414,4,0.0571
4630.93475961685,4,0.0571
4631.93614935875,4,0.0571
4632.93818354607,4,0.0571
4633.93970513344,4,0.0571
4634.94138002396,4,0.0571
4635.94350147247,4,0.0571
4636.94605135918,4,0.0571
4637.94899582863,4,0.0571
4638.95024490356,4,0.0571
4639.95184421539,4,0.0571
4640.96135377884,4,0.0571
4641.97012424469,4,0.0571
4642.97154116631,4,0.0571
4643.97817158699,4,0.0529
4644.98461198807,4,0.0529
4645.99133682251,4,0.0519
4647.99820637703,4,0.0519
4649.00502276421,4,0.0563
4650.00623250008,4,0.052
4651.00785827637,4,0.0563
4652.01949977875,4,0.0563
4653.03025841713,4,0.0605
4654.03689432144,4,0.0563
4655.04872965813,4,0.0563
4656.05021381378,4,0.0563
4657.06212306023,4,0.0563
4658.06367564201,4,0.0563
4659.07024002075,4,0.0563
4660.0769598484,4,0.0563
4661.08362221718,4,0.0563
4662.09021186829,4,0.0563
4663.09693408012,4,0.0563
4664.09823536873,4,0.0563
4665.10496497154,4,0.0519
4666.10624527931,4,0.051
4668.11413097382,4,0.0512
4669.1208114624,4,0.051
4670.12746310234,4,0.051
4671.12901544571,4,0.0512
4672.13562941551,4,0.051
4673.14736676216,4,0.0554
4674.15420007706,4,0.051
4675.16086578369,4,0.0554
4676.16756677628,4,0.051
4677.17447090149,4,0.0512
4678.18130064011,4,0.0554
4679.18796420097,4,0.0554
4680.19422650337,4,0.0554
4681.2010076046,4,0.0554
4682.2077922821,4,0.0554
4683.22212648392,4,0.0554
4684.22887969017,4,0.0554
4685.23546743393,4,0.0553
4687.24327540398,4,0.0512
4688.2448246479,4,0.051
4689.25151872635,4,0.0512
4690.25820565224,4,0.0502
4691.26421928406,4,0.051
4692.27020835876,4,0.051
4693.27689766884,4,0.051
4694.2836098671,4,0.0512
4695.29534959793,4,0.051
4696.30213785172,4,0.0503
4697.30890917778,4,0.0512
4698.31561994553,4,0.0493
4699.33023881912,4,0.0503
4700.34480714798,4,0.0544
4701.35666513443,4,0.0546
4702.36850237846,4,0.0546
4703.37542247772,4,0.0546
4704.38230466843,4,0.0546
4705.3941321373,4,0.0546
4707.40210938454,4,0.0546
4708.40883827209,4,0.0546
4709.41568541527,4,0.0546
4710.42220377922,4,0.0546
4711.4340531826,4,0.0546
4712.44084191322,4,0.0546
4713.44745254517,4,0.0546
4714.45410513878,4,0.0546
4715.46084928513,4,0.0546
4716.46758079529,4,0.0503
4717.47419476509,4,0.0546
4718.48108792305,4,0.0493
4719.48790717125,4,0.0503
4720.49424219131,4,0.0493
4721.50096011162,4,0.0493
4722.50769948959,4,0.0493
4723.50925374031,4,0.0536
4724.52109003067,4,0.0537
4725.53586435318,4,0.0537
4727.53765892982,4,0.0536
4728.54905629158,4,0.0536
4729.56098461151,4,0.0537
4730.56778860092,4,0.0536
4731.57425308228,4,0.0536
4732.5812895298,4,0.0536
4733.58227729797,4,0.0537
4734.58901929855,4,0.0536
4735.60070419312,4,0.0536
4736.60749053955,4,0.0536
4737.61429190636,4,0.0537
4738.62097048759,4,0.0537
4739.62757587433,4,0.0537
4740.63431382179,4,0.0537
4741.64611005783,4,0.0536
4742.66049647331,4,0.0493
4743.66724205017,4,0.0493
4744.67402768135,4,0.0493
4746.68164634705,4,0.0485
4747.68835520744,4,0.0485
4748.69421577454,4,0.0486
4749.70095300674,4,0.0486
4750.70765662193,4,0.0529
4751.71423506737,4,0.0485
4752.72096157074,4,0.0485
4753.72222781181,4,0.0485
4754.72889637947,4,0.0485
4755.73547625542,4,0.0529
4756.74217128754,4,0.0486
4757.74895977974,4,0.0485
4758.75557184219,4,0.0527
4759.76221823692,4,0.0527
4760.7690486908,4,0.0571
4761.77573132515,4,0.0529
4762.77733516693,4,0.0529
4763.7782638073,4,0.0529
4764.78499388695,4,0.0529
4766.79809141159,4,0.0529
4767.80475950241,4,0.0529
4768.81144285202,4,0.0529
4769.81820273399,4,0.0529
4770.83002734184,4,0.0529
4771.83678007126,4,0.0529
4772.84324359894,4,0.0529
4773.84998273849,4,0.0529
4774.86172032356,4,0.0527
4775.86841011047,4,0.0529
4776.87424111366,4,0.0529
4777.88079738617,4,0.0529
4778.88746237755,4,0.0529
4779.89417934418,4,0.0529
4780.9008409977,4,0.0483
4781.90744256973,4,0.0485
4782.91419482231,4,0.0481
4783.92603993416,4,0.0486
4784.93276953697,4,0.0476
4786.94038939476,4,0.0476
4787.9462492466,4,0.0476
4788.95804333687,4,0.0469
4789.9647808075,4,0.0468
4790.97651314735,4,0.0468
4791.99294567108,4,0.0468
4792.99422597885,4,0.0519
4794.00096917152,4,0.0468
4795.01267361641,4,0.0468
4796.01932191849,4,0.0519
4797.02609825134,4,0.0476
4798.03292346001,4,0.0476
4799.03905892372,4,0.0519
4800.04581665993,4,0.052
4801.05767226219,4,0.0519
4802.06949424744,4,0.052
4803.08137607574,4,0.052
4804.08813905716,4,0.0519
4805.09422802925,4,0.0519
4807.10211491585,4,0.0519
4808.11399579048,4,0.0519
4809.12592792511,4,0.0519
4810.1323902607,4,0.0519
4811.14432430267,4,0.0519
4812.15019965172,4,0.0519
4813.15693926811,4,0.0519
4814.16338157654,4,0.0519
4815.17939376831,4,0.0519
4816.18632912636,4,0.0519
4817.19312477112,4,0.0519
4818.20484137535,4,0.0519
4819.21639919281,4,0.052
4820.22211050987,4,0.0519
4821.22868156433,4,0.0519
4822.23823738098,4,0.052
4823.24506950378,4,0.0476
4824.25679516792,4,0.0476
4825.26355934143,4,0.0476
4827.26622414589,4,0.0476
4828.27299976349,4,0.0476
4829.27983832359,4,0.0468
4830.28625440598,4,0.0468
4831.2929918766,4,0.0468
4832.29983258247,4,0.0434
4833.31166982651,4,0.0468
4834.31824660301,4,0.0466
4835.32504272461,4,0.0468
4836.34219312668,4,0.0468
4837.34897756577,4,0.0468
4838.36072468758,4,0.0476
4839.3675570488,4,0.0468
4840.37422609329,4,0.0468
4841.38103437424,4,0.0512
4842.38768792152,4,0.0468
4843.39421701431,4,0.051
4844.40597248077,4,0.051
4846.41329932213,4,0.051
4847.41995024681,4,0.0512
4848.42621588707,4,0.0512
4849.43314242363,4,0.0512
4850.43983602524,4,0.051
4851.44627714157,4,0.0512
4852.45305585861,4,0.0512
4853.45980286598,4,0.0512
4854.46626758575,4,0.051
4855.47308135033,4,0.051
4856.47996711731,4,0.0512
4857.49183797836,4,0.051
4858.49829745293,4,0.051
4859.51022267342,4,0.051
4860.5169839859,4,0.051
4861.51821708679,4,0.0512
4862.52504491806,4,0.051
4863.52623152733,4,0.0512
4864.53282880783,4,0.051
4866.54578638077,4,0.051
4867.55770659447,4,0.051
4868.57421088219,4,0.051
4869.58096528053,4,0.051
4870.58763170242,4,0.051
4871.59421038628,4,0.051
4872.60597085953,4,0.051
4873.61277270317,4,0.051
4874.62475395203,4,0.051
4875.63144207001,4,0.051
4876.63816690445,4,0.051
4877.64494252205,4,0.051
4878.65157914162,4,0.051
4879.65819382668,4,0.051
4880.66500115395,4,0.0468
4881.67159414291,4,0.051
4882.67842078209,4,0.0468
4883.69026064873,4,0.0468
4884.69701600075,4,0.0468
4886.70982527733,4,0.0468
4887.72159814835,4,0.0459
4888.73333692551,4,0.0468
4889.7449567318,4,0.0468
4890.74623584747,4,0.0459
4891.75803828239,4,0.0466
4892.7647550106,4,0.0468
4893.77145838737,4,0.0459
4894.77818107605,4,0.0468
4895.77971792221,4,0.0468
4896.78620886803,4,0.0454
4897.79744434357,4,0.0468
4898.80768966675,4,0.0468
4899.81425189972,4,0.0383
4900.82104897499,4,0.0468
4901.83279132843,4,0.0459
4902.8445315361,4,0.0459
4903.85633683205,4,0.0459
4904.86220908165,4,0.0459
4906.87017536163,4,0.0459
4907.87711143494,4,0.0493
4908.88373541832,4,0.0459
4909.89026689529,4,0.0459
4910.90215039253,4,0.0503
4911.90889191628,4,0.0459
4912.91555643082,4,0.0459
4913.92227673531,4,0.0503
4914.92338418961,4,0.0459
4915.93422722816,4,0.0459
4916.94090247154,4,0.0503
4917.94770097733,4,0.0493
4918.95424461365,4,0.0502
4919.96105480194,4,0.0459
4920.9677233696,4,0.0502
4921.97424077988,4,0.0493
4922.98098230362,4,0.0502
4923.98767113686,4,0.0493
4924.99419283867,4,0.0502
4927.01019454002,4,0.0493
4928.0169532299,4,0.0495
4929.02368545532,4,0.0502
4930.0354180336,4,0.0502
4931.04621934891,4,0.0502
4932.0530269146,4,0.0503
4933.05983090401,4,0.0502
4934.07160973549,4,0.0502
4935.07823371887,4,0.0502
4936.09000515938,4,0.0503
4937.09160852432,4,0.0502
4938.09319281578,4,0.0493
4939.10485029221,4,0.0502
4940.11424088478,4,0.0495
4941.12110376358,4,0.0502
4942.12789988518,4,0.0502
4943.13966488838,4,0.0502
4944.14621686935,4,0.0502
4945.15310645103,4,0.0503
4947.16104769707,4,0.0502
4948.17282891273,4,0.0498
4949.1795899868,4,0.0502
4950.18627047539,4,0.0502
4951.19302964211,4,0.0503
4952.19963169098,4,0.0502
4953.20624828339,4,0.0502
4954.21807980537,4,0.0502
4955.22478675842,4,0.0502
4956.23661279678,4,0.0503
4957.2433962822,4,0.0502
4958.25523304939,4,0.0459
4959.2620267868,4,0.0502
4960.27822852135,4,0.0459
4961.29013776779,4,0.0502
4962.29686808586,4,0.0493
4963.30352258682,4,0.0459
4964.32941746712,4,0.0493
4965.33904004097,4,0.0459
4967.36999440193,4,0.0459
4968.38523769379,4,0.0495
4969.39627289772,4,0.0459
4970.39980220795,4,0.0459
4971.40293693542,4,0.0503
4972.40690922737,4,0.0459
4973.41625261307,4,0.0459
4974.43908786774,4,0.0502
4975.45590877533,4,0.0459
4976.45990610123,4,0.0459
4977.47491765022,4,0.0502
4978.47850513458,4,0.0495
4979.48244571686,4,0.0459
4980.48514461517,4,0.0493
4981.49340772629,4,0.0459
4982.49698352814,4,0.0451
4983.50614452362,4,0.0459
4984.51268649101,4,0.0451
4985.52220392227,4,0.0459
4987.53424668312,4,0.0459
4988.54109930992,4,0.0451
4989.55538988113,4,0.0451
4990.56621408463,4,0.0459
4991.57298803329,4,0.0451
4992.57422447205,4,0.0451
4993.58103775978,4,0.0459
4994.58785128593,4,0.0451
4995.59963083267,4,0.0459
4996.60622930527,4,0.0459
4997.61285805702,4,0.0451
4998.61964774132,4,0.0459
4999.62621164322,4,0.0451
5000.63991999626,4,0.0451
5001.65424156189,4,0.0451
5002.66099953651,4,0.0451
5003.67632389069,4,0.0451
5004.68224668503,4,0.0493
5005.68895149231,4,0.0451
5007.69622588158,4,0.0451
5008.70221805573,4,0.0451
5009.70890116692,4,0.0493
5010.71559715271,4,0.0451
5011.72224164009,4,0.0451
5012.7238202095,4,0.0493
5013.73555660248,4,0.0451
5014.7423222065,4,0.0451
5015.74891471863,4,0.0493
5016.7556579113,4,0.0451
5017.76228356361,4,0.0493
5018.76907110214,4,0.0451
5019.77009773254,4,0.0493
5020.77678227425,4,0.0451
5021.78862190247,4,0.0493
5022.80035400391,4,0.0493
5023.80192923546,4,0.0493
5024.81371831894,4,0.0493
5025.82043576241,4,0.0451
5027.82221245766,4,0.0493
5028.83830404282,4,0.0493
5029.85265779495,4,0.0536
5030.86962938309,4,0.0451
5031.88543581963,4,0.0493
5032.89721274376,4,0.0493
5033.89822340012,4,0.0493
5034.89979076385,4,0.0493
5035.90147256851,4,0.0493
5036.91604351997,4,0.0493
5037.92224836349,4,0.0493
5038.92900538445,4,0.0493
5039.94071245193,4,0.0493
5040.94738125801,4,0.0493
5041.96215510368,4,0.0451
5042.9689207077,4,0.0493
5043.97554445267,4,0.0493
5044.98227858543,4,0.0493
5045.98900723457,4,0.0493
5047.99137067795,4,0.0493
5049.0022175312,4,0.0493
5050.00903367996,4,0.0493
5051.02087450027,4,0.0493
5052.02210474014,4,0.0493
5053.02885890007,4,0.0493
5054.03556203842,4,0.0493
5055.04594755173,4,0.0493
5056.0576403141,4,0.0493
5057.06938815117,4,0.0493
5058.07610678673,4,0.0493
5059.0897526741,4,0.0493
5060.10637950897,4,0.0493
5061.12069535255,4,0.0493
5062.12761044502,4,0.0493
5063.13432526588,4,0.0493
5064.14101600647,4,0.0493
5065.14777183533,4,0.0493
5066.15424156189,4,0.0493
5068.1620426178,4,0.0493
5069.17196369171,4,0.0493
5070.17823910713,4,0.0493
5071.18505501747,4,0.0493
5072.1919772625,4,0.0493
5073.20373773575,4,0.0493
5074.21033120155,4,0.0493
5075.21709346771,4,0.0493
5076.22902774811,4,0.0493
5077.2407515049,4,0.0493
5078.25264215469,4,0.0493
5079.25874519348,4,0.0493
5080.26556110382,4,0.0493
5081.27728796005,4,0.0493
5082.27829241753,4,0.0493
5083.29254007339,4,0.0493
5084.30775475502,4,0.0493
5085.32221961021,4,0.0493
5086.33687877655,4,0.0493
5088.35367488861,4,0.0493
5089.36038064957,4,0.0493
5090.36638188362,4,0.0493
5091.37314510345,4,0.0493
5092.37988352776,4,0.0493
5093.39424133301,4,0.0493
5094.41022658348,4,0.0493
5095.41696429253,4,0.0493
5096.4237678051,4,0.0493
5097.43035769463,4,0.0493
5098.43705964088,4,0.0493
5099.44885253906,4,0.0493
5100.46221137047,4,0.0493
5101.47625660896,4,0.0493
5102.48798298836,4,0.0493
5103.5052075386,4,0.0493
5104.51181530952,4,0.0493
5105.51856803894,4,0.0493
5106.52543473244,4,0.0493
5108.53822827339,4,0.0493
5109.55959153175,4,0.0451
5110.56689691544,4,0.0493
5111.56974506378,4,0.0495
5112.59096980095,4,0.0451
5113.59546041489,4,0.0495
5114.61163663864,4,0.0493
5115.61777830124,4,0.0451
5116.62927341461,4,0.0495
5117.63147115707,4,0.0495
5118.63751006126,4,0.0451
5119.63847327232,4,0.0451
5120.64115262032,4,0.0493
5121.64313411713,4,0.0493
5122.64970731735,4,0.0493
5123.65620517731,4,0.0451
5124.66557908058,4,0.0493
5125.67218995094,4,0.0451
5126.67825317383,4,0.0493
5128.68107032776,4,0.0493
5129.69292163849,4,0.0452
5130.69957327843,4,0.0495
5131.70625734329,4,0.0495
5132.71299028397,4,0.0451
5133.71977901459,4,0.0493
5134.7262403965,4,0.0495
5135.74124884605,4,0.0451
5136.75574159622,4,0.0493
5137.76748394966,4,0.0493
5138.77422070503,4,0.0493
5139.78078770638,4,0.0451
5140.79053783417,4,0.0493
5141.80579447746,4,0.0451
5142.81245756149,4,0.0451
5143.82621121407,4,0.0493
5144.83292675018,4,0.0493
5145.83970952034,4,0.0495
5147.84744715691,4,0.0451
5148.85415768623,4,0.0493
5149.86075901985,4,0.0451
5150.86736249924,4,0.0493
5151.87418437004,4,0.0451
5152.88604164124,4,0.0451
5153.89281773567,4,0.0493
5154.89945840836,4,0.0493
5155.90623164177,4,0.0451
5156.91290974617,4,0.0493
5157.91421198845,4,0.0451
5158.92596626282,4,0.0493
5159.9404861927,4,0.0452
5160.95223498344,4,0.0451
5161.95822119713,4,0.0493
5162.96490073204,4,0.0493
5163.96624875069,4,0.0451
5164.97308397293,4,0.0451
5165.97430753708,4,0.0495
5167.97695088387,4,0.0451
5168.97825717926,4,0.0493
5169.98496985435,4,0.0451
5170.98627448082,4,0.0451
5171.99300718307,4,0.0493
5173.00481820107,4,0.0451
5174.00623321533,4,0.0451
5175.0077881813,4,0.0493
5176.01423430443,4,0.0451
5177.02095174789,4,0.0451
5178.02772402763,4,0.0451
5179.07476258278,4,0.0493
5180.08148479462,4,0.0493
5181.09637260437,4,0.0451
5182.0996568203,4,0.0493
5183.10485458374,4,0.0451
5184.11385178566,4,0.0493
5186.11739325523,4,0.0451
5187.11882758141,4,0.0451
5188.12120628357,4,0.0451
5189.12268686295,4,0.0495
5190.12665343285,4,0.0451
5191.12829113007,4,0.0451
5192.12985444069,4,0.0495
5193.13254642487,4,0.0451
5194.13420629501,4,0.0451
5195.13612937927,4,0.0495
5196.14261245728,4,0.0451
5197.15527296066,4,0.0451
5198.16176700592,4,0.0491
5199.16833400726,4,0.0451
5200.17420244217,4,0.0451
5201.17574071884,4,0.0451
5202.18227696419,4,0.0451
5203.18904924393,4,0.0451
5205.19679260254,4,0.0451
5206.2102329731,4,0.0451
5207.2240986824,4,0.0451
5208.23026204109,4,0.0495
5209.23186302185,4,0.0451
5210.24366378784,4,0.0451
5211.25025939941,4,0.0495
5212.26202750206,4,0.0451
5213.26867055893,4,0.0451
5214.2755510807,4,0.0495
5215.28728866577,4,0.0451
5216.29417920113,4,0.0451
5217.30951786041,4,0.0495
5218.32136893272,4,0.0493
5219.3281018734,4,0.0451
5220.33427357674,4,0.0451
5221.3410255909,4,0.0451
5222.34777855873,4,0.0493
5223.35424041748,4,0.0451
5225.36210942268,4,0.0451
5226.36889457703,4,0.0493
5227.37564921379,4,0.0451
5228.38226413727,4,0.0493
5229.38909506798,4,0.0493
5230.39584732056,4,0.0451
5231.40753054619,4,0.0493
5232.41928362846,4,0.0493
5233.43423056602,4,0.0451
5234.44603443146,4,0.0493
5235.45281744003,4,0.0493
5236.46875238419,4,0.0493
5237.47553467751,4,0.0451
5238.48220396042,4,0.0451
5239.48903536797,4,0.0495
5240.50580692291,4,0.0493
5241.51248812675,4,0.0451
5242.51928424835,4,0.0451
5243.52611851692,4,0.0495
5245.53392314911,4,0.0493
5246.54081249237,4,0.0451
5247.54746127129,4,0.0495
5248.5540997982,4,0.0451
5249.56073498726,4,0.0451
5250.56751823425,4,0.0495
5251.5822198391,4,0.0451
5252.59679150581,4,0.0451
5253.61025309563,4,0.0495
5254.62203192711,4,0.0451
5255.63378691673,4,0.0451
5256.64560651779,4,0.0451
5257.65231871605,4,0.0493
5258.65824627876,4,0.0451
5259.67000818253,4,0.0451
5260.68205332756,4,0.0451
5261.68841218948,4,0.0451
5262.69426107407,4,0.0493
5263.70101118088,4,0.0495
5265.7088367939,4,0.0451
5266.71549963951,4,0.0493
5267.71707558632,4,0.0451
5268.72875189781,4,0.0451
5269.73546409607,4,0.0495
5270.74227499962,4,0.0452
5271.75402951241,4,0.0451
5272.76071691513,4,0.0495
5273.76732468605,4,0.0451
5274.77413344383,4,0.0451
5275.78885364532,4,0.0451
5276.80542993546,4,0.0493
5277.82077097893,4,0.0451
5278.83259320259,4,0.0452
5279.83929347992,4,0.0495
5280.84597873688,4,0.0493
5281.85270810127,4,0.0451
5282.85941982269,4,0.0451
5283.86607384682,4,0.0451
5285.87380957603,4,0.0493
5286.88540673256,4,0.0451
5287.89591264725,4,0.0495
5288.91115307808,4,0.0451
5289.92187809944,4,0.0452
5290.93639373779,4,0.0495
5291.9379491806,4,0.0451
5292.94458985329,4,0.0451
5293.95131659508,4,0.0493
5294.96222043037,4,0.0451
5295.9772336483,4,0.0451
5296.99136710167,4,0.0451
5297.99805188179,4,0.0451
5299.00482487679,4,0.0451
5300.02045869827,4,0.0451
5301.03527188301,4,0.0451
5302.04210615158,4,0.0451
5303.07319879532,4,0.0451
5304.09346842766,4,0.0451
5306.10076189041,4,0.0451
5307.11665606499,4,0.0495
5308.11994028091,4,0.0452
5309.13159871101,4,0.0451
5310.13554620743,4,0.0495
5311.13752102852,4,0.0451
5312.13833069801,4,0.0451
5313.13993668556,4,0.0495
5314.14135980606,4,0.0451
5315.14226531982,4,0.0451
5316.14489197731,4,0.0493
5317.14676237106,4,0.0495
5318.15024590492,4,0.0495
5319.15299320221,4,0.0451
5320.1620824337,4,0.0495
5321.16863536835,4,0.0491
5322.17811012268,4,0.0451
5323.18476557732,4,0.0493
5324.19141077995,4,0.0495
5326.19820690155,4,0.0451
5327.2049138546,4,0.0451
5328.2183265686,4,0.0451
5329.22501087189,4,0.0495
5330.23175501823,4,0.0452
5331.23823904991,4,0.0451
5332.24495315552,4,0.0495
5333.25168895721,4,0.0495
5334.25821423531,4,0.0442
5335.26493430138,4,0.0493
5336.27160596848,4,0.0451
5337.2782599926,4,0.0493
5338.28506994247,4,0.0451
5339.28629732132,4,0.0451
5340.30137777328,4,0.0451
5341.31683659554,4,0.0493
5342.32362341881,4,0.0452
5343.33552646637,4,0.0452
5344.34221863747,4,0.0451
5346.3500854969,4,0.0495
5347.36194562912,4,0.0451
5348.36864185333,4,0.0495
5349.38078117371,4,0.0451
5350.38222694397,4,0.0452
5351.38893127441,4,0.0495
5352.39026212692,4,0.0451
5353.39698839188,4,0.0451
5354.40380144119,4,0.0495
5355.41024446487,4,0.0452
5356.41180729866,4,0.0493
5357.41824936867,4,0.0452
5358.42492175102,4,0.0451
5359.43650865555,4,0.0493
5360.44600510597,4,0.0451
5361.45260643959,4,0.0451
5362.45420575142,4,0.0495
5363.46087694168,4,0.0451
5364.4622592926,4,0.0452
5366.47015857697,4,0.0493
5367.48197317123,4,0.0451
5368.48880243301,4,0.0495
5369.50064992905,4,0.0452
5370.50728178024,4,0.0451
5371.51400446892,6,0.0495
5372.52094960213,6,0.0452
5373.52762317657,6,0.0452
5374.53423309326,6,0.0495
5375.54095649719,6,0.0451
5376.54774451256,6,0.0495
5377.54934453964,6,0.0451
5378.55035948753,6,0.0451
5379.55188989639,6,0.0493
5380.55823516846,6,0.0493
5381.5597910881,6,0.0451
5382.56133317947,6,0.0503
5383.56806325912,6,0.0493
5384.57424163818,6,0.0512
5386.58150815964,6,0.0469
5387.59324479103,6,0.0476
5388.5999288559,6,0.0476
5389.61181950569,6,0.0519
5390.61825037003,6,0.052
5391.62507843971,6,0.052
5392.62625002861,6,0.0519
5393.63308691978,6,0.052
5394.64730715752,6,0.052
5395.65408921242,6,0.0519
5396.66084718704,6,0.052
5397.66223621368,6,0.052
5398.66895627975,6,0.0529
5399.68081688881,6,0.0486
5400.69837784767,6,0.0537
5401.70510816574,6,0.0459
5402.73091959953,6,0.0546
5403.75338578224,6,0.0503
5404.75891661644,6,0.0554
5406.77877616882,6,0.0512
5407.79602050781,6,0.0512
5408.79865479469,6,0.0478
5409.8000895977,6,0.052
5410.80166363716,6,0.052
5411.80215001106,6,0.052
5412.80401611328,6,0.052
5413.80547714233,6,0.052
5414.80618929863,6,0.052
5415.80760622025,6,0.0563
5416.80956268311,6,0.052
5417.81048631668,6,0.0563
5418.81323838234,6,0.0529
5419.81536197662,6,0.0571
5420.81731438637,6,0.0529
5421.81822729111,6,0.058
5422.81914663315,6,0.058
5423.82069134712,6,0.0546
5424.82445120811,6,0.0588
5426.83195137978,6,0.0546
5427.83445239067,6,0.0554
5428.83646774292,6,0.0554
5429.8462061882,6,0.0554
5430.85266494751,6,0.0597
5431.8540828228,6,0.0597
5432.86056876183,6,0.0597
5433.86728620529,6,0.0597
5434.87880110741,6,0.0597
5435.88530135155,6,0.0597
5436.90075445175,6,0.0597
5437.90743350983,6,0.0597
5438.91423225403,6,0.0605
5439.92104768753,6,0.0648
5440.92770719528,6,0.0563
5441.93434810638,6,0.0614
5442.94567012787,6,0.0656
5443.95741152763,6,0.058
5445.97035980225,6,0.0622
5446.97718644142,6,0.0622
5447.98394060135,6,0.0622
5448.99422216415,6,0.0622
5450.00619196892,6,0.0622
5451.01292228699,6,0.0622
5452.01964759827,6,0.058
5453.03539729118,6,0.0622
5454.04224419594,6,0.0622
5455.04908561707,6,0.058
5456.0557820797,6,0.0622
5457.05736851692,6,0.0588
5458.06902265549,6,0.0631
5459.07566308975,6,0.0588
5460.082290411,6,0.0597
5461.08909320831,6,0.0639
5462.09592723846,6,0.0597
5463.10219860077,6,0.0605
5464.10893702507,6,0.0648
5466.11682128906,6,0.0648
5467.12361049652,6,0.0614
5468.13531804085,6,0.0605
5469.14620494843,6,0.0614
5470.15290975571,6,0.0614
5471.17011833191,6,0.0614
5472.17694044113,6,0.0614
5473.18869948387,6,0.0614
5474.1955139637,6,0.0614
5475.20221734047,6,0.0614
5476.20901012421,6,0.0614
5477.21031570435,6,0.0656
5478.21719622612,6,0.07
5479.22891783714,6,0.0614
5480.24051761627,6,0.0666
5481.2421040535,6,0.0666
5482.24365663528,6,0.0622
5483.25022721291,6,0.0673
5484.25691366196,6,0.0673
5486.26982069016,6,0.0631
5487.2816362381,6,0.0597
5488.29349184036,6,0.0631
5489.30521702766,6,0.0631
5490.31195187569,6,0.0597
5491.31821537018,6,0.0639
5492.32483959198,6,0.0639
5493.33662176132,6,0.0639
5494.35139155388,6,0.0639
5495.35807085037,6,0.0639
5496.36991047859,6,0.0631
5497.38171839714,6,0.0683
5498.38857769966,6,0.0683
5499.39524841309,6,0.0639
5500.40695977211,6,0.0649
5501.41374468803,6,0.0692
5502.4255604744,6,0.0692
5503.43733549118,6,0.0648
5504.44409370422,6,0.07
5506.45061254501,6,0.07
5507.46575570107,6,0.07
5508.48036408424,6,0.07
5509.48623585701,6,0.07
5510.48781633377,6,0.07
5511.48942327499,6,0.07
5512.49026632309,6,0.07
5513.49695277214,6,0.07
5514.50866389275,6,0.0743
5515.51544260979,6,0.0743
5516.52210259438,6,0.0656
5517.52881121635,6,0.0656
5518.53024220467,6,0.0665
5519.53181910515,6,0.0709
5520.53824472427,6,0.0709
5521.54511785507,6,0.0666
5522.55201339722,6,0.0675
5523.56788539886,6,0.0717
5524.57421398163,6,0.0717
5526.58213114738,6,0.0675
5527.5938949585,6,0.0639
5528.60057377815,6,0.0639
5529.61249566078,6,0.0639
5530.61934494972,6,0.0639
5531.62617683411,6,0.0683
5532.63793563843,6,0.0683
5533.64472150803,6,0.0683
5534.65153622627,6,0.0683
5535.66333770752,6,0.0682
5536.67010259628,6,0.0683
5537.68193054199,6,0.0726
5538.68788576126,6,0.0726
5539.69423937798,6,0.0726
5540.70099115372,6,0.0683
5541.71285486221,6,0.069
5542.71964859962,6,0.0735
5543.73138856888,6,0.0735
5544.73818659782,6,0.0777
5546.74609971046,6,0.0692
5547.75294208527,6,0.07
5548.76495552063,6,0.07
5549.77170825005,6,0.07
5550.77827739716,6,0.07
5551.78499746323,6,0.07
5552.791711092,6,0.07
5553.79826164246,6,0.07
5554.80485892296,6,0.07
5555.81651997566,6,0.0743
5556.82325983047,6,0.07
5557.83330535889,6,0.0743
5558.84797310829,6,0.0743
5559.86222577095,6,0.07
5560.87822508812,6,0.07
5561.88407540321,6,0.0709
5562.89580726624,6,0.0752
5563.90755558014,6,0.0752
5564.91426849365,6,0.0709
5566.92201423645,6,0.0709
5567.92868518829,6,0.0673
5568.93541455269,6,0.0709
5569.94622898102,6,0.0673
5570.95256447792,6,0.0717
5571.96433472633,6,0.0709
5572.97022414207,6,0.0717
5573.97699379921,6,0.0717
5574.98375201225,6,0.0717
5575.99032902718,6,0.0717
5577.00207042694,6,0.0717
5578.00873351097,6,0.076
5579.01549577713,6,0.076
5580.02622032166,6,0.076
5581.03307104111,6,0.0717
5582.03978061676,6,0.0717
5583.04624795914,6,0.0726
5584.05304408073,6,0.0769
5585.05423927307,6,0.0769
5587.0621778965,6,0.0769
5588.06896710396,6,0.0769
5589.07559132576,6,0.0726
5590.08224916458,6,0.0726
5591.09402894974,6,0.0726
5592.10068535805,6,0.0769
5593.1073038578,6,0.0726
5594.11405062675,6,0.0726
5595.12579679489,6,0.0726
5596.13750863075,6,0.0726
5597.14925861359,6,0.0726
5598.16114354134,6,0.0735
5599.16222286224,6,0.0777
5600.16907334328,6,0.0777
5601.18098592758,6,0.0777
5602.18263506889,6,0.0735
5603.1942653656,6,0.0735
5604.2011039257,6,0.0743
5606.21406269073,6,0.0786
5607.22076869011,6,0.0786
5608.22754645348,6,0.0786
5609.23942255974,6,0.0786
5610.24615621567,6,0.0786
5611.2528898716,6,0.0786
5612.25963020325,6,0.0786
5613.26625275612,6,0.0786
5614.27292871475,6,0.0786
5615.27424359322,6,0.0786
5616.28105020523,6,0.0786
5617.28787326813,6,0.0786
5618.29423928261,6,0.0786
5619.30964541435,6,0.0828
5620.31023907661,6,0.0743
5621.31707000732,6,0.0752
5622.32383275032,6,0.0752
5623.33028745651,6,0.0794
5624.33701348305,6,0.0794
5626.35000634193,6,0.0794
5627.36190724373,6,0.0794
5628.36864089966,6,0.0794
5629.37531876564,6,0.0794
5630.38216018677,6,0.0794
5631.38893055916,6,0.0794
5632.39575195312,6,0.0794
5633.40225315094,6,0.0752
5634.40901207924,6,0.0752
5635.4152598381,6,0.0752
5636.42210507393,6,0.0794
5637.43380999565,6,0.0752
5638.44569396973,6,0.076
5639.45244407654,6,0.076
5640.45921087265,6,0.0803
5641.46603870392,6,0.0803
5642.47276568413,6,0.0803
5643.47958636284,6,0.0803
5644.48623323441,6,0.076
5646.50168514252,6,0.0769
5647.51615166664,6,0.0769
5648.53154468536,6,0.0769
5649.53825068474,6,0.0769
5650.54506325722,6,0.0769
5651.55181336403,6,0.0769
5652.55822706223,6,0.0769
5653.56489229202,6,0.0769
5654.57163333893,6,0.0769
5655.57822871208,6,0.0769
5656.58986783028,6,0.0769
5657.5966193676,6,0.0811
5658.61749601364,6,0.0811
5659.63470482826,6,0.0811
5660.6558778286,6,0.0811
5661.65924286842,6,0.0811
5662.66496109962,6,0.0769
5663.66640281677,6,0.0777
5664.68171739578,6,0.0777
5666.68980503082,6,0.0777
5667.69886684418,6,0.082
5668.70319628716,6,0.082
5669.70482206345,6,0.082
5670.70628786087,6,0.082
5671.70815610886,6,0.082
5672.70982980728,6,0.082
5673.7114584446,6,0.082
5674.71328210831,6,0.082
5675.71436285973,6,0.082
5676.71586108208,6,0.082
5677.71731686592,6,0.082
5678.71842050552,6,0.082
5679.7202911377,6,0.082
5680.72175502777,6,0.082
5681.723934412,6,0.0777
5682.72510695457,6,0.0786
5683.72608613968,6,0.0786
5684.72937130928,6,0.0828
5686.73415565491,6,0.0828
5687.73625922203,6,0.0828
5688.73776316643,6,0.0828
5689.73973178864,6,0.0828
5690.74114561081,6,0.0828
5691.74214029312,6,0.0828
5692.74403095245,6,0.0828
5693.74607920647,6,0.0828
5694.74728679657,6,0.0828
5695.74879336357,6,0.0828
5696.75015544891,6,0.0828
5697.75167965889,6,0.0828
5698.75356554985,6,0.0872
5699.75493788719,6,0.087
5700.7564330101,6,0.0828
5701.7604637146,6,0.0786
5702.76258420944,6,0.0794
5703.7633767128,6,0.0794
5704.77858495712,6,0.0794
5706.79949045181,6,0.0836
5707.80349159241,6,0.0794
5708.82252907753,6,0.0794
5709.82670903206,6,0.0794
5710.83099293709,6,0.0794
5711.84026455879,6,0.0836
5712.84191036224,6,0.0794
5713.85607171059,6,0.0836
5714.85846614838,6,0.0794
5715.86012148857,6,0.0794
5716.86160945892,6,0.0794
5717.86213874817,6,0.0836
5718.86588740349,6,0.0794
5719.86741161346,6,0.0836
5720.86883664131,6,0.0836
5721.87044811249,6,0.0794
5722.8743917942,6,0.0803
5723.88524723053,6,0.0803
5724.89408445358,6,0.0803
5726.90612983704,6,0.0803
5727.91279578209,6,0.0803
5728.92472887039,6,0.0803
5729.94040966034,6,0.0803
5730.94618034363,6,0.0803
5731.96082878113,6,0.0803
5732.96766781807,6,0.0803
5733.97424864769,6,0.0803
5734.98100376129,6,0.0803
5735.99279236794,6,0.0803
5736.9994893074,6,0.0803
5738.00625061989,6,0.0803
5739.01303601265,6,0.0803
5740.01971507072,6,0.0803
5741.02621889114,6,0.0803
5742.03293776512,6,0.0803
5743.04753994942,6,0.0803
5744.06166267395,6,0.0803
5745.07339215279,6,0.0811
5747.086196661,6,0.0811
5748.09298348427,6,0.0811
5749.09974122047,6,0.0811
5750.10625267029,6,0.0811
5751.1181037426,6,0.0811
5752.12490463257,6,0.0811
5753.13158202171,6,0.0811
5754.13831233978,6,0.0811
5755.14508366585,6,0.0811
5756.15180778503,6,0.0811
5757.1634979248,6,0.0811
5758.16508769989,6,0.0811
5759.17175340652,6,0.0811
5760.17829012871,6,0.0811
5761.184643507,6,0.0811
5762.19143223763,6,0.0811
5763.20655846596,6,0.0811
5764.21327257156,6,0.0811
5765.22520160675,6,0.0811
5767.23301076889,6,0.0811
5768.23969078064,6,0.082
5769.24626922607,6,0.082
5770.25296139717,6,0.082
5771.25962853432,6,0.082
5772.27133202553,6,0.0821
5773.27806425095,6,0.082
5774.28468823433,6,0.082
5775.29822015762,6,0.0821
5776.30497503281,6,0.082
5777.31168937683,6,0.082
5778.31825900078,6,0.082
5779.32501316071,6,0.0821
5780.33680963516,6,0.082
5781.34348297119,6,0.082
5782.35020422935,6,0.0836
5783.35700368881,6,0.082
5784.36370992661,6,0.0906
5785.3702545166,6,0.0906
5787.37824487686,6,0.0906
5788.38509178162,6,0.0906
5789.39192724228,6,0.0906
5790.39822077751,6,0.0836
5791.40502071381,6,0.082
5792.41173171997,6,0.082
5793.42361164093,6,0.082
5794.43539428711,6,0.0836
5795.44220709801,6,0.082
5796.44908690453,6,0.0836
5797.45577669144,6,0.0836
5798.46227049828,6,0.082
5799.47418689728,6,0.082
5800.48871946335,6,0.0828
5801.50043511391,6,0.0828
5802.50731348991,6,0.0828
5803.51824808121,6,0.0828
5804.52490496635,6,0.087
5805.53162932396,6,0.0872
5807.5393910408,6,0.087
5808.54618382454,6,0.087
5809.55303955078,6,0.0872
5810.55980372429,6,0.0872
5811.56627678871,6,0.0872
5812.5730702877,6,0.087
5813.57976651192,6,0.087
5814.5862159729,6,0.0872
5815.59301805496,6,0.087
5816.59962964058,6,0.0872
5817.6062810421,6,0.087
5818.61813044548,6,0.0915
5819.62997293472,6,0.0915
5820.63673305511,6,0.0915
5821.64355635643,6,0.0915
5822.65022206306,6,0.0915
5823.65714144707,6,0.087
5824.66911196709,6,0.087
5825.68088054657,6,0.0828
5827.68877005577,6,0.0828
5828.69538116455,6,0.0836
5829.70208644867,6,0.0828
5830.70880126953,6,0.0828
5831.71563959122,6,0.0836
5832.72221159935,6,0.0836
5833.72378087044,6,0.0836
5834.73028588295,6,0.0836
5835.73703837395,6,0.0836
5836.74383807182,6,0.0836
5837.7502219677,6,0.0828
5838.75690531731,6,0.0836
5839.76361513138,6,0.0828
5840.77032351494,6,0.0881
5841.77717137337,6,0.0881
5842.78371691704,6,0.0881
5843.79025435448,6,0.0881
5844.79705142975,6,0.0881
5845.80872964859,6,0.0881
5847.81609773636,6,0.0881
5848.82218170166,6,0.0881
5849.83391523361,6,0.0881
5850.8406188488,6,0.0881
5851.85234260559,6,0.0881
5852.85821533203,6,0.0881
5853.86498570442,6,0.0881
5854.87669348717,6,0.0881
5855.88345050812,6,0.0881
5856.89824914932,6,0.0881
5857.91010355949,6,0.0881
5858.92517113686,6,0.0923
5859.93695116043,6,0.0881
5860.94867038727,6,0.0881
5861.95023941994,6,0.0881
5862.95724272728,6,0.0881
5863.96901416779,6,0.0836
5864.98213458061,6,0.0803
5865.98881793022,6,0.0836
5867.99636507034,6,0.0803
5869.01186561584,6,0.0803
5870.02364468575,6,0.0836
5871.03019404411,6,0.0836
5872.03703308105,6,0.0803
5873.04372549057,6,0.0836
5874.05020260811,6,0.0836
5875.06179308891,6,0.0803
5876.07355475426,6,0.0836
5877.08538222313,6,0.0803
5878.09705638885,6,0.0803
5879.10381412506,6,0.0803
5880.11020994186,6,0.0803
5881.11699032784,6,0.0889
5882.11822652817,6,0.0889
5883.12959933281,6,0.0889
5884.14131879807,6,0.0889
5885.14221382141,6,0.0889
5886.14876747131,6,0.0889
5888.15130710602,6,0.0889
5889.16219210625,6,0.0889
5890.16899132729,6,0.0889
5891.17562747002,6,0.0889
5892.18220186234,6,0.0887
5893.18894219398,6,0.0889
5894.20324063301,6,0.0889
5895.20996332169,6,0.0889
5896.22178602219,6,0.0889
5897.23365831375,6,0.0887
5898.23530077934,6,0.0887
5899.24207448959,6,0.0889
5900.25676631927,6,0.0889
5901.26864933968,6,0.0887
5902.27539038658,6,0.0889
5903.27667474747,6,0.0811
5904.27820825577,6,0.0811
5905.27974700928,6,0.0811
5906.28620481491,6,0.0811
5908.28897428513,6,0.0811
5909.29024553299,6,0.0811
5910.29692769051,6,0.0811
5911.30366253853,6,0.0811
5912.30521082878,6,0.0811
5913.30625152588,6,0.0811
5914.31813025475,6,0.0811
5915.32496762276,6,0.0811
5916.33169317245,6,0.0811
5917.33323383331,6,0.0811
5918.33988714218,6,0.0811
5919.34663295746,6,0.0811
5920.3533141613,6,0.0811
5921.35995197296,6,0.0811
5922.36622905731,6,0.0898
5923.37805342674,6,0.0898
5924.38981223106,6,0.0898
5925.40521717072,6,0.0898
5926.40621495247,6,0.0898
5928.41824245453,6,0.0898
5929.43001723289,6,0.0898
5930.44197201729,6,0.0898
5931.45371222496,6,0.0898
5932.4654276371,6,0.0898
5933.47718167305,6,0.0898
5934.48375821114,6,0.0898
5935.49026417732,6,0.0898
5936.5020608902,6,0.0898
5937.5087492466,6,0.0898
5938.51539754868,6,0.0898
5939.52219462395,6,0.0898
5940.52887630463,6,0.0898
5941.53031396866,6,0.0898
5942.53704380989,6,0.0898
5943.54374885559,6,0.0898
5944.55021595955,6,0.0898
5945.55174803734,6,0.0898
5946.5533311367,6,0.0898
5948.5553445816,6,0.0898
5949.56170964241,6,0.082
5950.56831026077,6,0.082
5951.57423758507,6,0.082
5952.58097028732,6,0.082
5953.59269666672,6,0.082
5954.59937977791,6,0.082
5955.60118603706,6,0.082
5956.61300206184,6,0.082
5957.6196949482,6,0.082
5958.62636113167,6,0.082
5959.64144086838,6,0.082
5960.64227128029,6,0.082
5961.64831066132,6,0.0836
5962.66006302834,6,0.082
5963.67174911499,6,0.0836
5964.67824053764,6,0.082
5965.68502354622,6,0.0836
5967.69281339645,6,0.0836
5968.69953346252,6,0.082
5969.71124434471,6,0.0836
5970.7180018425,6,0.0906
5971.72480845451,6,0.082
5972.73654556274,6,0.0906
5973.74259662628,6,0.0906
5974.74922823906,6,0.0836
5975.7583091259,6,0.0906
5976.76510214806,6,0.0906
5977.78069543839,6,0.0906
5978.78740334511,6,0.0906
5979.79400324821,6,0.0906
5980.80061006546,6,0.0906
5981.8114759922,6,0.0906
5982.82327723503,6,0.0906
5983.8382165432,6,0.0906
5984.84493947029,6,0.0906
5985.85172390938,6,0.0906
5987.85932445526,6,0.0906
5988.87024211884,6,0.0906
5989.87179517746,6,0.0906
5990.8781952858,6,0.0906
5991.87970590591,6,0.0906
5992.88125228882,6,0.0906
5993.88804292679,6,0.0906
5994.89425158501,6,0.0906
5995.90559482574,6,0.0906
5996.92889642715,6,0.0906
5997.95012331009,6,0.0906
5998.95385241508,6,0.0906
5999.9696419239,6,0.0906
6000.97452378273,6,0.0949
6001.99021697044,6,0.0949
6003.00497317314,6,0.0949
6004.00625157356,6,0.0949
6005.00854945183,6,0.0949
6006.01018095016,6,0.0949
6008.01282739639,6,0.0949
6009.01438689232,6,0.0906
6010.0162923336,6,0.0906
6011.01798152924,6,0.0906
6012.0195043087,6,0.0906
6013.02103686333,6,0.0906
6014.02256369591,6,0.0906
6015.02451515198,6,0.0906
6016.02618837357,6,0.0906
6017.02778673172,6,0.0906
6018.02948021889,6,0.0904
6019.03023386002,6,0.0906
6020.03171515465,6,0.0906
6021.04204154015,6,0.0906
6022.05266809464,6,0.0828
6023.07172250748,6,0.087
6024.07700896263,6,0.087
6025.08060789108,6,0.087
6027.10127568245,6,0.087
6028.10608959198,6,0.087
6029.11379218102,6,0.0872
6030.11924147606,6,0.087
6031.13134932518,6,0.087
6032.13325619698,6,0.0872
6033.13424801826,6,0.087
6034.13613700867,6,0.087
6035.13760495186,6,0.087
6036.13930344582,6,0.087
6037.14111924171,6,0.087
6038.1421391964,6,0.087
6039.154099226,6,0.0872
6040.15564918518,6,0.087
6041.16210508347,6,0.0872
6042.164498806,6,0.087
6043.16600728035,6,0.0915
6044.17261147499,6,0.0915
6045.17406415939,6,0.0915
6047.18555498123,6,0.0915
6048.19236850739,6,0.0915
6049.19389653206,6,0.0915
6050.20050191879,6,0.0915
6051.20624637604,6,0.0915
6052.21293592453,6,0.0915
6053.2195558548,6,0.0915
6054.22632718086,6,0.0915
6055.23308253288,6,0.0915
6056.23992538452,6,0.0915
6057.25166797638,6,0.0915
6058.25825929642,6,0.0915
6059.27006220818,6,0.0915
6060.27692675591,6,0.0915
6061.28355765343,6,0.0915
6062.29030823708,6,0.0915
6063.30621862411,6,0.0915
6064.31302285194,6,0.0915
6065.31973767281,6,0.0915
6067.33678197861,6,0.0915
6068.34860062599,6,0.0915
6069.3553237915,6,0.0915
6070.36619305611,6,0.0915
6071.37296390533,6,0.0915
6072.38772892952,6,0.0915
6073.40476727486,6,0.0915
6074.41152763367,6,0.0915
6075.41819500923,6,0.0915
6076.42510223389,6,0.0915
6077.43713474274,6,0.0915
6078.44391560555,6,0.0915
6079.45031237602,6,0.0957
6080.45665168762,6,0.0957
6081.46838736534,6,0.0957
6082.47413563728,6,0.0957
6083.48797917366,6,0.0957
6084.50358986855,6,0.0957
6085.5180182457,6,0.0957
6087.53426814079,6,0.0957
6088.54088830948,6,0.0957
6089.55021452904,6,0.0957
6090.55701899529,6,0.0957
6091.57210373878,6,0.0957
6092.57822728157,6,0.0957
6093.59028816223,6,0.0957
6094.6021399498,6,0.0957
6095.61320710182,6,0.0957
6096.61985731125,6,0.0957
6097.63683104515,6,0.0957
6098.64358496666,6,0.0957
6099.65738534927,6,0.0957
6100.6729631424,6,0.0915
6101.68484139442,6,0.0957
6102.69173765182,6,0.0915
6103.6982254982,6,0.0915
6104.70522356033,6,0.0915
6105.71217656136,6,0.0915
6107.72010278702,6,0.0915
6108.72619199753,6,0.0915
6109.73798179626,6,0.0915
6110.74463558197,6,0.0915
6111.75137495995,6,0.0915
6112.75823712349,6,0.0915
6113.77014946938,6,0.0915
6114.77689146996,6,0.0915
6115.78366875648,6,0.0915
6116.79029345512,6,0.0915
6117.80564689636,6,0.0915
6118.82077169418,6,0.0915
6119.83611488342,6,0.0881
6120.84241437912,6,0.0881
6121.84916543961,6,0.0881
6122.86084532738,6,0.0881
6123.87534308434,6,0.0881
6124.88935732841,6,0.0881
6125.90122008324,6,0.0881
6127.90905189514,6,0.0881
6128.91580152512,6,0.0881
6129.92218446732,6,0.0881
6130.92883563042,6,0.0881
6131.94033408165,6,0.0881
6132.94620060921,6,0.0879
6133.95295763016,6,0.0881
6134.95966458321,6,0.0881
6135.96634960175,6,0.0881
6136.97303366661,6,0.0881
6137.98473334312,6,0.0881
6138.99140119553,6,0.0881
6139.99827265739,6,0.0923
6141.00519824028,6,0.0881
6142.01718616486,6,0.0923
6143.02396965027,6,0.0923
6144.0357093811,6,0.0923
6145.04220676422,6,0.0923
6146.04898929596,6,0.0923
6148.05688476562,6,0.0923
6149.07149529457,6,0.0923
6150.08327317238,6,0.0923
6151.09004473686,6,0.0923
6152.09674119949,6,0.0923
6153.10344648361,6,0.0923
6154.11420536041,6,0.0923
6155.12101793289,6,0.0923
6156.12773966789,6,0.0923
6157.12927556038,6,0.0923
6158.13605070114,6,0.0923
6159.14209961891,6,0.0923
6160.14879179001,6,0.0923
6161.1554377079,6,0.0923
6162.16620063782,6,0.0923
6163.17293095589,6,0.0923
6164.1846716404,6,0.0923
6165.19133996964,6,0.0923
6166.19807577133,6,0.0923
6168.20534229279,6,0.0923
6169.21731686592,6,0.0923
6170.22410273552,6,0.0923
6171.23844432831,6,0.0923
6172.25277996063,6,0.0923
6173.26864123344,6,0.0923
6174.27527451515,6,0.0923
6175.28207421303,6,0.0923
6176.29723954201,6,0.0923
6177.3132610321,6,0.0923
6178.32509422302,6,0.0923
6179.33701848984,6,0.0923
6180.34371948242,6,0.0923
6181.35543847084,6,0.0923
6182.36219930649,6,0.0923
6183.36898994446,6,0.0923
6184.37570118904,6,0.0966
6185.38920354843,6,0.0923
6186.3958697319,6,0.0923
6188.40400481224,6,0.0923
6189.4056186676,6,0.0966
6190.40621399879,6,0.0923
6191.40775060654,6,0.0923
6192.41424822807,6,0.0966
6193.42109775543,6,0.0923
6194.42776322365,6,0.0923
6195.434237957,6,0.0966
6196.44887089729,6,0.0923
6197.46413731575,6,0.0923
6198.47037434578,6,0.0923
6199.47711086273,6,0.0966
6200.48377370834,6,0.0966
6201.49027729034,6,0.0966
6202.5021417141,6,0.0966
6203.51361322403,6,0.0966
6204.52785563469,6,0.0923
6205.53959774971,6,0.0966
6206.54639315605,6,0.0966
6208.55434012413,6,0.0923
6209.56109428406,6,0.0966
6210.56784701347,6,0.0966
6211.57419681549,6,0.0966
6212.5809674263,6,0.0966
6213.58776473999,6,0.0966
6214.59425401688,6,0.0966
6215.60098814964,6,0.0966
6216.6076977253,6,0.0966
6217.61426711082,6,0.0966
6218.62106823921,6,0.0966
6219.63266038895,6,0.0966
6220.64781618118,6,0.0966
6221.65424466133,6,0.0966
6222.66105675697,6,0.0923
6223.6677339077,6,0.0923
6224.67948532104,6,0.0923
6225.68625736237,6,0.0923
6226.6929090023,6,0.0923
6228.7006008625,6,0.0923
6229.70733475685,6,0.0923
6230.71423172951,6,0.0923
6231.72086119652,6,0.0923
6232.73274302483,6,0.0923
6233.73935770988,6,0.0923
6234.74607467651,6,0.0923
6235.75574803352,6,0.0923
6236.76213169098,6,0.0923
6237.76886224747,6,0.0923
6238.77523612976,6,0.0923
6239.78657484055,6,0.0923
6240.80224847794,6,0.0923
6241.8143029213,6,0.0923
6242.82638049126,6,0.0923
6243.83327722549,6,0.0879
6244.84936738014,6,0.0923
6245.8561103344,6,0.0881
6246.86223387718,6,0.0923
6248.87011766434,6,0.0881
6249.88223195076,6,0.0881
6250.92023396492,6,0.0881
6251.9225423336,6,0.0879
6252.92538976669,6,0.0923
6253.94643425941,6,0.0881
6254.95380854607,6,0.0881
6255.95624685287,6,0.0881
6256.9594643116,6,0.0881
6257.9638531208,6,0.0881
6258.96674704552,6,0.0881
6259.96847629547,6,0.0881
6260.97041392326,6,0.0889
6261.97186255455,6,0.0889
6262.97328782082,6,0.0889
6263.97451734543,6,0.0889
6264.99283766747,6,0.0889
6265.99422907829,6,0.0887
6266.99610352516,6,0.0889
6268.99825882912,6,0.0889
6270.00002932549,6,0.0889
6271.00510573387,6,0.0889
6272.0069797039,6,0.0887
6273.0181889534,6,0.0889
6274.02039527893,6,0.0887
6275.03944635391,6,0.0889
6276.04182171822,6,0.0889
6277.04528570175,6,0.0887
6278.06501221657,6,0.0887
6279.06944561005,6,0.0887
6280.0781981945,6,0.0887
6281.08074021339,6,0.0887
6282.08272695541,6,0.0889
6283.09272408485,6,0.0889
6284.09464764595,6,0.0889
6285.09631800652,6,0.0889
6286.09832596779,6,0.0887
6288.10085701942,6,0.0889
6289.10209751129,6,0.0889
6290.10348844528,6,0.0887
6291.10771918297,6,0.0887
6292.1166434288,6,0.0887
6293.11808800697,6,0.0889
6294.12459087372,6,0.0889
6295.13018894196,6,0.0889
6296.14149975777,6,0.0889
6297.15181899071,6,0.0889
6298.15819549561,6,0.0889
6299.16483187675,6,0.0889
6300.17149329185,6,0.0889
6301.18225693703,6,0.0887
6302.18905448914,6,0.0889
6303.1957628727,6,0.0889
6304.20750594139,6,0.0932
6305.22225999832,6,0.0889
6307.23422622681,6,0.0887
6308.23510837555,6,0.0887
6309.24183225632,6,0.0887
6310.24854397774,6,0.0889
6311.25420165062,6,0.0932
6312.26095461845,6,0.0887
6313.26759195328,6,0.0889
6314.27420306206,6,0.0887
6315.28095197678,6,0.0889
6316.28776073456,6,0.0889
6317.30276799202,6,0.0932
6318.31422448158,6,0.0889
6319.32104969025,6,0.0889
6320.32769441605,6,0.0889
6321.32934856415,6,0.0932
6322.3408665657,6,0.0889
6323.34764146805,6,0.0932
6324.35424733162,6,0.0932
6325.36098861694,6,0.0932
6327.3737821579,6,0.0932
6328.38844227791,6,0.0932
6329.39004850388,6,0.0932
6330.39680814743,6,0.0932
6331.40350937843,6,0.0932
6332.41020774841,6,0.0932
6333.41692447662,6,0.0932
6334.41827726364,6,0.0889
6335.42496204376,6,0.0932
6336.42620325089,6,0.0932
6337.43287777901,6,0.0932
6338.43959379196,6,0.0932
6339.44610214233,6,0.0932
6340.45632147789,6,0.0932
6341.45791077614,6,0.0932
6342.46980428696,6,0.0932
6343.48175573349,6,0.0932
6344.48838877678,6,0.0932
6345.4942214489,6,0.0932
6347.50218200684,6,0.0932
6348.5088789463,6,0.0932
6349.51565885544,6,0.0932
6350.52221989632,6,0.0932
6351.52901220322,6,0.0932
6352.5347878933,6,0.0932
6353.54988026619,6,0.0932
6354.56164455414,6,0.0932
6355.56828927994,6,0.0932
6356.58005905151,6,0.0932
6357.59195780754,6,0.0932
6358.59821295738,6,0.0932
6359.60491657257,6,0.0932
6360.60622286797,6,0.0932
6361.61810231209,6,0.0932
6362.62436175346,6,0.0932
6363.63607263565,6,0.0932
6364.64222216606,6,0.0932
6365.64902186394,6,0.0932
6367.65699720383,6,0.0932
6368.66365647316,6,0.0932
6369.67040348053,6,0.0932
6370.6773583889,6,0.0932
6371.67826342583,6,0.0932
6372.68507528305,6,0.0932
6373.69181060791,6,0.0932
6374.69819974899,6,0.0932
6375.70503425598,6,0.0932
6376.71182584763,6,0.0932
6377.7182970047,6,0.0932
6378.72002720833,6,0.0932
6379.73180031776,6,0.0932
6380.73821854591,6,0.0932
6381.73978948593,6,0.0932
6382.74622154236,6,0.0932
6383.75310254097,6,0.0932
6384.75415086746,6,0.0932
6385.75574326515,6,0.0932
6387.76864981651,6,0.0932
6388.77525639534,6,0.0932
6389.78204607964,6,0.0932
6390.78876900673,6,0.0932
6391.80064368248,6,0.0932
6392.8123421669,6,0.0932
6393.82415628433,6,0.0932
6394.83824181557,6,0.0932
6395.84509110451,6,0.0932
6396.85704088211,6,0.0932
6397.87222528458,6,0.0932
6398.88405489922,6,0.0932
6399.90062236786,6,0.0932
6400.90729784966,6,0.0932
6401.91406416893,6,0.0932
6402.92082667351,6,0.0932
6403.92706012726,6,0.0932
6404.9420042038,6,0.0932
6405.9570338726,6,0.0932
6407.97322893143,6,0.0932
6408.9799618721,6,0.0974
6409.98629689217,6,0.0932
6410.99299931526,6,0.0974
6411.99985694885,6,0.0932
6413.01157188416,6,0.0932
6414.01816534996,6,0.0932
6415.029941082,6,0.0974
6416.0366859436,6,0.0932
6417.04341387749,6,0.0932
6418.05019760132,6,0.0932
6419.0656375885,6,0.0932
6420.080037117,6,0.0932
6421.0942337513,6,0.0974
6422.10596990585,6,0.0974
6423.1213414669,6,0.0932
6424.13323020935,6,0.0974
6425.14010763168,6,0.0974
6426.14622449875,6,0.0974
6428.15371251106,6,0.0974
6429.165569067,6,0.0974
6430.17227005959,6,0.0974
6431.18400216103,6,0.0974
6432.19020199776,6,0.0932
6433.20194816589,6,0.0974
6434.21765685081,6,0.0932
6435.23299336433,6,0.0932
6436.24417543411,6,0.0974
6437.25025820732,6,0.0932
6438.25701093674,6,0.0974
6439.25820684433,6,0.0932
6440.26496481895,6,0.0974
6441.27165031433,6,0.0974
6442.28335094452,6,0.0974
6443.29014348984,6,0.0974
6444.30213260651,6,0.0974
6445.30885887146,6,0.0974
6446.31567001343,6,0.0974
6448.32330751419,6,0.0974
6449.33826589584,6,0.0974
6450.339823246,6,0.0974
6451.34135818481,6,0.0974
6452.34813404083,6,0.0974
6453.3542265892,6,0.0974
6454.36099267006,6,0.0974
6455.37298631668,6,0.0974
6456.37964916229,6,0.0974
6457.38622760773,6,0.0932
6458.39795660973,6,0.0974
6459.4098238945,6,0.0974
6460.42164516449,6,0.0974
6461.43346261978,6,0.0974
6462.4446310997,6,0.0974
6463.45128965378,6,0.0974
6464.45809221268,6,0.0974
6465.46488976479,6,0.0974
6466.46621322632,6,0.0974
6468.47923374176,6,0.0974
6469.48599338531,6,0.0974
6470.49777054787,6,0.0974
6471.50437164307,6,0.0974
6472.5102417469,6,0.0974
6473.51701641083,6,0.0974
6474.52876448631,6,0.0974
6475.5303132534,6,0.0932
6476.53707313538,6,0.0932
6477.54905748367,6,0.0974
6478.56078147888,6,0.0932
6479.57247281075,6,0.0974
6480.57921433449,6,0.0932
6481.58588957787,6,0.0974
6482.59268569946,6,0.0932
6483.5993771553,6,0.0932
6484.60610985756,6,0.0932
6485.61294960976,6,0.0932
6486.61967635155,6,0.0889
6488.62734270096,6,0.0932
6489.63406801224,6,0.0932
6490.64086055756,6,0.0932
6491.6422393322,6,0.0932
6492.64899373055,6,0.0932
6493.65573096275,6,0.0932
6494.66220760345,6,0.0932
6495.66896748543,6,0.0932
6496.67558979988,6,0.0932
6497.68224024773,6,0.0932
6498.69412755966,6,0.0932
6499.70080113411,6,0.0932
6500.71254229546,6,0.0889
6501.71929168701,6,0.0932
6502.72608208656,6,0.0887
6503.73282957077,6,0.0889
6504.73944711685,6,0.0889
6505.75027322769,6,0.0887
6506.76527905464,6,0.0889
6508.77813339233,6,0.0887
6509.78484511375,6,0.0889
6510.79654765129,6,0.0887
6511.80325579643,6,0.0887
6512.80998444557,6,0.0889
6513.81678104401,6,0.0887
6514.8233499527,6,0.0889
6515.83526325226,6,0.0932
6516.84166431427,6,0.0889
6517.85665464401,6,0.0887
6518.87168598175,6,0.0887
6519.8862593174,6,0.0887
6520.89301800728,6,0.0889
6521.89986419678,6,0.0887
6522.90621399879,6,0.0887
6523.91297459602,6,0.0887
6524.91972875595,6,0.0889
6525.92625904083,6,0.0887
6526.94097852707,6,0.0889
6528.94880771637,6,0.0889
6529.95547175407,6,0.0889
6530.96225547791,6,0.0898
6531.96895718575,6,0.0887
6532.97556352615,6,0.0887
6533.98222303391,6,0.0887
6534.98883366585,6,0.0898
6535.99491357803,6,0.0887
6536.99645471573,6,0.0898
6537.99795007706,6,0.0887
6539.00464940071,6,0.0887
6540.01143217087,6,0.0887
6541.01821947098,6,0.0898
6542.02500939369,6,0.0887
6543.0361828804,6,0.0898
6544.04222559929,6,0.0898
6545.04900479317,6,0.0898
6546.06073260307,6,0.0898
6547.06744480133,6,0.0898
6549.07533669472,6,0.0898
6550.08220267296,6,0.0898
6551.09407758713,6,0.0898
6552.10093212128,6,0.0898
6553.10762071609,6,0.0898
6554.11447453499,6,0.0898
6555.13021850586,6,0.0898
6556.14482283592,6,0.0898
6557.15143942833,6,0.0898
6558.1581530571,6,0.0898
6559.16435933113,6,0.0898
6560.17030620575,6,0.0898
6561.17647218704,6,0.0898
6562.18338131905,6,0.0898
6563.19024348259,6,0.0898
6564.19701170921,6,0.0898
6565.20625209808,6,0.0898
6566.22618341446,6,0.0898
6567.2523252964,6,0.0898
6569.25766205788,6,0.0898
6570.26173114777,6,0.0898
6571.27682495117,6,0.0898
6572.28132915497,6,0.0898
6573.29488682747,6,0.0898
6574.29913568497,6,0.0898
6575.30104517937,6,0.0898
6576.3026664257,6,0.0898
6577.30409502983,6,0.0898
6578.30558228493,6,0.0898
6579.30655789375,6,0.0898
6580.30795454979,6,0.0898
6581.30949473381,6,0.0898
6582.31039762497,6,0.0898
6583.31243419647,6,0.0898
6584.31567168236,6,0.0898
6585.31732559204,6,0.0898
6586.31936621666,6,0.0898
6587.32091093063,6,0.0898
6589.32327628136,6,0.0898
6590.32507872581,6,0.0898
6591.32650017738,6,0.0898
6592.32827210426,6,0.0898
6593.33056807518,6,0.0898
6594.33261466026,6,0.0898
6595.33488297462,6,0.0898
6596.33863019943,6,0.0898
6597.37144255638,6,0.0898
6598.40667486191,6,0.0898
6599.40942168236,6,0.0898
6600.41022157669,6,0.0898
6601.41463065147,6,0.0898
6602.41850566864,6,0.0898
6603.42008924484,6,0.0898
6604.42163944244,6,0.0898
6605.42327547073,6,0.0898
6606.42515444756,6,0.0898
6608.43366479874,6,0.0898
6609.43580198288,6,0.0898
6610.437322855,6,0.0898
6611.43935585022,6,0.0898
6612.44143342972,6,0.0898
6613.44381713867,6,0.0898
6614.44581723213,6,0.0898
6615.44735145569,6,0.0898
6616.46145105362,6,0.0898
6617.46207094193,6,0.0898
6618.47243952751,6,0.0898
6619.47821831703,6,0.0898
6620.48492527008,6,0.0898
6621.49740052223,6,0.0898
6622.5091149807,6,0.0898
6623.5158033371,6,0.0898
6624.52228355408,6,0.0898
6625.52892184258,6,0.0898
6626.53552699089,6,0.0898
6628.54853224754,6,0.0898
6629.56031441689,6,0.0898
6630.57205224037,6,0.0898
6631.57890367508,6,0.0898
6632.58557486534,6,0.0898
6633.59729146957,6,0.0898
6634.60823297501,6,0.0898
6635.61998081207,6,0.0896
6636.62621378899,6,0.0898
6637.62773561478,6,0.0896
6638.63423466682,6,0.0898
6639.64101266861,6,0.0898
6640.64747309685,6,0.0898
6641.65420746803,6,0.0898
6642.66601681709,6,0.0898
6643.67266559601,6,0.0898
6644.68623518944,6,0.0898
6645.70175361633,6,0.0898
6646.71355128288,6,0.0898
6648.72038245201,6,0.0898
6649.72638440132,6,0.0898
6650.73817229271,6,0.0898
6651.74491405487,6,0.0898
6652.75173330307,6,0.0898
6653.75830602646,6,0.0898
6654.76508331299,6,0.0898
6655.77692627907,6,0.0898
6656.78372216225,6,0.0898
6657.79024577141,6,0.0898
6658.79694986343,6,0.0898
6659.80865836143,6,0.0898
6660.81538844109,6,0.0896
6661.82207775116,6,0.0896
6662.83390474319,6,0.0898
6663.83987545967,6,0.0898
6664.84626364708,6,0.0898
6665.85825204849,6,0.0898
6666.87016129494,6,0.0898
6668.87806010246,6,0.0898
6669.89024686813,6,0.0898
6670.90222048759,6,0.0898
6671.9089756012,6,0.094
6672.91569566727,6,0.0898
6673.92233157158,6,0.0898
6674.93718504906,6,0.0898
6675.95271039009,6,0.0898
6676.95941710472,6,0.0898
6677.97022938728,6,0.0898
6678.97695374489,6,0.0898
6679.98369956017,6,0.0898
6680.99025082588,6,0.094
6682.00200128555,6,0.0898
6683.00872039795,6,0.0898
6684.01551628113,6,0.0898
6685.03140211105,6,0.0898
6686.03828883171,6,0.0898
6687.05005073547,6,0.094
6689.06221389771,6,0.094
6690.07402062416,6,0.094
6691.08576989174,6,0.0898
6692.09256076813,6,0.094
6693.10432720184,6,0.0898
6694.11822104454,6,0.094
6695.12496042252,6,0.094
6696.13151884079,6,0.094
6697.14327836037,6,0.094
6698.15014982224,6,0.094
6699.15697932243,6,0.0898
6700.16880941391,6,0.094
6701.17553281784,6,0.094
6702.18628954887,6,0.094
6703.19803595543,6,0.094
6704.20482444763,6,0.0898
6705.21155381203,6,0.094
6706.21821761131,6,0.094
6707.22493624687,6,0.094
6709.23272323608,6,0.094
6710.23957061768,6,0.094
6711.24620270729,6,0.094
6712.25291156769,6,0.094
6713.26505899429,6,0.094
6714.27174448967,6,0.094
6715.28352284431,6,0.094
6716.29490828514,6,0.0898
6717.30624747276,6,0.094
6718.31284093857,6,0.094
6719.3245036602,6,0.094
6720.3301858902,6,0.094
6721.33689522743,6,0.094
6722.33830618858,6,0.0898
6723.34499931335,6,0.094
6724.35670566559,6,0.094
6725.36339688301,6,0.094
6726.37816381454,6,0.094
6727.38498067856,6,0.094
6729.39282846451,6,0.094
6730.40469121933,6,0.094
6731.42032241821,6,0.094
6732.426248312,6,0.094
6733.43817424774,6,0.094
6734.44490504265,6,0.094
6735.45157122612,6,0.094
6736.45826506615,6,0.094
6737.46500921249,6,0.094
6738.47164535522,6,0.094
6739.47841000557,6,0.094
6740.48000359535,6,0.094
6741.49425268173,6,0.094
6742.50086331367,6,0.094
6743.50242185593,6,0.094
6744.50416970253,6,0.094
6745.51024079323,6,0.094
6746.51683330536,6,0.094
6747.52860546112,6,0.094
6749.53133368492,6,0.094
6750.53811001778,6,0.094
6751.54818916321,6,0.094
6752.55411362648,6,0.094
6753.56500101089,6,0.094
6754.57164716721,6,0.094
6755.58433222771,6,0.094
6756.5903468132,6,0.094
6757.59698462486,6,0.094
6758.60361218452,6,0.094
6759.61022186279,6,0.094
6760.6222474575,6,0.094
6761.65631270409,6,0.094
6762.67929291725,6,0.094
6763.68580508232,6,0.094
6764.69931006432,6,0.094
6765.70034241676,6,0.094
6766.70203232765,6,0.094
6767.70365190506,6,0.094
6769.70626759529,6,0.094
6770.70776319504,6,0.094
6771.71173524857,6,0.094
6772.71373605728,6,0.094
6773.7151517868,6,0.094
6774.71705126762,6,0.094
6775.71843409538,6,0.094
6776.72035741806,6,0.094
6777.72181510925,6,0.094
6778.72429323196,6,0.094
6779.7264122963,6,0.094
6780.72950839996,6,0.094
6781.73053812981,6,0.094
6782.7327003479,6,0.094
6783.73515868187,6,0.094
6784.73744034767,6,0.094
6785.73974323273,6,0.094
6786.7460899353,6,0.094
6788.75781488419,6,0.094
6789.76429033279,6,0.094
6790.76581954956,6,0.094
6791.7774002552,6,0.094
6792.78402280807,6,0.094
6793.79024410248,6,0.094
6794.79702162743,6,0.094
6795.8089184761,6,0.094
6796.81577754021,6,0.094
6797.82764220238,6,0.094
6798.83938837051,6,0.094
6799.84632492065,6,0.094
6800.85807943344,6,0.094
6801.86998915672,6,0.094
6802.87668418884,6,0.094
6803.88878202438,6,0.094
6804.89551854134,6,0.094
6805.90728282928,6,0.094
6806.91420316696,6,0.094
6808.92618966103,6,0.094
6809.93798995018,6,0.094
6810.94463133812,6,0.094
6811.95643901825,6,0.094
6812.9633538723,6,0.094
6813.97010993958,6,0.094
6814.98486757278,6,0.094
6815.99820804596,6,0.094
6817.01296925545,6,0.094
6818.01972866058,6,0.094
6819.03142738342,6,0.094
6820.03822302818,6,0.094
6821.04482865334,6,0.094
6822.05162072182,6,0.094
6823.05839514732,6,0.094
6824.0650677681,6,0.094
6825.08088159561,6,0.094
6826.09255504608,6,0.094
6827.10428857803,6,0.094
6829.11128735542,6,0.094
6830.11814951897,6,0.094
6831.12483978271,6,0.094
6832.13157916069,6,0.094
6833.13832688332,6,0.094
6834.14497494698,6,0.094
6835.15675759315,6,0.094
6836.158411026,6,0.094
6837.16516518593,6,0.094
6838.17191767693,6,0.094
6839.17822146416,6,0.094
6840.18497252464,6,0.094
6841.19165658951,6,0.094
6842.20341038704,6,0.094
6843.20974469185,6,0.094
6844.22155714035,6,0.094
6845.22831702232,6,0.094
6846.23424077034,6,0.094
6847.24099588394,6,0.094
6849.24322152138,6,0.094
6850.25495433807,6,0.094
6851.27026343346,6,0.094
6852.27180624008,6,0.094
6853.27823925018,6,0.094
6854.28487825394,6,0.094
6855.29147863388,6,0.094
6856.30325555801,6,0.094
6857.30980300903,6,0.094
6858.32127571106,6,0.094
6859.32700371742,6,0.094
6860.33367729187,6,0.094
6861.34546995163,6,0.094
6862.35219669342,6,0.094
6863.35891532898,6,0.094
6864.3742442131,6,0.094
6865.38600873947,6,0.094
6866.39281058311,6,0.094
6867.39944005013,6,0.094
6869.40739488602,6,0.094
6870.40899157524,6,0.094
6871.42405104637,6,0.094
6872.43026399612,6,0.094
6873.43703222275,6,0.094
6874.44376516342,6,0.094
6875.45025086403,6,0.094
6876.45715284348,6,0.094
6877.46898150444,6,0.094
6878.47570085526,6,0.094
6879.48767900467,6,0.094
6880.4943921566,6,0.094
6881.50123858452,6,0.094
6882.50805187225,6,0.094
6883.51426339149,6,0.094
6884.52101182938,6,0.094
6885.52784204483,6,0.094
6886.5395989418,6,0.094
6887.54625344276,6,0.094
6889.5535068512,6,0.094
6890.56524729729,6,0.094
6891.57701396942,6,0.094
6892.58376383781,6,0.094
6893.59066176414,6,0.094
6894.59736990929,6,0.094
6895.60414624214,6,0.094
6896.61021327972,6,0.094
6897.61689043045,6,0.094
6898.62381124496,6,0.094
6899.6405980587,6,0.094
6900.64728689194,6,0.094
6901.65408301353,6,0.094
6902.66083049774,6,0.094
6903.67257118225,6,0.094
6904.67927336693,6,0.094
6905.68618249893,6,0.094
6906.692912817,6,0.094
6907.70475196838,6,0.094
6909.7126891613,6,0.094
6910.71944475174,6,0.094
6911.72622179985,6,0.094
6912.73796653748,6,0.094
6913.74464082718,6,0.094
6914.75131487846,6,0.094
6915.75807452202,6,0.094
6916.76482081413,6,0.094
6917.77158403397,6,0.094
6918.77824163437,6,0.094
6919.78498911858,6,0.094
6920.79186367989,6,0.094
6921.80364465714,6,0.094
6922.81028819084,6,0.094
6923.82208538055,6,0.0983
6924.83393216133,6,0.094
6925.84068870544,6,0.094
6926.84737181664,6,0.094
6927.85413241386,6,0.0983
6929.86205363274,6,0.0983
6930.86876368523,6,0.094
6931.87558579445,6,0.094
6932.88740730286,6,0.094
6933.89421701431,6,0.094
6934.90105986595,6,0.094
6935.90778923035,6,0.094
6936.91426587105,6,0.094
6937.92118024826,6,0.094
6938.92789363861,6,0.094
6939.9392747879,6,0.094
6940.95121908188,6,0.0983
6941.95792031288,6,0.0983
6942.97331380844,6,0.094
6943.98012685776,6,0.0983
6944.98691082001,6,0.094
6945.9936671257,6,0.094
6947.00027775764,6,0.094
6948.00633978844,6,0.094
6950.01925802231,6,0.094
6951.02609205246,6,0.094
6952.03781914711,6,0.094
6953.05378913879,6,0.094
6954.06967806816,6,0.094
6955.08054423332,6,0.094
6956.08728384972,6,0.094
6957.09416007996,6,0.094
6958.10095596313,6,0.094
6959.10772490501,6,0.094
6960.11945128441,6,0.094
6961.12622141838,6,0.094
6962.14218735695,6,0.094
6963.15656161308,6,0.094
6964.17118000984,6,0.094
6965.17798161507,6,0.094
6966.18466711044,6,0.094
6967.18626451492,6,0.0983
6968.19299030304,6,0.094
6970.19530010223,6,0.094
6971.20211577415,6,0.094
6972.20888757706,6,0.094
6973.21019601822,6,0.094
6974.21686816216,6,0.094
6975.22356557846,6,0.094
6976.23021626472,6,0.0983
6977.2419936657,6,0.094
6978.24879050255,6,0.094
6979.25552630424,6,0.094
6980.26221776009,6,0.094
6981.26903820038,6,0.094
6982.27582597733,6,0.094
6983.28222227097,6,0.094
6984.28914165497,6,0.094
6985.30087065697,6,0.0983
6986.30756998062,6,0.094
6987.31933069229,6,0.0983
6988.32055926323,6,0.094
6990.33340716362,6,0.094
6991.33428096771,6,0.094
6992.34107065201,6,0.094
6993.34779787064,6,0.094
6994.35422205925,6,0.094
6995.36092638969,6,0.094
6996.3622136116,6,0.094
6997.36902523041,6,0.094
6998.37568283081,6,0.094
6999.38750362396,6,0.094
7000.39419484138,6,0.094
7001.40099096298,6,0.094
7002.40765404701,6,0.0983
7003.41941046715,6,0.0983
7004.42564177513,6,0.094
7005.42623114586,6,0.0983
7006.43304491043,6,0.094
7007.43973016739,6,0.094
7008.45141816139,6,0.094
7010.46735262871,6,0.094
7011.47405576706,6,0.094
7012.4807600975,6,0.0983
7013.48744630814,6,0.094
7014.49412322044,6,0.094
7015.50838589668,6,0.094
7016.51420116425,6,0.094
7017.51578021049,6,0.094
7018.52231621742,6,0.0983
7019.53428840637,6,0.094
7020.5411567688,6,0.0983
7021.54783630371,6,0.094
7022.55410957336,6,0.094
7023.5645673275,6,0.0983
7024.57127451897,6,0.0983
7025.5862493515,6,0.094
7026.59290909767,6,0.0983
7027.60993385315,6,0.0983
7028.61676359177,6,0.0983
7030.62465620041,6,0.0983
7031.63977479935,6,0.0983
7032.65156245232,6,0.094
7033.66334915161,6,0.0983
7034.67981863022,6,0.0983
7035.68620276451,6,0.0983
7036.69301056862,6,0.094
7037.70476198196,6,0.0983
7038.72129106522,6,0.0983
7039.73395085335,6,0.0983
7040.74660587311,6,0.0983
7041.74858188629,6,0.094
7042.7519197464,6,0.0983
7043.77086853981,6,0.0983
7044.77508211136,6,0.0983
7045.7780444622,6,0.0983
7046.7931137085,6,0.0983
7047.79419207573,6,0.0983
7048.79568195343,6,0.0983
7050.79828953743,6,0.0983
7051.79989147186,6,0.0983
7052.80153822899,6,0.094
7053.80227971077,6,0.0983
7054.80389404297,6,0.094
7055.8058142662,6,0.0939
7056.80736160278,6,0.094
7057.8094625473,6,0.0983
7058.81157827377,6,0.094
7059.81370925903,6,0.0983
7060.81539392471,6,0.0983
7061.81714749336,6,0.0983
7062.81810379028,6,0.0983
7063.81959176064,6,0.0983
7064.82131242752,6,0.0983
7065.82213640213,6,0.0983
7066.82364797592,6,0.094
7067.82523417473,6,0.0983
7069.82723116875,6,0.094
7070.8288769722,6,0.094
7071.83017230034,6,0.094
7072.83383440971,6,0.094
7073.83773183823,6,0.094
7074.84514427185,6,0.094
7075.87280249596,6,0.094
7076.87630462646,6,0.0983
7077.89449858665,6,0.094
7078.8997194767,6,0.094
7079.91091966629,6,0.0983
7080.91964030266,6,0.0983
7081.92108011246,6,0.094
7082.92225408554,6,0.0983
7083.92344737053,6,0.0983
7084.92542362213,6,0.0983
7085.93869662285,6,0.0983
7086.94139051437,6,0.0983
7088.94540762901,6,0.094
7089.94708776474,6,0.094
7090.95393013954,6,0.094
7091.96040344238,6,0.0983
7092.96609115601,6,0.0983
7093.97601461411,6,0.0983
7094.98707532883,6,0.0983
7095.988707304,6,0.0983
7097.001942873,6,0.0983
7098.01372861862,6,0.0983
7099.02549386024,6,0.0983
7100.03148436546,6,0.0983
7101.03828930855,6,0.0983
7102.04503631592,6,0.0983
7103.05996918678,6,0.0983
7104.06621360779,6,0.0983
7105.07289171219,6,0.0983
7106.07971000671,6,0.0983
7107.08629989624,6,0.0983
7109.09825396538,6,0.0983
7110.1100320816,6,0.0983
7111.12198233604,6,0.0983
7112.12877607346,6,0.0983
7113.1355574131,6,0.0983
7114.14217042923,6,0.0983
7115.14891791344,6,0.0983
7116.15574097633,6,0.0983
7117.16748833656,6,0.0983
7118.18187785149,6,0.0983
7119.19714140892,6,0.0983
7120.21232652664,6,0.094
7121.2182071209,6,0.0983
7122.22491931915,6,0.094
7123.23666143417,6,0.0983
7124.24841809273,6,0.094
7125.25427150726,6,0.0983
7126.26095557213,6,0.0983
7127.26753640175,6,0.0983
7129.27533268929,6,0.0983
7130.28218173981,6,0.0983
7131.28893351555,6,0.0983
7132.29524683952,6,0.0983
7133.31146430969,6,0.094
7134.32622313499,6,0.0983
7135.33294725418,6,0.094
7136.33969950676,6,0.0983
7137.34631156921,6,0.0983
7138.3532063961,6,0.0983
7139.35423517227,6,0.0983
7140.36602711678,6,0.0983
7141.37278604507,6,0.094
7142.37956428528,6,0.094
7143.38623166084,6,0.0983
7144.39295935631,6,0.0983
7145.40788173676,6,0.094
7146.41967582703,6,0.094
7147.43134140968,6,0.0983
7149.43926239014,6,0.094
7150.44609761238,6,0.0983
7151.45299243927,6,0.0983
7152.46480822563,6,0.094
7153.47654509544,6,0.0983
7154.48336553574,6,0.094
7155.49832010269,6,0.094
7156.51005172729,6,0.094
7157.52486276627,6,0.094
7158.54066538811,6,0.094
7159.55247139931,6,0.094
7160.55925273895,6,0.0983
7161.57114386559,6,0.094
7162.57805752754,6,0.094
7163.58467841148,6,0.094
7164.59135127068,6,0.0983
7165.5979745388,6,0.094
7166.6096675396,6,0.094
7167.62170958519,6,0.094
7169.63421154022,6,0.094
7170.64099502563,6,0.094
7171.64774560928,6,0.0983
7172.66222381592,6,0.0983
7173.6689312458,6,0.094
7174.6834294796,6,0.0983
7175.69828176498,6,0.094
7176.71389651299,6,0.094
7177.7285835743,6,0.0983
7178.73547649384,6,0.094
7179.74212622643,6,0.094
7180.75179576874,6,0.094
7181.75820755959,6,0.0983
7182.76487231255,6,0.094
7183.77149057388,6,0.094
7184.78340935707,6,0.0939
7185.79033184052,6,0.0983
7186.80225872993,6,0.0983
7187.81808567047,6,0.094
7189.82590222359,6,0.0983
7190.8378136158,6,0.0939
7191.84466290474,6,0.094
7192.85144305229,6,0.094
7193.85823631287,6,0.094
7194.864975214,6,0.094
7195.87174940109,6,0.094
7196.88610935211,6,0.094
7197.89283847809,6,0.094
7198.90388607979,6,0.094
7199.91579651833,6,0.094
7200.92224359512,6,0.094
7201.92382287979,6,0.094
7202.93564391136,6,0.094
7203.95034050941,6,0.0983
7204.95716428757,6,0.094
7205.97310709953,6,0.094
7206.97975111008,6,0.094
7207.98658204079,6,0.094
7209.99422454834,6,0.094
7211.00606799126,6,0.094
7212.01275777817,6,0.094
7213.01944065094,6,0.094
7214.02615094185,6,0.094
7215.03282690048,6,0.094
7216.03961443901,6,0.094
7217.05133295059,6,0.094
7218.05795025826,6,0.094
7219.06456685066,6,0.094
7220.0661740303,6,0.094
7221.07792544365,6,0.094
7222.08476901054,6,0.094
7223.09170126915,6,0.094
7224.10341930389,6,0.094
7225.11026668549,6,0.094
7226.11697602272,6,0.094
7227.12367749214,6,0.094
7228.13022756577,6,0.094
7231.14480161667,6,0.094
7233.15220856667,4,0.094
7234.15856289864,4,0.094
7235.1654009819,4,0.094
7236.17211723328,4,0.094
7237.17853832245,4,0.094
7238.18528056145,4,0.094
7239.18652200699,4,0.094
7240.19836473465,4,0.094
7241.21021223068,4,0.094
7242.22202038765,4,0.094
7243.23379135132,4,0.094
7244.23449659348,4,0.094
7245.24114251137,4,0.0932
7246.25306868553,4,0.0932
7247.25453305244,4,0.0879
7248.25614285469,4,0.0923
7249.25769877434,4,0.0915
7250.25856852531,4,0.0957
7251.27032279968,4,0.0904
7253.27817606926,4,0.0949
7254.28487348557,4,0.0904
7255.28645610809,4,0.0904
7256.2931842804,4,0.0904
7257.29460334778,4,0.0904
7258.30128693581,4,0.0904
7259.31298708916,4,0.0904
7260.31971812248,4,0.0904
7261.33051943779,4,0.0904
7262.33722424507,4,0.0904
7263.34388065338,4,0.0906
7264.35850977898,4,0.094
7265.36525130272,4,0.0896
7266.37699198723,4,0.0887
7267.3837044239,4,0.0887
7268.39048194885,4,0.0881
7269.39725351334,4,0.0923
7270.40402150154,4,0.0828
7271.41050481796,4,0.0915
7273.41829156876,4,0.087
7274.43005275726,4,0.0828
7275.44179344177,4,0.0828
7276.45363640785,4,0.0828
7277.46040916443,4,0.0828
7278.4665145874,4,0.0836
7279.47315120697,4,0.0828
7280.48848342896,4,0.0836
7281.49462866783,4,0.0836
7282.50648713112,4,0.0828
7283.51830720901,4,0.0836
7284.53316903114,4,0.0904
7285.54511547089,4,0.082
7286.55183386803,4,0.0896
7287.56658792496,4,0.0811
7288.57347393036,4,0.0803
7289.58543562889,4,0.0803
7290.59709334373,4,0.0803
7291.60878896713,4,0.0879
7293.62475824356,4,0.0836
7294.63971543312,4,0.0794
7295.65446949005,4,0.0828
7296.68064546585,4,0.0828
7297.70539283752,4,0.0828
7298.70717716217,4,0.0828
7299.71166014671,4,0.0828
7300.71734428406,4,0.0828
7301.72023153305,4,0.0828
7302.73296165466,4,0.0828
7303.73812294006,4,0.0828
7304.7542386055,4,0.087
7305.75587081909,4,0.0786
7306.75736832619,4,0.082
7307.75888943672,4,0.082
7308.77251696587,4,0.0777
7309.77454638481,4,0.0811
7310.77591538429,4,0.0811
7311.77741003036,4,0.076
7313.77954769135,4,0.0803
7314.78099489212,4,0.0803
7315.78244495392,4,0.0803
7316.78444695473,4,0.0803
7317.78591108322,4,0.0803
7318.78767871857,4,0.0803
7319.78937411308,4,0.0803
7320.79087901115,4,0.0803
7321.79285001755,4,0.076
7322.79575586319,4,0.076
7323.79910516739,4,0.0794
7324.80423665047,4,0.0794
7325.80584263802,4,0.075
7326.80755162239,4,0.0828
7327.835262537,4,0.0786
7328.84168767929,4,0.0743
7329.84476232529,4,0.0777
7331.86745071411,4,0.0777
7332.87493515015,4,0.0777
7333.88482117653,4,0.0735
7334.89383506775,4,0.0735
7335.8954641819,4,0.0735
7336.89701104164,4,0.0735
7337.89878726006,4,0.0735
7338.90180921555,4,0.0735
7339.91202664375,4,0.0735
7340.91374731064,4,0.0735
7341.9145116806,4,0.0735
7342.92060184479,4,0.0769
7343.93065714836,4,0.0769
7344.93453335762,4,0.0724
7345.93603110313,4,0.076
7346.94583058357,4,0.076
7347.95586633682,4,0.0716
7348.96581220627,4,0.0752
7349.96657037735,4,0.0752
7351.97452831268,4,0.0709
7352.98135471344,4,0.0699
7353.98802089691,4,0.0699
7354.9895324707,4,0.07
7355.99609780312,4,0.0743
7357.00795221329,4,0.0699
7358.01450562477,4,0.0699
7359.02118420601,4,0.0743
7360.02789330482,4,0.07
7361.04258322716,4,0.0743
7362.04922318459,4,0.0786
7363.06111621857,4,0.0741
7364.077054739,4,0.0699
7365.08353114128,4,0.0735
7366.09836435318,4,0.0735
7367.11265468597,4,0.0735
7368.12428116798,4,0.0682
7369.13068437576,4,0.0726
7371.13857269287,4,0.0726
7372.14529657364,4,0.0682
7373.15150260925,4,0.0682
7374.1583313942,4,0.0682
7375.16508626938,4,0.0682
7376.18051767349,4,0.0682
7377.19464993477,4,0.0682
7378.20139145851,4,0.0682
7379.20807743073,4,0.0682
7380.21457767487,4,0.0682
7381.22128748894,4,0.0639
7382.22814393044,4,0.0673
7383.24379515648,4,0.0717
7384.26243138313,4,0.0673
7385.26915764809,4,0.0665
7386.27589297295,4,0.0709
7387.28256797791,4,0.0707
7388.28923177719,4,0.0665
7389.29605913162,4,0.0656
7391.30893015862,4,0.07
7392.31562709808,4,0.07
7393.32235360146,4,0.07
7394.32906007767,4,0.07
7395.33580446243,4,0.0699
7396.34760308266,4,0.0699
7397.35854482651,4,0.0699
7398.36529588699,4,0.0699
7399.37209296227,4,0.07
7400.37855219841,4,0.07
7401.38533043861,4,0.07
7402.39212322235,4,0.0656
7403.39850234985,4,0.0648
7404.4052491188,4,0.069
7405.41185903549,4,0.069
7406.41854286194,4,0.0648
7407.42013335228,4,0.0639
7408.4217312336,4,0.0682
7409.42250919342,4,0.0682
7411.42520642281,4,0.0639
7412.43200063705,4,0.0639
7413.44373130798,4,0.0639
7414.45858287811,4,0.0639
7415.47021341324,4,0.0597
7416.47689533234,4,0.0597
7417.48363423347,4,0.0639
7418.49465441704,4,0.0597
7419.51217913628,4,0.0597
7420.52757167816,4,0.0631
7421.54261875153,4,0.0631
7422.55455541611,4,0.0673
7423.56145262718,4,0.0631
7424.57766580582,4,0.0631
7425.58948802948,4,0.0622
7426.59625482559,4,0.0665
7427.60252904892,4,0.0665
7429.61458301544,4,0.0622
7430.62137389183,4,0.0614
7431.62808632851,4,0.0614
7432.63983654976,4,0.0614
7433.64662432671,4,0.058
7434.6584405899,4,0.0614
7435.66534137726,4,0.0614
7436.67729997635,4,0.0614
7437.67867779732,4,0.0614
7438.68051123619,4,0.0614
7439.69784212112,4,0.0614
7440.70956873894,4,0.0656
7441.71630644798,4,0.0656
7442.7225663662,4,0.0656
7443.72941374779,4,0.0614
7444.73604774475,4,0.0648
7445.74255371094,4,0.0648
7446.74942469597,4,0.0648
7447.76106452942,4,0.0648
7449.77394294739,4,0.0605
7450.78033614159,4,0.0605
7451.78653120995,4,0.0597
7452.79279446602,4,0.0563
7453.79859638214,4,0.0597
7454.81054449081,4,0.0597
7455.8173122406,4,0.0597
7456.82410621643,4,0.0597
7457.83053517342,4,0.0597
7458.84229516983,4,0.0597
7459.85757541656,4,0.0597
7460.87317371368,4,0.0639
7461.8798160553,4,0.0639
7462.88138055801,4,0.0639
7463.89315533638,4,0.0597
7464.89993166924,4,0.0588
7465.90148591995,4,0.0588
7466.90254354477,4,0.0631
7467.90933561325,4,0.0631
7469.91712880135,4,0.0588
7470.92389059067,4,0.0588
7471.93059968948,4,0.0546
7472.93730926514,4,0.0546
7473.9385163784,4,0.058
7474.95027470589,4,0.058
7475.95699095726,4,0.0544
7476.95853447914,4,0.0546
7477.96523857117,4,0.058
7478.97200012207,4,0.058
7479.97860050201,4,0.058
7480.98526477814,4,0.058
7481.99196624756,4,0.0622
7482.99861192703,4,0.0622
7484.01315188408,4,0.058
7485.02810621262,4,0.058
7486.03994703293,4,0.0614
7487.046697855,4,0.0614
7488.05341863632,4,0.0614
7490.06128025055,4,0.0614
7491.07310724258,4,0.0614
7492.09630656242,4,0.0614
7493.12191605568,4,0.0614
7494.12902975082,4,0.0614
7495.14557957649,4,0.0571
7496.1767604351,4,0.0614
7497.18051552773,4,0.0571
7498.18239212036,4,0.0614
7499.18381953239,4,0.0571
7500.18575024605,4,0.0571
7501.18764257431,4,0.0571
7502.18914341927,4,0.0605
7503.19056248665,4,0.0648
7504.19238781929,4,0.0605
7505.19406485558,4,0.0605
7506.195571661,4,0.0563
7507.19750022888,4,0.0554
7508.19852614403,4,0.0554
7510.20161437988,4,0.0597
7511.20241498947,4,0.0597
7512.20476794243,4,0.0597
7513.21454381943,4,0.0597
7514.21613812447,4,0.0597
7515.22564840317,4,0.0597
7516.23555326462,4,0.0597
7517.24531340599,4,0.0597
7518.2573223114,4,0.0597
7519.26413369179,4,0.0597
7520.27608394623,4,0.0597
7521.28779482841,4,0.0597
7522.29450345039,4,0.0554
7523.30123066902,4,0.0546
7524.30802559853,4,0.0588
7525.30959844589,4,0.0588
7526.32142329216,4,0.0588
7528.33432507515,4,0.0588
7529.35202598572,4,0.0546
7530.35860872269,4,0.0588
7531.36538481712,4,0.0546
7532.37203598022,4,0.0546
7533.37853574753,4,0.0588
7534.38518738747,4,0.0546
7535.39214301109,4,0.0546
7536.40800046921,4,0.0546
7537.43525099754,4,0.0546
7538.46136212349,4,0.0588
7539.47785210609,4,0.0546
7540.48368358612,4,0.0503
7541.48738312721,4,0.0493
7542.49771857262,4,0.058
7543.49962878227,4,0.058
7544.5016875267,4,0.058
7545.50360560417,4,0.0536
7546.50510025024,4,0.0537
7548.50793123245,4,0.0529
7549.5094435215,4,0.0571
7550.5116853714,4,0.0571
7551.51317691803,4,0.0571
7552.51444768906,4,0.0571
7553.51591730118,4,0.0571
7554.51760911942,4,0.0614
7555.51910471916,4,0.0529
7556.52461910248,4,0.0571
7557.5271794796,4,0.0614
7558.52874398232,4,0.0614
7559.53068137169,4,0.0571
7560.53252053261,4,0.0571
7561.53392672539,4,0.0571
7562.53545117378,4,0.0571
7563.53718900681,4,0.0529
7564.5386402607,4,0.0563
7566.54886126518,4,0.0563
7567.55272483826,4,0.0563
7568.55443906784,4,0.0519
7569.55825138092,4,0.0563
7570.56170964241,4,0.0563
7571.5741443634,4,0.0563
7572.58424305916,4,0.0519
7573.5905623436,4,0.0563
7574.5969991684,4,0.0563
7575.59854674339,4,0.0563
7576.61034631729,4,0.0605
7577.6171028614,4,0.0563
7578.62388300896,4,0.0563
7579.63065457344,4,0.0563
7580.64240598679,4,0.0563
7581.64910101891,4,0.0519
7582.65520262718,4,0.0476
7583.66992807388,4,0.051
7585.67787575722,4,0.0512
7586.68965244293,4,0.051
7587.70239901543,4,0.0554
7588.70927405357,4,0.051
7589.72110295296,4,0.0553
7590.72709560394,4,0.0554
7591.7338347435,4,0.051
7592.74047493935,4,0.0554
7593.74655795097,4,0.0553
7594.75335335732,4,0.0554
7595.75485539436,4,0.0554
7596.76157212257,4,0.0554
7597.76826524734,4,0.0553
7598.77454566956,4,0.0554
7599.78128123283,4,0.0554
7600.78789663315,4,0.0554
7601.79453134537,4,0.0512
7602.80115580559,4,0.0468
7603.80785918236,4,0.0503
7605.81566667557,4,0.0546
7606.82247710228,4,0.0546
7607.82919883728,4,0.0546
7608.84091830254,4,0.0502
7609.8558344841,4,0.0546
7610.87131237984,4,0.0546
7611.87802004814,4,0.0546
7612.8847219944,4,0.0546
7613.89055037498,4,0.0546
7614.89726614952,4,0.0546
7615.90399169922,4,0.0546
7616.9105618,4,0.0546
7617.92254757881,4,0.0546
7618.92900633812,4,0.0546
7619.9356713295,4,0.0546
7620.94261026382,4,0.0493
7621.95370650291,4,0.0502
7622.96541595459,4,0.0459
7623.9806022644,4,0.0493
7625.99344182014,4,0.0537
7626.99457621574,4,0.0493
7628.01051235199,4,0.0493
7629.02507853508,4,0.0537
7630.04059386253,4,0.0537
7631.05224847794,4,0.0493
7632.05856442451,4,0.0537
7633.06535077095,4,0.0493
7634.07706952095,4,0.0493
7635.08400893211,4,0.0536
7636.09575510025,4,0.0495
7637.10245776176,4,0.0536
7638.11421775818,4,0.0537
7639.12603068352,4,0.0536
7640.13278579712,4,0.0537
7641.13957190514,4,0.0537
7642.14640784264,4,0.0537
7643.15314912796,4,0.0493
7644.16486024857,4,0.0493
7646.17266178131,4,0.0493
7647.1843791008,4,0.0493
7648.19977736473,4,0.0493
7649.21051740646,4,0.0485
7650.22248268127,4,0.0493
7651.22937226295,4,0.0485
7652.24116945267,4,0.0485
7653.25306153297,4,0.0485
7654.25995445251,4,0.0493
7655.26649904251,4,0.0451
7656.27821540833,4,0.0485
7657.28501272202,4,0.0485
7658.29688954353,4,0.0481
7659.30360817909,4,0.0529
7660.30976390839,4,0.0571
7661.32161068916,4,0.0571
7662.33334445953,4,0.0571
7663.34506320953,4,0.0529
7664.35686302185,4,0.0529
7666.3647711277,4,0.0529
7667.37157297134,4,0.0529
7668.37822079659,4,0.0529
7669.3848760128,4,0.0529
7670.39156723022,4,0.0527
7671.39329648018,4,0.0529
7672.39995360374,4,0.0527
7673.40654420853,4,0.0529
7674.41336894035,4,0.0529
7675.41456389427,4,0.0527
7676.42137217522,4,0.0527
7677.43321728706,4,0.0529
7678.45357108116,4,0.0481
7679.47668123245,4,0.0485
7680.49481940269,4,0.0481
7681.51573014259,4,0.0476
7682.51851010323,4,0.0476
7683.52044153214,4,0.0519
7684.52188515663,4,0.052
7686.524091959,4,0.0563
7687.52560830116,4,0.0519
7688.5264210701,4,0.0519
7689.52879214287,4,0.052
7690.53046607971,4,0.0519
7691.5320391655,4,0.0519
7692.53359460831,4,0.0519
7693.53450298309,4,0.0466
7694.53603029251,4,0.0519
7695.53766584396,4,0.0519
7696.53860807419,4,0.0519
7697.54053378105,4,0.0519
7698.54207873344,4,0.0519
7699.5437514782,4,0.0519
7700.54438209534,4,0.0519
7701.54601049423,4,0.0476
7702.54748058319,4,0.0476
7704.55081319809,4,0.0476
7705.55245089531,4,0.0476
7706.55444264412,4,0.0471
7707.55510640144,4,0.0468
7708.558614254,4,0.0468
7709.56062960625,4,0.0468
7710.56280374527,4,0.0466
7711.56459546089,4,0.0434
7712.56599235535,4,0.0468
7713.56748175621,4,0.0519
7714.56895089149,4,0.0476
7715.57040762901,4,0.0476
7716.57180142403,4,0.0476
7717.57327651978,4,0.0468
7718.57463669777,4,0.051
7719.5766825676,4,0.051
7720.57850074768,4,0.051
7722.58176803589,4,0.051
7723.582924366,4,0.0512
7724.58487224579,4,0.051
7725.5867934227,4,0.051
7726.58832073212,4,0.051
7727.59026384354,4,0.051
7728.5937025547,4,0.051
7729.59498500824,4,0.051
7730.59889554977,4,0.051
7731.60031318665,4,0.0512
7732.60207056999,4,0.051
7733.60397982597,4,0.051
7734.61046481133,4,0.051
7735.62095236778,4,0.051
7736.62252998352,4,0.051
7737.62409901619,4,0.051
7738.6303935051,4,0.051
7740.63832092285,4,0.0468
7741.64495277405,4,0.0508
7742.65673494339,4,0.0468
7743.66911435127,4,0.0468
7744.67588734627,4,0.0468
7745.68764042854,4,0.0466
7746.69443535805,4,0.0383
7747.70116448402,4,0.0468
7748.70782065392,4,0.0468
7749.71447038651,4,0.0383
7750.72139954567,4,0.0468
7751.72816824913,4,0.0459
7752.73454880714,4,0.0468
7753.74065685272,4,0.0468
7754.75453710556,4,0.0459
7755.76898407936,4,0.0459
7756.78255271912,4,0.0459
7757.79780840874,4,0.0459
7758.80964040756,4,0.0502
7760.82577466965,4,0.0493
7761.84225463867,4,0.0495
7762.84897375107,4,0.0502
7763.85580778122,4,0.0503
7764.87064647675,4,0.0502
7765.87743401527,4,0.0502
7766.88417816162,4,0.0502
7767.89050388336,4,0.0459
7768.89717555046,4,0.0502
7769.91171431541,4,0.0503
7770.92266178131,4,0.0502
7771.93437957764,4,0.0493
7772.94949173927,4,0.0503
7773.96255922318,4,0.0493
7774.97434926033,4,0.0503
7775.98605370522,4,0.0493
7776.99263548851,4,0.0502
7778.00255846977,4,0.0459
7779.0142159462,4,0.0502
7781.02645373344,4,0.0493
7782.03758764267,4,0.0495
7783.04435658455,4,0.0502
7784.05063128471,4,0.0459
7785.08142375946,4,0.0502
7786.09044766426,4,0.0503
7787.11218571663,4,0.0459
7788.12922263145,4,0.0503
7789.13218545914,4,0.0502
7790.13513374329,4,0.0459
7791.14926457405,4,0.0502
7792.15117835999,4,0.0493
7793.15405917168,4,0.0502
7794.15551733971,4,0.0374
7795.16020870209,4,0.0459
7796.16163444519,4,0.0459
7797.1630089283,4,0.0459
7798.16453814507,4,0.0459
7799.16595983505,4,0.0451
7801.16974043846,4,0.0451
7802.17054486275,4,0.0493
7803.17266917229,4,0.0451
7804.17470359802,4,0.0451
7805.17606449127,4,0.0493
7806.17765641212,4,0.0451
7807.17980456352,4,0.0451
7808.1813249588,4,0.0493
7809.18247890472,4,0.0451
7810.18411040306,4,0.0451
7811.18559980392,4,0.0451
7812.18908238411,4,0.0451
7813.19310760498,4,0.0451
7814.19555687904,4,0.0451
7815.19707846642,4,0.0493
7816.19857788086,4,0.0493
7817.20543813705,4,0.0493
7819.20754790306,4,0.0493
7820.21842026711,4,0.0493
7821.2278316021,4,0.0493
7822.23785734177,4,0.0493
7823.23859786987,4,0.0493
7824.25052571297,4,0.0493
7825.25727319717,4,0.0493
7826.25850725174,4,0.0493
7827.26009297371,4,0.0493
7828.27183270454,4,0.0493
7829.27856016159,4,0.0493
7830.28012490273,4,0.0493
7831.28691244125,4,0.0493
7832.28846669197,4,0.0493
7833.29461693764,4,0.0493
7834.30135679245,4,0.0493
7835.31726002693,4,0.0493
7836.32400512695,4,0.0451
7837.33053255081,4,0.0451
7839.33864665031,4,0.0451
7840.34516000748,4,0.0451
7841.35696458817,4,0.0451
7842.36891484261,4,0.0493
7843.38432908058,4,0.0451
7844.39097523689,4,0.0451
7845.39769864082,4,0.0493
7846.40439105034,4,0.0451
7847.41052865982,4,0.0451
7848.41727542877,4,0.0493
7849.42398929596,4,0.0493
7850.43857955933,4,0.0493
7851.45433282852,4,0.0451
7852.46116518974,4,0.0451
7853.4730682373,4,0.0451
7854.48487973213,4,0.0451
7855.50129079819,4,0.0451
7856.51677799225,4,0.0451
7857.52253007889,4,0.0451
7859.53025102615,4,0.0442
7860.53695511818,4,0.0442
7861.54373931885,4,0.0485
7862.5505695343,4,0.0485
7863.55716300011,4,0.0442
7864.56386685371,4,0.0442
7865.57062888145,4,0.0485
7866.57735037804,4,0.0442
7867.58926200867,4,0.0442
7868.60094451904,4,0.0485
7869.60785126686,4,0.0442
7870.61471176147,4,0.0485
7871.62160253525,4,0.0483
7872.63827109337,4,0.0485
7873.65018391609,4,0.0483
7874.6570110321,4,0.0485
7875.67057943344,4,0.0481
7876.67231321335,4,0.0485
7877.68782830238,4,0.0483
7879.69575023651,4,0.0485
7880.71052145958,4,0.0485
7881.71727490425,4,0.0485
7882.71856665611,4,0.0485
7883.72531819344,4,0.0485
7884.73198628426,4,0.0485
7885.73857188225,4,0.0485
7886.75035238266,4,0.0485
7887.75711321831,4,0.0485
7888.76383972168,4,0.0485
7889.77061200142,4,0.0485
7890.77733254433,4,0.0485
7891.78909635544,4,0.0483
7892.79583525658,4,0.0485
7893.80253219604,4,0.0481
7894.80927181244,4,0.0485
7895.81595158577,4,0.0479
7896.82251429558,4,0.0485
7897.8292093277,4,0.0481
7899.83698272705,4,0.0485
7900.84874343872,4,0.0485
7901.85453414917,4,0.0485
7902.86138105392,4,0.0485
7903.87312936783,4,0.0486
7904.88487839699,4,0.0485
7905.89159464836,4,0.0485
7906.89835906029,4,0.0485
7907.90511703491,4,0.0485
7908.91697525978,4,0.0485
7909.92381000519,4,0.0485
7910.93054032326,4,0.0485
7911.94237041473,4,0.0483
7912.98375821114,4,0.0485
7913.98943996429,4,0.0483
7915.00602722168,4,0.0485
7916.01150655746,4,0.0442
7917.01420521736,4,0.0485
7918.02551436424,4,0.0483
7920.02891993523,4,0.0485
7921.03042125702,4,0.0485
7922.03208446503,4,0.0442
7923.0335419178,4,0.0442
7924.03455924988,4,0.0485
7925.03558659554,4,0.0442
7926.03753805161,4,0.0442
7927.03872346878,4,0.0485
7928.04041671753,4,0.0442
7929.04200482368,4,0.0442
7930.0511405468,4,0.0485
7931.0531308651,4,0.0442
7932.05614376068,4,0.0442
7933.05808663368,4,0.0442
7934.06149172783,4,0.0442
7935.06502103806,4,0.0442
7936.06640028954,4,0.0442
7937.07622265816,4,0.0442
7938.08579683304,4,0.0408
7940.09552907944,4,0.0434
7941.09754252434,4,0.0476
7942.09852910042,4,0.0442
7943.10007238388,4,0.0442
7944.10173225403,4,0.0408
7945.10830426216,4,0.0442
7946.11453032494,4,0.0442
7947.12105989456,4,0.0434
7948.12251091003,4,0.0468
7949.12939500809,4,0.0442
7950.13614392281,4,0.0434
7951.1505689621,4,0.04
7952.15734505653,4,0.0442
7953.16410541534,4,0.0442
7954.17057156563,4,0.0476
7955.17732739449,4,0.0476
7956.18402433395,4,0.0476
7957.19055128098,4,0.0408
7958.19730830193,4,0.0408
7960.20503520966,4,0.0408
7961.20656347275,4,0.0434
7962.21336817741,4,0.0408
7963.22017335892,4,0.0434
7964.23193621635,4,0.0434
7965.24367618561,4,0.0468
7966.2504734993,4,0.0434
7967.25725436211,4,0.0408
7968.26398801804,4,0.0434
7969.27052807808,4,0.0408
7970.2772295475,4,0.0434
7971.28399324417,4,0.0408
7972.29057884216,4,0.0434
7973.29734659195,4,0.0408
7974.30405592918,4,0.0434
7975.31590747833,4,0.0408
7976.32771468163,4,0.0434
7977.33960771561,4,0.0476
7978.35053706169,4,0.0476
7980.36254787445,4,0.0476
7981.36945438385,4,0.0434
7982.3761203289,4,0.0408
7983.38252520561,4,0.0468
7984.39433646202,4,0.0468
7985.40608382225,4,0.0434
7986.41281056404,4,0.0408
7987.41963291168,4,0.0469
7988.43052601814,4,0.0434
7989.43736839294,4,0.0408
7990.44906067848,4,0.0476
7991.458517313,4,0.0476
7992.47450256348,4,0.0476
7993.48885250092,4,0.0476
7994.49563932419,4,0.0519
7995.5025138855,4,0.0476
7996.51432299614,4,0.0476
7997.53765058517,4,0.0434
7998.55735254288,4,0.0476
8000.56317853928,4,0.0434
8001.57934713364,4,0.0408
8002.58297467232,4,0.0468
8003.58695244789,4,0.0468
8004.60046625137,4,0.0408
8005.60519194603,4,0.0468
8006.6070330143,4,0.0469
8007.60854458809,4,0.0434
8008.61012172699,4,0.0468
8009.6121134758,4,0.0466
8010.61403346062,4,0.0434
8011.61544966698,4,0.0476
8012.61696648598,4,0.0476
8013.61953568459,4,0.0476
8014.62180447578,4,0.0519
8015.62296009064,4,0.0519
8016.62439012527,4,0.0476
8017.62579059601,4,0.0476
8018.63001585007,4,0.0408
8020.63486790657,4,0.0476
8021.6370036602,4,0.0476
8022.63954567909,4,0.0468
8023.6409239769,4,0.0469
8024.64231085777,4,0.0468
8025.64788556099,4,0.0468
8026.6577398777,4,0.0466
8027.66889119148,4,0.0519
8028.67119288445,4,0.0408
8029.67270326614,4,0.0469
8030.67428302765,4,0.0476
8031.68106460571,4,0.0476
8032.68781709671,4,0.0476
8033.69956874847,4,0.0476
8034.70552682877,4,0.0476
8035.71725606918,4,0.0476
8036.72411108017,4,0.0476
8038.73161840439,4,0.0519
8039.73834776878,4,0.0476
8040.74516534805,4,0.0471
8041.75706148148,4,0.0468
8042.76370882988,4,0.0468
8043.77565145493,4,0.0469
8044.78249311447,4,0.0469
8045.78936672211,4,0.0469
8046.79621458054,4,0.0468
8047.80250525475,4,0.0468
8048.8143632412,4,0.0519
8049.82118558884,4,0.0476
8050.82783126831,4,0.0476
8051.83960819244,4,0.0476
8052.84631323814,4,0.0476
8053.85308790207,4,0.0476
8054.85989379883,4,0.0476
8055.86144065857,4,0.0476
8056.87769532204,4,0.0476
8058.89056968689,4,0.0476
8059.90602278709,4,0.0476
8060.91794395447,4,0.0469
8061.92482733727,4,0.0468
8062.93664169312,4,0.0468
8063.95055747032,4,0.0468
8064.95723438263,4,0.0468
8065.9639441967,4,0.0468
8066.97063040733,4,0.0468
8067.97727131844,4,0.0468
8068.99064254761,4,0.0476
8069.99742555618,4,0.0476
8071.00913310051,4,0.0476
8072.01596426964,4,0.0476
8073.02773714066,4,0.0476
8074.03444814682,4,0.0476
8075.04126119614,4,0.0476
8076.04797077179,4,0.0476
8077.05454730988,4,0.0476
8079.0623114109,4,0.0476
8080.06849336624,4,0.0476
8081.08395814896,4,0.0469
8082.09580469131,4,0.0468
8083.10263299942,4,0.0468
8084.10931491852,4,0.0468
8085.1160159111,4,0.0468
8086.12261843681,4,0.0468
8087.12948393822,4,0.0466
8088.1353559494,4,0.0468
8089.15012264252,4,0.0476
8090.16529178619,4,0.0476
8091.17961621284,4,0.0476
8092.19445371628,4,0.0476
8093.20626354218,4,0.0476
8094.21299362183,4,0.0476
8095.21961951256,4,0.0476
8096.22644090652,4,0.0476
8097.23818063736,4,0.0476
8099.25453710556,4,0.0476
8100.26988506317,4,0.0476
8101.27058291435,4,0.0469
8102.2721247673,4,0.0468
8103.27854394913,4,0.0468
8104.28533935547,4,0.0469
8105.29208707809,4,0.0468
8106.29853987694,4,0.0468
8107.30521702766,4,0.0469
8108.31198358536,4,0.0469
8109.32371711731,4,0.0476
8110.3498301506,4,0.0476
8111.37144899368,4,0.0476
8112.37403893471,4,0.0476
8113.39357876778,4,0.0476
8114.3971054554,4,0.0476
8115.41567277908,4,0.0476
8116.42363548279,4,0.0476
8117.43101739883,4,0.0476
8119.4358279705,4,0.0476
8120.43731546402,4,0.0476
8121.4464225769,4,0.0468
8122.45624303818,4,0.0469
8123.46253299713,4,0.0468
8124.46938848495,4,0.0469
8125.47617602348,4,0.0468
8126.48251771927,4,0.0468
8127.48931097984,4,0.0466
8128.49957036972,4,0.0468
8129.5064535141,4,0.0476
8130.51822257042,4,0.0476
8131.52494001389,4,0.0476
8132.53201675415,4,0.0476
8133.5385825634,4,0.0476
8134.54531407356,4,0.0476
8135.55207490921,4,0.0476
8136.55859231949,4,0.0476
8138.56662011147,4,0.0476
8139.57342767715,4,0.0476
8140.58016467094,4,0.0468
8141.58653783798,4,0.0466
8142.60135221481,4,0.0466
8143.60798573494,4,0.0468
8144.62255215645,4,0.0468
8145.62923073769,4,0.0468
8146.64111733437,4,0.0468
8147.64771389961,4,0.0468
8148.65446043015,4,0.0476
8149.65612316132,4,0.0476
8150.6576859951,4,0.0476
8151.66442990303,4,0.0476
8152.68158102036,4,0.0476
8153.68262815475,4,0.0476
8154.68418383598,4,0.0476
8155.69062662125,4,0.0476
8156.69739675522,4,0.0476
8158.69971108437,4,0.0476
8159.7008831501,4,0.0476
8160.71060538292,4,0.0468
8161.71742630005,4,0.0468
8162.72417354584,4,0.0468
8163.73052501678,4,0.0468
8164.73733377457,4,0.0468
8165.74906229973,4,0.0468
8166.75580763817,4,0.0469
8167.76255869865,4,0.0468
8168.76932358742,4,0.0476
8169.7705848217,4,0.0476
8170.77734732628,4,0.0476
8171.78407073021,4,0.0476
8172.79052686691,4,0.0476
8173.79732322693,4,0.0476
8174.80422997475,4,0.0476
8175.81602597237,4,0.0476
8177.82365202904,4,0.0476
8178.83047270775,4,0.0476
8179.83726191521,4,0.0468
8180.84414291382,4,0.0468
8181.85054135323,4,0.0468
8182.85729265213,4,0.0468
8183.86406946182,4,0.0468
8184.87068080902,4,0.0468
8185.877399683,4,0.0468
8186.88418507576,4,0.0469
8187.89055800438,4,0.0476
8188.89729833603,4,0.0476
8189.9041686058,4,0.0476
8190.91057562828,4,0.0476
8191.92471694946,4,0.0476
8192.93853592873,4,0.0476
8193.95299005508,4,0.0476
8194.95976018906,4,0.0476
8195.96656131744,4,0.0476
8197.97446203232,4,0.0476
8198.98121285439,4,0.0476
8199.98781323433,4,0.0468
8200.99456739426,4,0.0468
8202.0012242794,4,0.0468
8203.01295208931,4,0.0468
8204.01963376999,4,0.0468
8205.02651262283,4,0.0468
8206.03325724602,4,0.0468
8207.03994178772,4,0.0468
8208.0465798378,4,0.0476
8209.05330228806,4,0.0476
8210.05999112129,4,0.0476
8211.06659340858,4,0.0476
8212.07326745987,4,0.0476
8213.08501601219,4,0.0476
8214.09671854973,4,0.0476
8215.10255074501,4,0.0476
8216.11868548393,4,0.0476
8218.13158297539,4,0.0476
8219.142578125,4,0.0408
8220.15732860565,4,0.0469
8221.17287993431,4,0.0469
8222.17962002754,4,0.0466
8223.18645691872,4,0.0468
8224.19325518608,4,0.0466
8225.19998049736,4,0.0468
8226.20657682419,4,0.0468
8227.21335148811,4,0.0468
8228.22006297112,4,0.0476
8229.22653031349,4,0.0476
8230.23331427574,4,0.0476
8231.23993420601,4,0.0476
8232.24654316902,4,0.0476
8233.25835776329,4,0.0476
8234.26510500908,4,0.0476
8235.27173352242,4,0.0476
8236.27854657173,4,0.0476
8238.28647446632,4,0.0476
8239.29332947731,4,0.0476
8240.30933594704,4,0.0468
8241.32438611984,4,0.0468
8242.34089851379,4,0.0468
8243.34773898125,4,0.0468
8244.3545601368,4,0.0469
8245.36139440536,4,0.0468
8246.394094944,4,0.0468
8247.41479849815,4,0.0468
8248.4210050106,4,0.0476
8249.43882203102,4,0.0476
8250.45386433601,4,0.0476
8251.45779156685,4,0.0476
8252.4584209919,4,0.0476
8253.46011829376,4,0.0476
8254.46340608597,4,0.0476
8255.46972537041,4,0.0476
8256.47094130516,4,0.0476
8258.47561717033,4,0.0476
8259.48230361938,4,0.0476
8260.49214744568,4,0.0468
8261.5024330616,4,0.0466
8262.51214408875,4,0.0466
8263.52386665344,4,0.0468
8264.53853130341,4,0.0468
8265.55028629303,4,0.0466
8266.56543421745,4,0.0468
8267.58005714417,4,0.0469
8268.58657407761,4,0.0476
8269.5933265686,4,0.0476
8270.59993743896,4,0.0476
8271.62793135643,4,0.0476
8272.63645219803,4,0.0476
8273.65270376205,4,0.0476
8274.65631175041,4,0.0476
8275.67467689514,4,0.0476
8277.68437314034,4,0.0476
8278.69749212265,4,0.0476
8279.70000052452,4,0.0468
8280.70188426971,4,0.0466
8281.7043902874,4,0.0468
8282.70582079887,4,0.0468
8283.70725893974,4,0.0468
8284.70982170105,4,0.0468
8285.71398234367,4,0.0469
8286.71695590019,4,0.0469
8287.71837258339,4,0.0476
8288.72489738464,4,0.0476
8289.72635149956,4,0.0476
8290.73288011551,4,0.0476
8291.74237084389,4,0.0476
8292.75295901299,4,0.0476
8293.76477622986,4,0.0476
8294.76652026176,4,0.0476
8295.7809844017,4,0.0476
8297.79390335083,4,0.0476
8298.80573153496,4,0.0476
8299.82017540932,4,0.0468
8300.8345656395,4,0.0468
8301.84144306183,4,0.0468
8302.84309077263,4,0.0468
8303.84993386269,4,0.0434
8304.85055398941,4,0.0468
8305.86572670937,4,0.0468
8306.88031673431,4,0.0468
8307.8946428299,4,0.0476
8308.9103975296,4,0.0476
8309.92557835579,4,0.0476
8310.94187951088,4,0.0476
8311.94257426262,4,0.0476
8312.94927692413,4,0.0476
8313.95602107048,4,0.0476
8314.96762728691,4,0.0476
8315.98142027855,4,0.0476
8317.98916172981,4,0.0476
8318.99056649208,4,0.0476
8319.99723982811,4,0.0469
8321.01237797737,4,0.0469
8322.01929974556,6,0.0468
8323.02613997459,6,0.0468
8324.03282976151,6,0.0468
8325.03967285156,6,0.0469
8326.05051708221,6,0.0468
8327.06230139732,6,0.0468
8328.07409095764,6,0.0476
8329.08083105087,6,0.0476
8330.09268593788,6,0.0476
8331.10238647461,6,0.0476
8332.11254549026,6,0.0442
8333.12421798706,6,0.0442
8334.14254212379,6,0.0451
8335.15050649643,6,0.0536
8336.16418099403,6,0.0502
8338.17844700813,6,0.0493
8339.19040584564,6,0.0383
8340.20081853867,6,0.0468
8341.21441745758,6,0.0468
8342.22771787643,6,0.0468
8343.2424993515,6,0.0468
8344.26258158684,6,0.0468
8345.27504611015,6,0.0468
8346.28693056107,6,0.0468
8347.29693984985,6,0.0466
8348.30643725395,6,0.051
8349.32255887985,6,0.0434
8350.33040118217,6,0.0519
8351.34288072586,6,0.0561
8352.35451722145,6,0.0527
8353.36284327507,6,0.0527
8354.37471795082,6,0.0493
8355.38417506218,6,0.0493
8356.39840888977,6,0.0502
8358.41454601288,6,0.0546
8359.42935562134,6,0.0544
8360.44305109978,6,0.0502
8361.45778203011,6,0.0544
8362.46458792686,6,0.0468
8363.47056245804,6,0.0468
8364.47734332085,6,0.0468
8365.4891076088,6,0.0468
8366.49599790573,6,0.0502
8367.50778913498,6,0.051
8368.50939083099,6,0.051
8369.52129530907,6,0.0553
8370.53246998787,6,0.0519
8371.53402161598,6,0.0561
8372.54576396942,6,0.0563
8373.55776023865,6,0.0527
8374.56448149681,6,0.057
8375.57059431076,6,0.0536
8376.57735228539,6,0.058
8378.57965731621,6,0.0536
8379.59163141251,6,0.058
8380.59855270386,6,0.0536
8381.60987758636,6,0.0502
8382.62184786797,6,0.0502
8383.62861299515,6,0.0546
8384.63453364372,6,0.0546
8385.64130425453,6,0.0546
8386.64809775352,6,0.0544
8387.65477204323,6,0.0544
8388.66172599792,6,0.0546
8389.66852760315,6,0.0588
8390.6746339798,6,0.0546
8391.68136262894,6,0.0597
8392.6879940033,6,0.0554
8393.69456839561,6,0.0563
8394.70643234253,6,0.0605
8395.71323108673,6,0.0648
8396.71989130974,6,0.0571
8398.72763752937,6,0.0614
8399.73859643936,6,0.0614
8400.74533748627,6,0.0656
8401.75212430954,6,0.0656
8402.75853896141,6,0.0614
8403.7652797699,6,0.0614
8404.77199721336,6,0.0614
8405.77852249146,6,0.0656
8406.78524780273,6,0.0614
8407.79207372665,6,0.0614
8408.79853606224,6,0.0656
8409.80526804924,6,0.0571
8410.81194210052,6,0.0622
8411.82365036011,6,0.0493
8412.8345746994,6,0.058
8413.84125566483,6,0.0631
8414.85309267044,6,0.0631
8415.854575634,6,0.0597
8416.86143994331,6,0.0639
8418.87786221504,6,0.0639
8419.88458204269,6,0.0639
8420.89058804512,6,0.0597
8421.89731836319,6,0.0597
8422.90399956703,6,0.0597
8423.91053128242,6,0.0597
8424.91732811928,6,0.0597
8425.92400383949,6,0.0597
8426.93055701256,6,0.0597
8427.94233942032,6,0.0597
8428.949010849,6,0.0597
8429.95056724548,6,0.0648
8430.95732426643,6,0.0648
8431.96398210526,6,0.0648
8432.97052288055,6,0.0614
8433.97210884094,6,0.0656
8434.97854614258,6,0.0699
8435.98529863358,6,0.0656
8436.99200129509,6,0.0622
8438.99950933456,6,0.0665
8440.00619316101,6,0.0665
8441.01295042038,6,0.0622
8442.02496767044,6,0.0665
8443.03164625168,6,0.0707
8444.04254746437,6,0.0665
8445.04931020737,6,0.0665
8446.06119728088,6,0.0707
8447.07304334641,6,0.058
8448.08663034439,6,0.0622
8449.10242319107,6,0.0665
8450.11705064774,6,0.0588
8451.14129972458,6,0.0673
8452.16404390335,6,0.0673
8453.18371558189,6,0.0631
8454.19946980476,6,0.0597
8455.20469307899,6,0.0639
8456.20673537254,6,0.0682
8457.20815563202,6,0.0682
8459.21145415306,6,0.0639
8460.21345496178,6,0.0648
8461.21466684341,6,0.069
8462.21622419357,6,0.069
8463.21814489365,6,0.069
8464.21967887878,6,0.069
8465.22164273262,6,0.069
8466.22264122963,6,0.069
8467.22452926636,6,0.0648
8468.2262172699,6,0.069
8469.22789502144,6,0.069
8470.23067879677,6,0.069
8471.23361968994,6,0.0656
8472.23446393013,6,0.0699
8473.24038934708,6,0.0699
8474.24234962463,6,0.0699
8475.24438667297,6,0.0622
8477.24669384956,6,0.0665
8478.24864244461,6,0.0665
8479.25024271011,6,0.0665
8480.25255465508,6,0.0665
8481.25384068489,6,0.0665
8482.25464391708,6,0.0707
8483.26241874695,6,0.0665
8484.27749872208,6,0.0707
8485.29746675491,6,0.0665
8486.30076980591,6,0.0707
8487.31851506233,6,0.0707
8488.32453918457,6,0.0707
8489.33984184265,6,0.0588
8490.34126377106,6,0.0673
8491.34436893463,6,0.0673
8492.34633088112,6,0.0716
8493.34835314751,6,0.0673
8495.35065746307,6,0.0673
8496.35214304924,6,0.0639
8497.3536131382,6,0.0682
8498.35495448112,6,0.0682
8499.35672426224,6,0.0682
8500.35828542709,6,0.0682
8501.35973644257,6,0.0682
8502.36163210869,6,0.0682
8503.36281347275,6,0.0682
8504.36423110962,6,0.0682
8505.36590576172,6,0.0724
8506.36647891998,6,0.0724
8507.36792254448,6,0.0605
8508.36983990669,6,0.0648
8509.37077236176,6,0.069
8510.37270784378,6,0.0735
8511.37420105934,6,0.0735
8513.37690353394,6,0.0735
8514.37792062759,6,0.0735
8515.37855648994,6,0.069
8516.38131713867,6,0.069
8517.38241648674,6,0.0735
8518.38443303108,6,0.0648
8519.38618612289,6,0.069
8520.38756918907,6,0.0777
8521.38961744308,6,0.0648
8522.40384244919,6,0.0735
8523.40635943413,6,0.0656
8524.40859222412,6,0.0699
8525.41009616852,6,0.0743
8526.41398310661,6,0.0741
8527.42053055763,6,0.0743
8528.42641019821,6,0.0786
8529.43297863007,6,0.0699
8531.4406452179,6,0.0707
8532.44703435898,6,0.0707
8533.45374655724,6,0.075
8534.4606192112,6,0.0707
8535.46652412415,6,0.075
8536.47319626808,6,0.0707
8537.48489117622,6,0.075
8538.49161243439,6,0.0707
8539.49778056145,6,0.075
8540.50442457199,6,0.075
8541.51054358482,6,0.075
8542.51705408096,6,0.075
8543.52875375748,6,0.0752
8544.54391670227,6,0.0665
8545.54551386833,6,0.0673
8546.54655003548,6,0.0716
8547.54815912247,6,0.0716
8548.5547850132,6,0.076
8549.5614771843,6,0.076
8551.57439851761,6,0.076
8552.5810956955,6,0.0716
8553.5878226757,6,0.0716
8554.59469938278,6,0.0716
8555.61012840271,6,0.0716
8556.62192487717,6,0.076
8557.62877368927,6,0.0716
8558.6356344223,6,0.0716
8559.6424036026,6,0.0716
8560.65418195724,6,0.0716
8561.6609172821,6,0.076
8562.66760134697,6,0.0716
8563.67431545258,6,0.0724
8564.68099999428,6,0.0724
8565.68771958351,6,0.0767
8566.69453692436,6,0.0767
8567.70652556419,6,0.0724
8568.71318745613,6,0.0726
8569.71993470192,6,0.069
8571.72762036324,6,0.0735
8572.73857951164,6,0.0777
8573.74541759491,6,0.0735
8574.7521109581,6,0.0777
8575.75892281532,6,0.0777
8576.77061343193,6,0.0733
8577.77747869492,6,0.0777
8578.77859854698,6,0.0777
8579.7853167057,6,0.0735
8580.78655195236,6,0.0777
8581.7932305336,6,0.0777
8582.79988956451,6,0.0777
8583.81164813042,6,0.0777
8584.81838607788,6,0.082
8585.82518696785,6,0.082
8586.82652258873,6,0.0735
8587.83836889267,6,0.0741
8588.84516978264,6,0.0741
8589.8517343998,6,0.0786
8591.85952711105,6,0.0786
8592.86636686325,6,0.0786
8593.87299752235,6,0.0786
8594.87975645065,6,0.0786
8595.89168405533,6,0.0784
8596.89854502678,6,0.0786
8597.90522527695,6,0.0786
8598.91193723679,6,0.0786
8599.91841769218,6,0.0786
8600.92511439323,6,0.0786
8601.93626141548,6,0.0786
8602.93781113625,6,0.0828
8603.94453287125,6,0.0786
8604.9562895298,6,0.0786
8605.96261048317,6,0.075
8606.96927142143,6,0.075
8607.97055149078,6,0.0794
8608.97719740868,6,0.0794
8609.98895955086,6,0.0794
8611.99675655365,6,0.0794
8613.00342941284,6,0.0794
8614.01018404961,6,0.0794
8615.01685333252,6,0.0794
8616.023635149,6,0.0794
8617.03051924706,6,0.0794
8618.04584145546,6,0.0836
8619.04652643204,6,0.0794
8620.05339622498,6,0.0794
8621.06016755104,6,0.0794
8622.07583355904,6,0.0794
8623.0823662281,6,0.075
8624.08906316757,6,0.075
8625.09588098526,6,0.0758
8626.10260725021,6,0.076
8627.10937786102,6,0.0803
8628.12114453316,6,0.0803
8629.12772631645,6,0.0803
8630.13457751274,6,0.0803
8632.14249205589,6,0.0803
8633.14929223061,6,0.0803
8634.15603685379,6,0.076
8635.16256690025,6,0.0803
8636.16933560371,6,0.0803
8637.18111038208,6,0.0758
8638.18779349327,6,0.076
8639.19456005096,6,0.0758
8640.20931577682,6,0.0803
8641.21604251862,6,0.076
8642.21676850319,6,0.0803
8643.22864532471,6,0.076
8644.24042367935,6,0.076
8645.24653506279,6,0.0769
8646.25760364532,6,0.0769
8647.26420450211,6,0.0811
8648.2705283165,6,0.0811
8649.27736902237,6,0.0811
8650.28913736343,6,0.0811
8652.29680633545,6,0.0811
8653.30882430077,6,0.0767
8654.31556177139,6,0.0769
8655.32231140137,6,0.0767
8656.32901263237,6,0.0767
8657.33566308022,6,0.0767
8658.34261798859,6,0.0767
8659.35449147224,6,0.0767
8660.36116337776,6,0.0767
8661.36786031723,6,0.0767
8662.37456250191,6,0.0769
8663.38138484955,6,0.0775
8664.38818216324,6,0.0777
8665.39465498924,6,0.0777
8666.40134882927,6,0.082
8667.40254759789,6,0.082
8668.40935468674,6,0.082
8669.42117714882,6,0.082
8670.43301439285,6,0.082
8672.4409828186,6,0.082
8673.44769859314,6,0.082
8674.45457363129,6,0.082
8675.46131134033,6,0.082
8676.46799445152,6,0.0836
8677.47466611862,6,0.0777
8678.48999857903,6,0.082
8679.49667143822,6,0.0777
8680.50845694542,6,0.082
8681.52015399933,6,0.082
8682.53186106682,6,0.082
8683.53856158257,6,0.0777
8684.54526281357,6,0.0777
8685.5465593338,6,0.0786
8686.55325078964,6,0.0786
8687.55452847481,6,0.0828
8688.56099152565,6,0.0828
8689.56765198708,6,0.0828
8690.5744972229,6,0.0828
8692.58229970932,6,0.0828
8693.59401488304,6,0.0828
8694.59554290771,6,0.0828
8695.59707212448,6,0.0828
8696.61276340485,6,0.087
8697.62457680702,6,0.087
8698.63633084297,6,0.0828
8699.64727830887,6,0.087
8700.64877891541,6,0.087
8701.66050887108,6,0.0828
8702.67232513428,6,0.0828
8703.68416237831,6,0.087
8704.69048380852,6,0.087
8705.69709444046,6,0.0828
8706.70885467529,6,0.0828
8707.72373127937,6,0.0786
8708.73462152481,6,0.0794
8709.74138760567,6,0.0794
8710.74815797806,6,0.0794
8712.75550222397,6,0.0794
8713.76591277122,6,0.0836
8714.77220606804,6,0.0836
8715.78877258301,6,0.0794
8716.79462695122,6,0.0836
8717.82299876213,6,0.0836
8718.84472250938,6,0.0836
8719.86233854294,6,0.0794
8720.87035226822,6,0.0836
8721.88427305222,6,0.0794
8722.88781261444,6,0.0836
8723.88942575455,6,0.0794
8724.89041137695,6,0.0836
8725.89204621315,6,0.0836
8726.89362502098,6,0.0794
8727.89455461502,6,0.0836
8728.89600515366,6,0.0879
8729.90730381012,6,0.0879
8730.90970659256,6,0.0794
8732.91213059425,6,0.0794
8733.91447687149,6,0.0794
8734.91797542572,6,0.0794
8735.91857814789,6,0.0794
8736.92007398605,6,0.0794
8737.9211397171,6,0.0794
8738.92241716385,6,0.0794
8739.93641734123,6,0.0794
8740.93837666512,6,0.0794
8741.94102787971,6,0.0794
8742.95638990402,6,0.0794
8743.9765021801,6,0.0803
8744.97938871384,6,0.0803
8745.99295902252,6,0.0803
8747.0008084774,6,0.0803
8748.0039908886,6,0.0803
8749.02043676376,6,0.0803
8750.02208065987,6,0.0803
8752.02475762367,6,0.0803
8753.02650213242,6,0.0803
8754.02797317505,6,0.0803
8755.02968049049,6,0.0803
8756.03073334694,6,0.0803
8757.03235816956,6,0.0803
8758.03383588791,6,0.0803
8759.0344619751,6,0.0803
8760.03605985641,6,0.0803
8761.03748869896,6,0.0803
8762.03843975067,6,0.0803
8763.03997921944,6,0.0803
8764.04151916504,6,0.0803
8765.04246139526,6,0.0803
8766.04388904572,6,0.0803
8767.04543209076,6,0.0803
8768.05058217049,6,0.0803
8769.0573489666,6,0.0803
8771.05953121185,6,0.0811
8772.06099438667,6,0.0811
8773.06390142441,6,0.0803
8774.06578493118,6,0.0811
8775.06656098366,6,0.0811
8776.06809282303,6,0.0803
8777.06966924667,6,0.0811
8778.07074189186,6,0.0803
8779.07399988174,6,0.0811
8780.07456326485,6,0.0811
8781.07598042488,6,0.0811
8782.07773828506,6,0.0811
8783.07853770256,6,0.0811
8784.08003377914,6,0.0811
8785.08149123192,6,0.0811
8786.08253860474,6,0.0811
8787.08415675163,6,0.0811
8788.08557367325,6,0.0811
8789.09468221664,6,0.0811
8791.09797978401,6,0.0811
8792.09956717491,6,0.0811
8793.10620975494,6,0.0811
8794.10773587227,6,0.0811
8795.11431908607,6,0.0811
8796.12082862854,6,0.0811
8797.12222385406,6,0.0811
8798.13359355927,6,0.0811
8799.14744210243,6,0.0811
8800.15408396721,6,0.0811
8801.16070818901,6,0.0811
8802.16655254364,6,0.0811
8803.17327213287,6,0.0811
8804.18500232697,6,0.0811
8805.19177532196,6,0.0811
8806.19852185249,6,0.0811
8807.20537304878,6,0.0811
8808.21662592888,6,0.0811
8809.23052406311,6,0.0811
8811.24256110191,6,0.0811
8812.2533955574,6,0.0811
8813.26005768776,6,0.082
8814.27175545692,6,0.082
8815.28620457649,6,0.082
8816.2929058075,6,0.082
8817.29967951775,6,0.082
8818.301227808,6,0.082
8819.307949543,6,0.082
8820.30955219269,6,0.082
8821.31051826477,6,0.082
8822.31208300591,6,0.082
8823.31854772568,6,0.082
8824.33444809914,6,0.082
8825.34892702103,6,0.082
8826.35559868813,6,0.0836
8827.35719871521,6,0.082
8828.35853052139,6,0.0836
8829.36550021172,6,0.082
8831.37321949005,6,0.0836
8832.38807749748,6,0.082
8833.39973425865,6,0.082
8834.4151763916,6,0.082
8835.42650461197,6,0.0836
8836.43322348595,6,0.082
8837.44507956505,6,0.0836
8838.44655299187,6,0.082
8839.45344686508,6,0.0836
8840.45443892479,6,0.082
8841.4610888958,6,0.0836
8842.47291707993,6,0.082
8843.48670315742,6,0.0836
8844.49341416359,6,0.082
8845.50020384789,6,0.0836
8846.51453566551,6,0.0836
8847.51608800888,6,0.0904
8848.52260041237,6,0.0904
8849.53436851501,6,0.0904
8851.54230070114,6,0.0836
8852.54907441139,6,0.082
8853.55585813522,6,0.082
8854.5625140667,6,0.082
8855.57423758507,6,0.0836
8856.58602762222,6,0.0836
8857.592918396,6,0.082
8858.59977173805,6,0.082
8859.6065030098,6,0.0836
8860.61316633224,6,0.082
8861.61989927292,6,0.082
8862.62655210495,6,0.082
8863.63321757317,6,0.082
8864.63986754417,6,0.082
8865.65162968636,6,0.082
8866.65853834152,6,0.0828
8867.66534948349,6,0.0828
8868.67706537247,6,0.0828
8869.6836848259,6,0.0828
8871.69150590897,6,0.0828
8872.69824433327,6,0.0828
8873.70995974541,6,0.0828
8874.71664977074,6,0.0828
8875.72250747681,6,0.0828
8876.72922873497,6,0.0828
8877.7410492897,6,0.0828
8878.74776792526,6,0.0828
8879.75446081161,6,0.0828
8880.76085186005,6,0.0828
8881.77258491516,6,0.0828
8882.77852034569,6,0.0828
8883.78526473045,6,0.0828
8884.78652048111,6,0.087
8885.79326343536,6,0.087
8886.79995799065,6,0.087
8887.80661058426,6,0.087
8888.81332468987,6,0.087
8889.81452465057,6,0.087
8891.82230687141,6,0.087
8892.82885718346,6,0.087
8893.84803986549,6,0.087
8894.85459113121,6,0.087
8895.86148786545,6,0.087
8896.87763762474,6,0.087
8897.88441371918,6,0.087
8898.89060544968,6,0.087
8899.89215254784,6,0.087
8900.89852809906,6,0.087
8901.9103782177,6,0.087
8902.91707825661,6,0.087
8903.92378020287,6,0.087
8904.93048119545,6,0.087
8905.94228744507,6,0.087
8906.94900608063,6,0.0913
8907.95567917824,6,0.087
8908.96239042282,6,0.0913
8909.96915245056,6,0.0915
8911.97702074051,6,0.0915
8912.98372864723,6,0.0913
8913.99053430557,6,0.0913
8914.9922413826,6,0.0913
8916.00396776199,6,0.0913
8917.01054096222,6,0.0913
8918.01740717888,6,0.0913
8919.0241189003,6,0.0913
8920.03051590919,6,0.0913
8921.04482769966,6,0.0913
8922.06063961983,6,0.0913
8923.06654572487,6,0.0913
8924.07337856293,6,0.0913
8925.08006644249,6,0.0913
8926.08657050133,6,0.0913
8927.09331583977,6,0.087
8928.09996891022,6,0.087
8929.10655617714,6,0.087
8930.11316013336,6,0.087
8932.1261382103,6,0.087
8933.13283538818,6,0.087
8934.13965916634,6,0.087
8935.14651203156,6,0.087
8936.15324425697,6,0.087
8937.16857075691,6,0.087
8938.18382763863,6,0.087
8939.1985244751,6,0.087
8940.21035337448,6,0.087
8941.21707177162,6,0.087
8942.22375464439,6,0.087
8943.23053193092,6,0.087
8944.23726010323,6,0.087
8945.24397921562,6,0.0836
8946.25056886673,6,0.087
8947.2624065876,6,0.0828
8948.26915836334,6,0.0828
8949.27585053444,6,0.0828
8950.28766465187,6,0.0836
8952.29556846619,6,0.0828
8953.30241966248,6,0.0836
8954.31413578987,6,0.0828
8955.32585787773,6,0.0836
8956.33772277832,6,0.0828
8957.34445214272,6,0.0836
8958.35961580276,6,0.0836
8959.36637663841,6,0.0828
8960.37314915657,6,0.0836
8961.37452197075,6,0.0794
8962.38120698929,6,0.0836
8963.38254261017,6,0.0794
8964.38900518417,6,0.0836
8965.39568758011,6,0.0794
8966.40253210068,6,0.0879
8967.40924954414,6,0.0879
8968.41051459312,6,0.0879
8969.41749835014,6,0.0879
8970.41859221458,6,0.0879
8972.42130279541,6,0.0879
8973.42806506157,6,0.0879
8974.43982219696,6,0.0879
8975.45150852203,6,0.0879
8976.46161818504,6,0.0879
8977.47328019142,6,0.0879
8978.48406744003,6,0.0879
8979.49914669991,6,0.0879
8980.50591993332,6,0.0879
8981.51497459412,6,0.0879
8982.53580403328,6,0.0879
8983.53966665268,6,0.0879
8984.55890750885,6,0.0879
8985.56559062004,6,0.0879
8986.59405684471,6,0.0879
8987.59633111954,6,0.0879
8988.59862995148,6,0.0879
8989.60021829605,6,0.0879
8991.60278582573,6,0.0879
8992.60573744774,6,0.0879
8993.60705256462,6,0.0879
8994.60850715637,6,0.0879
8995.60988640785,6,0.0879
8996.62394618988,6,0.0879
8997.62777328491,6,0.0879
8998.63013887405,6,0.0879
8999.63194441795,6,0.0879
9000.64364147186,6,0.0879
9001.66318392754,6,0.0879
9002.66876983643,6,0.0879
9003.68992900848,6,0.0921
9004.69634914398,6,0.0879
9005.7065103054,6,0.0921
9006.70774936676,6,0.0879
9007.71394610405,6,0.0921
9008.71528911591,6,0.0921
9010.71773004532,6,0.0921
9011.71845126152,6,0.0921
9012.72044634819,6,0.0921
9013.72184705734,6,0.0921
9014.7225663662,6,0.0921
9015.72423386574,6,0.0921
9016.72580862045,6,0.0879
9017.7265458107,6,0.0921
9018.7283411026,6,0.0921
9019.73028230667,6,0.0921
9020.73166322708,6,0.0921
9021.73341035843,6,0.0921
9022.73463058472,6,0.0921
9023.73606944084,6,0.0879
9024.73762583733,6,0.0921
9025.74329257011,6,0.0879
9026.74535059929,6,0.0879
9028.7502515316,6,0.0879
9029.75203680992,6,0.0879
9030.75331878662,6,0.0836
9031.75449347496,6,0.0879
9032.75600075722,6,0.0836
9033.75738573074,6,0.0836
9034.75862073898,6,0.0803
9035.77040052414,6,0.0803
9036.77413272858,6,0.0803
9037.77812147141,6,0.0836
9038.78822469711,6,0.0879
9039.79442548752,6,0.0836
9040.8041446209,6,0.0803
9041.8135445118,6,0.0803
9042.82651329041,6,0.0803
9043.83315825462,6,0.0836
9044.83981895447,6,0.0836
9045.841370821,6,0.0803
9046.84744858742,6,0.0836
9048.85455918312,6,0.0803
9049.86944174767,6,0.0836
9050.87609481812,6,0.0803
9051.88254618645,6,0.0803
9052.88923144341,6,0.0803
9053.89079666138,6,0.0803
9054.89763116837,6,0.0803
9055.90431213379,6,0.0836
9056.91096186638,6,0.0803
9057.91777276993,6,0.0803
9058.92451620102,6,0.0803
9059.93052601814,6,0.0803
9060.93728899956,6,0.0803
9061.93855643272,6,0.0887
9062.94532489777,6,0.0887
9063.95209741592,6,0.0887
9064.95854258537,6,0.0887
9065.96528100967,6,0.0887
9066.96662569046,6,0.0887
9068.97962594032,6,0.0887
9069.98640179634,6,0.0887
9070.99314689636,6,0.0887
9072.00483584404,6,0.0887
9073.01661777496,6,0.0887
9074.02841114998,6,0.0887
9075.03452467918,6,0.0887
9076.04117941856,6,0.0887
9077.04254698753,6,0.0887
9078.04925513268,6,0.0887
9079.05051875114,6,0.0887
9080.05725598335,6,0.0887
9081.06395745277,6,0.0887
9082.07568311691,6,0.0887
9083.08256840706,6,0.0887
9084.08409667015,6,0.0887
9085.09061145782,6,0.0887
9086.09732866287,6,0.0887
9087.09855461121,6,0.0887
9089.10635018349,6,0.0887
9090.11315250397,6,0.0887
9091.11997818947,6,0.0887
9092.12148571014,6,0.0887
9093.12831807137,6,0.0887
9094.1452627182,6,0.0887
9095.15199828148,6,0.0887
9096.15860748291,6,0.0887
9097.16537761688,6,0.0887
9098.17204666138,6,0.0887
9099.17360496521,6,0.0887
9100.18022584915,6,0.0887
9101.18645739555,6,0.0887
9102.19302082062,6,0.0887
9103.19967842102,6,0.0887
9104.21568965912,6,0.0887
9105.2301774025,6,0.0803
9106.24153661728,6,0.0887
9107.25325036049,6,0.0811
9109.27055692673,6,0.0887
9110.28233957291,6,0.0887
9111.29422831535,6,0.0811
9112.30100917816,6,0.0811
9113.31291890144,6,0.0811
9114.31966042519,6,0.0811
9115.32659125328,6,0.0811
9116.33334612846,6,0.0811
9117.345038414,6,0.0811
9118.35989093781,6,0.0811
9119.36649823189,6,0.0811
9120.37827205658,6,0.0887
9121.38510084152,6,0.0811
9122.39185762405,6,0.0811
9123.39870524406,6,0.0811
9124.41458487511,6,0.0811
9125.42143583298,6,0.0811
9126.43319272995,6,0.0811
9127.43971276283,6,0.0811
9129.45163106918,6,0.0811
9130.45833587646,6,0.0811
9131.46495437622,6,0.0811
9132.47692751884,6,0.0811
9133.48314261436,6,0.0811
9134.4898481369,6,0.0811
9135.49655532837,6,0.0811
9136.51249480247,6,0.0811
9137.52420902252,6,0.0811
9138.5305211544,6,0.0811
9139.54235959053,6,0.0811
9140.54833316803,6,0.0811
9141.55453228951,6,0.0811
9142.56125712395,6,0.0811
9143.57300257683,6,0.0811
9144.57981681824,6,0.0811
9145.58655500412,6,0.0811
9146.59337282181,6,0.0811
9147.59928369522,6,0.0896
9149.61150884628,6,0.0896
9150.6225206852,6,0.0896
9151.62935042381,6,0.0896
9152.64114928246,6,0.0896
9153.64805102348,6,0.0896
9154.64971923828,6,0.0896
9155.65650010109,6,0.0896
9156.67056369781,6,0.0896
9157.67740154266,6,0.0896
9158.68417882919,6,0.0896
9159.69600105286,6,0.0896
9160.70776796341,6,0.0896
9161.71449947357,6,0.0896
9162.721180439,6,0.0896
9163.72805142403,6,0.0896
9164.73449230194,6,0.0896
9165.74620747566,6,0.0896
9166.75795531273,6,0.0896
9167.77454924583,6,0.0896
9169.78209352493,6,0.0896
9170.79393172264,6,0.0896
9171.80571627617,6,0.0896
9172.81744337082,6,0.0896
9173.83255028725,6,0.0896
9174.8467707634,6,0.0896
9175.85852861404,6,0.0896
9176.86549067497,6,0.0896
9177.87725400925,6,0.0896
9178.88412213326,6,0.0896
9179.89054918289,6,0.0896
9180.89729166031,6,0.0896
9181.92501497269,6,0.0896
9182.94392085075,6,0.0896
9183.95071578026,6,0.0896
9184.95598649979,6,0.0896
9185.96945858002,6,0.0896
9186.97770142555,6,0.0896
9187.9786221981,6,0.0896
9189.99419879913,6,0.0896
9190.99627876282,6,0.0896
9191.9981276989,6,0.0896
9192.99979376793,6,0.0896
9194.01135492325,6,0.0896
9195.01274490356,6,0.0896
9196.01443552971,6,0.0896
9197.01601099968,6,0.0896
9198.01746058464,6,0.0896
9199.01855802536,6,0.0896
9200.02174520493,6,0.0896
9201.02253484726,6,0.0896
9202.02597618103,6,0.0896
9203.02645754814,6,0.0896
9204.02798509598,6,0.0896
9205.02980899811,6,0.0896
9206.03081417084,6,0.0896
9207.03277087212,6,0.0896
9208.03446650505,6,0.082
9210.03728723526,6,0.082
9211.03841233253,6,0.082
9212.04035711288,6,0.082
9213.04176568985,6,0.082
9214.04257583618,6,0.082
9215.04422926903,6,0.082
9216.04561901093,6,0.082
9217.04639005661,6,0.082
9218.04792761803,6,0.082
9219.04933047295,6,0.082
9220.05055475235,6,0.082
9221.05250692368,6,0.082
9222.0541176796,6,0.082
9223.05652403831,6,0.082
9224.05800032616,6,0.082
9225.05999779701,6,0.082
9226.06188154221,6,0.082
9227.06288838387,6,0.082
9229.06685686111,6,0.0836
9230.07099938393,6,0.0836
9231.07362866402,6,0.082
9232.07518362999,6,0.082
9233.0768289566,6,0.082
9234.07825231552,6,0.082
9235.08470892906,6,0.0836
9236.09423089027,6,0.082
9237.10073065758,6,0.0836
9238.10655522346,6,0.082
9239.1133491993,6,0.0836
9240.12008237839,6,0.082
9241.12658715248,6,0.082
9242.13326048851,6,0.0836
9243.13983082771,6,0.0836
9244.14136910439,6,0.082
9245.14805555344,6,0.0836
9246.15983891487,6,0.082
9248.17560768127,6,0.0836
9249.18651795387,6,0.0836
9250.19328761101,6,0.082
9251.20003938675,6,0.082
9252.21175289154,6,0.0836
9253.21331119537,6,0.082
9254.22000527382,6,0.0836
9255.22656583786,6,0.082
9256.23330974579,6,0.0836
9257.23454427719,6,0.082
9258.23617196083,6,0.082
9259.2425673008,6,0.082
9260.25441622734,6,0.082
9261.25599718094,6,0.0836
9262.25760412216,6,0.082
9263.26426076889,6,0.0904
9264.27611780167,6,0.0904
9265.28784036636,6,0.0904
9266.28942894936,6,0.0904
9268.29724860191,6,0.0904
9269.29861831665,6,0.0904
9270.30547904968,6,0.0904
9271.31226062775,6,0.0904
9272.31857705116,6,0.0904
9273.33042168617,6,0.0904
9274.34213471413,6,0.0904
9275.34895682335,6,0.0904
9276.35559034348,6,0.0904
9277.36225914955,6,0.0904
9278.36382102966,6,0.0904
9279.37057304382,6,0.0904
9280.37735676765,6,0.0904
9281.38408303261,6,0.0904
9282.39055752754,6,0.0904
9283.3973736763,6,0.0904
9284.40918278694,6,0.0904
9285.42091059685,6,0.0904
9286.42760634422,6,0.0904
9288.43454170227,6,0.0904
9289.44129514694,6,0.0904
9290.44791483879,6,0.0904
9291.45455026627,6,0.0904
9292.46633195877,6,0.0904
9293.47308206558,6,0.0904
9294.47883462906,6,0.0904
9295.48558306694,6,0.0904
9296.49227547646,6,0.0904
9297.49382543564,6,0.0904
9298.5005569458,6,0.0904
9299.51232719421,6,0.0904
9300.52405929565,6,0.0904
9301.53059720993,6,0.0904
9302.53727054596,6,0.0904
9303.53850698471,6,0.0904
9304.5451977253,6,0.0904
9305.55696201324,6,0.0904
9306.56371760368,6,0.0904
9308.57973051071,6,0.0904
9309.59157657623,6,0.0904
9310.59836959839,6,0.0904
9311.60514712334,6,0.0904
9312.61681699753,6,0.0904
9313.62354230881,6,0.0904
9314.63028407097,6,0.0949
9315.6420545578,6,0.0949
9316.65399885178,6,0.0949
9317.6657679081,6,0.0949
9318.67240858078,6,0.0949
9319.68408846855,6,0.0949
9320.69051361084,6,0.0949
9321.69723415375,6,0.0949
9322.70291566849,6,0.0949
9323.71857190132,6,0.0949
9324.72009897232,6,0.0904
9325.73457312584,6,0.0904
9326.73576259613,6,0.0947
9328.74359488487,6,0.0949
9329.75038409233,6,0.0904
9330.75705957413,6,0.0949
9331.75842046738,6,0.0904
9332.76928210258,6,0.0947
9333.7810883522,6,0.0949
9334.78775382042,6,0.0904
9335.7946460247,6,0.0947
9336.80653476715,6,0.0949
9337.81329917908,6,0.0904
9338.82515859604,6,0.0949
9339.8408882618,6,0.0904
9340.84760022163,6,0.0904
9341.85855865479,6,0.0904
9342.86536836624,6,0.0904
9343.88782596588,6,0.0904
9344.91063404083,6,0.0904
9345.91653084755,6,0.0904
9346.93276619911,6,0.0904
9348.94028902054,6,0.0904
9349.95435523987,6,0.0904
9350.95622587204,6,0.0904
9351.96959757805,6,0.0904
9352.97167491913,6,0.0828
9353.97552752495,6,0.0904
9354.97886753082,6,0.0836
9355.98047208786,6,0.0904
9356.98189640045,6,0.0904
9357.98352122307,6,0.0904
9358.98493552208,6,0.0904
9359.98640561104,6,0.0904
9360.98719191551,6,0.0904
9361.98869585991,6,0.0836
9362.99023866653,6,0.0904
9363.99181222916,6,0.0836
9364.9938519001,6,0.0836
9365.99450135231,6,0.0836
9366.99665427208,6,0.0828
9368.99842429161,6,0.087
9369.99994325638,6,0.087
9371.00248003006,6,0.087
9372.00400543213,6,0.087
9373.00551629066,6,0.0836
9374.00727367401,6,0.087
9375.00915622711,6,0.087
9376.01124978065,6,0.0904
9377.01289010048,6,0.087
9378.0144701004,6,0.087
9379.01702094078,6,0.0828
9380.01915192604,6,0.087
9381.02338981628,6,0.087
9382.02529287338,6,0.087
9383.02762532234,6,0.087
9384.02909755707,6,0.087
9385.03840994835,6,0.087
9386.04909777641,6,0.087
9388.0608856678,6,0.087
9389.06252288818,6,0.087
9390.06930494308,6,0.087
9391.07052445412,6,0.087
9392.07726407051,6,0.087
9393.09351611137,6,0.087
9394.1091234684,6,0.087
9395.12367343903,6,0.087
9396.13951253891,6,0.087
9397.14629459381,6,0.087
9398.15807127953,6,0.087
9399.16978049278,6,0.087
9400.18152475357,6,0.087
9401.19335341454,6,0.087
9402.20507907867,6,0.087
9403.21178746223,6,0.087
9404.22633290291,6,0.087
9405.23316144943,6,0.087
9406.23988938332,6,0.087
9408.24764609337,6,0.087
9409.25444769859,6,0.087
9410.26624822617,6,0.087
9411.2730281353,6,0.087
9412.2797832489,6,0.087
9413.28655004501,6,0.087
9414.29350328445,6,0.087
9415.30021548271,6,0.087
9416.31576704979,6,0.087
9417.32260537148,6,0.0913
9418.32928919792,6,0.0913
9419.33084821701,6,0.0913
9420.33751893044,6,0.0913
9421.35308837891,6,0.0913
9422.36481237411,6,0.0913
9423.36642289162,6,0.0913
9424.36799502373,6,0.0913
9425.36956453323,6,0.0913
9426.37056446075,6,0.0913
9428.37766337395,6,0.0913
9429.38454532623,6,0.0913
9430.39051437378,6,0.0913
9431.39724898338,6,0.0913
9432.40410518646,6,0.0913
9433.41058254242,6,0.0915
9434.41725301743,6,0.0913
9435.42405724525,6,0.0913
9436.43075966835,6,0.0913
9437.43745970726,6,0.0913
9438.44423437119,6,0.0915
9439.45054388046,6,0.0913
9440.45737814903,6,0.0915
9441.46420359612,6,0.0913
9442.47054004669,6,0.0915
9443.4720916748,6,0.0915
9444.4736764431,6,0.0913
9445.47462201118,6,0.0913
9446.47626543045,6,0.0913
9448.48914718628,6,0.0913
9449.49608373642,6,0.0913
9450.5078420639,6,0.0913
9451.51963734627,6,0.0913
9452.535790205,6,0.0913
9453.5426363945,6,0.0913
9454.54932355881,6,0.0913
9455.5560324192,6,0.0913
9456.56772017479,6,0.0913
9457.57443618774,6,0.0913
9458.57606101036,6,0.0913
9459.59064435959,6,0.0913
9460.59741544724,6,0.0913
9461.60920071602,6,0.0913
9462.62110280991,6,0.0913
9463.62790226936,6,0.0913
9464.63967084885,6,0.0913
9465.64646434784,6,0.0913
9466.65321564674,6,0.0913
9468.66126799583,6,0.0913
9469.67306995392,6,0.0913
9470.67975687981,6,0.0913
9471.68654823303,6,0.0913
9472.69346284866,6,0.0913
9473.70017766953,6,0.0913
9474.71191191673,6,0.0913
9475.71867012978,6,0.0913
9476.7255487442,6,0.0913
9477.74209928513,6,0.0913
9478.75413346291,6,0.0913
9479.76121902466,6,0.0913
9480.80241537094,6,0.0913
9481.81399297714,6,0.0915
9482.83230066299,6,0.0913
9483.83847856522,6,0.0915
9484.8562810421,6,0.0913
9485.85784125328,6,0.0913
9486.8585665226,6,0.0913
9488.86118507385,6,0.0913
9489.86242485046,6,0.0915
9490.86315584183,6,0.0913
9491.86472249031,6,0.0913
9492.86646080017,6,0.0913
9493.86826324463,6,0.0913
9494.86978912354,6,0.0913
9495.87077307701,6,0.0913
9496.87235236168,6,0.0913
9497.87391257286,6,0.0913
9498.87508130074,6,0.0913
9499.88370466232,6,0.0913
9500.88628554344,6,0.0913
9501.88839793205,6,0.0913
9502.89024806023,6,0.0913
9503.89190125465,6,0.0913
9504.89353275299,6,0.0913
9506.89550042152,6,0.0913
9507.89693307877,6,0.0913
9508.89841127396,6,0.0915
9509.90491247177,6,0.0913
9510.9064218998,6,0.0913
9511.90807580948,6,0.0915
9512.90979766846,6,0.0915
9513.91043615341,6,0.0913
9514.91207766533,6,0.0913
9515.914280653,6,0.0913
9516.91582846642,6,0.0913
9517.91734075546,6,0.0913
9518.9184718132,6,0.0915
9519.92325973511,6,0.0913
9520.92502808571,6,0.0913
9521.92891812325,6,0.0913
9522.93290090561,6,0.0957
9523.94238877296,6,0.0913
9525.95560789108,6,0.0956
9526.9572095871,6,0.0913
9527.96380162239,6,0.0913
9528.96528768539,6,0.0913
9529.97197127342,6,0.0913
9530.97853517532,6,0.0957
9531.98536634445,6,0.0913
9532.99214529991,6,0.0913
9534.00385427475,6,0.0957
9535.01059341431,6,0.0957
9536.02239441872,6,0.0913
9537.02396011353,6,0.0913
9538.03052473068,6,0.0913
9539.03722882271,6,0.0957
9540.03856992722,6,0.0957
9541.04035377502,6,0.0913
9542.0465593338,6,0.0913
9543.05324530602,6,0.0913
9544.05453848839,6,0.0957
9546.06204485893,6,0.0913
9547.06884407997,6,0.0957
9548.08057427406,6,0.0913
9549.08653616905,6,0.0957
9550.09339046478,6,0.0913
9551.10008144379,6,0.0913
9552.10688495636,6,0.0957
9553.11860203743,6,0.0957
9554.1252925396,6,0.0956
9555.13200330734,6,0.0957
9556.13858604431,6,0.0956
9557.15035009384,6,0.0913
9558.16543865204,6,0.0956
9559.17719960213,6,0.0957
9560.18901824951,6,0.0957
9561.2007958889,6,0.0957
9562.21252322197,6,0.0957
9563.21857190132,6,0.0913
9564.22537946701,6,0.0957
9566.23332023621,6,0.0956
9567.24867033958,6,0.0913
9568.2546107769,6,0.0956
9569.26646232605,6,0.0957
9570.27318525314,6,0.0957
9571.27453756332,6,0.0957
9572.27607560158,6,0.0956
9573.30676436424,6,0.0957
9574.32736539841,6,0.0956
9575.33122038841,6,0.0957
9576.34993863106,6,0.0957
9577.3565351963,6,0.0956
9578.37254524231,6,0.0956
9579.37425065041,6,0.0956
9580.37624812126,6,0.0956
9581.37832283974,6,0.0957
9582.37994074821,6,0.0957
9583.38147306442,6,0.0957
9584.38255572319,6,0.0956
9586.38632321358,6,0.0957
9587.38786220551,6,0.0957
9588.38934731483,6,0.0956
9589.39090275764,6,0.0956
9590.39232826233,6,0.0956
9591.39369988441,6,0.0957
9592.39447641373,6,0.0913
9593.39661622047,6,0.0956
9594.3982026577,6,0.0957
9595.39989805222,6,0.0957
9596.40153646469,6,0.0957
9597.40258598328,6,0.0957
9598.40816020966,6,0.0957
9599.41217327118,6,0.0957
9600.41363167763,6,0.0957
9601.41467666626,6,0.0956
9602.41660809517,6,0.0957
9603.41814804077,6,0.0957
9605.42081093788,6,0.0957
9606.42230343819,6,0.0957
9607.42399740219,6,0.0956
9608.43376064301,6,0.0956
9609.43452239037,6,0.0957
9610.43757390976,6,0.0957
9611.43846726418,6,0.0957
9612.44033288956,6,0.0957
9613.44280314445,6,0.0957
9614.44477081299,6,0.0957
9615.44850087166,6,0.0957
9616.45039439201,6,0.0957
9617.45346522331,6,0.0956
9618.45995259285,6,0.0957
9619.46643280983,6,0.0957
9620.47721672058,6,0.0957
9621.48906326294,6,0.0957
9622.49573731422,6,0.0913
9624.50806331635,6,0.0957
9625.51976633072,6,0.0915
9626.52599740028,6,0.0956
9627.53272342682,6,0.0956
9628.53434467316,6,0.0915
9629.55053496361,6,0.0913
9630.55646705627,6,0.0915
9631.56252574921,6,0.0957
9632.56906676292,6,0.0957
9633.58078050613,6,0.0956
9634.59250664711,6,0.0957
9635.60421872139,6,0.0957
9636.61054348946,6,0.0913
9637.61724233627,6,0.0957
9638.62323451042,6,0.0956
9639.63820362091,6,0.0913
9640.65286922455,6,0.0957
9641.66463017464,6,0.0913
9642.68122506142,6,0.0913
9644.69422316551,6,0.0957
9645.70091533661,6,0.0956
9646.70776319504,6,0.0913
9647.71854043007,6,0.0913
9648.72528123856,6,0.0956
9649.73193359375,6,0.0957
9650.73860955238,6,0.0913
9651.75050067902,6,0.0913
9652.75728487968,6,0.0913
9653.77386283875,6,0.0913
9654.78047585487,6,0.0956
9655.78655910492,6,0.0913
9656.79329252243,6,0.0957
9657.79992771149,6,0.0913
9658.81180405617,6,0.0913
9659.81858301163,6,0.0957
9660.825091362,6,0.0956
9661.83176279068,6,0.0913
9662.83882021904,6,0.0913
9664.84653091431,6,0.0913
9665.8584189415,6,0.0913
9666.86522221565,6,0.0913
9667.87216520309,6,0.0913
9668.88397574425,6,0.0913
9669.89052391052,6,0.0915
9670.90224790573,6,0.0913
9671.90902233124,6,0.0913
9672.91579842567,6,0.0913
9673.92254948616,6,0.0913
9674.92916297913,6,0.0913
9675.93559503555,6,0.0913
9676.94203138351,6,0.0913