time,voltage,height
60.756706237793,3.5,0.0396
61.7756788730621,3.5,0.0398
62.791116476059,3.5,0.0396
63.8076710700989,3.5,0.0396
64.8238799571991,3.5,0.0398
65.8426089286804,3.5,0.044
66.8609433174133,3.5,0.044
67.8632371425629,3.5,0.0449
68.8653938770294,3.5,0.0457
69.8876941204071,3.5,0.0379
70.9060070514679,3.5,0.043
71.9255313873291,3.5,0.0398
72.9473249912262,3.5,0.0396
73.9575850963593,3.5,0.0449
74.9750587940216,3.5,0.0449
76.9901757240295,3.5,0.0362
78.0043525695801,3.5,0.0398
79.0183885097504,3.5,0.0398
80.0249314308167,3.5,0.0398
81.0661957263947,3.5,0.0396
82.0795588493347,3.5,0.0396
83.0882608890533,3.5,0.0398
84.0916640758514,3.5,0.0396
85.0943260192871,3.5,0.0396
86.0975778102875,3.5,0.0398
87.0996558666229,3.5,0.0396
88.1011500358582,3.5,0.0398
89.1025233268738,3.5,0.0483
90.1202757358551,3.5,0.0483
91.1336123943329,3.5,0.044
92.1473035812378,3.5,0.044
93.1490848064423,3.5,0.044
94.1520383358002,3.5,0.044
95.1536469459534,3.5,0.0398
97.1642622947693,3.5,0.0396
98.17036652565,3.5,0.0398
99.1830248832703,3.5,0.0396
100.19468331337,3.5,0.0396
101.205353021622,3.5,0.0396
102.218934059143,3.5,0.0396
103.233906269073,3.5,0.0396
104.249011278152,3.5,0.0398
105.263026475906,3.5,0.0396
106.284783363342,3.5,0.0396
107.300673007965,3.5,0.0398
108.317584991455,3.5,0.0398
109.321704149246,3.5,0.0396
110.338819980621,3.5,0.0388
111.35826921463,3.5,0.0396
112.377295255661,3.5,0.0388
113.392876625061,3.5,0.0388
114.413529157639,3.5,0.0388
116.430086135864,3.5,0.0388
117.453543663025,3.5,0.0396
118.478972434998,3.5,0.0396
119.499915599823,3.5,0.0396
120.516344070435,3.5,0.0398
121.536000013351,3.5,0.0396
122.548936605453,3.5,0.0388
123.56640625,3.5,0.0388
124.583411693573,3.5,0.0398
125.604738950729,3.5,0.0396
126.627740621567,3.5,0.0398
127.649524211884,3.5,0.0388
128.668538093567,3.5,0.0389
129.685779094696,3.5,0.0388
130.699107885361,3.5,0.0388
131.708495378494,3.5,0.0388
132.732352495193,3.5,0.0388
133.74583363533,3.5,0.0389
134.766534805298,3.5,0.0389
136.78688287735,3.5,0.0388
137.789195299149,3.5,0.0388
138.809637308121,3.5,0.0388
139.830945968628,3.5,0.0388
140.847743749619,3.5,0.0388
141.867496728897,3.5,0.0389
142.873775959015,3.5,0.0398
143.890824556351,3.5,0.0388
144.912946224213,3.5,0.0396
145.920493602753,3.5,0.0388
146.922791481018,3.5,0.0396
147.9398458004,3.5,0.0388
148.945430994034,3.5,0.0388
149.954360485077,3.5,0.0388
150.96786904335,3.5,0.0388
151.988282442093,3.5,0.0388
153.010536193848,3.5,0.0388
154.024820327759,3.5,0.0388
155.042891263962,3.5,0.0388
157.051745414734,3.5,0.0388
158.064886808395,3.5,0.0388
159.080969810486,3.5,0.0388
160.100136756897,3.5,0.0388
161.119015693665,3.5,0.0388
162.12593793869,3.5,0.0388
163.134807348251,3.5,0.0389
164.138865709305,3.5,0.0388
165.141309976578,3.5,0.0388
166.153915166855,3.5,0.0388
167.157769680023,3.5,0.0389
168.160443067551,3.5,0.0388
169.161515951157,3.5,0.0388
170.163795232773,3.5,0.0388
171.164430141449,3.5,0.0388
172.165058851242,3.5,0.0388
173.16606092453,3.5,0.0388
174.169033527374,3.5,0.0388
175.170665740967,3.5,0.0388
177.182316541672,3.5,0.0388
178.191188812256,3.5,0.0388
179.193551778793,3.5,0.0388
180.196235179901,3.5,0.0388
181.198409557343,3.5,0.0388
182.207990646362,3.5,0.0389
183.210021734238,3.5,0.0388
184.214597225189,3.5,0.0388
185.217018604279,3.5,0.0388
186.218057870865,3.5,0.0388
187.219503879547,3.5,0.0388
188.220839738846,3.5,0.0388
189.222273826599,3.5,0.0388
190.223802566528,3.5,0.0388
191.226623058319,3.5,0.0388
192.228434562683,3.5,0.0388
193.23049902916,3.5,0.0388
194.231018781662,3.5,0.0388
195.243200778961,7.5,0.0388
197.252990007401,7.5,0.0388
198.262051105499,7.5,0.0398
199.266377925873,7.5,0.0398
200.275447130203,7.5,0.0396
201.289880752563,7.5,0.044
202.312397241592,7.5,0.044
203.326319932938,7.5,0.044
204.347214460373,7.5,0.044
205.373217344284,7.5,0.044
206.393633365631,7.5,0.044
207.409734010696,7.5,0.044
208.428689956665,7.5,0.0449
209.442381858826,7.5,0.0457
210.45681476593,7.5,0.0457
211.477610826492,7.5,0.0466
212.495702028275,7.5,0.0474
213.517123699188,7.5,0.0483
214.534279108047,7.5,0.0534
215.557566642761,7.5,0.0544
217.573112010956,7.5,0.0508
218.586915016174,7.5,0.0551
219.607292413712,7.5,0.0508
220.623719453812,7.5,0.0508
221.641182899475,7.5,0.0508
222.65833735466,7.5,0.0508
223.672831773758,7.5,0.0468
224.675063610077,7.5,0.0468
225.694284200668,7.5,0.0466
226.709837436676,7.5,0.0468
227.727967977524,7.5,0.0517
228.743268251419,7.5,0.0483
229.759240627289,7.5,0.0525
230.761965990067,7.5,0.0576
231.777756929398,7.5,0.0587
232.796900749207,7.5,0.0551
233.809656858444,7.5,0.0551
234.827558517456,7.5,0.0604
235.844289302826,7.5,0.0568
237.861170530319,7.5,0.0534
238.876185894012,7.5,0.0621
239.891979217529,7.5,0.0621
240.908401012421,7.5,0.0621
241.936908960342,7.5,0.0621
242.954030036926,7.5,0.0621
243.970233678818,7.5,0.0621
244.994481801987,7.5,0.0621
246.010427474976,7.5,0.0621
247.032864332199,7.5,0.0621
248.050733566284,7.5,0.0621
249.064447641373,7.5,0.0629
250.076175689697,7.5,0.0551
251.098297119141,7.5,0.0593
252.114959716797,7.5,0.0646
253.125912904739,7.5,0.0568
254.140856981277,7.5,0.0655
255.170537471771,7.5,0.0663
256.185178756714,7.5,0.0587
258.18982052803,7.5,0.0672
259.194077014923,7.5,0.0629
260.202457666397,7.5,0.0595
261.204267978668,7.5,0.0593
262.209279060364,7.5,0.0593
263.212691545486,7.5,0.0638
264.214141130447,7.5,0.0638
265.216253042221,7.5,0.0638
266.217764139175,7.5,0.0638
267.219170331955,7.5,0.0638
268.241693019867,7.5,0.068
269.243699073792,7.5,0.0646
270.254708051682,7.5,0.0689
271.256337404251,7.5,0.0655
272.259110689163,7.5,0.0697
273.260540485382,7.5,0.0663
274.261882781982,7.5,0.0663
275.263235092163,7.5,0.0714
277.272845745087,7.5,0.0672
278.286167860031,7.5,0.068
279.293325185776,7.5,0.068
280.303454637527,7.5,0.0724
281.312561035156,7.5,0.0724
282.332355737686,7.5,0.0724
283.34370136261,7.5,0.0723
284.357172727585,7.5,0.0724
285.370643138885,7.5,0.0724
286.387621879578,7.5,0.0723
287.400200605392,7.5,0.0723
288.416666269302,7.5,0.068
289.433576107025,7.5,0.0731
290.452674150467,7.5,0.0689
291.464507341385,7.5,0.0741
292.474120855331,7.5,0.0663
293.498007535934,7.5,0.075
294.52216553688,7.5,0.0706
295.537915229797,7.5,0.0758
297.557217359543,7.5,0.0716
298.573777675629,7.5,0.0724
299.590510368347,7.5,0.0724
300.602814674377,7.5,0.0767
301.619246959686,7.5,0.0767
302.635409593582,7.5,0.0767
303.65402340889,7.5,0.0767
304.670189857483,7.5,0.0767
305.672637462616,7.5,0.0767
306.694548368454,7.5,0.0767
307.695585012436,7.5,0.0767
308.716096639633,7.5,0.0724
309.737084627151,7.5,0.0775
310.759679794312,7.5,0.0731
311.77784371376,7.5,0.0784
312.79792547226,7.5,0.0784
313.823564529419,7.5,0.0792
314.843987703323,7.5,0.0792
315.866201877594,7.5,0.0758
317.885294437408,7.5,0.0801
318.895351171494,7.5,0.0758
319.912346124649,7.5,0.0758
320.93647146225,7.5,0.0758
321.940190553665,7.5,0.0758
322.959315776825,7.5,0.0758
323.976655244827,7.5,0.0758
324.990922927856,7.5,0.0758
326.006805896759,7.5,0.0767
327.028560638428,7.5,0.0767
328.047309875488,7.5,0.0767
329.051834106445,7.5,0.0809
330.068453550339,7.5,0.0767
331.084961175919,7.5,0.0818
332.101061820984,7.5,0.0775
333.122989177704,7.5,0.0784
334.140319108963,7.5,0.0826
335.145673274994,7.5,0.0792
336.162779808044,7.5,0.0835
338.206743955612,7.5,0.0792
339.211167573929,7.5,0.0801
340.214678049088,7.5,0.0801
341.223821163177,7.5,0.0801
342.230488777161,7.5,0.0801
343.23363494873,7.5,0.0801
344.236200094223,7.5,0.0801
345.23748421669,7.5,0.0801
346.23992395401,7.5,0.0801
347.241522312164,7.5,0.0801
348.243438959122,7.5,0.0801
349.244873762131,7.5,0.0801
350.24751496315,7.5,0.0809
351.248380422592,7.5,0.0809
352.249767541885,7.5,0.0809
353.280818223953,7.5,0.0818
354.285751581192,7.5,0.0835
355.297176361084,7.5,0.0818
356.298918485641,7.5,0.0869
358.30087518692,7.5,0.0869
359.306804656982,7.5,0.0826
360.308364868164,7.5,0.0826
361.309403181076,7.5,0.0826
362.311508893967,7.5,0.0826
363.312294006348,7.5,0.0826
364.318410396576,7.5,0.0826
365.329006910324,7.5,0.0826
366.336750984192,7.5,0.0826
367.346473932266,7.5,0.0826
368.365828275681,7.5,0.0835
369.381975412369,7.5,0.0879
370.392460584641,7.5,0.0835
371.408058643341,7.5,0.0886
372.424040079117,7.5,0.0887
373.438502073288,7.5,0.0809
374.457973003387,7.5,0.0896
375.474527597427,7.5,0.0896
377.490116357803,7.5,0.0835
378.500934839249,7.5,0.0818
379.521558761597,7.5,0.0835
380.53635263443,7.5,0.0818
381.553190231323,7.5,0.0903
382.56819653511,7.5,0.0904
383.588496446609,7.5,0.0904
384.595306634903,7.5,0.0903
385.613811254501,7.5,0.0904
386.635466337204,7.5,0.0903
387.656924009323,7.5,0.0904
388.672439813614,7.5,0.0904
389.688095331192,7.5,0.0869
390.701628446579,7.5,0.0913
391.719434022903,7.5,0.0956
392.733100414276,7.5,0.087
393.751417398453,7.5,0.0921
394.76634478569,7.5,0.0921
395.773722648621,7.5,0.0879
397.788996219635,7.5,0.093
398.793458223343,7.5,0.093
399.810562849045,7.5,0.093
400.827125549316,7.5,0.093
401.851689815521,7.5,0.093
402.869868040085,7.5,0.093
403.887924671173,7.5,0.093
404.90532875061,7.5,0.093
405.921812295914,7.5,0.093
406.94077372551,7.5,0.093
407.963386297226,7.5,0.093
408.985037565231,7.5,0.0886
410.001908063889,7.5,0.0894
411.019127368927,7.5,0.0939
412.040851593018,7.5,0.0939
413.062598705292,7.5,0.0903
414.080958127975,7.5,0.0947
415.096657991409,7.5,0.0989
416.099135160446,7.5,0.0911
418.125544071198,7.5,0.0956
419.133506536484,7.5,0.0956
420.149538993835,7.5,0.0956
421.166196584702,7.5,0.0956
422.175803184509,7.5,0.0956
423.19172668457,7.5,0.0956
424.233231544495,7.5,0.0956
425.245099306107,7.5,0.0956
426.245916604996,7.5,0.0956
427.247748374939,7.5,0.0998
428.261134624481,7.5,0.0998
429.264665365219,7.5,0.0956
430.269657850266,7.5,0.0964
431.270796537399,7.5,0.0964
432.271809101105,7.5,0.1006
433.273846387863,7.5,0.093
434.274682998657,7.5,0.0973
435.275634288788,7.5,0.0973
436.282581567764,7.5,0.093
438.29217672348,7.5,0.0939
439.310552835464,7.5,0.0981
440.322646379471,7.5,0.0981
441.334042310715,7.5,0.0981
442.33492398262,7.5,0.0981
443.337884426117,7.5,0.0981
444.349280118942,7.5,0.0981
445.352538108826,7.5,0.0981
446.356082201004,7.5,0.0981
447.357526779175,7.5,0.0981
448.362316608429,7.5,0.0981
449.36400103569,7.5,0.0981
450.407120227814,7.5,0.0947
451.422713041306,7.5,0.0989
452.438606739044,7.5,0.0989
453.456464529037,7.5,0.0989
454.476739168167,7.5,0.0956
455.497910022736,7.5,0.0998
456.514802217484,7.5,0.0998
458.530496358871,7.5,0.1042
459.544873476028,7.5,0.0998
460.562371492386,7.5,0.0998
461.581156492233,7.5,0.0998
462.596110582352,7.5,0.0998
463.612992525101,7.5,0.0998
464.615439176559,7.5,0.0998
465.631863117218,7.5,0.0998
466.633969306946,7.5,0.0964
467.652047634125,7.5,0.0964
468.669551372528,7.5,0.0964
469.686663627625,7.5,0.1006
470.702795982361,7.5,0.1006
471.719672679901,7.5,0.1049
472.735377550125,7.5,0.0973
473.751268863678,7.5,0.1015
474.773369550705,7.5,0.1015
475.793021678925,7.5,0.1059
476.810291290283,7.5,0.0981
478.825923919678,7.5,0.1023
479.830623149872,7.5,0.1023
480.853720188141,7.5,0.1023
481.879744529724,7.5,0.1023
482.901165008545,7.5,0.1023
483.923135280609,7.5,0.1023
484.938544750214,7.5,0.1023
485.954572439194,7.5,0.1023
486.970880270004,7.5,0.1023
487.984871149063,7.5,0.1023
488.999401330948,7.5,0.1023
490.01739025116,7.5,0.1068
491.034977197647,7.5,0.1023
492.042959451675,7.5,0.0989
493.061371088028,7.5,0.1032
494.080592393875,7.5,0.1076
495.094799280167,7.5,0.1032
496.117623329163,7.5,0.0998
497.133616685867,7.5,0.1042
499.153043270111,7.5,0.1085
500.162345170975,7.5,0.1085
501.178989648819,7.5,0.1085
502.203972101212,7.5,0.1085
503.207595586777,7.5,0.1085
504.22487950325,7.5,0.1085
505.264360189438,7.5,0.1085
506.276607275009,7.5,0.1085
507.279006958008,7.5,0.1085
508.281168222427,7.5,0.1085
509.29341840744,7.5,0.1085
510.29533624649,7.5,0.1042
511.297328710556,7.5,0.1049
512.299512624741,7.5,0.1049
513.300633907318,7.5,0.1093
514.302466154099,7.5,0.1049
515.303694248199,7.5,0.1015
516.308007955551,7.5,0.1059
517.30953669548,7.5,0.1059
519.310061693192,7.5,0.1102
520.323605775833,7.5,0.1102
521.33783197403,7.5,0.1102
522.355165481567,7.5,0.1059
523.398779153824,7.5,0.1059
524.40087556839,7.5,0.1059
525.402166843414,7.5,0.1059
526.406396627426,7.5,0.1059
527.419546604156,7.5,0.1059
528.423395633698,7.5,0.1059
529.425498723984,7.5,0.1059
530.427502393723,7.5,0.1023
531.42860865593,7.5,0.1068
532.430885314941,7.5,0.1068
533.431829690933,7.5,0.111
534.433798551559,7.5,0.1068
535.447781801224,7.5,0.1032
536.45849275589,7.5,0.1076
537.471448421478,7.5,0.1076
539.484359741211,7.5,0.1119
540.493058681488,7.5,0.1119
541.508549451828,7.5,0.1119
542.529250144958,7.5,0.1076
543.545684337616,7.5,0.1076
544.556535720825,7.5,0.1076
545.571622610092,7.5,0.1076
546.577094078064,7.5,0.1076
547.586019277573,7.5,0.1076
548.593296527863,7.5,0.1076
549.609319210052,7.5,0.1076
550.631638526917,7.5,0.1076
551.637312173843,7.5,0.1085
552.665266513824,7.5,0.1085
553.670200824738,7.5,0.1127
554.687618970871,7.5,0.1127
555.703380823135,7.5,0.1085
556.719979524612,7.5,0.1093
557.733893156052,7.5,0.1093
559.751763343811,7.5,0.1136
560.771008491516,7.5,0.1136
561.785474061966,7.5,0.1136
562.79140162468,7.5,0.1136
563.816169023514,7.5,0.1136
564.830689191818,7.5,0.1136
565.846822977066,7.5,0.1136
566.863816738129,7.5,0.1136
567.880985498428,7.5,0.1136
568.888208150864,7.5,0.1136
569.910938501358,7.5,0.1136
570.925427436829,7.5,0.1093
571.948732614517,7.5,0.1093
572.966602563858,7.5,0.1102
573.983239412308,7.5,0.1102
574.99942111969,7.5,0.1144
576.012792110443,7.5,0.1144
577.033135652542,7.5,0.1102
578.049767971039,7.5,0.1066
580.066693305969,7.5,0.111
581.070358037949,7.5,0.111
582.088524341583,7.5,0.111
583.10356760025,7.5,0.111
584.12072467804,7.5,0.111
585.13631439209,7.5,0.111
586.155244112015,7.5,0.111
587.170995235443,7.5,0.111
588.176628351212,7.5,0.111
589.196679592133,7.5,0.111
590.220104217529,7.5,0.111
591.237326383591,7.5,0.1153
592.254988670349,7.5,0.111
593.273677110672,7.5,0.111
594.290730237961,7.5,0.1076
595.319501638412,7.5,0.1119
596.330084562302,7.5,0.1119
597.341899871826,7.5,0.1161
598.37252831459,7.5,0.1161
600.373698949814,7.5,0.1119
601.381431341171,7.5,0.1119
602.391545772552,7.5,0.1119
603.406599283218,7.5,0.1119
604.442677497864,7.5,0.1119
605.446965456009,7.5,0.1119
606.449727773666,7.5,0.1119
607.489002943039,7.5,0.1119
608.490938186646,7.5,0.1119
609.503559112549,7.5,0.1119
610.514887094498,7.5,0.1119
611.522309780121,7.5,0.1127
612.536140441895,7.5,0.1127
613.544635295868,7.5,0.117
614.560532331467,7.5,0.117
615.572997808456,7.5,0.1127
616.594620227814,7.5,0.1127
617.610871315002,7.5,0.1136
618.619565963745,7.5,0.1136
620.636493682861,7.5,0.1178
621.654494047165,7.5,0.1178
622.675458669662,7.5,0.1178
623.685197114944,7.5,0.1178
624.708419561386,7.5,0.1178
625.725061655045,7.5,0.1178
626.742503881454,7.5,0.1178
627.75882434845,7.5,0.1178
628.774518013,7.5,0.1178
629.791345357895,7.5,0.1178
630.81462097168,7.5,0.1178
631.837481975555,7.5,0.1178
632.840266227722,7.5,0.1136
633.856465578079,7.5,0.1136
634.873870849609,7.5,0.1144
635.894053936005,7.5,0.1144
636.916018724442,7.5,0.1144
637.929528951645,7.5,0.1187
638.946538448334,7.5,0.1187
640.969566345215,7.5,0.1144
641.991534471512,7.5,0.1144
643.008727788925,7.5,0.1144
644.026817321777,7.5,0.1144
645.043473005295,7.5,0.1144
646.056394100189,7.5,0.1144
647.062907934189,7.5,0.1144
648.086120128632,7.5,0.1144
649.105586051941,7.5,0.1144
650.11096405983,7.5,0.1144
651.13179564476,7.5,0.1144
652.134171724319,7.5,0.1153
653.152112960815,7.5,0.1153
654.172996044159,7.5,0.1195
655.191330194473,7.5,0.1197
656.209872722626,7.5,0.1195
657.226096391678,7.5,0.1153
658.242456197739,7.5,0.1153
659.266655445099,7.5,0.1161
661.281928777695,7.5,0.1161
662.296748638153,7.5,0.1161
663.312922954559,7.5,0.1161
664.321256875992,7.5,0.1161
665.359832048416,7.5,0.1161
666.384571790695,7.5,0.1161
667.385957479477,7.5,0.1161
668.388582706451,7.5,0.1161
669.39301109314,7.5,0.1161
670.395275115967,7.5,0.1161
671.397100925446,7.5,0.1161
672.398108482361,7.5,0.1204
673.398982286453,7.5,0.1204
674.400033712387,7.5,0.1161
675.401290893555,7.5,0.1161
676.404595851898,7.5,0.1161
677.416394948959,7.5,0.117
678.425856590271,7.5,0.117
679.435643434525,7.5,0.1212
681.44658780098,7.5,0.1214
682.460829734802,7.5,0.1212
683.495260000229,7.5,0.1212
684.509355545044,7.5,0.1212
685.510849237442,7.5,0.1212
686.511936426163,7.5,0.1212
687.514343500137,7.5,0.1214
688.525980949402,7.5,0.1212
689.528285980225,7.5,0.1212
690.535166501999,7.5,0.1212
691.538063526154,7.5,0.1212
692.538799524307,7.5,0.117
693.539932012558,7.5,0.117
694.541441202164,7.5,0.117
695.542322158813,7.5,0.1178
696.554779291153,7.5,0.1178
697.559522867203,7.5,0.1221
698.570532083511,7.5,0.1222
699.571755647659,7.5,0.1221
701.586013793945,7.5,0.1178
702.599727153778,7.5,0.1178
703.624487161636,7.5,0.1178
704.637955188751,7.5,0.1178
705.644521474838,7.5,0.1178
706.663290977478,7.5,0.1178
707.672582387924,7.5,0.1178
708.689918994904,7.5,0.1178
709.707448244095,7.5,0.1178
710.725541114807,7.5,0.1178
711.740882635117,7.5,0.1178
712.747373819351,7.5,0.1178
713.767854452133,7.5,0.1187
714.785243749619,7.5,0.1187
715.797818899155,7.5,0.1187
716.814032793045,7.5,0.1231
717.827943325043,7.5,0.1231
718.85086107254,7.5,0.1231
719.866952180862,7.5,0.1187
721.883829593658,7.5,0.1187
722.899384260178,7.5,0.1187
723.91717171669,7.5,0.1187
724.934871673584,7.5,0.1187
725.951718091965,7.5,0.1187
726.97342133522,7.5,0.1187
727.989915370941,7.5,0.1187
728.999677419662,7.5,0.1187
730.022963523865,7.5,0.1187
731.036702871323,7.5,0.1187
732.052733421326,7.5,0.1187
733.069853067398,7.5,0.1195
734.09032201767,7.5,0.1195
735.106091976166,7.5,0.1197
736.126050710678,7.5,0.1239
737.143024682999,7.5,0.1239
738.16042304039,7.5,0.1239
739.176824569702,7.5,0.1197
740.193526506424,7.5,0.1195
742.2136323452,7.5,0.1197
743.225189447403,7.5,0.1205
744.241358995438,7.5,0.1204
745.256248235703,7.5,0.1204
746.278700590134,7.5,0.1204
747.291655540466,7.5,0.1205
748.310827255249,7.5,0.1204
749.327756166458,7.5,0.1204
750.349309682846,7.5,0.1205
751.358552694321,7.5,0.1204
752.366547346115,7.5,0.1205
753.384040117264,7.5,0.1204
754.412125110626,7.5,0.1204
755.425121307373,7.5,0.1248
756.432192564011,7.5,0.1248
757.440592050552,7.5,0.1248
758.443014383316,7.5,0.1204
759.447833299637,7.5,0.1204
760.448791742325,7.5,0.1204
762.450949430466,7.5,0.1212
763.452022075653,7.5,0.1212
764.452800512314,7.5,0.1212
765.454391717911,7.5,0.1212
766.456617116928,7.5,0.1212
767.458255529404,7.5,0.1212
768.459041833878,7.5,0.1212
769.46860742569,7.5,0.1212
770.4834420681,7.5,0.1212
771.492838382721,7.5,0.1212
772.494022130966,7.5,0.1212
773.512750387192,7.5,0.1256
774.519578695297,7.5,0.1256
775.552269935608,7.5,0.1256
776.558240413666,7.5,0.1256
777.567679405212,7.5,0.1212
778.574026584625,7.5,0.1212
780.588587522507,7.5,0.1212
781.591980218887,7.5,0.1212
782.594586372375,7.5,0.1212
783.595461130142,7.5,0.1212
784.598678588867,7.5,0.1212
785.600239515305,7.5,0.1212
786.60292673111,7.5,0.1212
787.604789495468,7.5,0.1212
788.605372667313,7.5,0.1222
789.61456489563,7.5,0.1222
790.625583648682,7.5,0.1222
791.633418083191,7.5,0.1222
792.656901359558,7.5,0.1222
793.673715114594,7.5,0.1221
794.695883989334,7.5,0.1265
795.711723804474,7.5,0.1265
796.726643562317,7.5,0.1265
797.737210273743,7.5,0.1222
798.752742528915,7.5,0.1222
800.763975381851,7.5,0.1222
801.781629323959,7.5,0.1222
802.803116798401,7.5,0.1222
803.81648182869,7.5,0.1222
804.832765817642,7.5,0.1221
805.853506088257,7.5,0.1221
806.87168097496,7.5,0.1222
807.88711309433,7.5,0.1222
808.898969173431,7.5,0.1222
809.908876895905,7.5,0.1222
810.92510676384,7.5,0.1222
811.941591978073,7.5,0.1229
812.959538459778,7.5,0.1231
813.974655151367,7.5,0.1231
814.997028112411,7.5,0.1231
816.010896682739,7.5,0.1231
817.031138420105,7.5,0.1231
818.046990633011,7.5,0.1229
819.052478313446,7.5,0.1229
821.072554349899,7.5,0.1229
822.084682226181,7.5,0.1231
823.10041975975,7.5,0.1229
824.117410182953,7.5,0.1229
825.133070707321,7.5,0.1231
826.153492927551,7.5,0.1229
827.169947624207,7.5,0.1229
828.186487436295,7.5,0.1231
829.199958086014,7.5,0.1229
830.217039823532,7.5,0.1231
831.233334302902,7.5,0.1229
832.247336387634,7.5,0.1231
833.263869762421,7.5,0.1239
834.280115604401,7.5,0.1239
835.29666185379,7.5,0.1239
836.313517093658,7.5,0.1239
837.332298755646,7.5,0.1239
838.349086046219,7.5,0.1239
839.368437767029,7.5,0.1239
841.38626909256,7.5,0.1239
842.39469909668,7.5,0.1239
843.411417245865,7.5,0.1239
844.442944288254,7.5,0.1239
845.458884239197,7.5,0.1239
846.461737394333,7.5,0.1239
847.463939905167,7.5,0.1239
848.47202038765,7.5,0.1239
849.475860357285,7.5,0.1239
850.480380535126,7.5,0.1239
851.483009576797,7.5,0.1239
852.483855247498,7.5,0.1239
853.484467029572,7.5,0.1239
854.485156536102,7.5,0.1248
855.485882282257,7.5,0.1248
856.486567497253,7.5,0.1248
857.487973213196,7.5,0.1248
858.4890396595,7.5,0.1248
859.490411520004,7.5,0.1248
861.491036653519,7.5,0.1248
862.499750137329,7.5,0.1248
863.506525039673,7.5,0.1248
864.518460988998,7.5,0.1248
865.519103288651,7.5,0.1248
866.532452106476,7.5,0.1248
867.546198129654,7.5,0.1248
868.588480234146,7.5,0.1248
869.593784332275,7.5,0.1248
870.604081392288,7.5,0.1248
871.609886407852,7.5,0.1248
872.611736297607,7.5,0.1248
873.612734079361,7.5,0.1248
874.613883972168,7.5,0.1248
875.615530014038,7.5,0.1248
876.616385221481,7.5,0.1256
877.61696600914,7.5,0.1256
878.618368148804,7.5,0.1256
880.620599746704,7.5,0.1256
881.628551244736,7.5,0.1256
882.635679483414,7.5,0.1299
883.647751092911,7.5,0.1299
884.659660577774,7.5,0.1299
885.66970539093,7.5,0.1299
886.684536457062,7.5,0.1299
887.697984933853,7.5,0.1299
888.716331243515,7.5,0.1299
889.733466386795,7.5,0.1299
890.751988649368,7.5,0.1299
891.76612329483,7.5,0.1299
892.796978712082,7.5,0.1299
893.81272816658,7.5,0.1299
894.830193758011,7.5,0.1299
895.852405548096,7.5,0.1256
896.862850189209,7.5,0.1256
897.880335092545,7.5,0.1256
899.897431135178,7.5,0.1256
900.90695142746,7.5,0.1265
901.928882837296,7.5,0.1265
902.946804761887,7.5,0.1265
903.967606306076,7.5,0.1265
904.98421049118,7.5,0.1265
906.00563955307,7.5,0.1265
907.019711256027,7.5,0.1265
908.036744832993,7.5,0.1265
909.051952838898,7.5,0.1265
910.062893629074,7.5,0.1265
911.079026460648,7.5,0.1265
912.098837375641,7.5,0.1265
913.114473819733,7.5,0.1265
914.131253242493,7.5,0.1307
915.136427640915,7.5,0.1307
916.155917644501,7.5,0.1307
917.159277677536,7.5,0.1307
918.178908824921,7.5,0.1307
920.195930957794,7.5,0.1307
921.213065862656,7.5,0.1265
922.229670763016,7.5,0.1265
923.244963884354,7.5,0.1265
924.257288217545,7.5,0.1265
925.271159648895,7.5,0.1265
926.28880238533,7.5,0.1265
927.310175418854,7.5,0.1265
928.325968503952,7.5,0.1265
929.336719512939,7.5,0.1265
930.363592863083,7.5,0.1265
931.378139972687,7.5,0.1265
932.394784450531,7.5,0.1265
933.413484096527,7.5,0.1265
934.434463024139,7.5,0.1265
935.465348720551,7.5,0.1265
936.480473995209,7.5,0.1229
937.483357906342,7.5,0.1229
938.497553348541,7.5,0.1316
940.498669147491,7.5,0.1316
941.513225793839,7.5,0.1316
942.525161266327,7.5,0.1316
943.532244920731,7.5,0.1316
944.542021989822,7.5,0.1316
945.552794933319,7.5,0.1316
946.565809488297,7.5,0.1316
947.582007169724,7.5,0.1316
948.624637842178,7.5,0.1316
949.627563476562,7.5,0.1316
950.628973245621,7.5,0.1316
951.64435338974,7.5,0.1316
952.651274442673,7.5,0.1316
953.65321969986,7.5,0.1316
954.654355764389,7.5,0.1316
955.655406475067,7.5,0.1229
956.657498836517,7.5,0.1239
957.659507513046,7.5,0.1239
958.660284757614,7.5,0.1239
960.661001205444,7.5,0.1239
961.671345949173,7.5,0.1239
962.679959535599,7.5,0.1239
963.68873500824,7.5,0.1239
964.701420307159,7.5,0.1239
965.717222452164,7.5,0.1239
966.734108924866,7.5,0.1239
967.750271558762,7.5,0.1239
968.766973495483,7.5,0.1239
969.783755064011,7.5,0.1239
970.802590847015,7.5,0.1239
971.818032503128,7.5,0.1239
972.834195613861,7.5,0.1239
973.853320121765,7.5,0.1239
974.856085777283,7.5,0.1324
975.872720241547,7.5,0.1324
976.888941764832,7.5,0.1324
977.905426025391,7.5,0.1324
979.92748260498,7.5,0.1324
980.943274259567,7.5,0.1324
981.966563940048,7.5,0.1324
982.983740329742,7.5,0.1324
984.001315593719,7.5,0.1324
985.017953634262,7.5,0.1324
986.034110784531,7.5,0.1324
987.047890424728,7.5,0.1324
988.062239646912,7.5,0.1324
989.074960947037,7.5,0.1324
990.090934276581,7.5,0.1324
991.100246429443,7.5,0.1324
992.11930346489,7.5,0.1239
993.126831769943,7.5,0.1239
994.142920255661,7.5,0.1239
995.158002614975,7.5,0.1248
996.173785924911,7.5,0.1248
997.18915438652,7.5,0.1248
998.204299449921,7.5,0.1248
1000.22398304939,7.5,0.1248
1001.24064302444,7.5,0.1248
1002.24536919594,7.5,0.1248
1003.26343274117,7.5,0.1248
1004.27938175201,7.5,0.1248
1005.28967833519,7.5,0.1248
1006.30992984772,7.5,0.1248
1007.326212883,7.5,0.1248
1008.34275889397,7.5,0.1248
1009.3592338562,7.5,0.1248
1010.37663960457,7.5,0.1248
1011.39474821091,7.5,0.1248
1012.41098093987,7.5,0.1248
1013.42788720131,7.5,0.1248
1014.44955658913,7.5,0.1248
1015.46619296074,7.5,0.1333
1016.50544643402,7.5,0.1333
1017.52109766006,7.5,0.1333
1018.52686810493,7.5,0.1333
1020.53836560249,7.5,0.1333
1021.54011201859,7.5,0.1333
1022.54336595535,7.5,0.1333
1023.54512643814,7.5,0.1333
1024.54591560364,7.5,0.1333
1025.54640650749,7.5,0.1333
1026.54848051071,7.5,0.1333
1027.54953193665,7.5,0.1333
1028.55110406876,7.5,0.1333
1029.55177497864,7.5,0.1333
1030.55349874496,7.5,0.1333
1031.55474114418,7.5,0.1333
1032.56502795219,7.5,0.1333
1033.57603669167,7.5,0.1248
1034.5833067894,7.5,0.1248
1035.58603429794,7.5,0.1256
1036.59275841713,7.5,0.1256
1037.61074304581,7.5,0.1256
1038.62654566765,7.5,0.1256
1040.66095685959,7.5,0.1256
1041.67285656929,7.5,0.1299
1042.67442297935,7.5,0.1299
1043.67544460297,7.5,0.1299
1044.67749643326,7.5,0.1299
1045.68929505348,7.5,0.1299
1046.6930770874,7.5,0.1299
1047.69428443909,7.5,0.1299
1048.69647598267,7.5,0.1299
1049.69696474075,7.5,0.1299
1050.69958424568,7.5,0.1299
1051.71972942352,7.5,0.1299
1052.72063779831,7.5,0.1299
1053.72780632973,7.5,0.1299
1054.73998475075,7.5,0.1299
1055.7522752285,7.5,0.1299
1056.76836633682,7.5,0.1299
1057.78229618073,7.5,0.1341
1058.79768157005,7.5,0.1341
1060.81178116798,7.5,0.1341
1061.82975721359,7.5,0.1341
1062.84754252434,7.5,0.1341
1063.86086702347,7.5,0.1341
1064.87657833099,7.5,0.1341
1065.89924907684,7.5,0.1341
1066.91288018227,7.5,0.1341
1067.9240629673,7.5,0.1341
1068.94285511971,7.5,0.1341
1069.9663310051,7.5,0.1341
1070.98377513885,7.5,0.1341
1072.00026011467,7.5,0.1341
1073.01672077179,7.5,0.1341
1074.03442978859,7.5,0.1341
1075.04281258583,7.5,0.1341
1076.05979728699,7.5,0.1341
1077.072006464,7.5,0.1299
1078.08790850639,7.5,0.1299
1079.10399794579,7.5,0.1299
1081.1226811409,7.5,0.1299
1082.1422123909,7.5,0.1299
1083.1587703228,7.5,0.1299
1084.17575407028,7.5,0.1299
1085.19166183472,7.5,0.1299
1086.20696806908,7.5,0.1299
1087.21878123283,7.5,0.1299
1088.23453521729,7.5,0.1299
1089.25764989853,7.5,0.1299
1090.27860212326,7.5,0.1299
1091.29611420631,7.5,0.1299
1092.31305170059,7.5,0.1299
1093.31945562363,7.5,0.1299
1094.33477377892,7.5,0.1299
1095.3417160511,7.5,0.1307
1096.36199593544,7.5,0.1307
1097.37916994095,7.5,0.1307
1098.39576458931,7.5,0.1307
1099.41459846497,7.5,0.1307
1101.43318009377,7.5,0.1307
1102.45174241066,7.5,0.1307
1103.4668405056,7.5,0.1307
1104.48201012611,7.5,0.1307
1105.49449086189,7.5,0.1307
1106.50923466682,7.5,0.1307
1107.5112798214,7.5,0.1307
1108.55308461189,7.5,0.1307
1109.57107758522,7.5,0.1307
1110.57533049583,7.5,0.1307
1111.57708191872,7.5,0.1307
1112.58109736443,7.5,0.135
1113.5849006176,7.5,0.135
1114.58766174316,7.5,0.135
1115.58920407295,7.5,0.135
1116.58992242813,7.5,0.135
1117.5914080143,7.5,0.135
1118.59401202202,7.5,0.135
1119.59632349014,7.5,0.135
1121.59711503983,7.5,0.135
1122.60697674751,7.5,0.135
1123.61750245094,7.5,0.135
1124.62532496452,7.5,0.135
1125.63513994217,7.5,0.135
1126.63949131966,7.5,0.135
1127.65571141243,7.5,0.135
1128.68806290627,7.5,0.135
1129.70248913765,7.5,0.135
1130.70456600189,7.5,0.135
1131.71620607376,7.5,0.135
1132.71863102913,7.5,0.135
1133.72122240067,7.5,0.135
1134.72602081299,7.5,0.1307
1135.72716164589,7.5,0.1307
1136.72905254364,7.5,0.1307
1137.7296230793,7.5,0.1307
1138.74469518661,7.5,0.1307
1139.7463786602,7.5,0.1307
1141.75403857231,7.5,0.1307
1142.76513648033,7.5,0.1307
1143.7765622139,7.5,0.1307
1144.79138636589,7.5,0.1307
1145.80711317062,7.5,0.1307
1146.81826448441,7.5,0.1307
1147.83560109138,7.5,0.1307
1148.85435533524,7.5,0.1307
1149.86644434929,7.5,0.1307
1150.88201665878,7.5,0.1307
1151.90019321442,7.5,0.1307
1152.91132736206,7.5,0.1307
1153.93351721764,7.5,0.1307
1154.95380592346,7.5,0.1316
1155.96956729889,7.5,0.1316
1156.9920899868,7.5,0.1316
1158.01193141937,7.5,0.1316
1159.02932810783,7.5,0.1316
1160.04742240906,7.5,0.1316
1162.06341505051,7.5,0.1316
1163.07378101349,7.5,0.1316
1164.09436511993,7.5,0.1316
1165.11024045944,7.5,0.1316
1166.13031840324,7.5,0.1316
1167.14881253242,7.5,0.1316
1168.1644423008,7.5,0.1316
1169.18109798431,7.5,0.1316
1170.20027828217,7.5,0.1316
1171.21073961258,7.5,0.1316
1172.21664357185,7.5,0.1316
1173.23303031921,7.5,0.1316
1174.25279474258,7.5,0.1316
1175.26900005341,7.5,0.1358
1176.28479552269,7.5,0.136
1177.30021929741,7.5,0.1358
1178.31871390343,7.5,0.1358
1179.33595895767,7.5,0.1358
1180.3529946804,7.5,0.1358
1182.37164855003,7.5,0.1358
1183.38200950623,7.5,0.1358
1184.40367603302,7.5,0.1358
1185.41776919365,7.5,0.1358
1186.43458986282,7.5,0.1358
1187.44302248955,7.5,0.1358
1188.45957493782,7.5,0.136
1189.47970628738,7.5,0.1358
1190.50103330612,7.5,0.1358
1191.51727318764,7.5,0.1358
1192.535810709,7.5,0.1358
1193.54895329475,7.5,0.1358
1194.59615468979,7.5,0.1358
1195.59694170952,7.5,0.1358
1196.59849381447,7.5,0.1358
1197.60154294968,7.5,0.1358
1198.61306834221,7.5,0.1358
1199.61443138123,7.5,0.1358
1200.62857580185,7.5,0.1316
1202.64117789268,7.5,0.1316
1203.65108537674,7.5,0.1316
1204.65949201584,7.5,0.1316
1205.671200037,7.5,0.1316
1206.68610811234,7.5,0.1316
1207.69966316223,7.5,0.1316
1208.71490573883,7.5,0.1316
1209.73583555222,7.5,0.1316
1210.77190160751,7.5,0.1316
1211.78577041626,7.5,0.1316
1212.78761482239,7.5,0.1316
1213.80570411682,7.5,0.1316
1214.80678391457,7.5,0.1316
1215.80783081055,7.5,0.1316
1216.80858588219,7.5,0.1316
1217.81095027924,7.5,0.1316
1218.81326389313,7.5,0.1316
1219.81503033638,7.5,0.1316
1220.81722068787,7.5,0.1316
1222.81795692444,7.5,0.1316
1223.82346463203,7.5,0.1316
1224.83350992203,7.5,0.1316
1225.84283709526,7.5,0.1316
1226.85373044014,7.5,0.1316
1227.86861729622,7.5,0.1316
1228.88233399391,7.5,0.1316
1229.89812588692,7.5,0.1316
1230.90155529976,7.5,0.1316
1231.92062473297,7.5,0.1316
1232.93793582916,7.5,0.1316
1233.95387840271,7.5,0.1324
1234.97020030022,7.5,0.1324
1235.99449563026,7.5,0.1324
1237.01208353043,7.5,0.1324
1238.03253316879,7.5,0.1324
1239.05179524422,7.5,0.1324
1240.06862831116,7.5,0.1324
1242.08524298668,7.5,0.1324
1243.10055136681,7.5,0.1324
1244.10491013527,7.5,0.1324
1245.12072205544,7.5,0.1324
1246.13994717598,7.5,0.1324
1247.15536761284,7.5,0.1324
1248.15748524666,7.5,0.1324
1249.17484140396,7.5,0.1324
1250.193359375,7.5,0.1324
1251.21072793007,7.5,0.1324
1252.2304213047,7.5,0.1324
1253.25048708916,7.5,0.1324
1254.26620554924,7.5,0.1324
1255.28541684151,7.5,0.1324
1256.29536557198,7.5,0.1324
1257.31209874153,7.5,0.1324
1258.33101034164,7.5,0.1367
1259.34904074669,7.5,0.1369
1260.36611366272,7.5,0.1367
1262.38399529457,7.5,0.1367
1263.39452004433,7.5,0.1367
1264.41107678413,7.5,0.1367
1265.42986536026,7.5,0.1367
1266.44774103165,7.5,0.1367
1267.46643638611,7.5,0.1367
1268.48249435425,7.5,0.1367
1269.50071668625,7.5,0.1367
1270.51933860779,7.5,0.1367
1271.53557229042,7.5,0.1367
1272.55223488808,7.5,0.1367
1273.56948113441,7.5,0.1367
1274.58589291573,7.5,0.1367
1275.62362146378,7.5,0.1367
1276.63543581963,7.5,0.1367
1277.66582417488,7.5,0.1367
1278.6681303978,7.5,0.1367
1279.66964793205,7.5,0.1367
1280.67133903503,7.5,0.1367
1282.67309069633,7.5,0.1367
1283.67459702492,7.5,0.1367
1284.68061709404,7.5,0.1367
1285.68772268295,7.5,0.1367
1286.69841098785,7.5,0.1367
1287.71075630188,7.5,0.1367
1288.72668528557,7.5,0.1367
1289.73990011215,7.5,0.1367
1290.75676083565,7.5,0.1367
1291.75962615013,7.5,0.1367
1292.79024219513,7.5,0.1367
1293.80314064026,7.5,0.1367
1294.80662679672,7.5,0.1367
1295.83291649818,7.5,0.1324
1296.83444833755,7.5,0.1324
1297.83618617058,7.5,0.1324
1298.8378367424,7.5,0.1324
1299.84545230865,7.5,0.1324
1300.84866380692,7.5,0.1324
1302.85975718498,7.5,0.1324
1303.86207699776,7.5,0.1324
1304.87409996986,7.5,0.1324
1305.88808274269,7.5,0.1324
1306.90423440933,7.5,0.1324
1307.92059898376,7.5,0.1324
1308.93759775162,7.5,0.1324
1309.95428824425,7.5,0.1324
1310.95988106728,7.5,0.1324
1311.9768948555,7.5,0.1324
1312.99626660347,7.5,0.1324
1314.01551914215,7.5,0.1324
1315.06902241707,7.5,0.1324
1316.0747358799,7.5,0.1324
1317.09696125984,7.5,0.1324
1318.11650514603,7.5,0.1324
1319.12421774864,7.5,0.1324
1320.14065790176,7.5,0.1324
1321.15739774704,7.5,0.1324
1323.1664750576,7.5,0.1324
1324.18151903152,7.5,0.1333
1325.19087457657,7.5,0.1333
1326.20787143707,7.5,0.1248
1327.22682571411,7.5,0.1248
1328.2424082756,7.5,0.1333
1329.26268696785,7.5,0.1324
1330.27841663361,7.5,0.1324
1331.28595638275,7.5,0.1324
1332.30055356026,7.5,0.1333
1333.32230973244,7.5,0.1333
1334.33829498291,7.5,0.1333
1336.35906243324,7.5,0.1367
1337.37210822105,7.5,0.1367
1338.38807702065,7.5,0.1367
1339.39419698715,7.5,0.1367
1340.40753936768,7.5,0.1367
1341.42407107353,7.5,0.1367
1342.44159793854,7.5,0.1367
1343.4568297863,7.5,0.1367
1344.47396421432,7.5,0.1367
1346.48983216286,7.5,0.1367
1347.50080060959,7.5,0.1367
1348.51172351837,7.5,0.1367
1349.52951908112,7.5,0.1367
1350.54533314705,7.5,0.1367
1351.56175041199,7.5,0.1367
1352.60077881813,7.5,0.1369
1353.61738491058,3.5,0.1367
1354.61869978905,3.5,0.1367
1355.64916682243,3.5,0.1367
1356.64986133575,3.5,0.1367
1357.65647482872,3.5,0.1367
1358.66871261597,3.5,0.1367
1359.67738652229,3.5,0.1367
1360.68666863441,3.5,0.1367
1361.7009832859,3.5,0.1367
1362.71082186699,3.5,0.1316
1363.72623872757,3.5,0.1307
1364.75867557526,3.5,0.1256
1366.77434134483,3.5,0.1248
1367.77687740326,3.5,0.1239
1368.77749633789,3.5,0.1239
1369.77839970589,3.5,0.1239
1370.77926254272,3.5,0.1239
1371.78288722038,3.5,0.1239
1372.80374646187,3.5,0.1239
1373.80678153038,3.5,0.1239
1374.80811929703,3.5,0.1239
1375.80890655518,3.5,0.1239
1376.81002497673,3.5,0.1231
1377.8108959198,3.5,0.1307
1378.81195855141,3.5,0.1256
1379.81405973434,3.5,0.1248
1380.81462264061,3.5,0.1239
1381.82441401482,3.5,0.1229
1382.83115673065,3.5,0.1265
1383.84138607979,3.5,0.1256
1384.84535217285,3.5,0.1204
1386.85751008987,3.5,0.1195
1387.86664915085,3.5,0.1195
1388.88280677795,3.5,0.1195
1389.89885282516,3.5,0.1197
1390.91508555412,3.5,0.1197
1391.93135666847,3.5,0.1187
1392.94944238663,3.5,0.1187
1393.96581625938,3.5,0.1187
1394.98210859299,3.5,0.1187
1395.99870300293,3.5,0.1187
1397.01772403717,3.5,0.1187
1398.02261257172,3.5,0.1178
1399.03854393959,3.5,0.117
1400.05324530602,3.5,0.1161
1401.06286430359,3.5,0.1153
1402.07075548172,3.5,0.1153
1403.08784174919,3.5,0.1144
1404.10353326797,3.5,0.1136
1405.12003970146,3.5,0.117
1407.13612365723,3.5,0.1161
1408.15041804314,3.5,0.1119
1409.1564745903,3.5,0.1119
1410.17432904243,3.5,0.1076
1411.19175195694,3.5,0.111
1412.20859527588,3.5,0.111
1413.22429609299,3.5,0.111
1414.23982572556,3.5,0.111
1415.25952315331,3.5,0.111
1416.27760338783,3.5,0.111
1417.29503917694,3.5,0.111
1418.31074380875,3.5,0.1102
1419.32668566704,3.5,0.1059
1420.34302067757,3.5,0.1093
1421.35806775093,3.5,0.1127
1422.37420701981,3.5,0.1119
1423.39000058174,3.5,0.1068
1424.4082057476,3.5,0.1023
1425.42413282394,3.5,0.1059
1427.43965959549,3.5,0.1093
1428.44980883598,3.5,0.1051
1429.46643257141,3.5,0.1006
1430.48584699631,3.5,0.1006
1431.50175833702,3.5,0.1006
1432.51931524277,3.5,0.1041
1433.5356464386,3.5,0.1042
1434.54684329033,3.5,0.1041
1435.56443166733,3.5,0.1041
1436.58861517906,3.5,0.1041
1437.60067725182,3.5,0.1042
1438.64556956291,3.5,0.0998
1439.64838838577,3.5,0.1032
1440.65536856651,3.5,0.1068
1441.6617193222,3.5,0.1015
1442.66365909576,3.5,0.0973
1443.66579818726,3.5,0.1006
1444.67066407204,3.5,0.1041
1445.67247605324,3.5,0.0989
1447.67306423187,3.5,0.0989
1448.68390440941,3.5,0.0981
1449.69128346443,3.5,0.0981
1450.70162248611,3.5,0.0981
1451.70976758003,3.5,0.0981
1452.72258448601,3.5,0.0981
1453.73759150505,3.5,0.1023
1454.75507092476,3.5,0.1023
1455.77299046516,3.5,0.1023
1456.80712723732,3.5,0.0981
1457.81645226479,3.5,0.0981
1458.81745576859,3.5,0.0973
1459.83419537544,3.5,0.0921
1460.83536863327,3.5,0.0964
1461.83764791489,3.5,0.0998
1462.84125447273,3.5,0.0904
1463.8451063633,3.5,0.0947
1464.84585404396,3.5,0.0939
1466.84810209274,3.5,0.0894
1467.85408854485,3.5,0.093
1468.85532641411,3.5,0.093
1469.85594034195,3.5,0.093
1470.8629348278,3.5,0.093
1471.8666446209,3.5,0.093
1472.87810969353,3.5,0.093
1473.88397097588,3.5,0.093
1474.896463871,3.5,0.093
1475.90973234177,3.5,0.093
1476.92628788948,3.5,0.093
1477.9424393177,3.5,0.0964
1478.9478161335,3.5,0.0879
1479.96444177628,3.5,0.0913
1480.98243784904,3.5,0.0835
1481.99479436874,3.5,0.0904
1482.99714922905,3.5,0.0894
1484.01490569115,3.5,0.0809
1485.03095412254,3.5,0.0887
1487.04933190346,3.5,0.0801
1488.05445098877,3.5,0.0879
1489.07133078575,3.5,0.0877
1490.08804297447,3.5,0.0879
1491.10434794426,3.5,0.0879
1492.11966729164,3.5,0.0879
1493.12565660477,3.5,0.0879
1494.13221597672,3.5,0.0879
1495.14966201782,3.5,0.0879
1496.1558816433,3.5,0.0879
1497.17127776146,3.5,0.0879
1498.18715000153,3.5,0.0869
1499.19531059265,3.5,0.087
1500.21292257309,3.5,0.0818
1501.21769189835,3.5,0.0818
1502.23206472397,3.5,0.0809
1503.24743890762,3.5,0.0809
1504.26343107224,3.5,0.0801
1505.27916693687,3.5,0.0792
1507.28975915909,3.5,0.0792
1508.30568909645,3.5,0.0792
1509.32388210297,3.5,0.0792
1510.34084534645,3.5,0.0792
1511.35681557655,3.5,0.0792
1512.3736717701,3.5,0.0792
1513.388017416,3.5,0.0784
1514.40486693382,3.5,0.0784
1515.42291760445,3.5,0.0784
1516.44006609917,3.5,0.0784
1517.45692372322,3.5,0.0784
1518.46519494057,3.5,0.0826
1519.47061252594,3.5,0.0775
1520.4885456562,3.5,0.0818
1521.50542283058,3.5,0.0809
1522.52383995056,3.5,0.0809
1523.53961658478,3.5,0.0801
1524.55670332909,3.5,0.0801
1525.57220053673,3.5,0.0792
1527.58953714371,3.5,0.0792
1528.59991073608,3.5,0.0741
1529.61764717102,3.5,0.0741
1530.6325981617,3.5,0.0741
1531.66935992241,3.5,0.0741
1532.68179416656,3.5,0.0741
1533.68355941772,3.5,0.0741
1534.69908905029,3.5,0.0741
1535.70553445816,3.5,0.0741
1536.70621371269,3.5,0.0741
1537.70714735985,3.5,0.0741
1538.7078268528,3.5,0.0784
1539.70876264572,3.5,0.0733
1540.70965695381,3.5,0.0775
1541.71047091484,3.5,0.0724
1542.71135425568,3.5,0.0767
1543.71336078644,3.5,0.0714
1544.715239048,3.5,0.0758
1545.71783900261,3.5,0.0672
1547.7187101841,3.5,0.075
1548.7268474102,3.5,0.075
1549.73669147491,3.5,0.075
1550.74368929863,3.5,0.0706
1551.7553627491,3.5,0.0706
1552.76833868027,3.5,0.0706
1553.78288459778,3.5,0.0706
1554.79464650154,3.5,0.0706
1555.81105327606,3.5,0.0706
1556.84278869629,3.5,0.0706
1557.85789513588,3.5,0.0741
1558.87069559097,3.5,0.0697
1559.87247252464,3.5,0.0731
1560.87532496452,3.5,0.0731
1561.87678050995,3.5,0.068
1562.87911272049,3.5,0.0724
1563.88325572014,3.5,0.0638
1565.88408684731,3.5,0.0714
1566.88510537148,3.5,0.0714
1567.88621211052,3.5,0.0714
1568.88681411743,3.5,0.0714
1569.88772678375,3.5,0.0672
1570.88824629784,3.5,0.0672
1571.88950300217,3.5,0.0672
1572.89068651199,3.5,0.0672
1573.89241600037,3.5,0.0672
1574.89378762245,3.5,0.0672
1575.89609146118,3.5,0.0663
1576.89691901207,3.5,0.0706
1577.90531301498,3.5,0.0655
1578.91372942924,3.5,0.0697
1579.91759610176,3.5,0.0655
1580.92856192589,3.5,0.0689
1581.94188070297,3.5,0.0689
1583.95126152039,3.5,0.0638
1584.96267104149,3.5,0.0638
1585.97767734528,3.5,0.068
1586.99863815308,3.5,0.068
1588.01571345329,3.5,0.068
1589.03160429001,3.5,0.068
1590.04936504364,3.5,0.068
1591.07130670547,3.5,0.068
1592.08684372902,3.5,0.068
1593.10335230827,3.5,0.068
1594.11172389984,3.5,0.068
1595.13001060486,3.5,0.0638
1596.13891386986,3.5,0.0629
1597.15627598763,3.5,0.0672
1598.16264605522,3.5,0.0587
1599.18094778061,3.5,0.0663
1600.18407678604,3.5,0.0621
1601.20084142685,3.5,0.0612
1602.2057287693,3.5,0.0655
1604.21723151207,3.5,0.0612
1605.23770236969,3.5,0.0604
1606.25358390808,3.5,0.0604
1607.26979827881,3.5,0.0604
1608.28664469719,3.5,0.0604
1609.30196046829,3.5,0.0604
1610.30403900146,3.5,0.0604
1611.31641936302,3.5,0.0604
1612.33182740211,3.5,0.0604
1613.34523510933,3.5,0.0646
1614.36061644554,3.5,0.0646
1615.37720608711,3.5,0.0646
1616.38067936897,3.5,0.0604
1617.39659047127,3.5,0.0638
1618.41428947449,3.5,0.0638
1619.43326067924,3.5,0.0595
1620.44944477081,3.5,0.0629
1621.46706771851,3.5,0.0629
1622.48128557205,3.5,0.0587
1624.48784613609,3.5,0.0621
1625.50016498566,3.5,0.0621
1626.50260162354,3.5,0.0621
1627.5192861557,3.5,0.0621
1628.53503799438,3.5,0.0621
1629.55195879936,3.5,0.0621
1630.56791687012,3.5,0.0621
1631.57219314575,3.5,0.0621
1632.5843398571,3.5,0.0621
1633.60149240494,3.5,0.0621
1634.6183822155,3.5,0.0621
1635.63229393959,3.5,0.0534
1636.64969420433,3.5,0.0612
1637.66634607315,3.5,0.0612
1638.67385911942,3.5,0.057
1639.70460319519,3.5,0.0561
1640.71835398674,3.5,0.0604
1641.7206056118,3.5,0.0561
1642.72318005562,3.5,0.0551
1644.7266125679,3.5,0.0595
1645.73502850533,3.5,0.0595
1646.73920273781,3.5,0.0595
1647.74254059792,3.5,0.0595
1648.7444691658,3.5,0.0595
1649.74515795708,3.5,0.0595
1650.7486679554,3.5,0.0553
1651.75163602829,3.5,0.0553
1652.75209617615,3.5,0.0553
1653.75295376778,3.5,0.0551
1654.75388646126,3.5,0.0553
1655.75539565086,3.5,0.0542
1656.75586295128,3.5,0.0587
1657.75729775429,3.5,0.0544
1658.76606225967,3.5,0.0534
1659.77353072166,3.5,0.0576
1660.7742023468,3.5,0.0576
1661.78941059113,3.5,0.0534
1663.80296802521,3.5,0.0525
1664.81860589981,3.5,0.057
1665.83457756042,3.5,0.0568
1666.851334095,3.5,0.0568
1667.85763907433,3.5,0.057
1668.89407134056,3.5,0.0568
1669.90299081802,3.5,0.057
1670.90575885773,3.5,0.057
1671.91823077202,3.5,0.0568
1672.92170023918,3.5,0.057
1673.9254527092,3.5,0.057
1674.92676472664,3.5,0.0525
1675.92734932899,3.5,0.0483
1676.92795228958,3.5,0.0561
1677.92891597748,3.5,0.0561
1678.93598937988,3.5,0.0517
1679.93890142441,3.5,0.0474
1680.94138407707,3.5,0.0551
1681.94829916954,3.5,0.0551
1683.95777702332,3.5,0.0508
1684.96568727493,3.5,0.0495
1685.97554159164,3.5,0.05
1686.98382854462,3.5,0.05
1687.99853515625,3.5,0.05
1689.01400017738,3.5,0.05
1690.0304942131,3.5,0.05
1691.04563546181,3.5,0.05
1692.06184411049,3.5,0.05
1693.07938766479,3.5,0.05
1694.09686732292,3.5,0.05
1695.11178803444,3.5,0.0544
1696.12951016426,3.5,0.0542
1697.14515733719,3.5,0.0493
1698.1626060009,3.5,0.0491
1699.17657589912,3.5,0.0534
1700.19308900833,3.5,0.0534
1701.21165800095,3.5,0.0491
1702.22815656662,3.5,0.0449
1704.24350667,3.5,0.0483
1705.25575709343,3.5,0.0525
1706.27444767952,3.5,0.0525
1707.28539323807,3.5,0.0525
1708.30140638351,3.5,0.0525
1709.31973814964,3.5,0.0525
1710.32506561279,3.5,0.0525
1711.34242129326,3.5,0.0525
1712.35853147507,3.5,0.0525
1713.37813544273,3.5,0.0525
1714.38823914528,3.5,0.0525
1715.40185141563,3.5,0.0525
1716.41804099083,3.5,0.0483
1717.43576812744,3.5,0.044
1718.44083070755,3.5,0.0474
1719.45542764664,3.5,0.0517
1720.4722340107,3.5,0.0474
1721.47930884361,3.5,0.0432
1722.49604153633,3.5,0.0466
1724.49912762642,3.5,0.0508
1725.50912451744,3.5,0.0508
1726.52443671227,3.5,0.0508
1727.54139971733,3.5,0.0508
1728.55883955956,3.5,0.0508
1729.56782460213,3.5,0.0508
1730.58404278755,3.5,0.0508
1731.60072875023,3.5,0.0508
1732.6188852787,3.5,0.0508
1733.63593125343,3.5,0.0508
1734.6526427269,3.5,0.0466
1735.67084217072,3.5,0.0466
1736.67919230461,3.5,0.0457
1737.6986720562,3.5,0.05
1738.74682044983,3.5,0.0495
1739.74922728539,3.5,0.05
1740.76519155502,3.5,0.0457
1741.76722288132,3.5,0.0449
1743.76895236969,3.5,0.0491
1744.77777647972,3.5,0.0491
1745.77893638611,3.5,0.0491
1746.77960968018,3.5,0.0491
1747.78090596199,3.5,0.0491
1748.78467798233,3.5,0.0491
1749.78630805016,3.5,0.0491
1750.79467725754,3.5,0.0491
1751.80586743355,3.5,0.0491
1752.8127887249,3.5,0.0491
1753.82355189323,3.5,0.0491
1754.84282970428,3.5,0.0483
1755.85780119896,3.5,0.0449
1756.8732213974,3.5,0.044
1757.88858389854,3.5,0.044
1758.91916227341,3.5,0.0483
1759.92667245865,3.5,0.0483
1761.95065045357,3.5,0.0483
1762.95124864578,3.5,0.044
1763.95428180695,3.5,0.044
1764.95604538918,3.5,0.044
1765.95931482315,3.5,0.044
1766.96447205544,3.5,0.044
1767.96512627602,3.5,0.044
1768.96611189842,3.5,0.044
1769.9668598175,3.5,0.044
1770.96765971184,3.5,0.044
1771.96860766411,3.5,0.044
1772.96921133995,3.5,0.0398
1773.97062444687,3.5,0.0398
1774.97140288353,3.5,0.0388
1775.97572779655,3.5,0.0388
1776.98408293724,3.5,0.0388
1777.99511027336,3.5,0.0406
1779.0023753643,3.5,0.0432
1780.01642680168,3.5,0.0406
1782.03103709221,3.5,0.0474
1783.04396867752,3.5,0.0406
1784.06001091003,3.5,0.0432
1785.06340551376,3.5,0.0405
1786.08278751373,3.5,0.0468
1787.09989190102,3.5,0.0432
1788.11341023445,3.5,0.0468
1789.13072609901,3.5,0.0406
1790.14164280891,3.5,0.0432
1791.1575524807,3.5,0.0405
1792.1732673645,3.5,0.043
1793.19184374809,3.5,0.0474
1794.2068195343,3.5,0.0405
1795.22252821922,3.5,0.0432
1796.23173141479,3.5,0.0474
1797.24709248543,3.5,0.0474
1798.26121640205,3.5,0.0406
1799.27739024162,3.5,0.0432
1800.29442358017,3.5,0.0406
1802.30326652527,3.5,0.0432
1803.30761194229,3.5,0.0406
1804.32420229912,3.5,0.0466
1805.34585094452,3.5,0.0468
1806.35292005539,3.5,0.0406
1807.37144565582,3.5,0.0468
1808.38769412041,3.5,0.0432
1809.39960002899,3.5,0.0406
1810.4151263237,3.5,0.0468
1811.43071055412,3.5,0.0468
1812.44670057297,3.5,0.0474
1813.45937609673,3.5,0.0432
1814.47628974915,3.5,0.0474
1815.49277806282,3.5,0.0406
1816.50953960419,3.5,0.0406
1817.51826691628,3.5,0.0432
1818.5351061821,3.5,0.0406
1819.55036449432,3.5,0.0474
1820.56682085991,3.5,0.0432
1822.57069659233,3.5,0.0474
1823.58078217506,3.5,0.0406
1824.59755682945,3.5,0.043
1825.61424088478,3.5,0.043
1826.61991238594,3.5,0.0406
1827.63811993599,3.5,0.0388
1828.65137314796,3.5,0.0432
1829.66985082626,3.5,0.0406
1830.68190908432,3.5,0.0432
1831.69590473175,3.5,0.0406
1832.71457624435,3.5,0.0432
1833.73129653931,3.5,0.0406
1834.76174783707,3.5,0.0432
1835.76317310333,3.5,0.0432
1836.78019118309,3.5,0.0406
1837.78253269196,3.5,0.0432
1838.79377985001,3.5,0.0406
1839.79598546028,3.5,0.0474
1840.80113911629,3.5,0.0406
1842.80318641663,3.5,0.0405
1843.8111114502,3.5,0.0474
1844.81229043007,3.5,0.0432
1845.814265728,3.5,0.0432
1846.81525230408,3.5,0.0405
1847.81794881821,3.5,0.0406
1848.8273935318,3.5,0.0406
1849.83743476868,3.5,0.0432
1850.84060168266,3.5,0.0432
1851.84951901436,3.5,0.0406
1852.86321306229,3.5,0.0432
1853.87869310379,3.5,0.0406
1854.89524579048,3.5,0.0432
1855.90396046638,3.5,0.0474
1856.92130422592,3.5,0.0432
1857.93993067741,3.5,0.0474
1858.95719456673,3.5,0.0406
1859.97590446472,3.5,0.0406
1862.00468850136,3.5,0.0432
1863.00774240494,3.5,0.0474
1864.01278567314,3.5,0.0432
1865.0221722126,3.5,0.0406
1866.0239508152,3.5,0.0466
1867.02509498596,3.5,0.0468
1868.0305492878,3.5,0.0432
1869.03147768974,3.5,0.0406
1870.03319430351,3.5,0.0468
1871.03411412239,3.5,0.0466
1872.03506875038,3.5,0.0432
1873.03627562523,3.5,0.0474
1874.03693580627,3.5,0.0474
1875.03810429573,3.5,0.0432
1876.0386800766,3.5,0.0432
1877.03947496414,3.5,0.0406
1878.04094624519,3.5,0.0432
1879.04308462143,3.5,0.0406
1880.04489898682,3.5,0.0474
1882.04656815529,3.5,0.0432
1883.05380940437,3.5,0.0432
1884.06391263008,3.5,0.0405
1885.07161784172,3.5,0.0406
1886.08087658882,3.5,0.0406
1887.08889722824,3.5,0.0432
1888.10426187515,3.5,0.0406
1889.12050938606,3.5,0.0468
1890.13273787498,3.5,0.0405
1891.13516020775,3.5,0.0432
1892.152384758,3.5,0.0432
1893.16898441315,3.5,0.0406
1894.18488335609,3.5,0.0474
1895.20237326622,3.5,0.0474
1896.20707941055,3.5,0.0406
1897.22425961494,3.5,0.0406
1898.23266363144,3.5,0.0405
1900.24830508232,3.5,0.0432
1901.25194215775,3.5,0.0474
1902.26883673668,3.5,0.0405
1903.28576898575,3.5,0.0432
1904.30364632607,3.5,0.0406
1905.31192398071,3.5,0.0405
1906.32922697067,3.5,0.0432
1907.34801769257,3.5,0.0406
1908.36581897736,3.5,0.0466
1909.38383889198,3.5,0.0406
1910.39916753769,3.5,0.0474
1911.40647697449,3.5,0.0406
1912.42312145233,3.5,0.0474
1913.43899726868,3.5,0.0474
1914.45498538017,3.5,0.0474
1915.47162675858,3.5,0.0474
1916.48806357384,3.5,0.0474
1917.50773382187,3.5,0.0474
1918.52628302574,3.5,0.0474
1920.54226636887,3.5,0.043
1921.55259013176,3.5,0.0432
1922.56759858131,3.5,0.0468
1923.58345007896,3.5,0.0468
1924.60433244705,3.5,0.0406
1925.62054777145,3.5,0.0432
1926.63732171059,3.5,0.0432
1927.65532541275,3.5,0.0406
1928.67293357849,3.5,0.0432
1929.68074131012,3.5,0.0432
1930.68349504471,3.5,0.0406
1931.70092225075,3.5,0.0406
1932.71785306931,3.5,0.0432
1933.7350435257,3.5,0.0432
1934.75224304199,3.5,0.0432
1935.76882052422,3.5,0.0432
1936.8025894165,3.5,0.0406
1937.81576085091,3.5,0.0432
1938.81755065918,3.5,0.0405
1940.81885266304,3.5,0.0406
1941.83158779144,3.5,0.0388
1942.83357930183,3.5,0.0432
1943.84022951126,3.5,0.0406
1944.84123682976,3.5,0.0406
1945.8419907093,3.5,0.0432
1946.84355163574,3.5,0.0405
1947.84418845177,3.5,0.0432
1948.84492611885,3.5,0.0432
1949.84558987617,3.5,0.0405
1950.84675931931,3.5,0.0432
1951.84742832184,3.5,0.0432
1952.8487637043,3.5,0.0406
1953.85102915764,3.5,0.0432
1954.85281872749,3.5,0.0406
1955.85405349731,3.5,0.0432
1956.85517406464,3.5,0.0432
1957.85611319542,3.5,0.0432
1959.85703897476,3.5,0.0406
1960.8583958149,3.5,0.0406
1961.86803078651,3.5,0.0406
1962.87483048439,3.5,0.0406
1963.88583159447,3.5,0.0406
1964.89395284653,3.5,0.0405
1965.91551208496,3.5,0.0432
1966.93131899834,3.5,0.0406
1967.94757699966,3.5,0.0432
1968.96233773232,3.5,0.0405
1969.97706818581,3.5,0.0432
1970.99292612076,3.5,0.0406
1972.00057005882,3.5,0.0405
1973.0206861496,3.5,0.0432
1974.05400323868,3.5,0.0432
1975.06933140755,3.5,0.0406
1976.07160115242,3.5,0.0474
1978.07932424545,3.5,0.0474
1979.08595013618,3.5,0.0406
1980.08696079254,3.5,0.0405
1981.09283781052,3.5,0.0432
1982.09420585632,3.5,0.0405
1983.11286401749,3.5,0.0432
1984.11698627472,3.5,0.0432
1985.12250876427,3.5,0.0405
1986.13223457336,3.5,0.0432
1987.14209580421,3.5,0.0432
1988.14715099335,3.5,0.0406
1989.16402029991,3.5,0.0405
1990.17965054512,3.5,0.0432
1991.19491910934,3.5,0.0432
1992.20280313492,3.5,0.0388
1993.22086143494,3.5,0.0406
1994.23581218719,3.5,0.0432
1995.24788880348,3.5,0.0432
1997.26450514793,3.5,0.0432
1998.2756216526,3.5,0.0406
1999.28129720688,3.5,0.0388
2000.29858613014,3.5,0.0432
2001.31347179413,3.5,0.0432
2002.33037900925,3.5,0.0406
2003.34765315056,3.5,0.0432
2004.36512827873,3.5,0.0406
2005.38402056694,3.5,0.0406
2006.40205979347,3.5,0.0432
2007.42045044899,3.5,0.0432
2008.43803954124,3.5,0.0406
2009.45143461227,3.5,0.0432
2010.46890854836,3.5,0.0406
2011.48483300209,3.5,0.0432
2012.50035047531,3.5,0.0406
2013.51575160027,3.5,0.0432
2014.53088378906,3.5,0.0432
2015.53716278076,3.5,0.0406
2017.55769991875,3.5,0.0432
2018.57320189476,3.5,0.0406
2019.59063816071,3.5,0.0405
2020.60711860657,3.5,0.0432
2021.62473416328,3.5,0.0432
2022.63579559326,3.5,0.0406
2023.65257787704,3.5,0.0432
2024.66832137108,3.5,0.0406
2025.68553137779,3.5,0.0432
2026.7015349865,3.5,0.0432
2027.70767784119,3.5,0.0406
2028.72537207603,3.5,0.0432
2029.74317121506,3.5,0.0406
2030.76082873344,3.5,0.0432
2031.77627682686,3.5,0.0406
2032.79144430161,3.5,0.0432
2033.80745267868,3.5,0.0406
2034.82538533211,3.5,0.0432
2035.85899806023,3.5,0.0388
2037.86184239388,3.5,0.0406
2038.86760425568,3.5,0.043
2039.87577366829,3.5,0.0432
2040.87808918953,3.5,0.0406
2041.88913202286,3.5,0.0432
2042.92401266098,3.5,0.0432
2043.92527508736,3.5,0.0432
2044.93239998817,3.5,0.0406
2045.94463300705,3.5,0.0406
2046.95270776749,3.5,0.0406
2047.96438193321,3.5,0.0432
2048.96900987625,3.5,0.0432
2049.98552107811,3.5,0.0432
2051.00193548203,3.5,0.0405
2052.01702570915,3.5,0.0406
2053.03464984894,3.5,0.0432
2054.050750494,3.5,0.0406
2055.08150267601,3.5,0.0406
2056.08989644051,3.5,0.0432
2058.0950012207,3.5,0.0432
2059.09659337997,3.5,0.0406
2060.10185551643,3.5,0.0432
2061.10318374634,3.5,0.0406
2062.11534690857,3.5,0.0432
2063.11901950836,3.5,0.0405
2064.11976790428,3.5,0.0432
2065.12053966522,3.5,0.0432
2066.12130951881,3.5,0.0406
2067.12370467186,3.5,0.0432
2068.12552380562,3.5,0.0406
2069.12789368629,3.5,0.0474
2070.13172483444,3.5,0.0406
2071.13242888451,3.5,0.0432
2072.13328433037,3.5,0.0432
2073.13401079178,3.5,0.0406
2074.13460540771,3.5,0.0406
2075.13510560989,3.5,0.0432
2076.13859438896,3.5,0.0406
2078.13985037804,3.5,0.0432
2079.14851760864,3.5,0.0406
2080.15527820587,3.5,0.0432
2081.16635990143,3.5,0.0406
2082.17496132851,3.5,0.0406
2083.19026517868,3.5,0.0432
2084.20731854439,3.5,0.0406
2085.21521091461,3.5,0.0432
2086.21772265434,3.5,0.0405
2087.23490428925,3.5,0.0406
2088.24234724045,3.5,0.0432
2089.25509595871,3.5,0.0406
2090.26997447014,3.5,0.0474
2091.28646540642,3.5,0.0405
2092.3056974411,3.5,0.0406
2093.32271981239,3.5,0.0406
2094.33859038353,3.5,0.0432
2096.35580277443,3.5,0.0432
2097.36833763123,3.5,0.043
2098.38582015038,3.5,0.0406
2099.4020819664,3.5,0.0432
2100.42000007629,3.5,0.0406
2101.43509912491,3.5,0.0432
2102.45377874374,3.5,0.0405
2103.46915173531,3.5,0.0432
2104.48707795143,3.5,0.0406
2105.50049972534,3.5,0.0432
2106.51828956604,3.5,0.0405
2107.53432321548,3.5,0.0432
2108.55347847939,3.5,0.0406
2109.56894898415,3.5,0.0432
2110.57208776474,3.5,0.0432
2111.57591676712,3.5,0.0406
2112.59311676025,3.5,0.0432
2113.60919952393,3.5,0.0474
2114.62619400024,3.5,0.0406
2116.64260292053,3.5,0.0432
2117.65417170525,3.5,0.0406
2118.6702337265,3.5,0.0406
2119.68582940102,3.5,0.0432
2120.687977314,3.5,0.0432
2121.70261073112,3.5,0.0405
2122.72144174576,3.5,0.0432
2123.73804998398,3.5,0.0406
2124.75312829018,3.5,0.0432
2125.7694246769,3.5,0.0388
2126.78673672676,3.5,0.0388
2127.80572271347,3.5,0.0406
2128.82379746437,3.5,0.0432
2129.83708548546,3.5,0.0432
2130.84731268883,3.5,0.0406
2131.86299014091,3.5,0.0432
2132.88942122459,3.5,0.0405
2133.92117357254,3.5,0.0406
2134.92762470245,3.5,0.0406
2136.93670988083,3.5,0.043
2137.93926715851,3.5,0.0405
2138.94417381287,3.5,0.0432
2139.94527745247,3.5,0.0406
2140.94595909119,3.5,0.0432
2141.94674611092,3.5,0.0406
2142.94777774811,3.5,0.0406
2143.94950318336,3.5,0.0432
2144.95015573502,3.5,0.0406
2145.9511346817,3.5,0.0432
2146.95283651352,3.5,0.0406
2147.95408678055,3.5,0.0432
2148.9557800293,3.5,0.0405
2149.97216272354,3.5,0.0432
2150.97308111191,3.5,0.0405
2151.97990012169,3.5,0.0432
2152.98322701454,3.5,0.0432
2153.9942612648,3.5,0.0432
2155.9989900589,3.5,0.0406
2157.01076793671,3.5,0.0432
2158.02416563034,3.5,0.0405
2159.03464531898,3.5,0.0432
2160.05295205116,3.5,0.0406
2161.0650267601,3.5,0.0432
2162.081553936,3.5,0.0406
2163.0979514122,3.5,0.0432
2164.1001765728,3.5,0.0432
2165.1291642189,3.5,0.0468
2166.14189362526,3.5,0.0432
2167.14303922653,3.5,0.0474
2168.14699625969,3.5,0.0432
2169.16017508507,3.5,0.0406
2170.16220378876,3.5,0.0432
2171.16462421417,3.5,0.0406
2172.16895771027,3.5,0.0474
2173.1725165844,3.5,0.0474
2175.17385435104,3.5,0.0432
2176.17473244667,3.5,0.0432
2177.17594695091,3.5,0.0406
2178.17903804779,3.5,0.0405
2179.18042945862,3.5,0.043
2180.18123817444,3.5,0.0405
2181.18213367462,3.5,0.0432
2182.18280887604,3.5,0.0468
2183.18369054794,3.5,0.0405
2184.1863796711,3.5,0.0406
2185.18783068657,3.5,0.0406
2186.1899471283,3.5,0.0432
2187.19772148132,3.5,0.0406
2188.20444560051,3.5,0.0432
2189.21566963196,3.5,0.0405
2190.22799086571,3.5,0.0432
2191.23991847038,3.5,0.0405
2193.25638008118,3.5,0.0405
2194.27184128761,3.5,0.0432
2195.28823137283,3.5,0.0406
2196.30597472191,3.5,0.0405
2197.32351112366,3.5,0.0432
2198.33923316002,3.5,0.0405
2199.35285830498,3.5,0.0432
2200.36171269417,3.5,0.0406
2201.37853741646,3.5,0.0405
2202.39519381523,3.5,0.0432
2203.41186022758,3.5,0.0406
2204.42781233788,3.5,0.0406
2205.4379940033,3.5,0.0432
2206.44692635536,3.5,0.0406
2207.45967769623,3.5,0.0432
2208.47160720825,3.5,0.0432
2209.48764443398,3.5,0.0405
2210.49083900452,3.5,0.0432
2211.50752711296,3.5,0.0406
2213.50973153114,3.5,0.0406
2214.51895141602,3.5,0.0432
2215.53527379036,3.5,0.0432
2216.5520966053,3.5,0.0432
2217.5674700737,3.5,0.0432
2218.58230447769,3.5,0.0406
2219.60025453568,3.5,0.0432
2220.61833238602,3.5,0.0432
2221.63105583191,3.5,0.0406
2222.63591122627,3.5,0.0406
2223.65000081062,3.5,0.0432
2224.66403794289,3.5,0.0432
2225.68211436272,3.5,0.0406
2226.699198246,3.5,0.0406
2227.71501803398,3.5,0.0406
2228.73474287987,3.5,0.0405
2229.7509367466,3.5,0.0432
2230.76673030853,3.5,0.0432
2231.7828977108,3.5,0.0406
2233.79939818382,3.5,0.0432
2234.80909538269,3.5,0.0406
2235.826212883,3.5,0.0432
2236.84368681908,3.5,0.0406
2237.85869503021,3.5,0.0432
2238.87900018692,3.5,0.0406
2239.89869785309,3.5,0.0432
2240.90479540825,3.5,0.0432
2241.9254090786,3.5,0.0406
2242.95821428299,3.5,0.0432
2243.97075939178,3.5,0.0406
2244.97336363792,3.5,0.0406
2245.97640395164,3.5,0.0432
2246.97931456566,3.5,0.0406
2247.9932384491,3.5,0.0432
2249.02344679832,3.5,0.0406
2250.02458167076,3.5,0.0406
2251.03194761276,3.5,0.0432
2252.04387879372,3.5,0.0406
2254.05772304535,3.5,0.0406
2255.06983542442,3.5,0.0432
2256.08513998985,3.5,0.0406
2257.1015188694,3.5,0.0406
2258.11698246002,3.5,0.0406
2259.13483381271,3.5,0.0432
2260.15149998665,3.5,0.0432
2261.17935299873,3.5,0.0405
2262.19050359726,3.5,0.0432
2263.2025976181,3.5,0.0406
2264.21192836761,3.5,0.0432
2265.21701407433,3.5,0.0405
2266.22039866447,3.5,0.0432
2267.24125957489,3.5,0.0405
2268.24293828011,3.5,0.0474
2269.25392627716,3.5,0.0406
2270.26311278343,3.5,0.0406
2271.26468420029,3.5,0.0432
2272.27685713768,3.5,0.0406
2274.29185986519,3.5,0.0432
2275.30436110497,3.5,0.0406
2276.32264041901,3.5,0.0432
2277.33580470085,3.5,0.0406
2278.3481054306,3.5,0.0432
2279.36402702332,3.5,0.0406
2280.38057374954,3.5,0.0432
2281.3890311718,3.5,0.0468
2282.40027332306,3.5,0.0468
2283.41634082794,3.5,0.0466
2284.43167948723,3.5,0.0432
2285.45032167435,3.5,0.0406
2286.46837925911,3.5,0.0474
2287.48554253578,3.5,0.0474
2288.50256514549,3.5,0.0405
2289.52042222023,3.5,0.0406
2290.52702951431,3.5,0.0432
2291.53422689438,3.5,0.0406
2292.55140948296,3.5,0.0406
2294.56842541695,3.5,0.0432
2295.58176636696,3.5,0.0406
2296.59256958961,3.5,0.0432
2297.60947299004,3.5,0.0405
2298.62679815292,3.5,0.0432
2299.64243030548,3.5,0.0406
2300.65076637268,3.5,0.0432
2301.65888023376,3.5,0.0406
2302.67686510086,3.5,0.0406
2303.69258284569,3.5,0.0406
2304.70286011696,3.5,0.0432
2305.71776485443,3.5,0.0405
2306.73317623138,3.5,0.043
2307.73762726784,3.5,0.0388
2308.75137066841,3.5,0.0405
2309.76859211922,3.5,0.0432
2310.78480029106,3.5,0.0405
2311.80117797852,3.5,0.0432
2312.81135058403,3.5,0.0406
2314.82895278931,3.5,0.0432
2315.84006595612,3.5,0.0405
2316.85584211349,3.5,0.0432
2317.87430620193,3.5,0.0432
2318.89096808434,3.5,0.0406
2319.90658831596,3.5,0.0406
2320.92662453651,3.5,0.0432
2321.94298815727,3.5,0.0406
2322.96140551567,3.5,0.0432
2323.9983458519,3.5,0.0406
2325.00882148743,3.5,0.0432
2326.01055026054,3.5,0.0405
2327.01268005371,3.5,0.0388
2328.01662492752,3.5,0.0406
2329.02439641953,3.5,0.0432
2330.02691411972,3.5,0.0406
2331.02977919579,3.5,0.0432
2332.03169775009,3.5,0.0406
2333.03543758392,3.5,0.0405
2335.03684639931,3.5,0.0432
2336.04705071449,3.5,0.0406
2337.05464816093,3.5,0.0406
2338.06622457504,3.5,0.043
2339.07817459106,3.5,0.0432
2340.09288716316,3.5,0.0388
2341.10932254791,3.5,0.0406
2342.11839032173,3.5,0.0432
2343.13403129578,3.5,0.0406
2344.14891457558,3.5,0.0432
2345.1657307148,3.5,0.0432
2346.17534637451,3.5,0.0406
2347.20226788521,3.5,0.0406
2348.2175681591,3.5,0.0432
2349.21920347214,3.5,0.0406
2350.22476744652,3.5,0.0432
2351.22538471222,3.5,0.0406
2352.2403550148,3.5,0.0406
2354.2424249649,3.5,0.0432
2355.24536442757,3.5,0.0405
2356.24616909027,3.5,0.0406
2357.24696397781,3.5,0.0432
2358.2486371994,3.5,0.0406
2359.26467347145,3.5,0.0406
2360.26516628265,3.5,0.0405
2361.27583622932,3.5,0.0432
2362.28505134583,3.5,0.0406
2363.29409337044,3.5,0.0432
2364.3088312149,3.5,0.0406
2365.32451891899,3.5,0.0432
2366.34224319458,3.5,0.0406
2367.35838031769,3.5,0.0432
2368.37281990051,3.5,0.0406
2369.39143157005,3.5,0.0432
2370.40764355659,3.5,0.0406
2372.42470645905,3.5,0.0474
2373.43701457977,3.5,0.0474
2374.45180416107,3.5,0.0432
2375.46040201187,3.5,0.0432
2376.47718477249,3.5,0.0468
2377.49543595314,3.5,0.0468
2378.51144599915,3.5,0.0406
2379.53290939331,3.5,0.0468
2380.54989910126,3.5,0.0406
2381.56619668007,3.5,0.0468
2382.5814781189,3.5,0.0474
2383.59297013283,3.5,0.0474
2384.60402107239,3.5,0.0474
2385.6161942482,3.5,0.0432
2386.63354849815,3.5,0.0474
2387.64643335342,3.5,0.0474
2388.66239309311,3.5,0.0406
2389.67931342125,3.5,0.0432
2390.69781851768,3.5,0.0406
2392.71478509903,3.5,0.0432
2393.72602295876,3.5,0.0406
2394.7415869236,3.5,0.0432
2395.75251293182,3.5,0.0406
2396.76876568794,3.5,0.0405
2397.78628921509,3.5,0.0406
2398.80268764496,3.5,0.0432
2399.81961727142,3.5,0.0406
2400.83543586731,3.5,0.0432
2401.85344004631,3.5,0.0468
2402.87121272087,3.5,0.0432
2403.88808131218,3.5,0.0432
2404.90708136559,3.5,0.0406
2405.9230017662,3.5,0.0389
2406.92527699471,3.5,0.0406
2407.93877959251,3.5,0.0406
2408.95146465302,3.5,0.0474
2409.97206473351,3.5,0.0474
2410.988935709,3.5,0.0474
2413.01600861549,3.5,0.0474
2414.02356410027,3.5,0.0432
2415.02889561653,3.5,0.0466
2416.04079341888,3.5,0.0466
2417.05642795563,3.5,0.0468
2418.06004786491,3.5,0.0406
2419.06240367889,3.5,0.0468
2420.06716918945,3.5,0.0432
2421.06902766228,3.5,0.0468
2422.07034277916,3.5,0.0468
2423.07173585892,3.5,0.0474
2424.07254910469,3.5,0.0474
2425.07354879379,3.5,0.0406
2426.08194255829,3.5,0.043
2427.09010267258,3.5,0.0474
2428.09978413582,3.5,0.0432
2429.10815763474,3.5,0.0406
2430.1252849102,3.5,0.0406
2431.13386702538,3.5,0.0432
2433.14964985847,3.5,0.0432
2434.16314959526,3.5,0.0388
2435.18032598495,3.5,0.0406
2436.19675016403,3.5,0.0432
2437.22716712952,3.5,0.0432
2438.24440002441,3.5,0.0406
2439.24879288673,3.5,0.043
2440.26053404808,3.5,0.0432
2441.26485323906,3.5,0.0406
2442.26572871208,3.5,0.0432
2443.26826667786,3.5,0.0405
2444.27004098892,3.5,0.0432
2445.2713394165,3.5,0.0432
2446.27533102036,3.5,0.0432
2447.27778458595,3.5,0.0432
2448.27913045883,3.5,0.0406
2449.27967309952,3.5,0.0406
2450.28899335861,3.5,0.0406
2451.29820132256,3.5,0.0432
2453.30686593056,3.5,0.0406
2454.3090133667,3.5,0.0432
2455.31875085831,3.5,0.0406
2456.33302879333,3.5,0.0405
2457.34982895851,3.5,0.0432
2458.36675143242,3.5,0.0406
2459.38304066658,3.5,0.043
2460.3972799778,3.5,0.0432
2461.41399526596,3.5,0.0405
2462.43084621429,3.5,0.0432
2463.43922638893,3.5,0.0406
2464.45507097244,3.5,0.0432
2465.45753383636,3.5,0.0405
2466.47324466705,3.5,0.0406
2467.48987579346,3.5,0.0432
2468.50615954399,3.5,0.0474
2469.5222799778,3.5,0.0406
2471.52915930748,3.5,0.0406
2472.53503775597,3.5,0.0406
2473.55232071877,3.5,0.0432
2474.56992888451,3.5,0.0406
2475.58589816093,3.5,0.0406
2476.60245394707,3.5,0.0432
2477.61889052391,3.5,0.0432
2478.63483738899,3.5,0.0406
2479.65105104446,3.5,0.0432
2480.665163517,3.5,0.043
2481.68036341667,3.5,0.0432
2482.69669318199,3.5,0.0432
2483.70955729485,3.5,0.0474
2484.7249853611,3.5,0.0474
2485.73694515228,3.5,0.0405
2486.75076246262,3.5,0.0432
2487.76886177063,3.5,0.0405
2488.78864979744,3.5,0.0432
2490.80637574196,3.5,0.0432
2491.81661200523,3.5,0.0406
2492.83438515663,3.5,0.0432
2493.84020447731,3.5,0.0406
2494.85801434517,3.5,0.0406
2495.87497377396,3.5,0.0432
2496.88498497009,3.5,0.0406
2497.90128326416,3.5,0.0432
2498.90377044678,3.5,0.0405
2499.92075252533,3.5,0.0406
2500.93830108643,3.5,0.0432
2501.95351815224,3.5,0.0406
2502.97096705437,3.5,0.0406
2503.98441934586,3.5,0.0432
2505.00118851662,3.5,0.0405
2506.00974822044,3.5,0.0406
2507.02545404434,3.5,0.0406
2508.02792882919,3.5,0.0432
2509.0594201088,3.5,0.0432
2511.06447887421,3.5,0.0406
2512.06597328186,3.5,0.0406
2513.07903337479,3.5,0.0432
2514.08022403717,3.5,0.0406
2515.08399271965,3.5,0.0405
2516.09898257256,3.5,0.0432
2517.10394763947,3.5,0.0406
2518.10547232628,3.5,0.0388
2519.10630774498,3.5,0.0432
2520.10813760757,3.5,0.0406
2521.10876226425,3.5,0.0432
2522.10992646217,3.5,0.0406
2523.11123585701,3.5,0.0405
2524.12303614616,3.5,0.0432
2525.1305577755,3.5,0.0406
2526.1401860714,3.5,0.0432
2527.15409231186,3.5,0.0405
2528.16874146461,3.5,0.0432
2529.18589258194,3.5,0.0406
2531.20286655426,3.5,0.0432
2532.2117729187,3.5,0.0406
2533.22954821587,3.5,0.0432
2534.26226520538,3.5,0.0405
2535.27452850342,3.5,0.0388
2536.27796363831,3.5,0.0406
2537.28018832207,3.5,0.0432
2538.2820122242,3.5,0.0406
2539.28344869614,3.5,0.0405
2540.29568505287,3.5,0.0406
2541.2979631424,3.5,0.0406
2542.30042695999,3.5,0.0406
2543.30333900452,3.5,0.0432
2544.30449199677,3.5,0.0405
2545.30575037003,3.5,0.0432
2546.30731081963,3.5,0.0432
2547.30999922752,3.5,0.0432
2548.31077885628,3.5,0.0406
2549.31217932701,3.5,0.0432
2551.31357836723,3.5,0.0405
2552.33163976669,3.5,0.0432
2553.33284521103,3.5,0.0406
2554.34274435043,3.5,0.0432
2555.35115885735,3.5,0.0406
2556.35835337639,3.5,0.0432
2557.37267422676,3.5,0.0432
2558.38696742058,3.5,0.0406
2559.40400457382,3.5,0.0432
2560.42121171951,3.5,0.0406
2561.42576503754,3.5,0.0406
2562.44125175476,3.5,0.0405
2563.45744371414,3.5,0.0432
2564.47356343269,3.5,0.0405
2565.47685551643,3.5,0.0405
2566.49625849724,3.5,0.0432
2567.5125541687,3.5,0.0406
2568.53653669357,3.5,0.0432
2570.55158448219,3.5,0.0406
2571.56495118141,3.5,0.0432
2572.58275055885,3.5,0.0406
2573.59877848625,3.5,0.0432
2574.61698269844,3.5,0.0406
2575.63323307037,3.5,0.0432
2576.64982914925,3.5,0.0432
2577.66495490074,3.5,0.0406
2578.68101215363,3.5,0.0406
2579.69985485077,3.5,0.0432
2580.71419882774,3.5,0.0406
2581.72919583321,3.5,0.0432
2582.74684000015,3.5,0.0432
2583.76498842239,3.5,0.0474
2584.78125715256,3.5,0.0474
2585.79429244995,3.5,0.0406
2586.80964922905,3.5,0.0432
2587.8249335289,3.5,0.0405
2588.83809781075,3.5,0.0432
2590.85456204414,3.5,0.0432
2591.8652715683,3.5,0.0405
2592.88035678864,3.5,0.0432
2593.89714503288,3.5,0.0405
2594.9160387516,3.5,0.0406
2595.93134236336,3.5,0.0406
2596.93359160423,3.5,0.0432
2597.94842910767,3.5,0.0406
2598.96376848221,3.5,0.0432
2599.97925758362,3.5,0.0406
2600.9830198288,3.5,0.0406
2602.00088739395,3.5,0.043
2603.01104140282,3.5,0.0474
2604.01481056213,3.5,0.0432
2605.03245139122,3.5,0.0432
2606.0500254631,3.5,0.0406
2607.06579828262,3.5,0.0406
2608.09602046013,3.5,0.0432
2609.1051299572,3.5,0.0432
2611.11920809746,3.5,0.0406
2612.12959313393,3.5,0.0405
2613.13679814339,3.5,0.0432
2614.14192080498,3.5,0.0432
2615.1442155838,3.5,0.0406
2616.1452395916,3.5,0.0432
2617.14649057388,3.5,0.0432
2618.1471118927,3.5,0.0406
2619.16394734383,3.5,0.0432
2620.17554879189,3.5,0.0406
2621.19304728508,3.5,0.0406
2622.20874834061,3.5,0.0432
2623.21140646935,3.5,0.0406
2624.22895789146,3.5,0.0432
2625.24536895752,3.5,0.0474
2626.26440906525,3.5,0.0432
2627.29822564125,3.5,0.0406
2628.31142044067,3.5,0.0432
2629.31715369225,3.5,0.0474
2631.32136297226,3.5,0.0432
2632.3290143013,3.5,0.0432
2633.33185338974,3.5,0.0406
2634.33330464363,3.5,0.0468
2635.33478093147,3.5,0.0468
2636.33622479439,3.5,0.0432
2637.33881473541,3.5,0.0406
2638.34338450432,3.5,0.0468
2639.34612846375,3.5,0.0432
2640.34742760658,3.5,0.0406
2641.34870934486,3.5,0.0474
2642.34995222092,3.5,0.0406
2643.35033726692,3.5,0.0432
2644.35693264008,3.5,0.0432
2645.36698436737,3.5,0.0406
2646.37562632561,3.5,0.0405
2647.3857126236,3.5,0.0432
2648.3993499279,3.5,0.0406
2650.41360640526,3.5,0.0474
2651.42891073227,3.5,0.0432
2652.44577002525,3.5,0.0406
2653.46230721474,3.5,0.0405
2654.48138523102,3.5,0.0432
2655.49750900269,3.5,0.0406
2656.51458835602,3.5,0.0406
2657.53136944771,3.5,0.0432
2658.54770970345,3.5,0.0432
2659.55435943604,3.5,0.0432
2660.55903482437,3.5,0.0406
2661.57643771172,3.5,0.0406
2662.59295010567,3.5,0.0405
2663.61229133606,3.5,0.0432
2664.62865042686,3.5,0.0432
2665.63357591629,3.5,0.0432
2666.65143299103,3.5,0.0406
2667.6691262722,3.5,0.0432
2668.68609189987,3.5,0.0432
2670.70252084732,3.5,0.0432
2671.71311783791,3.5,0.0406
2672.73023629189,3.5,0.0432
2673.74973630905,3.5,0.0406
2674.76529502869,3.5,0.0432
2675.78361225128,3.5,0.0406
2676.79197335243,3.5,0.0432
2677.8108279705,3.5,0.0405
2678.827085495,3.5,0.0432
2679.84513998032,3.5,0.0406
2680.86645531654,3.5,0.0432
2681.88416433334,3.5,0.0406
2682.88649773598,3.5,0.0432
2683.90037584305,3.5,0.0432
2684.9132297039,3.5,0.0405
2685.93329596519,3.5,0.0405
2686.94345569611,3.5,0.0474
2687.96088218689,3.5,0.0405
2688.97970485687,3.5,0.0432
2690.99776101112,3.5,0.0406
2692.00780749321,3.5,0.0432
2693.02480053902,3.5,0.0432
2694.04259729385,3.5,0.0432
2695.05321907997,3.5,0.0432
2696.07091116905,3.5,0.0405
2697.08854579926,3.5,0.0466
2698.10953736305,3.5,0.0432
2699.14676094055,3.5,0.0406
2700.15804386139,3.5,0.0406
2701.16047120094,3.5,0.0432
2702.1701169014,3.5,0.0388
2703.17305970192,3.5,0.0406
2704.17614221573,3.5,0.0432
2705.17925596237,3.5,0.0406
2706.18041062355,3.5,0.0474
2707.18144321442,3.5,0.0474
2708.20117402077,3.5,0.0406
2710.20292305946,3.5,0.0405
2711.20878791809,3.5,0.043
2712.22467684746,3.5,0.0406
2713.23717069626,3.5,0.0468
2714.25005531311,3.5,0.0406
2715.26586461067,3.5,0.0405
2716.27936720848,3.5,0.0432
2717.29525351524,3.5,0.0406
2718.30780673027,3.5,0.0432
2719.31028461456,3.5,0.0405
2720.34708237648,3.5,0.0432
2721.35496973991,3.5,0.0406
2722.37017774582,3.5,0.0406
2723.38376832008,3.5,0.0406
2724.3869125843,3.5,0.0432
2725.39211702347,3.5,0.0432
2726.39394879341,3.5,0.0432
2727.39543414116,3.5,0.043
2728.39724397659,3.5,0.0405
2730.40866923332,3.5,0.0432
2731.41277480125,3.5,0.0432
2732.42250061035,3.5,0.0432
2733.42929458618,3.5,0.0432
2734.44127774239,3.5,0.0406
2735.46209788322,3.5,0.0432
2736.47356963158,3.5,0.0432
2737.47602415085,3.5,0.0432
2738.49392199516,3.5,0.0432
2739.5110142231,3.5,0.0405
2740.5263698101,3.5,0.0406
2741.54545426369,3.5,0.0432
2742.563549757,3.5,0.0432
2743.58028769493,3.5,0.0406
2744.59040141106,3.5,0.0432
2745.60206675529,3.5,0.0406
2746.61973595619,3.5,0.0474
2747.63621044159,3.5,0.0474
2748.65193009377,3.5,0.0432
2750.66838407516,3.5,0.0432
2751.67442631721,3.5,0.0406
2752.69182729721,3.5,0.0432
2753.70737719536,3.5,0.0406
2754.72446322441,3.5,0.0406
2755.73724246025,3.5,0.0406
2756.75565838814,3.5,0.0406
2757.77234148979,3.5,0.0432
2758.79292654991,7.5,0.0405
2759.81156635284,7.5,0.0405
2760.82739138603,7.5,0.0432
2761.84353423119,7.5,0.0406
2762.8607647419,7.5,0.0474
2763.87515568733,7.5,0.0406
2764.87743854523,7.5,0.0432
2765.89350700378,7.5,0.0406
2766.90752243996,7.5,0.0483
2767.92488050461,7.5,0.0491
2768.94104385376,7.5,0.05
2770.95817494392,7.5,0.0466
2771.9692504406,7.5,0.0508
2772.98713159561,7.5,0.0466
2773.99895644188,7.5,0.0466
2775.01654791832,7.5,0.043
2776.02525258064,7.5,0.0389
2777.04475188255,7.5,0.043
2778.06170272827,7.5,0.0405
2779.07925820351,7.5,0.0432
2780.09527420998,7.5,0.0468
2781.10611987114,7.5,0.0474
2782.1086306572,7.5,0.044
2783.12475204468,7.5,0.0483
2784.14538240433,7.5,0.0534
2785.18263840675,7.5,0.0544
2786.18936562538,7.5,0.0551
2787.1954741478,7.5,0.0517
2788.19949889183,7.5,0.0483
2789.20305037498,7.5,0.057
2791.21890807152,7.5,0.0576
2792.22797942162,7.5,0.0534
2793.22986078262,7.5,0.0534
2794.23103785515,7.5,0.0534
2795.231518507,7.5,0.0534
2796.2324078083,7.5,0.0534
2797.23284745216,7.5,0.05
2798.23383998871,7.5,0.0542
2799.23546648026,7.5,0.0544
2800.23697257042,7.5,0.0544
2801.24887013435,7.5,0.0544
2802.25603675842,7.5,0.0542
2803.2661356926,7.5,0.0595
2804.275400877,7.5,0.0604
2805.2877073288,7.5,0.0525
2806.30277609825,7.5,0.0612
2807.31098127365,7.5,0.0621
2808.32823944092,7.5,0.0544
2809.34341454506,7.5,0.0629
2811.3551363945,7.5,0.0638
2812.39031720161,7.5,0.0638
2813.40338206291,7.5,0.0595
2814.40642309189,7.5,0.0595
2815.40811538696,7.5,0.0595
2816.41711759567,7.5,0.0595
2817.42279148102,7.5,0.0595
2818.42721128464,7.5,0.0561
2819.42865347862,7.5,0.0595
2820.42924237251,7.5,0.0561
2821.4310529232,7.5,0.0561
2822.43193387985,7.5,0.0646
2823.43356919289,7.5,0.0612
2824.4346446991,7.5,0.0612
2825.4363386631,7.5,0.0663
2826.43688178062,7.5,0.0587
2827.43750095367,7.5,0.0672
2828.43831515312,7.5,0.0638
2829.439047575,7.5,0.068
2831.44013857841,7.5,0.0689
2832.44974446297,7.5,0.0689
2833.45598816872,7.5,0.0689
2834.46341538429,7.5,0.0689
2835.4727563858,7.5,0.0689
2836.4834227562,7.5,0.0689
2837.49505019188,7.5,0.0689
2838.51125025749,7.5,0.0689
2839.52817177773,7.5,0.0689
2840.54785346985,7.5,0.0646
2841.56528449059,7.5,0.0697
2842.57328009605,7.5,0.0655
2843.57969093323,7.5,0.0706
2844.59477090836,7.5,0.0663
2845.6096227169,7.5,0.0714
2846.62569236755,7.5,0.0672
2847.64268755913,7.5,0.0723
2849.65900802612,7.5,0.068
2850.66840410233,7.5,0.0689
2851.68507003784,7.5,0.0689
2852.70361375809,7.5,0.0689
2853.71019434929,7.5,0.0731
2854.72126507759,7.5,0.0733
2855.738083601,7.5,0.0731
2856.75869846344,7.5,0.0731
2857.76624178886,7.5,0.0731
2858.78335833549,7.5,0.0731
2859.79681015015,7.5,0.0731
2860.81108045578,7.5,0.0689
2861.82655239105,7.5,0.0741
2862.84216308594,7.5,0.0697
2863.8548810482,7.5,0.075
2864.8662788868,7.5,0.0706
2865.88744783401,7.5,0.0758
2866.9039375782,7.5,0.0758
2867.92000102997,7.5,0.0723
2869.93781518936,7.5,0.0767
2870.95033216476,7.5,0.0724
2871.96672415733,7.5,0.0723
2872.98096776009,7.5,0.0724
2873.99504041672,7.5,0.0724
2875.00745725632,7.5,0.0724
2876.02377796173,7.5,0.0724
2877.03203439713,7.5,0.0689
2878.05013751984,7.5,0.0731
2879.06685471535,7.5,0.0731
2880.08343577385,7.5,0.0731
2881.10144495964,7.5,0.0775
2882.1177482605,7.5,0.0733
2883.12038040161,7.5,0.0784
2884.13193058968,7.5,0.0741
2885.14387583733,7.5,0.075
2886.15581035614,7.5,0.0792
2887.17254972458,7.5,0.0758
2888.1892952919,7.5,0.0801
2890.19609165192,7.5,0.0758
2891.21174740791,7.5,0.0767
2892.23144507408,7.5,0.0767
2893.24923944473,7.5,0.0767
2894.25508022308,7.5,0.0767
2895.25680589676,7.5,0.0767
2896.26078510284,7.5,0.0767
2897.26763916016,7.5,0.0767
2898.26883029938,7.5,0.0767
2899.26976847649,7.5,0.0767
2900.2706656456,7.5,0.0809
2901.27212882042,7.5,0.0809
2902.28306150436,7.5,0.0775
2903.28950023651,7.5,0.0818
2904.29705381393,7.5,0.0775
2905.30413222313,7.5,0.0784
2906.31435608864,7.5,0.0826
2907.32788300514,7.5,0.0784
2908.33139443398,7.5,0.0835
2910.3478269577,7.5,0.0792
2911.36051726341,7.5,0.0792
2912.37762999535,7.5,0.0792
2913.39284420013,7.5,0.0792
2914.42070913315,7.5,0.0792
2915.43964552879,7.5,0.0792
2916.4430243969,7.5,0.0792
2917.45331096649,7.5,0.0792
2918.45808053017,7.5,0.0792
2919.46121931076,7.5,0.0801
2920.46207904816,7.5,0.0801
2921.46691274643,7.5,0.0801
2922.46947598457,7.5,0.0801
2923.47079014778,7.5,0.0809
2924.4717361927,7.5,0.0809
2925.47244906425,7.5,0.0809
2926.47396683693,7.5,0.0818
2927.47447705269,7.5,0.0835
2928.47536110878,7.5,0.0818
2930.47585582733,7.5,0.0826
2931.48670363426,7.5,0.0869
2932.4886136055,7.5,0.0869
2933.49788975716,7.5,0.0869
2934.50745773315,7.5,0.0869
2935.50807619095,7.5,0.0869
2936.51803469658,7.5,0.0869
2937.53019809723,7.5,0.0869
2938.5415391922,7.5,0.0869
2939.55788683891,7.5,0.0869
2940.57396483421,7.5,0.0869
2941.59135222435,7.5,0.0835
2942.60373735428,7.5,0.0879
2943.61808681488,7.5,0.0879
2944.62425017357,7.5,0.0801
2945.6417658329,7.5,0.0886
2946.6500287056,7.5,0.0886
2947.66138029099,7.5,0.0809
2949.67976164818,7.5,0.0896
2950.6822142601,7.5,0.0896
2951.68600726128,7.5,0.0894
2952.70767664909,7.5,0.0896
2953.72397089005,7.5,0.0896
2954.74107027054,7.5,0.0894
2955.74768328667,7.5,0.0894
2956.76299643517,7.5,0.0896
2957.77101349831,7.5,0.0894
2958.78884315491,7.5,0.0894
2959.80506801605,7.5,0.0894
2960.82586050034,7.5,0.0818
2961.84092092514,7.5,0.0904
2962.85669517517,7.5,0.0904
2963.87077140808,7.5,0.0826
2964.88687324524,7.5,0.0869
2965.90278148651,7.5,0.0913
2966.90730333328,7.5,0.0956
2967.92403650284,7.5,0.0877
2969.93924307823,7.5,0.0921
2970.95298433304,7.5,0.0921
2971.97082400322,7.5,0.0921
2972.98200082779,7.5,0.0921
2973.98606991768,7.5,0.0921
2975.00245761871,7.5,0.0921
2976.01798415184,7.5,0.0921
2977.03411531448,7.5,0.0921
2978.05140852928,7.5,0.0921
2979.06904864311,7.5,0.0921
2980.08482480049,7.5,0.0921
2981.09963202477,7.5,0.0921
2982.11429929733,7.5,0.0886
2983.13977169991,7.5,0.093
2984.15694117546,7.5,0.093
2985.17686772346,7.5,0.0896
2986.18977332115,7.5,0.0939
2987.20657157898,7.5,0.0939
2988.21103620529,7.5,0.0894
2990.22955560684,7.5,0.0904
2991.24298405647,7.5,0.0947
2992.25824689865,7.5,0.0947
2993.28790736198,7.5,0.0947
2994.31119942665,7.5,0.0947
2995.32167482376,7.5,0.0947
2996.32406187057,7.5,0.0947
2997.3302936554,7.5,0.0947
2998.33674550056,7.5,0.0947
2999.33804559708,7.5,0.0947
3000.33928465843,7.5,0.0947
3001.3398399353,7.5,0.0989
3002.34090709686,7.5,0.0913
3003.34228825569,7.5,0.0956
3004.34311842918,7.5,0.0956
3005.34465551376,7.5,0.0998
3006.34507727623,7.5,0.0956
3007.34555435181,7.5,0.0964
3008.34663319588,7.5,0.0964
3010.34821987152,7.5,0.1006
3011.35578274727,7.5,0.0964
3012.36581325531,7.5,0.0964
3013.37470412254,7.5,0.0964
3014.38282442093,7.5,0.0964
3015.39786601067,7.5,0.0921
3016.41333460808,7.5,0.0964
3017.42705154419,7.5,0.0921
3018.45736670494,7.5,0.0921
3019.47520780563,7.5,0.0921
3020.47792029381,7.5,0.093
3021.48823451996,7.5,0.0973
3022.49266028404,7.5,0.0973
3023.4951915741,7.5,0.0973
3024.49897623062,7.5,0.0939
3025.50236368179,7.5,0.0981
3026.5040242672,7.5,0.0981
3027.50533032417,7.5,0.0981
3029.5061480999,7.5,0.0947
3030.50691342354,7.5,0.0947
3031.50799322128,7.5,0.0947
3032.50879096985,7.5,0.0947
3033.50991725922,7.5,0.0947
3034.51077795029,7.5,0.0989
3035.51131629944,7.5,0.0989
3036.51264500618,7.5,0.0989
3037.51366877556,7.5,0.0989
3038.51531553268,7.5,0.0989
3039.51620006561,7.5,0.0989
3040.51721119881,7.5,0.1032
3041.51849198341,7.5,0.0989
3042.51972579956,7.5,0.0956
3043.52088618279,7.5,0.0998
3044.52897381783,7.5,0.1041
3045.53854560852,7.5,0.0998
3047.54774522781,7.5,0.0964
3048.55989146233,7.5,0.0964
3049.57214808464,7.5,0.0964
3050.58737540245,7.5,0.1006
3051.59091639519,7.5,0.0964
3052.60751891136,7.5,0.1006
3053.62417793274,7.5,0.1006
3054.63920426369,7.5,0.1006
3055.65682983398,7.5,0.1006
3056.67568659782,7.5,0.1006
3057.69327068329,7.5,0.1006
3058.71045613289,7.5,0.1006
3059.72691726685,7.5,0.1051
3060.7438147068,7.5,0.1006
3061.75509786606,7.5,0.0973
3062.77097654343,7.5,0.1015
3063.7880089283,7.5,0.1015
3064.80532932281,7.5,0.1059
3065.82247853279,7.5,0.0973
3067.83913683891,7.5,0.0981
3068.8522632122,7.5,0.1023
3069.86959075928,7.5,0.1023
3070.88513565063,7.5,0.1023
3071.90084123611,7.5,0.1023
3072.91888642311,7.5,0.1023
3073.93459367752,7.5,0.1023
3074.95215082169,7.5,0.1023
3075.96966362,7.5,0.1023
3076.98985958099,7.5,0.1023
3078.01151895523,7.5,0.1023
3079.02575016022,7.5,0.1023
3080.04239964485,7.5,0.1068
3081.05947732925,7.5,0.1023
3082.08174157143,7.5,0.0989
3083.09772920609,7.5,0.1032
3084.11894798279,7.5,0.1032
3085.13377380371,7.5,0.1076
3086.15051698685,7.5,0.1032
3088.16197109222,7.5,0.0998
3089.17185997963,7.5,0.1041
3090.18704462051,7.5,0.1041
3091.18953418732,7.5,0.1041
3092.19301271439,7.5,0.1041
3093.21103310585,7.5,0.1041
3094.22562074661,7.5,0.1042
3095.24265527725,7.5,0.1041
3096.26007390022,7.5,0.1042
3097.27797150612,7.5,0.1042
3098.29508709908,7.5,0.1042
3099.30736994743,7.5,0.1041
3100.34517979622,7.5,0.1085
3101.35597062111,7.5,0.1042
3102.35829496384,7.5,0.1042
3103.36195063591,7.5,0.1051
3104.372153759,7.5,0.1049
3105.37573575974,7.5,0.1093
3106.38428878784,7.5,0.1093
3108.38543486595,7.5,0.1049
3109.39481186867,7.5,0.1051
3110.39597201347,7.5,0.1015
3111.39785194397,7.5,0.1015
3112.39898324013,7.5,0.1015
3113.39959144592,7.5,0.1015
3114.40963459015,7.5,0.1015
3115.4167098999,7.5,0.1015
3116.42596101761,7.5,0.1015
3117.43410253525,7.5,0.1015
3118.44777727127,7.5,0.1015
3119.46370625496,7.5,0.1059
3120.48030352592,7.5,0.1059
3121.48675680161,7.5,0.1102
3122.49730539322,7.5,0.1059
3123.51499938965,7.5,0.1059
3124.548132658,7.5,0.1023
3125.56523752213,7.5,0.1068
3126.57148766518,7.5,0.1066
3128.57534885406,7.5,0.111
3129.58056378365,7.5,0.111
3130.58187866211,7.5,0.111
3131.58571100235,7.5,0.111
3132.58954024315,7.5,0.111
3133.59176301956,7.5,0.111
3134.59311890602,7.5,0.111
3135.59383296967,7.5,0.111
3136.59451365471,7.5,0.111
3137.59747743607,7.5,0.111
3138.59916448593,7.5,0.1068
3139.60030627251,7.5,0.1066
3140.60119509697,7.5,0.1032
3141.60189008713,7.5,0.1076
3142.61623764038,7.5,0.1076
3143.61735534668,7.5,0.1119
3144.625010252,7.5,0.1119
3145.63179588318,7.5,0.1076
3146.64084243774,7.5,0.1042
3148.64825534821,7.5,0.1085
3149.66144943237,7.5,0.1085
3150.66938900948,7.5,0.1085
3151.68547797203,7.5,0.1085
3152.70162153244,7.5,0.1085
3153.71722579002,7.5,0.1085
3154.73358559608,7.5,0.1085
3155.75095176697,7.5,0.1085
3156.7677564621,7.5,0.1085
3157.78343820572,7.5,0.1085
3158.80016851425,7.5,0.1085
3159.80998539925,7.5,0.1127
3160.82778358459,7.5,0.1127
3161.84457540512,7.5,0.1085
3162.84948015213,7.5,0.1085
3163.86735486984,7.5,0.1049
3164.88470196724,7.5,0.1093
3165.90617370605,7.5,0.1093
3166.92264676094,7.5,0.1136
3168.94017219543,7.5,0.1136
3169.94989156723,7.5,0.1136
3170.96665477753,7.5,0.1093
3171.98459386826,7.5,0.1136
3172.99602651596,7.5,0.1136
3174.01200008392,7.5,0.1093
3175.02840566635,7.5,0.1093
3176.04425835609,7.5,0.1093
3177.06000757217,7.5,0.1093
3178.07517647743,7.5,0.1093
3179.09188008308,7.5,0.1093
3180.09638142586,7.5,0.1093
3181.11222338676,7.5,0.1059
3182.12911891937,7.5,0.1102
3183.14614868164,7.5,0.1102
3184.16303157806,7.5,0.1144
3185.18147206306,7.5,0.1144
3186.19980740547,7.5,0.1102
3187.21935939789,7.5,0.1102
3189.23954677582,7.5,0.1068
3190.25007009506,7.5,0.111
3191.26105546951,7.5,0.111
3192.27774596214,7.5,0.111
3193.29584169388,7.5,0.111
3194.31482410431,7.5,0.111
3195.31893634796,7.5,0.111
3196.33515167236,7.5,0.111
3197.35187220573,7.5,0.111
3198.3690392971,7.5,0.111
3199.40226840973,7.5,0.111
3200.42057156563,7.5,0.111
3201.42236328125,7.5,0.111
3202.43115472794,7.5,0.1153
3203.4390707016,7.5,0.1153
3204.44168782234,7.5,0.111
3205.44586133957,7.5,0.111
3206.45176124573,7.5,0.1076
3207.45233511925,7.5,0.1119
3209.45421910286,7.5,0.1119
3210.46304416656,7.5,0.1119
3211.46403479576,7.5,0.1119
3212.46513032913,7.5,0.1119
3213.46564292908,7.5,0.1119
3214.47340297699,7.5,0.1119
3215.48165893555,7.5,0.1119
3216.48226618767,7.5,0.1119
3217.49220395088,7.5,0.1119
3218.50266361237,7.5,0.1119
3219.51685357094,7.5,0.1161
3220.5319674015,7.5,0.1161
3221.54872107506,7.5,0.1161
3222.57974648476,7.5,0.1119
3223.59717297554,7.5,0.1119
3224.59826731682,7.5,0.1085
3225.59922146797,7.5,0.1127
3226.60089921951,7.5,0.1127
3228.60560631752,7.5,0.117
3229.61986064911,7.5,0.117
3230.6254234314,7.5,0.117
3231.62740898132,7.5,0.117
3232.62870573997,7.5,0.117
3233.62918925285,7.5,0.117
3234.63028812408,7.5,0.117
3235.6326546669,7.5,0.117
3236.63544654846,7.5,0.117
3237.63621354103,7.5,0.117
3238.63690376282,7.5,0.117
3239.63747739792,7.5,0.117
3240.63806176186,7.5,0.1127
3241.63877010345,7.5,0.1127
3242.63947844505,7.5,0.1127
3243.63994979858,7.5,0.1136
3244.6428000927,7.5,0.1136
3245.64377307892,7.5,0.1136
3246.64749550819,7.5,0.118
3248.65699625015,7.5,0.1178
3249.66572165489,7.5,0.1178
3250.67283844948,7.5,0.1178
3251.68377971649,7.5,0.1178
3252.69523334503,7.5,0.1178
3253.70815134048,7.5,0.1178
3254.72362208366,7.5,0.1178
3255.73877167702,7.5,0.1178
3256.74992418289,7.5,0.1178
3257.76123738289,7.5,0.1178
3258.77552819252,7.5,0.1178
3259.79121994972,7.5,0.1136
3260.80851793289,7.5,0.1136
3261.81860113144,7.5,0.1136
3262.83433461189,7.5,0.1144
3263.85419368744,7.5,0.1144
3264.86837267876,7.5,0.1144
3265.87466144562,7.5,0.1144
3266.88413977623,7.5,0.1187
3268.90088939667,7.5,0.1187
3269.91185712814,7.5,0.1187
3270.92983198166,7.5,0.1187
3271.94589591026,7.5,0.1187
3272.96203970909,7.5,0.1187
3273.96451592445,7.5,0.1187
3274.981143713,7.5,0.1187
3275.98378825188,7.5,0.1187
3277.00066208839,7.5,0.1187
3278.01746225357,7.5,0.1187
3279.03415513039,7.5,0.1144
3280.05211186409,7.5,0.1144
3281.06605839729,7.5,0.1144
3282.08504009247,7.5,0.111
3283.10114073753,7.5,0.1153
3284.12021255493,7.5,0.1153
3285.13474965096,7.5,0.1153
3286.15409421921,7.5,0.1197
3287.17055654526,7.5,0.1195
3289.18798303604,7.5,0.1197
3290.19973230362,7.5,0.1195
3291.21784853935,7.5,0.1153
3292.23485350609,7.5,0.1153
3293.25042843819,7.5,0.1153
3294.26603984833,7.5,0.1153
3295.2816927433,7.5,0.1153
3296.29635667801,7.5,0.1153
3297.31358456612,7.5,0.1153
3298.32238221169,7.5,0.1153
3299.33572793007,7.5,0.1153
3300.34623599052,7.5,0.1153
3301.36352348328,7.5,0.1153
3302.38132667542,7.5,0.1161
3303.39181208611,7.5,0.1161
3304.40931844711,7.5,0.1161
3305.4193406105,7.5,0.1161
3306.43585848808,7.5,0.1205
3307.46744847298,7.5,0.1204
3309.47373890877,7.5,0.1204
3310.48603796959,7.5,0.1161
3311.48926615715,7.5,0.1161
3312.49282765388,7.5,0.1161
3313.49638271332,7.5,0.1161
3314.50428009033,7.5,0.1161
3315.50599002838,7.5,0.1161
3316.51126170158,7.5,0.1161
3317.51359391212,7.5,0.1161
3318.51724171638,7.5,0.1161
3319.51791238785,7.5,0.1161
3320.51849126816,7.5,0.1161
3321.51995801926,7.5,0.1161
3322.52132630348,7.5,0.1161
3323.52193641663,7.5,0.117
3324.52441596985,7.5,0.117
3325.52506494522,7.5,0.117
3326.52881932259,7.5,0.1212
3327.53587174416,7.5,0.1212
3329.54611873627,7.5,0.1214
3330.55774092674,7.5,0.1212
3331.56595754623,7.5,0.1212
3332.57739067078,7.5,0.1212
3333.59188604355,7.5,0.1214
3334.60593652725,7.5,0.1212
3335.61213135719,7.5,0.1212
3336.64846348763,7.5,0.1212
3337.65833759308,7.5,0.1212
3338.67155599594,7.5,0.1212
3339.67316269875,7.5,0.1212
3340.67373299599,7.5,0.117
3341.6757979393,7.5,0.117
3342.67732143402,7.5,0.117
3343.68794775009,7.5,0.1136
3344.68936991692,7.5,0.1178
3345.69358301163,7.5,0.1178
3346.69883418083,7.5,0.1178
3347.70080900192,7.5,0.1222
3349.70259380341,7.5,0.1222
3350.70422816277,7.5,0.1222
3351.70476341248,7.5,0.1221
3352.70581865311,7.5,0.1221
3353.70693778992,7.5,0.1222
3354.7078473568,7.5,0.1222
3355.70865893364,7.5,0.1222
3356.71017885208,7.5,0.1222
3357.71109557152,7.5,0.1222
3358.71300387383,7.5,0.1222
3359.71427607536,7.5,0.1222
3360.71476697922,7.5,0.1178
3361.71643805504,7.5,0.1178
3362.72123527527,7.5,0.1178
3363.73252391815,7.5,0.1178
3364.73957657814,7.5,0.1178
3365.75034427643,7.5,0.1187
3367.76300382614,7.5,0.1187
3368.77500891685,7.5,0.1187
3369.79112195969,7.5,0.1187
3370.79875063896,7.5,0.1187
3371.81663966179,7.5,0.1187
3372.82605695724,7.5,0.1187
3373.84107208252,7.5,0.1187
3374.85263895988,7.5,0.1187
3375.87047982216,7.5,0.1187
3376.88246297836,7.5,0.1187
3377.9008872509,7.5,0.1187
3378.91606426239,7.5,0.1187
3379.92702078819,7.5,0.1231
3380.94353747368,7.5,0.1231
3381.96481370926,7.5,0.1231
3382.97794437408,7.5,0.1231
3383.99544811249,7.5,0.1231
3385.0124373436,7.5,0.1187
3386.03126573563,7.5,0.1187
3388.0523481369,7.5,0.1187
3389.05439782143,7.5,0.1187
3390.06683754921,7.5,0.1187
3391.08412957191,7.5,0.1187
3392.10073781013,7.5,0.1187
3393.11804080009,7.5,0.1187
3394.1334373951,7.5,0.1187
3395.13959145546,7.5,0.1187
3396.154941082,7.5,0.1187
3397.17196846008,7.5,0.1187
3398.18100547791,7.5,0.1187
3399.18704223633,7.5,0.1187
3400.20507025719,7.5,0.1195
3401.21686315536,7.5,0.1197
3402.23361992836,7.5,0.1195
3403.25128698349,7.5,0.1197
3404.26210284233,7.5,0.1239
3405.28024482727,7.5,0.1239
3406.29780697823,7.5,0.1239
3408.31307697296,7.5,0.1239
3409.32338762283,7.5,0.1239
3410.33982467651,7.5,0.1239
3411.3577644825,7.5,0.1239
3412.37531971931,7.5,0.1239
3413.39537763596,7.5,0.1239
3414.41162228584,7.5,0.1239
3415.42841148376,7.5,0.1239
3416.44546175003,7.5,0.1239
3417.45527672768,7.5,0.1239
3418.47193336487,7.5,0.1239
3419.49115538597,7.5,0.1195
3420.50704455376,7.5,0.1195
3421.54516077042,7.5,0.1195
3422.5633687973,7.5,0.1195
3423.59191942215,7.5,0.1195
3424.59288644791,7.5,0.1204
3425.59347867966,7.5,0.1204
3426.59503006935,7.5,0.1204
3428.59588885307,7.5,0.1204
3429.60510969162,7.5,0.1204
3430.61423444748,7.5,0.1205
3431.61605787277,7.5,0.1205
3432.62742066383,7.5,0.1204
3433.62779068947,7.5,0.1204
3434.6371307373,7.5,0.1204
3435.64893507957,7.5,0.1204
3436.66490125656,7.5,0.1204
3437.67834162712,7.5,0.1204
3438.69178915024,7.5,0.1205
3439.72553944588,7.5,0.1248
3440.74216222763,7.5,0.1248
3441.74414777756,7.5,0.1248
3442.75711965561,7.5,0.1248
3443.75866317749,7.5,0.1248
3444.76034617424,7.5,0.1205
3445.76850295067,7.5,0.1204
3446.76939511299,7.5,0.1204
3448.77056694031,7.5,0.1204
3449.77121758461,7.5,0.1204
3450.77200031281,7.5,0.1204
3451.77259135246,7.5,0.1204
3452.77418875694,7.5,0.1204
3453.77617073059,7.5,0.1204
3454.77962064743,7.5,0.1204
3455.78231287003,7.5,0.1204
3456.78902935982,7.5,0.1204
3457.79890370369,7.5,0.1204
3458.80584383011,7.5,0.1204
3459.81774330139,7.5,0.1212
3460.83125948906,7.5,0.1212
3461.83894276619,7.5,0.1212
3462.8547437191,7.5,0.1212
3463.85682201385,7.5,0.1212
3464.87380194664,7.5,0.1256
3466.88487839699,7.5,0.1256
3467.89683699608,7.5,0.1256
3468.91238689423,7.5,0.1256
3469.92220711708,7.5,0.1256
3470.94076490402,7.5,0.1256
3471.95799827576,7.5,0.1256
3472.98308801651,7.5,0.1256
3473.99817872047,7.5,0.1256
3475.01030087471,7.5,0.1256
3476.02631425858,7.5,0.1256
3477.04307889938,7.5,0.1256
3478.05902028084,7.5,0.1256
3479.07446527481,7.5,0.1256
3480.08994889259,7.5,0.1256
3481.10507702827,7.5,0.1212
3482.12127518654,7.5,0.1212
3483.13668680191,7.5,0.1212
3484.15141773224,7.5,0.1212
3485.1676068306,7.5,0.1212
3487.1849656105,7.5,0.1212
3488.18991518021,7.5,0.1212
3489.20576524734,7.5,0.1212
3490.22360181808,7.5,0.1212
3491.23961019516,7.5,0.1212
3492.25628972054,7.5,0.1212
3493.25972890854,7.5,0.1212
3494.2750647068,7.5,0.1212
3495.28234601021,7.5,0.1214
3496.29378390312,7.5,0.1212
3497.3099591732,7.5,0.1212
3498.31279349327,7.5,0.1222
3499.33183073997,7.5,0.1221
3500.35081386566,7.5,0.1222
3501.36794614792,7.5,0.1222
3502.38424706459,7.5,0.1221
3503.40052103996,7.5,0.1222
3504.40851640701,7.5,0.1265
3505.42197465897,7.5,0.1265
3507.43293452263,7.5,0.1265
3508.44401693344,7.5,0.1265
3509.45256352425,7.5,0.1265
3510.47001051903,7.5,0.1265
3511.48396968842,7.5,0.1265
3512.49551224709,7.5,0.1265
3513.51080608368,7.5,0.1265
3514.52700662613,7.5,0.1265
3515.54356646538,7.5,0.1265
3516.57624220848,7.5,0.1265
3517.61418700218,7.5,0.1265
3518.61582660675,7.5,0.1265
3519.61681270599,7.5,0.1265
3520.61764717102,7.5,0.1265
3521.61847233772,7.5,0.1265
3522.61938500404,7.5,0.1222
3523.61993670464,7.5,0.1222
3524.62188577652,7.5,0.1221
3525.62267303467,7.5,0.1222
3527.6241877079,7.5,0.1222
3528.62990856171,7.5,0.1221
3529.63162255287,7.5,0.1222
3530.63305091858,7.5,0.1222
3531.63424968719,7.5,0.1222
3532.63631558418,7.5,0.1222
3533.6369407177,7.5,0.1222
3534.64570498466,7.5,0.1222
3535.65813946724,7.5,0.1222
3536.6623506546,7.5,0.1222
3537.6741771698,7.5,0.1222
3538.67604136467,7.5,0.1222
3539.6929898262,7.5,0.1231
3540.71007466316,7.5,0.1229
3541.72587537766,7.5,0.1231
3542.74118089676,7.5,0.1231
3543.77166128159,7.5,0.1229
3544.7876996994,7.5,0.1229
3546.79765558243,7.5,0.1231
3547.80251955986,7.5,0.1229
3548.80449533463,7.5,0.1231
3549.8060297966,7.5,0.1229
3550.80737781525,7.5,0.1229
3551.80888605118,7.5,0.1231
3552.81542801857,7.5,0.1231
3553.81730723381,7.5,0.1231
3554.81808161736,7.5,0.1231
3555.81885647774,7.5,0.1229
3556.81983160973,7.5,0.1231
3557.82047224045,7.5,0.1229
3558.82130169868,7.5,0.1229
3559.82231736183,7.5,0.1229
3560.82379293442,7.5,0.1229
3561.82468008995,7.5,0.1229
3562.82778215408,7.5,0.1231
3563.83011555672,7.5,0.1229
3564.8312227726,7.5,0.1231
3566.83196496964,7.5,0.1231
3567.8396499157,7.5,0.1229
3568.84003734589,7.5,0.1231
3569.85005164146,7.5,0.1229
3570.85832858086,7.5,0.1231
3571.8667986393,7.5,0.1231
3572.87112140656,7.5,0.1229
3573.88329839706,7.5,0.1231
3574.8993074894,7.5,0.1231
3575.91511273384,7.5,0.1231
3576.93024325371,7.5,0.1229
3577.93470621109,7.5,0.1231
3578.95218706131,7.5,0.1229
3579.96317577362,7.5,0.1231
3580.97886514664,7.5,0.1229
3581.99417352676,7.5,0.1229
3583.00891590118,7.5,0.1231
3584.02470088005,7.5,0.1231
3586.04203367233,7.5,0.1229
3587.05561923981,7.5,0.1231
3588.07228279114,7.5,0.1231
3589.08673620224,7.5,0.1231
3590.10232830048,7.5,0.1229
3591.11439275742,7.5,0.1229
3592.13262271881,7.5,0.1231
3593.14782428741,7.5,0.1231
3594.16430830956,7.5,0.1231
3595.18053936958,7.5,0.1229
3596.19700098038,7.5,0.1231
3597.21504974365,7.5,0.1239
3598.23154163361,7.5,0.1239
3599.24623465538,7.5,0.1239
3600.26618647575,7.5,0.1239
3601.28304696083,7.5,0.1239
3602.30046463013,7.5,0.1239
3603.31509709358,7.5,0.1239
3604.31979298592,7.5,0.1239
3606.33651804924,7.5,0.1239
3607.34706807137,7.5,0.1239
3608.36330366135,7.5,0.1239
3609.37883877754,7.5,0.1239
3610.39999222755,7.5,0.1239
3611.41600203514,7.5,0.1239
3612.4322218895,7.5,0.1239
3613.43912220001,7.5,0.1239
3614.45565700531,7.5,0.1239
3615.47335481644,7.5,0.1239
3616.49087715149,7.5,0.1239
3617.49568557739,7.5,0.1239
3618.51208257675,7.5,0.1239
3619.52290844917,7.5,0.1239
3620.5313475132,7.5,0.1239
3621.54539871216,7.5,0.1239
3622.56065654755,7.5,0.1239
3623.57547879219,7.5,0.1239
3624.59410643578,7.5,0.1239
3626.61294937134,7.5,0.1239
3627.61675524712,7.5,0.1239
3628.63913941383,7.5,0.1239
3629.64232182503,7.5,0.1239
3630.64502429962,7.5,0.1239
3631.65014457703,7.5,0.1239
3632.65197205544,7.5,0.1239
3633.65347099304,7.5,0.1239
3634.65487337112,7.5,0.1239
3635.65587639809,7.5,0.1239
3636.65696310997,7.5,0.1239
3637.65771079063,7.5,0.1239
3638.65901660919,7.5,0.1239
3639.65962219238,7.5,0.1239
3640.66130876541,7.5,0.1239
3641.66207647324,7.5,0.1239
3642.66288518906,7.5,0.1239
3643.66329526901,7.5,0.1239
3644.66952848434,7.5,0.1239
3646.67037415504,7.5,0.1239
3647.67824959755,7.5,0.1239
3648.68239545822,7.5,0.1239
3649.6925201416,7.5,0.1239
3650.70307374001,7.5,0.1239
3651.71405506134,7.5,0.1239
3652.72807168961,7.5,0.1239
3653.74757194519,7.5,0.1239
3654.76400375366,7.5,0.1239
3655.78057122231,7.5,0.1239
3656.79166054726,7.5,0.1239
3657.80709433556,7.5,0.1248
3658.83899617195,7.5,0.1248
3659.84625458717,7.5,0.1248
3660.85672283173,7.5,0.1248
3661.85824298859,7.5,0.1248
3662.86012506485,7.5,0.1248
3663.87506055832,7.5,0.1248
3664.88237810135,7.5,0.1248
3666.8848721981,7.5,0.1248
3667.88548970222,7.5,0.1248
3668.88633847237,7.5,0.1248
3669.88696861267,7.5,0.1248
3670.88749170303,7.5,0.1248
3671.88867926598,7.5,0.1248
3672.90122270584,7.5,0.1248
3673.91056203842,7.5,0.1248
3674.91854405403,7.5,0.1248
3675.92583465576,7.5,0.1248
3676.93523311615,7.5,0.1248
3677.95057296753,7.5,0.1248
3678.96511912346,7.5,0.1248
3679.98321795464,7.5,0.1248
3681.00073122978,7.5,0.1248
3682.01688289642,7.5,0.1248
3683.02035856247,7.5,0.1248
3684.03935647011,7.5,0.1248
3685.057254076,7.5,0.1248
3687.07372617722,7.5,0.1248
3688.08526420593,7.5,0.1248
3689.10580897331,7.5,0.1248
3690.12333607674,7.5,0.1248
3691.12927532196,7.5,0.1248
3692.13775444031,7.5,0.1248
3693.15091943741,7.5,0.1248
3694.16281080246,7.5,0.1248
3695.17539668083,7.5,0.1248
3696.18833351135,7.5,0.1248
3697.20714259148,7.5,0.1248
3698.22307658195,7.5,0.1248
3699.22979068756,7.5,0.1248
3700.24003124237,7.5,0.1248
3701.25235366821,7.5,0.1248
3702.26433610916,7.5,0.1248
3703.27737474442,7.5,0.1248
3704.29017138481,7.5,0.1248
3705.30189108849,7.5,0.1248
3707.31476998329,7.5,0.1248
3708.3259499073,7.5,0.1248
3709.33663225174,7.5,0.1248
3710.34714889526,7.5,0.1248
3711.35445761681,7.5,0.1248
3712.3645336628,7.5,0.1248
3713.37515830994,7.5,0.1248
3714.38629150391,7.5,0.1248
3715.39692163467,7.5,0.1248
3716.40806412697,7.5,0.1248
3717.4156703949,7.5,0.1248
3718.42729020119,7.5,0.1248
3719.440533638,7.5,0.1248
3720.45171141624,7.5,0.1248
3721.46279239655,7.5,0.1248
3722.47427749634,7.5,0.1248
3723.48568344116,7.5,0.1248
3724.50154209137,7.5,0.1248
3725.5135910511,7.5,0.1256
3727.52450895309,7.5,0.1256
3728.53529596329,7.5,0.1256
3729.54594278336,7.5,0.1256
3730.55649781227,7.5,0.1256
3731.56709551811,7.5,0.1256
3732.57791090012,7.5,0.1256
3733.58883237839,7.5,0.1256
3734.59935164452,7.5,0.1256
3735.61014485359,7.5,0.1256
3736.62108874321,7.5,0.1256
3737.6291987896,7.5,0.1256
3738.64215397835,7.5,0.1256
3739.65904188156,7.5,0.1256
3740.6605963707,7.5,0.1256
3741.66168522835,7.5,0.1256
3742.66286301613,7.5,0.1256
3743.66530847549,7.5,0.1256
3744.6762740612,7.5,0.1256
3745.6772081852,7.5,0.1256
3747.68246603012,7.5,0.1256
3748.68478608131,7.5,0.1256
3749.68602323532,7.5,0.1256
3750.69038772583,7.5,0.1256
3751.69113087654,7.5,0.1256
3752.69181656837,7.5,0.1256
3753.69250535965,7.5,0.1256
3754.69366168976,7.5,0.1256
3755.6942384243,7.5,0.1256
3756.69499111176,7.5,0.1256
3757.69718503952,7.5,0.1256
3758.69879865646,7.5,0.1256
3759.70033121109,7.5,0.1299
3760.70111322403,7.5,0.1299
3761.71130013466,7.5,0.1299
3762.71930217743,7.5,0.1299
3763.72719931602,7.5,0.1299
3764.73824095726,7.5,0.1299
3765.75089669228,7.5,0.1299
3767.76296114922,7.5,0.1299
3768.7752892971,7.5,0.1299
3769.7840294838,7.5,0.1299
3770.79474520683,7.5,0.1299
3771.80781984329,7.5,0.1299
3772.81977510452,7.5,0.1299
3773.83071470261,7.5,0.1299
3774.84383964539,7.5,0.1299
3775.85719108582,7.5,0.1299
3776.86052060127,7.5,0.1299
3777.88744974136,7.5,0.1299
3778.90155267715,7.5,0.1299
3779.90336251259,7.5,0.1299
3780.90528345108,7.5,0.1299
3781.91337656975,7.5,0.1299
3782.91520261765,7.5,0.1299
3783.91816616058,7.5,0.1299
3784.92101740837,7.5,0.1299
3785.92386579514,7.5,0.1299
3787.92532110214,7.5,0.1299
3788.92616558075,7.5,0.1299
3789.92702627182,7.5,0.1299
3790.92783403397,7.5,0.1299
3791.92847394943,7.5,0.1299
3792.92926216125,7.5,0.1299
3793.92997717857,7.5,0.1299
3794.93073058128,7.5,0.1299
3795.93202614784,7.5,0.1299
3796.93292617798,7.5,0.1299
3797.9337117672,7.5,0.1299
3798.93512606621,7.5,0.1299
3799.93595933914,7.5,0.1299
3800.93643188477,7.5,0.1299
3801.93724036217,7.5,0.1256
3802.93785524368,7.5,0.1256
3803.93833851814,7.5,0.1256
3804.93890523911,7.5,0.1256
3805.93938732147,7.5,0.1256
3807.94099998474,7.5,0.1256
3808.94216656685,7.5,0.1256
3809.94316482544,7.5,0.1256
3810.94387578964,7.5,0.1256
3811.945125103,7.5,0.1256
3812.94644784927,7.5,0.1256
3813.94783902168,7.5,0.1256
3814.94911718369,7.5,0.1256
3815.94989871979,7.5,0.1256
3816.9513566494,7.5,0.1256
3817.95300221443,7.5,0.1256
3818.96104073524,7.5,0.1256
3819.96874904633,7.5,0.1256
3820.97535419464,7.5,0.1256
3821.98446416855,7.5,0.1256
3822.99770307541,7.5,0.1256
3824.00991201401,7.5,0.1256
3826.02557945251,7.5,0.1256
3827.04174733162,7.5,0.1256
3828.05404758453,7.5,0.1256
3829.07016348839,7.5,0.1256
3830.08299565315,7.5,0.1256
3831.0956633091,7.5,0.1256
3832.10802149773,7.5,0.1256
3833.12281060219,7.5,0.1256
3834.12596702576,7.5,0.1256
3835.13995575905,7.5,0.1256
3836.14224982262,7.5,0.1256
3837.1613612175,7.5,0.1256
3838.17708325386,7.5,0.1256
3839.18333673477,7.5,0.1256
3840.19734215736,7.5,0.1256
3841.21107888222,7.5,0.1256
3842.21814060211,7.5,0.1265
3843.2249481678,7.5,0.1265
3844.23581218719,7.5,0.1265
3846.2517375946,7.5,0.1265
3847.27034854889,7.5,0.1265
3848.28106117249,7.5,0.1265
3849.2834353447,7.5,0.1265
3850.29236578941,7.5,0.1265
3851.30264472961,7.5,0.1265
3852.31321001053,7.5,0.1265
3853.32439208031,7.5,0.1265
3854.33428502083,7.5,0.1265
3855.34282135963,7.5,0.1265
3856.35378527641,7.5,0.1265
3857.36082816124,7.5,0.1265
3858.37266731262,7.5,0.1265
3859.38398957253,7.5,0.1265
3860.38968420029,7.5,0.1265
3861.40047836304,7.5,0.1265
3862.40364003181,7.5,0.1265
3863.40566444397,7.5,0.1265
3864.41640591621,7.5,0.1265
3866.43220996857,7.5,0.1265
3867.44207859039,7.5,0.1265
3868.4525642395,7.5,0.1265
3869.46307229996,7.5,0.1265
3870.47407865524,7.5,0.1265
3871.47968149185,7.5,0.1265
3872.48214697838,7.5,0.1265
3873.49403524399,7.5,0.1265
3874.50533628464,7.5,0.1265
3875.51668930054,7.5,0.1265
3876.52984118462,7.5,0.1265
3877.54242777824,7.5,0.1265
3878.55325078964,7.5,0.1265
3879.56916117668,7.5,0.1265
3880.58155488968,7.5,0.1307
3881.59392499924,7.5,0.1307
3882.6049220562,7.5,0.1307
3883.61202740669,7.5,0.1307
3884.62285327911,7.5,0.1307
3886.62792611122,7.5,0.1307
3887.63997197151,7.5,0.1307
3888.65064787865,7.5,0.1307
3889.66564416885,7.5,0.1307
3890.67576146126,7.5,0.1307
3891.68738389015,7.5,0.1307
3892.71561360359,7.5,0.1307
3893.72938704491,7.5,0.1307
3894.73531365395,7.5,0.1307
3895.73602938652,7.5,0.1307
3896.73812294006,7.5,0.1307
3897.73897624016,7.5,0.1307
3898.73971199989,7.5,0.1307
3899.74057340622,7.5,0.1307
3900.74119400978,7.5,0.1307
3901.74180865288,7.5,0.1307
3902.74258422852,7.5,0.1307
3903.74320554733,7.5,0.1307
3904.74411916733,7.5,0.1307
3906.74568080902,7.5,0.1307
3907.74628257751,7.5,0.1307
3908.74688768387,7.5,0.1307
3909.74773550034,7.5,0.1307
3910.75125646591,7.5,0.1307
3911.75212264061,7.5,0.1307
3912.75328707695,7.5,0.1307
3913.75402808189,7.5,0.1307
3914.75516200066,7.5,0.1307
3915.75583672523,7.5,0.1307
3916.75698375702,7.5,0.1307
3917.75875592232,7.5,0.1307
3918.7597258091,7.5,0.1307
3919.76910209656,7.5,0.1307
3920.77911496162,7.5,0.1307
3921.78783416748,7.5,0.1307
3922.79613208771,7.5,0.1307
3923.80802702904,7.5,0.1307
3925.8188354969,7.5,0.1307
3926.82989311218,7.5,0.1307
3927.84245967865,7.5,0.1307
3928.8542740345,7.5,0.1307
3929.86604380608,7.5,0.1265
3930.88694763184,7.5,0.1307
3931.89975261688,7.5,0.1265
3932.91253852844,7.5,0.1265
3933.92700266838,7.5,0.1265
3934.94623231888,7.5,0.1307
3935.95957541466,7.5,0.1265
3936.96269607544,7.5,0.1265
3937.96463108063,7.5,0.1265
3938.97919774055,7.5,0.1265
3939.98410892487,7.5,0.1265
3940.98571491241,7.5,0.1265
3941.98633766174,7.5,0.1265
3942.9909029007,7.5,0.1265
3943.99185037613,7.5,0.1265
3945.99318790436,7.5,0.1265
3946.99468684196,7.5,0.1265
3947.99540805817,7.5,0.1265
3948.99674940109,7.5,0.1265
3950.00975346565,7.5,0.1265
3951.01700210571,7.5,0.1265
3952.0244781971,7.5,0.1265
3953.03359222412,7.5,0.1265
3954.04496455193,7.5,0.1265
3955.05827379227,7.5,0.1265
3956.0708758831,7.5,0.1265
3957.07850956917,7.5,0.1265
3958.09177970886,7.5,0.1265
3959.10434436798,7.5,0.1265
3960.11845493317,7.5,0.1265
3961.13437700272,7.5,0.1265
3962.15373110771,7.5,0.1265
3964.17039346695,7.5,0.1265
3965.1826198101,7.5,0.1265
3966.19521379471,7.5,0.1265
3967.20771718025,7.5,0.1265
3968.22047591209,7.5,0.1265
3969.23407244682,7.5,0.1265
3970.24740290642,7.5,0.1265
3971.26022648811,7.5,0.1265
3972.26626706123,7.5,0.1265
3973.27857446671,7.5,0.1265
3974.28998613358,7.5,0.1265
3975.3014330864,7.5,0.1265
3976.31257486343,7.5,0.1265
3977.33074450493,7.5,0.1265
3978.35051417351,7.5,0.1265
3979.36432003975,7.5,0.1265
3980.38058161736,7.5,0.1265
3981.39705038071,7.5,0.1231
3982.40946674347,7.5,0.1229
3984.42184448242,7.5,0.1231
3985.43230319023,7.5,0.1229
3986.4423186779,7.5,0.1231
3987.45255804062,7.5,0.1229
3988.46292757988,7.5,0.1229
3989.46881532669,7.5,0.1231
3990.47987604141,7.5,0.1231
3991.48693799973,7.5,0.1231
3992.50204348564,7.5,0.1229
3993.52079415321,7.5,0.1229
3994.52729940414,7.5,0.1231
3995.537774086,7.5,0.1229
3996.54365229607,7.5,0.1231
3997.55466508865,7.5,0.1231
3998.56706142426,7.5,0.1231
3999.56945919991,7.5,0.1231
4000.58059310913,7.5,0.1231
4001.59134531021,7.5,0.1231
4002.60249900818,7.5,0.1231
4004.61327338219,7.5,0.1231
4005.62696456909,7.5,0.1229
4006.63490891457,7.5,0.1231
4007.64955091476,7.5,0.1231
4008.66233658791,7.5,0.1229
4009.67962026596,7.5,0.1231
4010.69637227058,7.5,0.1231
4011.7113070488,7.5,0.1231
4012.72225809097,7.5,0.1231
4013.73541474342,7.5,0.1231
4014.74688768387,7.5,0.1229
4015.7520968914,7.5,0.1231
4016.77367806435,7.5,0.1231
4017.78548026085,7.5,0.1229
4018.78893518448,7.5,0.1316
4019.80047440529,7.5,0.1316
4020.80711269379,7.5,0.1316
4021.80809664726,7.5,0.1316
4022.8087439537,7.5,0.1316
4024.80984091759,7.5,0.1316
4025.81268239021,7.5,0.1316
4026.81369948387,7.5,0.1316
4027.81476211548,7.5,0.1316
4028.81564831734,7.5,0.1316
4029.81682300568,7.5,0.1316
4030.81782007217,7.5,0.1316
4031.81847310066,7.5,0.1316
4032.81923532486,7.5,0.1316
4033.82478952408,7.5,0.1316
4034.82571935654,7.5,0.1316
4035.83663702011,7.5,0.1316
4036.84588122368,7.5,0.1316
4037.85189628601,7.5,0.1316
4038.85966992378,7.5,0.1316
4039.87036442757,7.5,0.1316
4040.87859463692,7.5,0.1316
4041.89671730995,7.5,0.1316
4043.91597080231,7.5,0.1316
4044.92136120796,7.5,0.1316
4045.93344259262,7.5,0.1316
4046.94616723061,7.5,0.1316
4047.9589099884,7.5,0.1316
4048.96911406517,7.5,0.1316
4049.98089385033,7.5,0.1316
4051.00354862213,7.5,0.1316
4052.0159060955,7.5,0.1316
4053.03303027153,7.5,0.1316
4054.0341091156,7.5,0.1316
4055.0359582901,7.5,0.1316
4056.03879165649,7.5,0.1316
4057.05010795593,7.5,0.1316
4058.06005167961,7.5,0.1316
4059.06906652451,7.5,0.1316
4060.07738733292,7.5,0.1316
4061.0849802494,7.5,0.1316
4062.09457707405,7.5,0.1316
4064.10338401794,7.5,0.1316
4065.11593055725,7.5,0.1316
4066.13162565231,7.5,0.1316
4067.14433765411,7.5,0.1316
4068.1572034359,7.5,0.1316
4069.16947221756,7.5,0.1316
4070.17179322243,7.5,0.1316
4071.17423152924,7.5,0.1316
4072.17884683609,7.5,0.1316
4073.19017791748,7.5,0.1316
4074.20268082619,7.5,0.1316
4075.21537685394,7.5,0.1316
4076.22573256493,7.5,0.1316
4077.23747682571,7.5,0.1316
4078.24315285683,7.5,0.1316
4079.25701022148,7.5,0.1316
4080.26943516731,7.5,0.1316
4081.28228330612,7.5,0.1316
4082.29450368881,7.5,0.1316
4084.30698156357,7.5,0.1316
4085.32365942001,7.5,0.1316
4086.32734155655,7.5,0.1316
4087.34027600288,7.5,0.1316
4088.35159540176,7.5,0.1316
4089.36483860016,7.5,0.1316
4090.37768745422,7.5,0.1316
4091.38366770744,7.5,0.1316
4092.39698958397,7.5,0.1316
4093.39942574501,7.5,0.1316
4094.41308283806,7.5,0.1316
4095.42194962502,7.5,0.1316
4096.43205022812,7.5,0.1229
4097.44277882576,7.5,0.1231
4098.45356321335,7.5,0.1231
4099.45529651642,7.5,0.1316
4100.46556568146,7.5,0.1316
4101.46987986565,7.5,0.1316
4102.48287200928,7.5,0.1231
4104.49275708199,7.5,0.1229
4105.50283265114,7.5,0.1316
4106.51355719566,7.5,0.1316
4107.52462816238,7.5,0.1316
4108.53586053848,7.5,0.1316
4109.5465297699,7.5,0.1316
4110.55725550652,7.5,0.1316
4111.56761360168,7.5,0.1316
4112.57781791687,7.5,0.1316
4113.58802342415,7.5,0.1316
4114.59685373306,7.5,0.1316
4115.60993003845,7.5,0.1231
4116.62058854103,7.5,0.1231
4117.62309026718,7.5,0.1229
4118.63416218758,7.5,0.1316
4119.64637064934,7.5,0.1229
4120.65770244598,7.5,0.1229
4121.66890716553,7.5,0.1231
4122.67592668533,7.5,0.1316
4124.68491983414,7.5,0.1316
4125.69629740715,7.5,0.1316
4126.70096349716,7.5,0.1316
4127.71167469025,7.5,0.1316
4128.72206187248,7.5,0.1316
4129.73205447197,7.5,0.1316
4130.74256825447,7.5,0.1316
4131.75297141075,7.5,0.1316
4132.76493787766,7.5,0.1316
4133.77587914467,7.5,0.1316
4134.78666186333,7.5,0.1316
4135.79185843468,7.5,0.1316
4136.8028190136,7.5,0.1316
4137.81182742119,7.5,0.1316
4138.82383108139,7.5,0.1316
4139.84416079521,7.5,0.1316
4140.85998034477,7.5,0.1316
4141.86804318428,7.5,0.1316
4142.87109017372,7.5,0.1316
4144.87488794327,7.5,0.1316
4145.87609887123,7.5,0.1316
4146.87685632706,7.5,0.1316
4147.88092637062,7.5,0.1316
4148.88147854805,7.5,0.1316
4149.88206911087,7.5,0.1316
4150.883259058,7.5,0.1316
4151.88426733017,7.5,0.1316
4152.88520550728,7.5,0.1316
4153.88595032692,7.5,0.1316
4154.88736248016,7.5,0.1316
4155.88812875748,7.5,0.1316
4156.88930773735,7.5,0.1316
4157.89001512527,7.5,0.1316
4158.89066123962,7.5,0.1316
4159.89116501808,7.5,0.1316
4160.8919069767,7.5,0.1229
4161.89290118217,7.5,0.1231
4162.89384436607,7.5,0.1316
4164.89496660233,7.5,0.1231
4165.89661669731,7.5,0.1231
4166.89851498604,7.5,0.1229
4167.90712451935,7.5,0.1316
4168.91445112228,7.5,0.1316
4169.92253470421,7.5,0.1316
4170.93085479736,7.5,0.1316
4171.94213891029,7.5,0.1231
4172.95345568657,7.5,0.1316
4173.96588516235,7.5,0.1316
4174.97907495499,7.5,0.1316
4175.98439860344,7.5,0.1231
4176.99701142311,7.5,0.1229
4178.0107126236,7.5,0.1231
4179.03156018257,7.5,0.1316
4180.06366324425,7.5,0.1316
4181.07497572899,7.5,0.1231
4182.08668112755,7.5,0.1316
4184.09107685089,7.5,0.1316
4185.09211611748,7.5,0.1229
4186.09308242798,7.5,0.1231
4187.09375858307,7.5,0.1316
4188.0943365097,7.5,0.1229
4189.09508466721,7.5,0.1231
4190.09591126442,7.5,0.1231
4191.09669518471,7.5,0.1229
4192.09716677666,7.5,0.1229
4193.09786605835,7.5,0.1229
4194.09895896912,7.5,0.1316
4195.09988236427,7.5,0.1316
4196.10140061378,7.5,0.1316
4197.1022310257,7.5,0.1316
4198.10758829117,7.5,0.1229
4199.11787414551,7.5,0.1316
4200.12539434433,7.5,0.1316
4201.13643169403,7.5,0.1316
4202.14129924774,7.5,0.1316
4204.1610686779,7.5,0.1316
4205.17823195457,7.5,0.1316
4206.19153785706,7.5,0.1316
4207.20326805115,7.5,0.1316
4208.21470618248,7.5,0.1316
4209.22945809364,7.5,0.1316
4210.2411737442,7.5,0.1316
4211.25274801254,7.5,0.1316
4212.26454949379,7.5,0.1316
4213.27901005745,7.5,0.1316
4214.29512810707,7.5,0.1316
4215.30160188675,7.5,0.1316
4216.3217458725,7.5,0.1316
4217.33181524277,7.5,0.1316
4218.34679245949,7.5,0.1229
4219.35839247704,7.5,0.1316
4220.36891818047,7.5,0.1316
4221.38529396057,7.5,0.1316
4222.39802217484,7.5,0.1316
4224.40204644203,7.5,0.1316
4225.41915345192,7.5,0.1316
4226.43100404739,7.5,0.1316
4227.44490742683,7.5,0.1316
4228.45689439774,7.5,0.1316
4229.46772742271,7.5,0.1316
4230.47857046127,7.5,0.1316
4231.48896479607,7.5,0.1316
4232.49945569038,7.5,0.1316
4233.51051783562,7.5,0.1316
4234.52405261993,7.5,0.1316
4235.53552603722,7.5,0.1316
4236.54668307304,7.5,0.1316
4237.56560492516,7.5,0.1316
4238.58244371414,7.5,0.1316
4239.59498667717,7.5,0.1316
4240.60760235786,7.5,0.1316
4241.61351847649,7.5,0.1316
4242.61929726601,7.5,0.1316
4244.63588380814,7.5,0.1316
4245.64869141579,7.5,0.1316
4246.66274452209,7.5,0.1316
4247.67620968819,7.5,0.1316
4248.68708992004,7.5,0.1316
4249.7007932663,7.5,0.1316
4250.71506977081,7.5,0.1316
4251.72749567032,7.5,0.1316
4252.73816800117,7.5,0.1316
4253.74936032295,7.5,0.1316
4254.76753258705,7.5,0.1316
4255.77254915237,7.5,0.1316
4256.77902436256,7.5,0.1316
4257.7934794426,7.5,0.1316
4258.80643892288,7.5,0.1316
4259.82161283493,7.5,0.1231
4260.83568000793,7.5,0.1229
4261.84035730362,7.5,0.1231
4262.85288238525,7.5,0.1231
4264.86665773392,7.5,0.1231
4265.87882971764,7.5,0.1231
4266.90849900246,7.5,0.1229
4267.91398453712,7.5,0.1231
4268.91605186462,7.5,0.1231
4269.91837453842,7.5,0.1229
4270.92391777039,7.5,0.1229
4271.92506313324,7.5,0.1231
4272.9298377037,7.5,0.1229
4273.93244814873,7.5,0.1231
4274.93384695053,7.5,0.1231
4275.93804788589,7.5,0.1229
4276.93916916847,7.5,0.1229
4277.94123601913,7.5,0.1231
4278.9417757988,7.5,0.1231
4279.9427793026,7.5,0.1229
4280.94503974915,7.5,0.1231
4281.94634318352,7.5,0.1231
4282.94763922691,7.5,0.1229
4284.94868469238,7.5,0.1231
4285.94960188866,7.5,0.1231
4286.95030450821,7.5,0.1231
4287.95456171036,7.5,0.1231
4288.95624375343,7.5,0.1231
4289.95742249489,7.5,0.1229
4290.95821142197,7.5,0.1229
4291.95949316025,7.5,0.1229
4292.96098136902,7.5,0.1231
4293.97025442123,7.5,0.1231
4294.97959923744,7.5,0.1229
4295.98827028275,7.5,0.1231
4296.99650812149,7.5,0.1229
4298.00894403458,7.5,0.1231
4299.02078509331,3.5,0.1229
4300.03288149834,3.5,0.1231
4301.04427599907,3.5,0.1231
4303.05754375458,3.5,0.1231
4304.07010316849,3.5,0.1229
4305.07381272316,3.5,0.1231
4306.09856629372,3.5,0.1265
4307.11074948311,3.5,0.1265
4308.12386059761,3.5,0.1265
4309.12497830391,3.5,0.1265
4310.12601256371,3.5,0.1265
4311.12847828865,3.5,0.1265
4312.1363363266,3.5,0.1307
4313.13837361336,3.5,0.1307
4314.14141130447,3.5,0.1299
4315.1458902359,3.5,0.1248
4316.14843010902,3.5,0.1239
4317.14929056168,3.5,0.1229
4318.15030837059,3.5,0.1222
4319.15119099617,3.5,0.1212
4320.15173482895,3.5,0.1204
4321.15221714973,3.5,0.1197
4323.15304636955,3.5,0.1187
4324.15417933464,3.5,0.1222
4325.15516972542,3.5,0.1221
4326.15620708466,3.5,0.1222
4327.15688180923,3.5,0.1222
4328.1576526165,3.5,0.1222
4329.15874266624,3.5,0.1222
4330.15935087204,3.5,0.1222
4331.16051054001,3.5,0.1178
4332.16151356697,3.5,0.1178
4333.16269516945,3.5,0.117
4334.16363883018,3.5,0.1161
4335.16434311867,3.5,0.1153
4336.16576170921,3.5,0.1187
4337.16666197777,3.5,0.1178
4338.16713142395,3.5,0.117
4339.16799688339,3.5,0.1161
4341.16957068443,3.5,0.111
4342.17989039421,3.5,0.111
4343.18713903427,3.5,0.111
4344.19507288933,3.5,0.111
4345.20276474953,3.5,0.111
4346.21479272842,3.5,0.111
4347.22833824158,3.5,0.1068
4348.24188160896,3.5,0.1068
4349.2655749321,3.5,0.1068
4350.28281378746,3.5,0.1102
4351.29490923882,3.5,0.1102
4352.30413460732,3.5,0.1059
4353.30994319916,3.5,0.1093
4354.32082605362,3.5,0.1085
4355.33418369293,3.5,0.1119
4356.3473470211,3.5,0.111
4357.3618388176,3.5,0.1059
4358.37226033211,3.5,0.1015
4359.38567399979,3.5,0.1049
4361.39942121506,3.5,0.1042
4362.41286087036,3.5,0.0998
4363.42406153679,3.5,0.1032
4364.44016575813,3.5,0.1032
4365.4519610405,3.5,0.1032
4366.46174144745,3.5,0.1032
4367.46420264244,3.5,0.1032
4368.47624802589,3.5,0.1032
4369.49429035187,3.5,0.1032
4370.5050714016,3.5,0.1076
4371.51590228081,3.5,0.1076
4372.52951478958,3.5,0.1023
4373.54292416573,3.5,0.0981
4374.55687522888,3.5,0.1015
4375.5676202774,3.5,0.1049
4376.57847619057,3.5,0.0998
4377.58934497833,3.5,0.0998
4378.60092949867,3.5,0.0989
4379.61209630966,3.5,0.1023
4381.62391114235,3.5,0.0939
4382.63475489616,3.5,0.0973
4383.64583706856,3.5,0.0973
4384.65845108032,3.5,0.0973
4385.67047524452,3.5,0.0973
4386.6817612648,3.5,0.0973
4387.68795847893,3.5,0.0973
4388.69884419441,3.5,0.0973
4389.71136546135,3.5,0.0973
4390.7204387188,3.5,0.0973
4391.73123669624,3.5,0.0973
4392.74459981918,3.5,0.1006
4393.75729703903,3.5,0.0956
4394.77155947685,3.5,0.0956
4395.78402996063,3.5,0.0947
4396.7978746891,3.5,0.0939
4397.80686879158,3.5,0.0894
4398.81861257553,3.5,0.093
4399.82718539238,3.5,0.0964
4401.84047675133,3.5,0.0879
4402.85116004944,3.5,0.0956
4403.86191272736,3.5,0.0956
4404.86447572708,3.5,0.0913
4405.87511062622,3.5,0.0956
4406.88610768318,3.5,0.0913
4407.89716935158,3.5,0.0913
4408.91097402573,3.5,0.0913
4409.92132663727,3.5,0.0911
4410.93169903755,3.5,0.0913
4411.94240236282,3.5,0.0913
4412.95274472237,3.5,0.0835
4413.96332621574,3.5,0.0904
4414.97373914719,3.5,0.0894
4415.98745250702,3.5,0.0809
4416.99427962303,3.5,0.0887
4417.99612903595,3.5,0.0879
4418.99765443802,3.5,0.0835
4419.99924206734,3.5,0.0869
4422.00578832626,3.5,0.0818
4423.00729179382,3.5,0.0818
4424.01167297363,3.5,0.0835
4425.01733589172,3.5,0.0818
4426.01888871193,3.5,0.0835
4427.01982855797,3.5,0.0818
4428.02066445351,3.5,0.0835
4429.02114534378,3.5,0.0818
4430.02166604996,3.5,0.0818
4431.02285408974,3.5,0.0818
4432.03791904449,3.5,0.0818
4433.03982663155,3.5,0.0809
4434.04078769684,3.5,0.0809
4435.04125261307,3.5,0.0801
4436.04189801216,3.5,0.0801
4437.04464936256,3.5,0.0835
4438.05470871925,3.5,0.0784
4439.06327414513,3.5,0.0826
4440.07367134094,3.5,0.0818
4442.08490490913,3.5,0.0775
4443.09416055679,3.5,0.0767
4444.10590481758,3.5,0.0767
4445.11775541306,3.5,0.0767
4446.12956857681,3.5,0.0809
4447.14162659645,3.5,0.0809
4448.16638350487,3.5,0.0809
4449.17212343216,3.5,0.0809
4450.18585133553,3.5,0.0809
4451.18705797195,3.5,0.0809
4452.18903803825,3.5,0.0809
4453.19832062721,3.5,0.0767
4454.20025992393,3.5,0.0801
4455.20251321793,3.5,0.0758
4456.20367240906,3.5,0.0792
4457.20775151253,3.5,0.0741
4458.20873975754,3.5,0.0784
4459.20942783356,3.5,0.0731
4460.21009278297,3.5,0.0775
4462.2109348774,3.5,0.0724
4463.21147203445,3.5,0.0767
4464.21228575706,3.5,0.0767
4465.21334791183,3.5,0.0767
4466.21396422386,3.5,0.0767
4467.21545243263,3.5,0.0767
4468.21595573425,3.5,0.0767
4469.21712136269,3.5,0.0767
4470.21785902977,3.5,0.0767
4471.21836209297,3.5,0.0767
4472.21890234947,3.5,0.0714
4473.2194674015,3.5,0.0758
4474.22078943253,3.5,0.0706
4475.22151637077,3.5,0.075
4476.22232246399,3.5,0.0697
4477.22328615189,3.5,0.0741
4478.2242398262,3.5,0.0689
4480.22788262367,3.5,0.0733
4481.22840690613,3.5,0.0689
4482.23774147034,3.5,0.0689
4483.24549818039,3.5,0.0689
4484.25344252586,3.5,0.0689
4485.26252818108,3.5,0.0689
4486.27120757103,3.5,0.0689
4487.2819173336,3.5,0.0689
4488.29331946373,3.5,0.0689
4489.30951738358,3.5,0.0646
4490.32002496719,3.5,0.0724
4491.3291079998,3.5,0.0638
4492.34441566467,3.5,0.0714
4493.35914826393,3.5,0.0672
4494.37439417839,3.5,0.0706
4495.38932752609,3.5,0.0663
4496.39812707901,3.5,0.0655
4498.41265487671,3.5,0.0697
4499.42753338814,3.5,0.0655
4500.43885850906,3.5,0.0655
4501.45030045509,3.5,0.0655
4502.46615052223,3.5,0.0612
4503.46827244759,3.5,0.0612
4504.48797130585,3.5,0.0612
4505.49877595901,3.5,0.0612
4506.50891804695,3.5,0.0646
4507.52634334564,3.5,0.0646
4508.53876757622,3.5,0.0646
4509.5586078167,3.5,0.0689
4510.5726351738,3.5,0.0604
4511.58764123917,3.5,0.068
4512.60049915314,3.5,0.0638
4513.61096572876,3.5,0.0629
4514.61677789688,3.5,0.0672
4515.6310095787,3.5,0.0621
4516.64002275467,3.5,0.0663
4518.64512705803,3.5,0.0621
4519.65442180634,3.5,0.0612
4520.66484236717,3.5,0.0612
4521.67492723465,3.5,0.0612
4522.68549704552,3.5,0.0655
4523.69576120377,3.5,0.0655
4524.70642209053,3.5,0.0655
4525.71735811234,3.5,0.0655
4526.72821712494,3.5,0.0655
4527.73420953751,3.5,0.0655
4528.74506092072,3.5,0.0655
4529.7553935051,3.5,0.0655
4530.76631522179,3.5,0.0604
4531.77844023705,3.5,0.0646
4532.78430867195,3.5,0.0604
4533.79475975037,3.5,0.0638
4534.80549788475,3.5,0.0638
4535.81854486465,3.5,0.0587
4536.83133268356,3.5,0.0629
4538.84368300438,3.5,0.0587
4539.85509538651,3.5,0.0587
4540.86422419548,3.5,0.0587
4541.87937259674,3.5,0.0542
4542.88510537148,3.5,0.0542
4543.89898371696,3.5,0.0542
4544.91176843643,3.5,0.0576
4545.92635416985,3.5,0.0576
4546.94396448135,3.5,0.0576
4547.9549741745,3.5,0.0576
4548.96633577347,3.5,0.0576
4549.97704720497,3.5,0.0621
4550.98802089691,3.5,0.0576
4552.00014567375,3.5,0.0568
4553.01018166542,3.5,0.0612
4554.02078318596,3.5,0.057
4555.03100156784,3.5,0.0561
4556.04472374916,3.5,0.0604
4557.06876945496,3.5,0.0517
4559.07787060738,3.5,0.0593
4560.07882785797,3.5,0.0595
4561.07970118523,3.5,0.0595
4562.08161735535,3.5,0.0595
4563.11727571487,3.5,0.0595
4564.11879348755,3.5,0.0595
4565.12788200378,3.5,0.0595
4566.13575458527,3.5,0.0595
4567.14433574677,3.5,0.0595
4568.1552965641,3.5,0.0595
4569.17183423042,3.5,0.0595
4570.17401719093,3.5,0.0508
4571.17736983299,3.5,0.0587
4572.18886566162,3.5,0.0587
4573.2049665451,3.5,0.05
4574.23109674454,3.5,0.0576
4575.24561166763,3.5,0.0578
4576.24734711647,3.5,0.0534
4577.25824975967,3.5,0.0525
4579.26131653786,3.5,0.0568
4580.2620909214,3.5,0.0525
4581.2682352066,3.5,0.0525
4582.26942777634,3.5,0.0525
4583.27015805244,3.5,0.0525
4584.27092194557,3.5,0.0525
4585.27150917053,3.5,0.0525
4586.27224802971,3.5,0.0525
4587.27280759811,3.5,0.0525
4588.27365493774,3.5,0.0525
4589.27431249619,3.5,0.0483
4590.27518129349,3.5,0.0561
4591.27582120895,3.5,0.0517
4592.2768034935,3.5,0.0474
4593.27858257294,3.5,0.0508
4594.2792301178,3.5,0.0551
4595.28078150749,3.5,0.0508
4596.28133940697,3.5,0.05
4598.28199625015,3.5,0.0542
4599.28298425674,3.5,0.0542
4600.28362083435,3.5,0.0542
4601.28421592712,3.5,0.0542
4602.28485798836,3.5,0.0542
4603.28555583954,3.5,0.0542
4604.28642725945,3.5,0.0542
4605.28729987144,3.5,0.0542
4606.29724311829,3.5,0.0542
4607.30600786209,3.5,0.0542
4608.31445908546,3.5,0.0495
4609.32359290123,3.5,0.0534
4610.33035039902,3.5,0.0534
4611.33853197098,3.5,0.0481
4612.35085773468,3.5,0.0483
4613.3673517704,3.5,0.0525
4614.38019347191,3.5,0.0525
4616.39379453659,3.5,0.0481
4617.40734124184,3.5,0.044
4618.42140603065,3.5,0.044
4619.4343252182,3.5,0.044
4620.44706964493,3.5,0.044
4621.46047329903,3.5,0.044
4622.47516918182,3.5,0.044
4623.48775482178,3.5,0.044
4624.5005569458,3.5,0.044
4625.5131483078,3.5,0.044
4626.51947665215,3.5,0.044
4627.53388571739,3.5,0.0517
4628.54584336281,3.5,0.0517
4629.55056643486,3.5,0.0474
4630.55537557602,3.5,0.0466
4631.56655526161,3.5,0.0508
4632.57892012596,3.5,0.0508
4633.59114646912,3.5,0.0466
4634.60343194008,3.5,0.0457
4636.6171374321,3.5,0.0493
4637.62756371498,3.5,0.0495
4638.64015173912,3.5,0.05
4639.65102124214,3.5,0.05
4640.65447735786,3.5,0.05
4641.66542983055,3.5,0.05
4642.67946362495,3.5,0.05
4643.69024610519,3.5,0.05
4644.70155954361,3.5,0.05
4645.71554708481,3.5,0.05
4646.72635960579,3.5,0.05
4647.72859096527,3.5,0.0457
4648.73988819122,3.5,0.0449
4649.75041532516,3.5,0.0491
4650.7554693222,3.5,0.0483
4651.76489400864,3.5,0.0491
4652.77749943733,3.5,0.0449
4653.79006052017,3.5,0.044
4654.80392313004,3.5,0.044
4656.81701874733,3.5,0.0483
4657.83377790451,3.5,0.0483
4658.84511899948,3.5,0.0483
4659.85690307617,3.5,0.0483
4660.86814498901,3.5,0.0483
4661.87968277931,3.5,0.0483
4662.89199209213,3.5,0.0483
4663.90473246574,3.5,0.0483
4664.91518640518,3.5,0.0483
4665.9244582653,3.5,0.0483
4666.93537330627,3.5,0.0483
4667.94615745544,3.5,0.044
4668.95798134804,3.5,0.0398
4669.96291613579,3.5,0.0388
4670.97439932823,3.5,0.0432
4671.98573422432,3.5,0.0474
4672.99726915359,3.5,0.0474
4674.00945186615,3.5,0.0474
4675.02003598213,3.5,0.0474
4677.03186655045,3.5,0.0474
4678.04230260849,3.5,0.0474
4679.04442167282,3.5,0.0468
4680.05690765381,3.5,0.0468
4681.06773781776,3.5,0.0468
4682.07825684547,3.5,0.0468
4683.08929538727,3.5,0.0468
4684.10005283356,3.5,0.0468
4685.11041474342,3.5,0.0468
4686.12875270844,3.5,0.0468
4687.13686609268,3.5,0.0474
4688.13879036903,3.5,0.0474
4689.14067316055,3.5,0.0474
4690.1430876255,3.5,0.0474
4691.14794206619,3.5,0.0474
4692.1499671936,3.5,0.0474
4693.15286850929,3.5,0.0474
4694.15904402733,3.5,0.0474
4695.16322636604,3.5,0.0474
4697.16425275803,3.5,0.0474
4698.1648247242,3.5,0.0474
4699.16597366333,3.5,0.0466
4700.17192053795,3.5,0.0468
4701.1724126339,3.5,0.0466
4702.17292332649,3.5,0.0468
4703.17407274246,3.5,0.0466
4704.17500472069,3.5,0.0468
4705.17636585236,3.5,0.0468
4706.17698812485,3.5,0.0466
4707.17837738991,3.5,0.0474
4708.17878866196,3.5,0.0474
4709.17954397202,3.5,0.0474
4710.18042945862,3.5,0.0474
4711.18131971359,3.5,0.0474
4712.1817278862,3.5,0.0474
4713.19033026695,3.5,0.0474
4715.1987323761,3.5,0.0474
4716.20728540421,3.5,0.0474
4717.21620225906,3.5,0.0471
4718.22475814819,3.5,0.0468
4719.23637104034,3.5,0.0468
4720.2486577034,3.5,0.0468
4721.26195025444,3.5,0.0468
4722.2892768383,3.5,0.0466
4723.29763245583,3.5,0.0468
4724.30495977402,3.5,0.0468
4725.30571484566,3.5,0.0474
4726.30631041527,3.5,0.0474
4727.30825233459,3.5,0.0474
4728.31824421883,3.5,0.0474
4729.34321475029,3.5,0.0474
4730.34435987473,3.5,0.0474
4731.35281968117,3.5,0.0474
4732.36036896706,3.5,0.0474
4733.36834669113,3.5,0.0474
4735.37787485123,3.5,0.0474
4736.38590764999,3.5,0.0474
4737.39829778671,3.5,0.0468
4738.41245317459,3.5,0.0468
4739.42715334892,3.5,0.0468
4740.4320538044,3.5,0.0468
4741.44496822357,3.5,0.0466
4742.45664167404,3.5,0.0468
4743.4720146656,3.5,0.0466
4744.48522186279,3.5,0.0468
4745.49994397163,3.5,0.0474
4746.51267814636,3.5,0.0474
4747.527384758,3.5,0.0474
4748.53842329979,3.5,0.0474
4749.54928255081,3.5,0.0474
4750.56084918976,3.5,0.0474
4751.57630777359,3.5,0.0474
4752.59118366241,3.5,0.0474
4753.6028983593,3.5,0.0474
4755.6147108078,3.5,0.0474
4756.62605547905,3.5,0.0474
4757.62865662575,3.5,0.0466
4758.64177107811,3.5,0.0468
4759.6573805809,3.5,0.0468
4760.67126464844,3.5,0.0468
4761.67360758781,3.5,0.0468
4762.68598937988,3.5,0.0468
4763.70225906372,3.5,0.0466
4764.71629881859,3.5,0.0468
4765.72379732132,3.5,0.0474
4766.73422670364,3.5,0.0474
4767.74487161636,3.5,0.0474
4768.75644397736,3.5,0.0474
4769.76194381714,3.5,0.0474
4770.7732219696,3.5,0.0474
4771.78740739822,3.5,0.0474
4772.8003923893,3.5,0.0474
4773.81465744972,3.5,0.0474
4775.82973480225,3.5,0.0474
4776.8462562561,3.5,0.0474
4777.85747480392,3.5,0.0468
4778.86853504181,3.5,0.0468
4779.89006495476,3.5,0.0468
4780.89995527267,3.5,0.0468
4781.9111289978,3.5,0.0466
4782.92200255394,3.5,0.0468
4783.9367609024,3.5,0.0468
4784.94886946678,3.5,0.0466
4785.95091891289,3.5,0.0474
4786.96150302887,3.5,0.0474
4787.96993637085,3.5,0.0474
4788.98063397408,3.5,0.0474
4789.9910697937,3.5,0.0474
4791.00095081329,3.5,0.0474
4792.02084422112,3.5,0.0474
4793.03781366348,3.5,0.0474
4794.04344153404,3.5,0.0474
4796.05408453941,3.5,0.0474
4797.06445431709,3.5,0.0474
4798.08157515526,3.5,0.0468
4799.09277033806,3.5,0.0468
4800.10621094704,3.5,0.0468
4801.11443519592,3.5,0.0466
4802.12785410881,3.5,0.0468
4803.13891434669,3.5,0.0468
4804.14962553978,3.5,0.0468
4805.16013503075,3.5,0.0468
4806.16985011101,3.5,0.0474
4807.18174362183,3.5,0.0474
4808.20128202438,3.5,0.0474
4809.2019507885,3.5,0.0474
4810.20505452156,3.5,0.0474
4811.20718741417,3.5,0.0474
4812.21800780296,3.5,0.0474
4813.21973133087,3.5,0.0474
4814.22248840332,3.5,0.0474
4816.22373890877,3.5,0.0474
4817.22429037094,3.5,0.0474
4818.22486686707,3.5,0.0466
4819.22541022301,3.5,0.0466
4820.22590589523,3.5,0.0468
4821.22671818733,3.5,0.0468
4822.22731566429,3.5,0.0468
4823.22818183899,3.5,0.0468
4824.22864556313,3.5,0.0468
4825.22955322266,3.5,0.0466
4826.23071503639,3.5,0.0474
4827.23206043243,3.5,0.0474
4828.23280954361,3.5,0.0474
4829.2334883213,3.5,0.0474
4830.23468327522,3.5,0.0474
4831.23512792587,3.5,0.0474
4832.23635482788,3.5,0.0474
4834.23746681213,3.5,0.0474
4835.23885726929,3.5,0.0474
4836.24028754234,3.5,0.0471
4837.24145174026,3.5,0.0466
4838.24214434624,3.5,0.0466
4839.24314928055,3.5,0.0466
4840.24410963058,3.5,0.0468
4841.24458694458,3.5,0.0468
4842.24599575996,3.5,0.0468
4843.24666213989,3.5,0.0468
4844.25517702103,3.5,0.0474
4845.26320457458,3.5,0.0474
4846.27088308334,3.5,0.0474
4847.27860045433,3.5,0.0474
4848.28343987465,3.5,0.0474
4849.29337143898,3.5,0.0474
4850.30573320389,3.5,0.0474
4852.31839084625,3.5,0.0474
4853.33111643791,3.5,0.0474
4854.35178899765,3.5,0.0469
4855.35791993141,3.5,0.0468
4856.36946940422,3.5,0.0468
4857.37091040611,3.5,0.0468
4858.37227773666,3.5,0.0466
4859.38049244881,3.5,0.0468
4860.40399646759,3.5,0.0468
4861.40556120872,3.5,0.0466
4862.41514444351,3.5,0.0474
4863.41781711578,3.5,0.0474
4864.42612981796,3.5,0.0474
4865.43675923347,3.5,0.0474
4866.44002842903,3.5,0.0474
4867.45159196854,3.5,0.0474
4868.46403217316,3.5,0.0474
4869.46940326691,3.5,0.0474
4870.48309397697,3.5,0.0474
4872.503064394,3.5,0.0474
4873.52303981781,3.5,0.0474
4874.53545069695,3.5,0.0468
4875.54816150665,3.5,0.0468
4876.55562806129,3.5,0.0468
4877.57522511482,3.5,0.0468
4878.5915453434,3.5,0.0466
4879.60431170464,3.5,0.0468
4880.6168320179,3.5,0.0466
4881.63192629814,3.5,0.0466
4882.64396333694,3.5,0.0474
4883.65016365051,3.5,0.0474
4884.66247367859,3.5,0.0474
4885.67451953888,3.5,0.0474
4886.6859869957,3.5,0.0474
4887.69613361359,3.5,0.0474
4888.70824670792,3.5,0.0474
4889.72112107277,3.5,0.0474
4890.73292756081,3.5,0.0474
4892.74690818787,3.5,0.0474
4893.75275492668,3.5,0.0474
4894.76092147827,3.5,0.0468
4895.77462649345,3.5,0.0466
4896.78705334663,3.5,0.0466
4897.79977703094,3.5,0.0468
4898.81893610954,3.5,0.0468
4899.82538795471,3.5,0.0466
4900.83660769463,3.5,0.0468
4901.84900140762,3.5,0.0468
4902.86070418358,3.5,0.0474
4903.87138319016,3.5,0.0474
4904.88185358047,3.5,0.0474
4905.89463329315,3.5,0.0474
4906.90608096123,3.5,0.0474
4907.9168548584,3.5,0.0474
4908.92647051811,3.5,0.0474
4909.9372382164,3.5,0.0474
4910.9481086731,3.5,0.0474
4912.95940589905,3.5,0.0474
4913.97032141685,3.5,0.0474
4914.98110675812,3.5,0.0468
4915.99211907387,3.5,0.0468
4917.00306773186,3.5,0.0466
4918.01654934883,3.5,0.0468
4919.02923727036,3.5,0.0468
4920.03972578049,3.5,0.0468
4921.05396103859,3.5,0.0468
4922.06530070305,3.5,0.0468
4923.07615280151,3.5,0.0474
4924.08682155609,3.5,0.0474
4925.09781074524,3.5,0.0474
4926.10969471931,3.5,0.0474
4927.12072205544,3.5,0.0474
4928.13278079033,3.5,0.0474
4929.14388203621,3.5,0.0474
4930.14780712128,3.5,0.0474
4931.16333580017,3.5,0.0474
4933.17318463326,3.5,0.0474
4934.18402719498,3.5,0.0474
4935.19559335709,3.5,0.0468
4936.20650029182,3.5,0.0468
4937.21746039391,3.5,0.0468
4938.22184038162,3.5,0.0466
4939.22517466545,3.5,0.0468
4940.24798703194,3.5,0.0468
4941.25928974152,3.5,0.0468
4942.26127076149,3.5,0.0468
4943.26942777634,3.5,0.0474
4944.27015137672,3.5,0.0474
4945.2729947567,3.5,0.0474
4946.2799012661,3.5,0.0474
4947.28100180626,3.5,0.0474
4948.28382754326,3.5,0.0474
4949.2856361866,3.5,0.0474
4950.28621649742,3.5,0.0474
4951.28994035721,3.5,0.0474
4953.29080152512,3.5,0.0474
4954.29151654243,3.5,0.0474
4955.29240989685,3.5,0.0466
4956.29482293129,3.5,0.0466
4957.29584527016,3.5,0.0468
4958.29653024673,3.5,0.0466
4959.29840612411,3.5,0.0468
4960.29912352562,3.5,0.0468
4961.29972887039,3.5,0.0468
4962.30115461349,3.5,0.0466
4963.31166100502,3.5,0.0474
4964.31373524666,3.5,0.0474
4965.323990345,3.5,0.0474
4966.3318798542,3.5,0.0474
4967.3430454731,3.5,0.0474
4968.35461306572,3.5,0.0474
4969.36590623856,3.5,0.0474
4971.37918972969,3.5,0.0474
4972.39884543419,3.5,0.0474
4973.40791249275,3.5,0.0469
4974.41974711418,3.5,0.0466
4975.43025445938,3.5,0.0466
4976.43309473991,3.5,0.0466
4977.43724727631,3.5,0.0468
4978.43808627129,3.5,0.0468
4979.45495939255,3.5,0.0466
4980.45612502098,3.5,0.0466
4981.46111726761,3.5,0.0474
4982.46895956993,3.5,0.0474
4983.47740721703,3.5,0.0474
4984.49055123329,3.5,0.0474
4985.50306296349,3.5,0.0474
4986.50858211517,3.5,0.0474
4987.52171945572,3.5,0.0474
4988.53696703911,3.5,0.0474
4989.54272174835,3.5,0.0474
4991.55909919739,3.5,0.0474
4992.56289076805,3.5,0.0474
4993.57741999626,3.5,0.0468
4994.59398245811,3.5,0.0468
4995.60523080826,3.5,0.0468
4996.62144994736,3.5,0.0468
4997.63255381584,3.5,0.0466
4998.64893126488,3.5,0.0468
4999.66047525406,3.5,0.0466
5000.67485904694,3.5,0.0468
5001.68930482864,3.5,0.0474
5002.7052063942,3.5,0.0474
5003.71829891205,3.5,0.0474
5004.73139023781,3.5,0.0474
5005.73493409157,3.5,0.0474
5006.73770165443,3.5,0.0474
5007.7489554882,3.5,0.0474
5008.76182627678,3.5,0.0474
5009.7757499218,3.5,0.0474
5011.79435229301,3.5,0.0474
5012.80017447472,3.5,0.0474
5013.81372642517,3.5,0.0468
5014.81592297554,3.5,0.0468
5015.82809138298,3.5,0.0466
5016.83993148804,3.5,0.0466
5017.85112261772,3.5,0.0468
5018.86305737495,3.5,0.0468
5019.87508773804,3.5,0.0466
5020.88575983047,3.5,0.0468
5021.89609646797,3.5,0.0474
5022.90873456001,3.5,0.0474
5023.91917562485,3.5,0.0474
5024.92976593971,3.5,0.0474
5025.94010925293,3.5,0.0474
5026.95088171959,3.5,0.0474
5027.96129107475,3.5,0.0474
5028.96583271027,3.5,0.0474
5029.97520637512,3.5,0.0474
5031.99075460434,3.5,0.0474
5033.00299358368,3.5,0.0474
5034.01657342911,3.5,0.0466
5035.02400159836,3.5,0.0468
5036.03913283348,3.5,0.0468
5037.05273914337,3.5,0.0466
5038.06390357018,3.5,0.0468
5039.06871151924,3.5,0.0468
5040.08099746704,3.5,0.0466
5041.09386372566,3.5,0.0468
5042.10668897629,3.5,0.0474
5043.1176097393,3.5,0.0474
5044.12806534767,3.5,0.0474
5045.14176678658,3.5,0.0474
5046.15446400642,3.5,0.0474
5047.16659760475,3.5,0.0474
5048.17952752113,3.5,0.0474
5049.18376541138,3.5,0.0474
5050.19539880753,3.5,0.0474
5052.2068734169,3.5,0.0474
5053.22177267075,3.5,0.0474
5054.23260569572,3.5,0.0468
5055.24333906174,3.5,0.0468
5056.25421309471,3.5,0.0468
5057.26614952087,3.5,0.0468
5058.27875041962,3.5,0.0466
5059.29949259758,3.5,0.0466
5060.31272268295,3.5,0.0468
5061.31440973282,3.5,0.0468
5062.31544685364,3.5,0.0474
5063.32328057289,3.5,0.0474
5064.32566213608,3.5,0.0474
5065.3289103508,3.5,0.0474
5066.33513784409,3.5,0.0474
5067.34515357018,3.5,0.0474
5068.34582138062,3.5,0.0474
5069.3466861248,3.5,0.0474
5070.34775567055,3.5,0.0474
5072.3491435051,3.5,0.0474
5073.34983825684,3.5,0.0474
5074.35170578957,3.5,0.0468
5075.36230611801,3.5,0.0466
5076.37235999107,3.5,0.0468
5077.38038468361,3.5,0.0468
5078.39290308952,3.5,0.0466
5079.39946699142,3.5,0.0466
5080.4175567627,3.5,0.0466
5081.43405032158,3.5,0.0468
5082.44122362137,3.5,0.0474
5083.45636725426,3.5,0.0474
5084.45856499672,3.5,0.0474
5085.46165895462,3.5,0.0474
5086.4693505764,3.5,0.0474
5087.4742102623,3.5,0.0474
5088.47811174393,3.5,0.0474
5090.48925089836,3.5,0.0474
5091.49040985107,3.5,0.0474
5092.49097299576,3.5,0.0471
5093.49213242531,3.5,0.0466
5094.49285697937,3.5,0.0468
5095.4934296608,3.5,0.0466
5096.49458837509,3.5,0.0466
5097.49557805061,3.5,0.0468
5098.49682116508,3.5,0.0468
5099.49849677086,3.5,0.0468
5100.49898648262,3.5,0.0474
5101.50010848045,3.5,0.0474
5102.51030945778,3.5,0.0474
5103.52082395554,3.5,0.0474
5104.53097271919,3.5,0.0474
5105.54104590416,3.5,0.0474
5106.55220341682,3.5,0.0474
5107.55437278748,3.5,0.0474
5108.5731985569,3.5,0.0474
5110.59375810623,3.5,0.0474
5111.60651254654,3.5,0.0474
5112.61736249924,3.5,0.0466
5113.63373279572,3.5,0.0468
5114.65502953529,3.5,0.0468
5115.67158055305,3.5,0.0466
5116.69094848633,3.5,0.0466
5117.70335769653,3.5,0.0468
5118.71807527542,3.5,0.0466
5119.73011803627,3.5,0.0468
5120.73774600029,3.5,0.0474
5121.75196456909,3.5,0.0474
5122.76272821426,3.5,0.0474
5123.77440810204,3.5,0.0474
5124.7887134552,3.5,0.0474
5125.80868625641,3.5,0.0474
5126.81488704681,3.5,0.0474
5127.82795143127,3.5,0.0474
5128.83399367332,3.5,0.0474
5130.84501957893,3.5,0.0474
5131.85523533821,3.5,0.0474
5132.86905694008,3.5,0.0468
5133.87982273102,3.5,0.0466
5134.89199995995,3.5,0.0468
5135.90336275101,3.5,0.0468
5136.91478395462,3.5,0.0468
5137.93050289154,3.5,0.0466
5138.94109869003,3.5,0.0466
5139.95249772072,3.5,0.0468
5140.96206521988,3.5,0.0474
5141.97274947166,3.5,0.0474
5142.98333215714,3.5,0.0474
5143.99383831024,3.5,0.0474
5145.00458049774,3.5,0.0474
5146.010658741,3.5,0.0474
5147.02005195618,3.5,0.0474
5148.02615499496,3.5,0.0474
5149.03703045845,3.5,0.0474
5151.04702615738,3.5,0.0474
5152.059435606,3.5,0.0474
5153.0700199604,3.5,0.0466
5154.0801794529,3.5,0.0468
5155.090508461,3.5,0.0468
5156.10145974159,3.5,0.0468
5157.11293435097,3.5,0.0466
5158.12591195107,3.5,0.0468
5159.13734722137,3.5,0.0468
5160.14881539345,3.5,0.0468
5161.15955233574,3.5,0.0474
5162.16972947121,3.5,0.0474
5163.18027091026,3.5,0.0474
5164.18951010704,3.5,0.0474
5165.19833254814,3.5,0.0474
5166.208568573,3.5,0.0474
5167.21920156479,3.5,0.0474
5168.22989964485,3.5,0.0474
5169.24103546143,3.5,0.0474
5171.25175499916,3.5,0.0474
5172.26526761055,3.5,0.0474
5173.27631855011,3.5,0.0468
5174.28874921799,3.5,0.0466
5175.30321121216,3.5,0.0468
5176.31588220596,3.5,0.0468
5177.33455085754,3.5,0.0468
5178.34151983261,3.5,0.0468
5179.36337208748,3.5,0.0468
5180.37108659744,3.5,0.0468
5181.37304925919,3.5,0.0474
5182.38093948364,3.5,0.0474
5183.38638544083,3.5,0.0474
5184.38820314407,3.5,0.0474
5185.40017843246,3.5,0.0474
5186.40545630455,3.5,0.0474
5187.40701508522,3.5,0.0474
5188.40848851204,3.5,0.0474
5189.40925693512,3.5,0.0474
5191.41044425964,3.5,0.0474
5192.41146397591,3.5,0.0474
5193.41386270523,3.5,0.0468
5194.41499423981,3.5,0.0468
5195.41612863541,3.5,0.0468
5196.41722106934,3.5,0.0468
5197.41813182831,3.5,0.0468
5198.4188246727,3.5,0.0466
5199.41990470886,3.5,0.0468
5200.4207675457,3.5,0.0466
5201.42195034027,3.5,0.0474
5202.42261075974,3.5,0.0474
5203.42365574837,3.5,0.0474
5204.42414331436,3.5,0.0474
5205.4249560833,3.5,0.0474
5206.42645788193,3.5,0.0474
5207.42829251289,3.5,0.0474
5209.43141031265,3.5,0.0474
5210.4324889183,3.5,0.0474
5211.44010305405,3.5,0.0469
5212.44822049141,3.5,0.0468
5213.45604729652,3.5,0.0468
5214.47235870361,3.5,0.0468
5215.48464226723,3.5,0.0468
5216.49732136726,3.5,0.0468
5217.52354550362,3.5,0.0468
5218.53117179871,3.5,0.0466
5219.5409963131,3.5,0.0474
5220.54375815392,3.5,0.0474
5221.5462231636,3.5,0.0474
5222.55832052231,3.5,0.0474
5223.56254792213,3.5,0.0474
5224.56421899796,3.5,0.0474
5225.56512784958,3.5,0.0474
5227.57798981667,3.5,0.0474
5228.57893323898,3.5,0.0474
5229.5808801651,3.5,0.0469
5230.59052872658,3.5,0.0468
5231.5990357399,3.5,0.0468
5232.60747385025,3.5,0.0468
5233.6193253994,3.5,0.0466
5234.63371777534,3.5,0.0468
5235.64494204521,3.5,0.0468
5236.65797376633,3.5,0.0468
5237.66457724571,3.5,0.0474
5238.67753505707,3.5,0.0474
5239.69230866432,3.5,0.0474
5240.70564436913,3.5,0.0474
5241.71887016296,3.5,0.0474
5242.73200559616,3.5,0.0474
5243.74129915237,3.5,0.0474
5244.75512719154,3.5,0.0474
5245.76595234871,3.5,0.0474
5247.77807593346,3.5,0.0474
5248.79096364975,3.5,0.0474
5249.80779743195,3.5,0.0468
5250.82704424858,3.5,0.0468
5251.84233832359,3.5,0.0468
5252.85565567017,3.5,0.0468
5253.86391448975,3.5,0.0468
5254.87703633308,3.5,0.0468
5255.88941001892,3.5,0.0468
5256.90472865105,3.5,0.0468
5257.91775202751,3.5,0.0474
5258.92012429237,3.5,0.0474
5259.93517971039,3.5,0.0474
5260.94807481766,3.5,0.0474
5261.96242904663,3.5,0.0474
5262.97351622581,3.5,0.0474
5263.97901582718,3.5,0.0474
5264.99003791809,3.5,0.0474
5266.00247955322,3.5,0.0474
5268.01325345039,3.5,0.0474
5269.01866149902,3.5,0.0474
5270.02974534035,3.5,0.0468
5271.04056334496,3.5,0.0466
5272.05240130424,3.5,0.0466
5273.0637075901,3.5,0.0468
5274.07005929947,3.5,0.0468
5275.08088064194,3.5,0.0468
5276.09398937225,3.5,0.0466
5277.1042971611,3.5,0.0468
5278.11681938171,3.5,0.0474
5279.12347626686,3.5,0.0474
5280.14055514336,3.5,0.0474
5281.15503025055,3.5,0.0474
5282.16222786903,3.5,0.0474
5283.16847085953,3.5,0.0474
5284.17907977104,3.5,0.0474
5285.1921441555,3.5,0.0474
5286.20555567741,3.5,0.0474
5288.21665692329,3.5,0.0474
5289.23630332947,3.5,0.0474
5290.24656367302,3.5,0.0466
5291.26467204094,3.5,0.0468
5292.27576351166,3.5,0.0466
5293.27929878235,3.5,0.0468
5294.29191398621,3.5,0.0468
5295.30975794792,3.5,0.0468
5296.32414507866,3.5,0.0466
5297.34289669991,3.5,0.0466
5298.34637713432,3.5,0.0474
5299.35968661308,3.5,0.0474
5300.37667059898,3.5,0.0474
5301.39256858826,3.5,0.0474
5302.40507507324,3.5,0.0474
5303.42421507835,3.5,0.0474
5304.43114900589,3.5,0.0474
5305.43568015099,3.5,0.0474
5306.43701243401,3.5,0.0474
5308.43852472305,3.5,0.0474
5309.44608426094,3.5,0.0474
5310.47802710533,3.5,0.0468
5311.47915744781,3.5,0.0468
5312.48908376694,3.5,0.0468
5313.49698615074,3.5,0.0468
5314.50740194321,3.5,0.0466
5315.52124643326,3.5,0.0468
5316.53314900398,3.5,0.0468
5317.53585600853,3.5,0.0468
5318.56690812111,3.5,0.0474
5319.57815265656,3.5,0.0474
5320.5940220356,3.5,0.0474
5321.59519791603,3.5,0.0474
5322.59619092941,3.5,0.0474
5323.59877824783,3.5,0.0474
5324.60934185982,3.5,0.0474
5326.61415672302,3.5,0.0474
5327.61784672737,3.5,0.0474
5328.63715076447,3.5,0.0471
5329.63845157623,3.5,0.0466
5330.64724063873,3.5,0.0468
5331.65499305725,3.5,0.0468
5332.66401195526,3.5,0.0466
5333.67675185204,3.5,0.0468
5334.6898431778,3.5,0.0468
5335.70272040367,3.5,0.0466
5336.71565485001,3.5,0.0474
5337.72982931137,3.5,0.0474
5338.74251151085,3.5,0.0474
5339.75664258003,3.5,0.0474
5340.77064538002,3.5,0.0474
5341.78385543823,3.5,0.0474
5342.79740786552,3.5,0.0474
5343.80681228638,3.5,0.0474
5344.82288789749,3.5,0.0474
5346.8322865963,3.5,0.0474
5347.84490346909,3.5,0.0474
5348.84738397598,3.5,0.0468
5349.85390472412,3.5,0.0466
5350.86859107018,3.5,0.0468
5351.88400769234,3.5,0.0468
5352.89767217636,3.5,0.0468
5353.91211104393,3.5,0.0468
5354.92391824722,3.5,0.0466
5355.93492007256,3.5,0.0468
5356.94504237175,3.5,0.0474
5357.95778441429,3.5,0.0474
5358.96571183205,3.5,0.0474
5359.97827768326,3.5,0.0474
5360.99033546448,3.5,0.0474
5362.00126123428,3.5,0.0474
5363.01768732071,3.5,0.0474
5364.02896285057,3.5,0.0474
5365.03429555893,3.5,0.0474
5367.0393872261,3.5,0.0474
5368.04966259003,3.5,0.0474
5369.06533741951,3.5,0.0468
5370.07764935493,3.5,0.0466
5371.08884572983,3.5,0.0466
5373.11048865318,3.5,0.0468
5374.11798143387,3.5,0.0474
5375.12049889565,3.5,0.0474
5376.13488316536,3.5,0.0474
5377.15097594261,3.5,0.0474
5378.16442704201,3.5,0.0474
5379.17916584015,3.5,0.0474
5380.19207763672,3.5,0.0474
5381.2047085762,3.5,0.0474
5382.2176618576,3.5,0.0474
5384.23471188545,3.5,0.0474
5385.2374124527,7.5,0.0474
5386.25028824806,7.5,0.0468
5387.26295876503,7.5,0.0466
5388.27368545532,7.5,0.0468
5389.27987241745,7.5,0.0466
5390.28235864639,7.5,0.0466
5391.29305100441,7.5,0.0468
5392.29843688011,7.5,0.0466
5393.30735588074,7.5,0.0468
5394.31989216805,7.5,0.0474
5395.33074235916,7.5,0.0474
5396.34244275093,7.5,0.0474
5397.35338139534,7.5,0.0483
5398.36473321915,7.5,0.0483
5399.36746907234,7.5,0.0457
5400.37754034996,7.5,0.0381
5401.38852715492,7.5,0.0389
5402.4031624794,7.5,0.0474
5404.41444039345,7.5,0.0527
5405.42543649673,7.5,0.0491
5406.42675924301,7.5,0.0491
5407.44205021858,7.5,0.0491
5408.44319200516,7.5,0.0491
5409.46027588844,7.5,0.0491
5410.47088074684,7.5,0.0536
5411.47338032722,7.5,0.0534
5412.48997044563,7.5,0.0534
5413.50312113762,7.5,0.0534
5414.51377987862,7.5,0.0534
5415.52411150932,7.5,0.0495
5416.53492307663,7.5,0.0466
5417.5511496067,7.5,0.0466
5418.56453299522,7.5,0.0561
5419.58366847038,7.5,0.057
5420.5946393013,7.5,0.0536
5421.59966993332,7.5,0.0578
5422.61083817482,7.5,0.0587
5424.62188959122,7.5,0.0553
5425.63131928444,7.5,0.0595
5426.64463496208,7.5,0.0595
5427.65723967552,7.5,0.0595
5428.66597104073,7.5,0.0595
5429.67726230621,7.5,0.0595
5430.68890547752,7.5,0.0553
5431.6956474781,7.5,0.0553
5432.71925973892,7.5,0.0553
5433.73345422745,7.5,0.0553
5434.74306249619,7.5,0.0553
5435.74470734596,7.5,0.0604
5436.74664020538,7.5,0.057
5437.749168396,7.5,0.057
5438.75392508507,7.5,0.0621
5439.75554633141,7.5,0.0587
5440.75617218018,7.5,0.0587
5441.75702428818,7.5,0.0638
5442.77035522461,7.5,0.0561
5444.77198410034,7.5,0.0646
5445.78024029732,7.5,0.057
5446.79006004333,7.5,0.057
5447.79878282547,7.5,0.0612
5448.80433559418,7.5,0.0612
5449.81423211098,7.5,0.0612
5450.83500552177,7.5,0.0612
5451.84643125534,7.5,0.0612
5452.8514688015,7.5,0.0612
5453.87537884712,7.5,0.0612
5454.88217592239,7.5,0.0612
5455.89469885826,7.5,0.0612
5456.90247392654,7.5,0.0663
5457.90493011475,7.5,0.0621
5458.90804600716,7.5,0.0672
5459.91371107101,7.5,0.0638
5460.93134140968,7.5,0.068
5461.93214011192,7.5,0.0646
5462.94301772118,7.5,0.0689
5464.94473910332,7.5,0.0655
5465.95555830002,7.5,0.0697
5466.96789216995,7.5,0.0697
5467.97269964218,7.5,0.0697
5468.98844599724,7.5,0.0697
5470.00122952461,7.5,0.0697
5471.01541376114,7.5,0.0697
5472.02813267708,7.5,0.0697
5473.04318165779,7.5,0.0697
5474.06026625633,7.5,0.0697
5475.06683897972,7.5,0.0655
5476.08155322075,7.5,0.0707
5477.09472227097,7.5,0.0663
5478.09989380836,7.5,0.0716
5479.1203482151,7.5,0.0638
5480.14137840271,7.5,0.0724
5481.15274119377,7.5,0.068
5482.16644692421,7.5,0.0733
5484.17344903946,7.5,0.0689
5485.18540287018,7.5,0.0697
5486.19728183746,7.5,0.0697
5487.21120142937,7.5,0.0697
5488.2246966362,7.5,0.0697
5489.23968100548,7.5,0.0697
5490.25318694115,7.5,0.0697
5491.26577734947,7.5,0.0697
5492.27867770195,7.5,0.0697
5493.29281997681,7.5,0.0741
5494.30419254303,7.5,0.0741
5495.31521964073,7.5,0.0741
5496.32724642754,7.5,0.0706
5497.33075237274,7.5,0.075
5498.34261488914,7.5,0.0716
5499.35333609581,7.5,0.0758
5500.36544060707,7.5,0.068
5501.37791466713,7.5,0.0767
5502.39095211029,7.5,0.0724
5504.40169262886,7.5,0.0775
5505.41209554672,7.5,0.0775
5506.42391967773,7.5,0.0775
5507.43753552437,7.5,0.0775
5508.44842028618,7.5,0.0775
5509.45075249672,7.5,0.0775
5510.45598173141,7.5,0.0775
5511.46916460991,7.5,0.0775
5512.48833250999,7.5,0.0775
5513.49955058098,7.5,0.0775
5514.51046061516,7.5,0.0775
5515.52152442932,7.5,0.0741
5516.5342798233,7.5,0.0784
5517.54714345932,7.5,0.0741
5518.55352592468,7.5,0.0792
5519.56714749336,7.5,0.075
5520.58039593697,7.5,0.0758
5521.59311294556,7.5,0.0801
5522.60686397552,7.5,0.0758
5524.61764407158,7.5,0.0809
5525.6304731369,7.5,0.0809
5526.64473676682,7.5,0.0809
5527.65544557571,7.5,0.0809
5528.66827178001,7.5,0.0809
5529.67823052406,7.5,0.0809
5530.68708992004,7.5,0.0809
5531.69603347778,7.5,0.0809
5532.70722818375,7.5,0.0809
5533.71817064285,7.5,0.0809
5534.72917842865,7.5,0.0809
5535.74008107185,7.5,0.0775
5536.75047969818,7.5,0.0818
5537.77467513084,7.5,0.0775
5538.78059053421,7.5,0.0784
5539.78344106674,7.5,0.0826
5540.78520584106,7.5,0.0784
5541.78740763664,7.5,0.0835
5542.80432224274,7.5,0.0792
5544.80751538277,7.5,0.0801
5545.80961608887,7.5,0.0801
5546.81056118011,7.5,0.0801
5547.81111168861,7.5,0.0801
5548.81202626228,7.5,0.0801
5549.81587553024,7.5,0.0801
5550.81976366043,7.5,0.0801
5551.82048034668,7.5,0.0801
5552.82121086121,7.5,0.0801
5553.82171773911,7.5,0.0801
5554.82226228714,7.5,0.0801
5555.82336235046,7.5,0.0801
5556.82397055626,7.5,0.0809
5557.82490754128,7.5,0.0809
5558.8258228302,7.5,0.0809
5559.82826447487,7.5,0.0818
5560.82983469963,7.5,0.0818
5561.8306016922,7.5,0.0835
5563.83888339996,7.5,0.0826
5564.84414958954,7.5,0.0869
5565.84532356262,7.5,0.0869
5566.85360169411,7.5,0.087
5567.86359381676,7.5,0.0869
5568.87860441208,7.5,0.0869
5569.88502430916,7.5,0.0869
5570.89431834221,7.5,0.087
5571.92078948021,7.5,0.0869
5572.92412590981,7.5,0.0869
5573.9381685257,7.5,0.087
5574.93980002403,7.5,0.0869
5575.94977664948,7.5,0.0835
5576.95084285736,7.5,0.0877
5577.95402240753,7.5,0.0879
5578.96420478821,7.5,0.0801
5579.96578025818,7.5,0.0887
5580.96630597115,7.5,0.0886
5581.96704745293,7.5,0.0809
5582.97071290016,7.5,0.0809
5584.97145247459,7.5,0.0896
5585.97203159332,7.5,0.0896
5586.97253775597,7.5,0.0896
5587.97685050964,7.5,0.0896
5588.97750258446,7.5,0.0896
5589.98188066483,7.5,0.0894
5590.99324083328,7.5,0.0894
5591.99369907379,7.5,0.0896
5593.00186228752,7.5,0.0896
5594.01039528847,7.5,0.0896
5595.02247142792,7.5,0.0818
5596.03676939011,7.5,0.0835
5597.04304122925,7.5,0.0904
5598.05833148956,7.5,0.0904
5599.07142591476,7.5,0.0869
5600.08361768723,7.5,0.0913
5601.09750032425,7.5,0.0913
5602.11076283455,7.5,0.087
5604.11581778526,7.5,0.0879
5605.12911224365,7.5,0.0921
5606.14245486259,7.5,0.0921
5607.15612053871,7.5,0.0921
5608.16172027588,7.5,0.0921
5609.17618751526,7.5,0.0921
5610.18899893761,7.5,0.0921
5611.20187115669,7.5,0.0921
5612.21188187599,7.5,0.0921
5613.22539401054,7.5,0.0921
5614.23859453201,7.5,0.0921
5615.25146341324,7.5,0.0964
5616.26414728165,7.5,0.0887
5617.27677583694,7.5,0.093
5618.2905831337,7.5,0.093
5619.30374193192,7.5,0.093
5620.31643676758,7.5,0.0896
5621.33194208145,7.5,0.0939
5622.33757424355,7.5,0.0939
5624.34487557411,7.5,0.0894
5625.35933160782,7.5,0.0904
5626.37483096123,7.5,0.0904
5627.38014507294,7.5,0.0904
5628.39109587669,7.5,0.0904
5629.4037296772,7.5,0.0904
5630.40903687477,7.5,0.0904
5631.41935825348,7.5,0.0904
5632.43058466911,7.5,0.0904
5633.44178175926,7.5,0.0904
5634.45346403122,7.5,0.0904
5635.46466350555,7.5,0.0947
5636.47597289085,7.5,0.0947
5637.48755168915,7.5,0.0904
5638.49850034714,7.5,0.0913
5639.50891113281,7.5,0.0956
5640.51775932312,7.5,0.0998
5641.53191637993,7.5,0.0956
5642.54485607147,7.5,0.0921
5644.55136656761,7.5,0.0964
5645.56272125244,7.5,0.0964
5646.5742866993,7.5,0.0964
5647.58521723747,7.5,0.0964
5648.5964319706,7.5,0.0964
5649.60751080513,7.5,0.0964
5650.62442946434,7.5,0.0964
5651.63676452637,7.5,0.0964
5652.6475212574,7.5,0.0964
5653.65932154655,7.5,0.0964
5654.66979503632,7.5,0.0964
5655.67435193062,7.5,0.0964
5656.68667006493,7.5,0.093
5657.7066245079,7.5,0.0973
5658.71475958824,7.5,0.0973
5659.72743010521,7.5,0.0973
5660.73797178268,7.5,0.093
5661.74850487709,7.5,0.0939
5662.76102113724,7.5,0.0981
5664.77588129044,7.5,0.0981
5665.78208851814,7.5,0.0981
5666.79422163963,7.5,0.0981
5667.79809570312,7.5,0.0981
5668.8092083931,7.5,0.0981
5669.82222390175,7.5,0.0981
5670.84057760239,7.5,0.0981
5671.85583686829,7.5,0.0981
5672.85954523087,7.5,0.0981
5673.86918997765,7.5,0.0981
5674.87323260307,7.5,0.0939
5675.87725996971,7.5,0.0947
5676.87813544273,7.5,0.0989
5677.8802819252,7.5,0.0989
5678.88184690475,7.5,0.1032
5679.88310313225,7.5,0.0956
5680.88379812241,7.5,0.0956
5681.88426423073,7.5,0.0998
5682.88484311104,7.5,0.1041
5684.88563799858,7.5,0.1042
5685.8866353035,7.5,0.0998
5686.89195537567,7.5,0.0998
5687.90923857689,7.5,0.0998
5688.91138148308,7.5,0.0998
5689.92012381554,7.5,0.0998
5690.92870092392,7.5,0.0998
5691.94026398659,7.5,0.0998
5692.95251870155,7.5,0.0998
5693.96195411682,7.5,0.0998
5694.99313688278,7.5,0.0964
5696.00485706329,7.5,0.1006
5697.00930643082,7.5,0.1006
5698.01890921593,7.5,0.1049
5699.02070450783,7.5,0.1006
5700.02195286751,7.5,0.0973
5701.02527713776,7.5,0.1015
5703.03421282768,7.5,0.1015
5704.03576564789,7.5,0.1059
5705.03723788261,7.5,0.1059
5706.04253792763,7.5,0.1059
5707.04467630386,7.5,0.1059
5708.04584121704,7.5,0.1059
5709.04685544968,7.5,0.1059
5710.04766702652,7.5,0.1059
5711.04820871353,7.5,0.1059
5712.0495455265,7.5,0.1059
5713.0508248806,7.5,0.1059
5714.05141782761,7.5,0.1015
5715.05224633217,7.5,0.0981
5716.05312132835,7.5,0.1023
5717.05362486839,7.5,0.1025
5718.05422329903,7.5,0.1068
5719.05566763878,7.5,0.1025
5720.05678677559,7.5,0.0989
5721.05767154694,7.5,0.1032
5723.05838894844,7.5,0.1032
5724.06206250191,7.5,0.1032
5725.06286907196,7.5,0.1034
5726.06379246712,7.5,0.1032
5727.06464314461,7.5,0.1032
5728.06531500816,7.5,0.1032
5729.06580853462,7.5,0.1032
5730.06697535515,7.5,0.1032
5731.0675868988,7.5,0.1032
5732.06967782974,7.5,0.1032
5733.07116937637,7.5,0.1076
5734.08231282234,7.5,0.1032
5735.09215927124,7.5,0.0998
5736.10126233101,7.5,0.1042
5737.11678814888,7.5,0.1042
5738.12938141823,7.5,0.1042
5739.14216136932,7.5,0.1085
5740.1547768116,7.5,0.1042
5742.17078995705,7.5,0.1006
5743.18396496773,7.5,0.1006
5744.19619178772,7.5,0.1006
5745.20698070526,7.5,0.1006
5746.21869444847,7.5,0.1006
5747.23365449905,7.5,0.1006
5748.24439048767,7.5,0.1006
5749.25777029991,7.5,0.1006
5750.26256155968,7.5,0.1006
5751.27373695374,7.5,0.1006
5752.28857278824,7.5,0.1006
5753.3008453846,7.5,0.1049
5754.31493830681,7.5,0.1049
5755.33080601692,7.5,0.1093
5756.33767175674,7.5,0.1049
5757.35582470894,7.5,0.1051
5758.36874175072,7.5,0.1015
5759.38142514229,7.5,0.1059
5760.3939602375,7.5,0.1059
5762.40675020218,7.5,0.1102
5763.4197371006,7.5,0.1102
5764.42224597931,7.5,0.1102
5765.43205666542,7.5,0.1102
5766.44283699989,7.5,0.1102
5767.45329380035,7.5,0.1102
5768.46462440491,7.5,0.1102
5769.4755449295,7.5,0.1102
5770.48849606514,7.5,0.1102
5771.49816322327,7.5,0.1102
5772.50942969322,7.5,0.1059
5773.52000880241,7.5,0.1059
5774.53087043762,7.5,0.1023
5775.54157662392,7.5,0.1068
5776.55262088776,7.5,0.1068
5777.56388568878,7.5,0.111
5778.57621836662,7.5,0.111
5779.58804321289,7.5,0.1068
5780.59943342209,7.5,0.1068
5782.61192011833,7.5,0.1032
5783.62353897095,7.5,0.1076
5784.63417863846,7.5,0.1076
5785.64315867424,7.5,0.1076
5786.65365409851,7.5,0.1076
5787.6653418541,7.5,0.1076
5788.67619490623,7.5,0.1076
5789.68202543259,7.5,0.1076
5790.69361186028,7.5,0.1076
5791.70439434052,7.5,0.1076
5792.71554780006,7.5,0.1076
5793.72081112862,7.5,0.1076
5794.73172569275,7.5,0.1119
5795.74114847183,7.5,0.1119
5796.74947786331,7.5,0.1076
5797.75335264206,7.5,0.1076
5798.76752519608,7.5,0.1042
5799.77891230583,7.5,0.1085
5800.79190349579,7.5,0.1085
5802.80251002312,7.5,0.1127
5803.81668591499,7.5,0.1127
5804.82791256905,7.5,0.1127
5805.84060120583,7.5,0.1127
5806.85274553299,7.5,0.1127
5807.86328220367,7.5,0.1127
5808.87491083145,7.5,0.1127
5809.8871948719,7.5,0.1127
5810.89870381355,7.5,0.1127
5811.91995096207,7.5,0.1127
5812.92471551895,7.5,0.1127
5813.93333792686,7.5,0.1085
5814.93387722969,7.5,0.1085
5815.93502569199,7.5,0.1049
5816.93657636642,7.5,0.1093
5817.9391784668,7.5,0.1093
5818.94052243233,7.5,0.1093
5819.94632172585,7.5,0.1136
5820.95206403732,7.5,0.1136
5822.95320081711,7.5,0.1093
5823.95398664474,7.5,0.1093
5824.95464277267,7.5,0.1093
5825.95536446571,7.5,0.1093
5826.95643305779,7.5,0.1093
5827.95715308189,7.5,0.1093
5828.95807862282,7.5,0.1093
5829.95859360695,7.5,0.1093
5830.95939612389,7.5,0.1093
5831.96001315117,7.5,0.1093
5832.96062469482,7.5,0.1093
5833.96113324165,7.5,0.1059
5834.96207904816,7.5,0.1102
5835.96260380745,7.5,0.1102
5836.96347975731,7.5,0.1102
5837.96411037445,7.5,0.1144
5838.96455311775,7.5,0.1144
5839.96520638466,7.5,0.1102
5840.96571731567,7.5,0.1102
5842.96655845642,7.5,0.1068
5843.96725654602,7.5,0.111
5844.96772408485,7.5,0.111
5845.96813035011,7.5,0.111
5846.96910023689,7.5,0.111
5847.97003889084,7.5,0.111
5848.9706428051,7.5,0.111
5849.97144627571,7.5,0.111
5850.97243452072,7.5,0.111
5851.97295761108,7.5,0.111
5852.9738445282,7.5,0.111
5853.97563385963,7.5,0.111
5854.97684335709,7.5,0.1153
5855.97791743279,7.5,0.1153
5856.97915744781,7.5,0.111
5857.97978043556,7.5,0.111
5858.98053789139,7.5,0.1076
5860.99157547951,7.5,0.1076
5861.99318957329,7.5,0.1119
5863.00164842606,7.5,0.1119
5864.01081609726,7.5,0.1119
5865.02169680595,7.5,0.1119
5866.03474617004,7.5,0.1119
5867.06625676155,7.5,0.1119
5868.08276152611,7.5,0.1119
5869.08777809143,7.5,0.1119
5870.1001303196,7.5,0.1119
5871.10649442673,7.5,0.1119
5872.1077170372,7.5,0.1119
5873.10873913765,7.5,0.1161
5874.10925364494,7.5,0.1161
5875.10982441902,7.5,0.1161
5876.11084389687,7.5,0.1119
5877.1120288372,7.5,0.1119
5878.11272096634,7.5,0.1119
5879.113458395,7.5,0.1127
5881.11444139481,7.5,0.1127
5882.11630773544,7.5,0.1127
5883.1178560257,7.5,0.1127
5884.11904740334,7.5,0.1127
5885.12019586563,7.5,0.1127
5886.12079930305,7.5,0.1127
5887.12170290947,7.5,0.1127
5888.122371912,7.5,0.1127
5889.12313508987,7.5,0.1127
5890.12373709679,7.5,0.1127
5891.12436103821,7.5,0.1127
5892.12499523163,7.5,0.117
5893.1258187294,7.5,0.117
5894.1266245842,7.5,0.117
5895.12784457207,7.5,0.1127
5896.12856411934,7.5,0.1127
5897.12945914268,7.5,0.1093
5899.13121056557,7.5,0.1136
5900.13339662552,7.5,0.1136
5901.14540672302,7.5,0.1136
5902.15568590164,7.5,0.1136
5903.16670465469,7.5,0.1136
5904.18114304543,7.5,0.1136
5905.1939470768,7.5,0.1136
5906.21052408218,7.5,0.1136
5907.22926020622,7.5,0.1136
5908.24882340431,7.5,0.1136
5909.26859211922,7.5,0.1136
5910.28822088242,7.5,0.1136
5911.30776834488,7.5,0.1178
5912.32822203636,7.5,0.1178
5913.34821152687,7.5,0.1178
5914.36164855957,7.5,0.1136
5915.38247013092,7.5,0.1136
5916.38690900803,7.5,0.1136
5918.39371967316,7.5,0.1144
5919.41031622887,7.5,0.1144
5920.41836714745,7.5,0.1144
5921.42640995979,7.5,0.1144
5922.44018888474,7.5,0.1144
5923.45571041107,7.5,0.1144
5924.46758270264,7.5,0.1144
5925.48475217819,7.5,0.1144
5926.49763846397,7.5,0.1144
5927.5105304718,7.5,0.1144
5928.52138495445,7.5,0.1144
5929.53512716293,7.5,0.1144
5930.54542064667,7.5,0.1187
5931.55392098427,7.5,0.1187
5932.56639695168,7.5,0.1187
5933.57833981514,7.5,0.1187
5934.59127783775,7.5,0.1144
5935.6094686985,7.5,0.1144
5936.62680244446,7.5,0.1144
5938.63794612885,7.5,0.111
5939.64876627922,7.5,0.1153
5940.65466880798,7.5,0.1153
5941.66553282738,7.5,0.1153
5942.67744088173,7.5,0.1153
5943.69304490089,7.5,0.1153
5944.70444154739,7.5,0.1153
5945.71969294548,7.5,0.1153
5946.73112368584,7.5,0.1153
5947.74344706535,7.5,0.1153
5948.7561712265,7.5,0.1153
5949.77037978172,7.5,0.1153
5950.77692723274,7.5,0.1153
5951.78942131996,7.5,0.1197
5952.79990148544,7.5,0.1197
5953.81139278412,7.5,0.1197
5954.82236742973,7.5,0.1153
5955.83387374878,7.5,0.1153
5956.84440493584,7.5,0.1153
5958.85722541809,7.5,0.1153
5959.86733937263,7.5,0.1153
5960.88086915016,7.5,0.1119
5961.89485502243,7.5,0.1119
5962.89719605446,7.5,0.1119
5963.91009712219,7.5,0.1119
5964.92096376419,7.5,0.1161
5965.93818187714,7.5,0.1161
5966.94903683662,7.5,0.1161
5967.96008825302,7.5,0.1161
5968.97107124329,7.5,0.1161
5969.9957947731,7.5,0.1161
5971.00958371162,7.5,0.1161
5972.02365112305,7.5,0.1161
5973.02944922447,7.5,0.1204
5974.03285694122,7.5,0.1204
5975.03381371498,7.5,0.1205
5976.03890895844,7.5,0.1161
5977.04193854332,7.5,0.1161
5979.05402874947,7.5,0.1161
5980.05772614479,7.5,0.1161
5981.05823636055,7.5,0.1161
5982.05957007408,7.5,0.1161
5983.06944537163,7.5,0.1161
5984.07036757469,7.5,0.1161
5985.08121442795,7.5,0.1161
5986.09025025368,7.5,0.1161
5987.10235595703,7.5,0.1161
5988.11529302597,7.5,0.1161
5989.14303255081,7.5,0.1161
5990.15847373009,7.5,0.1161
5991.16104197502,7.5,0.117
5992.17046451569,7.5,0.117
5993.17265748978,7.5,0.117
5994.17520618439,7.5,0.117
5995.17724943161,7.5,0.1212
5996.18354344368,7.5,0.1212
5997.18456459045,7.5,0.1212
5999.19211173058,7.5,0.1212
6000.1925907135,7.5,0.117
6001.19306015968,7.5,0.117
6002.19349765778,7.5,0.117
6003.19392204285,7.5,0.117
6004.19443488121,7.5,0.117
6005.19526100159,7.5,0.117
6006.19575357437,7.5,0.117
6007.19672966003,7.5,0.117
6008.20111560822,7.5,0.117
6009.20278906822,7.5,0.117
6010.20386338234,7.5,0.117
6011.21201372147,7.5,0.117
6012.21951007843,7.5,0.117
6013.22740077972,7.5,0.1178
6014.2359046936,7.5,0.1178
6015.24010467529,7.5,0.1178
6016.25155258179,7.5,0.1178
6017.26388406754,7.5,0.1222
6019.26947283745,7.5,0.1222
6020.28184223175,7.5,0.1222
6021.29529166222,7.5,0.1222
6022.30901408195,7.5,0.1221
6023.31625390053,7.5,0.1222
6024.33033967018,7.5,0.1222
6025.34917616844,7.5,0.1222
6026.34988546371,7.5,0.1222
6027.35758423805,7.5,0.1222
6028.35958147049,7.5,0.1222
6029.37997460365,7.5,0.1222
6030.38393378258,7.5,0.1222
6031.40412402153,7.5,0.1222
6032.41700029373,7.5,0.1178
6033.43556308746,7.5,0.1178
6034.45536923409,7.5,0.1178
6035.46581888199,7.5,0.1178
6036.48040056229,7.5,0.1187
6037.49741387367,7.5,0.1187
6039.50901961327,7.5,0.1187
6040.52051377296,7.5,0.1187
6041.53170824051,7.5,0.1187
6042.54747509956,7.5,0.1187
6043.55767154694,7.5,0.1187
6044.57721328735,7.5,0.1187
6045.58940243721,7.5,0.1187
6046.5999777317,7.5,0.1187
6047.61269378662,7.5,0.1187
6048.61639595032,7.5,0.1187
6049.62729358673,7.5,0.1187
6050.63781476021,7.5,0.1187
6051.64875483513,7.5,0.1231
6052.65980100632,7.5,0.1231
6053.67158150673,7.5,0.1231
6054.68132209778,7.5,0.1229
6055.69182419777,7.5,0.1231
6056.69427037239,7.5,0.1187
6057.71140193939,7.5,0.1187
6059.72127628326,7.5,0.1187
6060.73190689087,7.5,0.1187
6061.74090719223,7.5,0.1187
6062.75213670731,7.5,0.1187
6063.76115250587,7.5,0.1187
6064.77241063118,7.5,0.1187
6065.78014469147,7.5,0.1187
6066.7885890007,7.5,0.1187
6067.79905557632,7.5,0.1187
6068.81169009209,7.5,0.1187
6069.82346248627,7.5,0.1187
6070.83894872665,7.5,0.1187
6071.85041499138,7.5,0.1197
6072.86110520363,7.5,0.1197
6073.87179541588,7.5,0.1197
6074.88439202309,7.5,0.1195
6075.8956413269,7.5,0.1197
6076.90643906593,7.5,0.1239
6077.91200375557,7.5,0.1239
6079.91552186012,7.5,0.1239
6080.92663240433,7.5,0.1239
6081.93947315216,7.5,0.1239
6082.95043826103,7.5,0.1239
6083.96224617958,7.5,0.1239
6084.97409820557,7.5,0.1239
6085.98073673248,7.5,0.1239
6086.99190425873,7.5,0.1239
6088.0029501915,7.5,0.1239
6089.00833892822,7.5,0.1239
6090.02091574669,7.5,0.1239
6091.03549480438,7.5,0.1239
6092.05989170074,7.5,0.1197
6093.07325768471,7.5,0.1197
6094.07471776009,7.5,0.1197
6095.07718014717,7.5,0.1197
6096.07965373993,7.5,0.1197
6097.11773467064,7.5,0.1161
6098.11969542503,7.5,0.1205
6100.12100434303,7.5,0.1205
6101.12940692902,7.5,0.1205
6102.13876676559,7.5,0.1205
6103.14907217026,7.5,0.1204
6104.16179323196,7.5,0.1204
6105.17694687843,7.5,0.1204
6106.18958902359,7.5,0.1205
6107.19717121124,7.5,0.1204
6108.19836974144,7.5,0.1204
6109.20002794266,7.5,0.1205
6110.20198702812,7.5,0.1205
6111.21217942238,7.5,0.1204
6112.21340441704,7.5,0.1205
6113.21423006058,7.5,0.1248
6114.21709775925,7.5,0.1248
6115.21849393845,7.5,0.1248
6116.22587537766,7.5,0.1248
6117.22726154327,7.5,0.1248
6119.2289493084,7.5,0.1248
6120.23524737358,7.5,0.1248
6121.23570823669,7.5,0.1248
6122.23643755913,7.5,0.1248
6123.23735523224,7.5,0.1248
6124.23803806305,7.5,0.1248
6125.23863482475,7.5,0.1204
6126.23936963081,7.5,0.1204
6127.24016571045,7.5,0.1204
6128.24070525169,7.5,0.1204
6129.24238610268,7.5,0.1205
6130.24365973473,7.5,0.1204
6131.2444319725,7.5,0.1204
6132.24516654015,7.5,0.1205
6133.24588990211,7.5,0.1204
6134.24644231796,7.5,0.1205
6135.24705910683,7.5,0.1204
6136.25516319275,7.5,0.1212
6137.25640916824,7.5,0.1214
6139.26615047455,7.5,0.1214
6140.27853608131,7.5,0.1214
6141.28889513016,7.5,0.1212
6142.30216741562,7.5,0.1212
6143.30646729469,7.5,0.1212
6144.31771564484,7.5,0.1212
6145.32319331169,7.5,0.1214
6146.33725380898,7.5,0.1212
6147.3499314785,7.5,0.1214
6148.35235142708,7.5,0.1214
6149.35744643211,7.5,0.1212
6150.37469148636,7.5,0.1212
6151.39035081863,7.5,0.1256
6152.40363645554,7.5,0.1256
6153.41723394394,7.5,0.1256
6154.43056559563,7.5,0.1256
6155.43457555771,7.5,0.1256
6156.44723200798,7.5,0.1256
6157.46062517166,7.5,0.1256
6159.47092294693,7.5,0.1212
6160.48455548286,7.5,0.1214
6161.49698090553,7.5,0.1212
6162.50912475586,7.5,0.1214
6163.52214503288,7.5,0.1214
6164.53746747971,7.5,0.1212
6165.5477502346,7.5,0.1212
6166.56280612946,7.5,0.1212
6167.58138036728,7.5,0.1212
6168.59375691414,7.5,0.1212
6169.59524607658,7.5,0.1214
6170.60762357712,7.5,0.1212
6171.61237621307,7.5,0.1212
6172.62377810478,7.5,0.1212
6173.63462901115,7.5,0.1212
6174.6399974823,7.5,0.1214
6175.6523399353,7.5,0.1222
6176.66751623154,7.5,0.1222
6177.67714929581,7.5,0.1222
6179.69250822067,7.5,0.1222
6180.70637869835,7.5,0.1222
6181.71758127213,7.5,0.1222
6182.72975683212,7.5,0.1222
6183.74579524994,7.5,0.1222
6184.74970436096,7.5,0.1222
6185.76244425774,7.5,0.1222
6186.77557682991,7.5,0.1222
6187.7876830101,7.5,0.1222
6188.8042910099,7.5,0.1222
6189.81680965424,7.5,0.1222
6190.81964921951,7.5,0.1222
6191.83202528954,7.5,0.1265
6192.83843874931,7.5,0.1265
6193.85313892365,7.5,0.1265
6194.86851501465,7.5,0.1265
6195.8710463047,7.5,0.1265
6196.88376402855,7.5,0.1265
6197.88628959656,7.5,0.1265
6199.90380954742,7.5,0.1265
6200.91842770576,7.5,0.1265
6201.92966270447,7.5,0.1265
6202.94144558907,7.5,0.1265
6203.95088744164,7.5,0.1265
6204.9604370594,7.5,0.1265
6205.97238969803,7.5,0.1265
6206.98639416695,7.5,0.1265
6207.99760842323,7.5,0.1222
6209.00875329971,7.5,0.1265
6210.02103352547,7.5,0.1265
6211.03241991997,7.5,0.1222
6212.04292702675,7.5,0.1222
6213.0589120388,7.5,0.1222
6214.07471990585,7.5,0.1222
6215.08578157425,7.5,0.1222
6216.09697985649,7.5,0.1222
6217.12061929703,7.5,0.1222
6218.12589859962,7.5,0.1231
6220.13291692734,7.5,0.1231
6221.134734869,7.5,0.1231
6222.14219641685,7.5,0.1231
6223.14462161064,7.5,0.1231
6224.14726829529,7.5,0.1231
6225.14812231064,7.5,0.1229
6226.15553283691,7.5,0.1231
6227.15651774406,7.5,0.1231
6228.15763282776,7.5,0.1229
6229.15826153755,7.5,0.1231
6230.15936017036,7.5,0.1231
6231.16036105156,7.5,0.1231
6232.16124010086,7.5,0.1231
6233.16200327873,7.5,0.1231
6234.16387104988,7.5,0.1231
6235.17400312424,7.5,0.1231
6236.17530846596,7.5,0.1231
6237.17658925056,7.5,0.1231
6238.18452739716,7.5,0.1231
6240.19350481033,7.5,0.1231
6241.20245814323,7.5,0.1229
6242.20554494858,7.5,0.1231
6243.21402668953,7.5,0.1231
6244.23076820374,7.5,0.1231
6245.23928570747,7.5,0.1231
6246.2498986721,7.5,0.1231
6247.2731218338,7.5,0.1231
6248.28872919083,7.5,0.1231
6249.29095458984,7.5,0.1231
6250.29545092583,7.5,0.1231
6251.30313563347,7.5,0.1231
6252.30396485329,7.5,0.1231
6253.31054496765,7.5,0.1231
6254.31277751923,7.5,0.1231
6255.31368803978,7.5,0.1231
6256.3144724369,7.5,0.1231
6257.31537246704,7.5,0.1231
6258.31595945358,7.5,0.1231
6260.31701636314,7.5,0.1229
6261.31763505936,7.5,0.1231
6262.31851100922,7.5,0.1231
6263.31907129288,7.5,0.1231
6264.31968522072,7.5,0.1231
6265.3203318119,7.5,0.1231
6266.32198262215,7.5,0.1231
6267.3228969574,7.5,0.1231
6268.32437705994,7.5,0.1231
6269.32524371147,7.5,0.1229
6270.3257329464,7.5,0.1231
6271.32668590546,7.5,0.1239
6272.32714915276,7.5,0.1239
6273.32792592049,7.5,0.1239
6274.33195924759,7.5,0.1239
6275.33389925957,7.5,0.1239
6276.3350212574,7.5,0.1239
6278.33572244644,7.5,0.1239
6279.33712768555,7.5,0.1239
6280.33850669861,7.5,0.1239
6281.34792780876,7.5,0.1239
6282.35565423965,7.5,0.1239
6283.36442518234,7.5,0.1239
6284.37369799614,7.5,0.1239
6285.38286328316,7.5,0.1239
6286.39398860931,7.5,0.1239
6287.41071152687,7.5,0.1239
6288.42906188965,7.5,0.1239
6289.44388413429,7.5,0.1239
6290.4596118927,7.5,0.1239
6291.47298502922,7.5,0.1239
6292.48671579361,7.5,0.1239
6293.49937081337,7.5,0.1239
6295.5140850544,7.5,0.1239
6296.53220677376,7.5,0.1239
6297.54630732536,7.5,0.1239
6298.5521466732,7.5,0.1239
6299.56524801254,7.5,0.1239
6300.57991290092,7.5,0.1239
6301.59469270706,7.5,0.1239
6302.61319756508,7.5,0.1239
6303.62899231911,7.5,0.1239
6304.63881206512,7.5,0.1239
6305.65241861343,7.5,0.1239
6306.66560220718,7.5,0.1239
6307.67810702324,7.5,0.1239
6308.69478750229,7.5,0.1239
6309.70775532722,7.5,0.1239
6310.72125148773,7.5,0.1239
6311.73419451714,7.5,0.1239
6312.74766397476,7.5,0.1239
6313.76461744308,7.5,0.1239
6314.76745581627,7.5,0.1239
6315.77273368835,7.5,0.1239
6317.79377198219,7.5,0.1239
6318.81244707108,7.5,0.1239
6319.82407665253,7.5,0.1239
6320.83798575401,7.5,0.1239
6321.8493719101,7.5,0.1239
6322.8597009182,7.5,0.1239
6323.86843204498,7.5,0.1239
6324.87948298454,7.5,0.1239
6325.88195466995,7.5,0.1239
6326.89390730858,7.5,0.1239
6327.90685105324,7.5,0.1239
6328.91722393036,7.5,0.1239
6329.93023657799,7.5,0.1239
6330.94324398041,7.5,0.1248
6331.95248770714,7.5,0.1248
6332.96250891685,7.5,0.1248
6333.97354960442,7.5,0.1248
6334.98459553719,7.5,0.1248
6335.99853086472,7.5,0.1248
6338.01063489914,7.5,0.1248
6339.02066349983,7.5,0.1248
6340.0342361927,7.5,0.1248
6341.04715967178,7.5,0.1248
6342.06041097641,7.5,0.1248
6343.07120275497,7.5,0.1248
6344.07402229309,7.5,0.1248
6345.08354568481,7.5,0.1248
6346.09334754944,7.5,0.1248
6347.10653424263,7.5,0.1248
6348.11686587334,7.5,0.1248
6349.12271976471,7.5,0.1248
6350.13339495659,7.5,0.1248
6351.15139293671,7.5,0.1248
6352.15786075592,7.5,0.1248
6353.16822934151,7.5,0.1248
6354.19083857536,7.5,0.1248
6355.19644379616,7.5,0.1248
6356.20693802834,7.5,0.1248
6358.21339845657,7.5,0.1248
6359.22106766701,7.5,0.1248
6360.2272040844,7.5,0.1248
6361.22837734222,7.5,0.1248
6362.22892427444,7.5,0.1248
6363.22954750061,7.5,0.1248
6364.23013687134,7.5,0.1248
6365.23231816292,7.5,0.1248
6366.23302507401,7.5,0.1248
6367.23445725441,7.5,0.1248
6368.23573613167,7.5,0.1248
6369.23678970337,7.5,0.1248
6370.237377882,7.5,0.1248
6371.23875999451,7.5,0.1248
6372.23968887329,7.5,0.1248
6373.24848103523,7.5,0.1248
6374.25025510788,7.5,0.1248
6375.26122522354,7.5,0.1248
6376.26913619041,7.5,0.1248
6378.2788875103,7.5,0.1248
6379.288002491,7.5,0.1248
6380.29888010025,7.5,0.1248
6381.30224680901,7.5,0.1248
6382.31511449814,7.5,0.1248
6383.34401464462,7.5,0.1248
6384.35412430763,7.5,0.1248
6385.36279654503,7.5,0.1248
6386.36480236053,7.5,0.1248
6387.36779308319,7.5,0.1248
6388.37575984001,7.5,0.1248
6389.37841105461,7.5,0.1248
6390.38207888603,7.5,0.1248
6391.38761782646,7.5,0.1248
6392.38885641098,7.5,0.1248
6393.38935208321,7.5,0.1248
6394.38993358612,7.5,0.1248
6395.39056825638,7.5,0.1248
6396.3912820816,7.5,0.1248
6398.39207029343,7.5,0.1248
6399.39311122894,7.5,0.1248
6400.3937754631,7.5,0.1248
6401.39429306984,7.5,0.1248
6402.39569568634,7.5,0.1248
6403.4001326561,7.5,0.1248
6404.40084862709,7.5,0.1248
6405.40190863609,7.5,0.1248
6406.40268826485,7.5,0.1248
6407.40318799019,7.5,0.1248
6408.4036667347,7.5,0.1248
6409.40793418884,7.5,0.1248
6410.40887022018,7.5,0.1256
6411.41036581993,7.5,0.1256
6412.4221804142,7.5,0.1256
6413.42262172699,7.5,0.1256
6414.4304766655,7.5,0.1256
6416.43911767006,7.5,0.1256
6417.44966554642,7.5,0.1256
6418.46068739891,7.5,0.1256
6419.47015452385,7.5,0.1256
6420.48282194138,7.5,0.1256
6421.49568104744,7.5,0.1256
6422.50715851784,7.5,0.1256
6423.51878881454,7.5,0.1256
6424.53235960007,7.5,0.1256
6425.54664874077,7.5,0.1256
6426.56002926826,7.5,0.1256
6427.5764169693,7.5,0.1256
6428.59158611298,7.5,0.1256
6429.60164499283,7.5,0.1256
6430.61664867401,7.5,0.1256
6431.63264942169,7.5,0.1256
6432.64455032349,7.5,0.1256
6433.65548968315,7.5,0.1256
6434.66739678383,7.5,0.1256
6436.67302727699,7.5,0.1256
6437.68854928017,7.5,0.1256
6438.70155930519,7.5,0.1256
6439.71464705467,7.5,0.1256
6440.72794985771,7.5,0.1256
6441.73407697678,7.5,0.1256
6442.7380001545,7.5,0.1256
6443.75391721725,7.5,0.1256
6444.76767516136,7.5,0.1256
6445.7730383873,7.5,0.1256
6446.78421521187,7.5,0.1256
6447.8028626442,7.5,0.1256
6448.80641555786,7.5,0.1299
6449.82038402557,7.5,0.1299
6450.8400478363,7.5,0.1299
6451.84493899345,7.5,0.1299
6452.85477638245,7.5,0.1299
6453.86348247528,7.5,0.1299
6454.86893057823,7.5,0.1299
6456.87516689301,7.5,0.1299
6457.89107990265,7.5,0.1299
6458.89512777328,7.5,0.1299
6459.90825796127,7.5,0.1299
6460.91959095001,7.5,0.1299
6461.93222332001,7.5,0.1299
6462.93781328201,7.5,0.1299
6463.94574189186,7.5,0.1299
6464.95879077911,7.5,0.1299
6465.97070884705,7.5,0.1299
6466.98632144928,7.5,0.1299
6467.99386811256,7.5,0.1299
6469.00500011444,7.5,0.1299
6470.01683712006,7.5,0.1299
6471.02596306801,7.5,0.1299
6472.03950214386,7.5,0.1299
6473.04645419121,7.5,0.1299
6474.05116081238,7.5,0.1299
6475.05536460876,7.5,0.1299
6477.06502962112,7.5,0.1299
6478.0760281086,7.5,0.1299
6479.08713078499,7.5,0.1299
6480.09170222282,7.5,0.1299
6481.10290050507,7.5,0.1299
6482.11340355873,7.5,0.1299
6483.12259578705,7.5,0.1299
6484.12585568428,7.5,0.1299
6485.13718008995,7.5,0.1299
6486.14743900299,7.5,0.1299
6487.15972781181,7.5,0.1299
6488.17246747017,7.5,0.1299
6489.18327188492,7.5,0.1299
6490.19431447983,7.5,0.1299
6491.20487761497,7.5,0.1299
6492.21713423729,7.5,0.1256
6493.22749853134,7.5,0.1256
6494.23631930351,7.5,0.1256
6495.2477118969,7.5,0.1256
6497.26725554466,7.5,0.1256
6498.27173995972,7.5,0.1256
6499.27326703072,7.5,0.1256
6500.27642655373,7.5,0.1256
6501.2860212326,7.5,0.1256
6502.29066705704,7.5,0.1256
6503.2920126915,7.5,0.1256
6504.29546380043,7.5,0.1256
6505.29954004288,7.5,0.1256
6506.30083703995,7.5,0.1256
6507.30182433128,7.5,0.1256
6508.302703619,7.5,0.1256
6509.30330348015,7.5,0.1256
6510.30386447906,7.5,0.1256
6511.31415510178,7.5,0.1256
6512.31552958488,7.5,0.1256
6513.3273358345,7.5,0.1256
6514.33657813072,7.5,0.1256
6515.34558200836,7.5,0.1256
6517.35736083984,7.5,0.1256
6518.37073469162,7.5,0.1256
6519.38183569908,7.5,0.1256
6520.39342713356,7.5,0.1256
6521.40011143684,7.5,0.1256
6522.43216896057,7.5,0.1256
6523.43520331383,7.5,0.1256
6524.45095276833,7.5,0.1256
6525.45267152786,7.5,0.1256
6526.45496940613,7.5,0.1256
6527.4644536972,7.5,0.1256
6528.46686697006,7.5,0.1256
6529.47293639183,7.5,0.1256
6530.47414135933,7.5,0.1256
6531.47505545616,7.5,0.1256
6532.47604584694,7.5,0.1256
6533.47695660591,7.5,0.1256
6534.47775530815,7.5,0.1256
6535.47836613655,7.5,0.1265
6537.47943496704,7.5,0.1265
6538.48001289368,7.5,0.1265
6539.48063516617,7.5,0.1265
6540.48156094551,7.5,0.1265
6541.48228144646,7.5,0.1265
6542.48346781731,7.5,0.1265
6543.48409461975,7.5,0.1265
6544.48482489586,7.5,0.1265
6545.48532056808,7.5,0.1265
6546.48599815369,7.5,0.1265
6547.48751735687,7.5,0.1265
6548.48805236816,7.5,0.1265
6549.48909568787,7.5,0.1265
6550.49959015846,7.5,0.1265
6551.50116729736,7.5,0.1265
6552.51139521599,7.5,0.1265
6553.51978516579,7.5,0.1265
6555.52848172188,7.5,0.1265
6556.54046916962,7.5,0.1265
6557.55785822868,7.5,0.1265
6558.57689809799,7.5,0.1265
6559.59690761566,7.5,0.1265
6560.61022377014,7.5,0.1265
6561.6233856678,7.5,0.1265
6562.63658595085,7.5,0.1265
6563.64950275421,7.5,0.1265
6564.66179800034,7.5,0.1265
6565.68146014214,7.5,0.1265
6566.68438243866,7.5,0.1265
6567.69343566895,7.5,0.1265
6568.70711231232,7.5,0.1265
6569.72037792206,7.5,0.1265
6570.73268294334,7.5,0.1265
6571.74556779861,7.5,0.1265
6572.75599551201,7.5,0.1265
6573.7681248188,7.5,0.1265
6575.77710771561,7.5,0.1265
6576.78823304176,7.5,0.1265
6577.80295753479,7.5,0.1265
6578.80583500862,7.5,0.1265
6579.82071423531,7.5,0.1265
6580.83759951591,7.5,0.1265
6581.85074901581,7.5,0.1265
6582.86094284058,7.5,0.1265
6583.872610569,7.5,0.1265
6584.87774443626,7.5,0.1265
6585.8927667141,7.5,0.1265
6586.90619397163,7.5,0.1265
6587.91740632057,7.5,0.1265
6588.92826581001,7.5,0.1265
6589.93840837479,7.5,0.1265
6590.95143485069,7.5,0.1307
6591.95365595818,7.5,0.1265
6592.96415734291,7.5,0.1307
6593.97420740128,7.5,0.1307
6595.98512268066,7.5,0.1307
6596.99650669098,7.5,0.1307
6598.00771784782,7.5,0.1307
6599.01885128021,7.5,0.1307
6600.03020119667,7.5,0.1307
6601.04116845131,7.5,0.1307
6602.05074644089,7.5,0.1307
6603.06371307373,7.5,0.1307
6604.07443475723,7.5,0.1307
6605.08033490181,7.5,0.1307
6606.09176850319,7.5,0.1307
6607.10547852516,7.5,0.1307
6608.11682653427,7.5,0.1307
6609.12701535225,7.5,0.1307
6610.13861823082,7.5,0.1307
6611.14614105225,7.5,0.1307
6612.15210986137,7.5,0.1307
6613.16409420967,7.5,0.1307
6614.17604756355,7.5,0.1307
6616.18664765358,7.5,0.1307
6617.19747757912,7.5,0.1307
6618.20811986923,7.5,0.1307
6619.22119188309,7.5,0.1307
6620.22828912735,7.5,0.1307
6621.23904395103,7.5,0.1307
6622.24981307983,7.5,0.1307
6623.2537279129,7.5,0.1307
6624.2645881176,7.5,0.1307
6625.27904224396,7.5,0.1307
6626.28885817528,7.5,0.1307
6627.29872655869,7.5,0.1307
6628.31006455421,7.5,0.1307
6629.32158851624,7.5,0.1307
6630.33498692513,7.5,0.1307
6631.34690022469,7.5,0.1307
6632.34900045395,7.5,0.1307
6633.35676193237,7.5,0.1307
6634.35865139961,7.5,0.1307
6636.35995912552,7.5,0.1307
6637.36777043343,7.5,0.1307
6638.36884117126,7.5,0.1307
6639.37293934822,7.5,0.1307
6640.37528419495,7.5,0.1307
6641.37701249123,7.5,0.1307
6642.37786698341,7.5,0.1307
6643.37884426117,7.5,0.1307
6644.38034248352,7.5,0.1307
6645.38096189499,7.5,0.1307
6646.38176488876,7.5,0.1307
6647.38262605667,7.5,0.1307
6648.38365650177,7.5,0.1307
6649.40192365646,7.5,0.1307
6650.40274763107,7.5,0.1307
6651.41223621368,7.5,0.1307
6652.42082977295,7.5,0.1307
6653.42260146141,7.5,0.1307
6655.43084263802,7.5,0.1307
6656.44241452217,7.5,0.1307
6657.45310997963,7.5,0.1307
6658.46588492393,7.5,0.1307
6659.47561335564,7.5,0.1307
6660.5033197403,7.5,0.1307
6661.52190589905,7.5,0.1307
6662.52321338654,7.5,0.1307
6663.52596449852,7.5,0.1307
6664.53371238708,7.5,0.1307
6665.53575277328,7.5,0.1307
6666.53943395615,7.5,0.1307
6667.53989481926,7.5,0.1307
6668.54615545273,7.5,0.1307
6669.54677820206,7.5,0.1307
6670.5475730896,7.5,0.1307
6671.54813337326,7.5,0.1307
6672.54863929749,7.5,0.1307
6673.55267834663,7.5,0.1307
6675.55344700813,7.5,0.1307
6676.55398416519,7.5,0.1307
6677.55448389053,7.5,0.1307
6678.55879855156,7.5,0.1307
6679.56265497208,7.5,0.1307
6680.56738042831,7.5,0.1307
6681.57730913162,7.5,0.1307
6682.58767318726,7.5,0.1307
6683.59769940376,7.5,0.1307
6684.61053466797,7.5,0.1307
6685.62294769287,7.5,0.1307
6686.63841414452,7.5,0.1307
6687.65001893044,7.5,0.1307
6688.66517686844,7.5,0.1307
6689.67471027374,7.5,0.1265
6690.68672919273,7.5,0.1265
6691.69633722305,7.5,0.1265
6692.71120715141,7.5,0.1307
6693.72228074074,7.5,0.1265
6695.72752785683,7.5,0.1265
6696.74445652962,7.5,0.1265
6697.75606608391,7.5,0.1265
6698.7705206871,7.5,0.1265
6699.77301549911,7.5,0.1265
6700.78938174248,7.5,0.1265
6701.79942798615,7.5,0.1265
6702.81469392776,7.5,0.1265
6703.82842493057,7.5,0.1265
6704.84383225441,7.5,0.1265
6705.84660768509,7.5,0.1265
6706.86379957199,7.5,0.1265
6707.8775331974,7.5,0.1265
6708.88997936249,7.5,0.1265
6709.90284895897,7.5,0.1265
6710.91542100906,7.5,0.1265
6711.9289188385,7.5,0.1265
6712.93199729919,7.5,0.1265
6713.94566130638,7.5,0.1265
6715.96001195908,7.5,0.1265
6716.96746349335,7.5,0.1265
6717.98026990891,7.5,0.1265
6718.99254369736,7.5,0.1265
6719.99699163437,7.5,0.1265
6721.00755906105,7.5,0.1265
6722.0207490921,7.5,0.1265
6723.03246998787,7.5,0.1265
6724.04324054718,7.5,0.1265
6725.05484247208,7.5,0.1265
6726.06559634209,7.5,0.1265
6727.07826757431,7.5,0.1265
6728.08928656578,7.5,0.1265
6729.09185481071,7.5,0.1265
6730.10377287865,7.5,0.1265
6731.11532449722,7.5,0.1265
6732.12546944618,7.5,0.1265
6733.13705515862,7.5,0.1265
6734.14834022522,7.5,0.1265
6736.15865373611,7.5,0.1265
6737.17018890381,7.5,0.1265
6738.17354297638,7.5,0.1265
6739.18516421318,7.5,0.1265
6740.19564247131,7.5,0.1265
6741.20674467087,7.5,0.1265
6742.21727657318,7.5,0.1265
6743.22808885574,7.5,0.1265
6744.23940587044,7.5,0.1265
6745.25979042053,7.5,0.1265
6746.27044796944,7.5,0.1265
6747.28254818916,7.5,0.1265
6748.29344415665,7.5,0.1265
6749.30461788177,7.5,0.1265
6750.31569385529,7.5,0.1265
6751.32875037193,7.5,0.1265
6752.34468460083,7.5,0.1265
6753.35658192635,7.5,0.1265
6754.36786746979,7.5,0.1265
6756.37095355988,7.5,0.1265
6757.38274693489,7.5,0.1265
6758.40906190872,7.5,0.1265
6759.42404103279,7.5,0.1265
6760.42572760582,7.5,0.1265
6761.42836141586,7.5,0.1265
6762.42964029312,7.5,0.1265
6763.4376707077,7.5,0.1265
6764.44044804573,7.5,0.1265
6765.44107747078,7.5,0.1265
6766.44780635834,7.5,0.1265
6767.45178341866,7.5,0.1265
6768.45298528671,7.5,0.1265
6769.45358872414,7.5,0.1265
6770.45420217514,7.5,0.1265
6771.45479297638,7.5,0.1265
6772.45599460602,7.5,0.1265
6773.45724129677,7.5,0.1265
6774.45876407623,7.5,0.1265
6776.45958423615,7.5,0.1265
6777.46046638489,7.5,0.1265
6778.46141648293,7.5,0.1265
6779.46203637123,7.5,0.1265
6780.46250653267,7.5,0.1265
6781.46299290657,7.5,0.1265
6782.46374487877,7.5,0.1265
6783.46441268921,7.5,0.1265
6784.46506094933,7.5,0.1265
6785.46566820145,7.5,0.1265
6786.46623086929,7.5,0.1265
6787.47178554535,7.5,0.1265
6788.4733736515,7.5,0.1265
6789.4832277298,7.5,0.1265
6790.49188303947,7.5,0.1265
6791.50077342987,7.5,0.1265
6792.51012516022,7.5,0.1265
6794.52273488045,7.5,0.1265
6795.53578138351,7.5,0.1265
6796.54933023453,7.5,0.1265
6797.56453704834,7.5,0.1265
6798.59609508514,7.5,0.1265
6799.59757137299,7.5,0.1265
6800.59858369827,7.5,0.1265
6801.6004781723,7.5,0.1265
6802.60810017586,7.5,0.1265
6803.60973095894,7.5,0.1265
6804.61131167412,7.5,0.1265
6805.61370897293,7.5,0.1265
6806.61548900604,7.5,0.1265
6807.62054538727,7.5,0.1229
6808.62148332596,7.5,0.1229
6809.62252211571,7.5,0.1229
6810.62293434143,7.5,0.1231
6811.62378191948,7.5,0.1229
6812.62426877022,7.5,0.1231
6814.62516331673,7.5,0.1231
6815.62574100494,7.5,0.1231
6816.62658858299,7.5,0.1231
6817.62773728371,7.5,0.1231
6818.62977743149,7.5,0.1231
6819.63096928596,7.5,0.1231
6820.63171577454,7.5,0.1229
6821.63246941566,7.5,0.1231
6822.63290905952,7.5,0.1231
6823.63369989395,7.5,0.1229
6824.63423085213,7.5,0.1231
6825.63506627083,7.5,0.1229
6826.63806939125,7.5,0.1229
6827.63943362236,7.5,0.1231
6828.64036870003,7.5,0.1229
6829.64112019539,7.5,0.1231
6830.6423304081,7.5,0.1231
6832.64333748817,7.5,0.1231
6833.65074586868,7.5,0.1229
6834.65866589546,7.5,0.1231
6835.66700768471,7.5,0.1229
6836.67549753189,7.5,0.1229
6837.68410468102,7.5,0.1231
6838.69472050667,7.5,0.1229
6839.70659852028,7.5,0.1231
6840.72288060188,7.5,0.1231
6841.73640441895,7.5,0.1231
6842.75268101692,7.5,0.1229
6843.76489043236,7.5,0.1231
6844.78151226044,7.5,0.1231
6845.78780150414,7.5,0.1231
6846.79402923584,7.5,0.1231
6847.81073927879,7.5,0.1316
6848.82382512093,7.5,0.1316
6849.83432555199,7.5,0.1316
6851.84801030159,7.5,0.1316
6852.86115765572,7.5,0.1316
6853.86479949951,7.5,0.1316
6854.8711977005,7.5,0.1316
6855.88221406937,7.5,0.1316
6856.89697122574,7.5,0.1316
6857.91048789024,7.5,0.1316
6858.92647004128,7.5,0.1316
6859.93935966492,7.5,0.1316
6860.95220756531,7.5,0.1316
6861.96562290192,7.5,0.1316
6862.97908806801,7.5,0.1316
6863.99963235855,7.5,0.1316
6865.01936197281,7.5,0.1316
6866.03588747978,7.5,0.1316
6867.04899835587,7.5,0.1316
6868.06371736526,7.5,0.1316
6869.07638454437,7.5,0.1316
6870.07698607445,7.5,0.1316
6872.09632754326,7.5,0.1316
6873.10751986504,7.5,0.1316
6874.12102222443,7.5,0.1316
6875.13474082947,7.5,0.1316
6876.14874649048,7.5,0.1316
6877.15962076187,7.5,0.1316
6878.16883563995,7.5,0.1316
6879.18100142479,7.5,0.1316
6880.19279837608,7.5,0.1316
6881.20347356796,7.5,0.1316
6882.21771907806,7.5,0.1316
6883.2308371067,7.5,0.1316
6884.24187612534,7.5,0.1316
6885.25452923775,7.5,0.1316
6886.27111148834,7.5,0.1316
6887.28210949898,7.5,0.1316
6888.29367589951,7.5,0.1316
6889.30527615547,7.5,0.1316
6890.30770015717,7.5,0.1316
6892.31945157051,7.5,0.1316
6893.3306953907,7.5,0.1316
6894.33794379234,7.5,0.1316
6895.34900689125,7.5,0.1316
6896.3598253727,7.5,0.1316
6897.37671327591,7.5,0.1316
6898.39642333984,7.5,0.1231
6899.41621804237,7.5,0.1316
6900.42142057419,7.5,0.1316
6901.4341032505,7.5,0.1316
6902.43865156174,7.5,0.1316
6903.45720386505,7.5,0.1231
6904.47622418404,7.5,0.1231
6905.4845123291,7.5,0.1231
6906.48586034775,7.5,0.1231
6907.48683238029,7.5,0.1231
6908.49512505531,7.5,0.1231
6909.50043058395,7.5,0.1229
6910.50149321556,7.5,0.1229
6912.50265598297,7.5,0.1231
6913.50319433212,7.5,0.1239
6914.51065349579,7.5,0.1239
6915.51256012917,7.5,0.1231
6916.51327443123,7.5,0.1239
6917.51382136345,7.5,0.1239
6918.51533770561,7.5,0.1239
6919.51750898361,7.5,0.1239
6920.51850414276,7.5,0.1239
6921.51946043968,7.5,0.1239
6922.52214169502,7.5,0.1239
6923.5236184597,7.5,0.1239
6924.52438545227,7.5,0.1239
6925.53037214279,7.5,0.1239
6926.5313410759,7.5,0.1239
6927.53203344345,7.5,0.1239
6928.53353619576,7.5,0.1239
6930.53530621529,7.5,0.1239
6931.53661251068,7.5,0.1239
6932.53851914406,7.5,0.1239
6933.53941106796,7.5,0.1239
6934.54840350151,7.5,0.1239
6935.55774998665,7.5,0.1239
6936.55867004395,7.5,0.1239
6937.56753325462,7.5,0.1239
6938.5780005455,7.5,0.1239
6939.58842539787,7.5,0.1239
6940.60371732712,7.5,0.1239
6941.61393237114,7.5,0.1239
6942.64293479919,7.5,0.1239
6943.65013194084,7.5,0.1239
6944.66610860825,7.5,0.1239
6945.6750164032,7.5,0.1239
6946.67908549309,7.5,0.1239
6948.68567681313,7.5,0.1239
6949.68654680252,7.5,0.1239
6950.68737864494,7.5,0.1239
6951.6879556179,7.5,0.1239
6952.68857884407,7.5,0.1239
6953.68909096718,7.5,0.1239
6954.68993902206,7.5,0.1239
6955.69050550461,7.5,0.1239
6956.69126224518,7.5,0.1239
6957.69225072861,7.5,0.1239
6958.69315505028,7.5,0.1239
6959.69384121895,7.5,0.1239
6960.694845438,7.5,0.1239
6961.69545030594,7.5,0.1239
6962.69607234001,7.5,0.1239
6963.69670629501,7.5,0.1239
6964.70577454567,7.5,0.1239
6965.70706224442,7.5,0.1239
6966.70803427696,7.5,0.1239
6968.70866656303,7.5,0.1239
6969.70982861519,7.5,0.1239
6970.71137094498,7.5,0.1239
6971.71222877502,7.5,0.1239
6972.72066187859,7.5,0.1239
6973.73524069786,7.5,0.1239
6974.7357635498,7.5,0.1239
6975.73628807068,7.5,0.1239
6976.74646258354,7.5,0.1239
6977.75866246223,7.5,0.1239
6978.77176356316,7.5,0.1239
6979.78784680367,7.5,0.1239
6980.80249977112,7.5,0.1239
6981.81512570381,7.5,0.1239
6982.82756972313,7.5,0.1239
6983.84033870697,7.5,0.1239
6984.85294723511,7.5,0.1239
6986.87293815613,7.5,0.1239
6987.88517355919,7.5,0.1239
6988.8970220089,7.5,0.1239
6989.9081697464,7.5,0.1239
6990.92224907875,7.5,0.1239
6991.93647003174,7.5,0.1239
6992.94804763794,7.5,0.1239
6993.96850085258,7.5,0.1239
6994.97566318512,7.5,0.1239
6995.99299836159,7.5,0.1239
6997.00779509544,7.5,0.1239
6998.02204322815,7.5,0.1239
6999.0360519886,7.5,0.1239
7000.05069065094,7.5,0.1239
7001.06504797935,7.5,0.1239
7002.07974386215,7.5,0.1239
7003.09411811829,7.5,0.1239
7004.10545015335,7.5,0.1239
7005.11933946609,7.5,0.1239
7007.13106060028,7.5,0.1239
7008.14391541481,7.5,0.1239
7009.14660167694,7.5,0.1239
7010.14918041229,7.5,0.1239
7011.16477560997,7.5,0.1239
7012.17772912979,7.5,0.1239
7013.19154858589,7.5,0.1239
7014.20155692101,7.5,0.1239
7015.21474719048,7.5,0.1239
7016.21703886986,7.5,0.1239
7017.21934819221,7.5,0.1239
7018.22717952728,7.5,0.1324
7019.23746037483,7.5,0.1324
7020.2488553524,7.5,0.1324
7021.25933241844,7.5,0.1324
7022.26825141907,7.5,0.1324
7023.28461575508,7.5,0.1324
7024.29007697105,7.5,0.1324
7025.29584336281,7.5,0.1324
7027.30649805069,7.5,0.1324
7028.31756091118,7.5,0.1324
7029.33040189743,7.5,0.1324
7030.34273266792,7.5,0.1324
7031.35343742371,7.5,0.1324
7032.36571526527,7.5,0.1324
7033.37713742256,7.5,0.1324
7034.38621854782,7.5,0.1324
7035.39607477188,7.5,0.1324
7036.40695405006,7.5,0.1324
7037.4176235199,7.5,0.1324
7038.43072605133,7.5,0.1324
7039.44170165062,7.5,0.1324
7040.45272040367,7.5,0.1324
7041.46109700203,7.5,0.1324
7042.47111582756,7.5,0.1324
7043.4848947525,7.5,0.1324
7044.49096298218,7.5,0.1324
7045.50260210037,7.5,0.1324
7047.50829029083,7.5,0.1324
7048.53511095047,7.5,0.1324
7049.54721975327,7.5,0.1324
7050.54950094223,7.5,0.1324
7051.55088591576,7.5,0.1324
7052.55221676826,7.5,0.1324
7053.55338573456,7.5,0.1324
7054.56253647804,7.5,0.1324
7055.56388759613,7.5,0.1324
7056.56643223763,7.5,0.1324
7057.56901502609,7.5,0.1324
7058.57506608963,7.5,0.1324
7059.57583975792,7.5,0.1324
7060.57777929306,7.5,0.1324
7061.58092284203,7.5,0.1324
7062.58177304268,7.5,0.1324
7063.58272457123,7.5,0.1324
7064.58437013626,7.5,0.1324
7065.58526730537,7.5,0.1324
7067.58606863022,7.5,0.1324
7068.58704900742,7.5,0.1324
7069.5876159668,7.5,0.1324
7070.5884680748,7.5,0.1324
7071.58935141563,7.5,0.1324
7072.59007382393,7.5,0.1324
7073.59070301056,7.5,0.1324
7074.59163784981,7.5,0.1324
7075.59239149094,7.5,0.1324
7076.59320306778,7.5,0.1324
7077.59371829033,7.5,0.1324
7078.59483623505,7.5,0.1324
7079.59555959702,7.5,0.1324
7080.59663653374,7.5,0.1324
7081.59783601761,7.5,0.1324
7082.59868502617,7.5,0.1324
7083.5996735096,7.5,0.1324
7085.6006026268,7.5,0.1324
7086.60156750679,7.5,0.1324
7087.60221266747,7.5,0.1324
7088.60771155357,7.5,0.1324
7089.60852122307,7.5,0.1324
7090.6179857254,7.5,0.1324
7091.62600111961,7.5,0.1324
7092.63456249237,7.5,0.1324
7093.6428668499,7.5,0.1324
7094.65522623062,7.5,0.1324
7095.66634225845,7.5,0.1324
7096.68061089516,7.5,0.1324
7097.69713544846,7.5,0.1239
7098.71540665627,7.5,0.1324
7099.72464466095,7.5,0.1324
7100.7271156311,7.5,0.1324
7101.72949075699,7.5,0.1239
7102.73697972298,7.5,0.1239
7103.73825263977,7.5,0.1239
7105.74056577682,7.5,0.1239
7106.74252891541,7.5,0.1239
7107.74463796616,7.5,0.1239
7108.74984192848,7.5,0.1239
7109.75131344795,7.5,0.1239
7110.75282144547,7.5,0.1239
7111.7539434433,7.5,0.1239
7112.75455856323,7.5,0.1239
7113.75550436974,7.5,0.1239
7114.75672340393,7.5,0.1239
7115.75760507584,7.5,0.1239
7116.75862431526,7.5,0.1239
7117.7591149807,7.5,0.1239
7118.75991272926,7.5,0.1239
7119.7605278492,7.5,0.1239
7120.76208257675,7.5,0.1239
7121.76389861107,7.5,0.1239
7122.77127575874,7.5,0.1239
7124.77255725861,7.5,0.1239
7125.77362966537,7.5,0.1239
7126.77507400513,7.5,0.1239
7127.77605438232,7.5,0.1239
7128.77659010887,7.5,0.1239
7129.7850215435,7.5,0.1239
7130.79342246056,7.5,0.1239
7131.80168700218,7.5,0.1239
7132.8115708828,7.5,0.1239
7133.82452726364,7.5,0.1239
7134.83691692352,7.5,0.1239
7135.84982991219,7.5,0.1239
7136.8636405468,7.5,0.1239
7137.88057088852,7.5,0.1239
7138.89408659935,7.5,0.1239
7139.90805387497,7.5,0.1248
7140.92060208321,7.5,0.1248
7142.93501996994,7.5,0.1248
7143.95056772232,7.5,0.1248
7144.96314692497,7.5,0.1248
7145.98042607307,7.5,0.1248
7146.99982357025,7.5,0.1248
7148.01195216179,7.5,0.1248
7149.03169846535,7.5,0.1248
7150.04221963882,7.5,0.1248
7151.05415511131,7.5,0.1248
7152.06824970245,7.5,0.1248
7153.08939409256,7.5,0.1248
7154.10103392601,7.5,0.1248
7155.10834407806,7.5,0.1248
7156.11993169785,7.5,0.1248
7157.13250589371,7.5,0.1248
7158.14402198792,7.5,0.1248
7159.15434813499,7.5,0.1248
7160.15981054306,7.5,0.1248
7161.17877221107,7.5,0.1248
7163.19535827637,7.5,0.1248
7164.21357750893,7.5,0.1248
7165.22777724266,7.5,0.1248
7166.23977208138,7.5,0.1248
7167.25051999092,7.5,0.1248
7168.26063752174,7.5,0.1248
7169.27271175385,7.5,0.1248
7170.28633713722,7.5,0.1248
7171.29762578011,7.5,0.1248
7172.3096613884,7.5,0.1248
7173.32266545296,7.5,0.1248
7174.3308942318,7.5,0.1248
7175.34295511246,7.5,0.1248
7176.35390114784,7.5,0.1248
7177.36322855949,7.5,0.1248
7178.37504410744,7.5,0.1248
7179.38554120064,7.5,0.1248
7180.39963412285,7.5,0.1248
7181.41438293457,7.5,0.1248
7183.42751145363,7.5,0.1248
7184.44033765793,7.5,0.1248
7185.45177555084,7.5,0.1248
7186.46464085579,7.5,0.1248
7187.47609758377,7.5,0.1248
7188.48668074608,7.5,0.1248
7189.49826717377,7.5,0.1248
7190.51142024994,7.5,0.1248
7191.52520751953,7.5,0.1248
7192.52765488625,7.5,0.1248
7193.53001046181,7.5,0.1248
7194.53332471848,7.5,0.1248
7195.54467129707,7.5,0.1248
7196.55433988571,7.5,0.1248
7197.5653090477,7.5,0.1248
7198.58020210266,7.5,0.1248
7199.60030674934,7.5,0.1248
7200.60805916786,7.5,0.1248
7201.6465985775,7.5,0.1248
7203.64752674103,7.5,0.1248
7204.64898347855,7.5,0.1248
7205.65012526512,7.5,0.1248
7206.65059781075,7.5,0.1248
7207.65157365799,7.5,0.1248
7208.6524977684,7.5,0.1248
7209.65369606018,7.5,0.1248
7210.65425539017,7.5,0.1248
7211.65472149849,7.5,0.1248
7212.66398596764,7.5,0.1248
7214.67302680016,7.5,0.1248
7215.67434620857,7.5,0.1248
7216.67495059967,7.5,0.1248
7217.67566013336,7.5,0.1248
7218.67635703087,7.5,0.1248
7219.69534254074,7.5,0.1248
7220.69840812683,7.5,0.1248
7222.70011711121,7.5,0.1248
7223.70840144157,7.5,0.1248
7224.71049571037,7.5,0.1248
7225.72135448456,7.5,0.1248
7226.73192477226,7.5,0.1248
7227.73317670822,3.5,0.1248
7228.73948860168,3.5,0.1248
7229.76434803009,3.5,0.1248
7230.77002859116,3.5,0.1248
7231.78039097786,3.5,0.1248
7232.78455686569,3.5,0.1248
7233.79761385918,3.5,0.1248
7234.80121684074,3.5,0.1248
7235.80217027664,3.5,0.1248
7236.81032371521,3.5,0.1316
7237.81223678589,3.5,0.1307
7238.8128452301,3.5,0.1299
7239.81397414207,3.5,0.1248
7241.81471800804,3.5,0.1239
7242.81530952454,3.5,0.1229
7243.81604480743,3.5,0.1231
7244.81659984589,3.5,0.1231
7245.81712269783,3.5,0.1231
7246.81798958778,3.5,0.1231
7247.81852293015,3.5,0.1231
7248.82012104988,3.5,0.1231
7249.82084822655,3.5,0.1231
7250.82289433479,3.5,0.1231
7251.82428693771,3.5,0.1222
7252.82494020462,3.5,0.1214
7253.82558250427,3.5,0.1205
7254.82602286339,3.5,0.1195
7255.82687950134,3.5,0.1187
7256.82747554779,3.5,0.1178
7257.828083992,3.5,0.117
7259.82887077332,3.5,0.1161
7260.83792901039,3.5,0.1195
7261.83910012245,3.5,0.1195
7262.83965492249,3.5,0.1197
7263.84754300117,3.5,0.1197
7264.85908269882,3.5,0.1197
7265.86955451965,3.5,0.1197
7266.8733112812,3.5,0.1197
7267.88715696335,3.5,0.1153
7268.88934874535,3.5,0.1153
7269.89104199409,3.5,0.1144
7270.9073073864,3.5,0.1136
7271.92323279381,3.5,0.1127
7272.93622708321,3.5,0.1085
7273.9527566433,3.5,0.1119
7274.96914291382,3.5,0.111
7275.98629355431,3.5,0.1102
7277.00173664093,3.5,0.1136
7279.00548863411,3.5,0.1127
7280.01705241203,3.5,0.1085
7281.0332262516,3.5,0.1085
7282.0502345562,3.5,0.1042
7283.06781792641,3.5,0.1042
7284.08437776566,3.5,0.1076
7285.10031199455,3.5,0.1076
7286.11034083366,3.5,0.1076
7287.12688589096,3.5,0.1076
7288.14361190796,3.5,0.1076
7289.15683197975,3.5,0.1076
7290.17337226868,3.5,0.1068
7291.19102954865,3.5,0.1066
7292.20866727829,3.5,0.1059
7293.22809553146,3.5,0.1093
7294.24515199661,3.5,0.1085
7295.26396369934,3.5,0.1032
7296.27974820137,3.5,0.1032
7297.29005765915,3.5,0.1023
7299.30734395981,3.5,0.1059
7300.31893420219,3.5,0.1015
7301.33112621307,3.5,0.0973
7302.34991526604,3.5,0.0973
7303.36498713493,3.5,0.0973
7304.37903165817,3.5,0.0973
7305.39096069336,3.5,0.0973
7306.40699243546,3.5,0.1006
7307.42421960831,3.5,0.1006
7308.42968678474,3.5,0.1006
7309.44811058044,3.5,0.1006
7310.46639800072,3.5,0.0964
7311.48479771614,3.5,0.0998
7312.50187206268,3.5,0.1032
7313.51980090141,3.5,0.0939
7314.52628779411,3.5,0.0939
7315.54379296303,3.5,0.0973
7316.56017827988,3.5,0.1006
7317.57937479019,3.5,0.0921
7319.59685540199,3.5,0.0956
7320.61043119431,3.5,0.0913
7321.62104225159,3.5,0.0904
7322.63955283165,3.5,0.0904
7323.65363264084,3.5,0.0947
7324.6873190403,3.5,0.0947
7325.70345783234,3.5,0.0947
7326.70504593849,3.5,0.0947
7327.71857190132,3.5,0.0989
7328.72260499001,3.5,0.0947
7329.73020195961,3.5,0.0947
7330.73206925392,3.5,0.0904
7331.73253440857,3.5,0.0939
7332.73355340958,3.5,0.093
7333.73417139053,3.5,0.0879
7334.73473477364,3.5,0.0921
7335.73529982567,3.5,0.0956
7336.73578596115,3.5,0.0869
7337.73649740219,3.5,0.0904
7339.73735499382,3.5,0.0894
7340.74720978737,3.5,0.0896
7341.74845814705,3.5,0.0896
7342.74907445908,3.5,0.0896
7343.74983048439,3.5,0.0896
7344.75025606155,3.5,0.0894
7345.75100588799,3.5,0.0894
7346.7519288063,3.5,0.0809
7347.75695133209,3.5,0.0809
7348.75899720192,3.5,0.0809
7349.76688790321,3.5,0.0887
7350.77812123299,3.5,0.0801
7351.78681373596,3.5,0.0879
7352.7933485508,3.5,0.0835
7353.81215310097,3.5,0.0869
7354.82689118385,3.5,0.0835
7355.84449601173,3.5,0.0818
7356.87623405457,3.5,0.0809
7358.88043665886,3.5,0.0809
7359.92301106453,3.5,0.0801
7360.92411327362,3.5,0.0801
7361.9245326519,3.5,0.0801
7362.92534351349,3.5,0.0801
7363.92606973648,3.5,0.0801
7364.92688989639,3.5,0.0801
7365.92763328552,3.5,0.0801
7366.92836952209,3.5,0.0801
7367.92885041237,3.5,0.0801
7368.92957687378,3.5,0.0801
7369.93325233459,3.5,0.0792
7370.93567037582,3.5,0.0792
7371.93651986122,3.5,0.0826
7372.93758177757,3.5,0.0784
7373.93854355812,3.5,0.0818
7374.93910098076,3.5,0.0775
7375.93963050842,3.5,0.0809
7376.94024801254,3.5,0.0758
7378.94125318527,3.5,0.0801
7379.95501232147,3.5,0.0758
7380.96581315994,3.5,0.0758
7381.97301030159,3.5,0.0758
7382.98395943642,3.5,0.0758
7383.99404835701,3.5,0.0758
7385.00661063194,3.5,0.0758
7386.0241394043,3.5,0.0716
7387.02743697166,3.5,0.075
7388.04611587524,3.5,0.075
7389.06049799919,3.5,0.0792
7390.06741571426,3.5,0.075
7391.06979203224,3.5,0.0784
7392.08801722527,3.5,0.0741
7393.10008025169,3.5,0.0775
7394.11667776108,3.5,0.0733
7395.13338398933,3.5,0.0767
7396.14914441109,3.5,0.0724
7398.15182781219,3.5,0.0758
7399.16550469398,3.5,0.0716
7400.1831176281,3.5,0.0716
7401.2001888752,3.5,0.0716
7402.21292591095,3.5,0.0714
7403.21879863739,3.5,0.0716
7404.23747205734,3.5,0.0716
7405.25587153435,3.5,0.0716
7406.27530622482,3.5,0.0714
7407.29317712784,3.5,0.0714
7408.30918359756,3.5,0.0672
7409.3239865303,3.5,0.075
7410.34128236771,3.5,0.0663
7411.35892772675,3.5,0.0741
7412.37695550919,3.5,0.0697
7413.39394044876,3.5,0.0733
7414.40907216072,3.5,0.0689
7415.42656779289,3.5,0.0724
7416.44086551666,3.5,0.068
7418.45908808708,3.5,0.0672
7419.47197055817,3.5,0.0716
7420.48043632507,3.5,0.0714
7421.49232959747,3.5,0.0714
7422.51090168953,3.5,0.0716
7423.52897310257,3.5,0.0714
7424.54592823982,3.5,0.0714
7425.56269478798,3.5,0.0716
7426.58161282539,3.5,0.0714
7427.6013302803,3.5,0.0672
7428.61854219437,3.5,0.0672
7429.63668465614,3.5,0.0663
7430.65342140198,3.5,0.0707
7431.66954398155,3.5,0.0655
7432.68429994583,3.5,0.0697
7433.70139455795,3.5,0.0612
7434.73020529747,3.5,0.069
7435.73888754845,3.5,0.0646
7436.7429702282,3.5,0.068
7438.75688791275,3.5,0.0638
7439.75831341743,3.5,0.0595
7440.76577210426,3.5,0.0595
7441.76710104942,3.5,0.0595
7442.7679605484,3.5,0.0595
7443.76850128174,3.5,0.0595
7444.76916193962,3.5,0.0595
7445.76963305473,3.5,0.0595
7446.77052259445,3.5,0.0595
7447.7712290287,3.5,0.0629
7448.77601885796,3.5,0.0629
7449.77700376511,3.5,0.0672
7450.7782087326,3.5,0.0587
7451.7786655426,3.5,0.0663
7452.78003692627,3.5,0.0621
7453.78100585938,3.5,0.0612
7454.78176760674,3.5,0.0655
7455.7824947834,3.5,0.0604
7456.78304839134,3.5,0.0646
7458.78410577774,3.5,0.0646
7459.79328489304,3.5,0.0604
7460.79396533966,3.5,0.0595
7461.79484605789,3.5,0.0595
7462.79678726196,3.5,0.0595
7463.7973408699,3.5,0.0595
7464.81101226807,3.5,0.0595
7465.82342672348,3.5,0.0595
7466.83774137497,3.5,0.0595
7467.85218811035,3.5,0.0595
7468.86936831474,3.5,0.0638
7469.88587212563,3.5,0.0595
7470.91897726059,3.5,0.0629
7471.92245745659,3.5,0.0629
7472.92773747444,3.5,0.0578
7473.93713450432,3.5,0.0621
7474.93861889839,3.5,0.0621
7476.94600987434,3.5,0.057
7477.95489954948,3.5,0.0612
7478.95852065086,3.5,0.0612
7479.96055722237,3.5,0.0612
7480.96637177467,3.5,0.0612
7481.96778011322,3.5,0.0612
7482.96846985817,3.5,0.0612
7483.96886444092,3.5,0.0612
7484.96938872337,3.5,0.0612
7485.97002220154,3.5,0.0612
7486.97052025795,3.5,0.0612
7487.97167611122,3.5,0.057
7488.97248363495,3.5,0.0604
7489.97377061844,3.5,0.0604
7490.97528958321,3.5,0.0517
7491.97600436211,3.5,0.0595
7492.97743821144,3.5,0.0595
7493.97825503349,3.5,0.0508
7495.97996425629,3.5,0.0587
7496.981112957,3.5,0.0587
7497.98161554337,3.5,0.0587
7498.98221421242,3.5,0.0587
7499.9827978611,3.5,0.0587
7500.98406744003,3.5,0.0587
7501.98953056335,3.5,0.0587
7502.9912955761,3.5,0.0587
7503.99214720726,3.5,0.0587
7504.99394178391,3.5,0.0587
7505.99497961998,3.5,0.0534
7506.99566817284,3.5,0.0578
7507.99642467499,3.5,0.0578
7509.0091676712,3.5,0.0534
7510.01618385315,3.5,0.0525
7511.02771711349,3.5,0.057
7512.02976965904,3.5,0.0527
7514.04501342773,3.5,0.0481
7515.0612308979,3.5,0.0517
7516.07793951035,3.5,0.0517
7517.09362459183,3.5,0.0561
7518.11037564278,3.5,0.0561
7519.12711811066,3.5,0.0561
7520.15101361275,3.5,0.0561
7521.1656062603,3.5,0.0561
7522.18238687515,3.5,0.0561
7523.20279765129,3.5,0.0561
7524.21432089806,3.5,0.0561
7525.23222899437,3.5,0.0517
7526.24172735214,3.5,0.0474
7527.26081633568,3.5,0.0553
7528.27870321274,3.5,0.0508
7529.3009018898,3.5,0.0466
7530.32077741623,3.5,0.0544
7531.33253097534,3.5,0.0544
7532.34233212471,3.5,0.05
7534.358907938,3.5,0.0491
7535.36818099022,3.5,0.0534
7536.38425683975,3.5,0.0534
7537.40009522438,3.5,0.0536
7538.41633367538,3.5,0.0536
7539.43239498138,3.5,0.0536
7540.43896603584,3.5,0.0534
7541.45724058151,3.5,0.0536
7542.47376036644,3.5,0.0534
7543.49105930328,3.5,0.0536
7544.50688862801,3.5,0.0534
7545.52194452286,3.5,0.0534
7546.53865671158,3.5,0.0491
7547.55389809608,3.5,0.0483
7548.57110500336,3.5,0.0525
7549.58807659149,3.5,0.0525
7550.60549044609,3.5,0.0483
7551.62099885941,3.5,0.0474
7552.63543605804,3.5,0.0517
7554.65225839615,3.5,0.0474
7555.66524600983,3.5,0.0474
7556.6842508316,3.5,0.0468
7557.70189833641,3.5,0.0466
7558.71817874908,3.5,0.0468
7559.73528885841,3.5,0.0466
7560.75181341171,3.5,0.0468
7561.78596329689,3.5,0.0468
7562.79010987282,3.5,0.0432
7563.80161046982,3.5,0.0432
7564.80578923225,3.5,0.0432
7565.81503510475,3.5,0.0466
7566.82095599174,3.5,0.0508
7567.82456016541,3.5,0.0466
7568.83038115501,3.5,0.0381
7569.83166670799,3.5,0.0457
7570.83276391029,3.5,0.05
7571.83348441124,3.5,0.0495
7572.83436059952,3.5,0.0457
7574.83554410934,3.5,0.0449
7575.84545874596,3.5,0.0491
7576.84716153145,3.5,0.0491
7577.84811377525,3.5,0.0491
7578.84952330589,3.5,0.0491
7579.85402798653,3.5,0.0491
7580.85467839241,3.5,0.0491
7581.85538768768,3.5,0.0491
7582.85639429092,3.5,0.0491
7583.86560177803,3.5,0.0491
7584.86832141876,3.5,0.0491
7585.86890554428,3.5,0.0483
7586.87757754326,3.5,0.0449
7587.8882420063,3.5,0.044
7588.90037178993,3.5,0.0483
7589.91991353035,3.5,0.0483
7590.93550562859,3.5,0.044
7592.95149731636,3.5,0.044
7593.9813606739,3.5,0.0398
7594.98674273491,3.5,0.0398
7595.99514603615,3.5,0.0398
7596.99916291237,3.5,0.0398
7598.00180077553,3.5,0.0398
7599.00363349915,3.5,0.0398
7600.01713490486,3.5,0.0398
7601.02013111115,3.5,0.0398
7602.02472567558,3.5,0.0398
7603.02878594398,3.5,0.0398
7604.03039121628,3.5,0.0432
7605.03108215332,3.5,0.0474
7606.0317838192,3.5,0.0474
7607.03243017197,3.5,0.0474
7608.03299283981,3.5,0.0474
7609.03353404999,3.5,0.0474
7610.03412389755,3.5,0.0474
7611.03519368172,3.5,0.0474
7613.03692483902,3.5,0.0474
7614.03821134567,3.5,0.0474
7615.03904533386,3.5,0.0468
7616.03961110115,3.5,0.0468
7617.04150390625,3.5,0.0468
7618.0421025753,3.5,0.0468
7619.04305410385,3.5,0.0468
7620.0439786911,3.5,0.0406
7621.04443264008,3.5,0.0468
7622.0450835228,3.5,0.0466
7623.04548716545,3.5,0.0474
7624.04648804665,3.5,0.0474
7625.04811573029,3.5,0.0474
7626.04927778244,3.5,0.0474
7627.05015015602,3.5,0.0474
7628.05119037628,3.5,0.0474
7629.05182981491,3.5,0.0474
7631.05270385742,3.5,0.0474
7632.06153440475,3.5,0.0474
7633.07381272316,3.5,0.0471
7634.08242988586,3.5,0.0468
7635.09077310562,3.5,0.0468
7636.10591697693,3.5,0.0466
7637.12249851227,3.5,0.0466
7638.14066529274,3.5,0.0406
7639.15284204483,3.5,0.0468
7640.17275333405,3.5,0.0468
7641.19048452377,3.5,0.0406
7642.20814418793,3.5,0.0474
7643.22595143318,3.5,0.0406
7644.23329138756,3.5,0.0406
7645.24829006195,3.5,0.0432
7646.26371002197,3.5,0.0474
7647.2811729908,3.5,0.0474
7648.29808163643,3.5,0.0474
7650.31485033035,3.5,0.0474
7651.32815337181,3.5,0.0474
7652.34549379349,3.5,0.0468
7653.36312937737,3.5,0.0468
7654.37865400314,3.5,0.0468
7655.3952960968,3.5,0.0468
7656.41236877441,3.5,0.0468
7657.41622042656,3.5,0.0468
7658.43547677994,3.5,0.0468
7659.44191813469,3.5,0.0468
7660.46280765533,3.5,0.0474
7661.47852063179,3.5,0.0474
7662.49698257446,3.5,0.0474
7663.51487112045,3.5,0.0474
7664.53343772888,3.5,0.0474
7665.54788994789,3.5,0.0474
7666.5652256012,3.5,0.0474
7667.58296298981,3.5,0.0474
7668.60210752487,3.5,0.0474
7670.62290263176,3.5,0.0474
7671.63445615768,3.5,0.0474
7672.65156054497,3.5,0.0468
7673.66953158379,3.5,0.0468
7674.6875846386,3.5,0.0468
7675.70843195915,3.5,0.0466
7676.72372627258,3.5,0.0466
7677.74030566216,3.5,0.0468
7678.75685358047,3.5,0.0466
7679.7741060257,3.5,0.0466
7680.78952860832,3.5,0.0474
7681.79545116425,3.5,0.0474
7682.82851576805,3.5,0.0474
7683.83378243446,3.5,0.0474
7684.84893488884,3.5,0.0474
7685.85200238228,3.5,0.0474
7686.86128139496,3.5,0.0474
7687.86402487755,3.5,0.0474
7688.86610269547,3.5,0.0474
7690.87326931953,3.5,0.0474
7691.87528634071,3.5,0.0474
7692.87746572495,3.5,0.0468
7693.87895226479,3.5,0.0468
7694.87958359718,3.5,0.0466
7695.88011980057,3.5,0.0466
7696.88054299355,3.5,0.0466
7697.88142704964,3.5,0.0468
7698.88198256493,3.5,0.0466
7699.8827662468,3.5,0.0466
7700.88353085518,3.5,0.0474
7701.8839969635,3.5,0.0474
7702.88449692726,3.5,0.0474
7703.88538312912,3.5,0.0474
7704.8866045475,3.5,0.0474
7705.88906121254,3.5,0.0474
7706.89019823074,3.5,0.0474
7708.89174199104,3.5,0.0474
7709.90321946144,3.5,0.0474
7710.90618157387,3.5,0.0471
7711.90752696991,3.5,0.0468
7712.90886664391,3.5,0.0466
7713.91197896004,3.5,0.0466
7714.91249418259,3.5,0.0468
7715.92305541039,3.5,0.0466
7716.93066453934,3.5,0.0468
7717.93676781654,3.5,0.0466
7718.94702100754,3.5,0.0474
7719.96262693405,3.5,0.0474
7720.97847270966,3.5,0.0474
7721.99408841133,3.5,0.0474
7723.02384376526,3.5,0.0474
7724.03226256371,3.5,0.0474
7725.04301476479,3.5,0.0474
7726.04483437538,3.5,0.0474
7728.04803133011,3.5,0.0474
7729.05883622169,3.5,0.0474
7730.06030631065,3.5,0.0468
7731.06123971939,3.5,0.0468
7732.06568622589,3.5,0.0468
7733.06927800179,3.5,0.0468
7734.07361006737,3.5,0.0468
7735.07511281967,3.5,0.0468
7736.07645559311,3.5,0.0468
7737.07713603973,3.5,0.0466
7738.0779531002,3.5,0.0474
7739.07924556732,3.5,0.0474
7740.08019709587,3.5,0.0474
7741.08099269867,3.5,0.0474
7742.08163309097,3.5,0.0474
7743.08288741112,3.5,0.0474
7744.08431649208,3.5,0.0474
7745.08517193794,3.5,0.0474
7747.08610534668,3.5,0.0474
7748.08785438538,3.5,0.0474
7749.08840632439,3.5,0.0468
7750.08937215805,3.5,0.0466
7751.09071612358,3.5,0.0468
7752.09136247635,3.5,0.0466
7753.09304332733,3.5,0.0466
7754.09430527687,3.5,0.0468
7755.0948805809,3.5,0.0466
7756.09566712379,3.5,0.0468
7757.09608006477,3.5,0.0474
7758.09650182724,3.5,0.0474
7759.09748864174,3.5,0.0474
7760.09887003899,3.5,0.0474
7761.10006809235,3.5,0.0474
7762.10106563568,3.5,0.0474
7763.10434675217,3.5,0.0474
7765.10752272606,3.5,0.0474
7766.11601376534,3.5,0.0474
7767.12799859047,3.5,0.0469
7768.14190220833,3.5,0.0468
7769.14419054985,3.5,0.0466
7770.16007781029,3.5,0.0466
7771.16924238205,3.5,0.0466
7772.17965769768,3.5,0.0468
7773.19333910942,3.5,0.0468
7774.21430468559,3.5,0.0468
7775.22759652138,3.5,0.0474
7776.2440726757,3.5,0.0474
7777.26130151749,3.5,0.0474
7778.27900362015,3.5,0.0474
7779.29626917839,3.5,0.0474
7780.31326723099,3.5,0.0474
7781.33203530312,3.5,0.0474
7782.35004734993,3.5,0.0474
7783.36841797829,3.5,0.0474
7785.3797762394,3.5,0.0474
7786.3958978653,3.5,0.0474
7787.40341949463,3.5,0.0468
7788.4208984375,3.5,0.0468
7789.43808197975,3.5,0.0468
7790.45353627205,3.5,0.0468
7791.47275972366,3.5,0.0468
7792.48899030685,3.5,0.0468
7793.49104690552,3.5,0.0466
7794.5046851635,3.5,0.0466
7795.52366280556,3.5,0.0474
7796.54105687141,3.5,0.0474
7797.55879878998,3.5,0.0474
7798.57601809502,3.5,0.0474
7799.59324216843,3.5,0.0474
7800.61356115341,3.5,0.0474
7801.62969279289,3.5,0.0474
7802.64217329025,3.5,0.0474
7803.66185259819,3.5,0.0474
7805.68013858795,3.5,0.0474
7806.68296837807,3.5,0.0474
7807.69704699516,3.5,0.0466
7808.69923567772,3.5,0.0466
7809.71941542625,3.5,0.0468
7810.7370493412,3.5,0.0468
7811.75334239006,3.5,0.0466
7812.76934957504,3.5,0.0468
7813.79206109047,3.5,0.0468
7814.79987716675,3.5,0.0466
7815.81887865067,3.5,0.0474
7816.83452630043,3.5,0.0474
7817.85495066643,3.5,0.0474
7818.89227366447,3.5,0.0474
7819.9093837738,3.5,0.0474
7820.92392230034,3.5,0.0474
7821.93102312088,3.5,0.0474
7822.93613696098,3.5,0.0474
7823.93757748604,3.5,0.0474
7825.93825507164,3.5,0.0474
7826.94797706604,3.5,0.0474
7827.95085000992,3.5,0.0466
7828.9531583786,3.5,0.0466
7829.95402479172,3.5,0.0468
7830.95600748062,3.5,0.0468
7831.95720481873,3.5,0.0468
7832.95889782906,3.5,0.0468
7833.95988321304,3.5,0.0466
7834.96992349625,3.5,0.0468
7835.97718691826,3.5,0.0474
7836.98889040947,3.5,0.0474
7838.00257635117,3.5,0.0474
7839.01921749115,3.5,0.0474
7840.03521323204,3.5,0.0474
7841.05028676987,3.5,0.0474
7842.08501791954,3.5,0.0474
7844.09604144096,3.5,0.0474
7845.09655308723,3.5,0.0474
7846.10162568092,3.5,0.0471
7847.10377073288,3.5,0.0466
7848.1186466217,3.5,0.0466
7849.12937545776,3.5,0.0466
7850.130433321,3.5,0.0468
7851.1309196949,3.5,0.0468
7852.13163328171,3.5,0.0468
7853.1321144104,3.5,0.0468
7854.13264298439,3.5,0.0474
7855.1332449913,3.5,0.0474
7856.15415501595,3.5,0.0474
7857.15607094765,3.5,0.0474
7858.16684055328,3.5,0.0474
7859.17872333527,3.5,0.0474
7860.1870265007,3.5,0.0474
7861.19862437248,3.5,0.0474
7862.21327829361,3.5,0.0474
7864.22923636436,3.5,0.0474
7865.24259185791,3.5,0.0474
7866.26200652122,3.5,0.0468
7867.27961087227,3.5,0.0468
7868.29795670509,3.5,0.0468
7869.31529378891,3.5,0.0468
7870.33275222778,3.5,0.0468
7871.35161423683,3.5,0.0468
7872.36893749237,3.5,0.0468
7873.3861014843,3.5,0.0468
7874.40374684334,3.5,0.0474
7875.40902256966,3.5,0.0474
7876.42822480202,3.5,0.0474
7877.43078947067,3.5,0.0474
7878.45306062698,3.5,0.0474
7879.45950961113,3.5,0.0474
7880.47778749466,3.5,0.0474
7881.4945526123,3.5,0.0474
7882.51120376587,3.5,0.0474
7884.51788783073,3.5,0.0474
7885.52987480164,3.5,0.0474
7886.54523158073,3.5,0.0468
7887.56153535843,3.5,0.0468
7888.57900166512,3.5,0.0468
7889.59645915031,3.5,0.0466
7890.61413860321,3.5,0.0468
7891.63049864769,3.5,0.0466
7892.64829564095,3.5,0.0468
7893.66511249542,3.5,0.0468
7894.68504333496,3.5,0.0474
7895.70207953453,3.5,0.0474
7896.71867799759,3.5,0.0474
7897.73680496216,3.5,0.0474
7898.75506949425,3.5,0.0474
7899.76761412621,3.5,0.0474
7900.76956224442,3.5,0.0474
7901.78680610657,3.5,0.0474
7902.80487442017,3.5,0.0474
7904.8221988678,3.5,0.0474
7905.83779025078,3.5,0.0474
7906.86074352264,3.5,0.0466
7907.87845277786,3.5,0.0468
7908.89721727371,3.5,0.0468
7909.92259979248,3.5,0.0466
7910.93094086647,3.5,0.0468
7911.93962454796,3.5,0.0466
7912.94818353653,3.5,0.0468
7913.95250511169,3.5,0.0468
7914.95507860184,3.5,0.0474
7915.96101927757,3.5,0.0474
7916.96543741226,3.5,0.0474
7917.96657824516,3.5,0.0474
7918.96735405922,3.5,0.0474
7919.96928024292,3.5,0.0474
7920.97074198723,3.5,0.0474
7921.9721159935,3.5,0.0474
7922.97276234627,3.5,0.0474
7924.97331118584,3.5,0.0474
7925.9839425087,3.5,0.0474
7926.98460102081,3.5,0.0468
7927.98536705971,3.5,0.0468
7928.98660683632,3.5,0.0466
7929.9872853756,3.5,0.0468
7930.98801445961,3.5,0.0466
7931.98855996132,3.5,0.0468
7932.98913955688,3.5,0.0468
7933.98963403702,3.5,0.0468
7934.9903652668,3.5,0.0474
7935.99116778374,3.5,0.0474
7936.99157047272,3.5,0.0474
7937.99208712578,3.5,0.0474
7938.99281048775,3.5,0.0474
7939.99531269073,3.5,0.0474
7940.99914002419,3.5,0.0474
7943.00854873657,3.5,0.0474
7944.01851224899,3.5,0.0474
7945.02561712265,3.5,0.0471
7946.03906488419,3.5,0.0468
7947.04560565948,3.5,0.0468
7948.06414031982,3.5,0.0468
7949.0660443306,3.5,0.0466
7950.08242297173,3.5,0.0468
7951.08459067345,3.5,0.0468
7952.11938023567,3.5,0.0468
7953.13709211349,3.5,0.0474
7954.13919472694,3.5,0.0474
7955.14302992821,3.5,0.0474
7956.14530682564,3.5,0.0474
7957.15281319618,3.5,0.0474
7958.15441036224,3.5,0.0474
7959.16010260582,3.5,0.0474
7960.16700720787,3.5,0.0474
7962.16890597343,3.5,0.0474
7963.1697602272,3.5,0.0474
7964.17125868797,3.5,0.0468
7965.1727912426,3.5,0.0468
7966.17397594452,3.5,0.0466
7967.17479777336,3.5,0.0468
7968.17541885376,3.5,0.0466
7969.17701292038,3.5,0.0468
7970.17755913734,3.5,0.0468
7971.1782848835,3.5,0.0466
7972.17895889282,3.5,0.0474
7973.17948532104,3.5,0.0474
7974.18046927452,3.5,0.0474
7975.18096828461,3.5,0.0474
7976.18198657036,3.5,0.0474
7977.18362832069,3.5,0.0474
7978.18582749367,3.5,0.0474
7980.18689775467,3.5,0.0474
7981.18739414215,3.5,0.0474
7982.18794202805,3.5,0.0471
7983.18910574913,3.5,0.0468
7984.18991923332,3.5,0.0466
7985.19068574905,3.5,0.0468
7986.19120955467,3.5,0.0468
7987.19171524048,3.5,0.0468
7988.1928665638,3.5,0.0468
7989.19392037392,3.5,0.0468
7990.19493436813,3.5,0.0474
7991.19643259048,3.5,0.0474
7992.19929528236,3.5,0.0474
7993.20061898232,3.5,0.0474
7994.20841598511,3.5,0.0474
7995.22072863579,3.5,0.0474
7996.23211121559,3.5,0.0474
7998.24193906784,3.5,0.0474
7999.26123523712,3.5,0.0474
8000.27627396584,3.5,0.0471
8001.29316926003,3.5,0.0466
8002.31574201584,3.5,0.0468
8003.3324804306,3.5,0.0468
8004.34984636307,3.5,0.0468
8005.3671438694,3.5,0.0466
8006.38406324387,3.5,0.0468
8007.40258598328,3.5,0.0468
8008.42203950882,3.5,0.0474
8009.43716740608,3.5,0.0474
8010.45421648026,3.5,0.0474
8011.47304058075,3.5,0.0474
8012.48846912384,3.5,0.0474
8013.51267313957,3.5,0.0474
8014.52962303162,3.5,0.0474
8015.5318479538,3.5,0.0474
8016.53845286369,3.5,0.0474
8018.55322194099,3.5,0.0474
8019.56167864799,3.5,0.0474
8020.57883000374,3.5,0.0468
8021.59531450272,3.5,0.0468
8022.61135363579,3.5,0.0468
8023.624751091,3.5,0.0468
8024.64392638206,3.5,0.0468
8025.66161513329,3.5,0.0466
8026.67906785011,3.5,0.0468
8027.69349741936,3.5,0.0468
8028.71033525467,3.5,0.0474
8029.72430181503,3.5,0.0474
8030.72685217857,3.5,0.0474
8031.73969912529,3.5,0.0474
8032.75908493996,3.5,0.0474
8033.77710056305,3.5,0.0474
8034.79285144806,3.5,0.0474
8035.80802941322,3.5,0.0474
8036.81078886986,3.5,0.0474
8038.83091640472,3.5,0.0474
8039.84211850166,3.5,0.0474
8040.86081194878,3.5,0.0468
8041.86954975128,3.5,0.0468
8042.88746285439,3.5,0.0466
8043.90127873421,3.5,0.0468
8044.91869115829,3.5,0.0468
8045.93456029892,3.5,0.0468
8046.94834399223,3.5,0.0468
8047.98067831993,3.5,0.0466
8048.99375414848,3.5,0.0474
8049.9986000061,3.5,0.0474
8051.00711417198,3.5,0.0474
8052.01408743858,3.5,0.0474
8053.02023506165,3.5,0.0474
8054.02188062668,3.5,0.0474
8055.02242469788,3.5,0.0474
8056.0237698555,3.5,0.0474
8057.02503442764,3.5,0.0474
8059.02613520622,3.5,0.0474
8060.03554868698,3.5,0.0474
8061.03622341156,3.5,0.0468
8062.03687024117,3.5,0.0468
8063.03870534897,3.5,0.0468
8064.03975319862,3.5,0.0468
8065.04061985016,3.5,0.0468
8066.04232954979,3.5,0.0466
8067.0429983139,3.5,0.0466
8068.04361081123,3.5,0.0468
8069.04448533058,3.5,0.0474
8070.04495024681,3.5,0.0474
8071.04542803764,3.5,0.0474
8072.04624938965,3.5,0.0474
8073.04693770409,3.5,0.0474
8074.04755759239,3.5,0.0474
8075.04820990562,3.5,0.0474
8077.0489294529,3.5,0.0474
8078.0522518158,3.5,0.0474
8079.05386686325,3.5,0.0471
8080.0551712513,3.5,0.0468
8081.0556743145,3.5,0.0468
8082.06292152405,3.5,0.0468
8083.07442235947,3.5,0.0466
8084.08615517616,3.5,0.0468
8085.09650325775,3.5,0.0468
8086.11225342751,3.5,0.0468
8087.12887620926,3.5,0.0474
8088.13519525528,3.5,0.0474
8089.1513698101,3.5,0.0474
8090.18458795547,3.5,0.0474
8091.19233727455,3.5,0.0474
8092.20655083656,3.5,0.0474
8093.20756292343,3.5,0.0474
8095.25910353661,3.5,0.0474
8096.26754045486,3.5,0.0474
8097.27685427666,3.5,0.0471
8098.28799557686,3.5,0.0468
8099.3004860878,3.5,0.0466
8100.31686735153,3.5,0.0468
8101.33542370796,3.5,0.0468
8102.33976602554,3.5,0.0466
8103.35234904289,3.5,0.0468
8104.37199854851,3.5,0.0468
8105.38945245743,3.5,0.0474
8106.39226317406,3.5,0.0474
8107.41211271286,3.5,0.0474
8108.41457605362,3.5,0.0474
8109.43211364746,3.5,0.0474
8110.45029950142,3.5,0.0474
8111.46813297272,3.5,0.0474
8112.48428297043,3.5,0.0474
8113.50270938873,3.5,0.0474
8115.51522493362,3.5,0.0474
8116.53204321861,3.5,0.0474
8117.55257868767,3.5,0.0466
8118.57297158241,3.5,0.0468
8119.59394145012,3.5,0.0468
8120.60800600052,3.5,0.0468
8121.6263115406,3.5,0.0466
8122.64358615875,3.5,0.0466
8123.64715266228,3.5,0.0466
8124.66840052605,3.5,0.0466
8125.6759159565,3.5,0.0474
8126.68432402611,3.5,0.0474
8127.71029567719,3.5,0.0474
8128.72694754601,3.5,0.0474
8129.74222421646,3.5,0.0474
8130.75846457481,3.5,0.0474
8131.77525424957,3.5,0.0474
8132.79116344452,3.5,0.0474
8133.80913257599,3.5,0.0474
8135.82466220856,3.5,0.0474
8136.83644485474,3.5,0.0474
8137.84399366379,3.5,0.0468
8138.86138391495,3.5,0.0466
8139.87947702408,3.5,0.0468
8140.89725589752,3.5,0.0468
8141.91321802139,3.5,0.0468
8142.9277806282,3.5,0.0468
8143.94196152687,3.5,0.0468
8144.96028089523,3.5,0.0466
8145.97499251366,3.5,0.0474
8146.99388122559,3.5,0.0474
8148.03222084045,3.5,0.0474
8149.04863023758,3.5,0.0474
8150.06167006493,3.5,0.0474
8151.06706047058,3.5,0.0474
8152.07015633583,3.5,0.0474
8153.07179951668,3.5,0.0474
8154.07308244705,3.5,0.0474
8156.07406878471,3.5,0.0474
8157.07531428337,3.5,0.0474
8158.07605171204,3.5,0.0466
8159.07795929909,3.5,0.0466
8160.0788230896,3.5,0.0468
8161.07952928543,3.5,0.0468
8162.08049368858,3.5,0.0468
8163.08102631569,3.5,0.0468
8164.08147525787,3.5,0.0468
8165.08191990852,3.5,0.0466
8166.08257389069,3.5,0.0474
8167.08333873749,3.5,0.0474
8168.08386611938,3.5,0.0474
8169.08457517624,3.5,0.0474
8170.08552575111,3.5,0.0474
8171.08759331703,3.5,0.0474
8172.08954286575,3.5,0.0474
8174.09046053886,3.5,0.0474
8175.10012483597,3.5,0.0474
8176.1006705761,3.5,0.0471
8177.11200165749,3.5,0.0468
8178.12361478806,3.5,0.0468
8179.13160276413,3.5,0.0468
8180.14436602592,3.5,0.0468
8181.15768623352,3.5,0.0468
8182.17338299751,3.5,0.0468
8183.19207286835,3.5,0.0466
8184.19848465919,3.5,0.0474
8185.23231005669,3.5,0.0474
8186.2395324707,3.5,0.0474
8187.25212526321,3.5,0.0474
8188.26345419884,3.5,0.0474
8189.26847553253,3.5,0.0474
8190.27081632614,3.5,0.0474
8192.27227377892,3.5,0.0474
8193.27797079086,3.5,0.0474
8194.27853822708,3.5,0.0469
8195.2798910141,3.5,0.0468
8196.28114438057,3.5,0.0468
8197.28199315071,3.5,0.0468
8198.28278064728,3.5,0.0466
8199.28319787979,3.5,0.0468
8200.28390860558,3.5,0.0468
8201.28450775146,3.5,0.0466
8202.28514266014,3.5,0.0474
8203.28583979607,3.5,0.0474
8204.28677773476,3.5,0.0474
8205.28750419617,3.5,0.0474
8206.28816699982,3.5,0.0474
8207.28873920441,3.5,0.0474
8208.28970623016,3.5,0.0474
8210.29073023796,3.5,0.0474
8211.29147338867,3.5,0.0474
8212.29231357574,3.5,0.0471
8213.29373121262,3.5,0.0468
8214.29449081421,3.5,0.0466
8215.29523897171,3.5,0.0468
8216.29619812965,3.5,0.0466
8217.29739403725,3.5,0.0466
8218.29801917076,3.5,0.0468
8219.29870843887,3.5,0.0468
8220.29924607277,3.5,0.0474
8221.29984593391,3.5,0.0474
8222.30084967613,3.5,0.0474
8223.30140089989,3.5,0.0474
8224.30246281624,3.5,0.0474
8225.30353164673,3.5,0.0474
8226.30445742607,3.5,0.0474
8228.30534315109,3.5,0.0474
8229.31612372398,3.5,0.0474
8230.32742238045,3.5,0.0471
8231.33719086647,3.5,0.0468
8232.34682250023,3.5,0.0466
8233.36262011528,3.5,0.0466
8234.37678694725,3.5,0.0468
8235.39313268661,3.5,0.0468
8236.40744805336,3.5,0.0466
8237.42393374443,3.5,0.0468
8238.42613720894,3.5,0.0474
8239.44318079948,3.5,0.0474
8240.46098566055,3.5,0.0474
8241.47866988182,3.5,0.0474
8242.49622869492,3.5,0.0474
8243.51399683952,3.5,0.0474
8244.51885294914,3.5,0.0474
8245.53497004509,3.5,0.0474
8247.54594540596,3.5,0.0474
8248.5591943264,3.5,0.0474
8249.58047676086,3.5,0.0466
8250.59914422035,3.5,0.0468
8251.60394048691,3.5,0.0466
8252.62196660042,3.5,0.0466
8253.63897824287,3.5,0.0468
8254.64531826973,3.5,0.0466
8255.66401195526,3.5,0.0466
8256.67946743965,3.5,0.0468
8257.69907617569,3.5,0.0474
8258.71669769287,3.5,0.0474
8259.7286195755,3.5,0.0474
8260.74512648582,3.5,0.0474
8261.76329565048,3.5,0.0474
8262.77974796295,3.5,0.0474
8263.79696321487,3.5,0.0474
8264.81359839439,3.5,0.0474
8265.83392691612,3.5,0.0474
8267.85671377182,3.5,0.0474
8268.86669111252,3.5,0.0474
8269.8838133812,3.5,0.0468
8270.89975357056,3.5,0.0468
8271.91801095009,3.5,0.0468
8272.93648314476,3.5,0.0468
8273.955514431,3.5,0.0468
8274.97236037254,3.5,0.0466
8275.98874163628,3.5,0.0468
8277.00877547264,3.5,0.0468
8278.02649569511,3.5,0.0474
8279.04223179817,3.5,0.0474
8280.04800200462,3.5,0.0474
8281.06692147255,3.5,0.0474
8282.09147930145,3.5,0.0474
8283.09511399269,3.5,0.0474
8284.10667014122,3.5,0.0474
8285.10845994949,3.5,0.0474
8286.10982012749,3.5,0.0474
8288.11154770851,3.5,0.0474
8289.11345171928,3.5,0.0474
8290.12429952621,3.5,0.0468
8291.12576985359,3.5,0.0468
8292.12853431702,3.5,0.0466
8293.13056516647,3.5,0.0468
8294.13771152496,3.5,0.0466
8295.13809657097,3.5,0.0466
8296.14226365089,3.5,0.0468
8297.14309549332,3.5,0.0468
8298.14367866516,3.5,0.0474
8299.14472126961,3.5,0.0474
8300.14546632767,3.5,0.0474
8301.14611148834,3.5,0.0474
8302.14835786819,3.5,0.0474
8303.14938926697,3.5,0.0474
8304.14997434616,3.5,0.0474
8306.15159368515,3.5,0.0474
8307.15280056,3.5,0.0474
8308.15727996826,3.5,0.0469
8309.15908741951,3.5,0.0466
8310.15995121002,3.5,0.0466
8311.1622672081,3.5,0.0468
8312.1634683609,3.5,0.0468
8313.16532611847,3.5,0.0466
8314.1661260128,3.5,0.0468
8315.16723108292,3.5,0.0468
8316.16856980324,3.5,0.0474
8317.17902755737,3.5,0.0474
8318.18696093559,3.5,0.0474
8319.19930672646,3.5,0.0474
8320.21331763268,3.5,0.0474
8321.22883915901,3.5,0.0474
8323.25593185425,3.5,0.0468
8324.25671601295,3.5,0.0466
8325.25714445114,3.5,0.0466
8326.25916385651,3.5,0.0466
8327.26041650772,3.5,0.0468
8328.26152992249,3.5,0.0468
8329.26210403442,3.5,0.0466
8330.26339864731,3.5,0.0474
8331.26394915581,3.5,0.0474
8332.2645213604,3.5,0.0474
8333.26551127434,3.5,0.0474
8334.26622986794,3.5,0.0474
8335.26755666733,7.5,0.0474
8336.26843094826,7.5,0.0474
8338.26915788651,7.5,0.0474
8339.27788090706,7.5,0.0474
8340.28958082199,7.5,0.0469
8341.29353141785,7.5,0.0468
8342.30485606194,7.5,0.0468
8343.31417346001,7.5,0.0432
8344.33645796776,7.5,0.0406
8345.35321998596,7.5,0.0432
8346.35517477989,7.5,0.0398
8347.37308335304,7.5,0.0398
8348.38937807083,7.5,0.044
8349.41171264648,7.5,0.0483
8350.42292189598,7.5,0.0495
8351.45298981667,7.5,0.0466
8352.46563196182,7.5,0.0474
8353.47221207619,7.5,0.0483
8354.47453260422,7.5,0.0483
8356.4790763855,7.5,0.0536
8357.48851108551,7.5,0.05
8358.49012494087,7.5,0.05
8359.49515724182,7.5,0.0544
8360.49972558022,7.5,0.0544
8361.50158572197,7.5,0.0544
8362.50243115425,7.5,0.0544
8363.50351023674,7.5,0.0544
8364.50467061996,7.5,0.0544
8365.50573348999,7.5,0.0544
8366.5063970089,7.5,0.0466
8367.50791335106,7.5,0.0466
8368.50859045982,7.5,0.0561
8369.5095243454,7.5,0.057
8370.51062464714,7.5,0.0536
8371.51425147057,7.5,0.0534
8372.5146625042,7.5,0.0587
8373.51520371437,7.5,0.0553
8375.51752519608,7.5,0.0517
8376.51865720749,7.5,0.0604
8377.51994276047,7.5,0.0604
8378.52193045616,7.5,0.0604
8379.52276682854,7.5,0.0604
8380.52332949638,7.5,0.0604
8381.52379393578,7.5,0.0604
8382.52459168434,7.5,0.0604
8383.52511930466,7.5,0.0604
8384.52583646774,7.5,0.0604
8385.52637720108,7.5,0.057
8386.52678704262,7.5,0.0534
8387.52740287781,7.5,0.0621
8388.53445911407,7.5,0.0587
8389.53698754311,7.5,0.0587
8390.53758883476,7.5,0.0638
8391.54497456551,7.5,0.0604
8393.55694961548,7.5,0.0604
8394.56940722466,7.5,0.0612
8395.57821273804,7.5,0.0612
8396.59326386452,7.5,0.0612
8397.60308408737,7.5,0.0612
8398.62364721298,7.5,0.0612
8399.64180207253,7.5,0.0612
8400.66073513031,7.5,0.0655
8401.67890262604,7.5,0.0655
8402.69689178467,7.5,0.0655
8403.70707392693,7.5,0.0655
8404.72492337227,7.5,0.0612
8405.74189710617,7.5,0.0663
8406.75799202919,7.5,0.0629
8407.77675366402,7.5,0.0672
8408.78912591934,7.5,0.0638
8409.80667304993,7.5,0.0638
8410.82485342026,7.5,0.069
8411.84253692627,7.5,0.0646
8413.8614821434,7.5,0.0697
8414.88261580467,7.5,0.0655
8415.90318584442,7.5,0.0655
8416.92218852043,7.5,0.0655
8417.94053983688,7.5,0.0655
8418.95727396011,7.5,0.0655
8419.9730887413,7.5,0.0655
8420.98309540749,7.5,0.0655
8422.00189948082,7.5,0.0655
8423.01388430595,7.5,0.0655
8424.03149676323,7.5,0.0655
8425.03389143944,7.5,0.0707
8426.05337333679,7.5,0.0672
8427.06527853012,7.5,0.0716
8428.08338022232,7.5,0.068
8429.10147285461,7.5,0.0724
8430.116355896,7.5,0.069
8431.13541817665,7.5,0.0733
8432.15585660934,7.5,0.0697
8434.17395925522,7.5,0.0741
8435.18843102455,7.5,0.0741
8436.2049973011,7.5,0.0741
8437.22402667999,7.5,0.0697
8438.25172162056,7.5,0.0699
8439.25759768486,7.5,0.0697
8440.26931619644,7.5,0.0697
8441.27795171738,7.5,0.0699
8442.28398418427,7.5,0.0697
8443.28606200218,7.5,0.0697
8444.28687882423,7.5,0.0697
8445.29363512993,7.5,0.075
8446.2947936058,7.5,0.0707
8447.2955095768,7.5,0.0758
8448.29620552063,7.5,0.0714
8449.29705929756,7.5,0.0724
8450.29788613319,7.5,0.0767
8451.29846310616,7.5,0.0733
8452.29906988144,7.5,0.0775
8454.29984211922,7.5,0.0733
8455.31238603592,7.5,0.0741
8456.31429409981,7.5,0.0741
8457.31577849388,7.5,0.0741
8458.3240571022,7.5,0.0741
8459.33522605896,7.5,0.0784
8460.34642076492,7.5,0.0784
8461.35873198509,7.5,0.0784
8462.36966872215,7.5,0.0784
8463.3861079216,7.5,0.0784
8464.41174292564,7.5,0.0784
8465.42864346504,7.5,0.0741
8466.44562792778,7.5,0.075
8467.46338534355,7.5,0.0792
8468.48048019409,7.5,0.0758
8469.51059794426,7.5,0.0801
8470.52836441994,7.5,0.0758
8471.53036093712,7.5,0.0809
8472.54128408432,7.5,0.0809
8474.54569149017,7.5,0.0775
8475.54873299599,7.5,0.0775
8476.5512740612,7.5,0.0818
8477.56114459038,7.5,0.0818
8478.56168317795,7.5,0.0818
8479.56252145767,7.5,0.0818
8480.56344342232,7.5,0.0818
8481.56403183937,7.5,0.0818
8482.56549501419,7.5,0.0818
8483.56720399857,7.5,0.0818
8484.56857705116,7.5,0.0818
8485.56974053383,7.5,0.0775
8486.57020640373,7.5,0.0784
8487.57155776024,7.5,0.0826
8488.57237267494,7.5,0.0784
8489.57300925255,7.5,0.0835
8490.57347655296,7.5,0.0792
8491.5741288662,7.5,0.0801
8492.57511115074,7.5,0.0801
8494.57583355904,7.5,0.0801
8495.57720327377,7.5,0.0801
8496.57776021957,7.5,0.0801
8497.57835745811,7.5,0.0801
8498.58035492897,7.5,0.0809
8499.58228635788,7.5,0.0809
8500.58299469948,7.5,0.0809
8501.5836687088,7.5,0.0809
8502.5855846405,7.5,0.0809
8503.58680152893,7.5,0.0809
8504.58804416656,7.5,0.0809
8505.58892560005,7.5,0.0809
8506.59002041817,7.5,0.0818
8507.59200334549,7.5,0.0818
8508.6034886837,7.5,0.0818
8509.61503577232,7.5,0.0826
8510.62298440933,7.5,0.0869
8512.6352751255,7.5,0.0826
8513.64837312698,7.5,0.0835
8514.66619777679,7.5,0.0792
8515.68274664879,7.5,0.0835
8516.70308852196,7.5,0.0792
8517.71852469444,7.5,0.0835
8518.72957539558,7.5,0.0792
8519.74580931664,7.5,0.0835
8520.76732993126,7.5,0.0792
8521.78487348557,7.5,0.0835
8522.80001878738,7.5,0.0792
8523.82209968567,7.5,0.0879
8524.83844351768,7.5,0.0835
8525.84162044525,7.5,0.0801
8526.85923695564,7.5,0.0887
8527.87671947479,7.5,0.0887
8528.89552664757,7.5,0.0809
8529.91203093529,7.5,0.0894
8530.92818522453,7.5,0.0896
8532.94569659233,7.5,0.0835
8533.9577703476,7.5,0.0904
8534.97617959976,7.5,0.0904
8535.99301433563,7.5,0.0904
8537.00143051147,7.5,0.0904
8538.02037906647,7.5,0.0904
8539.03759860992,7.5,0.0904
8540.05390977859,7.5,0.0904
8541.07109475136,7.5,0.0904
8542.08748722076,7.5,0.0904
8543.10410046577,7.5,0.0904
8544.12068200111,7.5,0.0904
8545.14040279388,7.5,0.0826
8546.15821766853,7.5,0.0913
8547.17616462708,7.5,0.0913
8548.19237613678,7.5,0.0913
8549.20991945267,7.5,0.0879
8550.22637534142,7.5,0.0921
8551.2443754673,7.5,0.0964
8553.26094388962,7.5,0.0887
8554.29460906982,7.5,0.0887
8555.30562472343,7.5,0.0887
8556.309030056,7.5,0.0887
8557.32259464264,7.5,0.0887
8558.32509016991,7.5,0.0887
8559.33208918571,7.5,0.0887
8560.3346529007,7.5,0.093
8561.3359413147,7.5,0.093
8562.33655548096,7.5,0.093
8563.33813643456,7.5,0.093
8564.33860969543,7.5,0.093
8565.33936452866,7.5,0.0886
8566.34149217606,7.5,0.0896
8567.34239721298,7.5,0.0939
8568.34446692467,7.5,0.0939
8569.34515476227,7.5,0.0896
8570.34630632401,7.5,0.0904
8571.34845924377,7.5,0.0947
8573.34971427917,7.5,0.0947
8574.35108780861,7.5,0.0947
8575.35156416893,7.5,0.0904
8576.3522901535,7.5,0.0904
8577.35362482071,7.5,0.0904
8578.35505628586,7.5,0.0904
8579.35585045815,7.5,0.0904
8580.35652756691,7.5,0.0904
8581.35716485977,7.5,0.0904
8582.35790944099,7.5,0.0904
8583.35853600502,7.5,0.0913
8584.35906386375,7.5,0.0956
8585.36003875732,7.5,0.0956
8586.36057329178,7.5,0.0956
8587.36124014854,7.5,0.0921
8588.36171841621,7.5,0.0964
8589.36265397072,7.5,0.0964
8590.36328434944,7.5,0.0964
8592.36389756203,7.5,0.093
8593.37325453758,7.5,0.093
8594.37377905846,7.5,0.0973
8595.38630485535,7.5,0.0973
8596.38892364502,7.5,0.0973
8597.40189146996,7.5,0.0973
8598.41456580162,7.5,0.0973
8599.4315841198,7.5,0.0973
8600.45340156555,7.5,0.0973
8601.45962667465,7.5,0.0973
8602.47250270844,7.5,0.0973
8603.48896598816,7.5,0.0973
8604.50674271584,7.5,0.093
8605.51006269455,7.5,0.0939
8606.51661634445,7.5,0.0981
8607.54946660995,7.5,0.0981
8608.55613565445,7.5,0.0939
8609.56846117973,7.5,0.0947
8611.57036519051,7.5,0.0989
8612.57227087021,7.5,0.0989
8613.58497142792,7.5,0.0989
8614.58595848083,7.5,0.0989
8615.58806061745,7.5,0.0989
8616.59187746048,7.5,0.0989
8617.59871816635,7.5,0.0989
8618.59963178635,7.5,0.0989
8619.60022115707,7.5,0.0989
8620.60077404976,7.5,0.0989
8621.60129737854,7.5,0.1032
8622.6019859314,7.5,0.0989
8623.60272240639,7.5,0.0956
8624.60359382629,7.5,0.0998
8625.62548780441,7.5,0.0998
8626.6269505024,7.5,0.1042
8627.63547182083,7.5,0.0998
8628.64552617073,7.5,0.0964
8630.65512943268,7.5,0.1006
8631.666254282,7.5,0.1006
8632.6892516613,7.5,0.1006
8633.70642137527,7.5,0.1006
8634.72324633598,7.5,0.1006
8635.73921942711,7.5,0.1006
8636.75647735596,7.5,0.1006
8637.77253127098,7.5,0.1006
8638.78995227814,7.5,0.1006
8639.80683803558,7.5,0.1006
8640.82366275787,7.5,0.1051
8641.83269309998,7.5,0.1051
8642.85386538506,7.5,0.0973
8643.87200856209,7.5,0.1015
8644.88980293274,7.5,0.1015
8645.90725278854,7.5,0.1059
8646.92335796356,7.5,0.1015
8647.935962677,7.5,0.0981
8648.95439505577,7.5,0.1025
8650.96994495392,7.5,0.1023
8651.98228597641,7.5,0.1023
8653.00043153763,7.5,0.1025
8654.01705503464,7.5,0.1068
8655.03302168846,7.5,0.1068
8656.04954743385,7.5,0.1068
8657.05202960968,7.5,0.1068
8658.06372499466,7.5,0.1068
8659.08419966698,7.5,0.1068
8660.10427188873,7.5,0.1068
8661.1086974144,7.5,0.1068
8662.12672638893,7.5,0.1023
8663.14703965187,7.5,0.0989
8664.16396331787,7.5,0.1034
8665.17949795723,7.5,0.1032
8666.19903302193,7.5,0.1076
8667.22063660622,7.5,0.1032
8668.23634386063,7.5,0.1034
8669.23852992058,7.5,0.0998
8671.25750231743,7.5,0.1042
8672.26916456223,7.5,0.1042
8673.28116083145,7.5,0.1042
8674.29919266701,7.5,0.1042
8675.31545996666,7.5,0.1042
8676.35195183754,7.5,0.1042
8677.35842967033,7.5,0.1042
8678.36913251877,7.5,0.1042
8679.37283420563,7.5,0.1042
8680.37556171417,7.5,0.1042
8681.38274288177,7.5,0.1042
8682.39058542252,7.5,0.1085
8683.39313912392,7.5,0.1042
8684.39365053177,7.5,0.1006
8685.39506626129,7.5,0.1049
8686.39979171753,7.5,0.1049
8687.40140604973,7.5,0.1093
8688.40463256836,7.5,0.1093
8689.40572762489,7.5,0.1051
8691.40692019463,7.5,0.1015
8692.41597318649,7.5,0.1059
8693.41654372215,7.5,0.1059
8694.4175157547,7.5,0.1059
8695.4185397625,7.5,0.1059
8696.41914319992,7.5,0.1059
8697.41995358467,7.5,0.1059
8698.4207649231,7.5,0.1059
8699.42165827751,7.5,0.1059
8700.42269277573,7.5,0.1059
8701.42326235771,7.5,0.1059
8702.42391133308,7.5,0.1059
8703.42453050613,7.5,0.1102
8704.42516636848,7.5,0.1059
8705.42562222481,7.5,0.1023
8706.42627263069,7.5,0.1068
8707.42816734314,7.5,0.1068
8708.43064665794,7.5,0.1068
8710.43212842941,7.5,0.111
8711.44212460518,7.5,0.111
8712.46065807343,7.5,0.111
8713.47302818298,7.5,0.111
8714.49016237259,7.5,0.111
8715.49775505066,7.5,0.1068
8716.51477837563,7.5,0.1068
8717.53253936768,7.5,0.1068
8718.5388507843,7.5,0.1068
8719.55762124062,7.5,0.1068
8720.57440805435,7.5,0.1068
8721.60711932182,7.5,0.1032
8722.61204409599,7.5,0.1076
8723.62074017525,7.5,0.1076
8724.6277577877,7.5,0.1119
8725.63790535927,7.5,0.1119
8726.64052271843,7.5,0.1076
8727.64365887642,7.5,0.1076
8729.64427733421,7.5,0.1085
8730.65018081665,7.5,0.1085
8731.65272808075,7.5,0.1085
8732.65361261368,7.5,0.1085
8733.65476727486,7.5,0.1085
8734.65618872643,7.5,0.1085
8735.65664672852,7.5,0.1085
8736.65732073784,7.5,0.1085
8737.65820765495,7.5,0.1085
8738.65935587883,7.5,0.1085
8739.65994405746,7.5,0.1085
8740.66050505638,7.5,0.1127
8741.66110014915,7.5,0.1127
8742.66206121445,7.5,0.1085
8743.66277480125,7.5,0.1085
8744.66340732574,7.5,0.1049
8745.6657435894,7.5,0.1093
8746.66762256622,7.5,0.1093
8748.66929531097,7.5,0.1093
8749.67099070549,7.5,0.1136
8750.67212963104,7.5,0.1136
8751.67270708084,7.5,0.1136
8752.67327857018,7.5,0.1136
8753.67370390892,7.5,0.1136
8754.67435836792,7.5,0.1136
8755.6750562191,7.5,0.1136
8756.67554116249,7.5,0.1136
8757.67636060715,7.5,0.1136
8758.67729282379,7.5,0.1136
8759.67808103561,7.5,0.1093
8760.67903614044,7.5,0.1093
8761.68001270294,7.5,0.1059
8762.68088006973,7.5,0.1102
8763.68147206306,7.5,0.1102
8764.68266963959,7.5,0.1144
8765.68333888054,7.5,0.1144
8767.6841750145,7.5,0.1102
8768.69072580338,7.5,0.1102
8769.70126509666,7.5,0.1102
8770.71183562279,7.5,0.1102
8771.71304011345,7.5,0.1102
8772.7218735218,7.5,0.1102
8773.73543071747,7.5,0.1102
8774.75218248367,7.5,0.1102
8775.76984405518,7.5,0.1102
8776.79381632805,7.5,0.1102
8777.81373763084,7.5,0.1102
8778.82937788963,7.5,0.1068
8779.84693670273,7.5,0.111
8780.86476707458,7.5,0.111
8781.87891411781,7.5,0.111
8782.89523100853,7.5,0.1153
8783.91247987747,7.5,0.1153
8784.91605591774,7.5,0.111
8786.93557262421,7.5,0.111
8787.94542431831,7.5,0.1076
8788.96255779266,7.5,0.1076
8789.98146033287,7.5,0.1076
8791.00105237961,7.5,0.1076
8792.02216696739,7.5,0.1076
8793.04374694824,7.5,0.1076
8794.05430912971,7.5,0.1076
8795.07175588608,7.5,0.1076
8796.09173822403,7.5,0.1076
8797.09402108192,7.5,0.1076
8798.10771894455,7.5,0.1119
8799.12764286995,7.5,0.1119
8800.15026164055,7.5,0.1161
8801.16503810883,7.5,0.1161
8802.18157553673,7.5,0.1161
8803.19913482666,7.5,0.1119
8804.21618890762,7.5,0.1119
8805.23263168335,7.5,0.1085
8807.25010919571,7.5,0.1127
8808.27122688293,7.5,0.1127
8809.28068494797,7.5,0.1127
8810.29854393005,7.5,0.1127
8811.31615757942,7.5,0.1127
8812.33201885223,7.5,0.1127
8813.34966397285,7.5,0.1127
8814.36718201637,7.5,0.1127
8815.36974334717,7.5,0.1127
8816.40782594681,7.5,0.1127
8817.41185712814,7.5,0.1127
8818.42512011528,7.5,0.1127
8819.42753124237,7.5,0.117
8820.43035292625,7.5,0.117
8821.4425008297,7.5,0.117
8822.44510912895,7.5,0.1127
8823.44656825066,7.5,0.1127
8824.45141553879,7.5,0.1093
8825.45235276222,7.5,0.1136
8827.45331740379,7.5,0.1136
8828.45421433449,7.5,0.1136
8829.45511817932,7.5,0.1136
8830.45572066307,7.5,0.1136
8831.45675826073,7.5,0.1136
8832.45731830597,7.5,0.1136
8833.45808649063,7.5,0.1136
8834.45874810219,7.5,0.1136
8835.45939326286,7.5,0.1136
8836.4602367878,7.5,0.1136
8837.46132230759,7.5,0.1178
8838.462236166,7.5,0.1178
8839.46282410622,7.5,0.1178
8840.46366691589,7.5,0.1136
8841.46459531784,7.5,0.1136
8842.46525979042,7.5,0.1136
8843.4663579464,7.5,0.1102
8845.46760177612,7.5,0.1144
8846.46915435791,7.5,0.1144
8847.47011470795,7.5,0.1144
8848.47080111504,7.5,0.1144
8849.47283577919,7.5,0.1144
8850.47335100174,7.5,0.1144
8851.4742462635,7.5,0.1144
8852.47471404076,7.5,0.1144
8853.47538423538,7.5,0.1144
8854.47634124756,7.5,0.1144
8855.4768986702,7.5,0.1144
8856.47747015953,7.5,0.1187
8857.47903871536,7.5,0.1187
8858.47980117798,7.5,0.1187
8859.48086547852,7.5,0.1144
8860.48169326782,7.5,0.1144
8861.48234438896,7.5,0.1144
8863.48362445831,7.5,0.111
8864.49174785614,7.5,0.1153
8865.50367426872,7.5,0.1153
8866.51470184326,7.5,0.1153
8867.52274537086,7.5,0.1153
8868.53575944901,7.5,0.1153
8869.55054736137,7.5,0.1153
8870.56561350822,7.5,0.1153
8871.58211398125,7.5,0.1153
8872.59933423996,7.5,0.1153
8873.61626672745,7.5,0.1153
8874.63399672508,7.5,0.1153
8875.66265821457,7.5,0.1153
8876.6706662178,7.5,0.1197
8877.68387913704,7.5,0.1197
8878.694190979,7.5,0.1195
8879.69652247429,7.5,0.1153
8880.69824719429,7.5,0.1153
8882.70129227638,7.5,0.1153
8883.70302915573,7.5,0.1153
8884.71343708038,7.5,0.1153
8885.71419239044,7.5,0.1153
8886.71480250359,7.5,0.1153
8887.71535730362,7.5,0.1153
8888.71597027779,7.5,0.1153
8889.71645975113,7.5,0.1153
8890.73889350891,7.5,0.1153
8891.74070525169,7.5,0.1153
8892.74954009056,7.5,0.1153
8893.76090431213,7.5,0.1161
8894.77021145821,7.5,0.1161
8895.78445959091,7.5,0.1161
8896.80506706238,7.5,0.1161
8897.80876588821,7.5,0.1205
8898.82548308372,7.5,0.1205
8899.84075474739,7.5,0.1204
8900.84390592575,7.5,0.1204
8902.8627243042,7.5,0.1161
8903.87691497803,7.5,0.1161
8904.8950316906,7.5,0.1161
8905.90608668327,7.5,0.1161
8906.91997432709,7.5,0.1161
8907.92601943016,7.5,0.1161
8908.94456624985,7.5,0.1161
8909.95197463036,7.5,0.1161
8910.96930980682,7.5,0.1161
8911.97184944153,7.5,0.1161
8912.97455525398,7.5,0.1161
8913.99264264107,7.5,0.1161
8915.00829958916,7.5,0.1161
8916.02520799637,7.5,0.117
8917.04206180573,7.5,0.117
8918.0599091053,7.5,0.117
8919.07983994484,7.5,0.117
8920.09791636467,7.5,0.1212
8921.11618447304,7.5,0.1212
8923.12939095497,7.5,0.1214
8924.14403891563,7.5,0.1214
8925.14663958549,7.5,0.1214
8926.16399931908,7.5,0.1214
8927.1812069416,7.5,0.1212
8928.20070362091,7.5,0.1212
8929.21956324577,7.5,0.1214
8930.2375202179,7.5,0.1212
8931.257625103,7.5,0.1212
8932.27817225456,7.5,0.1214
8933.29535102844,7.5,0.1214
8934.30145740509,7.5,0.117
8935.32127690315,7.5,0.117
8936.33968353271,7.5,0.117
8937.35792350769,7.5,0.1136
8938.37477374077,7.5,0.1178
8939.38084149361,7.5,0.1178
8940.40369510651,7.5,0.118
8941.42130756378,7.5,0.118
8943.44028306007,7.5,0.1222
8944.45522046089,7.5,0.1222
8945.49291563034,7.5,0.1222
8946.50723314285,7.5,0.1222
8947.50926351547,7.5,0.1222
8948.52178382874,7.5,0.1222
8949.52499175072,7.5,0.1222
8950.52705812454,7.5,0.1222
8951.5300321579,7.5,0.1222
8952.53454709053,7.5,0.1222
8953.5408873558,7.5,0.1222
8954.54136896133,7.5,0.1222
8955.5419883728,7.5,0.1222
8956.54264307022,7.5,0.1178
8957.543197155,7.5,0.1178
8958.5437078476,7.5,0.1178
8959.54427552223,7.5,0.1178
8960.56787490845,7.5,0.1144
8961.56862926483,7.5,0.1187
8963.57617139816,7.5,0.1187
8964.58954429626,7.5,0.1188
8965.60119485855,7.5,0.1187
8966.61592769623,7.5,0.1187
8967.63211369514,7.5,0.1187
8968.64858460426,7.5,0.1187
8969.6657102108,7.5,0.1187
8970.70139765739,7.5,0.1187
8971.70433449745,7.5,0.1187
8972.71216917038,7.5,0.1187
8973.72271084785,7.5,0.1187
8974.73836541176,7.5,0.1188
8975.74708104134,7.5,0.1231
8976.74859714508,7.5,0.1231
8977.74918484688,7.5,0.1231
8978.74972891808,7.5,0.1231
8979.75027775764,7.5,0.1187
8980.7507789135,7.5,0.1187
8981.75135207176,7.5,0.1187
8983.75233101845,7.5,0.1187
8984.7535700798,7.5,0.1188
8985.75459861755,7.5,0.1153
8986.75599384308,7.5,0.1153
8987.75692653656,7.5,0.1187
8988.75775980949,7.5,0.1153
8989.75850224495,7.5,0.1153
8990.75922060013,7.5,0.1153
8991.7597591877,7.5,0.1153
8992.76024532318,7.5,0.1197
8993.76076412201,7.5,0.1197
8994.7621781826,7.5,0.1197
8995.76273322105,7.5,0.1197
8996.76310825348,7.5,0.1197
8997.76372885704,7.5,0.1239
8998.76550531387,7.5,0.1239
8999.76654982567,7.5,0.1239
9001.7674305439,7.5,0.1239
9002.76954579353,7.5,0.1239
9003.77019166946,7.5,0.1239
9004.7709851265,7.5,0.1197
9005.7714369297,7.5,0.1197
9006.77242159843,7.5,0.1197
9007.77356719971,7.5,0.1195
9008.77413797379,7.5,0.1197
9009.77469682693,7.5,0.1197
9010.77545881271,7.5,0.1197
9011.77612280846,7.5,0.1197
9012.77676320076,7.5,0.1197
9013.7784974575,7.5,0.1197
9014.77947735786,7.5,0.1205
9015.78169584274,7.5,0.1205
9016.78396463394,7.5,0.1205
9017.78520965576,7.5,0.1205
9019.78641486168,7.5,0.1205
9020.79571771622,7.5,0.1248
9021.79706692696,7.5,0.1248
9022.80433034897,7.5,0.1248
9023.81670975685,7.5,0.1248
9024.827886343,7.5,0.1248
9025.84309720993,7.5,0.1248
9026.86189556122,7.5,0.1248
9027.88004732132,7.5,0.1248
9028.89721560478,7.5,0.1248
9029.91118860245,7.5,0.1248
9030.92110538483,7.5,0.1248
9031.93820691109,7.5,0.1248
9032.96193408966,7.5,0.1204
9033.98424768448,7.5,0.1204
9035.00135731697,7.5,0.1205
9036.01312017441,7.5,0.1205
9037.03035974503,7.5,0.1204
9039.0456097126,7.5,0.1212
9040.06142377853,7.5,0.1212
9041.07965254784,7.5,0.1212
9042.09126091003,7.5,0.1212
9043.10875058174,7.5,0.1214
9044.12688350677,7.5,0.1212
9045.14376926422,7.5,0.1214
9046.16076231003,7.5,0.1214
9047.17834472656,7.5,0.1212
9048.19214224815,7.5,0.1214
9049.20946121216,7.5,0.1212
9050.21559691429,7.5,0.1214
9051.23548436165,7.5,0.1212
9052.25217866898,7.5,0.1212
9053.27056241035,7.5,0.1256
9054.28616976738,7.5,0.1256
9055.29384064674,7.5,0.1256
9056.31020212173,7.5,0.1256
9057.32008385658,7.5,0.1256
9059.34075522423,7.5,0.1214
9060.34652733803,7.5,0.1212
9061.36586761475,7.5,0.1212
9062.38437223434,7.5,0.1212
9063.40115404129,7.5,0.1214
9064.41870069504,7.5,0.1214
9065.43420171738,7.5,0.1212
9066.45204901695,7.5,0.1212
9067.47008538246,7.5,0.1212
9068.47658991814,7.5,0.1212
9069.49887275696,7.5,0.1212
9070.5174446106,7.5,0.1212
9071.52407407761,7.5,0.1212
9072.56278991699,7.5,0.1212
9073.57835555077,7.5,0.1222
9074.58074831963,7.5,0.1222
9075.5837430954,7.5,0.1222
9076.58437466621,7.5,0.1222
9077.59087753296,7.5,0.1265
9079.59669327736,7.5,0.1265
9080.6052968502,7.5,0.1265
9081.60782217979,7.5,0.1265
9082.60918474197,7.5,0.1265
9083.61368608475,7.5,0.1265
9084.61411952972,7.5,0.1265
9085.61502957344,7.5,0.1265
9086.61628556252,7.5,0.1265
9087.61677908897,7.5,0.1265
9088.61764526367,7.5,0.1265
9089.61816072464,7.5,0.1265
9090.61888670921,7.5,0.1265
9091.62025499344,7.5,0.1265
9092.62241029739,7.5,0.1265
9093.62314772606,7.5,0.1265
9094.62370443344,7.5,0.1222
9095.62414169312,7.5,0.1222
9096.62464356422,7.5,0.1222
9097.62512159348,7.5,0.1222
9099.62571239471,7.5,0.1222
9100.62973690033,7.5,0.1222
9101.6310133934,7.5,0.1222
9102.63270759583,7.5,0.1222
9103.63790392876,7.5,0.1222
9104.63912463188,7.5,0.1222
9105.63969683647,7.5,0.1222
9106.64037513733,7.5,0.1222
9107.6415514946,7.5,0.1222
9108.65217614174,7.5,0.1222
9109.65909028053,7.5,0.1231
9110.67319989204,7.5,0.1231
9111.68726015091,7.5,0.1231
9112.70132923126,7.5,0.1231
9113.71030688286,7.5,0.1231
9114.72697687149,7.5,0.1231
9115.73662185669,7.5,0.1231
9116.76625442505,7.5,0.1231
9118.78551435471,7.5,0.1231
9119.79747867584,7.5,0.1231
9120.79883551598,7.5,0.1231
9121.83633494377,7.5,0.1231
9122.83691692352,7.5,0.1231
9123.83744859695,7.5,0.1231
9124.83789491653,7.5,0.1231
9125.8383743763,7.5,0.1231
9126.83896517754,7.5,0.1231
9127.84335923195,7.5,0.1231
9128.84438085556,7.5,0.1231
9129.8451833725,7.5,0.1231
9130.84885573387,7.5,0.1231
9131.85014796257,7.5,0.1231
9132.85125684738,7.5,0.1231
9133.8522799015,7.5,0.1231
9134.85341453552,7.5,0.1231
9135.86097359657,7.5,0.1229
9136.86214089394,7.5,0.1197
9138.86967945099,7.5,0.1239
9139.87962031364,7.5,0.1239
9140.88897943497,7.5,0.1239
9141.89923858643,7.5,0.1239
9142.91623950005,7.5,0.1239
9143.92943239212,7.5,0.1239
9144.94591546059,7.5,0.1239
9145.95994973183,7.5,0.1239
9146.96839690208,7.5,0.1239
9147.9870891571,7.5,0.1239
9149.00513243675,7.5,0.1239
9150.02353453636,7.5,0.1239
9151.04033184052,7.5,0.1239
9152.05426263809,7.5,0.1239
9153.07221269608,7.5,0.1239
9154.08119678497,7.5,0.1239
9155.10356640816,7.5,0.1239
9156.12117600441,7.5,0.1239
9157.13870668411,7.5,0.1239
9159.15766048431,7.5,0.1239
9160.1690454483,7.5,0.1239
9161.18625307083,7.5,0.1239
9162.19080901146,7.5,0.1239
9163.20945239067,7.5,0.1239
9164.22656011581,7.5,0.1239
9165.24461007118,7.5,0.1239
9166.26428771019,7.5,0.1239
9167.27025222778,7.5,0.1239
9168.28697180748,7.5,0.1239
9169.30629467964,7.5,0.1239
9170.32282710075,7.5,0.1239
9171.34040927887,7.5,0.1239
9172.35636115074,7.5,0.1239
9173.37531352043,7.5,0.1239
9174.39480113983,7.5,0.1239
9175.41306257248,7.5,0.1239
9176.4301366806,7.5,0.1239
9177.4479393959,7.5,0.1239
9179.46915054321,7.5,0.1248
9180.47958230972,7.5,0.1248
9181.49732470512,7.5,0.1248
9182.51417398453,7.5,0.1248
9183.52514648438,7.5,0.1248
9184.53922104836,7.5,0.1248
9185.55760622025,7.5,0.1248
9186.57381486893,7.5,0.1248
9187.61006879807,7.5,0.1248
9188.61528658867,7.5,0.1248
9189.63532376289,7.5,0.1248
9190.64201688766,7.5,0.1248
9191.64392876625,7.5,0.1248
9192.64479279518,7.5,0.1248
9193.64605569839,7.5,0.1248
9194.64829397202,7.5,0.1248
9195.6532895565,7.5,0.1248
9196.65659117699,7.5,0.1248
9197.65766763687,7.5,0.1248
9199.65843605995,7.5,0.1248
9200.65899777412,7.5,0.1248
9201.65953683853,7.5,0.1248
9202.6600663662,7.5,0.1248
9203.66070818901,7.5,0.1248
9204.67210078239,7.5,0.1248
9205.67342114449,7.5,0.1248
9206.67422676086,7.5,0.1248
9207.6747879982,7.5,0.1248
9208.67532920837,7.5,0.1248
9209.6764960289,7.5,0.1248
9210.67739748955,7.5,0.1248
9211.67798280716,7.5,0.1248
9212.67867302895,7.5,0.1248
9213.68499207497,7.5,0.1248
9214.68640470505,7.5,0.1248
9215.68767046928,7.5,0.1248
9217.6885035038,7.5,0.1248
9218.69725608826,7.5,0.1248
9219.70697855949,7.5,0.1248
9220.70898962021,7.5,0.1248
9221.72163105011,7.5,0.1248
9222.73521780968,7.5,0.1248
9223.75123381615,7.5,0.1248
9224.76823449135,7.5,0.1248
9225.77074456215,7.5,0.1248
9226.78864073753,7.5,0.1248
9227.80286741257,7.5,0.1248
9228.81002140045,7.5,0.1248
9229.814255476,7.5,0.1248
9230.83200383186,7.5,0.1248
9231.89744496346,7.5,0.1248
9232.90868067741,7.5,0.1256
9233.90968704224,7.5,0.1256
9234.91045594215,7.5,0.1256
9236.91111397743,7.5,0.1256
9237.92340898514,7.5,0.1256
9238.92609906197,7.5,0.1256
9239.92653441429,7.5,0.1256
9240.93424201012,7.5,0.1256
9241.93597006798,7.5,0.1256
9242.94748997688,7.5,0.1256
9243.95946240425,7.5,0.1256
9244.96843981743,7.5,0.1256
9245.98261094093,7.5,0.1256
9246.99787402153,7.5,0.1256
9248.01642918587,7.5,0.1256
9249.03597807884,7.5,0.1256
9250.05386066437,7.5,0.1299
9251.0726172924,7.5,0.1299
9252.0823032856,7.5,0.1299
9253.09097313881,7.5,0.1299
9254.11088943481,7.5,0.1299
9256.11529421806,7.5,0.1299
9257.12985420227,7.5,0.1299
9258.14793276787,7.5,0.1299
9259.16245126724,7.5,0.1299
9260.17105269432,7.5,0.1299
9261.18770432472,7.5,0.1299
9262.20700287819,7.5,0.1299
9263.22408270836,7.5,0.1299
9264.23855376244,7.5,0.1299
9265.25525760651,7.5,0.1299
9266.27266383171,7.5,0.1299
9267.28895664215,7.5,0.1299
9268.30604720116,7.5,0.1299
9269.32238173485,7.5,0.1299
9270.33451795578,7.5,0.1299
9271.34923410416,7.5,0.1299
9272.36102676392,7.5,0.1299
9273.38146591187,7.5,0.1256
9274.39788389206,7.5,0.1256
9276.40149593353,7.5,0.1256
9277.41522431374,7.5,0.1256
9278.43092608452,7.5,0.1256
9279.43971252441,7.5,0.1256
9280.46261715889,7.5,0.1256
9281.47772836685,7.5,0.1256
9282.49290370941,7.5,0.1256
9283.51058936119,7.5,0.1256
9284.52482128143,7.5,0.1256
9285.54419612885,7.5,0.1256
9286.56593561172,7.5,0.1256
9287.57116055489,7.5,0.1256
9288.59132838249,7.5,0.1256
9289.59980273247,7.5,0.1256
9290.61877179146,7.5,0.1256
9291.65133738518,7.5,0.1256
9292.65655064583,7.5,0.1256
9293.66163396835,7.5,0.1256
9294.67177987099,7.5,0.1256
9296.67650771141,7.5,0.1265
9297.68960523605,7.5,0.1265
9298.69122004509,7.5,0.1265
9299.69405055046,7.5,0.1265
9300.70220732689,7.5,0.1265
9301.70323300362,7.5,0.1265
9302.70468568802,7.5,0.1265
9303.70550823212,7.5,0.1265
9304.70595979691,7.5,0.1265
9305.7071146965,7.5,0.1265
9306.70829510689,7.5,0.1265
9307.70907974243,7.5,0.1265
9308.70951604843,7.5,0.1265
9309.71001815796,7.5,0.1265
9310.7106359005,7.5,0.1265
9311.71116757393,7.5,0.1265
9312.7122733593,7.5,0.1265
9313.71314764023,7.5,0.1265
9314.71401977539,7.5,0.1265
9316.71462392807,7.5,0.1265
9317.71522831917,7.5,0.1265
9318.71679496765,7.5,0.1265
9319.71763658524,7.5,0.1265
9320.71815562248,7.5,0.1265
9321.71906065941,7.5,0.1265
9322.7195494175,7.5,0.1265
9323.72114086151,7.5,0.1265
9324.73291087151,7.5,0.1265
9325.7351641655,7.5,0.1265
9326.73628544807,7.5,0.1265
9327.7375395298,7.5,0.1307
9328.73860907555,7.5,0.1307
9329.74015951157,7.5,0.1307
9330.74804496765,7.5,0.1307
9331.75616073608,7.5,0.1307
9332.76822066307,7.5,0.1307
9334.78177714348,7.5,0.1307
9335.79759597778,7.5,0.1307
9336.81693005562,7.5,0.1307
9337.83292794228,7.5,0.1307
9338.83655619621,7.5,0.1307
9339.85466837883,7.5,0.1307
9340.87020468712,7.5,0.1307
9341.9026684761,7.5,0.1307
9342.95043253899,7.5,0.1307
9343.96305966377,7.5,0.1307
9344.96414327621,7.5,0.1307
9345.96519637108,7.5,0.1307
9346.9660346508,7.5,0.1307
9347.97049379349,7.5,0.1307
9348.97122788429,7.5,0.1307
9349.97205638885,7.5,0.1307
9350.97321033478,7.5,0.1307
9351.97391176224,7.5,0.1307
9352.97501039505,7.5,0.1307
9354.97570204735,7.5,0.1307
9355.98480176926,7.5,0.1307
9356.99489879608,7.5,0.1307
9357.99834680557,7.5,0.1265
9359.01066231728,7.5,0.1265
9360.02692317963,7.5,0.1265
9361.04341769218,7.5,0.1265
9362.05954051018,7.5,0.1265
9363.07612657547,7.5,0.1265
9364.09128975868,7.5,0.1265
9365.10874056816,7.5,0.1265
9366.11194324493,7.5,0.1265
9367.12275314331,7.5,0.1265
9368.12804722786,7.5,0.1265
9369.14359855652,7.5,0.1265
9370.15951895714,7.5,0.1265
9371.16884493828,7.5,0.1265
9372.19203615189,7.5,0.1265
9374.21029210091,7.5,0.1265
9375.22360515594,7.5,0.1265
9376.23889446259,7.5,0.1265
9377.25330424309,7.5,0.1265
9378.26947116852,7.5,0.1265
9379.27175998688,7.5,0.1265
9380.29050207138,7.5,0.1265
9381.30485701561,7.5,0.1265
9382.32172870636,7.5,0.1265
9383.33941221237,7.5,0.1265
9384.35748195648,7.5,0.1265
9385.37395000458,7.5,0.1265
9386.38655281067,7.5,0.1265
9387.40343260765,7.5,0.1265
9388.41388726234,7.5,0.1265
9389.43133664131,7.5,0.1265
9390.43831562996,7.5,0.1265
9391.46141147614,7.5,0.1231
9392.47938776016,7.5,0.1231
9394.49730062485,7.5,0.1231
9395.50925207138,7.5,0.1231
9396.52599787712,7.5,0.1231
9397.54375743866,7.5,0.1231
9398.56188941002,7.5,0.1231
9399.5787525177,7.5,0.1231
9400.59533405304,7.5,0.1229
9401.61236763,7.5,0.1231
9402.62946271896,7.5,0.1231
9403.64695334435,7.5,0.1231
9404.65394639969,7.5,0.1231
9405.67727255821,7.5,0.1231
9406.69527459145,7.5,0.1231
9407.72232699394,7.5,0.1231
9408.73140096664,7.5,0.1231
9409.74757313728,7.5,0.1231
9410.75005865097,7.5,0.1316
9411.7579460144,7.5,0.1316
9412.76354551315,7.5,0.1316
9414.76560544968,7.5,0.1316
9415.76887273788,7.5,0.1316
9416.77203321457,7.5,0.1316
9417.77385354042,7.5,0.1316
9418.77431416512,7.5,0.1316
9419.77559065819,7.5,0.1316
9420.77616095543,7.5,0.1316
9421.77673959732,7.5,0.1316
9422.77739024162,7.5,0.1316
9423.77917861938,7.5,0.1316
9424.78004789352,7.5,0.1316
9425.78309583664,7.5,0.1316
9426.78452539444,7.5,0.1316
9427.78588247299,7.5,0.1316
9428.78642654419,7.5,0.1316
9429.78735041618,7.5,0.1316
9430.78777289391,7.5,0.1316
9431.78821444511,7.5,0.1316
9432.78892350197,7.5,0.1316
9434.79064083099,7.5,0.1316
9435.8020734787,7.5,0.1316
9436.81579947472,7.5,0.1316
9437.8245112896,7.5,0.1316
9438.8351252079,7.5,0.1316
9439.84970521927,7.5,0.1316
9440.86477398872,7.5,0.1316
9441.8792552948,7.5,0.1316
9442.8979139328,7.5,0.1316
9443.91453552246,7.5,0.1316
9444.91965866089,7.5,0.1316
9445.93661499023,7.5,0.1316
9446.96438670158,7.5,0.1316
9447.97719621658,7.5,0.1316
9448.97846698761,7.5,0.1316
9449.97938013077,7.5,0.1316
9450.98103356361,7.5,0.1316
9451.99424123764,7.5,0.1316
9454.00484728813,7.5,0.1316
9455.00621390343,7.5,0.1316
9456.00667905807,7.5,0.1316
9457.00861215591,7.5,0.1231
9458.00989317894,7.5,0.1316
9459.01434779167,7.5,0.1316
9460.018430233,7.5,0.1316
9461.02013707161,7.5,0.1316
9462.02137541771,7.5,0.1316
9463.02180290222,7.5,0.1231
9464.02373600006,7.5,0.1231
9465.0244603157,7.5,0.1231
9466.02514576912,7.5,0.1231
9467.02579164505,7.5,0.1229
9468.02628087997,7.5,0.1231
9469.0268330574,7.5,0.1231
9470.02748155594,7.5,0.1231
9471.02802491188,7.5,0.1231
9472.02894759178,7.5,0.1231
9474.03083133698,7.5,0.1239
9475.04156970978,7.5,0.1239
9476.05402112007,7.5,0.1239
9477.06519079208,7.5,0.1239
9478.07609200478,7.5,0.1239
9479.09764385223,7.5,0.1239
9480.10837388039,7.5,0.1239
9481.12711882591,7.5,0.1239
9482.14275836945,7.5,0.1239
9483.16177797318,7.5,0.1239
9484.18132829666,7.5,0.1239
9485.19847106934,7.5,0.1239
9486.21884441376,7.5,0.1239
9487.23601365089,7.5,0.1239
9488.25122046471,7.5,0.1239
9489.26804351807,7.5,0.1239
9490.28617668152,7.5,0.1239
9491.30341434479,7.5,0.1239
9493.3262796402,7.5,0.1239
9494.32962203026,7.5,0.1239
9495.3498916626,7.5,0.1239
9496.36565852165,7.5,0.1239
9497.38298559189,7.5,0.1239
9498.40172433853,7.5,0.1239
9499.41925144196,7.5,0.1239
9500.43740034103,7.5,0.1239
9501.45364284515,7.5,0.1239
9502.47242498398,7.5,0.1239
9503.48755502701,7.5,0.1239
9504.51109886169,7.5,0.1239
9505.52789902687,7.5,0.1239
9506.53163599968,7.5,0.1239
9507.55193114281,7.5,0.1239
9508.56903028488,7.5,0.1239
9509.59081888199,7.5,0.1239
9510.60715723038,7.5,0.1239
9511.62269234657,7.5,0.1239
9513.63457942009,7.5,0.1239
9514.65262150764,7.5,0.1239
9515.67063546181,7.5,0.1239
9516.68875145912,7.5,0.1239
9517.70523452759,7.5,0.1239
9518.72245025635,7.5,0.1239
9519.73354268074,7.5,0.1239
9520.75167870522,7.5,0.1239
9521.76883077621,7.5,0.1239
9522.77683949471,7.5,0.1239
9523.80687832832,7.5,0.1239
9524.81566095352,7.5,0.1239
9525.82489490509,7.5,0.1239
9526.86306023598,7.5,0.1239
9527.86605262756,7.5,0.1239
9528.86730360985,7.5,0.1239
9529.86858510971,7.5,0.1239
9530.86953186989,7.5,0.1239
9531.86994814873,7.5,0.1239
9533.87068200111,7.5,0.1239
9534.88089799881,7.5,0.1239
9535.88257813454,7.5,0.1239
9536.88436198235,7.5,0.1239
9537.88540458679,7.5,0.1239
9538.89633750916,7.5,0.1239
9539.90443563461,7.5,0.1239
9540.91838693619,7.5,0.1239
9541.93184161186,7.5,0.1239
9542.94709014893,7.5,0.1239
9543.96493625641,7.5,0.1239
9544.98158121109,7.5,0.1239
9546.01327013969,7.5,0.1239
9547.0187356472,7.5,0.1239
9548.04654598236,7.5,0.1239
9549.04851269722,7.5,0.1239
9550.05214381218,7.5,0.1239
9551.06188869476,7.5,0.1239
9553.06328368187,7.5,0.1239
9554.06442022324,7.5,0.1239
9555.06527757645,7.5,0.1239
9556.06598329544,7.5,0.1239
9557.06661915779,7.5,0.1239
9558.06808257103,7.5,0.1324
9559.06947898865,7.5,0.1239
9560.07060885429,7.5,0.1239
9561.07217550278,7.5,0.1239
9562.07271075249,7.5,0.1239
9563.07357478142,7.5,0.1239
9564.0740737915,7.5,0.1324
9565.07450246811,7.5,0.1324
9566.07746863365,7.5,0.1324
9567.07801556587,7.5,0.1324
9568.07858347893,7.5,0.1324
9569.07965350151,7.5,0.1324
9570.08089900017,7.5,0.1324
9571.08202934265,7.5,0.1324
9573.08342552185,7.5,0.1324
9574.09377193451,7.5,0.1324
9575.10713744164,7.5,0.1324
9576.12008118629,7.5,0.1324
9577.12449598312,7.5,0.1324
9578.1373231411,7.5,0.1324
9579.14287614822,7.5,0.1324
9580.1604475975,7.5,0.1324
9581.17240524292,7.5,0.1324
9582.18711662292,7.5,0.1324
9583.20334100723,7.5,0.1324
9584.22080159187,7.5,0.1324
9585.23706412315,7.5,0.1324
9586.25550484657,7.5,0.1324
9587.27240133286,7.5,0.1324
9588.28849458694,7.5,0.1324
9589.30644083023,7.5,0.1324
9590.32456564903,7.5,0.1324
9592.34513926506,7.5,0.1324
9593.35949397087,7.5,0.1324
9594.37546515465,7.5,0.1324
9595.38932394981,7.5,0.1324
9596.39451813698,7.5,0.1324
9597.41157007217,7.5,0.1324
9598.43019723892,7.5,0.1324
9599.44608879089,7.5,0.1324
9600.46493387222,7.5,0.1324
9601.4821741581,7.5,0.1324
9602.50225448608,7.5,0.1324
9603.51424574852,7.5,0.1324
9604.53315806389,7.5,0.1324
9605.55213570595,7.5,0.1324
9606.56901574135,7.5,0.1324
9607.58980631828,7.5,0.1324
9608.59693384171,7.5,0.1324
9609.60814905167,7.5,0.1324
9610.61472272873,7.5,0.1324
9612.6341252327,7.5,0.1239
9613.64518213272,7.5,0.1239
9614.64740872383,7.5,0.1239
9615.66644144058,7.5,0.1239
9616.68438005447,7.5,0.1239
9617.68712544441,7.5,0.1239
9618.7058134079,7.5,0.1239
9619.72233748436,7.5,0.1239
9620.73910331726,7.5,0.1239
9621.74260759354,7.5,0.1239
9622.75836253166,7.5,0.1239
9623.77645540237,7.5,0.1239
9624.79415202141,7.5,0.1239
9625.81196641922,7.5,0.1239
9626.84954547882,7.5,0.1239
9627.85246729851,7.5,0.1248
9628.86789155006,7.5,0.1248
9629.8708562851,7.5,0.1248
9630.87189269066,7.5,0.1248
9632.87369155884,7.5,0.1248
9633.885389328,7.5,0.1248
9634.88933062553,7.5,0.1248
9635.89102935791,7.5,0.1248
9636.89879393578,7.5,0.1248
9637.90000700951,7.5,0.1248
9638.90706300735,7.5,0.1248
9639.91215348244,7.5,0.1248
9640.91370987892,7.5,0.1248
9641.91473054886,7.5,0.1248
9642.91589140892,7.5,0.1248
9643.9165892601,7.5,0.1248
9644.91763162613,7.5,0.1248
9645.91915035248,7.5,0.1248
9646.91959953308,7.5,0.1248
9647.92570400238,7.5,0.1248
9648.92718219757,7.5,0.1248
9649.9285056591,7.5,0.1248
9651.92972993851,7.5,0.1248
9652.93965125084,7.5,0.1248
9653.94944548607,7.5,0.1248
9654.96221971512,7.5,0.1248
9655.97672986984,7.5,0.1248
9656.98026967049,7.5,0.1248
9657.99785685539,7.5,0.1248
9659.01314687729,7.5,0.1248
9660.02990746498,7.5,0.1248
9661.04721045494,7.5,0.1248
9662.05790352821,7.5,0.1248
9663.06026601791,7.5,0.1248
9664.07882404327,7.5,0.1248
9665.10904383659,7.5,0.1248
9666.11314797401,7.5,0.1248
9667.12017941475,7.5,0.1248
9668.12973427773,7.5,0.1248
9669.13541531563,7.5,0.1248
9671.14931440353,7.5,0.1248
9672.15250182152,7.5,0.1248
9673.15915513039,7.5,0.1248
9674.16023468971,7.5,0.1248
9675.16120958328,7.5,0.1248
9677.16590166092,7.5,0.1333
9679.17443919182,7.5,0.1333
9680.17533874512,7.5,0.1333
9681.17666053772,7.5,0.1333
9682.17737531662,7.5,0.1333
9683.17853474617,7.5,0.1333
9684.17924785614,7.5,0.1333
9685.17990875244,7.5,0.1333
9686.18091893196,7.5,0.1333
9687.18142366409,7.5,0.1333
9688.18262553215,7.5,0.1333
9689.18428611755,7.5,0.1333