Time,Height (m),Voltage (V)
1739979275.2202308,0.022400946455448864,0.0
1739979419.5669212,0.014355910608172415,0.0
1739979421.070441,0.014822195717692374,0.0
1739979583.4357266,0.014355910608172415,0.0
1739979585.0277195,0.014822195717692374,0.0
1739979586.2350802,0.015328682355582712,0.0
1739979587.4423277,0.015847229366004467,0.0
1739979588.6608455,0.016361730171740054,0.0
1739979589.8348575,0.016861739099025726,0.0
1739979591.0185275,0.017340726849436758,0.0
1739979592.1985781,0.01779484325200319,0.0
1739979593.322419,0.018222090138494965,0.0
1739979594.4553978,0.018621716906130313,0.0
1739979595.804817,0.018993846505880353,0.0
1739979596.9674032,0.01933917537331581,0.0
1740472056.3941956,0.014401531437039374,3.055955
1740472058.5596719,0.014918249659240244,3.472948930607569
1740472059.7657835,0.015484886835515497,3.511680729601477
1740472060.97478,0.016066937592625615,3.5482332954500944
1740472062.0517569,0.01673718718588352,3.5781316140119404
1740472063.1539145,0.017520151866972446,3.606002585625058
1740472064.3463438,0.01824550585001707,3.6329797047744274
1740472065.5952353,0.018966596099734306,3.6634122029705676
1740472067.0181825,0.01964764904230833,3.700128995825228
1740472070.4441166,0.02027341187894344,3.8177831525252284
1740472073.8718364,0.020856836591660974,3.9355505507982453
1740472077.2829137,0.021406623896211386,4.0513694239855225
1740472080.5975237,0.02192842007949948,4.162735659880861
1740472082.5681274,0.02242040280178189,4.2220447152456835
1740472083.8602505,0.022880112613737583,4.256025971143301
1740472085.1230776,0.023307899452745914,4.289191334328252
1740472086.3675075,0.023705609302967785,4.322222854842069
1740472087.587174,0.024075655184686184,4.354534421595096
1740472088.8113792,0.024420680113881824,4.387224821473411
1740472090.0302,0.024743259397521613,4.420209685218834
1740472091.218536,0.025045649787783623,4.452417314545384
1740472092.4023209,0.025329914152622222,4.484836416539426
1740472093.7446337,0.02559853795021772,4.522905080973143
1740472095.1190186,0.02585355417057872,4.562148377363728
1740472096.3383937,0.026095890104770657,4.596122408218963
1740472097.638218,0.026326803635805845,4.632825960727319
1740472098.86946,0.026547096954286097,4.667451279109677
1740472100.057551,0.02675737492740154,4.700584528373577
1740472101.3019476,0.02695848574489355,4.7352975885197015
1740472102.5916855,0.02715139925777912,4.772119107983813
1740472103.9338756,0.027327170997858048,4.810480221994791
1740472105.2465107,0.027500407196581363,4.848073821443234
1740472106.5276384,0.027667957557737825,4.884508713862713
1740472107.801242,0.027830045628547666,4.920414568759925
1740472109.1077151,0.027987135699391364,4.9577910767253455
1740472110.3650222,0.028139364048093557,4.993094454975796
1740472111.6300726,0.028287000221014023,5.02883130899389
1740472112.805941,0.028430077750235795,5.062077267543712
1740472113.9822078,0.02856869809180498,5.094784890543783
1740472115.1831386,0.02870314798802137,5.1284381364922655
1740472116.4159162,0.028833877542614936,5.163024954988557
1740472117.6130443,0.028961106863617896,5.196128421830123
1740472118.8535328,0.029100285643339156,5.231110158620511
1740472120.192985,0.029243523524701595,5.2679696158945175
1740472121.460961,0.029384612773358822,5.303071525818502
1740472122.7517033,0.02952394545674324,5.338057159396112
1740472123.977187,0.029690669552981854,5.371515106255502
1740472125.2589016,0.029856734184920786,5.405339635670974
1740472126.530133,0.03002236032038927,5.438488927968881
1740472127.6979587,0.030187593528628348,5.468653937609331
1740472128.9338975,0.030352831035852432,5.500515263354302
1740473227.3025496,0.014374523493647574,1.3568099999999945
1740473229.3056793,0.014848262183368205,1.7675552558273773
1740473230.6418166,0.01536923983991146,1.8133046029562443
1740473231.8276672,0.01590753380805254,1.8506519855699775
1740473232.996292,0.016444250048696995,1.8861795369027083
1740473234.1075618,0.016967642875015735,1.9184249321293168
1740473235.2454474,0.017470594887435433,1.9517800344622414
1740473236.3707209,0.017948985078930852,1.9845370548412853
1740473237.546166,0.01845377791672945,2.0194691385839074
1740473238.7137437,0.01893251202702522,2.0530175257315437
1740473239.8812997,0.019378734633326528,2.0861295185194364
1740473241.0318072,0.019794492052495477,2.1197010230942697
1740473242.1491363,0.020181928618252278,2.1524594969601436
1740473243.2478383,0.020543177486956117,2.1843973700790738
1740473244.361871,0.020880365796387194,2.2173569770074333
1740473245.5711353,0.02119564346894622,2.2548890421845043
1740473246.7415423,0.021490862077474592,2.29090941786213
1740473247.956212,0.02176775884181261,2.328379352527075
1740473249.1377525,0.022027846144884823,2.365492352092857
1740473250.3002844,0.02227245968133211,2.4015855428572017
1740473251.4127789,0.022502745560556647,2.4360869789771913
1740473252.5981147,0.02271991824582219,2.4737251408745093
1740473253.7767446,0.0229250163719058,2.5114614173587566
1740473254.990182,0.023118994743376968,2.549946753864472
1740473256.1586287,0.02330264996215701,2.587315059875844
1740473257.272023,0.023476635044068096,2.622539461854445
1740473258.3879445,0.023641609453409908,2.658408694972536
1740473259.4950225,0.02379816000163555,2.6937809178084553
1740473260.7260303,0.02394703170284629,2.7337936737596626
1740473261.8514833,0.024088654885441065,2.7698871120576385
1740473263.039223,0.0242123641975224,2.808265183230773
1740473264.337631,0.02433501724898815,2.850970467504147
1740473265.4546378,0.024452311615645886,2.886843341831052
1740473266.67942,0.02456462302878499,2.9272259059859937
1740473267.9259765,0.024672271762788293,2.9675838187742976
1740473269.1859536,0.024775603026151657,3.009079260702511
1740473270.3613331,0.024874813282489774,3.047262316054961
1740473271.553607,0.024970142630115152,3.0859796049984984
1740473272.8232286,0.02506198012717068,3.1279929718605657
1740473273.904025,0.025150327493250368,3.162901032371809
1740473275.0819457,0.025235468031466007,3.2010944275673303
1740473276.3442314,0.02531777940765023,3.24255210889302
1740473277.635689,0.025397581896185874,3.2850656077157714
1740473278.8971717,0.025475062073022126,3.32592455568947
1740473280.000757,0.025550199303030968,3.3618883065454064
1740473281.2226756,0.02562321240454912,3.40162849669474
1740473282.3767319,0.025694205413013694,3.439177670109543
1740473283.533056,0.02576330428868532,3.47670537839816
1740473284.616364,0.02583055245131254,3.512087357236191
1740473285.840833,0.02589620655030012,3.551722468919219
1740473286.9659324,0.02596033751890063,3.588119613580504
1740473288.0958126,0.026023015430569646,3.624490304813725
1740473289.3184671,0.0260844672717154,3.6640279116537924
1740473290.4383245,0.026145335310697553,3.70033933073874
1740473291.7421567,0.026217516988515852,3.742930609641644
1740473292.9070532,0.026289071874320506,3.7798177096683694
1740473294.0529513,0.026360121199488638,3.816135232085625
1740473295.193066,0.026430756962299344,3.852386854041967
1740473296.423955,0.026501191962510346,3.891692227066166
1740473297.5438192,0.026571424480527638,3.927265336102012
1740473298.7843134,0.026641606270521877,3.9664092227525267
1740473300.0087895,0.026711852115392683,4.005501385308602
1740473301.1046054,0.026782023587822914,4.03981124374824
1740473302.20719,0.026852000746130943,4.074013347793844
1740473303.3233833,0.02692176940366626,4.109205532205206
1740473304.6718102,0.026991661012172697,4.151569614400613
1740473305.8730695,0.027061711253225804,4.189181897947783
1740473307.041566,0.02713186166062951,4.225684065127403
1740473308.1488252,0.02720197552666068,4.2600303183236585
1740473309.2496715,0.027271933769434688,4.293807941116558
1740473310.3902504,0.027341731230169534,4.329051917402408
1740473311.7470584,0.02741169721111655,4.3713405808385675
1740473313.069555,0.027482027316093442,4.412518867513793
1740473314.166238,0.027552491119503975,4.4459836264806745
1740473315.3465493,0.027633619415014982,4.481898192786301
1740473316.5415604,0.02771850115433335,4.518401099764707
1740473317.7134056,0.027803451247513294,4.553688564232278
1740473318.925794,0.027888634775578975,4.589872509586121
1740473320.1401758,0.027974219828844068,4.626460757952721
1740473321.2761874,0.02805998543947935,4.660402595749889
1740473322.4689565,0.0281460137180984,4.695774364728726
1740473323.6784036,0.028232394943386314,4.73151386186728
1740473324.915467,0.028319337616115808,4.76863193142941
1740473326.1318464,0.028406801325827836,4.804642378693481
1740473327.2196875,0.028494219036400318,4.836075935572878
1740473328.3650875,0.028581543029099703,4.869401500335172
1740473329.4682283,0.02866863745599985,4.901624849334917
1740473330.5625508,0.02875539355278015,4.933288527151051
1740473331.730606,0.028842059370875358,4.967304523003784
1740473333.008324,0.02892916540503502,5.004617870406834
1740473334.2229605,0.029027985313534736,5.039382903399787
1740473335.3160858,0.029130278801918028,5.07030169021179
1740473336.427417,0.029232635915279387,5.101467406368961
1740473337.5489662,0.029335133175551892,5.1330099775634315
1740473338.6865861,0.029454912355542182,5.164923672801954
1740473339.9176462,0.029579081659018992,5.1990229355555035
1740473341.1445625,0.029705047078430653,5.232380955908857
1740473342.3149261,0.029832874818146227,5.2641076781505864
1740473343.4070926,0.029962267388403414,5.293245513782888
1740473344.5316882,0.030093190397322177,5.323156185863218
1740473345.6433878,0.030225574201345442,5.352425054254624
1740473346.7546613,0.03035935689508915,5.381473378344639
1740473348.0152586,0.03049517558813095,5.414984951703141
1740473349.2244036,0.03063305091559887,5.446404694679364
1740473350.431234,0.030772995774447916,5.478066745789213
1740473351.534649,0.030914730730652807,5.505813515642272
1740473352.711073,0.031059259167313575,5.536114766848105
1740473353.854606,0.03120516499876976,5.56480029903838
1740473355.1560779,0.03135297957956791,5.597741230256291
1740473356.3622093,0.03150254986584186,5.6277978054185445
1740473357.5971317,0.03165385780185461,5.658476550295875
1740473358.8039806,0.031806788174808025,5.688491259555033
1740473359.9354508,0.031960833704471586,5.7156207116697715
1740473361.1171184,0.032115959998965264,5.744281836172661
1740473362.3958862,0.032271238477528094,5.774929241979155
1740473363.6442425,0.032421378809213634,5.804931839525361
1740473364.7634618,0.03257211068123579,5.831453578414429
1740473365.9086492,0.032723098772764206,5.858199416077159
1740473367.2280548,0.032874895933270455,5.8899207750623015
1740473368.536583,0.033027621674537655,5.920520995117597
1740473369.760195,0.033181019777059555,5.9492501101115245
1740473370.8990335,0.03333374207913876,5.9752218044900225
1740473372.0632803,0.03346506403386593,6.001492995842081
1740473373.3122392,0.03360449215471745,6.030722007157933
1740473374.6150756,0.03375113569200039,6.060774137207719
1740473375.8813925,0.03389761242866516,6.089579644438853
1740473377.2534072,0.03405394243896007,6.121076125249496
1740473378.5838034,0.03422268017977476,6.150842589381708
1740473379.9835653,0.034390464405715464,6.1820491461443225
1740473381.1409342,0.03455907919555903,6.206620242513093
1740473382.2820256,0.034728300142288206,6.230564448534851
1740473383.5123768,0.03489834219515323,6.256698369457247
1740473384.7681065,0.03506940912604332,6.282974180127354
1740473385.9174018,0.0352413427323103,6.306661935250944
1740473387.1203315,0.03541419890075922,6.331288591755971
1740473388.2425933,0.0355877910554409,6.353761932939149
1740473389.3649726,0.035761985927820206,6.3756517202271565
1740473390.604587,0.035937133455276486,6.400723391646002
1740473391.8425884,0.0361133780837059,6.425162543138501
1740473393.0523014,0.03629068886041641,6.448610810450919
1740473394.2591853,0.036469079542160034,6.472193137428757
1740473395.355589,0.03664818213582039,6.492584243957326
1740473396.46411,0.036827843597531315,6.513108332158889
1740473397.7490344,0.037008461153507234,6.537402020659128
1740473398.9985347,0.03719016033411026,6.560722917537966
1740473400.1870275,0.03737280873060227,6.582370031642949
1740473401.341709,0.037556230944395065,6.603047612855612
1740473402.4942372,0.03774032723903656,6.623489943470111
1740473403.741133,0.037925288489460945,6.6457916455820705
1740473404.8957734,0.038110913503170016,6.66543005390286
1740473406.0884347,0.03829725214838982,6.686193874547275
1740473407.299318,0.038484316462278366,6.706712120856167
1740473408.4182272,0.038669592398405075,6.725305335419447
1740473409.5567489,0.03885241791307926,6.744085052409067
1740473410.6960185,0.03903549448847771,6.7627085305479335
1740473411.9495268,0.03921898204684257,6.7834218651753835
1740473413.141483,0.03940279116928577,6.802605087752785
1740473414.4595795,0.03958715056180954,6.82411435206539
1740473415.5567148,0.03977166127860546,6.841241833166066
1740473416.7492204,0.0399562889277935,6.859717549724486
1740473418.1831942,0.04014158893823624,6.883001576770675
1740473419.4155884,0.04032737043499947,6.901947855707608
1740473420.5234323,0.04051321039795876,6.918191356992299
1740473421.6221173,0.040698847448825834,6.933934705928155
1740473422.7321854,0.04088419904708862,6.949789873733945
1740473424.0054514,0.04106956784129143,6.968410813991496
1740473425.287642,0.04125516018271446,6.9870996337607165
1740473426.4427595,0.041440807551145556,7.003219643186624
1740473427.5681202,0.04162634314596653,7.018529313638651
1740473428.6821454,0.041811680987477305,7.03363360975481
1740473429.9417472,0.0419970463424921,7.05080887327514
1740473431.1399732,0.04218246156573296,7.066905465874678
1740473432.3083053,0.042367864751815795,7.082225164222413
1740473433.5085256,0.042553286853432654,7.0978745273434924
1740473434.655224,0.04273861953616142,7.112201117282075
1740473435.7870505,0.042923768222332,7.12606018982203
1740473436.8890197,0.04310865209102631,7.1394603465101225
1740473438.1612263,0.04329355315566063,7.155281385554146
1740473439.3274827,0.04346343528628349,7.1693143093166825
1740473440.4552875,0.0436327740252018,7.182821480700928
1740473441.6936018,0.04380148339271545,7.197954842612253
1740473442.7893586,0.04396921947002411,7.210857716504321
1740473443.8753273,0.04413571056127548,7.2231068155963785
1740473445.0897741,0.04430105984210968,7.23745065168464
1740473446.309579,0.044465305143594744,7.251627181312084
1740473447.479619,0.0446283845603466,7.264906484639239
1740473448.6675785,0.04479028089642525,7.27826020966355
1740473449.864438,0.04495100790858269,7.2914724658762395
1740473451.0007682,0.045110469299554826,7.303806506495733
1740473452.1019275,0.04526859972476959,7.315550043844062
1740473453.3974087,0.04542567431926727,7.329898025844319
1740473454.5810866,0.045581631177663805,7.342266897707207
1740473455.867399,0.04573665257692337,7.356288816317881
1740473456.9600444,0.04589050121307373,7.367242276420938
1740473458.0838878,0.04604476599097252,7.37827425149113
1740473459.320481,0.04620483955740928,7.3910903506654515
1740473460.499003,0.046364039570093156,7.402456071711065
1740473461.7105708,0.04652257925868034,7.414302307094603
1740473462.8684454,0.046680527406930926,7.425126014813955
1740473464.067613,0.046837983751297,7.436211103807003
1740473465.2155845,0.0469949826836586,7.44670270425952
1740473466.4073083,0.04715157923102379,7.4574296918431715
1740473467.5636191,0.04730779058933258,7.46759741825192
1740473468.724092,0.04746362019777298,7.477583271581388
1740473469.9544535,0.047619164353609085,7.488378276004126
1740473471.0718966,0.04777435083389282,7.497640391431233
1740473472.1992483,0.04792913836836815,7.506738652334591
1740473473.4778194,0.04808369547724724,7.517569870912083
1740473474.646965,0.04823796369433403,7.526708405674012
1740473475.8013785,0.0483919155061245,7.535677273130758
1740473476.9706821,0.04854555779099464,7.544663393803866
1740473478.0966575,0.048698828643560406,7.552940372742893
1740473479.2270627,0.04885171774625778,7.561236883683618
1740473480.3313825,0.049004170072078704,7.568835283106037
1740473481.5890977,0.04915634382367134,7.578182434020157
1740473482.815318,0.04930826651453972,7.586835638351323
1740473483.9960322,0.04945993126630783,7.594969045272514
1740473485.0855353,0.049611221146583555,7.601949937914127
1740473486.2127802,0.04976210864186287,7.609098617715949
1740473487.3087096,0.04991255936026573,7.615772246003372
1740473488.395635,0.05006252515316009,7.622132985460919
1740473489.639531,0.05021216422319412,7.630055855232638
1740473490.8518717,0.05036151784062386,7.637498054943544
1740473492.022201,0.050510565370321274,7.64415953179689
1740473493.1805365,0.05065928273797035,7.6508097232919505
1740473494.2996452,0.05080761835575104,7.656707057706068
1740473495.486372,0.050955596297979355,7.663177538566016
1740473496.6653216,0.051103237199783325,7.669473907493464
1740473497.8369274,0.05125052730441093,7.675471686441199
1740473499.1611137,0.05139758698344231,7.682532291478984
1740473500.2792735,0.05154430962204933,7.687798215751671
1740473501.457907,0.051691066652536394,7.693306605716419
1740473502.6162415,0.051843752843141556,7.698641964685034
1740473503.8784494,0.05199637024998665,7.704256687912952
1740473505.0680227,0.05214906331896782,7.709186477850615
1740473506.2254424,0.05230192146897316,7.713681368584452
1740473507.3593643,0.05245500316619873,7.7178791316881945
1740473508.5631785,0.05260834624171257,7.722363311962489
1740473509.6796415,0.052761985087394714,7.726078630175147
1740473510.9272263,0.05291593345999718,7.730401175206837
1740473512.1006417,0.05307022231221199,7.734198595078288
1740473513.3143065,0.05322485852241516,7.737906452070252
1740473514.452248,0.05337984552979469,7.740991027048604
1740473515.6243567,0.05353517645597458,7.7441002378662995
1740473516.7867913,0.05369084786176682,7.746913646097797
1740473518.0732322,0.05384687694311142,7.750426474247318
1740473519.2452874,0.0540032671391964,7.752957062029654
1740473520.4738646,0.05416002876758575,7.755575373504422
1740473521.5550354,0.05431713087558746,7.757261453181004
1740473522.66258,0.054474556267261505,7.758759765893935
1740473523.8385386,0.05463229806423187,7.760601231298207
1740473524.9615443,0.05479035282731056,7.761907642066834
1740473526.3572943,0.0549487480700016,7.764412618391685
1740473527.5392992,0.05510750098824501,7.765656597151861
1740473528.668424,0.05526659094691277,7.766398070992783
1740473529.761325,0.05542600075006485,7.766803721736828
1740473530.9506156,0.05558572695851326,7.76745076475194
1740473532.0630498,0.05574575237631798,7.7675588215745375
1740473533.2366722,0.055906090760231016,7.767744037255351
1740473534.4273515,0.056066728353500364,7.767793356005566
1740473535.627409,0.05622766859531403,7.767705953998225
1740473536.7763636,0.05636393610239029,7.767238561847631
1740473537.9130554,0.056485487323999405,7.767299285542516
1740473539.067254,0.05660581763386727,7.76766280785756
1740473540.4266608,0.056724332052469253,7.768665592397098
1740473541.602775,0.056840662586688996,7.7690016533607045
1740473542.7993672,0.05695456161499023,7.769261870843712
1740473543.888667,0.05706589500904083,7.769176609587876
1740473544.9804027,0.0571745733499527,7.7690465186264674
1740473546.108944,0.057280562245845795,7.768964773380415
1740473547.307518,0.057383875453472136,7.7690565901218696
1740473548.4036677,0.05748453360795975,7.768816618022435
1740473549.6373148,0.057582591736316684,7.768903474381976
1740473550.7936046,0.05767810142636299,7.768756254484086
1740473551.9600697,0.057771110826730726,7.768612228911
1740473553.0411186,0.057861688721179964,7.768224689428751
1740473554.2884746,0.05794990389347077,7.768180241693799
1740473555.5594993,0.05803580793142319,7.768129208195942
1740473556.7630963,0.058119469618797305,7.767915010115867
1740473557.9195373,0.05820094742178917,7.7675790526153135
1740473559.1125696,0.05828029980659485,7.767271992988473
1740473560.333002,0.05835500584840775,7.76698601627987
1740473561.4760158,0.05842598724961281,7.766648093258875
1740473562.5652056,0.058494949847459794,7.766215436967641
1740473563.756896,0.0585618970811367,7.765957134365737
1740473564.978314,0.05862683582901955,7.7657017648135245
1740473566.200538,0.05868979360461235,7.765426116337292
1740473567.4076748,0.05875081511735916,7.76511356136316
1740473568.519334,0.058809941637516024,7.764669511200487
1740473569.6474345,0.05886720411777496,7.764252382129013
1740473570.8666513,0.058922671341896056,7.763915385901677
1740473572.0992963,0.05897788062691688,7.763564632812273
1740473573.2158632,0.0590339531481266,7.763058238556367
1740473574.6469681,0.059088429886102675,7.762749781543438
1740473575.8426123,0.059141407138109205,7.762212098251174
1740473577.0520005,0.05919295712709427,7.761655667903834
1740473578.2079327,0.059243172711133954,7.761042109795361
1740473579.461809,0.059292095160484316,7.7604937856218745
1740473580.543631,0.05933977262377739,7.759789233558362
1740473581.6229587,0.05938625668883324,7.759070634771138
1740473582.7810788,0.05943157486915589,7.758385600087171
1740473584.033312,0.059475761556625366,7.757736586091046
1740473585.2083278,0.05951885114312172,7.757025392922597
1740473586.3399467,0.05956087458133698,7.756281696173405
1740473587.560877,0.059601852506399156,7.755556286912297
1740473588.6770003,0.05964181931018829,7.754768494730834
1740473589.8265715,0.05968079218864441,7.753983547494583
1740473591.0361023,0.05971880209445953,7.75319836813796
1740473592.2231414,0.05975586966276169,7.752392134075289
1740473593.4360769,0.059792015528678896,7.751577701907317
1740473594.6069715,0.05982727064490318,7.750737083730189
1740473595.7584746,0.05986164532899856,7.7498791053779525
1740473596.8704278,0.059895170533657074,7.749001300185232
1740473597.9913769,0.059927860015630725,7.748113477195113
1740473599.238053,0.05995974128842354,7.747221885616599
1740473600.404388,0.05999083154797554,7.74631259038407
1740473601.55165,0.060021147990226745,7.745390343801271
1740473602.8502905,0.06005070437192917,7.744453421590411
1740473604.0458148,0.06007953164577484,7.743505732779907
1740473605.2589788,0.06010762981176376,7.742543965488337
1740473606.4375277,0.06013502982258797,7.741574878369282
1740473607.5991795,0.060161741995811466,7.740596783569644
1740473608.774084,0.06018778352737427,7.7396034306239105
1740473609.9329395,0.06021316129565239,7.738604919135854
1740473611.0507686,0.06023790625333786,7.737607190210632
1740473612.181016,0.06026201496124268,7.73659339044501
1740473613.3692005,0.060285508054494855,7.73555911744887
1740473614.5465257,0.06030840960741043,7.734519709211437
1740473615.8658473,0.0603307196199894,7.7334277208094395
1740473617.0158865,0.06035246216654778,7.732376108551362
1740473618.2132454,0.06037365100383758,7.731299820168254
1740473619.4029546,0.06039428613185883,7.730220631308004
1740473620.6717627,0.06041438818573952,7.729102411224434
1740473621.8227181,0.060433970922231676,7.728020316865299
1740473623.0090523,0.060453041219711304,7.726917277314922
1740473624.1391993,0.06047162315249443,7.725835497018359
1740473625.304395,0.06048971328139305,7.724725296700142
1740473626.5277207,0.06050732536315918,7.723586122056447
1740473627.7791598,0.060524476593732834,7.7224236028995135
1740473628.9886446,0.060541177290678025,7.72127759616345
1740473630.3642473,0.060557434332370756,7.7200324564804115
1740473631.6343448,0.06057325115799904,7.7188306718498625
1740473632.8219938,0.06058865184187889,7.71767571795647
1740473634.1281054,0.06060362606644631,7.7164502160011565
1740473635.3911135,0.0606181979060173,7.715236798664014
1740473636.5311565,0.0606323742389679,7.714094897864023
1740473637.9045327,0.06064616194367409,7.712800093296925
1740473639.1011522,0.06065957133769989,7.7116084831755565
1740473640.3947122,0.06067260929942131,7.710361290471189
1740473641.720446,0.06068528614640236,7.709076926469915
1740473643.1194928,0.060697608757019045,7.707733108738641
1740473644.3764699,0.06070958400964737,7.706491419473868
1740473645.5590975,0.060721218782663344,7.705289176091557
1740473646.7877274,0.06073251651525497,7.704061688423795
1740473648.031672,0.060743501281738284,7.702807110801976
1740473649.1945167,0.06075416276454926,7.70160618430528
1740473650.3619752,0.06076452847719192,7.700413773502367
1740473651.4960663,0.06077459498047829,7.699231239659088
1740473652.6040788,0.06078436571359634,7.698069444132167
1740473653.7371383,0.06079385099411011,7.69689391071083
1740473654.8530552,0.060803068017959594,7.6957162699270425
1740473656.1359944,0.060812006467580795,7.694411029080552
1740473657.320566,0.06082068697810173,7.693179023914897
1740473658.5113788,0.060829106110334395,7.691943632469284
1740473659.6585371,0.0608372741818428,7.690745877536523
1740473660.752926,0.06084518775343895,7.689584857436335
1740473661.9837198,0.060852857142686845,7.6883036434129535
1740473663.1735833,0.06086030298471451,7.687061220307147
1740473664.370975,0.06086750464439392,7.685802900555705
1740473665.582082,0.0608744827568531,7.684543242678117
1740473667.0174284,0.06088123732209206,7.683076393099987
1740473668.27985,0.060887771779298785,7.681758990930372
1740473669.5026534,0.060894089567661285,7.680480763415205
1740473670.6613655,0.06090019412636757,7.6792576622241135
1740473671.8273828,0.06090609921216965,7.6780194979468215
1740473673.0395434,0.06091180482506752,7.676737810433124
1740473674.2365224,0.060917310965061186,7.675483417914009
1740473675.4064882,0.06092263482809067,7.674244062574112
1740473676.5259037,0.06092776609659195,7.673046382501625
1740473677.6462638,0.06093272884488106,7.6718626240793695
1740473678.8434203,0.06093751275539398,7.670591668830305
1740473680.0542302,0.060942131584882736,7.669305323466091
1740473681.2489297,0.060946571576595304,7.668048448390173
1740473682.5082219,0.06095086368322372,7.666716889022826
1740473683.6433892,0.06095498726963997,7.665518404180347
1740473684.8544407,0.060958945775032046,7.664230567106168
1740473686.0824766,0.060962759834527966,7.662943815990417
1740473687.226137,0.06096642256975174,7.66171548107699
1740473688.3422036,0.06096994085907936,7.660533836390422
1740473689.550134,0.06097331126332283,7.659261448857121
1740473690.7003675,0.06097654410004616,7.658035188909415
1740473691.8446393,0.06097964624762535,7.656823966989562
1740473693.0022912,0.06098261770606041,7.655598431499932
1740473694.23045,0.060985458475351334,7.654295754879896
1740473695.3475277,0.060988171994686126,7.653117658352004
1740473696.525017,0.060990761703252794,7.651863292614268
1740473697.6270976,0.06099323447942734,7.650701708053909
1740473698.8835807,0.06099558344483375,7.649370089917717
1740473700.080832,0.060997829234600065,7.648117863406507
1740473701.2518423,0.06099994777441025,7.646881033850566
1740473702.3565278,0.061001966577768324,7.6457075356266655
1740473703.5712097,0.061003871887922285,7.644426576234202
1740473704.7027595,0.06100568090081215,7.64324006105567
1740473705.9431171,0.061007376420497895,7.641943774756472
1740473707.2565165,0.06100897564291954,7.640571231302206
1740473708.4466896,0.06101047168970108,7.639309456931124
1740473709.5569372,0.061011878317594526,7.638142951952109
1740473710.7025933,0.061013174891471865,7.636947211833249
1740473711.802235,0.061014399242401124,7.635799901285658
1740473712.990225,0.06101552729606628,7.634558064457807
1740473714.1662307,0.06101656937003136,7.633318791947422
1740473715.3532832,0.06101752202510834,7.632079845316873
1740473716.5798705,0.06101840245723724,7.630811923837981
1740473717.7480192,0.06101919347047806,7.629591943194232
1740473718.8406665,0.0610199156999588,7.628453215140304
1740473719.959209,0.06102055194973945,7.627300461744628
1740473721.2357764,0.06102111597657204,7.625973026651643
1740473722.493597,0.06102161121964455,7.6246643941363015
1740473723.702727,0.06102203080058098,7.623420538546894
1740473724.9211793,0.06102237815856933,7.622162095572892
1740473726.079002,0.06102265673279762,7.620969805681936
1740473727.4367619,0.06102286308407783,7.619570635298482
1740473728.675592,0.06102300409078598,7.618302231714323
1740473729.8871853,0.06102306943535805,7.61705095952641
1740473731.0060322,0.06102307287454605,7.615914415185436
1740473732.3223681,0.061023017847538,7.614555671232399
1740473733.585855,0.06102289747595787,7.613262181447658
1740473734.8459482,0.06102272207736969,7.6119871707501146
1740473736.11843,0.061022474455833434,7.61068232572665
1740473737.351486,0.06102217868566513,7.609426998419783
1740473738.514543,0.06102182101011276,7.608254232964203
1740473739.7450647,0.06102141174674034,7.607004036104295
1740473740.8784623,0.06102095433473587,7.605867225790385
1740473742.0142975,0.06102043845653534,7.604716039254585
1740473743.12269,0.06101988474726677,7.603599849352304
1740473744.3007874,0.06101928976774216,7.602421155706565
1740473745.5429842,0.061018643200397495,7.601164892882625
1740473746.7324417,0.061017955362796784,7.599974141780893
1740473747.9073737,0.061017226254940035,7.598802751179079
1740473749.089954,0.06101646275520325,7.597616159623913
1740473750.2079155,0.06101565110683441,7.596511807420496
1740473751.4357734,0.06101479818820953,7.595281827754621
1740473752.5319633,0.06101391087770462,7.594198240893655
1740473753.7295828,0.06101298573613167,7.5930041115120455
1740473754.891887,0.06101202276349068,7.5918608542482655
1740473756.184398,0.061011028838157656,7.590577149903249
1740473757.684344,0.06100999020338058,7.589090424406003
1740473758.8843288,0.06100891717672348,7.587906565234649
1740473760.0749543,0.061007802879810336,7.586741171345591
1740473761.30097,0.06100665075182915,7.585546088542497
1740473762.5375872,0.061005464231967926,7.584338445354176
1740473763.6985123,0.061004236441850664,7.583195636870146
1740473765.0770035,0.06100298113822937,7.581851645466119
1740473766.2571585,0.06100169488191605,7.580697762982541
1740473767.4101508,0.06100037767291069,7.579594418506557
1740473768.5751517,0.06099903295040131,7.578461492144066
1740473769.7582428,0.06099765727519989,7.577314982674271
1740473770.9083424,0.060996264404058455,7.576218923636585
1740473772.056826,0.06099484401941299,7.575108031855333
1740473773.2873702,0.06099339956045151,7.5739389233790515
1740473774.3932571,0.060991937905550006,7.572879583635795
1740473775.6305172,0.06099044873714447,7.571699381907392
1740473776.8288229,0.06098894237279892,7.570552547128773
1740473778.092489,0.060987415373325346,7.569345737015176
1740473779.79464,0.06098586086034775,7.56770997861861
1740473781.091154,0.060984275394678114,7.566477952472067
1740473782.3040924,0.060982652097940446,7.565325684736044
1740473783.6525571,0.06098101504445076,7.56405468187064
1740473784.8138154,0.06097934359908104,7.562968759068901
1740473785.9686694,0.06097764807939529,7.561886781229455
1740473787.2212067,0.06097593536376953,7.560715586720783
1740473788.4245198,0.060974208891391754,7.559592917946942
1740473789.579993,0.060972461783885955,7.558518526639826
1740473790.8056214,0.06097070091962814,7.557369949561902
1740473792.0262923,0.06096892973780632,7.556240461769529
1740473793.550436,0.06096713792085648,7.554824699741669
1740473794.794029,0.06096532890796661,7.553669531849095
1740473795.984579,0.06096349582076073,7.552576991493126
1740473797.1433935,0.06096165241599083,7.551518182940503
1740473798.3370903,0.060959795254468915,7.550416617227163
1740473799.540032,0.06095792089700699,7.549317698381695
1740473800.6836517,0.060956039661169054,7.5482809413620675
1740473801.948549,0.060954144668579104,7.547127988265826
1740473803.0815268,0.060952242797613146,7.5461114252913735
1740473804.3868506,0.06095032716989517,7.544918186627086
1740473805.5942428,0.06094840466380119,7.543832411873241
1740473806.7274642,0.0609464649617672,7.542807957334664
1740473807.9820933,0.060944521820545196,7.541683067193475
1740473809.1370208,0.06094257180094719,7.540649494205584
1740473810.5022743,0.060940608024597165,7.539427039716037
1740473811.7195556,0.06093863736987114,7.538339351824554
1740473812.9254322,0.060936652958393095,7.5372692907103795
1740473814.1337383,0.060934661668539045,7.5361870430984395
1740473815.45906,0.060932656621932986,7.535020505684938
1740473816.6637685,0.06093064469695091,7.533943748660984
1740473817.7653499,0.06092862589359283,7.532985981111981
1740473818.8862987,0.060926596772670746,7.532001841082431
1740473820.0979505,0.060924567651748654,7.5309480187925715
1740473821.2770529,0.06092252821326256,7.5299114306176085
1740473822.4475505,0.06092048877477646,7.5288914107062475
1740473823.6650152,0.06091844589710236,7.527830518044378
1740473824.8293214,0.060916396141052244,7.52683008091755
1740473825.9033995,0.06091434982419014,7.5259036985589995
1740473827.0629573,0.06091229318976402,7.524907185318275
1740473828.3495448,0.06091023655533791,7.523800236774971
1740473829.5616598,0.060908183360099795,7.522752357446797
1740473830.746376,0.06090611640810967,7.521735939655502
1740473831.8991287,0.06090404945611954,7.5207504776474305
1740473833.0285122,0.0609019721865654,7.519795430569
1740473834.2033668,0.06089990523457527,7.51880063725297
1740473835.4713345,0.06089783140420914,7.517723365785701
1740473836.8896074,0.060895750695466995,7.5165088644399
1740473838.060649,0.060893663108348844,7.515521465887078
1740473839.2287002,0.0608915720820427,7.514536720337637
1740473840.345985,0.060889474177360535,7.513610697687836
1740473841.583969,0.06088737627267837,7.5125760236934385
1740473842.740736,0.06088528180718422,7.511612266486414
1740473843.9129262,0.06088318390250206,7.510638435455025
1740473845.0837414,0.06088107911944389,7.509666281061758
1740473846.2620537,0.06087897777557373,7.508682702559604
1740473847.376539,0.06087687299251556,7.507770956522597
1740473848.5806875,0.060874775087833406,7.506779221804345
1740473849.7700875,0.06087267374396324,7.505802926140465
1740473850.9617176,0.060870575839281085,7.504816139942581
1740473852.112637,0.06086847793459892,7.503885750050427
1740473853.2658648,0.060866373151540754,7.5029447266984945
1740473854.3527706,0.0608642786860466,7.502060057962454
1740473855.4604836,0.060862177342176436,7.501164406864453
1740473856.6315103,0.06086008631587028,7.500230770173002
1740473857.9635978,0.06085799185037613,7.499137544953657
1740473859.18144,0.06085590426325798,7.498154486852872
1740473860.32204,0.06085380635857582,7.497241383606303
1740473861.5087702,0.060851718771457675,7.49628999879278
1740473862.7531102,0.06084962086677551,7.4953016054423465
1740473864.0832791,0.060847526401281354,7.4942362460717336
1740473865.2474308,0.0608454284965992,7.493305779094257
1740473866.4134088,0.06084333059191704,7.492377874036707
1740473867.496606,0.06084122924804688,7.491531700799085
1740473868.7084527,0.06083912446498871,7.4905827423297895
1740473869.9279907,0.06083703687787056,7.489622993098713
1740473871.1100478,0.06083494585156441,7.488691220901348
1740473872.336543,0.060832854825258256,7.487723628509702
1740473873.492249,0.0608307637989521,7.486823579120888
1740473874.6541667,0.06082867277264595,7.485925946958484
1740473875.7677586,0.060826585185527804,7.485068850970031
1740473876.875026,0.06082449759840965,7.484214795612825
1740473878.0784216,0.060822420328855514,7.483285552615484
1740473879.3482082,0.06082034993767738,7.482306686565777
1740473880.5155532,0.060818272668123244,7.481407348174162
1740473881.6480687,0.06081619883775711,7.480536835419127
1740473882.8411694,0.06081412844657898,7.479629406110855
1740473883.9654021,0.06081206493377685,7.4787756233437985
1740473885.1150117,0.06081000142097473,7.477910962638423
1740473886.2719326,0.060807937908172606,7.47703650637984
1740473887.510369,0.060805884712934494,7.476088489378688
1740473888.7040484,0.060803834956884385,7.475193500081578
1740473889.8564987,0.06080178176164627,7.474324955717965
1740473890.9695604,0.06079973200559616,7.4734973756014424
1740473892.1548905,0.06079768568873405,7.472609586392304
1740473893.3800378,0.06079563937187195,7.471698597043599
1740473894.5558195,0.060793603372573855,7.470814766975678
1740473895.8352156,0.06079157081246376,7.469859241034355
1740473896.985159,0.06078952793478966,7.469017035540636
1740473898.1947198,0.060787491935491565,7.468116676846286
1740473899.4236104,0.06078546625375748,7.467217804155864
1740473900.7126174,0.060783430254459384,7.466259824876763
1740473901.874059,0.06078139769434929,7.465415259481551
1740473903.0754755,0.0607793685734272,7.464536214858551
1740473904.2456002,0.06077734633088112,7.463683668518157
1740473905.4565115,0.06077531377077103,7.46280918815849
1740473906.6260383,0.06077329496741295,7.461961497222449
1740473907.8409684,0.06077128304243088,7.461079414757915
1740473909.0390763,0.060769260799884796,7.460211919007332
1740473910.2404006,0.060767252314090726,7.459358704453451
1740473911.4511034,0.060765243828296664,7.45848444570871
1740473912.658166,0.060763235342502595,7.457624111957092
1740473913.860824,0.060761226856708525,7.456765431178541
1740473915.105057,0.060759235566854475,7.455874152181477
1740473916.352593,0.06075723395943642,7.45498484641853
1740473917.5883455,0.06075523579120636,7.454110467935128
1740473918.7479804,0.06075324450135231,7.453297360407395
1740473919.8916197,0.060751246333122254,7.452497647126973
1740473921.154303,0.060749265360832215,7.451607265562475
1740473922.3858082,0.06074727751016617,7.4507413520105485
1740473923.5775073,0.060745293098688126,7.449913969125963
1740473924.7707515,0.06074331556558609,7.449088093269062
1740473925.9640062,0.06074134147167206,7.4482532106367225
1740473927.0875442,0.06073936737775803,7.447478424298513
1740473928.411139,0.06073740016222,7.446567597116315
1740473929.599985,0.06073543982505798,7.4457505821897385
1740473930.744913,0.06073347604870796,7.4449592238668325
1740473931.8364913,0.06073151915073395,7.4442157143600465
1740473933.0416436,0.06072957257032394,7.443394403760934
1740473934.1518216,0.06072762255072594,7.4426437051927445
1740473935.3603122,0.06072568284869194,7.441826148229611
1740473936.5893838,0.060723750025033954,7.440988846655345
1740473937.800836,0.06072181720137596,7.4401761600849685
1740473938.948783,0.06071989125609398,7.439399724109918
1740473940.0606568,0.060717975628376004,7.438658423174113
1740473941.1670659,0.06071605312228203,7.437919657033783
1740473942.3726692,0.06071413749456406,7.4371159203104975
1740473943.7006974,0.060712239062786104,7.436225014549255
1740473944.8640356,0.060710337191820146,7.43545790690695
1740473946.034078,0.060708431881666185,7.434683158184307
1740473947.1971364,0.060706536889076235,7.433910035323613
1740473948.3231447,0.06070464877486229,7.433172031101101
1740473949.4370272,0.06070276066064834,7.432446514387422
1740473950.731018,0.06070087942481041,7.431591677236979
1740473951.9150321,0.06069900506734848,7.430816170434867
1740473953.1166406,0.06069712727069855,7.430031498062705
1740473954.2875934,0.060695259791612624,7.429281952837275
1740473955.4503074,0.06069339575171471,7.4285231327340835
1740473956.5496945,0.06069153515100479,7.427820478978645
1740473957.7803593,0.060689681428670886,7.427022942623602
1740473958.9791036,0.060687827706336975,7.4262481778535
1740473960.1339693,0.06068598086237907,7.425508660694992
1740473961.323092,0.06068414089679718,7.424749806730085
1740473962.422079,0.06068230437040329,7.4240565555564455
1740473963.572282,0.0606804712831974,7.423322907496076
1740473964.8472118,0.06067864507436752,7.422516423467725
1740473966.1836631,0.060676822304725646,7.421659110752671
1740473967.3792768,0.06067500641345978,7.420910405766217
1740473968.6599221,0.0606731836438179,7.420100199288552
1740473969.7884219,0.06067136775255203,7.419386779840211
1740473971.0545976,0.060669555300474166,7.418591305003457
1740473972.307108,0.060667746287584305,7.4178087344402
1740473973.4707725,0.060665937274694444,7.41709109011845
1740473974.564152,0.060664131700992587,7.41641682512663
1740473975.7369153,0.060662329566478726,7.415692629984122
1740473976.8637853,0.06066053431034088,7.41500157325725
1740473978.0471613,0.06065874593257904,7.41427137671501
1740473979.2536128,0.0606569609940052,7.413532556690972
1740473980.4111733,0.06065518637299538,7.412826657939117
1740473981.5763996,0.06065341175198555,7.412112018140261
1740473982.720534,0.060651647448539736,7.411419713961541
1740473983.9010532,0.06064988314509392,7.4106991375434985
1740473985.14161,0.06064812915921211,7.409949460962682
1740473986.4182026,0.060646375173330304,7.409171827086186
1740473987.590137,0.06064462806582451,7.408466894959497
1740473988.7522032,0.06064288095831871,7.407774118140578
1740473989.8688323,0.06064114072918892,7.407103290287644
1740473990.9788404,0.06063940050005913,7.406443830952138
1740473992.1259348,0.060637667149305345,7.405767121255964
1740473993.28998,0.06063594411611557,7.405071775879592
1740473994.464184,0.0606342245221138,7.404378140371199
1740473995.6491003,0.060632511806488036,7.403676903683503
1740473996.8093143,0.060630799090862275,7.4029964689921695
1740473997.937301,0.06062909669280052,7.4023382014837225
1740473999.0441952,0.060627390855550765,7.4016916051932595
1740474000.158069,0.06062570565342903,7.401047003851946
1740474001.2726674,0.0606240204513073,7.400393641055491
1740474002.468369,0.06062233524918556,7.399702860822989
1740474003.6853828,0.060620660364627835,7.398994790217884
1740474004.9858468,0.060618985480070116,7.398240040261693
1740474006.1522117,0.0606173174738884,7.3975654548012635
1740474007.2648365,0.06061565634608269,7.396930272590699
1740474008.4101593,0.06061399177908897,7.3962782581903355
1740474009.6361613,0.060612334090471266,7.395569915352972
1740474010.8541775,0.06061067984104156,7.394873210755218
1740474012.0866103,0.06060903246998787,7.394169259314264
1740474013.211142,0.06060738509893417,7.393533518917139
1740474014.332709,0.060605744606256486,7.3929093499740315
1740474015.4436462,0.0606041041135788,7.3922861882414175
1740474016.6463258,0.060602473938465115,7.391608665773112
1740474017.8326843,0.06060084376335144,7.390942434461564
1740474019.1250496,0.060599223905801775,7.390212045353908
1740474020.2966027,0.0605976006090641,7.389558350662798
1740474021.3741264,0.060595980751514435,7.388962836108358
1740474022.5229318,0.060594371211528775,7.388322478086097
1740474023.6327925,0.06059276854991913,7.38771101224087
1740474024.741082,0.06059116932749748,7.387110603295548
1740474026.1199546,0.06058957010507584,7.386336854602976
1740474027.3404026,0.0605879777610302,7.385666145317537
1740474028.4572778,0.06058638541698456,7.385061848301924
1740474029.5828238,0.06058479651212692,7.384449935029186
1740474030.7463787,0.060583217924833295,7.383812220662702
1740474031.9106913,0.06058163933753967,7.383185378360404
1740474033.1205804,0.06058006762862205,7.382523717626752
1740474034.270398,0.06057850279808044,7.381909011730023
1740474035.4693172,0.06057693796753883,7.38126001778018
1740474036.6312196,0.06057538001537323,7.380640022405954
1740474037.7907555,0.060573822063207626,7.380012415592904
1740474039.0985143,0.06057226755023003,7.379314906941892
1740474040.306475,0.060570719915628436,7.37866394818749
1740474041.650336,0.060569168841838834,7.377943900378848
1740474042.8197274,0.06056762464642525,7.377323366709901
1740474043.972406,0.06056608045101166,7.376722032850737
1740474045.180178,0.06056453969478607,7.376078306643361
1740474046.3924904,0.060563005816936494,7.375445388077301
1740474047.5885785,0.06056146849989891,7.374814108415014
1740474048.6720629,0.060559938061237335,7.374254964883251
1740474049.8837702,0.060558407622575756,7.37361831354645
1740474051.1341937,0.060556887501478196,7.372966217178077
1740474052.2150383,0.060555374258756636,7.3724114960844105
1740474053.4200094,0.06055386101603508,7.371788778132773
1740474054.6044307,0.06055235465168953,7.37117618852737
1740474055.8032029,0.06055084828734398,7.370565734486181
1740474056.9158516,0.06054934536218643,7.369991221093286
1740474058.1701038,0.060547852754592894,7.3693496271452785
1740474059.3548536,0.06054636358618736,7.368743556300628
1740474060.4680192,0.060544881296157836,7.368182314135712
1740474061.6414094,0.0605433921277523,7.367588181957501
1740474062.8552933,0.06054191327691078,7.366970462005937
1740474063.9722693,0.060540437865257264,7.366413845707088
1740474065.0520008,0.060538969331979754,7.3658755160379465
1740474066.2859945,0.06053750079870224,7.365254483880609
1740474067.4364812,0.06053604602217674,7.364676651454835
1740474068.579051,0.060534587806463244,7.364109202285318
1740474069.754525,0.06053313990831375,7.363526411847548
1740474070.9214866,0.06053169201016426,7.362945008819489
1740474072.1045675,0.06053024755120277,7.362356795655899
1740474073.3587546,0.0605288099706173,7.36173731998574
1740474074.4323342,0.06052737582921982,7.361210390254978
1740474075.5284665,0.060525945127010344,7.3606769927155655
1740474076.6556304,0.06052452130317688,7.3601282255139635
1740474077.8926291,0.06052309404015541,7.359523156419543
1740474079.1053896,0.060521687412261965,7.358928322675238
1740474080.2737033,0.0605202670276165,7.358359625552282
1740474081.4532704,0.06051885696053505,7.35779248413528
1740474082.5279908,0.0605174503326416,7.357275458344267
1740474083.6691253,0.060516054022312166,7.356727246351526
1740474084.8030262,0.06051465083360672,7.356188574886308
1740474085.9165225,0.06051326140165329,7.355651688359663
1740474087.1807256,0.06051187196969986,7.355043582383773
1740474088.3965707,0.06051048597693443,7.354469483362828
1740474089.5667093,0.06050911030173302,7.3539127735808245
1740474090.7421339,0.0605077346265316,7.353349729908709
1740474091.9091043,0.06050635551214218,7.352804058936481
1740474093.0186908,0.060504986715316775,7.352283377749686
1740474094.209249,0.06050362479686737,7.351725022423366
1740474095.367838,0.06050225943922997,7.351175631714921
1740474096.6501505,0.060500900959968566,7.3505731981023885
1740474097.9006865,0.06049954935908317,7.3499878262802705
1740474099.2392762,0.06049819087982178,7.349364473208611
1740474100.4422648,0.06049683583974838,7.348805903958027
1740474101.639693,0.060495484238862994,7.348248861645012
1740474102.8127635,0.060494136077165604,7.347708702143626
1740474104.044978,0.060492787915468214,7.3471393830753255
1740474105.2939038,0.06049144319295883,7.346563843031912
1740474106.6013665,0.060490095031261445,7.345958919794838
1740474107.8467488,0.06048875374794006,7.345394587377183
1740474109.053739,0.06048741246461868,7.344839035058086
1740474110.344918,0.06048607805967331,7.344254898190551
1740474111.5540564,0.06048474365472794,7.34370240118417
1740474112.7255778,0.06048340581059456,7.3431743137691905
1740474114.0863192,0.06048207484483719,7.342557500596594
1740474115.418389,0.06048074731826782,7.341957234175371
1740474116.636113,0.06047941291332245,7.341411028991484
1740474117.8020184,0.060478088825941086,7.3408968598120445
1740474118.9361281,0.06047676473855972,7.3403910830830865
1740474120.1369011,0.06047544409036636,7.339857257724041
1740474121.385262,0.06047413032054901,7.339302572056884
1740474122.7012649,0.06047281655073166,7.338719926170844
1740474123.9343991,0.06047150622010231,7.338175410825211
1740474125.19335,0.06047019932866096,7.337625337968964
1740474126.4257052,0.06046889243721962,7.3370843187406365
1740474127.615392,0.06046758898496628,7.33656648126846
1740474128.9138198,0.060466292411088945,7.335992108087784
1740474130.1792748,0.0604649889588356,7.335440679111666
1740474131.3670797,0.06046369582414627,7.334927840785128
1740474132.5202327,0.060462406128644945,7.334437557890458
1740474133.891905,0.060461116433143614,7.33384044032861
1740474135.092928,0.06045982673764229,7.333324408124579
1740474136.2146077,0.06045854048132896,7.332845793909771
1740474137.2967126,0.06045726454257965,7.332390074960298
1740474138.4484334,0.060455988603830335,7.3318997553115555
1740474139.610803,0.06045471610426903,7.331410454659403
1740474140.8111296,0.060453450483083725,7.330901606172807
1740474141.9939713,0.06045219174027443,7.330401329084946
1740474143.2891371,0.060450936436653134,7.329852598682089
1740474144.4983466,0.06044968457221985,7.329347781257434
1740474145.6185338,0.06044842926859856,7.328879442046685
1740474146.78693,0.060447184282541276,7.328398716920824
1740474148.0008738,0.06044594617486,7.327890948862125
1740474149.2350762,0.06044470806717873,7.3273773485666105
1740474150.3984437,0.06044347339868546,7.326893738650383
1740474151.8456411,0.06044224216938019,7.326293063957872
1740474152.9813101,0.06044101437926292,7.325825402521767
1740474154.3136156,0.060439783149957654,7.325276569129624
1740474155.6818612,0.06043855192065239,7.3247088041775905
1740474156.937802,0.060437324130535125,7.324197551155933
1740474158.2364907,0.06043610321879387,7.3236671754621465
1740474159.4205856,0.06043487886786461,7.323186148293676
1740474160.620884,0.06043365795612335,7.322699719543513
1740474161.7877011,0.0604324404835701,7.322235038298473
1740474163.1839788,0.06043121957182884,7.321663118714687
1740474164.5962894,0.06043000209927559,7.321093451348934
1740474165.8366513,0.06042879150509834,7.320592472901436
1740474167.1349437,0.0604275809109211,7.320072648144641
1740474168.3393397,0.06042635999917984,7.319594586134119
1740474169.5426333,0.0604251562833786,7.319118302407344
1740474170.724957,0.06042395600676537,7.318656130717261
1740474171.9874165,0.060422752290964124,7.318155410711093
1740474173.1492524,0.060421555453538896,7.317696479252412
1740474174.304489,0.060420362055301664,7.317244644715424
1740474175.4861312,0.060419172096252444,7.316787782333726
1740474176.5976539,0.06041798557639122,7.316358619250459
1740474177.7925081,0.060416805934906004,7.315891378197898
1740474178.972365,0.060415626293420795,7.315438270886744
1740474180.153123,0.0604144638478756,7.314980311721009
1740474181.3219457,0.06041329452395439,7.314529433457656
1740474182.6650248,0.060412132078409196,7.314009045335097
1740474183.8589382,0.06041097651124001,7.313554305792303
1740474185.1649017,0.06040981406569481,7.313049771624632
1740474186.354666,0.060408661937713624,7.312597785880942
1740474187.5495105,0.06040751324892044,7.312147268000312
1740474188.7250352,0.06040636112093926,7.311704123136373
1740474189.892372,0.06040521587133407,7.311262431742068
1740474191.0682983,0.0604040740609169,7.31082187622902
1740474192.2570188,0.06040293568968773,7.310370029446252
1740474193.4310358,0.060401804196834566,7.309931939954813
1740474194.5975277,0.060400672703981396,7.309501399088869
1740474195.9072819,0.06039954465031624,7.30900966128684
1740474197.0460188,0.06039842691421509,7.3085876224507835
1740474198.1541004,0.06039730573892593,7.308179299085953
1740474199.4408224,0.060396188002824786,7.307703588387325
1740474200.6066084,0.06039507714509964,7.307272788131049
1740474201.7817805,0.0603939697265625,7.3068434785258916
1740474202.926322,0.06039285886883736,7.306427181623998
1740474204.0765486,0.06039176520705223,7.306006362503377
1740474205.1966424,0.0603906681060791,7.305598436498996
1740474206.5192711,0.06038957444429398,7.305118402304909
1740474207.922075,0.060388484221696855,7.304603470489784
1740474209.0694478,0.060387397438287735,7.304187089407416
1740474210.20191,0.060386310654878615,7.303783870791617
1740474211.3551848,0.0603852273106575,7.303369512866196
1740474212.4963436,0.06038414740562439,7.30296285405868
1740474213.6184952,0.06038307093977928,7.302563085378345
1740474214.83755,0.06038200135231018,7.302128415878108
1740474216.0621848,0.06038093520402908,7.301694843853714
1740474217.2187755,0.060379869055747985,7.30128646720629
1740474218.3705246,0.060378809785842896,7.300879323026278
1740474219.531542,0.06037775395512581,7.300473197010996
1740474220.6226988,0.06037670156359672,7.300091609105601
1740474221.744233,0.06037564917206764,7.299699391592427
1740474223.068413,0.06037460709810257,7.2992377359753755
1740474224.2991416,0.06037356158494949,7.298806733035269
1740474225.4513907,0.06037252982854843,7.298406261237659
1740474226.5971723,0.060371487754583356,7.298012157395318
1740474227.721165,0.0603704559981823,7.297625495890364
1740474228.8350492,0.06036943112015724,7.297239685584441
1740474229.9947798,0.06036840624213219,7.296843369550291
1740474231.1442952,0.06036738136410713,7.29645376436877
1740474232.532748,0.06036635992527008,7.295973850613413
1740474233.703518,0.06036534880399704,7.295575119946108
1740474234.8198195,0.060364334243535996,7.295194436179802
1740474235.9633088,0.06036332312226295,7.294809167621758
1740474237.1761935,0.060362315440177915,7.294402423543867
1740474238.4246454,0.06036131463646889,7.293979759706196
1740474239.711286,0.06036031383275986,7.293541158733967
1740474240.861853,0.06035931302905083,7.293160064762058
1740474242.0340214,0.0603583156645298,7.29276933331631
1740474243.1719146,0.060357318300008775,7.292390416078712
1740474244.359064,0.06035633125305176,7.291995842873933
1740474245.6159008,0.060355344206094744,7.291580040216329
1740474246.9459856,0.060354353719949724,7.291132424356254
1740474248.200877,0.06035337011218071,7.2907191967906675
1740474249.4128683,0.0603523830652237,7.290323600778785
1740474250.5249476,0.060351406335830686,7.289956781239119
1740474251.8096206,0.06035042616724968,7.2895355801983746
1740474253.1974947,0.060349449437856674,7.289077892883327
1740474254.6512914,0.060348476147651674,7.288599444731911
1740474256.0200512,0.06034749941825867,7.288154715877255
1740474257.2853699,0.060346519249677655,7.287744430994948
1740474258.5531561,0.06034554252028465,7.287335142682286
1740474259.759554,0.06034456923007965,7.286943228231849
1740474261.0001814,0.06034359593987465,7.2865472285080815
1740474262.3433573,0.06034262264966965,7.28611463427104
1740474263.6620398,0.06034164935946464,7.285694312060823
1740474265.0466995,0.060340679508447646,7.285248276507957
1740474266.462468,0.06033970965743065,7.284792925777455
1740474267.625866,0.060338739806413653,7.284429316943975
1740474268.8122432,0.060337773394584654,7.284055989584465
1740474269.9790583,0.06033681386113167,7.283689111520883
1740474271.154815,0.06033584401011467,7.283323488493087
1740474272.3025851,0.060334887915849685,7.282969386008056
1740474273.4712687,0.06033393526077271,7.282605580198631
1740474274.6512332,0.06033298604488373,7.282237778696402
1740474275.8477573,0.06033203338980675,7.2818706677517495
1740474277.0230463,0.060331097930669784,7.2815051237703585
1740474278.141065,0.060330159032344816,7.281165668841424
1740474279.388578,0.06032922357320786,7.2807811370007425
1740474280.7269268,0.060328291553258896,7.280366724292459
1740474281.9034827,0.060327369850873946,7.280010255482062
1740474283.0545733,0.060326437830924985,7.2796591396361485
1740474284.186471,0.06032551612854004,7.279319857674826
1740474285.4422827,0.06032459442615509,7.2789406135857
1740474286.6993318,0.06032367960214615,7.2785576527081615
1740474287.8508968,0.06032276477813721,7.278210600128747
1740474288.9841151,0.06032185339331627,7.277874934473611
1740474290.1416237,0.060320945447683336,7.277530213495566
1740474291.245797,0.0603200375020504,7.277201523363073
1740474292.3308804,0.060319136434793474,7.27688376130485
1740474293.5223093,0.060318242245912555,7.276531659238024
1740474294.7900326,0.06031734805703163,7.276150816587437
1740474295.9507377,0.06031646074652672,7.275810787899936
1740474297.127959,0.0603155699968338,7.275466515220154
1740474298.279674,0.06031468956470489,7.275128438794602
1740474299.426892,0.060313805693387984,7.274795790965141
1740474300.5947888,0.06031293213963509,7.274454526831997
1740474301.8067238,0.06031205170750618,7.27409926916637
1740474302.9730752,0.060311181592941285,7.27376495035636
1740474304.3336751,0.060310311478376386,7.273368158008499
1740474305.4199243,0.0603094482421875,7.273054780688103
1740474306.5303068,0.0603085781276226,7.272737499673183
1740474307.6606355,0.06030771489143372,7.272416452716555
1740474308.7772086,0.06030685853362083,7.272096170549359
1740474309.9992318,0.060306002175807956,7.271747800731261
1740474311.4439163,0.06030515269637108,7.271333460336836
1740474312.6168873,0.0603042997777462,7.27099672846935
1740474313.7267153,0.06030345029830932,7.270684543274798
1740474314.938932,0.06030260425806046,7.270344976949038
1740474316.305465,0.060301758217811585,7.26995427730167
1740474317.6560724,0.06030091217756271,7.269574397222615
1740474318.8450391,0.060300069576501844,7.269242294763137
1740474320.0829992,0.06029922353625298,7.26889728693756
1740474321.308693,0.060298384374380114,7.268553127077753
1740474322.637215,0.06029754865169525,7.268182047484762
1740474323.8856485,0.060296706050634384,7.267835183350689
1740474325.0853744,0.06029587720632553,7.267503524003602
1740474326.2579024,0.060295038044452666,7.267181621247055
1740474327.4808047,0.06029420576095581,7.266847144727052
1740474328.6676078,0.060293376916646955,7.266522890993704
1740474329.8419707,0.0602925480723381,7.266203918576658
1740474331.0292397,0.060291726106405256,7.265881529344059
1740474332.1469266,0.06029090414047241,7.265582372343935
1740474333.274774,0.060290082174539565,7.265275400601781
1740474334.3866594,0.06028927052617073,7.264978068366028
1740474335.4788663,0.060288465756177904,7.264685955861462
1740474336.739718,0.060287650668621066,7.264349516766024
1740474337.9557998,0.06028684589862823,7.26402361087835
1740474339.2110307,0.06028604456782341,7.263684607070471
1740474340.4025729,0.060285250115394595,7.263369112092609
1740474341.6591291,0.06028445566296577,7.26303638302123
1740474342.8301485,0.060283657771348954,7.262726834557099
1740474343.9205449,0.06028286331892013,7.262440449703748
1740474345.160977,0.060282075744867325,7.262115229941065
1740474346.3408554,0.060281284731626514,7.261803751177746
1740474347.5068676,0.0602804971575737,7.261497815869505
1740474348.7072654,0.0602797199010849,7.261188492965048
1740474349.8750086,0.06027893232703209,7.260883978935642
1740474351.050307,0.060278155070543286,7.260580697469944
1740474352.1638176,0.060277381253242494,7.260291090710247
1740474353.4567628,0.060276607435941695,7.259958979843867
1740474354.6473541,0.0602758370578289,7.2596535847289925
1740474355.8703823,0.060275070118904116,7.259336313143016
1740474356.9871676,0.060274303179979324,7.2590539934787754
1740474358.1125548,0.06027353624105453,7.258768410569042
1740474359.231794,0.06027277961969375,7.258483690465599
1740474360.423333,0.06027201611995697,7.258182599697846
1740474361.784493,0.06027125949859619,7.257835834782927
1740474363.094435,0.06027050631642342,7.257502369702094
1740474364.2560966,0.060269756573438645,7.257212259865493
1740474365.4410286,0.06026900339126587,7.25691428134579
1740474366.771747,0.060268253648281096,7.256579640307373
1740474368.0872474,0.06026750046610832,7.256245891751999
1740474369.480316,0.06026675416231155,7.255896394068825
1740474370.6684191,0.060266007858514783,7.255602145992064
1740474371.860088,0.06026525811553001,7.255308517770052
1740474373.1090283,0.06026451525092125,7.254999437415182
1740474374.308085,0.06026376894712448,7.2547035115065865
1740474375.3916855,0.060263026082515714,7.25444155769549
1740474376.6876223,0.06026228321790695,7.254122698804729
1740474377.8780007,0.06026154723167419,7.253833654563337
1740474379.066816,0.060260811245441435,7.253545016039091
1740474380.3221755,0.06026007869839668,7.25323716940059
1740474381.5443828,0.06025934959053993,7.252942109878587
1740474382.969022,0.060258620482683184,7.252595187996541
1740474384.0962572,0.06025788793563843,7.252326113189225
1740474385.2789664,0.06025716226696968,7.252041976620966
1740474386.3855708,0.06025643659830093,7.251778296564692
1740474387.6583338,0.060255717808008195,7.251475674327903
1740474388.834042,0.06025499213933945,7.2511975367657
1740474390.0572832,0.06025428022742271,7.250904391533678
1740474391.2331173,0.060253561437129975,7.250627732464641
1740474392.3531497,0.06025284952521324,7.2503640395566515
1740474393.500355,0.06025213761329651,7.250097148455411
1740474394.769431,0.06025142914056778,7.249799299594479
1740474395.9495058,0.06025072410702705,7.249522107386487
1740474397.1115608,0.060250022512674334,7.249253170600879
1740474398.2788882,0.06024932435750961,7.248981442069119
1740474399.4879463,0.060248622763156894,7.248702200197619
1740474400.5873175,0.060247928047180176,7.24844752538386
1740474401.7788706,0.060247240209579465,7.248174076271158
1740474402.9979436,0.060246545493602754,7.247893325583702
1740474404.156715,0.060245857656002044,7.247629160472399
1740474405.4220102,0.060245169818401334,7.247338539807922
1740474406.5926425,0.06024447854161263,7.247071835908776
1740474407.6810334,0.06024380102157593,7.246825114687914
1740474408.8578846,0.060243120062351226,7.246559705491728
1740474410.091615,0.06024244254231453,7.246280124111527
1740474411.551512,0.060241765022277835,7.245948180698645
1740474413.0433319,0.06024109094142914,7.245605858766329
1740474414.2425008,0.06024041342139244,7.245336048789251
1740474415.4548836,0.06023973590135574,7.245067157044416
1740474416.7219744,0.06023906525969505,7.244783976994401
1740474417.8960762,0.06023838773965835,7.244523911759859
1740474419.0977082,0.060237713658809665,7.244257456910151
1740474420.4562464,0.06023704645633698,7.243954626473289
1740474421.7441568,0.06023636893630028,7.243667193293601
1740474422.9279733,0.060235705173015595,7.243410494501358
1740474424.1074066,0.060235034531354904,7.243150389654355
1740474425.3468566,0.06023437076807022,7.242880476292484
1740474426.4901829,0.06023370700478554,7.242632972144657
1740474427.6777918,0.06023304668068886,7.242375474828517
1740474428.865456,0.06023238635659218,7.242118425094759
1740474430.041213,0.060231732910871506,7.241862392212385
1740474431.2261338,0.060231079465150834,7.241606696885889
1740474432.4085014,0.06023042258024216,7.241355706203818
1740474433.5338395,0.06022977257370949,7.241116187348305
1740474434.7581413,0.06022912600636482,7.240851918415754
1740474435.9496486,0.06022848287820816,7.240599342866539
1740474437.1022375,0.0602278431892395,7.240354282021152
1740474438.2327435,0.06022719662189484,7.240117149102317
1740474439.5597217,0.06022656381130218,7.239834829008781
1740474440.8008332,0.06022593100070953,7.239574233583414
1740474442.008209,0.060225291311740876,7.239317808011329
1740474443.2007966,0.060224661940336224,7.2390695778933525
1740474444.391684,0.06022402569055557,7.238821560650373
1740474445.5526042,0.06022339975833893,7.23858167444551
1740474446.6496944,0.06022277038693428,7.238352702080011
1740474447.7681453,0.06022214789390564,7.238124308092654
1740474448.9639168,0.06022152196168899,7.237875738967144
1740474450.1410427,0.06022090290784836,7.237634893194544
1740474451.377544,0.06022028385400772,7.237380870621478
1740474452.6035936,0.06021966823935509,7.237127391676998
1740474453.9333758,0.06021905950307846,7.236854140694714
1740474455.140748,0.06021844388842583,7.236608874200809
1740474456.2559497,0.060217831712961196,7.236385088368123
1740474457.4408097,0.060217219537496564,7.236144669557064
1740474458.6316516,0.06021661080121994,7.235905195229995
1740474459.848533,0.06021600206494331,7.235659408751606
1740474461.0478463,0.06021540020704269,7.235417820355778
1740474462.1875346,0.06021480178833008,7.235190104456562
1740474463.3238833,0.06021419305205345,7.234963182979244
1740474464.5306134,0.06021359463334083,7.234723770825922
1740474465.8614366,0.06021300309300422,7.234457856119591
1740474467.0615602,0.06021240467429161,7.234219359608806
1740474468.2638943,0.060211813133955,7.233981789347012
1740474469.456623,0.06021122159361839,7.233748113367105
1740474470.627574,0.06021063005328178,7.233518307869483
1740474471.8041384,0.06021003507375717,7.233285825576282
1740474473.007976,0.06020944697260856,7.233051002768292
1740474474.2535186,0.06020886231064797,7.232810188238551
1740474475.432192,0.06020827420949936,7.232579599672318
1740474476.6687608,0.06020769642591477,7.2323402323322545
1740474477.835998,0.06020711520314217,7.23211414562862
1740474479.03841,0.060206537419557574,7.2318824227224185
1740474480.1272397,0.060205956196784975,7.231677108891673
1740474481.2560647,0.060205381852388384,7.231462844853468
1740474482.4046917,0.0602048109471798,7.231242653764005
1740474483.5364583,0.0602042366027832,7.231029368604684
1740474484.6817224,0.060203669136762616,7.230810297187162
1740474485.8610077,0.06020310510993004,7.2305886209394945
1740474486.9730706,0.06020254108309746,7.2303802981775585
1740474488.2937884,0.06020197705626488,7.230128244424183
1740474489.4800622,0.0602014164686203,7.229905216486317
1740474490.697393,0.060200859320163724,7.229676708856875
1740474491.8571873,0.06020030217170715,7.229461029077143
1740474493.0085967,0.06019974158406258,7.229246194220346
1740474494.1257577,0.06019919131398201,7.229041498432958
1740474495.3728921,0.06019863760471344,7.228809017392898
1740474496.6792233,0.06019808389544487,7.2285648174959665
1740474497.8408883,0.060197533625364306,7.2283524437908895
1740474498.9363065,0.06019699023365974,7.228152850107158
1740474500.1243227,0.06019643996357918,7.227935324450941
1740474501.2282398,0.060195896571874616,7.227733784193785
1740474502.3405662,0.06019535318017006,7.227532836646713
1740474503.605228,0.0601948132276535,7.227301821271755
1740474504.8321483,0.060194269835948944,7.227080737335969
1740474506.0498602,0.060193733322620395,7.226860224157084
1740474507.1722045,0.06019319680929184,7.226658369568993
1740474508.279178,0.06019266029596329,7.226460209707345
1740474509.4299784,0.060192134100198746,7.226253397144772
1740474510.5487726,0.0601916044652462,7.226056106300588
1740474511.7225373,0.06019107483029366,7.225847434915895
1740474512.9234629,0.06019054519534111,7.225633460943628
1740474514.1249955,0.06019002243876457,7.225420124122209
1740474515.3059428,0.060189499682188036,7.2252100601622535
1740474516.4652681,0.060188976925611495,7.225006681226939
1740474517.5771492,0.060188454169034955,7.2248127885137325
1740474518.7056713,0.06018793829083443,7.224616460270864
1740474519.861532,0.06018741897344589,7.224414492014385
1740474521.0510426,0.06018690309524536,7.224207605214561
1740474522.2126176,0.06018639065623283,7.2240040311329485
1740474523.3850806,0.060185874778032306,7.22380095445422
1740474524.54043,0.06018537265658379,7.223601559556831
1740474525.6824334,0.060184856778383256,7.2234051129991235
1740474526.8805718,0.060184351217746734,7.223201164349199
1740474528.0444312,0.06018384909629822,7.223000271541095
1740474529.1576746,0.0601833469748497,7.222811446536756
1740474530.509531,0.060182837975025175,7.222577158294416
1740474531.6978722,0.06018233929276466,7.2223753996127975
1740474532.8946297,0.060181837171316144,7.222173741000808
1740474534.044942,0.060181341928243634,7.221978600874222
1740474535.181489,0.060180839806795124,7.221786547026271
1740474536.310773,0.06018034456372261,7.221598165887082
1740474537.5144541,0.0601798527598381,7.221396068669099
1740474538.6636467,0.06017935407757759,7.221202912995262
1740474539.842434,0.060178865712881086,7.221007670484156
1740474541.0447526,0.06017837390899658,7.220807145972455
1740474542.1348107,0.060177882105112074,7.220626759032548
1740474543.2699294,0.060177397179603576,7.220441395780832
1740474544.4140136,0.06017691569328308,7.220250872406466
1740474545.6528492,0.06017642732858658,7.220047003030569
1740474546.8455832,0.06017594240307808,7.219852058305103
1740474548.010182,0.06017546435594559,7.219660401573951
1740474549.1360855,0.06017498286962509,7.219477345587487
1740474550.3008816,0.0601745048224926,7.2192895099798156
1740474551.4621024,0.06017402677536011,7.219099331741829
1740474552.5518794,0.060173555606603625,7.218926072291965
1740474553.74944,0.06017308099865913,7.218731419959916
1740474554.978826,0.060172606390714645,7.218531903164907
1740474556.1732836,0.06017213178277016,7.218341257617463
1740474557.4117746,0.060171667492389676,7.21814308523586
1740474558.584448,0.06017119288444519,7.2179558196461935
1740474559.719561,0.060170728594064714,7.217774726803376
1740474560.8839073,0.06017026430368423,7.217588561602547
1740474562.1581585,0.060169800013303756,7.2173871059698005
1740474563.45343,0.06016933572292328,7.21718080406396
1740474564.634825,0.0601688714325428,7.216993561936541
1740474565.7176805,0.06016841058135033,7.216825447243675
1740474566.8787374,0.060167939412593845,7.216644590147409
1740474568.0074055,0.060167485439777374,7.216467106340333
1740474569.1175642,0.060167028027772906,7.216294984172115
1740474570.2956214,0.06016657061576843,7.216112949683699
1740474571.4489412,0.06016611664295197,7.215934116412004
1740474572.6255877,0.060165659230947494,7.215753046890959
1740474573.9441807,0.060165208697319034,7.215549258680859
1740474575.0759764,0.06016475816369057,7.215374436774769
1740474576.2063222,0.0601643041908741,7.215202599849471
1740474577.4517097,0.06016385709643364,7.215010838795372
1740474578.6160789,0.06016340656280517,7.214834668968012
1740474579.8261302,0.060162966346740725,7.214649155783369
1740474581.0389278,0.06016251581311226,7.214463706288626
1740474582.1906345,0.060162072157859806,7.214291791754719
1740474583.3812103,0.060161628502607346,7.2141127217609125
1740474584.7708106,0.06016118484735489,7.213901206171359
1740474586.074957,0.06016074807047844,7.213703041309204
1740474587.1960742,0.06016030441522598,7.213535303036209
1740474588.4084394,0.060159860759973524,7.213355766482265
1740474589.5830193,0.060159420543909076,7.21318171932915
1740474590.7184463,0.06015898032784462,7.213013026970483
1740474592.0975506,0.06015854355096817,7.212807635501631
1740474593.2899241,0.06015811021327972,7.21263001091611
1740474594.4310937,0.060157673436403276,7.2124626072934115
1740474595.5923746,0.06015723322033882,7.2122934401072225
1740474596.7179275,0.06015679988265037,7.212129759216275
1740474597.8656082,0.06015636654496193,7.2119638506808235
1740474599.09875,0.06015593664646149,7.211783894494994
1740474600.3249216,0.060155506747961045,7.211604365628274
1740474601.505958,0.06015508372783661,7.211435008674677
1740474602.6643035,0.060154653829336165,7.211265941149385
1740474603.8669312,0.060154227370023725,7.211092789547707
1740474604.9906697,0.060153804349899295,7.2109343909463535
1740474606.0803967,0.06015338132977486,7.210778973395647
1740474607.326559,0.06015295830965042,7.210599937337162
1740474608.4848506,0.06015253872871399,7.210435655176629
1740474609.6950562,0.060152115708589554,7.210262450433149
1740474610.8625014,0.06015170300602913,7.210099143162044
1740474611.971471,0.0601512868642807,7.20994328560517
1740474613.101606,0.06015086728334427,7.209783151545477
1740474614.3004622,0.06015045114159584,7.209616659508241
1740474615.4847965,0.06015004531741142,7.209450407804478
1740474616.8015437,0.060149632614851,7.209265723073567
1740474618.0348115,0.06014921991229057,7.209093457503653
1740474619.1960945,0.060148814088106156,7.208930952843261
1740474620.3037424,0.06014840138554573,7.208777943930995
1740474621.4486022,0.06014799212217331,7.2086211474282855
1740474622.7154896,0.06014758629798889,7.208446067302787
1740474624.0393984,0.06014718391299248,7.2082622474245905
1740474625.3131187,0.06014677464962006,7.208087984140634
1740474626.5723958,0.06014637226462364,7.207914592110036
1740474627.8397222,0.06014596300125122,7.207741356372916
1740474629.3033688,0.06014556405544281,7.20754155003327
1740474630.6057453,0.06014515823125839,7.207362392802725
1740474632.0507689,0.060144752407073974,7.207165975149939
1740474633.5725994,0.06014435002207756,7.206956533940241
1740474634.7783642,0.060143944197893144,7.206794952413574
1740474636.0908847,0.06014353837370873,7.206618128407273
1740474637.439119,0.06014313254952431,7.206437387558541
1740474638.79935,0.06014272328615189,7.20625504514927
1740474640.1472397,0.060142317461967465,7.206075502953854
1740474641.4804554,0.060141918516159056,7.205896403010502
1740474642.7266355,0.06014150237441063,7.2057309732395565
1740474643.9929883,0.06014110342860222,7.20556445698838
1740474645.2635438,0.060140701043605804,7.205397788422022
1740474646.5402517,0.06014029521942139,7.205229621935056
1740474648.0896182,0.06013989627361298,7.205024759956143
1740474649.3115778,0.060139493888616564,7.204866194772861
1740474650.5161316,0.06013908806443215,7.204710455174748
1740474651.7015128,0.06013868911862373,7.2045575323678
1740474652.9095786,0.060138293612003325,7.204402657732349
1740474654.1249275,0.06013789122700691,7.204245943017929
1740474655.3069577,0.0601374922811985,7.204094199790137
1740474656.4930363,0.0601370967745781,7.203942964826607
1740474657.7248333,0.060136701267957685,7.203787709057008
1740474658.9016812,0.06013630920052528,7.203637309850555
1740474660.0733888,0.06013592401146889,7.2034893174905115
1740474661.2879503,0.06013553538322449,7.203337356576406
1740474662.5123527,0.06013515019416809,7.203181629225456
1740474663.9065177,0.06013475812673569,7.203005326127253
1740474665.154978,0.06013436949849129,7.202848640491807
1740474666.3308957,0.06013398774862289,7.202702818286907
1740474667.5767918,0.060133609437942506,7.20254678609718
1740474668.8112879,0.060133224248886105,7.202393127761733
1740474669.995509,0.06013283905982971,7.202246546249997
1740474671.236765,0.060132460749149325,7.202094045682799
1740474672.4186776,0.06013207899928093,7.20194816409397
1740474673.5856917,0.060131704127788545,7.201804820002865
1740474674.8167293,0.06013132237792015,7.201655518815863
1740474675.9878316,0.06013095094561577,7.2015130614849925
1740474677.1497211,0.06013057951331138,7.201370860896807
1740474678.412227,0.06013019776344299,7.2012187794743
1740474679.6166449,0.06012982977032662,7.201071520896714
1740474680.7847342,0.06012945833802223,7.200932477475709
1740474681.9837377,0.06012908690571785,7.200787752605861
1740474683.177944,0.060128722351789475,7.200645669417906
1740474684.370055,0.06012835435867309,7.200501753046554
1740474685.5245798,0.06012798980474472,7.2003644152014195
1740474686.797309,0.06012762181162834,7.2002133167264635
1740474687.9265678,0.06012726757526398,7.200080781981874
1740474689.139022,0.0601269030213356,7.199936269898558
1740474690.3378913,0.06012654190659523,7.199794542181743
1740474691.5231318,0.06012618079185486,7.199655170380825
1740474692.7820637,0.060125819677114486,7.199508277833218
1740474693.9268234,0.06012546544075012,7.1993755510238415
1740474695.0646756,0.060125107765197756,7.199243022046876
1740474696.2197642,0.060124750089645386,7.199109127736879
1740474697.40772,0.06012440273165703,7.1989717796470405
1740474698.5971198,0.06012404849529266,7.198834409941482
1740474699.7773502,0.06012370113730431,7.1986977914685015
1740474700.9725375,0.06012335377931595,7.198561255257035
1740474702.136123,0.06012299954295158,7.198427105367327
1740474703.2463086,0.06012265906333923,7.198301325965124
1740474704.579435,0.06012230826616287,7.19814864911738
1740474705.7395546,0.06012196434736252,7.19801766236872
1740474706.9437292,0.06012162386775017,7.197881256822853
1740474708.1479056,0.06012127307057381,7.197743333340305
1740474709.3996756,0.06012093603014946,7.197602265917379
1740474710.590797,0.060120592111349104,7.197468705126291
1740474711.770161,0.06012025507092476,7.197337688735801
1740474712.9966981,0.060119914591312405,7.19719940519101
1740474714.1542773,0.06011958099007606,7.1970709983118235
1740474715.3495076,0.06011924051046372,7.196938944132703
1740474716.4459891,0.060118906909227374,7.196816920794969
1740474717.5660393,0.060118569868803026,7.196694942162818
1740474718.6998127,0.06011823626756668,7.196569883725113
1740474719.9209101,0.06011790610551834,7.1964357617520385
1740474721.1149466,0.06011757938265801,7.196305594160133
1740474722.298042,0.06011724578142166,7.196175829118728
1740474723.4575336,0.06011691561937332,7.1960503010324945
1740474724.5568573,0.06011659233570099,7.19593042955644
1740474725.7530024,0.060116265612840655,7.195801732964133
1740474726.956212,0.06011594576835632,7.195671667117695
1740474728.110824,0.060115619045495984,7.195547113198238
1740474729.3329499,0.06011529576182365,7.195416090886633
1740474730.4901288,0.06011497247815132,7.195292392200373
1740474731.6565666,0.06011465263366699,7.195167457938628
1740474732.7815304,0.06011433278918266,7.195048069060282
1740474734.0316565,0.06011401638388634,7.194914748408333
1740474735.1517203,0.060113699978590014,7.194795972135351
1740474736.2569668,0.06011338013410568,7.194679257318006
1740474737.5046153,0.060113063728809354,7.194548941567049
1740474738.6729574,0.060112750762701034,7.194425923035775
1740474739.8294806,0.06011244467496872,7.194304972137342
1740474741.0028052,0.06011212483048439,7.194182369610248
1740474742.157224,0.06011181530356407,7.194062348640737
1740474743.2449806,0.06011150233745575,7.193949308506248
1740474744.3921425,0.060111196249723435,7.193831473322461
1740474745.672474,0.06011089016199112,7.193698213558535
1740474746.854873,0.0601105806350708,7.193575658678059
1740474748.0620906,0.060110274547338485,7.1934519159816785
1740474749.2285464,0.06010996845960617,7.193331856844167
1740474750.3194234,0.06010966925024986,7.193220843949786
1740474751.4259446,0.06010935628414154,7.193109842070702
1740474752.5279136,0.06010906051397324,7.192997954934838
1740474753.6482904,0.06010875786542892,7.192884134961668
1740474754.7513347,0.06010846209526062,7.192774233313218
1740474755.9528093,0.06010815600752831,7.192652626517668
1740474757.2945092,0.060107863676548,7.192516447475519
1740474758.5322967,0.0601075679063797,7.192392113628069
1740474759.6671417,0.06010727213621139,7.192278251751938
1740474760.8029642,0.06010697636604309,7.19216644370375
1740474761.8946369,0.060106684035062787,7.192058284664348
1740474763.0711613,0.06010639170408249,7.191940420644137
1740474764.2268546,0.06010609937310219,7.191826095371923
1740474765.4094365,0.06010580360293388,7.191710622935428
1740474766.5785925,0.06010551471114159,7.1915954942178395
1740474767.7224686,0.06010522581934929,7.191483768686195
1740474768.846651,0.060104936927556994,7.1913740563931965
1740474769.9852796,0.06010464803576469,7.191262990112623
1740474771.1912882,0.0601043625831604,7.191145765279367
1740474772.3917487,0.060104077130556106,7.191028780669953
1740474773.6135364,0.06010379167795181,7.190910474225935
1740474774.7859569,0.06010350622534752,7.190797497749181
1740474775.989213,0.060103224211931226,7.190681439831992
1740474777.1117911,0.060102938759326936,7.190573772996058
1740474778.3187246,0.06010266018509865,7.190458501246716
1740474779.565458,0.06010237473249436,7.190338533242191
1740474780.7580311,0.06010209615826607,7.1902239400171295
1740474781.9256423,0.06010182102322578,7.190114274085023
1740474783.0566094,0.06010153557062149,7.190006350348731
1740474784.3832438,0.0601012535572052,7.189880074689074
1740474785.587507,0.06010097498297692,7.189766727062245
1740474786.7112706,0.06010069984793663,7.189661487433245
1740474788.0839634,0.060100424712896346,7.189532890391107
1740474789.3316245,0.06010014957785607,7.189415613551196
1740474790.553948,0.06009987100362778,7.189300182873753
1740474791.6792867,0.06009959586858749,7.18919618522152
1740474792.8761961,0.060099320733547214,7.1890862189767155
1740474794.1733916,0.06009904559850693,7.1889656540365126
1740474795.3807719,0.06009877390265465,7.188854756232717
1740474796.5477412,0.06009849876761436,7.188747144094375
1740474797.6978166,0.060098227071762086,7.188641533570221
1740474798.7972815,0.0600979519367218,7.188542224029282
1740474799.907121,0.06009768024086952,7.1884418493826665
1740474801.0224319,0.06009741542339325,7.188340109987257
1740474802.121794,0.06009714372754097,7.188241482038353
1740474803.3937392,0.0600968789100647,7.188126648954854
1740474804.6614482,0.060096607214212415,7.1880120416579105
1740474805.8562765,0.06009634583592415,7.187903877447567
1740474806.9499607,0.060096077579259874,7.187806412797551
1740474808.0345318,0.0600958127617836,7.187710888867037
1740474809.1680589,0.060095554822683334,7.18760951103013
1740474810.2913532,0.060095286566019056,7.18750975002762
1740474811.501263,0.06009502862691879,7.187403167988628
1740474812.6681752,0.06009476380944252,7.187299532610886
1740474813.8462138,0.06009450930953026,7.187196413950508
1740474815.0514116,0.06009424793124199,7.187090354248512
1740474816.2569182,0.06009399343132973,7.186983307368975
1740474817.4450245,0.06009373549222946,7.186879372163355
1740474818.5730224,0.060093477553129195,7.186781657907605
1740474819.7472286,0.06009322305321693,7.186679840388345
1740474820.9218068,0.06009296167492866,7.186578217967343
1740474822.124583,0.060092707175016406,7.186474226421051
1740474823.328875,0.06009245611429215,7.186370334686874
1740474824.4524207,0.06009220505356789,7.1862738533800234
1740474825.552274,0.06009194711446762,7.186180512873149
1740474826.765096,0.06009169949293137,7.186076167513621
1740474828.0163748,0.060091444993019105,7.185968971793544
1740474829.2340722,0.06009119737148285,7.185865135344422
1740474830.489385,0.060090939432382584,7.185758567276156
1740474831.7279847,0.06009070212841034,7.1856526311586855
1740474833.0941198,0.06009044762849808,7.185536486085343
1740474834.487552,0.06009020000696182,7.185418308431469
1740474835.5841777,0.060089948946237565,7.1853271484699475
1740474837.0916216,0.060089697885513306,7.18519831768918
1740474838.5238123,0.06008945026397705,7.185076953649425
1740474839.898524,0.060089202642440796,7.184961388182544
1740474841.4220817,0.06008895502090454,7.184833585622692
1740474842.7075112,0.06008870052099228,7.184727062887001
1740474843.9928205,0.06008844946026802,7.1846196533086415
1740474845.1911254,0.060088201838731765,7.1845221071715715
1740474846.5921805,0.06008795077800751,7.184405524032402
1740474848.0673146,0.06008769971728325,7.184283856161237
1740474849.3273509,0.06008744865655899,7.1841804478406015
1740474850.5425055,0.060087201035022735,7.184081379749984
1740474852.0720763,0.060086949974298476,7.1839553036114525
1740474853.4092531,0.06008670235276222,7.183847365867312
1740474854.8100731,0.06008645129203796,7.183732804303062
1740474856.0550764,0.06008620367050171,7.183632272009743
1740474857.2306507,0.06008595260977745,7.183538669954003
1740474858.4961545,0.06008570154905319,7.183437471724362
1740474859.6698036,0.06008545736670494,7.183344561330599
1740474860.8737829,0.060085209745168684,7.183249081588901
1740474862.1079109,0.06008496212363243,7.183151276199705
1740474863.3396893,0.06008471794128418,7.183053861585231
1740474864.5969768,0.06008447375893593,7.1829552896290725
1740474865.8660433,0.060084229576587676,7.1828556713207075
1740474867.131973,0.06008398883342743,7.182755098703546
1740474868.3415947,0.06008374465107918,7.182661282431741
1740474869.578959,0.06008350390791893,7.182565267002756
1740474870.8140445,0.060083263164758684,7.182469361971284
1740474871.9835215,0.06008302242159844,7.1823789998369945
1740474873.1848087,0.06008278167843819,7.1822863461586195
1740474874.4246132,0.06008254781365394,7.182191415862234
1740474875.607076,0.060082307070493696,7.182100365003141
1740474876.6889794,0.060082073205709456,7.1820188602759565
1740474877.7921772,0.06008183590173721,7.181934857034351
1740474878.906625,0.06008160203695297,7.181851220138492
1740474880.0187354,0.060081368172168734,7.181767657821001
1740474881.1836886,0.060081134307384494,7.181679310266746
1740474882.450664,0.060080907320976255,7.181583691311433
1740474883.7561219,0.060080673456192016,7.181485564108373
1740474884.880769,0.06008044303059578,7.181401822413684
1740474886.0105257,0.06008021948337555,7.181316949683661
1740474887.1709156,0.06007998905777931,7.181230922377486
1740474888.3561447,0.06007976207137108,7.181142808144731
1740474889.4891918,0.060079535084962846,7.181059885406686
1740474890.6018097,0.06007931153774262,7.1809772180283495
1740474891.7752972,0.06007908799052238,7.18089105063426
1740474892.967283,0.06007886100411415,7.1808038005181265
1740474894.1684055,0.06007864089608193,7.180715740322425
1740474895.5041604,0.0600784242272377,7.180617908453395
1740474896.6313217,0.06007819724082947,7.180536181263079
1740474897.7443025,0.06007797369360924,7.1804550189593925
1740474898.914637,0.06007775702476501,7.180370340207089
1740474900.1086352,0.06007753691673279,7.180284464926995
1740474901.294988,0.06007732368707657,7.180199031847801
1740474902.6687307,0.060077100139856336,7.180099108667757
1740474903.7773242,0.060076883471012116,7.180020311029263
1740474904.8871095,0.060076666802167895,7.179941470441766
1740474906.2464175,0.06007645013332367,7.179843780322946
1740474907.5161734,0.06007623346447945,7.179753494519485
1740474908.7546263,0.060076020234823224,7.179665922489644
1740474909.8933485,0.06007580700516701,7.179585580291397
1740474911.019809,0.06007559377551079,7.1795066943002706
1740474912.2115,0.06007538054585457,7.1794221518780175
1740474913.4118788,0.06007516731619835,7.179339072059776
1740474914.6411152,0.060074950647354124,7.179252637313957
1740474915.870927,0.06007474085688591,7.179166648280449
1740474917.1028383,0.060074534505605695,7.179080637036241
1740474918.2336228,0.06007432127594948,7.179002976255842
1740474919.4622707,0.06007411148548126,7.178917660691007
1740474920.6943917,0.06007390513420105,7.178832500831969
1740474921.8854566,0.06007369534373284,7.178750892070944
1740474923.0244293,0.06007348899245262,7.178673173093135
1740474924.2223866,0.06007328264117241,7.1785920587085075
1740474925.355099,0.0600730797290802,7.178514633753336
1740474926.5418556,0.060072873377799985,7.178433975477684
1740474927.742848,0.06007266358733177,7.178352499342598
1740474928.979041,0.06007246067523956,7.1782690535262885
1740474930.1835759,0.06007226120233536,7.178187970696742
1740474931.3805358,0.06007205485105514,7.178108180836695
1740474932.493157,0.06007185193896294,7.178033309667665
1740474933.7120807,0.06007165246605873,7.177951809516835
1740474934.9128807,0.060071449553966524,7.17787274222675
1740474936.1219563,0.060071250081062316,7.1777917325832306
1740474937.3264513,0.06007104716897011,7.1777120029228385
1740474938.517456,0.06007085113525391,7.1776336862488685
1740474939.6289473,0.0600706551015377,7.177560993351357
1740474940.8998902,0.0600704521894455,7.177476365177774
1740474942.1674619,0.0600702595949173,7.177393260068703
1740474943.4386127,0.06007006356120109,7.177310089257383
1740474944.827216,0.06006986408829689,7.1772185819188
1740474946.0220542,0.06006966805458069,7.177141567569029
1740474947.183247,0.06006947546005249,7.177065797620547
1740474948.439502,0.060069275987148285,7.176984731131327
1740474949.678997,0.06006907995343208,7.176904120334518
1740474950.8116767,0.06006888735890389,7.176832286398393
1740474952.0782466,0.06006869132518768,7.176750921725225
1740474953.1761885,0.06006849873065948,7.1766816544269565
1740474954.3145814,0.06006830957531929,7.17660927521112
1740474955.5768116,0.06006811698079109,7.176528538258546
1740474956.8264587,0.06006792094707489,7.176449169868404
1740474958.0686336,0.0600677317917347,7.1763711685102525
1740474959.185311,0.0600675391972065,7.176300644904757
1740474960.328403,0.0600673500418663,7.176229428055787
1740474961.4371095,0.06006716088652611,7.176160344169521
1740474962.6194837,0.06006697517037392,7.17608629885742
1740474963.8259702,0.060066789454221725,7.176011299212027
1740474965.02342,0.060066596859693525,7.175936522983164
1740474966.2380614,0.06006641458272934,7.175862118199939
1740474967.4101667,0.060066225427389146,7.175789815032489
1740474968.5344942,0.06006604315042496,7.175720986086882
1740474969.6483605,0.060065857434272764,7.175652155851579
1740474970.8243701,0.06006567171812058,7.1755805424231776
1740474972.0941815,0.06006548944115639,7.175502973512602
1740474973.342078,0.060065310603380204,7.1754265800200825
1740474974.5143867,0.06006512144804001,7.175355401126207
1740474975.705157,0.06006494261026382,7.175283776627589
1740474977.0769706,0.060064763772487643,7.175199845671762
1740474978.3125947,0.06006457805633545,7.175125227546025
1740474979.5205345,0.060064399218559265,7.17505311162882
1740474980.7402625,0.06006422038078308,7.174979974114682
1740474982.0968635,0.06006403466463089,7.174898063750484
1740474983.3404703,0.06006385582685471,7.174823591904261
1740474984.714831,0.060063676989078524,7.174741155275622
1740474986.0988302,0.06006350159049034,7.174658964548924
1740474987.380228,0.06006331931352615,7.174582880969152
1740474988.7250936,0.06006314047574997,7.174503248120699
1740474990.1221383,0.06006296163797378,7.17441983774508
1740474991.6145093,0.0600627793610096,7.174331704845975
1740474992.950555,0.06006260396242142,7.1742528604730635
1740474994.2701435,0.06006241824626923,7.1741759234280496
1740474995.5936422,0.060062242847681045,7.17409860348157
1740474996.975486,0.06006206400990486,7.174018281523654
1740474998.2679164,0.060061885172128675,7.173943149636093
1740474999.544975,0.06006170289516449,7.1738692398638815
1740475000.7766492,0.060061520618200304,7.1737985668001745
1740475002.0111418,0.06006134521961212,7.173728057145623
1740475003.304708,0.06006116638183594,7.173653754353432
1740475004.5981662,0.06006098754405975,7.173580765351585
1740475006.149686,0.06006081214547157,7.17349086794105
1740475007.3976903,0.06006063674688339,7.173420114716856
1740475008.6416948,0.06006045446991921,7.1733504902920995
1740475009.9271321,0.06006028251051903,7.173278516425059
1740475011.1442263,0.06006010023355484,7.173210190826741
1740475012.419339,0.06005992827415466,7.173138670736483
1740475013.6252306,0.060059756314754485,7.173071735804681
1740475014.825341,0.060059580916166304,7.173005007740037
1740475016.0056849,0.06005940551757812,7.172940440863935
1740475017.210702,0.06005923011898994,7.172873287495653
1740475018.4605095,0.060059061598777774,7.172804511804561
1740475019.783545,0.06005888620018959,7.17273207859333
1740475020.9611402,0.060058714240789415,7.17266738374515
1740475022.1634305,0.06005854228138924,7.172601909295485
1740475023.3571393,0.06005837720036507,7.1725375198472
1740475024.581696,0.060058201801776886,7.172471368847881
1740475025.7720702,0.06005803672075272,7.172407487065016
1740475027.0526335,0.06005787163972855,7.172338094456457
1740475028.2703123,0.06005770311951637,7.172272501358353
1740475029.4915888,0.060057531160116195,7.172206351315235
1740475030.610718,0.06005736263990402,7.172147650509511
1740475031.7440038,0.060057200998067856,7.172087312706385
1740475032.900618,0.06005703247785568,7.172026037607703
1740475034.092518,0.060056870836019516,7.171963338630375
1740475035.3612826,0.060056705754995346,7.17189618940706
1740475036.6310956,0.06005653723478317,7.171829409057716
1740475037.7291362,0.06005637903213501,7.171771708333472
1740475038.8333185,0.060056217390298844,7.171714832130793
1740475040.0436783,0.060056052309274674,7.1716511523871045
1740475041.1495135,0.06005589410662651,7.171593942806844
1740475042.3695467,0.060055732464790346,7.171530553970311
1740475043.6092854,0.06005557770133019,7.171466573631379
1740475044.799746,0.06005541605949402,7.171405245803705
1740475046.0054169,0.060055254417657855,7.1713434295392195
1740475047.1442707,0.06005509965419769,7.171285233503757
1740475048.2598686,0.06005494489073753,7.17122788929659
1740475049.3632584,0.06005478668808937,7.171172422489928
1740475050.5506606,0.06005463192462921,7.171112136770611
1740475051.7537935,0.06005447716116905,7.171051057469087
1740475053.1016576,0.06005431895852089,7.170981611433701
1740475054.2745566,0.06005416419506073,7.170922750012719
1740475055.3828564,0.06005401630997658,7.170867270660006
1740475056.4983196,0.06005385810732841,7.170811803124766
1740475057.6165986,0.06005370334386825,7.1707559588334675
1740475058.9173238,0.0600535554587841,7.170690948500275
1740475060.4845626,0.060053400695323944,7.1706116778707205
1740475061.579233,0.06005325281023979,7.170557953814536
1740475062.709726,0.060053098046779635,7.170502480955541
1740475063.916492,0.06005294672250747,7.170442397340321
1740475065.1177554,0.06005279539823532,7.17038324216131
1740475066.6219857,0.060052644073963164,7.170308588792122
1740475067.8396752,0.06005249962806702,7.1702489553941255
1740475068.934283,0.06005234830379486,7.170195854177904
1740475070.2494614,0.06005220041871071,7.17013171293149
1740475071.445039,0.060052052533626554,7.170073352380306
1740475072.703699,0.0600519012093544,7.170012723265797
1740475073.8261647,0.06005175332427025,7.169958874133439
1740475075.1007652,0.0600516054391861,7.169896962924248
1740475076.3418677,0.060051454114913944,7.169837718364818
1740475077.6980748,0.06005130966901779,7.169772331950814
1740475078.961555,0.06005116522312164,7.169711707286722
1740475080.0732663,0.060051020777225496,7.169659298431165
1740475081.1935248,0.060050872892141345,7.169606998745329
1740475082.375802,0.06005072500705719,7.169551049174881
1740475083.5883508,0.06005058056116104,7.169493651943804
1740475084.8145895,0.0600504395544529,7.169436327616633
1740475085.952408,0.06005029166936875,7.169383056725801
1740475087.0678596,0.0600501506626606,7.1693316695253255
1740475088.17934,0.060050009655952453,7.169279480231077
1740475089.284463,0.06004986864924431,7.169229049878365
1740475090.3950417,0.060049724203348157,7.169177925878948
1740475091.6307037,0.06004958663582802,7.1691208995889015
1740475092.9396534,0.060049445629119874,7.169059919361663
1740475094.2546592,0.06004930462241173,7.168999276897503
1740475095.3918805,0.060049167054891585,7.1689472505245755
1740475096.6162922,0.060049029487371446,7.1688907054044435
1740475097.716287,0.060048891919851306,7.168841194170863
1740475099.0122979,0.060048750913143156,7.16878190837642
1740475100.2696462,0.06004861334562302,7.168725199936236
1740475101.5955732,0.06004847921729088,7.168664768438853
1740475103.229483,0.060048341649770735,7.168589237893243
1740475104.4580812,0.060048204082250596,7.168534484789426
1740475105.6617126,0.06004805963635445,7.168480622304083
1740475106.7727394,0.06004792550802231,7.168430888590068
1740475107.922847,0.06004779137969017,7.168380229435379
1740475109.2224476,0.06004765037298203,7.168322267865885
1740475110.453079,0.06004751280546188,7.168267697506868
1740475111.6964815,0.06004738211631775,7.168212433525646
1740475113.112648,0.06004725142717361,7.168149687562311
1740475114.4607568,0.06004711042046547,7.168089393547105
1740475115.6413863,0.06004697629213333,7.168038410335564
1740475116.8917243,0.06004683872461319,7.1679837138203615
1740475118.0180788,0.060046708035469055,7.167935147280776
1740475119.1477046,0.06004657390713692,7.167885820794666
1740475120.2526999,0.060046436339616774,7.167838892790222
1740475121.4335709,0.06004630565047264,7.167787853444362
1740475122.6858666,0.0600461715221405,7.167733892055595
1740475123.8762872,0.06004604427218437,7.167683110308778
1740475125.0139012,0.06004591014385224,7.167634391292899
1740475126.1249006,0.0600457794547081,7.167587500793331
1740475127.236042,0.06004565220475197,7.167540606272929
1740475128.396965,0.06004552151560783,7.167491649822921
1740475129.5991213,0.060045394265651704,7.167440808113969
1740475130.8539212,0.060045263576507565,7.167387156472338
1740475132.1134846,0.06004513632655144,7.167334497676027
1740475133.2148466,0.060045005637407306,7.167288258988565
1740475134.3199434,0.06004488526582718,7.167242268411005
1740475135.5854678,0.06004475457668305,7.167189054811871
1740475136.8035119,0.06004462732672691,7.167139135730445
1740475138.1124399,0.060044500076770785,7.167084357549137
1740475139.3100648,0.060044376266002654,7.167034641455465
1740475140.659734,0.060044249016046526,7.166978758453268
1740475141.8538387,0.060044125205278395,7.166929300136631
1740475142.9604175,0.06004400139451027,7.166884079607021
1740475144.079293,0.06004387758374214,7.166838996383553
1740475145.4667156,0.060043753772974016,7.166781676987611
1740475146.7069309,0.06004362652301788,7.166731399154805
1740475147.921685,0.06004350615143776,7.16668203592193
1740475149.0771596,0.06004338234066963,7.166635353958271
1740475150.179053,0.06004325852990151,7.166590913883171
1740475151.2977471,0.060043134719133376,7.166546654496554
1740475152.401283,0.060043014347553256,7.166502532416079
1740475153.590661,0.06004289397597313,7.16645504251859
1740475154.7985444,0.06004277360439301,7.1664070522128975
1740475155.9812849,0.06004265323281288,7.166359848318283
1740475157.1559598,0.060042532861232754,7.1663135125300625
1740475158.279874,0.060042412489652634,7.16626927420858
1740475159.4696822,0.06004229555726051,7.166222499318276
1740475160.6671784,0.060042178624868395,7.1661751257346555
1740475161.9801888,0.060042054814100264,7.166123253171967
1740475163.293738,0.06004193788170815,7.166071791578911
1740475164.5566468,0.060041820949316024,7.166022206192433
1740475165.7945035,0.060041700577735904,7.165974107112739
1740475166.9792283,0.060041587084531785,7.165928177973793
1740475168.298985,0.06004147015213966,7.165877020515011
1740475169.49778,0.060041353219747545,7.165830639893751
1740475170.5885992,0.06004123284816742,7.165788907443111
1740475171.7011921,0.0600411159157753,7.165746791361896
1740475172.8549142,0.06004100242257118,7.165702728219108
1740475174.032356,0.06004088549017906,7.1656581191784
1740475175.1440039,0.06004077199697495,7.165616244256065
1740475176.2723293,0.060040655064582824,7.165573780555593
1740475177.4374251,0.06004054501056671,7.165529640791664
1740475178.6345787,0.060040431517362595,7.165484166764436
1740475179.8876643,0.060040318024158476,7.165437032163856
1740475181.0766633,0.06004020109176636,7.165392579465304
1740475182.173428,0.060040091037750244,7.165352107442675
1740475183.28539,0.06003998098373413,7.165310948102293
1740475184.3966935,0.060039867490530016,7.165269870830832
1740475185.5070052,0.0600397574365139,7.165228424700109
1740475186.69479,0.060039647382497785,7.16518453424345
1740475188.0304635,0.060039537328481676,7.165135184139977
1740475189.2558692,0.06003942383527756,7.165090289757041
1740475190.3511863,0.06003931378126144,7.1650499340960065
1740475191.459134,0.06003920716643334,7.165010265753571
1740475192.580673,0.06003909711241722,7.164969356136177
1740475193.6911805,0.06003899393677711,7.164929259961878
1740475194.8814116,0.060038883882761004,7.1648860694281264
1740475196.0446854,0.06003877382874489,7.164843799138013
1740475197.2878382,0.06003866721391678,7.164799253853825
1740475198.4784806,0.06003855715990067,7.164755896973113
1740475199.5791266,0.06003845398426056,7.1647170556178255
1740475200.7289872,0.06003834736943245,7.164675659627239
1740475201.8704174,0.06003823731541633,7.164635142070929
1740475202.9748964,0.06003813413977623,7.1645966120683475
1740475204.1614845,0.060038030964136124,7.164554442113636
1740475205.3956292,0.06003792434930801,7.164510569142132
1740475206.6071973,0.060037821173667905,7.1644675378051685
1740475207.8066955,0.060037717998027804,7.16442513420245
1740475208.9383109,0.060037614822387696,7.164385796723871
1740475210.0488787,0.060037508207559584,7.164347177155046
1740475211.1971822,0.06003740159273148,7.164307016111951
1740475212.5496988,0.06003730529546738,7.164259946816163
1740475213.8221204,0.06003720211982727,7.1642150476505915
1740475215.0418024,0.06003709550499916,7.164172793535726
1740475216.2182603,0.060036995768547055,7.16413251604871
1740475217.449637,0.060036892592906954,7.164089855363886
1740475218.645729,0.06003678597807884,7.164049122232715
1740475219.873325,0.06003668968081474,7.164006926780609
1740475221.087061,0.060036586505174634,7.163965090977619
1740475222.2956285,0.06003648676872254,7.163924172681097
1740475223.4950447,0.06003638359308243,7.163883271191887
1740475224.5977972,0.06003628041744232,7.163846562810258
1740475225.7006626,0.06003618068099022,7.1638094230965175
1740475226.8251529,0.06003608094453811,7.163771711923967
1740475227.9350712,0.060035981208086016,7.163734654169092
1740475229.155168,0.06003588147163391,7.163693821151206
1740475230.359773,0.06003578173518181,7.163653611952922
1740475231.5792527,0.06003568543791771,7.163613021893034
1740475232.796015,0.0600355857014656,7.163572410262135
1740475233.9176805,0.060035485965013506,7.163535368441549
1740475235.0354168,0.0600353862285614,7.163499006599912
1740475236.1383116,0.06003529680967331,7.163462719979772
1740475237.456107,0.0600351936340332,7.163419093132123
1740475238.7323012,0.0600350973367691,7.163377070162496
1740475239.9499664,0.06003500103950501,7.163337210524234
1740475241.1010509,0.06003490818142891,7.163299603239449
1740475242.188793,0.06003480844497681,7.163264757962152
1740475243.3186762,0.06003471214771271,7.163228590555116
1740475244.5279806,0.06003461585044861,7.163189200077126
1740475245.7203581,0.06003452299237251,7.163150965364715
1740475247.069101,0.060034430134296414,7.16310735220525
1740475248.3277397,0.06003433383703232,7.163066583827648
1740475249.5234964,0.06003423753976822,7.163028169139621
1740475250.7346456,0.06003414124250412,7.162989836059663
1740475252.0518026,0.060034048384428024,7.162947931667421
1740475253.2363734,0.06003395552635193,7.162910267929003
1740475254.4189322,0.06003385922908783,7.162872748461506
1740475255.5480373,0.060033762931823734,7.162837545746706
1740475256.711231,0.06003367351293564,7.162800864508531
1740475257.9384584,0.060033580654859545,7.1627624990629055
1740475259.1884258,0.06003348779678345,7.162723308986614
1740475260.438421,0.06003339493870735,7.162684234982916
1740475261.5638475,0.06003329864144325,7.162649451419154
1740475262.7485669,0.060033205783367155,7.162612814849684
1740475263.9348345,0.06003311292529106,7.162576152121326
1740475265.124241,0.06003302006721497,7.1625396328212885
1740475266.3840384,0.06003293408751488,7.162500615158478
1740475267.5595956,0.06003283779025078,7.162464595798912
1740475268.7818503,0.06003274837136269,7.16242748828831
1740475270.05413,0.06003265551328659,7.162388187442866
1740475271.1754053,0.0600325695335865,7.162354758220914
1740475272.3537464,0.060032476675510406,7.162318645006016
1740475273.5673337,0.06003238381743431,7.16228236130766
1740475274.7602596,0.06003229439854622,7.162246189317569
1740475275.9453042,0.06003220154047012,7.162210538433137
1740475277.0944352,0.06003211556077003,7.162176582217744
1740475278.2008793,0.060032026141881946,7.162143545451853
1740475279.3088999,0.06003194016218186,7.162110679001007
1740475280.4177454,0.06003184730410576,7.162077836752149
1740475281.6395552,0.06003175788521767,7.162041800630727
1740475282.8438463,0.06003167534470558,7.162006278461453
1740475284.056792,0.06003158592581749,7.16197014243162
1740475285.262547,0.0600314999461174,7.161934827129504
1740475286.3673897,0.06003141052722931,7.1619024730802625
1740475287.4784863,0.06003132110834122,7.161870289961681
1740475288.5904713,0.06003123856782913,7.161838237419173
1740475289.7165353,0.06003115258812904,7.161805570245727
1740475290.9262888,0.06003106316924095,7.161770673073211
1740475292.1570964,0.060030980628728865,7.16173502368901
1740475293.3743384,0.06003089808821678,7.161699734517952
1740475294.5166974,0.06003081210851669,7.161666956014659
1740475295.7374165,0.0600307226896286,7.16163197544538
1740475296.8420258,0.060030640149116514,7.161600586549225
1740475298.045118,0.06003055760860443,7.161566202665201
1740475299.2780108,0.06003047850728035,7.161530970791546
1740475300.448352,0.06003039252758026,7.161497623020736
1740475301.632741,0.060030309987068174,7.161464096088973
1740475302.8740547,0.06003022056818008,7.161429169780293
1740475303.9891453,0.060030141466856,7.161398307516255
1740475305.1041527,0.06003005548715591,7.161366771405765
1740475306.2939868,0.06002997294664383,7.1613336749335135
1740475307.6373906,0.06002989040613174,7.161295867508587
1740475308.8950078,0.06002980786561966,7.161260980716285
1740475310.227783,0.060029728764295576,7.161223395160254
1740475311.453602,0.06002964622378349,7.161189558565066
1740475312.7531948,0.060029563683271406,7.161153583628181
1740475313.939275,0.06002948114275932,7.161120938187817
1740475315.1217005,0.060029398602247236,7.161088420286724
1740475316.2348897,0.060029319500923155,7.161058264053592
1740475317.3471806,0.06002923696041107,7.16102812176679
1740475318.5048704,0.060029154419898985,7.160996800055917
1740475319.7172775,0.0600290718793869,7.160963737033423
1740475320.9070945,0.06002899277806282,7.160931704927954
1740475322.09081,0.060028910237550734,7.160899634547338
1740475323.2132516,0.06002883457541466,7.160869586745456
1740475324.3322678,0.06002875203490257,7.160839879065404
1740475325.438566,0.060028676372766494,7.160810440522025
1740475326.6798284,0.06002859383225441,7.160776864920149
1740475327.9551299,0.060028511291742324,7.16074316993771
1740475329.1515992,0.06002843562960625,7.160711347069107
1740475330.2559416,0.06002835996747017,7.160682508354399
1740475331.3613398,0.06002828086614609,7.16065329865459
1740475332.4647808,0.06002820520401001,7.160624308213757
1740475333.689999,0.06002812610268593,7.16059219593415
1740475334.8925958,0.06002804700136185,7.160560733272342
1740475336.1398313,0.06002797133922577,7.160528047560361
1740475337.3408165,0.06002789223790169,7.160496667903355
1740475338.4438486,0.06002781657576561,7.160468526834814
1740475339.6138167,0.06002774091362953,7.160438195672099
1740475340.8828387,0.06002766181230545,7.160404929425821
1740475342.0938468,0.06002758615016937,7.160374025305341
1740475343.191953,0.060027510488033294,7.160346115921138
1740475344.3666217,0.060027434825897216,7.160315730835925
1740475345.5734146,0.06002735916376114,7.160284996604452
1740475346.7003617,0.06002728350162506,7.1602564874093035
1740475347.9532926,0.060027207839488984,7.160224652896355
1740475349.1599157,0.06002713561654091,7.160194191729532
1740475350.3385072,0.060027059954404834,7.160164121305524
1740475351.6265209,0.060026984292268756,7.160131727368014
1740475352.9209018,0.060026912069320676,7.160098998605023
1740475354.2032673,0.0600268364071846,7.160066690932665
1740475355.4105492,0.060026764184236525,7.160036676598905
1740475356.614266,0.06002668852210045,7.1600066192095255
1740475357.7523727,0.06002661285996437,7.159978464158414
1740475359.19595,0.0600265406370163,7.159942065536968
1740475360.4349535,0.060026468414068224,7.159911454538695
1740475361.5528767,0.060026392751932146,7.159884267755936
1740475362.6556416,0.06002632052898407,7.159857268058126
1740475363.7820427,0.06002624486684799,7.15982982415146
1740475365.0615323,0.060026172643899915,7.159798448096243
1740475366.2648194,0.060026103860139846,7.159769129094075
1740475367.499673,0.06002603163719177,7.159738980443464
1740475368.6630104,0.060025955975055695,7.159710638053118
1740475369.8642507,0.06002588375210762,7.159682072218834
1740475370.9709775,0.060025808089971544,7.159655533826189
1740475372.152816,0.060025739306211474,7.159627169487475
1740475373.3638146,0.060025667083263394,7.159598242875599
1740475374.5771859,0.06002559486031532,7.159569147056627
1740475375.7147083,0.06002552607655525,7.159542110009449
1740475376.828222,0.06002545729279518,7.159515865103351
1740475377.9461114,0.06002538506984711,7.159489289161758
1740475379.0498455,0.060025312846899034,7.159463684583788
1740475380.2092083,0.060025250941514965,7.159436589621215
1740475381.4662793,0.060025171840190884,7.159406479090779
1740475382.7009816,0.06002510649561882,7.159377790079707
1740475383.926023,0.06002504115104675,7.159349145598709
1740475385.03331,0.06002496892809868,7.1593233352993595
1740475386.248019,0.06002490014433861,7.159295064864449
1740475387.5577216,0.060024827921390536,7.159264434487735
1740475388.749994,0.06002476601600647,7.159237130433486
1740475390.0129483,0.06002469035387039,7.1592076338187445
1740475391.2207234,0.060024625009298324,7.15918020118712
1740475392.4432132,0.060024556225538254,7.1591521436379475
1740475393.5758748,0.06002449088096619,7.159126213053637
1740475394.6821463,0.060024418658018115,7.159100988512926
1740475395.7971356,0.06002434987425804,7.159076074909626
1740475396.9204445,0.06002428796887398,7.159050744813888
1740475398.1387734,0.06002421918511391,7.159022994941353
1740475399.3477504,0.06002415384054184,7.158995922774462
1740475400.530763,0.06002408505678177,7.1589692125029005
1740475401.796903,0.06002401283383369,7.158940784333817
1740475402.9209747,0.06002395092844963,7.158915936584197
1740475404.0335486,0.06002388214468956,7.158891232166068
1740475405.1468642,0.0600238202393055,7.158866786498265
1740475406.3271546,0.06002375489473343,7.158840369035731
1740475407.5557683,0.060023686110973355,7.158812992077897
1740475408.739541,0.06002362076640129,7.158787295468639
1740475409.9407966,0.060023555421829224,7.15876084002382
1740475411.0441675,0.06002349351644516,7.158736677398173
1740475412.1489165,0.060023428171873096,7.1587124802499575
1740475413.2721674,0.06002336282730102,7.15868843531634
1740475414.3837872,0.06002330092191696,7.158664112472788
1740475415.576549,0.060023235577344895,7.1586383114399945
1740475416.808123,0.06002317367196083,7.158611575839135
1740475417.9981136,0.06002310832738876,7.15858592585204
1740475419.2408283,0.0600230464220047,7.158559347404877
1740475420.3830755,0.06002297763824463,7.158534562902561
1740475421.5208294,0.06002291917204857,7.158510776572338
1740475422.7684786,0.0600228538274765,7.158483881593159
1740475424.0286157,0.060022791922092436,7.158456931838563
1740475425.2320092,0.060022730016708374,7.158431347525886
1740475426.335451,0.06002266467213631,7.158407997098878
1740475427.446435,0.060022602766752246,7.15838482231464
1740475428.5681672,0.06002254086136818,7.158361590405067
1740475429.7368162,0.060022478955984115,7.158337029677066
1740475430.9100947,0.06002241705060005,7.158312563981131
1740475432.1243315,0.06002235514521599,7.158287094757971
1740475433.352138,0.060022296679019926,7.158261343315152
1740475434.498284,0.060022234773635864,7.158237679086951
1740475435.6742337,0.0600221728682518,7.158213477093771
1740475436.850464,0.060022110962867734,7.1581893476537015
1740475438.0199904,0.060022052496671675,7.158165290766742
1740475439.1212037,0.06002199403047562,7.158142588533814
1740475440.225046,0.06002192868590355,7.158120281050356
1740475441.4224703,0.06002187365889549,7.158095861178376
1740475442.643758,0.06002181175351143,7.158070847998425
1740475443.958505,0.06002175328731537,7.158044088139339
1740475445.1420674,0.060021687942743304,7.15801999921989
1740475446.2961392,0.06002163291573524,7.157996888295241
1740475447.4151227,0.060021574449539185,7.157974202075281
1740475448.6280072,0.06002151598334313,7.157950001998366
1740475449.8775125,0.06002145751714706,7.157924861005069
1740475451.3004842,0.060021395611763,7.157896102401568
1740475452.492018,0.06002133714556694,7.1578722206421395
1740475453.7916625,0.06002127867937088,7.157846300350221
1740475454.998351,0.06002122021317482,7.15782245608482
1740475456.2170262,0.060021158307790756,7.157798342630842
1740475457.4239416,0.0600210998415947,7.157774746348091
1740475458.5252528,0.06002104137539863,7.157753100609644
1740475459.640014,0.06002098634839058,7.157731498668833
1740475460.7687073,0.060020931321382524,7.1577095398371355
1740475461.972101,0.06002086597681046,7.157686010267755
1740475463.1631744,0.0600208143889904,7.157662868834813
1740475464.4668612,0.06002075248360634,7.157637420206894
1740475465.762911,0.060020697456598285,7.157612361397178
1740475467.0496233,0.060020635551214216,7.157587498765517
1740475468.2641292,0.060020583963394165,7.15756420119011
1740475469.460925,0.06002052893638611,7.157540986316748
1740475470.7659278,0.060020470470190046,7.157516011096497
1740475471.918744,0.06002041200399399,7.157494101218839
1740475473.0370922,0.06002035353779793,7.157473218292292
1740475474.2060745,0.06002030194997787,7.157451117931875
1740475475.4819202,0.060020243483781814,7.157426638466605
1740475476.6833384,0.060020185017585756,7.157404039541497
1740475477.8720295,0.060020129990577695,7.157381833911504
1740475479.006211,0.06002007496356964,7.157360838482346
1740475480.1823223,0.060020019936561586,7.157338640235867
1740475481.3894699,0.060019964909553525,7.157316207062425
1740475482.5136924,0.06001990988254547,7.1572953973494196
1740475483.8298378,0.060019854855537416,7.157270926393761
1740475485.052133,0.06001979638934135,7.1572483741351025
1740475486.164001,0.0600197413623333,7.157227857182976
1740475487.4337041,0.060019689774513246,7.1572045154285036
1740475488.5751948,0.06001963130831718,7.157183616720159
1740475489.732106,0.06001957972049713,7.157162657282319
1740475491.0336509,0.06001952125430107,7.157138829599155
1740475492.2797742,0.060019469666481015,7.157116182017161
1740475493.4833634,0.06001941463947296,7.15709428817332
1740475494.677445,0.060019359612464906,7.1570728938065065
1740475495.7871938,0.06001930802464485,7.157053074806525
1740475496.908895,0.0600192564368248,7.1570329009134
1740475498.1435854,0.060019201409816744,7.157010666848523
1740475499.4065506,0.06001914294362068,7.156988027875346
1740475500.6370258,0.060019087916612625,7.156966140325856
1740475501.8715835,0.06001903976798058,7.156944236646999
1740475503.1274343,0.06001898818016052,7.156921881395984
1740475504.2554228,0.06001893659234047,7.156902067327906
1740475505.5566626,0.060018881565332416,7.156878751216763
1740475506.760304,0.06001882997751236,7.15685768750391
1740475508.026602,0.06001877838969231,7.156835415216959
1740475509.3057,0.06001872680187225,7.156812888955974
1740475510.4990156,0.0600186752140522,7.156792207876753
1740475511.7567668,0.060018620187044146,7.156770112690365
1740475512.9790146,0.060018565160036084,7.1567490654926
1740475514.1562798,0.06001852045059204,7.156728976500441
1740475515.3130972,0.060018461984395984,7.1567088896224265
1740475516.4985726,0.060018410396575926,7.1566887292328305
1740475517.6842248,0.060018358808755876,7.1566684053163
1740475518.876975,0.06001830722093582,7.156648161044908
1740475520.092353,0.06001825563311577,7.156627392177189
1740475521.3260148,0.060018210923671725,7.156606412360525
1740475522.560138,0.060018155896663664,7.156585263153112
1740475523.7416155,0.06001810430884361,7.156565362914014
1740475524.8679888,0.06001805272102356,7.156546543201166
1740475526.0838757,0.060018001133203505,7.156526373412376
1740475527.2742376,0.06001795298457146,7.156506265683734
1740475528.5253353,0.060017904835939405,7.156485268911981
1740475529.749693,0.060017853248119354,7.1564648873759324
1740475530.9350855,0.06001780509948731,7.156445225351767
1740475532.100648,0.060017756950855254,7.156425802234129
1740475533.3387594,0.060017705363035204,7.156405334615736
1740475534.5880878,0.06001765721440315,7.156384750546543
1740475535.8162146,0.0600176056265831,7.156364670861148
1740475537.0205727,0.06001755403876305,7.156345038926969
1740475538.21639,0.060017505890130995,7.156325469052939
1740475539.3293917,0.06001745774149895,7.1563074994797455
1740475540.5446434,0.060017409592866895,7.1562876629518195
1740475541.7455497,0.06001736488342285,7.156268163670563
1740475543.1879845,0.0600173132956028,7.156244534251522
1740475544.4288723,0.06001726514697075,7.15622444026662
1740475545.629511,0.0600172169983387,7.156205390996128
1740475546.8575218,0.060017165410518644,7.156185572462141
1740475548.054614,0.0600171207010746,7.156166470107888
1740475549.3321106,0.060017069113254544,7.156146153704351
1740475550.4485202,0.0600170244038105,7.156128498586542
1740475551.6700413,0.06001697969436646,7.156109087121617
1740475552.9675574,0.0600169281065464,7.156088405741346
1740475554.2427073,0.06001687651872635,7.1560682684714605
1740475555.4600217,0.0600168318092823,7.1560492436297345
1740475556.5843496,0.060016783660650254,7.156031918436562
1740475557.7178662,0.0600167355120182,7.156014212738722
1740475558.9591916,0.060016687363386154,7.1559950055758526
1740475560.2556427,0.06001663921475411,7.155974806524502
1740475561.4755998,0.06001659450531006,7.155955701553242
1740475562.7483456,0.060016549795866014,7.155936050787346
1740475563.867352,0.060016505086421965,7.155918773550319
1740475565.3293824,0.06001645693778992,7.155896132943068
1740475566.6092317,0.06001641222834587,7.155876479607783
1740475567.8399777,0.06001636407971382,7.155857568201326
1740475569.0869079,0.060016315931081775,7.155838557560645
1740475570.3911529,0.06001626778244972,7.155818840256993
1740475571.6198802,0.06001622307300568,7.155800210272412
1740475572.8418493,0.060016174924373625,7.155781775629739
1740475574.0628676,0.06001613021492958,7.155763502855889
1740475575.2738385,0.06001608550548553,7.155745197537426
1740475576.481355,0.06001604079604149,7.155727171872143
1740475577.7256558,0.060015992647409436,7.155708462160412
1740475578.998862,0.06001594793796539,7.1556896759204
1740475580.426746,0.060015899789333346,7.155668339235935
1740475581.7070506,0.060015855079889296,7.15564941606476
1740475582.8143466,0.06001581380963326,7.155633158209405
1740475584.0038023,0.06001576910018921,7.155615625325051
1740475585.2130718,0.060015724390745165,7.155597744075242
1740475586.4352489,0.060015679681301115,7.155579917326245
1740475587.678906,0.06001563497185707,7.15556165900794
1740475588.8017519,0.06001558682322502,7.155545661107472
1740475589.9121008,0.06001554555296898,7.155529819779477
1740475591.0204313,0.06001550084352493,7.155513802323362
1740475592.2353857,0.06001545613408089,7.155496248078427
1740475593.4680986,0.06001541486382484,7.155478516492292
1740475594.7175698,0.0600153701543808,7.155460486020194
1740475595.8801086,0.06001532200574875,7.15544405940505
1740475596.9877615,0.06001528417468071,7.15542849643763
1740475598.094638,0.06001523946523667,7.155412681219951
1740475599.1942196,0.06001519475579262,7.155397350528303
1740475600.3186975,0.06001515348553658,7.155381597711358
1740475601.5107539,0.06001510877609253,7.155364606175938
1740475602.713518,0.06001507094502449,7.15534777160162
1740475603.908556,0.06001502623558044,7.155331017321918
1740475605.0756772,0.0600149815261364,7.155314747857138
1740475606.1957426,0.060014940255880354,7.155299234923556
1740475607.30266,0.060014898985624315,7.155284128391304
1740475608.4302208,0.06001486115455627,7.155268366756387
1740475609.552338,0.06001481644511223,7.155253020668026
1740475610.6591809,0.060014775174856184,7.155237930513718
1740475611.8311732,0.060014733904600145,7.155221852116468
1740475613.0250025,0.0600146926343441,7.155205365336915
1740475614.2185032,0.060014654803276064,7.155189148594996
1740475615.4260228,0.060014610093832015,7.1551726537986955
1740475616.5228782,0.060014568823575976,7.155157792487958
1740475617.645801,0.06001453099250793,7.15514285920147
1740475618.8198464,0.060014489722251894,7.155126745845404
1740475620.0121968,0.060014445012807845,7.155110770163049
1740475621.2328627,0.06001440718173981,7.155094502975758
1740475622.4290056,0.06001437278985977,7.155078306068166
1740475623.6315324,0.06001433151960373,7.155062277323004
1740475624.747649,0.060014290249347686,7.155047392471131
1740475625.9145515,0.06001425241827965,7.155031882406576
1740475627.0859225,0.060014211148023605,7.155016313504395
1740475628.1856844,0.060014169877767566,7.155002004616138
1740475629.3887093,0.060014132046699524,7.154986196360865
1740475630.6055005,0.06001409421563148,7.15497010432798
1740475631.8001626,0.06001405294537544,7.154954509426067
1740475632.897215,0.0600140151143074,7.154940373611507
1740475634.1450894,0.06001398072242737,7.154923989650664
1740475635.2520876,0.060013939452171323,7.154909516785893
1740475636.355306,0.06001390162110329,7.1548952821016645
1740475637.4701233,0.060013863790035246,7.154881000135902
1740475638.6157796,0.06001382595896721,7.154866316483513
1740475639.8670993,0.060013784688711165,7.154849961577461
1740475641.1154647,0.060013743418455126,7.1548341755945835
1740475642.2998943,0.06001371246576309,7.154819100264558
1740475643.3846729,0.060013674634695056,7.154805027407775
1740475644.572287,0.060013636803627014,7.154789930548433
1740475645.6760616,0.06001359897255897,7.154776146817306
1740475646.800084,0.06001356114149094,7.154761982905219
1740475647.9926085,0.06001351987123489,7.154746803784047
1740475649.2078738,0.060013488918542864,7.154731777486632
1740475650.3899102,0.060013444209098814,7.1547166812321645
1740475651.593983,0.06001340981721878,7.15470184913194
1740475652.6964412,0.060013375425338744,7.154688009401045
1740475653.8131018,0.06001333759427071,7.15467419443532
1740475654.9240897,0.06001329976320267,7.154660537975315
1740475656.02932,0.06001326537132263,7.154646923469965
1740475657.231167,0.0600132309794426,7.154631983719294
1740475658.4365687,0.060013193148374555,7.1546170986074245
1740475659.655368,0.06001315531730652,7.1546021642847455
1740475660.8896139,0.06001312092542648,7.154587052399913
1740475661.9758058,0.060013083094358446,7.154573729863897
1740475663.0868442,0.06001304870247841,7.1545603556442945
1740475664.2111602,0.06001301087141037,7.1545467076104075
1740475665.313501,0.060012976479530335,7.1545336086491265
1740475666.49981,0.060012942087650296,7.154519237324324
1740475667.738561,0.060012907695770265,7.154504285602477
1740475668.9369984,0.06001287330389023,7.154489789400866
1740475670.0871987,0.06001283547282219,7.154475939617971
1740475671.187441,0.06001280108094215,7.154463032542744
1740475672.4851751,0.06001277012825012,7.154447461297163
1740475673.6828804,0.060012732297182084,7.15443302741364
1740475674.9469187,0.06001269446611404,7.154418055989746
1740475676.1539524,0.060012656635046006,7.154403919479051
1740475677.2714868,0.060012629121541976,7.154391005546192
1740475678.3775244,0.06001259129047394,7.154377825255523
1740475679.5427108,0.0600125568985939,7.154364203195129
1740475680.715047,0.060012522506713864,7.154350518266378
1740475681.8241975,0.06001248811483383,7.154337662562834
1740475683.0421774,0.06001245028376579,7.154323471307252
1740475684.2430658,0.06001241933107376,7.1543096285479235
1740475685.4619303,0.06001238837838173,7.154295417964105
1740475686.9267738,0.06001235054731369,7.154278346231077
1740475688.0590937,0.06001231959462166,7.154265389188634
1740475689.234915,0.06001228520274162,7.154251879204498
1740475690.4780142,0.06001225425004959,7.154237554457472
1740475691.6851728,0.060012219858169555,7.154223741175423
1740475692.8806014,0.060012185466289523,7.154210267960178
1740475694.0557196,0.06001215451359749,7.154196823382627
1740475695.1715822,0.06001211668252945,7.154184272607808
1740475696.2705605,0.06001208572983742,7.154172151889163
1740475697.3713422,0.060012054777145385,7.154159677395533
1740475698.5801504,0.06001202382445335,7.154146104079389
1740475699.8078494,0.060011985993385315,7.15413218323695
1740475701.2003374,0.06001195504069328,7.154116657638186
1740475702.316178,0.06001192064881325,7.154104316123777
1740475703.428997,0.06001188281774521,7.154091937150263
1740475704.5409415,0.06001185186505318,7.154079894037425
1740475705.7478669,0.060011820912361145,7.154066564824527
1740475706.9336586,0.060011793398857115,7.1540534501614035
1740475708.1382701,0.06001175900697708,7.154040088107698
1740475709.3479366,0.060011724615097045,7.154026973778706
1740475710.5769851,0.06001169366240501,7.154013537360077
1740475711.8275123,0.06001165927052498,7.153999848862831
1740475713.0900338,0.060011628317832945,7.153986119982748
1740475714.306691,0.06001159736514092,7.15397287364407
1740475715.582777,0.06001156641244888,7.1539591315579285
1740475716.8138745,0.060011532020568845,7.153945775619315
1740475718.1395388,0.06001150450706482,7.153931492852401
1740475719.3898442,0.06001146667599678,7.15391793762369
1740475720.6068685,0.060011439162492755,7.153905094677691
1740475721.8194404,0.06001140820980072,7.153891987182895
1740475723.0350075,0.06001137381792068,7.153879191687267
1740475724.3226986,0.06001133942604065,7.153865471601825
1740475725.5150423,0.06001130847334862,7.153853032120089
1740475726.825246,0.060011280959844586,7.153839123983817
1740475728.0916429,0.060011246567964555,7.1538256676937735
1740475729.3113594,0.060011212176084516,7.153812989883826
1740475730.4850101,0.060011188101768496,7.153800880969856
1740475731.5786264,0.06001115370988846,7.153789374604103
1740475732.6981776,0.06001111931800842,7.15377785843688
1740475733.8153753,0.06001108836531639,7.153766547750291
1740475734.9820576,0.06001106085181236,7.153754480766901
1740475736.2785244,0.06001102645993233,7.153740971308073
1740475737.518635,0.0600109989464283,7.153728385386457
1740475738.7448173,0.060010967993736265,7.153715638091685
1740475740.0147128,0.06001093704104424,7.153702681192377
1740475741.200327,0.0600109026491642,7.153690627505418
1740475742.397222,0.060010871696472165,7.153678543374875
1740475743.5926113,0.06001084074378014,7.153666556380227
1740475744.8973207,0.06001081323027611,7.153653424516304
1740475746.1649086,0.06001078227758407,7.153640398173442
1740475747.2699635,0.06001075476408005,7.153629530942526
1740475748.380635,0.060010723811388014,7.153618429314283
1740475749.4724898,0.06001069629788399,7.1536076260453845
1740475750.654842,0.06001066878437996,7.153595754944917
1740475751.8586445,0.06001063439249992,7.153583735133644
1740475753.1025176,0.0600106068789959,7.1535714738994205
1740475754.351169,0.060010575926303864,7.1535590407057965
1740475755.4556684,0.06001054841279983,7.153548409799107
1740475756.5848832,0.060010517460107805,7.153537199465224
1740475757.699734,0.060010489946603775,7.153526464182725
1740475758.8945243,0.06001045899391174,7.153514827531281
1740475760.1225576,0.06001043148040772,7.153502849713555
1740475761.3096037,0.060010403966903686,7.153491282519952
1740475762.6236277,0.06001036957502365,7.153478457920495
1740475763.8321817,0.06001034550070763,7.153467015078143
1740475764.9489455,0.0600103179872036,7.153456098619328
1740475766.3137405,0.06001028703451156,7.153442891561852
1740475767.5039291,0.060010256081819535,7.153431609432648
1740475768.6719806,0.060010228568315505,7.153420517885516
1740475769.8431716,0.06001020105481148,7.153409355408572
1740475770.9653342,0.06001017354130745,7.15339870462703
1740475772.094155,0.06001014602780342,7.153388084798179
1740475773.4666758,0.060010118514299396,7.15337495941507
1740475774.6700695,0.06001008756160736,7.15336361224749
1740475775.866069,0.06001006004810333,7.153352556805061
1740475776.9544883,0.06001003253459931,7.153342386577605
1740475778.0514982,0.060010005021095277,7.153332236389874
1740475779.2986665,0.060009977507591246,7.153320555518626
1740475780.457965,0.060009943115711215,7.153309846924971
1740475781.6221895,0.06000992248058319,7.153299225349758
1740475782.748997,0.06000989496707916,7.153288681612943
1740475784.0492966,0.06000986401438713,7.153276673245762
1740475785.241501,0.0600098365008831,7.153265735417215
1740475786.337337,0.06000980898737907,7.1532557996903705
1740475787.640092,0.06000978491306305,7.15324390283886
1740475788.9025192,0.06000975396037102,7.1532322471533165
1740475790.0626252,0.06000972644686699,7.1532218904019285
1740475791.294814,0.06000970237255097,7.153210713371615
1740475792.5193188,0.06000967485904694,7.153199608408956
1740475793.7014115,0.060009647345542906,7.153188949756388
1740475794.9006026,0.06000961983203888,7.153178169404821
1740475796.5105126,0.060009595757722856,7.153163506880359
1740475797.9363685,0.06000956480503082,7.153150583942358
1740475799.2328775,0.0600095372915268,7.153139106970994
1740475800.5143986,0.06000951321721077,7.1531277151056685
1740475801.8177915,0.06000948570370674,7.153116098692427
1740475803.1553729,0.060009458190202716,7.15310418479747
1740475804.4446552,0.06000943411588669,7.153092742929898
1740475805.733364,0.060009403163194655,7.153081370622812
1740475807.05156,0.06000937564969063,7.153069962253461
1740475808.3898242,0.0600093481361866,7.153058186785398
1740475809.7800007,0.060009324061870574,7.15304601828122
1740475811.139714,0.06000929654836654,7.153034059786557
1740475812.5229468,0.06000927247405052,7.153021962989448
1740475813.7899725,0.0600092483997345,7.153010946266781
1740475815.1292543,0.06000921744704246,7.152999386621414
1740475816.4514713,0.06000918993353844,7.1529880744325025
1740475817.8248932,0.06000916585922241,7.152976263679007
1740475819.100924,0.06000913834571838,7.152965235276966
1740475820.3988788,0.060009107393026354,7.152954217386035
1740475821.701376,0.06000908331871033,7.15294333367804
1740475823.2792482,0.060009055805206296,7.152929722430597
1740475824.6717224,0.060009031730890276,7.152917951210676
1740475825.9864247,0.060009004217386246,7.152906814777498
1740475827.5309062,0.06000898014307022,7.15289371966254
1740475828.8667111,0.060008952629566195,7.152882372579734
1740475830.1236432,0.060008925116062165,7.152872007197898
1740475831.545628,0.06000890104174614,7.152860141087977
1740475832.9053092,0.060008873528242114,7.152848766801726
1740475834.2865663,0.06000884945392609,7.152837391105513
1740475835.576673,0.06000882194042206,7.152826635593252
1740475836.9251385,0.06000879098773003,7.152815604310446
1740475838.2018564,0.060008770352602006,7.152805271635924
1740475839.546101,0.06000873939990997,7.152794103335868
1740475841.1399877,0.06000871188640595,7.152781101313172
1740475842.7004824,0.06000868781208992,7.152768318751727
1740475844.1375291,0.060008663737773894,7.152756547907423
1740475845.622057,0.060008636224269864,7.152744413150047
1740475846.936304,0.06000860871076584,7.152733899192701
1740475848.3180382,0.06000858119726181,7.152722887620518
1740475849.623309,0.06000855712294578,7.152712454494832
1740475850.9830523,0.06000853304862976,7.152701539037107
1740475852.3425405,0.06000850553512573,7.1526906648535
1740475853.701666,0.0600084780216217,7.152679931236385
1740475855.0314238,0.06000845050811768,7.152669497828792
1740475856.3037887,0.060008429872989655,7.152659489682506
1740475857.6244574,0.060008402359485624,7.152649048742985
1740475858.9672074,0.0600083748459816,7.152638581376957
1740475860.330116,0.06000835421085358,7.152628025366389
1740475861.6363404,0.06000832669734955,7.152617675341379
1740475862.901776,0.06000830262303352,7.152607967474353
1740475864.2565258,0.06000827167034149,7.152597530978476
1740475865.5927246,0.06000825103521347,7.152587342434298
1740475866.9784443,0.06000822352170944,7.152576484298158
1740475868.2272425,0.06000819944739342,7.152567030301142
1740475869.4863486,0.06000817193388939,7.152557503221381
1740475870.942682,0.060008151298761365,7.15254645480656
1740475872.496877,0.06000812034606934,7.1525343415317355
1740475873.8354816,0.06000809627175331,7.152524356367379
1740475875.1646378,0.060008072197437284,7.152514326747971
1740475876.5767734,0.060008048123121265,7.152503699467855
1740475877.9036427,0.06000802404880524,7.15249373378983
1740475879.2953393,0.06000799653530121,7.152483294567423
1740475880.7167444,0.06000796902179718,7.152472748899346
1740475882.1374435,0.06000794838666916,7.152462242355472
1740475883.483766,0.060007924312353134,7.1524521787776285
1740475884.8968494,0.06000790023803711,7.15244175942394
1740475886.3276224,0.06000787272453308,7.1524311290113625
1740475887.747315,0.060007848650217056,7.1524207594021965
1740475889.1910663,0.06000782457590103,7.152410195272665
1740475890.6462295,0.06000780050158501,7.152399548393362
1740475892.141667,0.06000777986645699,7.152388569870465
1740475893.6395905,0.060007752352952956,7.15237751912462
1740475895.034211,0.06000773171782493,7.152367568759137
1740475896.8275108,0.06000770420432091,7.152354293916045
1740475898.2548304,0.06000768013000488,7.152344163942622
1740475899.8767493,0.060007656055688856,7.152332405960845
1740475901.4293628,0.06000762854218483,7.1523211617752835
1740475902.747023,0.060007604467868805,7.152311978533058
1740475903.9952369,0.06000758383274078,7.152303195177703
1740475905.3578591,0.06000755631923676,7.152293500219016
1740475906.6703753,0.06000753224492073,7.152284411733298
1740475907.9828618,0.060007508170604705,7.152275244125198
1740475909.4138362,0.06000748409628868,7.152265177113519
1740475910.8782263,0.060007456582784655,7.152255024951092
1740475912.374021,0.06000743250846863,7.152244665482036
1740475913.7178044,0.060007411873340605,7.152235398420135
1740475915.1353772,0.060007387799024585,7.152225477790085
1740475916.448235,0.06000736372470856,7.152216507227246
1740475917.7796767,0.060007343089580535,7.152207450430315
1740475919.1507463,0.060007315576076505,7.152197972735982
1740475920.468837,0.06000729494094849,7.152189192789715
1740475921.7864454,0.06000727086663246,7.15218024088103
1740475923.0450516,0.060007246792316435,7.152171758193354
1740475924.3214567,0.06000722615718842,7.152163197281878
1740475925.6114872,0.060007205522060396,7.152154552402203
1740475927.0141816,0.06000717456936836,7.152145040492027
1740475928.3109362,0.060007150495052335,7.152136663656317
1740475929.643389,0.06000712985992432,7.1521278900283685
1740475931.0299642,0.06000710578560829,7.152118598576914
1740475932.342304,0.06000708515048027,7.152109990909891
1740475933.7063608,0.06000706795454025,7.15210098124423
1740475935.0304651,0.06000704388022423,7.152092110878801
1740475936.3739562,0.0600070163667202,7.15208336613326
1740475937.7368038,0.06000699229240417,7.152074649279641
1740475939.131669,0.06000697509646416,7.152065652222681
1740475940.5137,0.06000695102214813,7.1520564657416985
1740475941.7972555,0.06000692694783211,7.1520482837118085
1740475943.2528164,0.060006906312704084,7.152038941086089
1740475944.481259,0.060006882238388064,7.15203103084374
1740475945.8127043,0.06000686160326004,7.152022613460641
1740475947.39813,0.06000684096813202,7.152012301980489
1740475948.9372244,0.060006813454627994,7.152002440671151
1740475950.2005053,0.060006796258687975,7.151994647056167
1740475951.5289683,0.06000677562355995,7.15198613750283
1740475952.945935,0.06000675498843193,7.151977121619968
1740475954.407886,0.06000673091411591,7.151967925675617
1740475956.0446062,0.060006710278987886,7.151957602475034
1740475957.4682908,0.06000668964385986,7.151948679512153
1740475958.8544583,0.060006665569543836,7.151939993271386
1740475960.239622,0.06000664149522782,7.151931550342743
1740475961.68226,0.060006620860099794,7.151922622479658
1740475963.1220124,0.06000660022497177,7.1519137273575355
1740475964.4080386,0.06000657958984375,7.151905891523187
1740475965.6742501,0.06000655551552773,7.151898180816286
1740475966.9755206,0.06000653831958771,7.151890295653878
1740475968.3893113,0.060006517684459686,7.1518816186547385
1740475969.7489872,0.060006490170955655,7.151873380175398
1740475971.070423,0.06000647297501564,7.15186558663349
1740475972.3164842,0.06000645233988762,7.151858108387547
1740475973.5477166,0.06000642826557159,7.151850765253966
1740475974.7702546,0.060006411069631574,7.151843651427715
1740475975.9830537,0.06000639043450356,7.151836352212035
1740475977.1896257,0.060006369799375535,7.151829283573168
1740475978.5327704,0.06000634572505951,7.151821347986447
1740475979.7842205,0.06000632852911949,7.151814138059603
1740475980.9635937,0.06000630789399147,7.1518071356452095
1740475982.1758106,0.06000628725886345,7.1518001663025785
1740475983.4897153,0.06000627006292343,7.151792530185531
1740475984.7584264,0.060006245988607404,7.151785014113127
1740475985.96344,0.06000622879266739,7.151778222418313
1740475987.3330905,0.06000620815753937,7.151770273367279
1740475988.798375,0.06000619096159935,7.151761772637695
1740475990.1233058,0.06000617376565933,7.151754066918891
1740475991.4213417,0.06000615313053131,7.151746575423032
1740475992.8730319,0.06000613249540329,7.15173825397821
1740475994.104374,0.06000611186027527,7.151731299400228
1740475995.3433454,0.060006091225147246,7.151724376418488
1740475996.5284202,0.060006074029207226,7.15171776518808
1740475997.726348,0.06000605339407921,7.151710967935115
1740475998.9322689,0.06000603619813919,7.151704304755878
1740476000.2994208,0.06000601900219917,7.151696617440807
1740476001.4992921,0.06000599836707115,7.151689892459363
1740476002.78048,0.06000598117113114,7.151682827604985
1740476004.0449312,0.06000596397519112,7.151675771320533
1740476005.3039944,0.06000593990087509,7.151668736806141
1740476006.5459206,0.060005926144123076,7.151662129197942
1740476007.8124607,0.06000590550899505,7.151655039402043
1740476009.051406,0.06000588487386704,7.151648371057783
1740476010.38878,0.060005864238739014,7.151641080841147
1740476011.660016,0.060005850481987,7.151634281632982
1740476012.8873384,0.060005829846858975,7.15162746899029
1740476014.0788875,0.06000581265091896,7.151621168015908
1740476015.2803843,0.060005795454978944,7.151614691275054
1740476016.538403,0.06000577138066292,7.1516078701072505
1740476017.7379112,0.0600057576239109,7.151601735936504
1740476018.9516141,0.06000574042797088,7.151595135853141
1740476020.1339104,0.06000572323203087,7.151588832102912
1740476021.492672,0.06000570603609085,7.151581570108783
1740476022.715395,0.06000568884015083,7.151575130328989
1740476023.9332404,0.06000567164421081,7.151568711511046
1740476025.2266119,0.0600056544482708,7.151561871266705
1740476026.50555,0.06000563725233078,7.1515552342678435
1740476027.7140543,0.06000562005639076,7.151548878335452
1740476028.9564805,0.060005602860450744,7.151542459064067
1740476030.1675897,0.06000558222532272,7.151536145055378
1740476031.4147751,0.060005561590194705,7.151529786327564
1740476032.6702,0.060005544394254685,7.1515234533936605
1740476034.01649,0.06000553063750267,7.151516517605983
1740476035.281007,0.06000551344156265,7.151509934052103
1740476036.6222446,0.06000550312399864,7.151503039864844
1740476037.9392586,0.06000548248887062,7.151496123789954
1740476039.1931245,0.0600054618537426,7.151489889732706
1740476040.4349961,0.060005448096990585,7.151483681469368
1740476041.651694,0.06000542746186256,7.151477458389794
1740476042.9126668,0.06000541370511055,7.151471293116306
1740476044.1596103,0.060005396509170535,7.151464938687479
1740476045.3768933,0.06000538619160652,7.1514588762210005
1740476046.6681452,0.0600053655564785,7.151452199857406
1740476047.8314211,0.06000534148216247,7.151446616327958
1740476049.0591686,0.06000533116459846,7.151440741826969
1740476050.2931323,0.060005317407846454,7.151434472696775
1740476051.6160023,0.060005300211906434,7.1514279036428325
1740476052.8214374,0.060005283015966415,7.151421963862931
1740476054.164893,0.0600052692592144,7.1514153793676725
1740476055.3455265,0.06000525206327438,7.151409616498433
1740476056.5319543,0.06000523486733437,7.151403898177527
1740476057.7473023,0.06000522111058235,7.151398032752447
1740476058.9314501,0.060005203914642334,7.151392242775636
1740476060.2127767,0.06000519015789032,7.151386092439179
1740476061.4162595,0.060005176401138303,7.1513802613817985
1740476062.6592872,0.06000515920519829,7.151374286405354
1740476063.879469,0.06000513857007027,7.151368513212418
1740476065.14855,0.06000512481331825,7.151362549757998
1740476066.4078293,0.06000511105656624,7.151356556443911
1740476067.7056718,0.06000509729981422,7.151350340106105
1740476068.8933318,0.06000508354306221,7.151344697216485
1740476070.1834006,0.060005066347122195,7.151338516563695
1740476071.5532954,0.06000505259037018,7.151332147276157
1740476072.7503982,0.06000503195524216,7.151326481712501
1740476074.0371375,0.060005021637678145,7.151320654831677
1740476075.2441967,0.06000500788092613,7.151314842982267
1740476076.6534598,0.06000499412417412,7.151308214604246
1740476078.0219314,0.0600049769282341,7.151301835297929
1740476079.1807761,0.06000496317148209,7.151296518216239
1740476080.4085307,0.06000494597554207,7.151290885775934
1740476081.6211271,0.06000493221879005,7.151285372509949
1740476082.8131979,0.06000491846203804,7.151279925736587
1740476084.0626922,0.06000490470528603,7.1512741903616
1740476085.2909615,0.06000488750934601,7.1512685506578375
1740476086.4696853,0.060004873752593994,7.1512633383750845
1740476087.6710863,0.06000485999584198,7.151257887953274
1740476088.9187348,0.060004846239089964,7.1512522256610325
1740476090.159404,0.06000483248233795,7.151246658104555
1740476091.3727655,0.060004815286397936,7.151241180011145
1740476092.5654113,0.06000480152964592,7.151235975329105
1740476093.7647088,0.0600047843337059,7.151230611791502
1740476094.9788938,0.060004770576953886,7.151225295566915
1740476096.2075152,0.06000475682020187,7.151219897706746
1740476097.4172888,0.06000474306344986,7.151214511845479
1740476098.5997913,0.06000472930669785,7.151209365677676
1740476099.9300017,0.06000471211075783,7.151203422192036
1740476101.1303804,0.06000470179319382,7.151198344794767
1740476102.3365786,0.0600046880364418,7.151192922835784
1740476103.5836375,0.060004674279689786,7.1511875505013744
1740476104.834162,0.06000466052293778,7.151182120354322
1740476106.0160239,0.060004650205373766,7.151176996355632
1740476107.2561831,0.06000463300943375,7.151171567529121
1740476108.4432306,0.06000461925268173,7.151166579392115
1740476109.6356173,0.060004605495929716,7.1511614351337
