Time,Height (m),Voltage (V)
1736238112.3858967,0.024893948913367017,0.0
1736238113.430216,0.02478282254059837,0.0
1736238114.4326565,0.024675715755236385,0.0
1736238115.4400325,0.024567644958859287,0.0
1736238116.4440553,0.024459492693771734,0.0
1736238117.4480612,0.02435089604694113,0.0
1736238118.4577441,0.024241229418054133,0.0
1736238119.4584534,0.024132080333315355,0.0
1736238120.4837568,0.024019770298231775,0.0
1736238121.485353,0.023909583258013182,0.0
1736238122.4939537,0.02379902279122671,0.0
1736238123.4944654,0.02368800073863765,0.0
1736238124.4991937,0.023576020781702248,0.0
1736238125.5119748,0.023462639369946227,0.0
1736238126.5786827,0.023342665713532777,0.0
1736238127.5793495,0.023229594709200715,0.0
1736238128.5801227,0.023115995729086763,0.0
1736238129.5829659,0.02300163666556299,0.0
1736238130.5907032,0.022886182168187275,0.0
1736238131.5915706,0.02277097372788183,0.0
1736238132.5933962,0.02265510691671028,0.0
1736238133.619474,0.022535858069855044,0.0
1736238134.6362443,0.022417105954653994,0.0
1736238135.6480196,0.022298350143766212,0.0
1736238136.648726,0.022180308403979863,0.0
1736240681.092511,0.024893909012207515,0.0
1736240682.0936763,0.02478743871646797,0.0
1736240683.0951812,0.024680564088549215,0.0
1736240684.0955746,0.024573263571009255,0.0
1736240685.0962596,0.024465494593529386,0.0
1736240686.0970867,0.02435733019310139,0.0
1736240855.3496778,0.024893890226234755,0.0
1736240856.3802469,0.02478422981394072,0.0
1736240857.389466,0.02467640297836438,0.0
1736240858.3923447,0.024568818431582318,0.0
1736240859.4076416,0.024459454066003947,0.0
1736240860.4127405,0.024350738798993958,0.0
1736240861.413882,0.024242001180616035,0.0
1736240902.084917,0.024893873896099383,0.0
1736240903.0870814,0.024787412128262055,0.0
1736240904.087736,0.024680515011424424,0.0
1736240905.089064,0.024573113846096607,0.0
1736240906.0896618,0.02446535364727076,0.0
1736240907.0901797,0.024357159264093584,0.0
1736240908.1120343,0.024246194419990246,0.0
1736240909.1127853,0.02413706165471576,0.0
1736240910.1637533,0.02402195625741845,0.0
1736240911.1741655,0.02391080669905575,0.0
1736240912.1755242,0.02380017647401932,0.0
1736240913.1763937,0.023689119660622822,0.0
1736240914.1772687,0.02357757505375718,0.0
1736240915.1783516,0.02346551312353608,0.0
1736240916.1791239,0.023352985023041672,0.0
1736240917.1843007,0.02323945028718211,0.0
1736240918.185957,0.023125796045541106,0.0
1736240919.1870377,0.023011683806165566,0.0
1736240983.5650573,0.024893950002039946,0.0
1736240984.5729804,0.024786704404213357,0.0
1736240985.5886579,0.024678196236157034,0.0
1736240986.6076932,0.024568936887877025,0.0
1736240987.6123562,0.02446072083299655,0.0
1736240988.6133006,0.024352461094731544,0.0
1736240989.6281629,0.02424223732257493,0.0
1736240990.635893,0.024132384110702915,0.0
1736240991.659119,0.024020303466643744,0.0
1736240992.65961,0.023910240543225793,0.0
1736240993.6632562,0.023799354599382032,0.0
1736240994.6677082,0.023687895793999568,0.0
1736240995.6683352,0.02357637348913459,0.0
1736240996.7070448,0.023460084238051283,0.0
1736240997.7339044,0.02334459099810933,0.0
1736240998.7481928,0.023229986105268368,0.0
1736240999.753163,0.023115911401317222,0.0
1736241000.7539237,0.023001789989103974,0.0
1736241001.7590785,0.022886632790688637,0.0
1736241002.7660418,0.022770723121893675,0.0
1736241003.7750905,0.022654017680555964,0.0
1736245683.060621,0.02489395757211325,0.0
1736245684.0628948,0.024787314315921107,0.0
1736245685.0638638,0.024680383143280277,0.0
1736245686.0812986,0.024571268056618727,0.0
1736245687.0953765,0.024463449665734542,0.0
1736245688.0973244,0.02435509244793969,0.0
1736245689.098166,0.024246405619334315,0.0
1736245690.098847,0.02413728140210393,0.0
1736245691.1008987,0.024027671372712993,0.0
1736245692.1058068,0.023917508510947292,0.0
1736245693.106177,0.02380701669594741,0.0
1736245694.108526,0.023695825268151637,0.0
1736245695.1091251,0.02358434101128313,0.0
1736245696.1097655,0.02347235881849063,0.0
1736245697.11062,0.023359852196427583,0.0
1736245698.1159708,0.0232463290440139,0.0
1736245699.1170347,0.02313277369754412,0.0
1736245700.1177864,0.023018731326062386,0.0
1736245701.118661,0.022904144863758767,0.0
1736245702.1212525,0.022788940900080525,0.0
1736245703.1216152,0.02267332936862493,0.0
1736245704.1224995,0.022557103421840283,0.0
1736245705.1229734,0.02244036275073786,0.0
1736245706.1241372,0.02232297008693668,0.0
1736245707.1269033,0.022204974233092523,0.0
1736245708.1353834,0.022085542466323913,0.0
1736245709.1443944,0.021965439367645882,0.0
1736245710.1489935,0.021845247037565407,0.0
1736245711.1502886,0.021724964204766828,0.0
1736245712.1584842,0.021603082358111415,0.0
1736245713.168629,0.02148044990633487,0.0
1736245714.177334,0.02135719716219702,0.0
1736245715.1782987,0.02123422657818815,0.0
1736245716.1880274,0.021109497905427443,0.0
1736245717.2191067,0.02098141314632042,0.0
1736245718.2323642,0.020856294482468955,0.0
1736245719.2331865,0.02073055227780068,0.0
1736245720.235309,0.020603923712872847,0.0
1736245721.236856,0.02047663181568518,0.0
1736245722.2426262,0.020348191044169704,0.0
1736245723.243292,0.020219497643074107,0.0
1736245724.2466104,0.020089683523711044,0.0
1736245725.2473693,0.019959408039817963,0.0
1736245726.248411,0.01982828853619069,0.0
1736245727.2489974,0.019696406038289416,0.0
1736245728.2496257,0.01956367920411497,0.0
1736245729.2501352,0.019430112511260363,0.0
1736245730.2524083,0.01929543501925744,0.0
1736245731.2533205,0.0191600479398313,0.0
1736245732.2542274,0.019023750981198344,0.0
1736245733.2553954,0.018886488120997694,0.0
1736245734.2670193,0.018746826077673966,0.0
1736245735.2675734,0.018607716615712436,0.0
1736245736.268656,0.0184675408307554,0.0
1736245737.2693286,0.018326407575231816,0.0
1736245738.2708879,0.01818410992191295,0.0
1736245739.2720532,0.01804080484611834,0.0
1736245740.2734377,0.017896379718636495,0.0
1736245741.2741904,0.017750931801226184,0.0
1736245742.2752216,0.0176043021724856,0.0
1736245743.275807,0.017456568913982104,0.0
1736245744.276629,0.017307602103152697,0.0
1736245745.2774875,0.01715740029515767,0.0
1736245746.278163,0.017005964620845877,0.0
1736245747.2792356,0.01685317331487696,0.0
1736245748.2835393,0.016698551641969973,0.0
1736245749.2841198,0.016543134589389826,0.0
1736245750.2852767,0.016386222404036824,0.0
1736245751.2862532,0.01622789263634306,0.0
1736245752.2871587,0.016068086432116362,0.0
1736245753.2882884,0.015906712099966854,0.0
1736245754.2891695,0.015743799421882795,0.0
1736245755.2898564,0.01557929182440183,0.0
1736245756.2902966,0.015413147662704671,0.0
1736245757.2911236,0.015245207221247097,0.0
1736245758.2917802,0.015075506382185078,0.0
1736245759.2922223,0.014903993389308312,0.0
1736245760.308072,0.014727882192937518,0.0
1736245761.309027,0.014552356127750155,0.0
1736245762.3096142,0.01437484132520886,0.0
1736245763.3109653,0.01419505965372526,0.0
1736245764.3116508,0.014013186523408374,0.0
1736245765.3127773,0.01382893530211971,0.0
1736245766.31396,0.013642283095861529,0.0
1736245767.3153694,0.013453197600612631,0.0
1736245768.3163433,0.013261503158927386,0.0
1736245769.317209,0.013067123935590745,0.0
1736245770.318394,0.014204043971807637,5.0
1736245771.3193183,0.015259865565504386,5.0
1736245772.3204005,0.016250132897927903,5.0
1736245773.3211014,0.017185552061620327,5.0
1736245774.322494,0.018075460882934526,5.0
1736245775.3234599,0.01892526658995474,5.0
1736245776.3248339,0.019740738756653605,5.0
1736245777.3262334,0.020525209947050416,5.0
1736245778.3272746,0.021282134248321996,5.0
1736245779.3284168,0.022014653312681636,5.0
1736245780.3294094,0.022725308383092162,5.0
1736245781.3303406,0.023415733881369007,5.0
1736245782.3317533,0.02408799665188869,5.0
1736245783.332765,0.024742980130564973,5.0
1736245784.335219,0.025359127367203187,5.0
1736245785.3361142,0.025909315031509176,5.0
1736245786.3378773,0.026423071177327905,5.0
1736245787.3397546,0.026908287952191884,5.0
1736245788.3405137,0.027369638344950688,5.0
1736245789.342147,0.027811330083978812,5.0
1736245790.3424509,0.028235070884976312,5.0
1736245791.3433547,0.0286433452589517,5.0
1736245792.3439202,0.029037289274898095,5.0
1736245793.34505,0.02941851620140943,5.0
1736245794.3456707,0.029787680585090764,5.0
1736245795.3471053,0.03014617805538869,5.0
1736245796.348406,0.030494449880424483,5.0
1736245797.3496969,0.03083323500644597,5.0
1736245798.3512096,0.03116322214870408,5.0
1736245799.3525066,0.03148482319366385,5.0
1736245800.353607,0.031798529682892575,5.0
1736245801.3548915,0.03210490154576124,5.0
1736245802.3559635,0.03240421640815054,5.0
1736245803.3572283,0.03269695864199373,5.0
1736245804.3587937,0.03298348659345147,5.0
1736245805.3599827,0.03326391132743424,5.0
1736245806.3611379,0.03353861214203503,5.0
1736245807.3621087,0.033807807565393554,5.0
1736245808.3633518,0.03407185845523787,5.0
1736245809.3646574,0.03433092848774608,5.0
1736245810.3659708,0.03458507749629238,5.0
1736245811.3672025,0.03483474113645774,5.0
1736245812.3686903,0.03508004791615102,5.0
1736245813.3701646,0.03532109837510395,5.0
1736245814.3716607,0.03555805858625158,5.0
1736245815.3729193,0.03579101662476397,5.0
1736245816.3744535,0.036020231011523164,5.0
1736245817.375935,0.03624575668804406,5.0
1736245818.3774269,0.03646760552025172,5.0
1736245819.378518,0.036685947112492796,5.0
1736245820.3792408,0.03690100322922637,5.0
1736245821.380182,0.03711289045652007,5.0
1736245822.38085,0.03732160440328333,5.0
1736245823.3825293,0.03752739996767819,5.0
1736245824.3831902,0.03773015971919361,5.0
1736245825.385065,0.03793021234158877,5.0
1736245826.3855877,0.03812733419304436,5.0
1736245827.386359,0.03832181873927522,5.0
1736245828.3879259,0.038513842320987486,5.0
1736245829.3886223,0.03870315670177551,5.0
1736245830.3899186,0.03889010889379256,5.0
1736245831.391079,0.03907462470653536,5.0
1736245832.3923013,0.03925680304006156,5.0
1736245833.3931735,0.039436629441772016,5.0
1736245834.3946195,0.03961422382810702,5.0
1736245835.3951874,0.039789590618464606,5.0
1736245836.396545,0.03996297128764844,5.0
1736245837.3976483,0.04013423402186179,5.0
1736245838.3988395,0.040303486514496764,5.0
1736245839.3996737,0.04047070123610385,5.0
1736245840.4007413,0.04063602226933893,5.0
1736245841.4019861,0.04079948259349536,5.0
1736245842.4030921,0.04096107241385651,5.0
1736245843.4045224,0.041120906374796616,5.0
1736245844.406268,0.041278938378077806,5.0
1736245845.4068668,0.041435142341159824,5.0
1736245846.4075654,0.04158966896429019,5.0
1736245847.4082437,0.041742534507516124,5.0
1736245848.409468,0.0418938581370436,5.0
1736245849.4104493,0.04204355272630616,5.0
1736245850.4117906,0.042191739987526976,5.0
1736245851.4128902,0.04233836137738394,5.0
1736245852.4139879,0.042483482406106554,5.0
1736245853.415235,0.04262707921139751,5.0
1736245854.4159713,0.04276916335878867,5.0
1736245855.4163373,0.04290985332400274,5.0
1736245856.4176536,0.04304928727048568,5.0
1736245857.418728,0.04318732327389745,5.0
1736245858.4202433,0.04332407985454626,5.0
1736245859.421254,0.043459452182374576,5.0
1736245860.4225676,0.04359357328277598,5.0
1736245861.42367,0.043726396838812236,5.0
1736245862.4247897,0.043857975635801544,5.0
1736245863.4257488,0.04398830808689869,5.0
1736245864.4271731,0.044117496014086384,5.0
1736245865.428508,0.04424548755120499,5.0
1736245866.4297435,0.04437230156240135,5.0
1736245867.4304757,0.04449790720687358,5.0
1736245868.431968,0.044622481398848536,5.0
1736245869.433649,0.044745907479506825,5.0
1736245870.4339035,0.044868131278270815,5.0
1736245871.4351046,0.044989398104296634,5.0
1736245872.4360366,0.045109576500826754,5.0
1736245873.4368358,0.0452286999684009,5.0
1736245874.437723,0.045346810938639,5.0
1736245875.438892,0.04546394741688752,5.0
1736245876.4395752,0.04558003522238446,5.0
1736245877.4409916,0.04569521119430657,5.0
1736245878.441593,0.045809350379964565,5.0
1736245879.4425647,0.04592258361336946,5.0
1736245880.4438097,0.046034912897347784,5.0
1736245881.445202,0.04614627472204649,5.0
1736245882.4460273,0.04625672876388126,5.0
1736245883.4464104,0.04636624025843778,5.0
1736245884.447689,0.04647496771255322,5.0
1736245885.4492176,0.046582851922867104,5.0
1736245886.4503758,0.046689838389624365,5.0
1736245887.4519203,0.046796019821407076,5.0
1736245888.4533124,0.04690135044585909,5.0
1736245889.4542825,0.047005813983590064,5.0
1736245890.4557798,0.04710952049277512,5.0
1736245891.4569874,0.04721239599079543,5.0
1736245892.4581158,0.04731447321328523,5.0
1736245893.458956,0.04741574170653238,5.0
1736245894.4599268,0.04751625425747737,5.0
1736245895.461151,0.04761603274072764,5.0
1736245896.4621966,0.04771504387138703,5.0
1736245897.4635258,0.04781334282336895,5.0
1736245898.4651806,0.04791088932716543,5.0
1736245899.4661,0.04800769638157722,5.0
1736245900.4672384,0.04810381236399156,5.0
1736245901.4685614,0.048199242399383654,5.0
1736245902.4697428,0.04829396406013867,5.0
1736245903.4708564,0.048387993090254586,5.0
1736245904.471484,0.04848129911976483,5.0
1736245905.472534,0.04857397514743291,5.0
1736245906.473624,0.04866599335785473,5.0
1736245907.4747257,0.04875735899657693,5.0
1736245908.4759688,0.04884809151127806,5.0
1736245909.476974,0.0489381642352333,5.0
1736245910.4779932,0.049027607534047175,5.0
1736245911.4795914,0.049116478661900435,5.0
1736245912.480228,0.04920464849708724,5.0
1736245913.4814088,0.04929225719233499,5.0
1736245914.4827492,0.04937923212501912,5.0
1736245915.483432,0.049465600396951026,5.0
1736245916.4848647,0.049551444536752545,5.0
1736245917.4859805,0.04963667931746842,5.0
1736245918.4875257,0.049721374663239115,5.0
1736245919.488705,0.049805469629469565,5.0
1736245920.4901164,0.04988902084110251,5.0
1736245921.4910913,0.04997197882542198,5.0
1736245922.4921541,0.050054393393854375,5.0
1736245923.4933574,0.050136274624942904,5.0
1736245924.4944685,0.05021760929806774,5.0
1736245925.4957514,0.050298424566103714,5.0
1736245926.4971855,0.05037872415901398,5.0
1736245927.498722,0.05045850954812976,5.0
1736245928.5001063,0.05053776594921438,5.0
1736245929.5012243,0.050616490055671724,5.0
1736245930.502707,0.05069473672497096,5.0
1736245931.503489,0.05077242817752969,5.0
1736245932.5048473,0.0508496687763584,5.0
1736245933.5061703,0.05092641600291649,5.0
1736245934.5075395,0.0510026810770139,5.0
1736245935.5087059,0.05107845003612243,5.0
1736245936.5095327,0.05115371775134317,5.0
1736245937.5122788,0.051228657732362466,5.0
1736245938.5132332,0.05130299722451487,5.0
1736245939.5153377,0.051376879734252055,5.0
1736245940.515992,0.05145027865869208,5.0
1736245941.5172405,0.0515232684865132,5.0
1736245942.5181804,0.05159578758458338,5.0
1736245943.519272,0.05166787376608676,5.0
1736245944.5205958,0.05173953681677593,5.0
1736245945.5215511,0.05181073806880974,5.0
1736245946.5227382,0.051881524446776225,5.0
1736245947.5237498,0.05195186036768059,5.0
1736245948.524389,0.05202175811489166,5.0
1736245949.5252023,0.05209121372511917,5.0
1736245950.5260649,0.052160293163449195,5.0
1736245951.5270784,0.05222897163873112,5.0
1736245952.5291853,0.05229724847269452,5.0
1736245953.5306587,0.05236507892690116,5.0
1736245954.5319335,0.05243256351739929,5.0
1736245955.5330083,0.052499638023236296,5.0
1736245956.534138,0.05256632320527474,5.0
1736245957.535211,0.05263261519557615,5.0
1736245958.5363443,0.052698525212150835,5.0
1736245959.5374117,0.052764048422185586,5.0
1736245960.5386317,0.0528292024765008,5.0
1736245961.5403144,0.05289397747372229,5.0
1736245962.54069,0.05295832907137574,5.0
1736245963.5419796,0.053022370362404404,5.0
1736245964.5434544,0.05308605735119658,5.0
1736245965.5441563,0.05314933260749156,5.0
1736245966.545277,0.05321227482925127,5.0
1736245967.5462904,0.05327485385203559,5.0
1736245968.546931,0.053337056416889614,5.0
1736245969.5486014,0.05339897237694208,5.0
1736245970.5497403,0.05346050795415273,5.0
1736245971.5508184,0.05352169533126296,5.0
1736245972.5519714,0.053582545701100485,5.0
1736245973.5528502,0.05364304082045851,5.0
1736245974.553541,0.05370318895858157,5.0
1736245975.554916,0.05376304510166811,5.0
1736245976.5559618,0.05382255126854891,5.0
1736245977.557188,0.053881740536845656,5.0
1736245978.5580592,0.05394058404533612,5.0
1736245979.5591316,0.05399911723420558,5.0
1736245980.5601132,0.05405732560286573,5.0
1736245981.5609043,0.054115206087642545,5.0
1736245982.5619233,0.054172785436636894,5.0
1736245983.5638392,0.05423004347231094,5.0
1736245984.5641034,0.05428695890600229,5.0
1736245985.5647373,0.054343588833682246,5.0
1736245986.566859,0.05439996769711481,5.0
1736245987.567587,0.05445596764176518,5.0
1736245988.5678792,0.05451167316854289,5.0
1736245989.5690486,0.05456713035254488,5.0
1736245990.5709805,0.05462233444727891,5.0
1736245991.572466,0.054677221007469114,5.0
1736245992.5736725,0.0547318018314008,5.0
1736245993.5749543,0.054786098550314605,5.0
1736245994.5765066,0.054840123846057943,5.0
1736245995.5781097,0.054893867927893546,5.0
1736245996.5790303,0.05494726427719335,5.0
1736245997.5798306,0.05500040478372475,5.0
1736245998.5812466,0.05505327278288816,5.0
1736245999.5816782,0.055105841928112936,5.0
1736246000.5833797,0.05515817719625196,5.0
1736246001.583954,0.055210210253819135,5.0
1736246002.584881,0.05526199284146335,5.0
1736246003.5860462,0.055313520811785644,5.0
1736246004.58723,0.05536478475025274,5.0
1736246005.5881145,0.05541577046217259,5.0
1736246006.5900052,0.055466546113336734,5.0
1736246007.5927105,0.05551710322014615,5.0
1736246008.5937552,0.055567319212581054,5.0
1736246009.5952694,0.05561727477779999,5.0
1736246010.596731,0.05566697632076616,5.0
1736246011.597996,0.055716417222768794,5.0
1736246012.5984628,0.05576559495570862,5.0
1736246013.5997803,0.055814566518764305,5.0
1736246014.6008801,0.05586328121149825,5.0
1736246015.6017768,0.05591174166296059,5.0
1736246016.6031015,0.05595998009534169,5.0
1736246017.6042497,0.05600796903078285,5.0
1736246018.6051474,0.05605570678062188,5.0
1736246019.6061497,0.05610321203420193,5.0
1736246020.6071515,0.056150481440645175,5.0
1736246021.6083407,0.05619752546524265,5.0
1736246022.6091921,0.05624432112238635,5.0
1736246023.6100378,0.056290885684935864,5.0
1736246024.6114798,0.05633722428817726,5.0
1736246025.6122918,0.05638333044442497,5.0
1736246026.6132822,0.056429218720087014,5.0
1736246027.6142294,0.056474880475669335,5.0
1736246028.6154704,0.056520332540641885,5.0
1736246029.6164954,0.056565553278602555,5.0
1736246030.6182601,0.0566105872111573,5.0
1736246031.6190789,0.05665536011822832,5.0
1736246032.6200993,0.056699925074590846,5.0
1736246033.6213107,0.0567442829452526,5.0
1736246034.6222162,0.056788413209409146,5.0
1736246035.6230981,0.05683232985994275,5.0
1736246036.624582,0.05687606159160862,5.0
1736246037.6259103,0.056919576591414084,5.0
1736246038.6270993,0.05696287706787562,5.0
1736246039.6279004,0.057005953816920356,5.0
1736246040.629619,0.0570488642343044,5.0
1736246041.6303625,0.05709152863572169,5.0
1736246042.6314912,0.05713400652747106,5.0
1736246043.6323905,0.05717627312677559,5.0
1736246044.6333847,0.05721834348849578,5.0
1736246045.6354988,0.05726026163779099,5.0
1736246046.636515,0.057301936096745644,5.0
1736246047.6374104,0.05734340919790854,5.0
1736246048.638189,0.05738468244136013,5.0
1736246049.6394215,0.05742578051955839,5.0
1736246050.6408234,0.057466692836219,5.0
1736246051.6417458,0.057507394204761586,5.0
1736246052.6430638,0.057547921457456526,5.0
1736246053.6439793,0.05758824351360707,5.0
1736246054.6454346,0.05762837736986397,5.0
1736246055.6465006,0.0576683091696428,5.0
1736246056.6467192,0.05770804425202758,5.0
1736246057.6480818,0.05774764059933401,5.0
1736246058.6491108,0.05778704072546094,5.0
1736246059.6501167,0.05782625809720454,5.0
1736246060.6509476,0.05786528795845644,5.0
1736246061.6520746,0.05790412745197307,5.0
1736246062.6531334,0.05794280825187057,5.0
1736246063.6541288,0.05798130925762338,5.0
1736246064.6561923,0.058019674826955935,5.0
1736246065.6618793,0.058058002656659835,5.0
1736246066.6627438,0.05809597225950272,5.0
1736246067.6640937,0.058133787209345776,5.0
1736246068.6652453,0.05817142267201628,5.0
1736246069.6660461,0.05820887411475065,5.0
1736246070.667055,0.0582461635223193,5.0
1736246071.6680634,0.0582832841231429,5.0
1736246072.6684403,0.0583202136898738,5.0
1736246073.6695163,0.05835700234326634,5.0
1736246074.6707175,0.058393629796650096,5.0
1736246075.671961,0.05843009398234392,5.0
1736246076.6730425,0.05846638847173339,5.0
1736246077.6737516,0.0585025067546401,5.0
1736246078.6749399,0.058538480517759436,5.0
1736246079.6759892,0.058574268758279834,5.0
1736246080.6771693,0.05860992152599365,5.0
1736246081.6780982,0.058645406428329355,5.0
1736246082.6788878,0.058680728473043155,5.0
1736246083.6800828,0.05871590775142797,5.0
1736246084.6810956,0.05875092449591768,5.0
1736246085.6823127,0.058785793140514436,5.0
1736246086.6835268,0.058820507326700175,5.0
1736246087.684984,0.05885507644338553,5.0
1736246088.6864932,0.05888949472020807,5.0
1736246089.6885135,0.05892377870093085,5.0
1736246090.6897113,0.058957883706537005,5.0
1736246091.690805,0.05899183529233612,5.0
1736246092.6915646,0.05902562662952595,5.0
1736246093.6927614,0.059059284599210775,5.0
1736246094.694244,0.05909280479805149,5.0
1736246095.6958466,0.059126182446706865,5.0
1736246096.6977966,0.05915940911511458,5.0
1736246097.6995556,0.05919250129874966,5.0
1736246098.7002075,0.059225413024178664,5.0
1736246099.7012978,0.059258196093917116,5.0
1736246100.7056067,0.05929094158664905,5.0
1736246101.706902,0.05932344706445532,5.0
1736246102.7074304,0.05935578706447934,5.0
1736246103.7086723,0.059388010249865605,5.0
1736246104.7095072,0.05942008128102542,5.0
1736246105.7107475,0.05945202697051212,5.0
1736246106.7120266,0.059483820099164954,5.0
1736246107.7127051,0.059515473731975216,5.0
1736246108.713716,0.059547001917023314,5.0
1736246109.714709,0.059578394317341264,5.0
1736246110.7158027,0.05960965538504632,5.0
1736246111.7166333,0.05964077454569276,5.0
1736246112.7176664,0.05967175080364269,5.0
1736246113.7189515,0.059702618847852565,5.0
1736246114.7204287,0.05973336118695243,5.0
1736246115.7212794,0.059763953498352416,5.0
1736246116.7219176,0.05979440932347145,5.0
1736246117.7230084,0.05982474956758781,5.0
1736246118.725119,0.05985499185213121,5.0
1736246119.7259843,0.059885068555187895,5.0
1736246120.7270465,0.059915023921961,5.0
1736246121.7281501,0.05994485394773594,5.0
1736246122.7289317,0.05997454853864127,5.0
1736246123.7301826,0.06000413183560083,5.0
1736246124.7312336,0.06003356857732531,5.0
1736246125.7319694,0.06006288842519676,5.0
1736246126.732945,0.0600920921466804,5.0
1736246127.7337334,0.06012116793563526,5.0
1736246128.7407172,0.06015030078140595,5.0
1736246129.7417495,0.060179139878710104,5.0
1736246130.7435822,0.0602078813306413,5.0
1736246131.744242,0.06023646923275583,5.0
1736246132.7450159,0.060264941188205,5.0
1736246133.7459772,0.060293299858837406,5.0
1736246134.7473924,0.06032155331189575,5.0
1736246135.7485507,0.06034968207848514,5.0
1736246136.7495396,0.06037768931886812,5.0
1736246137.7507343,0.06040558613575725,5.0
1736246138.7515736,0.060433343267795175,5.0
1736246139.7545214,0.06046105797319986,5.0
1736246140.7553391,0.06048859941212768,5.0
1736246141.7591765,0.060516109745976106,5.0
1736246142.7634132,0.06054348881184449,5.0
1736246143.763595,0.060570673115911536,5.0
1736246144.7645137,0.06059776554682552,5.0
1736246145.7652376,0.060624741381042305,5.0
1736246146.765958,0.06065160638937773,5.0
1736246147.7674825,0.060678382684850464,5.0
1736246148.8154907,0.06070604283233293,5.0
1736246149.825639,0.06073282425918217,5.0
1736246150.8314886,0.06075938192652587,5.0
1736246151.8515234,0.060785728149080245,5.0
1736246152.859157,0.06081211544276137,5.0
1736246153.875971,0.060838216525785145,5.0
1736246154.8774045,0.06086421361316556,5.0
1736246155.8780494,0.06089009882997718,5.0
1736246156.8793175,0.060915894937163116,5.0
1736246157.8804069,0.06094158173612209,5.0
1736246158.8813894,0.06096716165034267,5.0
1736246159.8827384,0.06099264726129621,5.0
1736246160.8834705,0.06101801410684765,5.0
1736246161.8848646,0.061043295112210176,5.0
1736246162.8860989,0.061068469975564414,5.0
1736246163.9319704,0.061093771787386474,5.0
1736246164.9482415,0.06111872659190335,5.0
1736246165.9677036,0.061144049225638236,5.0
1736246166.9768379,0.061169013162795,5.0
1736246167.9775913,0.06119366990096269,5.0
1736246168.9783895,0.061218228779036134,5.0
1736246169.9805896,0.06124272337822833,5.0
1736246170.9813924,0.061267085770984546,5.0
1736246171.9851763,0.06129142280062918,5.0
1736246173.0244856,0.061316164160506094,5.0
1736246174.0601044,0.061340794142516954,5.0
1736246175.0726368,0.061365044998912065,5.0
1736246176.0878642,0.0613892621994343,5.0
1736246177.0897772,0.061413042024439736,5.0
1736246178.1013353,0.061436978751269265,5.0
1736246179.1175601,0.061460557763277614,5.0
1736246180.1185915,0.06148405704212096,5.0
1736246181.1195579,0.061507461535688285,5.0
1736246182.1203,0.06153076802122816,5.0
1736246183.1219642,0.06155400354596326,5.0
1736246184.122764,0.06157712711618483,5.0
1736246185.1239533,0.0616001682089471,5.0
1736246186.1247907,0.06162311020395045,5.0
1736246187.1259658,0.06164596935513703,5.0
1736246188.1266396,0.061668726960862764,5.0
1736246189.1278517,0.06169140709781343,5.0
1736246190.1289024,0.0617139942964737,5.0
1736246191.1305068,0.061736505068086436,5.0
1736246192.132014,0.061758913751653786,5.0
1736246193.1328218,0.061781230244114325,5.0
1736246194.1336808,0.06180346034411758,5.0
1736246195.1347601,0.061825608189637685,5.0
1736246196.136925,0.061847665450777356,5.0
1736246197.1380637,0.06186963040321001,5.0
1736246198.1390228,0.06189151669714917,5.0
1736246199.139778,0.06191331306840272,5.0
1736246200.1406133,0.06193502613371861,5.0
1736246201.1418629,0.06195666347526855,5.0
1736246202.1429846,0.06197821374672492,5.0
1736246203.1438687,0.061999675026903095,5.0
1736246204.1448898,0.0620210557611072,5.0
1736246205.145792,0.06204235087149104,5.0
1736246206.1463327,0.0620635556499771,5.0
1736246207.147683,0.062084692813477255,5.0
1736246208.148359,0.062105736286624615,5.0
1736246209.1492999,0.06212670380216845,5.0
1736246210.1499686,0.062147584500203606,5.0
1736246211.1506999,0.06216838576539064,5.0
1736246212.1524944,0.062189128643530704,5.0
1736246213.1538424,0.062209782171811064,5.0
1736246214.1598446,0.062230451427571394,5.0
1736246215.1679995,0.062250920763608185,5.0
1736246216.169099,0.062271330938154075,5.0
1736246217.1700666,0.062291659868491354,5.0
1736246218.1711876,0.062311913716769876,5.0
1736246219.1718214,0.06233207991782468,5.0
1736246220.1726909,0.062352173433670034,5.0
1736246221.1738398,0.062372195437680446,5.0
1736246222.174745,0.062392135819439476,5.0
1736246223.1757078,0.062412000952414844,5.0
1736246224.1770072,0.062431796683346266,5.0
1736246225.1814938,0.06245157931669597,5.0
1736246226.181972,0.06247120758286408,5.0
1736246227.1832783,0.06249077707016931,5.0
1736246228.1841483,0.06251026336699048,5.0
1736246229.184846,0.06252967202044547,5.0
1736246230.1857555,0.06254901081879605,5.0
1736246231.1870384,0.06256828315256968,5.0
1736246232.1881843,0.06258747950545288,5.0
1736246233.1891594,0.06260659959947372,5.0
1736246234.1897922,0.06262564054232804,5.0
1736246235.190706,0.06264461453331034,5.0
1736246236.1918364,0.0626635206206588,5.0
1736246237.192848,0.06268235278842531,5.0
1736246238.1939085,0.06270111452061042,5.0
1736246239.1952486,0.06271981042906512,5.0
1736246240.1961224,0.06273842692439129,5.0
1736246241.19694,0.06275697200711858,5.0
1736246242.1981454,0.06277545418868662,5.0
1736246243.1991742,0.06279386333889933,5.0
1736246244.199873,0.06281219700348593,5.0
1736246245.2011328,0.06283047179231771,5.0
1736246246.2023404,0.06284867676920236,5.0
1736246247.203767,0.06286681715758206,5.0
1736246248.2048318,0.06288488275236948,5.0
1736246249.206194,0.0629028857605748,5.0
1736246250.2066453,0.06292080482676561,5.0
1736246251.207333,0.06293866086779973,5.0
1736246252.2086947,0.06295646189264216,5.0
1736246253.2093196,0.06297418313005228,5.0
1736246254.210516,0.06299184806015753,5.0
1736246255.2119663,0.06300945129111474,5.0
1736246256.212796,0.06302697777882077,5.0
1736246257.2137978,0.06304444174008003,5.0
1736246258.215489,0.06306184355778707,5.0
1736246259.2166715,0.06307918040146629,5.0
1736246260.2174828,0.06309644614349934,5.0
1736246261.2188854,0.0631136485096385,5.0
1736246262.21956,0.06313078343484277,5.0
1736246263.2216787,0.0631478791557358,5.0
1736246264.222858,0.06316488666336324,5.0
1736246265.225112,0.06318185763307645,5.0
1736246266.2259398,0.06319874142237186,5.0
1736246267.2271948,0.06321556966795591,5.0
1736246268.2282908,0.06323233276395496,5.0
1736246269.229176,0.06324903014999804,5.0
1736246270.2298872,0.06326566274417857,5.0
1736246271.2312331,0.0632822346536133,5.0
1736246272.2322683,0.06329874961715438,5.0
1736246273.238084,0.06331528188931046,5.0
1736246274.2544694,0.06333166696748782,5.0
1736246275.2555041,0.0633479990865982,5.0
1736246276.2562006,0.0633642653833434,5.0
1736246277.257236,0.06338047712768549,5.0
1736246278.2576966,0.0633966197989498,5.0
1736246279.2651815,0.06341281569193788,5.0
1736246280.2661922,0.06342884801664679,5.0
1736246281.2678242,0.063444815115103,5.0
1736246282.2681825,0.06346071927580536,5.0
1736246283.2690573,0.06347657313791728,5.0
1736246284.2694945,0.06349236183427377,5.0
1736246285.271206,0.0635080953961969,5.0
1736246286.2719822,0.06352377127312372,5.0
1736246287.2727046,0.06353939120721476,5.0
1736246288.273387,0.0635549532497281,5.0
1736246289.2874975,0.06357066594735263,5.0
1736246290.2886772,0.06358612109118315,5.0
1736246291.2898846,0.06360152006762561,5.0
1736246292.2909389,0.06361686034751086,5.0
1736246293.2914588,0.063632136385048,5.0
1736246294.292007,0.06364735704692774,5.0
1736246295.2988439,0.06366261728108118,5.0
1736246296.3229973,0.06367783947678637,5.0
1736246297.3308454,0.06369293916149614,5.0
1736246298.3499568,0.06370814421812103,5.0
1736246299.381175,0.06372314943474407,5.0
1736246300.3862927,0.06373810615400484,5.0
1736246301.3868408,0.06375294057831214,5.0
1736246302.3880556,0.06376772307777547,5.0
1736246303.38927,0.06378245961842854,5.0
1736246304.3905756,0.06379714392552727,5.0
1736246305.3917313,0.06381177269289123,5.0
1736246306.392993,0.06382634988846353,5.0
1736246307.3938985,0.06384086902325868,5.0
1736246308.3951094,0.06385533991919567,5.0
1736246309.3962605,0.0638697574970554,5.0
1736246310.3974316,0.06388412312846342,5.0
1736246311.3988268,0.0638984399399718,5.0
1736246312.399794,0.06391269884081204,5.0
1736246313.40073,0.06392690572954311,5.0
1736246314.4017398,0.06394106231571992,5.0
1736246315.4028141,0.06395516148651582,5.0
1736246316.4038181,0.06396921593487571,5.0
1736246317.4049845,0.063983221928877,5.0
1736246318.406027,0.06399717567255249,5.0
1736246319.406678,0.06401107367767943,5.0
1736246320.4086115,0.06402491980349655,5.0
1736246321.409506,0.06403872125250677,5.0
1736246322.4118311,0.06405249264622853,5.0
1736246323.413299,0.06406620271566424,5.0
1736246324.4140537,0.06407985374871189,5.0
1736246325.41504,0.064093458874846,5.0
1736246326.415647,0.06410701000038327,5.0
1736246327.4308782,0.06412056371686464,5.0
1736246328.4373994,0.06413401348367707,5.0
1736246329.4381053,0.064147420452512,5.0
1736246330.4391773,0.06416078424722442,5.0
1736246331.4400356,0.06417409731558066,5.0
1736246332.4407709,0.06418736108189961,5.0
1736246333.4416652,0.0642005794760073,5.0
1736246334.4429545,0.06421375576898243,5.0
1736246335.4436235,0.06422687680662319,5.0
1736246336.4448266,0.06423995792353132,5.0
1736246337.445647,0.0642529873220267,5.0
1736246338.446985,0.06426597690257785,5.0
1736246339.448046,0.06427891652855573,5.0
1736246340.449616,0.06429181653229583,5.0
1736246341.4505293,0.06430466209761239,5.0
1736246342.4526548,0.06431747735536121,5.0
1736246343.4545007,0.06433023634122909,5.0
1736246344.4560702,0.06434295336188559,5.0
1736246345.4572914,0.06435562069536928,5.0
1736246346.4583187,0.06436824051529673,5.0
1736246347.45967,0.06438081952266841,5.0
1736246348.460714,0.06439334996592416,5.0
1736246349.4617674,0.06440583600780146,5.0
1736246350.4627278,0.06441827655671946,5.0
1736246351.4639764,0.06443066402729501,5.0
1736246352.4650671,0.06444301172284982,5.0
1736246353.4663074,0.06445532382542148,5.0
1736246354.4672184,0.0644675882506822,5.0
1736246355.4684184,0.06447981275087883,5.0
1736246356.4692266,0.06449198919504398,5.0
1736246357.470272,0.06450412541803183,5.0
1736246358.4712963,0.06451621844440802,5.0
1736246359.4723382,0.064528268914887,5.0
1736246360.473337,0.06454027626940308,5.0
1736246361.4745266,0.06455223687931778,5.0
1736246362.4757783,0.06456416257285794,5.0
1736246363.4766593,0.06457604176269262,5.0
1736246364.4777803,0.06458788187381681,5.0
1736246365.47875,0.06459967843676186,5.0
1736246366.4800115,0.06461143683159568,5.0
1736246367.480637,0.06462314634983389,5.0
1736246368.4812055,0.0646348139695134,5.0
1736246369.4821813,0.06464644525052354,5.0
1736246370.4827387,0.06465803075887332,5.0
1736246371.4836652,0.0646695797774694,5.0
1736246372.484455,0.06468108661792338,5.0
1736246373.4854412,0.06469255526335334,5.0
1736246374.48639,0.06470398318898843,5.0
1736246375.4877164,0.06471537526646494,5.0
1736246376.4889011,0.06472672573428116,5.0
1736246377.48977,0.06473803280093587,5.0
1736246378.4906785,0.06474930065776688,5.0
1736246379.4914367,0.06476052732488358,5.0
1736246380.492473,0.06477171775577283,5.0
1736246381.4931414,0.06478286489214231,5.0
1736246382.4944844,0.06479398047835816,5.0
1736246383.4958029,0.06480505686921642,5.0
1736246384.4970355,0.06481609354536602,5.0
1736246385.498335,0.06482709234122191,5.0
1736246386.4994345,0.06483805048707933,5.0
1736246387.5004263,0.06484896915783527,5.0
1736246388.501558,0.06485984561485653,5.0
1736246389.502604,0.06487068874474675,5.0
1736246390.5035524,0.06488149297154037,5.0
1736246391.50457,0.06489226024275142,5.0
1736246392.5056581,0.06490299071224807,5.0
1736246393.5064423,0.06491368052399284,5.0
1736246394.507545,0.06492433647151778,5.0
1736246395.5086837,0.06493495567212633,5.0
1736246396.5098734,0.06494553842404927,5.0
1736246397.5110002,0.06495608366640297,5.0
1736246398.5119,0.06496658443597793,5.0
1736246399.5136573,0.06497705764824684,5.0
1736246400.5142286,0.06498748745541857,5.0
1736246401.5151312,0.06499788446186108,5.0
1736246402.5160768,0.06500824579026754,5.0
1736246403.5168717,0.06501856958152882,5.0
1736246404.5180721,0.06502886169830344,5.0
1736246405.5189326,0.0650391146109679,5.0
1736246406.5200858,0.06504933494144476,5.0
1736246407.521598,0.06505952346837937,5.0
1736246408.5224152,0.06506966962020926,5.0
1736246409.5237153,0.0650797854887731,5.0
1736246410.524921,0.06508986535460766,5.0
1736246411.5261178,0.0650999102191187,5.0
1736246412.5267956,0.06510991512449589,5.0
1736246413.5277123,0.06511988779619167,5.0
1736246414.5286765,0.06512982644416083,5.0
1736246415.5309792,0.06513974394765551,5.0
1736246416.5319824,0.06514961433497632,5.0
1736246417.532501,0.06515944586135836,5.0
1736246418.5351524,0.06516926429462147,5.0
1736246419.5442674,0.06517911173502758,5.0
1736246420.54523,0.06518884576753392,5.0
1736246421.546561,0.06519854443362576,5.0
1736246422.5469909,0.06520820629336296,5.0
1736246423.5482183,0.06521784251988015,5.0
1736246424.5489619,0.065227440892577,5.0
1736246425.5496006,0.06523700520026895,5.0
1736246426.550712,0.06524654107182194,5.0
1736246427.551306,0.06525603920044969,5.0
1736246428.5520813,0.06526550636261666,5.0
1736246429.5529873,0.06527494218634873,5.0
1736246430.554231,0.06528434872301132,5.0
1736246431.5553546,0.065293721786355,5.0
1736246432.5568018,0.06530306564069531,5.0
1736246433.557676,0.06531237205544387,5.0
1736246434.5583856,0.06532164498240925,5.0
1736246435.5597646,0.06533089224826474,5.0
1736246436.5605445,0.06534010225443965,5.0
1736246437.5611823,0.065349279361728,5.0
1736246438.5625489,0.06535843164900373,5.0
1736246439.5635595,0.06536754930220266,5.0
1736246440.5642018,0.06537663236031109,5.0
1736246441.565556,0.06538569073061568,5.0
1736246442.5665965,0.06539471523302892,5.0
1736246443.5677776,0.06540371008875427,5.0
1736246444.5687025,0.06541267185256228,5.0
1736246445.5701034,0.06542160718751153,5.0
1736246446.5722384,0.06543050806519314,5.0
1736246447.5725892,0.06543937306846684,5.0
1736246448.573433,0.06544821212657324,5.0
1736246449.5941443,0.06545719553526731,5.0
1736246450.612129,0.06546612376996155,5.0
1736246451.614998,0.0654748891054269,5.0
1736246452.6250725,0.06548368710483839,5.0
1736246453.6447237,0.0654923893946339,5.0
1736246454.6464787,0.06550105527589101,5.0
1736246455.6477852,0.06550968771025095,5.0
1736246456.6524484,0.06551831948457947,5.0
1736246457.6607587,0.06552695289511676,5.0
1736246458.6620297,0.06553549214389576,5.0
1736246459.6625392,0.06554400038080249,5.0
1736246460.6637113,0.06555248094679135,5.0
1736246461.6647353,0.06556093568904507,5.0
1736246462.6657448,0.06556936152609746,5.0
1736246463.6668909,0.06557775983176085,5.0
1736246464.6677663,0.0655861273019793,5.0
1736246465.6687725,0.06559446740312239,5.0
1736246466.6695654,0.06560277737955114,5.0
1736246467.6704428,0.06561105981223637,5.0
1736246468.6711273,0.06561931251557941,5.0
1736246469.6720119,0.06562753883361724,5.0
1736246470.672736,0.06563573590528377,5.0
1736246471.673859,0.06564390840527531,5.0
1736246472.6746762,0.06565205068104088,5.0
1736246473.6759734,0.0656601692189063,5.0
1736246474.6770656,0.06566825855551078,5.0
1736246475.678463,0.06567632291101087,5.0
1736246476.6793935,0.06568435617601394,5.0
1736246477.6799395,0.06569235914599159,5.0
1736246478.6805103,0.06570033520995577,5.0
1736246479.6811981,0.06570828519722977,5.0
1736246480.6821015,0.06571620997582135,5.0
1736246481.6828887,0.06572410701468986,5.0
1736246482.6841311,0.06573198090630941,5.0
1736246483.6852646,0.06573982729870591,5.0
1736246484.6857584,0.06574764215974882,5.0
1736246485.6867669,0.06575543460879203,5.0
1736246486.6873713,0.0657631975851296,5.0
1736246487.6885483,0.06577093875681345,5.0
1736246488.6896312,0.06577865304481391,5.0
1736246489.690973,0.06578634325928076,5.0
1736246490.692166,0.06579400636007246,5.0
1736246491.6931043,0.06580163755502604,5.0
1736246492.6939769,0.06580924658996373,5.0
1736246493.6959279,0.06581683811211526,5.0
1736246494.6973934,0.06582440034395248,5.0
1736246495.69884,0.06583193691965054,5.0
1736246496.7000973,0.065839446660761,5.0
1736246497.7015262,0.06584693236428453,5.0
1736246498.7024746,0.06585438926151513,5.0
1736246499.7035015,0.06586182162270128,5.0
1736246500.7046866,0.0658692301232702,5.0
1736246501.7055583,0.0658766113685204,5.0
1736246502.7060819,0.0658839652186734,5.0
1736246503.7068672,0.06589129624962603,5.0
1736246504.707468,0.0658986012787832,5.0
1736246505.7086656,0.0659058860843219,5.0
1736246507.1317647,0.0659161883738221,5.0
1736246508.1331909,0.065923415692656,5.0
1736246509.134005,0.06593061432118924,5.0
1736246510.1349363,0.06593778960937541,5.0
1736246511.136048,0.06594494208851505,5.0
1736246512.138572,0.06595208058814339,5.0
1736246513.1396985,0.06595918518922678,5.0
1736246514.1404142,0.06596626304437257,5.0
1736246515.1549504,0.06597331580737562,5.0
1736246516.1557896,0.06598034713919858,5.0
1736246517.1569746,0.06598735731276385,5.0
1736246518.1573527,0.06599433835944982,5.0
1736246519.1582005,0.06600129928360855,5.0
1736246520.1736267,0.06600823561920353,5.0
1736246521.174759,0.06601515195032902,5.0
1736246522.1756568,0.06602204350331758,5.0
1736246523.191548,0.0660289106945129,5.0
1736246524.1922247,0.0660357546778843,5.0
1736246525.1931531,0.06604257747705138,5.0
1736246526.1943603,0.06604937933971314,5.0
1736246527.1955562,0.0660561583690697,5.0
1736246528.196186,0.06606291090981935,5.0
1736246529.197408,0.06606964485688621,5.0
1736246530.198405,0.06607635478503282,5.0
1736246531.1988075,0.06608303832362401,5.0
1736246532.199428,0.06608970099548905,5.0
1736246533.2004318,0.06609634395897883,5.0
1736246534.201442,0.06610296478080535,5.0
1736246535.2038105,0.06610957243633334,5.0
1736246536.2051857,0.06611614803520438,5.0
1736246537.2057638,0.06612269992790669,5.0
1736246538.2069883,0.06612923418165959,5.0
1736246539.2080266,0.06613574542592644,5.0
1736246540.2091508,0.06614223551119741,5.0
1736246541.2099218,0.066148701678066,5.0
1736246542.2107172,0.06615514311443091,5.0
1736246543.2120128,0.066161569632613,5.0
1736246544.2153692,0.06616798789423006,5.0
1736246545.216546,0.06617437085369617,5.0
1736246546.217473,0.06618073096780677,5.0
1736246547.2186744,0.06618707164280377,5.0
1736246548.2197278,0.06619339027438269,5.0
1736246549.2208285,0.06619968817474078,5.0
1736246550.2214212,0.06620596193827574,5.0
1736246551.2230456,0.06621222127705863,5.0
1736246552.2242732,0.06621845731921212,5.0
1736246553.2252643,0.06622467115620152,5.0
1736246554.2257724,0.06623086135346014,5.0
1736246555.2266543,0.06623703328908512,5.0
1736246556.2286336,0.06624319145281266,5.0
1736246557.2296379,0.06624932317549612,5.0
1736246558.2306228,0.06625543441492612,5.0
1736246559.2312036,0.06626152290667557,5.0
1736246560.2324896,0.06626759546380981,5.0
1736246561.2336895,0.06627364733995834,5.0
1736246562.235312,0.06627967475556429,5.0
1736246563.235801,0.066285682281456,5.0
1736246564.2367754,0.06629167279060579,5.0
1736246565.2379801,0.06629764480526754,5.0
1736246566.2393699,0.06630359811301943,5.0
1736246567.2405367,0.06630953035965273,5.0
1736246568.2416708,0.06631544274964465,5.0
1736246569.2427855,0.0663213354312667,5.0
1736246570.2439544,0.06632720890756483,5.0
1736246571.2450316,0.06633306239096659,5.0
1736246572.246326,0.06633889775304531,5.0
1736246573.2475798,0.0663447135548932,5.0
1736246574.2489848,0.0663505109747278,5.0
1736246575.249899,0.06635628637293228,5.0
1736246576.250631,0.06636204161912197,5.0
1736246577.2515323,0.06636777879910692,5.0
1736246578.2527804,0.06637349898454775,5.0
1736246579.2541,0.06637920065696871,5.0
1736246580.2554512,0.06638488365178313,5.0
1736246581.2568302,0.06639054801317464,5.0
1736246582.2578964,0.06639619188782919,5.0
1736246583.2588727,0.06640181660942479,5.0
1736246584.259876,0.0664074229015074,5.0
1736246585.261354,0.06641301332293727,5.0
1736246586.2625613,0.06641858377252553,5.0
1736246587.263474,0.06642413419649876,5.0
1736246588.2648134,0.06642966865630627,5.0
1736246589.2658312,0.06643518307669918,5.0
1736246590.2669013,0.06644067958830101,5.0
1736246591.267752,0.06644615676818479,5.0
1736246592.268219,0.0664516137970034,5.0
1736246593.2700737,0.06645706037178693,5.0
1736246594.270998,0.06646248394173834,5.0
1736246595.2735143,0.06646789821873504,5.0
1736246596.2765515,0.06647329113119281,5.0
1736246597.2773042,0.06647866029477752,5.0
1736246598.2784936,0.06648401410642071,5.0
1736246599.2797372,0.06648935056849609,5.0
1736246600.2810738,0.06649466994569235,5.0
1736246601.2823243,0.06649997134785503,5.0
1736246602.2831051,0.06650525281931662,5.0
1736246603.2840102,0.06651051756401218,5.0
1736246604.284792,0.06651576434060102,5.0
1736246605.286051,0.06652099634876814,5.0
1736246606.2867775,0.06652620837252306,5.0
1736246607.2886128,0.06653140900626467,5.0
1736246608.2895486,0.06653658487435278,5.0
1736246609.290493,0.06654174677508204,5.0
1736246610.2915401,0.06654689223667583,5.0
1736246611.2924519,0.06655202009454134,5.0
1736246612.2937155,0.06655713289852494,5.0
1736246613.2945998,0.06656222697379509,5.0
1736246614.2963376,0.0665673086414416,5.0
1736246615.2973588,0.06657236999048584,5.0
1736246616.2988195,0.06657741693229656,5.0
1736246617.2994223,0.06658244299484946,5.0
1736246618.300523,0.06658745505626583,5.0
1736246619.301422,0.06659244966290091,5.0
1736246620.3028991,0.06659743075284844,5.0
1736246621.304006,0.06660239366279798,5.0
1736246622.3049884,0.06660733967753035,5.0
1736246623.3063498,0.06661227133635884,5.0
1736246624.3173885,0.06661723424503084,5.0
1736246625.330306,0.06662218989741962,5.0
1736246626.331272,0.06662707092983465,5.0
1736246627.3319087,0.06663193437041996,5.0
1736246628.3333654,0.06663678302519861,5.0
1736246629.334725,0.06664161814117532,5.0
1736246630.3358479,0.06664643627783122,5.0
1736246631.3371701,0.06665123958816811,5.0
1736246632.3378658,0.06665602417486617,5.0
1736246633.339015,0.06666079526008965,5.0
1736246634.3398743,0.06666554935119813,5.0
1736246635.3407443,0.06667028793650445,5.0
1736246636.3422906,0.06667501065003466,5.0
1736246637.3430498,0.06667971776254114,5.0
1736246638.3440797,0.06668441074917728,5.0
1736246639.3459904,0.0666890924955626,5.0
1736246640.34734,0.06669375631023183,5.0
1736246641.3483477,0.06669840328583582,5.0
1736246642.3504958,0.06670304033984265,5.0
1736246643.351405,0.06670765651569079,5.0
1736246644.3529358,0.06671226046165796,5.0
1736246645.3539577,0.0667168470286674,5.0
1736246646.3550105,0.0667214187533598,5.0
1736246647.3558557,0.0667259746011123,5.0
1736246648.3569238,0.06673051658276932,5.0
1736246649.358416,0.06673504564790526,5.0
1736246650.3595746,0.06673955841770543,5.0
1736246651.3603475,0.0667440547254786,5.0
1736246652.3615499,0.06674853595181478,5.0
1736246653.3624816,0.06675300367660585,5.0
1736246654.3635187,0.06675745729397381,5.0
1736246655.3651345,0.06676189894441605,5.0
1736246656.3662848,0.0667663240453887,5.0
1736246657.367497,0.06677073498514718,5.0
1736246658.3682332,0.06677512945331213,5.0
1736246659.3846912,0.06677957829823952,5.0
1736246660.4159553,0.06678407192939836,5.0
1736246661.4167607,0.06678842323646024,5.0
1736246662.41785,0.06679276159586829,5.0
1736246663.419272,0.06679708725370419,5.0
1736246664.4202263,0.066801396804835,5.0
1736246665.42104,0.06680569171743214,5.0
1736246666.4222164,0.06680997419455442,5.0
1736246667.423559,0.06681424343247068,5.0
1736246668.4242444,0.0668184959789195,5.0
1736246669.4256034,0.06682273753552834,5.0
1736246670.426605,0.06682696377608527,5.0
1736246671.4278207,0.06683117716337784,5.0
1736246672.428961,0.06683537652330437,5.0
1736246673.4303255,0.06683956315554566,5.0
1736246674.4312112,0.06684373417315354,5.0
1736246675.4320695,0.06684789151354172,5.0
1736246676.4331403,0.0668520362153287,5.0
1736246677.4345546,0.06685616885612874,5.0
1736246678.4353728,0.06686028560921328,5.0
1736246679.436694,0.06686439104217329,5.0
1736246680.4379601,0.06686848290505229,5.0
1736246681.439098,0.06687256094572645,5.0
1736246682.4402208,0.0668766256754131,5.0
1736246683.4410872,0.06688067616284452,5.0
1736246684.447677,0.06688471134428278,5.0
1736246685.449759,0.0668887383665893,5.0
1736246686.4512937,0.06689275219675933,5.0
1736246687.452355,0.06689675110019411,5.0
1736246688.4536862,0.06690073373202048,5.0
1736246689.4548094,0.06690470697192621,5.0
1736246690.4574058,0.06690866486028392,5.0
1736246691.4587564,0.06691261116544836,5.0
1736246692.4600837,0.06691654260309617,5.0
1736246693.4616728,0.06692046636558621,5.0
1736246694.4626842,0.06692437514190792,5.0
1736246695.4639902,0.06692827238696167,5.0
1736246696.465394,0.06693215736967041,5.0
1736246697.4661212,0.0669360271394141,5.0
1736246698.4676836,0.06693988758189752,5.0
1736246699.4691155,0.06694373500446396,5.0
1736246700.469971,0.06694756774877869,5.0
1736246701.470694,0.06695138757107702,5.0
1736246702.471894,0.06695519683206669,5.0
1736246703.472863,0.06695899287572808,5.0
1736246704.4742203,0.06696277808983019,5.0
1736246705.4769745,0.06696655629532075,5.0
1736246706.478022,0.06697031584579438,5.0
1736246707.4798827,0.06697406626157197,5.0
1736246708.4809737,0.06697780165841641,5.0
1736246709.482144,0.06698152525770074,5.0
1736246710.4837902,0.06698523659958693,5.0
1736246711.4847922,0.06698893551201773,5.0
1736246712.4863005,0.06699262431723668,5.0
1736246713.4877443,0.0669963009462039,5.0
1736246714.4891896,0.06699996568180887,5.0
1736246715.490102,0.0670036166182793,5.0
1736246716.4913542,0.06700725698185545,5.0
1736246717.4928951,0.06701088377581611,5.0
1736246718.49411,0.06701450050173617,5.0
1736246719.494913,0.06701810405203386,5.0
1736246720.4962845,0.0670216960881628,5.0
1736246721.4974756,0.06702527777198666,5.0
1736246722.4984596,0.06702884714157066,5.0
1736246723.4997737,0.06703240614992738,5.0
1736246724.50049,0.06703595154135673,5.0
1736246725.5019524,0.0670394881142239,5.0
1736246726.5037982,0.06704301460616481,5.0
1736246727.5144563,0.06704655673357644,5.0
1736246728.5162697,0.06705006026597184,5.0
1736246729.5173175,0.06705354981277385,5.0
1736246730.517969,0.06705702671807594,5.0
1736246731.519134,0.0670604941805481,5.0
1736246732.5204177,0.06706395085808232,5.0
1736246733.5228887,0.06706740045622256,5.0
1736246734.5240488,0.06707083235239876,5.0
1736246735.5250993,0.06707425486537341,5.0
1736246736.5261319,0.06707766627584512,5.0
1736246737.5266788,0.06708106503490661,5.0
1736246738.5273848,0.06708445337464192,5.0
1736246739.528515,0.06708783222062473,5.0
1736246740.5299296,0.06709120112466531,5.0
1736246741.531212,0.06709455872029196,5.0
1736246742.5322907,0.06709790480861957,5.0
1736246743.5336292,0.06710124097490858,5.0
1736246744.5350587,0.06710456668714739,5.0
1736246745.5359206,0.06710787980121706,5.0
1736246746.536869,0.06711118252624772,5.0
1736246747.537958,0.06711447507203538,5.0
1736246748.5390017,0.06711775686249995,5.0
1736246749.5397916,0.06712102725305716,5.0
1736246750.5407355,0.0671242876135894,5.0
1736246751.5420685,0.06712753873639578,5.0
1736246752.5434964,0.06713077969366188,5.0
1736246753.5445483,0.06713400900077639,5.0
1736246754.545381,0.06713722720787384,5.0
1736246755.5464344,0.06714043576325507,5.0
1736246756.5474374,0.0671436338306816,5.0
1736246757.5484607,0.06714682167047538,5.0
1736246758.5495381,0.06714999942357507,5.0
1736246759.5508213,0.0671531676014879,5.0
1736246760.5518727,0.06715632485434671,5.0
1736246761.5528202,0.06715947162423094,5.0
1736246762.5542214,0.0671626096927978,5.0
1736246763.5557303,0.06716573800114808,5.0
1736246764.556723,0.06716885464007263,5.0
1736246765.558111,0.06717196248203494,5.0
1736246766.5592012,0.06717505940935944,5.0
1736246767.5599396,0.06717814529678182,5.0
1736246768.563189,0.06718122897346111,5.0
1736246769.564648,0.067184297240057,5.0
1736246770.5656223,0.06718735416468917,5.0
1736246771.567065,0.0671904026899183,5.0
1736246772.5680525,0.06719344003722197,5.0
1736246773.569441,0.06719646883781405,5.0
1736246774.5707068,0.0671994875357203,5.0
1736246775.571811,0.06720249605020162,5.0
1736246776.5725513,0.06720549381344096,5.0
1736246777.5733557,0.06720848214377644,5.0
1736246778.574383,0.06721146154311052,5.0
1736246779.5752473,0.06721443089351373,5.0
1736246780.576101,0.06721739068185772,5.0
1736246781.5769727,0.0672203410235147,5.0
1736246782.577874,0.06722328198371239,5.0
1736246783.5794275,0.06722621541400363,5.0
1736246784.5805573,0.06722913819099538,5.0
1736246785.581644,0.06723205146334214,5.0
1736246786.5824919,0.06723495469640722,5.0
1736246787.5836341,0.0672378494674554,5.0
1736246788.5846407,0.06724073456144722,5.0
1736246789.5857568,0.06724361071587802,5.0
1736246790.5865786,0.06724647680425865,5.0
1736246791.5872872,0.06724933338091856,5.0
1736246792.5884812,0.0672521821800611,5.0
1736246793.5894575,0.06725502122769687,5.0
1736246794.5903025,0.06725785080356511,5.0
1736246795.5912528,0.06726067160742268,5.0
1736246796.5928993,0.06726348387365853,5.0
1736246797.5938818,0.06726628671482358,5.0
1736246798.5945537,0.06726907970886897,5.0
1736246799.5956109,0.06727186482690652,5.0
1736246800.5966551,0.06727464098573942,5.0
1736246801.5976248,0.06727740804473399,5.0
1736246802.5987108,0.06728016656060679,5.0
1736246803.6008341,0.0672829161790007,5.0
1736246804.6014907,0.06728565587842579,5.0
1736246805.6024117,0.06728838752798584,5.0
1736246806.603029,0.06729110960654268,5.0
1736246807.6042333,0.06729382456237458,5.0
1736246808.605433,0.0672965308126054,5.0
1736246809.6065495,0.06729922769783059,5.0
1736246810.6075904,0.06730191485568038,5.0
1736246811.6087558,0.06730459511375127,5.0
1736246812.6102054,0.06730726755028292,5.0
1736246813.6110907,0.06730992993275065,5.0
1736246814.6124256,0.06731258498804478,5.0
1736246815.6139567,0.06731523066793453,5.0
1736246816.6149495,0.06731786785983625,5.0
1736246817.6158876,0.06732049647306114,5.0
1736246818.6168978,0.06732311686761336,5.0
1736246819.6179037,0.06732572753390403,5.0
1736246820.6194413,0.06732833256906,5.0
1736246821.619982,0.06733092668969744,5.0
1736246822.622175,0.06733351678337099,5.0
1736246823.6228938,0.06733609479522101,5.0
1736246824.624098,0.06733866581286196,5.0
1736246825.624821,0.06734122738067397,5.0
1736246826.6252973,0.06734378013571157,5.0
1736246827.6269164,0.06734632449107597,5.0
1736246828.6281042,0.06734886276673388,5.0
1736246829.6295316,0.0673513922031623,5.0
1736246830.6304626,0.06735391363808434,5.0
1736246831.631487,0.06735642725207362,5.0
1736246832.6324198,0.06735893260816292,5.0
1736246833.6333177,0.06736142987505052,5.0
1736246834.634138,0.06736391769450699,5.0
1736246835.6349847,0.06736639891519909,5.0
1736246836.6357064,0.06736887190558302,5.0
1736246837.6369812,0.06737133836220262,5.0
1736246838.6379607,0.06737379621769743,5.0
1736246839.6390176,0.0673762464160569,5.0
1736246840.6410635,0.06737869120144574,5.0
1736246841.6420882,0.06738112569563298,5.0
1736246842.6434026,0.06738355312067117,5.0
1736246843.6446257,0.06738597257609981,5.0
1736246844.6458037,0.06738838420065382,5.0
1736246845.646998,0.06739078816755478,5.0
1736246846.6475885,0.06739318302033533,5.0
1736246847.6488366,0.06739557180218148,5.0
1736246848.649615,0.06739795184656237,5.0
1736246849.6510615,0.0674003258819207,5.0
1736246850.6523764,0.06740269203134447,5.0
1736246851.6534889,0.0674050501560713,5.0
1736246852.6542983,0.06740740004949371,5.0
1736246853.6553292,0.0674097429686951,5.0
1736246854.6564717,0.06741207867719932,5.0
1736246855.657881,0.06741440755732832,5.0
1736246856.6585982,0.06741672740809206,5.0
1736246857.6595275,0.06741904035547223,5.0
1736246858.66066,0.06742134639810468,5.0
1736246859.6623645,0.06742364640113294,5.0
1736246860.663879,0.06742593863480169,5.0
1736246861.6720426,0.06742822262000403,5.0
1736246862.6733656,0.06743049982905319,5.0
1736246863.67445,0.06743276923998245,5.0
1736246864.67601,0.06743503134479364,5.0
1736246865.6766407,0.06743728529811051,5.0
1736246866.6775174,0.06743953262529391,5.0
1736246867.6932979,0.06744180272673994,5.0
1736246868.6943512,0.06744403493080929,5.0
1736246869.6970618,0.06744626043418607,5.0
1736246870.6977386,0.0674484787385089,5.0
1736246871.699862,0.06745069317286088,5.0
1736246872.700713,0.06745289775030973,5.0
1736246873.7018166,0.06745509586408506,5.0
1736246874.7027442,0.06745728659501642,5.0
1736246875.7033813,0.06745946971978536,5.0
1736246876.7044036,0.06746164553531911,5.0
1736246877.7051253,0.06746381497438889,5.0
1736246878.706494,0.0674659789072015,5.0
1736246879.7076297,0.06746813544979466,5.0
1736246880.7083755,0.06747028429358859,5.0
1736246881.7093117,0.06747242670904093,5.0
1736246882.7102299,0.06747456227012018,5.0
1736246883.7116954,0.06747669220024459,5.0
1736246884.713119,0.06747881526292254,5.0
1736246885.7139108,0.06748093023653001,5.0
1736246886.7151515,0.06748303942885067,5.0
1736246887.7161665,0.06748514143816463,5.0
1736246888.7169163,0.0674872362086066,5.0
1736246889.7178562,0.06748932471536909,5.0
1736246890.7189443,0.06749140579353034,5.0
1736246891.7200818,0.06749348030181916,5.0
1736246892.7213707,0.06749554967717171,5.0
1736246893.7220833,0.0674976112867987,5.0
1736246894.7232308,0.067499667236556,5.0
1736246895.7242873,0.06750171646427991,5.0
1736246896.7255142,0.067503759525837,5.0
1736246897.7266097,0.06750579582609388,5.0
1736246898.7276335,0.06750782550935941,5.0
1736246899.7283626,0.06750984814819545,5.0
1736246900.7296019,0.06751186538831185,5.0
1736246901.7312515,0.06751387704047254,5.0
1736246902.732344,0.06751588118382955,5.0
1736246903.7332938,0.06751787867585253,5.0
1736246904.7345407,0.06751986938838973,5.0
1736246905.734962,0.06752185316633262,5.0
1736246906.735759,0.06752383138877859,5.0
1736246907.736491,0.06752580320185131,5.0
1736246908.7374012,0.06752776910450035,5.0
1736246909.7385654,0.06752972926143384,5.0
1736246910.739317,0.06753168238921718,5.0
1736246911.7410617,0.06753363124659385,5.0
1736246912.7436292,0.06753557550520983,5.0
1736246913.7446878,0.06753751066960784,5.0
1736246914.7453306,0.06753943889073638,5.0
1736246916.0350833,0.06754191520155503,5.0
1736246917.0514631,0.06754385703586474,5.0
1736246918.065622,0.067545790853381,5.0
1736246919.0833578,0.06754772524079075,5.0
1736246920.084093,0.06754962123038956,5.0
1736246921.0844212,0.06755151043767114,5.0
1736246922.0923777,0.06755340799320343,5.0
1736246923.1037145,0.0675553058199141,5.0
1736246924.1075115,0.06755718348288156,5.0
1736246925.108299,0.06755904957012936,5.0
1736246926.1093752,0.06756091027519635,5.0
1736246927.110425,0.06756276400408512,5.0
1736246928.126319,0.06756461155681047,5.0
1736246929.1274316,0.06756645468720289,5.0
1736246930.1282601,0.06756829145127796,5.0
1736246931.1292312,0.06757012265240488,5.0
1736246932.1303618,0.06757194833775847,5.0
1736246933.1311839,0.06757376767392154,5.0
1736246934.1319704,0.06757558117883546,5.0
1736246935.133319,0.06757738994928729,5.0
1736246936.1338947,0.06757919159480907,5.0
1736246937.1350024,0.06758098848512346,5.0
1736246938.135882,0.06758277927181941,5.0
1736246939.1367536,0.06758456436947063,5.0
1736246940.1378136,0.06758634414484718,5.0
1736246941.1385183,0.06758811765117928,5.0
1736246942.1409733,0.06758988862638839,5.0
1736246943.1445632,0.06759165597728505,5.0
1736246944.1453135,0.0675934127372165,5.0
1736246945.1458304,0.0675951635249158,5.0
1736246946.146722,0.06759690942145852,5.0
1736246947.1484802,0.06759865109871631,5.0
1736246948.150034,0.06760038527573606,5.0
1736246949.150945,0.067602114666665,5.0
1736246950.152056,0.0676038389246022,5.0
1736246951.1527104,0.06760555693841669,5.0
1736246952.1538253,0.06760727030001404,5.0
1736246953.154591,0.06760897764072898,5.0
1736246954.1557753,0.067610680286833,5.0
1736246955.1568027,0.06761237727526657,5.0
1736246956.1581717,0.06761406860663564,5.0
1736246957.1591382,0.06761575476490657,5.0
1736246958.160415,0.06761743610538211,5.0
1736246959.161596,0.06761911196216373,5.0
1736246960.1628695,0.06762078266692169,5.0
1736246961.1638806,0.06762244764654625,5.0
1736246962.165362,0.06762410813468328,5.0
1736246963.1665702,0.06762576291459814,5.0
1736246964.1675394,0.06762741206320717,5.0
1736246965.1686373,0.0676290562043507,5.0
1736246966.1693892,0.0676306945769261,5.0
1736246967.1708367,0.06763232889991874,5.0
1736246968.171743,0.06763395717061688,5.0
1736246969.1729534,0.06763558078285786,5.0
1736246970.1741464,0.06763719922945655,5.0
1736246971.1747396,0.06763881159013341,5.0
1736246972.175264,0.06764041874206718,5.0
1736246973.1766608,0.06764202220790912,5.0
1736246974.177364,0.0676436194948505,5.0
1736246975.1783779,0.06764521222463725,5.0
1736246976.179178,0.06764679957897128,5.0
1736246977.1844332,0.06764838894712147,5.0
1736246978.1858945,0.06764996729806214,5.0
1736246979.1870587,0.06765154018992987,5.0
1736246980.1881855,0.06765310804918703,5.0
1736246981.18888,0.06765467027698895,5.0
1736246982.189903,0.0676562280777526,5.0
1736246983.2062917,0.0676578047519089,5.0
1736246984.222653,0.06765935211828455,5.0
1736246985.2236106,0.06766089501803378,5.0
1736246986.2246456,0.06766243315963855,5.0
1736246987.2257843,0.06766396659811891,5.0
1736246988.2269309,0.06766549520148579,5.0
1736246989.2278059,0.06766701856057913,5.0
1736246990.2291112,0.06766853698521054,5.0
1736246991.2371306,0.06767005944886899,5.0
1736246992.2377028,0.06767156793094874,5.0
1736246993.2474885,0.06767308547320532,5.0
1736246994.2611737,0.06767460401116634,5.0
1736246995.2621624,0.06767609876179105,5.0
1736246996.2634525,0.06767758923817155,5.0
1736246997.2646213,0.06767907482496466,5.0
1736246998.2654476,0.06768055521259791,5.0
1736246999.2666943,0.06768203071786949,5.0
1736247000.2681513,0.06768350193295303,5.0
1736247001.2685978,0.06768496778425073,5.0
1736247002.2690928,0.06768642907921864,5.0
1736247003.2843223,0.0676878860694339,5.0
1736247004.2853515,0.06768933892742374,5.0
1736247005.286006,0.06769078665615491,5.0
1736247006.2869675,0.06769223025733341,5.0
1736247007.2883334,0.06769366988104997,5.0
1736247008.2898402,0.067695105159459,5.0
1736247009.2906756,0.06769653494663212,5.0
1736247010.2944245,0.06769796436325794,5.0
1736247011.2956655,0.06769938570058495,5.0
1736247012.2969105,0.06770080255591727,5.0
1736247013.3045049,0.06770222388018445,5.0
1736247014.3050153,0.06770363074360965,5.0
1736247015.3058515,0.06770503362468933,5.0
1736247016.3070083,0.06770643252633912,5.0
1736247017.308049,0.06770782685108075,5.0
1736247018.3094702,0.06770921730305911,5.0
1736247019.3105078,0.06771060283541291,5.0
1736247020.3116684,0.06771198416515051,5.0
1736247021.3124728,0.06771336064660201,5.0
1736247022.3139074,0.06771473292693941,5.0
1736247023.3145294,0.06771610048875872,5.0
1736247024.3155878,0.0677174643312913,5.0
1736247025.3166184,0.0677188238336085,5.0
1736247026.317525,0.06772017887932304,5.0
1736247027.3185825,0.06772152985479715,5.0
1736247028.3200428,0.06772287640126849,5.0
1736247029.3207798,0.06772421843851291,5.0
1736247030.3220577,0.06772555696622248,5.0
1736247031.3233962,0.0677268913519112,5.0
1736247032.3244572,0.06772822115993757,5.0
1736247033.3259978,0.06772954740839074,5.0
1736247034.3273928,0.06773086928047703,5.0
1736247035.3282905,0.06773218632938705,5.0
1736247036.3295553,0.06773349970684595,5.0
1736247037.330514,0.06773480854258358,5.0
1736247038.331407,0.06773611316670176,5.0
1736247039.332703,0.06773741420097872,5.0
1736247040.3341014,0.067738710586502,5.0
1736247041.334736,0.06774000257760399,5.0
1736247042.3358266,0.06774129108337532,5.0
1736247043.337136,0.06774257580769794,5.0
1736247044.33807,0.06774385600189292,5.0
1736247045.3391733,0.06774513237723945,5.0
1736247046.3401413,0.06774640455764008,5.0
1736247047.3409126,0.0677476724800683,5.0
1736247048.3416855,0.06774893640981589,5.0
1736247049.3439918,0.06775019828482973,5.0
1736247050.3446546,0.06775145411912699,5.0
1736247051.3459098,0.06775270673771171,5.0
1736247052.347355,0.06775395564481353,5.0
1736247053.34841,0.06775520013111004,5.0
1736247054.3494267,0.06775644064917054,5.0
1736247055.350626,0.0677576774839752,5.0
1736247056.3516092,0.06775891015603809,5.0
1736247057.3523955,0.06776013870369141,5.0
1736247058.353358,0.06776136359749257,5.0
1736247059.367012,0.06776258424376527,5.0
1736247060.3786128,0.0677638009815462,5.0
1736247061.3799448,0.067765014787773,5.0
1736247062.3818889,0.06776622489326675,5.0
1736247063.3828995,0.06776743067652269,5.0
1736247064.3836577,0.06776863235975615,5.0
1736247065.384337,0.06776982952141884,5.0
1736247066.3859336,0.06777102399613151,5.0
1736247067.3863122,0.0677722139160935,5.0
1736247068.387441,0.06777340097964427,5.0
1736247069.3888838,0.06777458467599583,5.0
1736247070.3897293,0.06777576394101568,5.0
1736247071.390938,0.06777693992001091,5.0
1736247072.3917503,0.0677781117325245,5.0
1736247073.392755,0.06777928008100464,5.0
1736247074.3938234,0.06778044482553026,5.0
1736247075.3995616,0.06778160980981911,5.0
1736247076.419825,0.06778276670716259,5.0
1736247077.4208422,0.06778392041715653,5.0
1736247078.4216821,0.0677850702926607,5.0
1736247079.4227917,0.06778621685807559,5.0
1736247080.4239955,0.06778735992199479,5.0
1736247081.4253106,0.06778849951441139,5.0
1736247082.426246,0.06778963508926593,5.0
1736247083.4270368,0.06779076692776688,5.0
1736247084.4282916,0.0677918957277096,5.0
1736247085.4295375,0.06779302096500738,5.0
1736247086.4303293,0.06779414215291373,5.0
1736247087.4313571,0.06779526007711728,5.0
1736247088.4319968,0.06779637405257997,5.0
1736247089.432845,0.06779748475579661,5.0
1736247090.4340568,0.06779859236664598,5.0
1736247091.435259,0.06779969648215588,5.0
1736247092.4360604,0.06780079668357034,5.0
1736247093.437533,0.06780189415920697,5.0
1736247094.4395838,0.06780298881198941,5.0
1736247095.4651382,0.06780410557159255,5.0
1736247096.466379,0.06780519238352238,5.0
1736247097.4673707,0.06780627550756502,5.0
1736247098.4683542,0.0678073550716581,5.0
1736247099.4689333,0.06780843095115176,5.0
1736247100.4697034,0.06780950365304826,5.0
1736247101.4709468,0.06781057348732779,5.0
1736247102.4721174,0.06781163987932122,5.0
1736247103.4736984,0.06781270335254455,5.0
1736247104.4746587,0.06781376282409365,5.0
1736247105.4754384,0.06781481877420611,5.0
1736247106.4777033,0.06781587296490496,5.0
1736247107.4780498,0.06781692182864196,5.0
1736247108.4851298,0.06781797442399459,5.0
1736247109.4857538,0.06781901697417658,5.0
1736247110.4927192,0.06782006282419784,5.0
1736247111.493501,0.06782109897496966,5.0
1736247112.494415,0.06782213200576938,5.0
1736247113.4956384,0.06782316210738387,5.0
1736247114.49603,0.06782418811892608,5.0
1736247115.496861,0.06782521135589939,5.0
1736247116.4975817,0.06782623126534436,5.0
1736247117.4990647,0.06782724874344996,5.0
1736247118.499909,0.06782826237648534,5.0
1736247119.508038,0.06782928016770302,5.0
1736247120.5286517,0.06783030728195774,5.0
1736247121.544518,0.06783131074309572,5.0
1736247122.5450323,0.06783231128399134,5.0
1736247123.5495715,0.06783331268865352,5.0
1736247124.5514336,0.06783430827946668,5.0
1736247125.5728068,0.06783532003663678,5.0
1736247126.5775661,0.0678363121714798,5.0
1736247127.5788717,0.06783729778335118,5.0
1736247128.5797906,0.06783827991897559,5.0
1736247129.5808802,0.06783925913615003,5.0
1736247130.594296,0.06784024727685826,5.0
1736247131.6042511,0.06784122891677839,5.0
1736247132.6057305,0.06784219924646251,5.0
1736247133.6070082,0.06784316633226578,5.0
1736247134.6091626,0.06784413122234542,5.0
1736247135.6110802,0.06784509161334396,5.0
1736247136.6113355,0.06784604863536847,5.0
1736247137.612063,0.0678470031034512,5.0
1736247138.6209154,0.067847962287685,5.0
1736247139.626611,0.06784891544875624,5.0
1736247140.6281767,0.06784986170683616,5.0
1736247141.6291049,0.06785080439222936,5.0
1736247142.630353,0.0678517444175537,5.0
1736247143.644942,0.06785268130949008,5.0
1736247144.6610951,0.0678536146444853,5.0
1736247183.9059565,0.024893337325305,0.0
1736247184.9068089,0.0247868431443729,0.0
1736247185.9077177,0.024679916508234003,0.0
1736247186.9266903,0.02457061639174966,0.0
1736247187.9712827,0.02445978404081472,0.0
1736247188.983106,0.024351540071877897,0.0
1736247189.989281,0.0242423801998515,0.0
1736247191.000718,0.024132063392830843,0.0
1736247192.042169,0.0240179805617778,0.0
1736247193.046168,0.02390752092053827,0.0
1736247194.06229,0.023795241623633494,0.0
1736247195.0797162,0.02368405920154753,0.0
1736247196.1194935,0.02356814585850223,0.0
1736247197.1221075,0.02345587009860773,0.0
1736247198.1228187,0.023343305539292494,0.0
1736247199.1238332,0.02323019807192547,0.0
1736247200.1311777,0.02311585422577186,0.0
1736247201.1333578,0.023001628202470335,0.0
1736247202.1463861,0.02288567934109273,0.0
1736247203.1469715,0.022770501068591752,0.0
1736247204.149591,0.022654539952174788,0.0
1736247205.1774757,0.022535077767553324,0.0
1736247206.188916,0.022417063006393324,0.0
1736247207.2146904,0.022296719129937415,0.0
1736247208.214813,0.0221787383176435,0.0
1736247209.2398715,0.022057264024530704,0.0
1736247210.240244,0.021938048066093063,0.0
1736247211.241033,0.021818171901715373,0.0
1736247212.2476573,0.021696970727447407,0.0
1736247213.2517378,0.02157586805577651,0.0
1736247214.2519803,0.021454162253819718,0.0
1736247215.2565062,0.021331542082212076,0.0
1736247216.2587543,0.021208273563297686,0.0
1736247217.2670743,0.02108388444608726,0.0
1736247218.3058705,0.02095928873255216,0.0
1736247219.3066225,0.02083413987269229,0.0
1736247220.3099754,0.02070795198934409,0.0
1736247221.3122687,0.020581297871224986,0.0
1736247222.313779,0.020454006223995173,0.0
1736247223.3169627,0.020325749796593948,0.0
1736247224.33477,0.020194837769717717,0.0
1736247225.350987,0.020064992956233534,0.0
1736247226.3524926,0.01993453388435459,0.0
1736247227.352862,0.01980334751059256,0.0
1736247228.3535507,0.019671293713026828,0.0
1736247229.3636158,0.01953728167196484,0.0
1736247230.372269,0.019402519135280235,0.0
1736247231.3973677,0.0192678049929175,0.0
1736247232.401788,0.019131825175550343,0.0
1736247233.4210498,0.01899282502529737,0.0
1736247234.4226193,0.018855293886521806,0.0
1736247235.4243996,0.018716777504027116,0.0
1736247236.471937,0.018571441014537813,0.0
1736247237.5083234,0.018430756278715568,0.0
1736247238.5330687,0.018285939481411075,0.0
1736247239.5498877,0.01814342622722843,0.0
1736247240.5526395,0.017999585512336883,0.0
1736247241.5622103,0.01785379428637305,0.0
1736247242.5854259,0.017707172970222937,0.0
1736247243.6118853,0.01755644736677093,0.0
1736247244.6245606,0.01740826834019392,0.0
1736247245.6272326,0.01725894270172921,0.0
1736247246.6277199,0.017108390694765337,0.0
1736247247.6286457,0.016956500394271982,0.0
1736247248.629462,0.016803320317874435,0.0
1736247249.6479406,0.016648852107888037,0.0
1736247250.6484008,0.01649300768912311,0.0
1736247251.6491203,0.016335705582544793,0.0
1736247252.6497123,0.016176965585823194,0.0
1736247253.650363,0.016016715569110374,0.0
1736247254.6513855,0.015854859497514008,0.0
1736247255.6599088,0.015691547046694784,0.0
1736247256.6606927,0.015526494339106243,0.0
1736247257.6615481,0.015359734624769474,0.0
1736247258.6620264,0.015191288406904051,0.0
1736247259.662693,0.015021002888900882,0.0
1736247260.6631608,0.014848882648510517,0.0
1736247261.664164,0.01467473546233629,0.0
1736247262.6650603,0.014498603042408404,0.0
1736247263.6860378,0.014320464366206768,0.0
1736247264.686658,0.01414015180245796,0.0
1736247265.6910381,0.013956913444869217,0.0
1736247266.6918201,0.013772003056165615,0.0
1736247267.6930099,0.013584597660833099,0.0
1736247268.694963,0.013394525920319747,0.0
1736247269.720196,0.013197312432714213,0.0
1736247270.7213879,0.013002044920623144,0.0
1736247271.7411938,0.012800094755399258,0.0
1736247272.7820106,0.012594010897166474,0.0
1736247273.787395,0.012388621074442465,0.0
1736247274.7888427,0.01218071402768302,0.0
1736247275.7954564,0.011968328720212269,0.0
1736247276.7961655,0.01175340595770981,0.0
1736247277.8015382,0.011533583614315253,0.0
1736247278.8066247,0.011309693556696953,0.0
1736247279.8084948,0.011082405477499937,0.0
1736247280.825545,0.010846705728348444,0.0
1736247281.829227,0.010609129676396595,0.0
1736247282.8364496,0.010365407677375725,0.0
1736247283.8527281,0.010117699104113498,0.0
1736247284.8535278,0.009863846987904523,0.0
1736247285.8558793,0.009603341688188027,0.0
1736247286.856032,0.009336091740701307,0.0
1736247287.8586826,0.009060472374465185,0.0
1736247288.8601296,0.008776768616562479,0.0
1736247289.8612392,0.008483918153619324,0.0
1736247290.8617024,0.00818104216373883,0.0
1736247291.8621995,0.00786677423236218,0.0
1736247292.8756938,0.007535372906626721,0.0
1736247293.881183,0.007191841747702943,0.0
1736247294.890687,0.006829940267495562,0.0
1736247295.9236102,0.00645178757689747,0.0
1736247296.9245121,0.006050405903802602,0.0
1736247297.9274924,0.005620391314512724,0.0
1736247298.9344225,0.005152657502097651,0.0
1736247299.9504466,0.00463382029969736,0.0
1736247300.9650903,0.004059151990239821,0.0
1736247301.967528,0.0033893782728629646,0.0
1736247302.9697347,0.0025505382423826888,0.0
1736247303.970959,0.0012425133625766258,0.0
1736247305.0134249,-1.5648827416727377e-08,0.0
1736247306.0144925,-1.5648827416727377e-08,0.0
1736247307.0151246,-1.5648827416727377e-08,0.0
1736247308.0292108,-1.5648827416727377e-08,0.0
1736247309.0368412,-1.5648827416727377e-08,0.0
1736247310.0375068,-1.5648827416727377e-08,0.0
1736247311.0386636,-1.5648827416727377e-08,0.0
1736247312.0392458,-1.5648827416727377e-08,0.0
1736247313.0402882,-1.5648827416727377e-08,0.0
1736247314.0744834,-1.5648827416727377e-08,0.0
1736247315.0794778,-1.5648827416727377e-08,0.0
1736247316.087816,-1.5648827416727377e-08,0.0
1736247317.095827,-1.5648827416727377e-08,0.0
1736247318.1030548,-1.5648827416727377e-08,0.0
1736247319.1043937,-1.5648827416727377e-08,0.0
1736247320.1102767,-1.5648827416727377e-08,0.0
1736247321.1212804,-1.5648827416727377e-08,0.0
1736247322.1294153,-1.5648827416727377e-08,0.0
1736247323.1298897,-1.5648827416727377e-08,0.0
1736247324.1346865,-1.5648827416727377e-08,0.0
1736247325.1479309,-1.5648827416727377e-08,0.0
1736247326.1491842,-1.5648827416727377e-08,0.0
1736247327.1513324,-1.5648827416727377e-08,0.0
1736247328.1523185,-1.5648827416727377e-08,0.0
1736247329.152814,-1.5648827416727377e-08,0.0
1736247330.1531386,-1.5648827416727377e-08,0.0
1736247331.1650438,-1.5648827416727377e-08,0.0
1736247332.1658437,-1.5648827416727377e-08,0.0
1736247333.166998,-1.5648827416727377e-08,0.0
1736247334.1730523,-1.5648827416727377e-08,0.0
1736247335.224641,-1.5648827416727377e-08,0.0
1736247336.227075,-1.5648827416727377e-08,0.0
1736247337.2300463,-1.5648827416727377e-08,0.0
1736247338.2523916,-1.5648827416727377e-08,0.0
1736247339.2692108,-1.5648827416727377e-08,0.0
1736247340.3014364,-1.5648827416727377e-08,0.0
1736247341.3222618,-1.5648827416727377e-08,0.0
1736247342.3439376,-1.5648827416727377e-08,0.0
1736247343.3714125,-1.5648827416727377e-08,0.0
1736247344.3725574,-1.5648827416727377e-08,0.0
1736247345.3811026,-1.5648827416727377e-08,0.0
1736247346.3822558,-1.5648827416727377e-08,0.0
1736247347.401399,-1.5648827416727377e-08,0.0
1736247348.4243941,-1.5648827416727377e-08,0.0
1736247349.4380147,-1.5648827416727377e-08,0.0
1736247350.469061,-1.5648827416727377e-08,0.0
1736247351.4699962,-1.5648827416727377e-08,0.0
1736247352.4701676,-1.5648827416727377e-08,0.0
1736247353.5130904,-1.5648827416727377e-08,0.0
1736247354.5269327,-1.5648827416727377e-08,0.0
1736247355.5866842,-1.5648827416727377e-08,0.0
1736247356.6273243,-1.5648827416727377e-08,0.0
1736247357.6526372,-1.5648827416727377e-08,0.0
1736247358.6579075,-1.5648827416727377e-08,0.0
1736247359.6728203,-1.5648827416727377e-08,0.0
1736247360.7365959,-1.5648827416727377e-08,0.0
1736247361.7684891,-1.5648827416727377e-08,0.0
1736247362.7971268,-1.5648827416727377e-08,0.0
1736247363.8201995,-1.5648827416727377e-08,0.0
1736247364.8406453,-1.5648827416727377e-08,0.0
1736247365.8570833,-1.5648827416727377e-08,0.0
1736247366.892511,-1.5648827416727377e-08,0.0
1736247367.9017997,-1.5648827416727377e-08,0.0
1736247368.924028,-1.5648827416727377e-08,0.0
1736247369.9251397,-1.5648827416727377e-08,0.0
1736247370.9367697,-1.5648827416727377e-08,0.0
1736247371.9392743,-1.5648827416727377e-08,0.0
1736247372.9566345,-1.5648827416727377e-08,0.0
1736247373.965155,-1.5648827416727377e-08,0.0
1736247374.9754846,-1.5648827416727377e-08,0.0
1736247375.9762988,-1.5648827416727377e-08,0.0
1736247376.984769,-1.5648827416727377e-08,0.0
1736247377.9888723,-1.5648827416727377e-08,0.0
1736247379.0106502,-1.5648827416727377e-08,0.0
1736247380.0324798,-1.5648827416727377e-08,0.0
1736247381.0495424,-1.5648827416727377e-08,0.0
1736247382.0503225,-1.5648827416727377e-08,0.0
1736247383.0585098,-1.5648827416727377e-08,0.0
1736247384.064281,-1.5648827416727377e-08,0.0
1736247385.0647745,-1.5648827416727377e-08,0.0
1736247386.0658362,-1.5648827416727377e-08,0.0
1736247387.0670092,-1.5648827416727377e-08,0.0
1736247388.0775664,-1.5648827416727377e-08,0.0
1736247389.0902812,-1.5648827416727377e-08,0.0
1736247390.0947752,-1.5648827416727377e-08,0.0
1736247391.0972142,-1.5648827416727377e-08,0.0
1736247392.1002896,-1.5648827416727377e-08,0.0
1736247393.1093032,-1.5648827416727377e-08,0.0
1736247394.1236525,-1.5648827416727377e-08,0.0
1736247395.144011,-1.5648827416727377e-08,0.0
1736247396.1443794,-1.5648827416727377e-08,0.0
1736247397.1573844,-1.5648827416727377e-08,0.0
1736247398.1748407,-1.5648827416727377e-08,0.0
1736247399.1868458,-1.5648827416727377e-08,0.0
1736247400.205991,-1.5648827416727377e-08,0.0
1736247401.2064793,-1.5648827416727377e-08,0.0
1736247402.2073252,-1.5648827416727377e-08,0.0
1736247403.2085843,-1.5648827416727377e-08,0.0
1736247404.2152715,-1.5648827416727377e-08,0.0
1736247405.2602546,-1.5648827416727377e-08,0.0
1736247406.2609124,-1.5648827416727377e-08,0.0
1736247407.2620893,-1.5648827416727377e-08,0.0
1736247408.270251,-1.5648827416727377e-08,0.0
1736247409.2818182,-1.5648827416727377e-08,0.0
1736247410.283527,-1.5648827416727377e-08,0.0
1736247411.2956982,-1.5648827416727377e-08,0.0
1736247412.3173358,-1.5648827416727377e-08,0.0
1736247413.3360527,-1.5648827416727377e-08,0.0
1736247414.3610387,-1.5648827416727377e-08,0.0
1736247415.3628566,-1.5648827416727377e-08,0.0
1736247416.3768713,-1.5648827416727377e-08,0.0
1736247417.3898802,-1.5648827416727377e-08,0.0
1736247418.403629,-1.5648827416727377e-08,0.0
1736247419.4120371,-1.5648827416727377e-08,0.0
1736247420.4164536,-1.5648827416727377e-08,0.0
1736247421.4184208,-1.5648827416727377e-08,0.0
1736247422.4193876,-1.5648827416727377e-08,0.0
1736247423.420408,-1.5648827416727377e-08,0.0
1736247424.4228282,-1.5648827416727377e-08,0.0
1736247425.4304242,-1.5648827416727377e-08,0.0
1736247426.4778283,-1.5648827416727377e-08,0.0
1736247427.4827254,-1.5648827416727377e-08,0.0
1736247428.4880135,-1.5648827416727377e-08,0.0
1736247429.4949615,-1.5648827416727377e-08,0.0
1736247430.4952366,-1.5648827416727377e-08,0.0
1736247431.495921,-1.5648827416727377e-08,0.0
1736247432.497087,-1.5648827416727377e-08,0.0
1736247433.498066,-1.5648827416727377e-08,0.0
1736247434.4987836,-1.5648827416727377e-08,0.0
1736247435.4994967,-1.5648827416727377e-08,0.0
1736247436.501044,-1.5648827416727377e-08,0.0
1736247437.5197785,-1.5648827416727377e-08,0.0
1736247438.5697265,-1.5648827416727377e-08,0.0
1736247439.575232,-1.5648827416727377e-08,0.0
1736247440.5760717,-1.5648827416727377e-08,0.0
1736247441.5772674,-1.5648827416727377e-08,0.0
1736247442.5782173,-1.5648827416727377e-08,0.0
1736247443.5885015,-1.5648827416727377e-08,0.0
1736247444.5929956,-1.5648827416727377e-08,0.0
1736247445.5944557,-1.5648827416727377e-08,0.0
1736247446.5958629,-1.5648827416727377e-08,0.0
1736247447.605249,-1.5648827416727377e-08,0.0
1736247448.6252809,-1.5648827416727377e-08,0.0
1736247449.6625147,-1.5648827416727377e-08,0.0
1736247450.663528,-1.5648827416727377e-08,0.0
1736247451.6816618,-1.5648827416727377e-08,0.0
1736247452.690794,-1.5648827416727377e-08,0.0
1736247453.7092009,-1.5648827416727377e-08,0.0
1736247454.727859,-1.5648827416727377e-08,0.0
1736247455.7450202,-1.5648827416727377e-08,0.0
1736247456.7538006,-1.5648827416727377e-08,0.0
1736247457.7624466,-1.5648827416727377e-08,0.0
1736247458.7646725,-1.5648827416727377e-08,0.0
1736247459.7651925,-1.5648827416727377e-08,0.0
1736247460.7747076,-1.5648827416727377e-08,0.0
1736247461.775564,-1.5648827416727377e-08,0.0
1736247462.779018,-1.5648827416727377e-08,0.0
1736247463.7832563,-1.5648827416727377e-08,0.0
1736247464.7835286,-1.5648827416727377e-08,0.0
1736247465.7839587,-1.5648827416727377e-08,0.0
1736247466.7847455,-1.5648827416727377e-08,0.0
1736247467.785494,-1.5648827416727377e-08,0.0
1736247468.7963443,-1.5648827416727377e-08,0.0
1736247469.7977266,-1.5648827416727377e-08,0.0
1736247470.7985158,-1.5648827416727377e-08,0.0
1736247471.7995477,-1.5648827416727377e-08,0.0
1736247472.8060627,-1.5648827416727377e-08,0.0
1736247473.8106217,-1.5648827416727377e-08,0.0
1736247474.8110542,-1.5648827416727377e-08,0.0
1736247475.8115375,-1.5648827416727377e-08,0.0
1736247476.812454,-1.5648827416727377e-08,0.0
1736247477.833471,-1.5648827416727377e-08,0.0
1736247478.8585098,-1.5648827416727377e-08,0.0
1736247479.867631,-1.5648827416727377e-08,0.0
1736247480.8765512,-1.5648827416727377e-08,0.0
1736247481.877373,-1.5648827416727377e-08,0.0
1736247482.887108,-1.5648827416727377e-08,0.0
1736247483.889985,-1.5648827416727377e-08,0.0
1736247484.8913043,-1.5648827416727377e-08,0.0
1736247485.8929338,-1.5648827416727377e-08,0.0
1736247486.8937366,-1.5648827416727377e-08,0.0
1736247487.8943655,-1.5648827416727377e-08,0.0
1736247488.904052,-1.5648827416727377e-08,0.0
1736247489.9153655,-1.5648827416727377e-08,0.0
1736247490.916373,-1.5648827416727377e-08,0.0
1736247491.9191236,-1.5648827416727377e-08,0.0
1736247492.9205592,-1.5648827416727377e-08,0.0
1736247493.9214816,-1.5648827416727377e-08,0.0
1736247494.9251003,-1.5648827416727377e-08,0.0
1736247495.9290926,-1.5648827416727377e-08,0.0
1736247496.9602666,-1.5648827416727377e-08,0.0
1736247497.9675288,-1.5648827416727377e-08,0.0
1736247498.9684155,-1.5648827416727377e-08,0.0
1736247499.971725,-1.5648827416727377e-08,0.0
1736247500.9720907,-1.5648827416727377e-08,0.0
1736247501.9973483,-1.5648827416727377e-08,0.0
1736247503.0033529,-1.5648827416727377e-08,0.0
1736247504.03154,-1.5648827416727377e-08,0.0
1736247505.0322385,-1.5648827416727377e-08,0.0
1736247506.0328403,-1.5648827416727377e-08,0.0
1736247507.0344045,-1.5648827416727377e-08,0.0
1736247508.0347662,-1.5648827416727377e-08,0.0
1736247509.03523,-1.5648827416727377e-08,0.0
1736247510.0359578,-1.5648827416727377e-08,0.0
1736247511.0402436,-1.5648827416727377e-08,0.0
1736247512.0482862,-1.5648827416727377e-08,0.0
1736247513.0661309,-1.5648827416727377e-08,0.0
1736247514.0719647,-1.5648827416727377e-08,0.0
1736247515.073149,-1.5648827416727377e-08,0.0
1736247516.0756972,-1.5648827416727377e-08,0.0
1736247517.0766003,-1.5648827416727377e-08,0.0
1736247518.0805564,-1.5648827416727377e-08,0.0
1736247519.0810797,-1.5648827416727377e-08,0.0
1736247520.0813973,-1.5648827416727377e-08,0.0
1736247521.0956528,-1.5648827416727377e-08,0.0
1736247522.1178613,-1.5648827416727377e-08,0.0
1736247523.141173,-1.5648827416727377e-08,0.0
1736247524.1767485,-1.5648827416727377e-08,0.0
1736247525.1937847,-1.5648827416727377e-08,0.0
1736247526.1945024,-1.5648827416727377e-08,0.0
1736247527.1953712,-1.5648827416727377e-08,0.0
1736247528.19622,-1.5648827416727377e-08,0.0
1736247529.2086701,-1.5648827416727377e-08,0.0
1736247530.2091436,-1.5648827416727377e-08,0.0
1736247531.2154684,-1.5648827416727377e-08,0.0
1736247532.2401364,-1.5648827416727377e-08,0.0
1736247533.2595458,-1.5648827416727377e-08,0.0
1736247534.27045,-1.5648827416727377e-08,0.0
1736247535.271771,-1.5648827416727377e-08,0.0
1736247536.2723074,-1.5648827416727377e-08,0.0
1736247537.2730508,-1.5648827416727377e-08,0.0
1736247538.273654,-1.5648827416727377e-08,0.0
1736247539.2781353,-1.5648827416727377e-08,0.0
1736247540.2970903,-1.5648827416727377e-08,0.0
1736247541.3256104,-1.5648827416727377e-08,0.0
1736247542.3502665,-1.5648827416727377e-08,0.0
1736247543.351737,-1.5648827416727377e-08,0.0
1736247544.3525553,-1.5648827416727377e-08,0.0
1736247545.3533983,-1.5648827416727377e-08,0.0
1736247546.3542454,-1.5648827416727377e-08,0.0
1736247547.9321485,-1.5648827416727377e-08,0.0
1736247548.9582925,-1.5648827416727377e-08,0.0
1736247549.9724581,-1.5648827416727377e-08,0.0
1736247550.9751108,-1.5648827416727377e-08,0.0
1736247551.9774287,-1.5648827416727377e-08,0.0
1736247552.9791336,-1.5648827416727377e-08,0.0
1736247553.979447,-1.5648827416727377e-08,0.0
1736247554.9799683,-1.5648827416727377e-08,0.0
1736247555.9808817,-1.5648827416727377e-08,0.0
1736247556.9815233,-1.5648827416727377e-08,0.0
1736247558.0179007,-1.5648827416727377e-08,0.0
1736247559.0341692,-1.5648827416727377e-08,0.0
1736247560.0475242,-1.5648827416727377e-08,0.0
1736247561.0571287,-1.5648827416727377e-08,0.0
1736247562.0576978,-1.5648827416727377e-08,0.0
1736247563.0630002,-1.5648827416727377e-08,0.0
1736247564.0747156,-1.5648827416727377e-08,0.0
1736247565.0756383,-1.5648827416727377e-08,0.0
1736247566.0768018,-1.5648827416727377e-08,0.0
1736247567.0864186,-1.5648827416727377e-08,0.0
1736247568.0881486,-1.5648827416727377e-08,0.0
1736247569.0886219,-1.5648827416727377e-08,0.0
1736247570.0904908,-1.5648827416727377e-08,0.0
1736247571.0957177,-1.5648827416727377e-08,0.0
1736247572.0960178,-1.5648827416727377e-08,0.0
1736247573.0966058,-1.5648827416727377e-08,0.0
1736247574.0968034,-1.5648827416727377e-08,0.0
1736247575.1003206,-1.5648827416727377e-08,0.0
1736247576.101578,-1.5648827416727377e-08,0.0
1736247577.1024196,-1.5648827416727377e-08,0.0
1736247578.1057427,-1.5648827416727377e-08,0.0
1736247579.1129553,-1.5648827416727377e-08,0.0
1736247580.1141148,-1.5648827416727377e-08,0.0
1736247581.121499,-1.5648827416727377e-08,0.0
1736247582.1516979,-1.5648827416727377e-08,0.0
1736247583.1820464,-1.5648827416727377e-08,0.0
1736247584.1834908,-1.5648827416727377e-08,0.0
1736247585.2023466,-1.5648827416727377e-08,0.0
1736247586.2029994,-1.5648827416727377e-08,0.0
1736247587.215151,-1.5648827416727377e-08,0.0
1736247588.21644,-1.5648827416727377e-08,0.0
1736247589.2191494,-1.5648827416727377e-08,0.0
1736247590.2283163,-1.5648827416727377e-08,0.0
1736247591.2287154,-1.5648827416727377e-08,0.0
1736247592.2291124,-1.5648827416727377e-08,0.0
1736247593.2299843,-1.5648827416727377e-08,0.0
1736247594.2304947,-1.5648827416727377e-08,0.0
1736247595.2322712,-1.5648827416727377e-08,0.0
1736247596.2328255,-1.5648827416727377e-08,0.0
1736247597.2334647,-1.5648827416727377e-08,0.0
1736247598.2339973,-1.5648827416727377e-08,0.0
1736247599.2348998,-1.5648827416727377e-08,0.0
1736247600.2354188,-1.5648827416727377e-08,0.0
1736247601.2360368,-1.5648827416727377e-08,0.0
1736247602.2370875,-1.5648827416727377e-08,0.0
1736247603.2378175,-1.5648827416727377e-08,0.0
1736247604.2383013,-1.5648827416727377e-08,0.0
1736247605.2388904,-1.5648827416727377e-08,0.0
1736247606.2556677,-1.5648827416727377e-08,0.0
1736247607.2799866,-1.5648827416727377e-08,0.0
1736247608.2807677,-1.5648827416727377e-08,0.0
1736247609.2811635,-1.5648827416727377e-08,0.0
1736247610.2815864,-1.5648827416727377e-08,0.0
1736247611.2824538,-1.5648827416727377e-08,0.0
1736247612.2832513,-1.5648827416727377e-08,0.0
1736247613.2839608,-1.5648827416727377e-08,0.0
1736247614.3041613,-1.5648827416727377e-08,0.0
1736247615.328075,-1.5648827416727377e-08,0.0
1736247616.3299844,-1.5648827416727377e-08,0.0
1736247617.3334448,-1.5648827416727377e-08,0.0
1736247618.3440645,-1.5648827416727377e-08,0.0
1736247619.3457325,-1.5648827416727377e-08,0.0
1736247620.346532,-1.5648827416727377e-08,0.0
1736247621.3479683,-1.5648827416727377e-08,0.0
1736247622.355326,-1.5648827416727377e-08,0.0
1736247623.3949869,-1.5648827416727377e-08,0.0
1736247624.397165,-1.5648827416727377e-08,0.0
1736247625.3983798,-1.5648827416727377e-08,0.0
1736247626.3994536,-1.5648827416727377e-08,0.0
1736247627.4036503,-1.5648827416727377e-08,0.0
1736247628.406764,-1.5648827416727377e-08,0.0
1736247629.4075596,-1.5648827416727377e-08,0.0
1736247630.4081695,-1.5648827416727377e-08,0.0
1736247631.413246,-1.5648827416727377e-08,0.0
1736247632.414395,-1.5648827416727377e-08,0.0
1736247633.41532,-1.5648827416727377e-08,0.0
1736247634.4170682,-1.5648827416727377e-08,0.0
1736247635.4209723,-1.5648827416727377e-08,0.0
1736247636.4216442,-1.5648827416727377e-08,0.0
1736247637.423112,-1.5648827416727377e-08,0.0
1736247638.423846,-1.5648827416727377e-08,0.0
1736247639.4243326,-1.5648827416727377e-08,0.0
1736247640.4439526,-1.5648827416727377e-08,0.0
1736247641.4443722,-1.5648827416727377e-08,0.0
1736247642.474881,-1.5648827416727377e-08,0.0
1736247643.4753132,-1.5648827416727377e-08,0.0
1736247644.4760115,-1.5648827416727377e-08,0.0
1736247645.4772737,-1.5648827416727377e-08,0.0
1736247646.4809453,-1.5648827416727377e-08,0.0
1736247647.4830565,-1.5648827416727377e-08,0.0
1736247648.4874213,-1.5648827416727377e-08,0.0
1736247649.4903936,-1.5648827416727377e-08,0.0
1736247650.4999945,-1.5648827416727377e-08,0.0
1736247651.507118,-1.5648827416727377e-08,0.0
1736247652.5350983,-1.5648827416727377e-08,0.0
1736247653.5433288,-1.5648827416727377e-08,0.0
1736247654.5535135,-1.5648827416727377e-08,0.0
1736247655.5695202,-1.5648827416727377e-08,0.0
1736247656.5711796,-1.5648827416727377e-08,0.0
1736247657.5728824,-1.5648827416727377e-08,0.0
1736247658.5832648,-1.5648827416727377e-08,0.0
1736247659.611861,-1.5648827416727377e-08,0.0
1736247660.6493533,-1.5648827416727377e-08,0.0
1736247661.6617792,-1.5648827416727377e-08,0.0
1736247662.6623309,-1.5648827416727377e-08,0.0
1736247663.6635559,-1.5648827416727377e-08,0.0
1736247664.6735382,-1.5648827416727377e-08,0.0
1736247665.6746886,-1.5648827416727377e-08,0.0
1736247666.6755466,-1.5648827416727377e-08,0.0
1736247667.6847897,-1.5648827416727377e-08,0.0
1736247668.688926,-1.5648827416727377e-08,0.0
1736247669.6896524,-1.5648827416727377e-08,0.0
1736247670.6904228,-1.5648827416727377e-08,0.0
1736247671.6909807,-1.5648827416727377e-08,0.0
1736247672.6917686,-1.5648827416727377e-08,0.0
1736247673.6920989,-1.5648827416727377e-08,0.0
1736247674.693051,-1.5648827416727377e-08,0.0
1736247675.6937358,-1.5648827416727377e-08,0.0
1736247676.6958523,-1.5648827416727377e-08,0.0
1736247677.6962087,-1.5648827416727377e-08,0.0
1736247678.6972919,-1.5648827416727377e-08,0.0
1736247679.6980875,-1.5648827416727377e-08,0.0
1736247680.6985545,-1.5648827416727377e-08,0.0
1736247681.699423,-1.5648827416727377e-08,0.0
1736247682.7011344,-1.5648827416727377e-08,0.0
1736247683.7017512,-1.5648827416727377e-08,0.0
1736247684.7027168,-1.5648827416727377e-08,0.0
1736247685.7032814,-1.5648827416727377e-08,0.0
1736247686.7037544,-1.5648827416727377e-08,0.0
1736247687.714442,-1.5648827416727377e-08,0.0
1736247688.739798,-1.5648827416727377e-08,0.0
1736247689.7406816,-1.5648827416727377e-08,0.0
1736247690.742094,-1.5648827416727377e-08,0.0
1736247691.7427394,-1.5648827416727377e-08,0.0
1736247692.7432487,-1.5648827416727377e-08,0.0
1736247693.7438,-1.5648827416727377e-08,0.0
1736247694.7445035,-1.5648827416727377e-08,0.0
1736247695.7450671,-1.5648827416727377e-08,0.0
1736247696.757967,-1.5648827416727377e-08,0.0
1736247697.7619324,-1.5648827416727377e-08,0.0
1736247698.7628648,-1.5648827416727377e-08,0.0
1736247699.7635603,-1.5648827416727377e-08,0.0
1736247700.7643538,-1.5648827416727377e-08,0.0
1736247701.765299,-1.5648827416727377e-08,0.0
1736247702.765771,-1.5648827416727377e-08,0.0
1736247703.7665918,-1.5648827416727377e-08,0.0
1736247704.7671697,-1.5648827416727377e-08,0.0
1736247705.7679174,-1.5648827416727377e-08,0.0
1736247706.7692924,-1.5648827416727377e-08,0.0
1736247707.770345,-1.5648827416727377e-08,0.0
1736247708.7711964,-1.5648827416727377e-08,0.0
1736247709.772342,-1.5648827416727377e-08,0.0
1736247710.7728424,-1.5648827416727377e-08,0.0
1736247711.7738452,-1.5648827416727377e-08,0.0
1736247712.7746348,-1.5648827416727377e-08,0.0
1736247713.7752783,-1.5648827416727377e-08,0.0
1736247714.7758586,-1.5648827416727377e-08,0.0
1736247715.7764912,-1.5648827416727377e-08,0.0
1736247716.777204,-1.5648827416727377e-08,0.0
1736247717.7779875,-1.5648827416727377e-08,0.0
1736247718.7788393,-1.5648827416727377e-08,0.0
1736247719.779975,-1.5648827416727377e-08,0.0
1736247720.780538,-1.5648827416727377e-08,0.0
1736247721.7815936,-1.5648827416727377e-08,0.0
1736247722.7827232,-1.5648827416727377e-08,0.0
1736247723.7848744,-1.5648827416727377e-08,0.0
1736247724.7853436,-1.5648827416727377e-08,0.0
1736247725.7955985,-1.5648827416727377e-08,0.0
1736247726.7960684,-1.5648827416727377e-08,0.0
1736247727.796511,-1.5648827416727377e-08,0.0
1736247728.7971053,-1.5648827416727377e-08,0.0
1736247729.7978916,-1.5648827416727377e-08,0.0
1736247730.7988112,-1.5648827416727377e-08,0.0
1736247731.7994244,-1.5648827416727377e-08,0.0
1736247732.8001783,-1.5648827416727377e-08,0.0
1736247733.800823,-1.5648827416727377e-08,0.0
1736247734.8024292,-1.5648827416727377e-08,0.0
1736247735.803154,-1.5648827416727377e-08,0.0
1736247736.8041685,-1.5648827416727377e-08,0.0
1736247737.8048286,-1.5648827416727377e-08,0.0
1736247738.8247266,-1.5648827416727377e-08,0.0
1736247739.8324254,-1.5648827416727377e-08,0.0
1736247740.8445237,-1.5648827416727377e-08,0.0
1736247741.845105,-1.5648827416727377e-08,0.0
1736247742.846014,-1.5648827416727377e-08,0.0
1736247743.8464994,-1.5648827416727377e-08,0.0
1736247744.8477573,-1.5648827416727377e-08,0.0
1736247745.8483903,-1.5648827416727377e-08,0.0
1736247746.8490887,-1.5648827416727377e-08,0.0
1736247747.8497646,-1.5648827416727377e-08,0.0
1736247748.8506832,-1.5648827416727377e-08,0.0
1736247749.8517764,-1.5648827416727377e-08,0.0
1736247750.8529403,-1.5648827416727377e-08,0.0
1736247751.8640385,-1.5648827416727377e-08,0.0
1736247752.8651037,-1.5648827416727377e-08,0.0
1736247753.86588,-1.5648827416727377e-08,0.0
1736247754.8670125,-1.5648827416727377e-08,0.0
1736247755.8679295,-1.5648827416727377e-08,0.0
1736247756.8691018,-1.5648827416727377e-08,0.0
1736247757.8695743,-1.5648827416727377e-08,0.0
1736247758.8706942,-1.5648827416727377e-08,0.0
1736247759.871219,-1.5648827416727377e-08,0.0
1736247760.8721533,-1.5648827416727377e-08,0.0
1736247761.8728356,-1.5648827416727377e-08,0.0
1736247762.8818135,-1.5648827416727377e-08,0.0
1736247763.9032989,-1.5648827416727377e-08,0.0
1736247764.911424,-1.5648827416727377e-08,0.0
1736247765.9143398,-1.5648827416727377e-08,0.0
1736247766.915563,-1.5648827416727377e-08,0.0
1736247767.9165428,-1.5648827416727377e-08,0.0
1736247768.9172254,-1.5648827416727377e-08,0.0
1736247769.9176142,-1.5648827416727377e-08,0.0
1736247770.918276,-1.5648827416727377e-08,0.0
1736247771.9188251,-1.5648827416727377e-08,0.0
1736247772.919371,-1.5648827416727377e-08,0.0
1736247773.9204707,-1.5648827416727377e-08,0.0
1736247774.926954,-1.5648827416727377e-08,0.0
1736247775.9279034,-1.5648827416727377e-08,0.0
1736247776.9289527,-1.5648827416727377e-08,0.0
1736247777.929627,-1.5648827416727377e-08,0.0
1736247778.931087,-1.5648827416727377e-08,0.0
1736247779.9315195,-1.5648827416727377e-08,0.0
1736247780.9321902,-1.5648827416727377e-08,0.0
1736247781.9327831,-1.5648827416727377e-08,0.0
1736247782.933508,-1.5648827416727377e-08,0.0
1736247783.9343631,-1.5648827416727377e-08,0.0
1736247784.9348536,-1.5648827416727377e-08,0.0
1736247785.9356613,-1.5648827416727377e-08,0.0
1736247786.9364445,-1.5648827416727377e-08,0.0
1736247787.9369242,-1.5648827416727377e-08,0.0
1736247788.9376147,-1.5648827416727377e-08,0.0
1736247789.9385645,-1.5648827416727377e-08,0.0
1736247790.939301,-1.5648827416727377e-08,0.0
1736247791.9396622,-1.5648827416727377e-08,0.0
1736247792.9403892,-1.5648827416727377e-08,0.0
1736247793.9469602,-1.5648827416727377e-08,0.0
1736247794.9628816,-1.5648827416727377e-08,0.0
1736247795.9637198,-1.5648827416727377e-08,0.0
1736247796.9949145,-1.5648827416727377e-08,0.0
1736247798.0026448,-1.5648827416727377e-08,0.0
1736247799.0035415,-1.5648827416727377e-08,0.0
1736247800.0042396,-1.5648827416727377e-08,0.0
1736247801.0051126,-1.5648827416727377e-08,0.0
1736247802.0160034,-1.5648827416727377e-08,0.0
1736247803.0168476,-1.5648827416727377e-08,0.0
1736247804.0181298,-1.5648827416727377e-08,0.0
1736247805.0189679,-1.5648827416727377e-08,0.0
1736247806.020159,-1.5648827416727377e-08,0.0
1736247807.0206358,-1.5648827416727377e-08,0.0
1736247808.0212681,-1.5648827416727377e-08,0.0
1736247809.0216198,-1.5648827416727377e-08,0.0
1736247810.0222018,-1.5648827416727377e-08,0.0
1736247811.0231962,-1.5648827416727377e-08,0.0
1736247812.0243025,-1.5648827416727377e-08,0.0
1736247813.0248525,-1.5648827416727377e-08,0.0
1736247814.0262446,-1.5648827416727377e-08,0.0
1736247815.027412,-1.5648827416727377e-08,0.0
1736247816.028067,-1.5648827416727377e-08,0.0
1736247817.0289757,-1.5648827416727377e-08,0.0
1736247818.0298321,-1.5648827416727377e-08,0.0
1736247819.0301604,-1.5648827416727377e-08,0.0
1736247820.0304835,-1.5648827416727377e-08,0.0
1736247821.031472,-1.5648827416727377e-08,0.0
1736247822.03523,-1.5648827416727377e-08,0.0
1736247823.0393014,-1.5648827416727377e-08,0.0
1736247824.0408452,-1.5648827416727377e-08,0.0
1736247825.041593,-1.5648827416727377e-08,0.0
1736247826.0422442,-1.5648827416727377e-08,0.0
1736247827.0433338,-1.5648827416727377e-08,0.0
1736247828.0440545,-1.5648827416727377e-08,0.0
1736247829.0454824,-1.5648827416727377e-08,0.0
1736247830.062765,-1.5648827416727377e-08,0.0
1736247831.0908878,-1.5648827416727377e-08,0.0
1736247832.0913486,-1.5648827416727377e-08,0.0
1736247833.0920138,-1.5648827416727377e-08,0.0
1736247834.092809,-1.5648827416727377e-08,0.0
1736247835.0936685,-1.5648827416727377e-08,0.0
1736247836.0944517,-1.5648827416727377e-08,0.0
1736247837.0950387,-1.5648827416727377e-08,0.0
1736247838.095778,-1.5648827416727377e-08,0.0
1736247839.0965142,-1.5648827416727377e-08,0.0
1736247840.1231294,-1.5648827416727377e-08,0.0
1736247841.1234655,-1.5648827416727377e-08,0.0
1736247842.1245987,-1.5648827416727377e-08,0.0
1736247843.132288,-1.5648827416727377e-08,0.0
1736247844.132884,-1.5648827416727377e-08,0.0
1736247845.1335542,-1.5648827416727377e-08,0.0
1736247846.1350014,-1.5648827416727377e-08,0.0
1736247847.1359315,-1.5648827416727377e-08,0.0
1736247848.1367645,-1.5648827416727377e-08,0.0
1736247849.1509898,-1.5648827416727377e-08,0.0
1736247850.1521587,-1.5648827416727377e-08,0.0
1736247851.152802,-1.5648827416727377e-08,0.0
1736247852.1536467,-1.5648827416727377e-08,0.0
1736247853.1552584,-1.5648827416727377e-08,0.0
1736247854.1554027,-1.5648827416727377e-08,0.0
1736247855.1561816,-1.5648827416727377e-08,0.0
1736247856.156827,-1.5648827416727377e-08,0.0
1736247857.1578093,-1.5648827416727377e-08,0.0
1736247858.158599,-1.5648827416727377e-08,0.0
1736247859.1592262,-1.5648827416727377e-08,0.0
1736247860.160154,-1.5648827416727377e-08,0.0
1736247861.1612432,-1.5648827416727377e-08,0.0
1736247862.162126,-1.5648827416727377e-08,0.0
1736247863.1627574,-1.5648827416727377e-08,0.0
1736247864.1633775,-1.5648827416727377e-08,0.0
1736247865.1637447,-1.5648827416727377e-08,0.0
1736247866.1644468,-1.5648827416727377e-08,0.0
1736247867.1649876,-1.5648827416727377e-08,0.0
1736247868.1659455,-1.5648827416727377e-08,0.0
1736247869.166627,-1.5648827416727377e-08,0.0
1736247870.1672523,-1.5648827416727377e-08,0.0
1736247871.1684842,-1.5648827416727377e-08,0.0
1736247872.1694484,-1.5648827416727377e-08,0.0
1736247873.17038,-1.5648827416727377e-08,0.0
1736247874.1718178,-1.5648827416727377e-08,0.0
1736247875.1728995,-1.5648827416727377e-08,0.0
1736247876.1732743,-1.5648827416727377e-08,0.0
1736247877.1740723,-1.5648827416727377e-08,0.0
1736247878.1749392,-1.5648827416727377e-08,0.0
1736247879.1752837,-1.5648827416727377e-08,0.0
1736247880.1762357,-1.5648827416727377e-08,0.0
1736247881.177047,-1.5648827416727377e-08,0.0
1736247882.1778276,-1.5648827416727377e-08,0.0
1736247883.1783214,-1.5648827416727377e-08,0.0
1736247884.17967,-1.5648827416727377e-08,0.0
1736247885.1803129,-1.5648827416727377e-08,0.0
1736247886.1812904,-1.5648827416727377e-08,0.0
1736247887.1821673,-1.5648827416727377e-08,0.0
1736247888.1826682,-1.5648827416727377e-08,0.0
1736247889.1834424,-1.5648827416727377e-08,0.0
1736247890.184045,-1.5648827416727377e-08,0.0
1736247891.185694,-1.5648827416727377e-08,0.0
1736247892.1962764,-1.5648827416727377e-08,0.0
1736247893.2037535,-1.5648827416727377e-08,0.0
1736247894.2043447,-1.5648827416727377e-08,0.0
1736247895.2048705,-1.5648827416727377e-08,0.0
1736247896.2057483,-1.5648827416727377e-08,0.0
1736247897.2071187,-1.5648827416727377e-08,0.0
1736247898.2082422,-1.5648827416727377e-08,0.0
1736247899.208897,-1.5648827416727377e-08,0.0
1736247900.2094746,-1.5648827416727377e-08,0.0
1736247901.210154,-1.5648827416727377e-08,0.0
1736247902.2105782,-1.5648827416727377e-08,0.0
1736247903.2122622,-1.5648827416727377e-08,0.0
1736247904.213013,-1.5648827416727377e-08,0.0
1736247905.213689,-1.5648827416727377e-08,0.0
1736247906.2141693,-1.5648827416727377e-08,0.0
1736247907.214499,-1.5648827416727377e-08,0.0
1736247908.216626,-1.5648827416727377e-08,0.0
1736247909.2170286,-1.5648827416727377e-08,0.0
1736247910.2177324,-1.5648827416727377e-08,0.0
1736247911.2189922,-1.5648827416727377e-08,0.0
1736247912.2196596,-1.5648827416727377e-08,0.0
1736247913.220257,-1.5648827416727377e-08,0.0
1736247914.2311263,-1.5648827416727377e-08,0.0
1736247915.231909,-1.5648827416727377e-08,0.0
1736247916.2324228,-1.5648827416727377e-08,0.0
1736247917.2338371,-1.5648827416727377e-08,0.0
1736247918.2344933,-1.5648827416727377e-08,0.0
1736247919.2355082,-1.5648827416727377e-08,0.0
1736247920.2365534,-1.5648827416727377e-08,0.0
1736247921.2370794,-1.5648827416727377e-08,0.0
1736247922.2378595,-1.5648827416727377e-08,0.0
1736247923.2390203,-1.5648827416727377e-08,0.0
1736247924.2395823,-1.5648827416727377e-08,0.0
1736247925.247342,-1.5648827416727377e-08,0.0
1736247926.24838,-1.5648827416727377e-08,0.0
1736247927.2492342,-1.5648827416727377e-08,0.0
1736247928.2507772,-1.5648827416727377e-08,0.0
1736247929.2518508,-1.5648827416727377e-08,0.0
1736247930.2523692,-1.5648827416727377e-08,0.0
1736247931.2531004,-1.5648827416727377e-08,0.0
1736247932.271156,-1.5648827416727377e-08,0.0
1736247933.2722332,-1.5648827416727377e-08,0.0
1736247934.2834754,-1.5648827416727377e-08,0.0
1736247935.2857215,-1.5648827416727377e-08,0.0
1736247936.2947218,-1.5648827416727377e-08,0.0
1736247937.3196409,-1.5648827416727377e-08,0.0
1736247938.3203413,-1.5648827416727377e-08,0.0
1736247939.3209903,-1.5648827416727377e-08,0.0
1736247940.3216927,-1.5648827416727377e-08,0.0
1736247941.322309,-1.5648827416727377e-08,0.0
1736247942.3233824,-1.5648827416727377e-08,0.0
1736247943.3239517,-1.5648827416727377e-08,0.0
1736247944.3248613,-1.5648827416727377e-08,0.0
1736247945.3289285,-1.5648827416727377e-08,0.0
1736247946.3294878,-1.5648827416727377e-08,0.0
1736247947.3298748,-1.5648827416727377e-08,0.0
1736247948.330775,-1.5648827416727377e-08,0.0
1736247949.3312137,-1.5648827416727377e-08,0.0
1736247950.3319607,-1.5648827416727377e-08,0.0
1736247951.332457,-1.5648827416727377e-08,0.0
1736247952.3332305,-1.5648827416727377e-08,0.0
1736247953.3340821,-1.5648827416727377e-08,0.0
1736247954.3343735,-1.5648827416727377e-08,0.0
1736247955.3352559,-1.5648827416727377e-08,0.0
1736247956.3358605,-1.5648827416727377e-08,0.0
1736247957.3366458,-1.5648827416727377e-08,0.0
1736247958.3446157,-1.5648827416727377e-08,0.0
1736247959.3623638,-1.5648827416727377e-08,0.0
1736247960.3638859,-1.5648827416727377e-08,0.0
1736247961.364916,-1.5648827416727377e-08,0.0
1736247962.3658211,-1.5648827416727377e-08,0.0
1736247963.3672156,-1.5648827416727377e-08,0.0
1736247964.369139,-1.5648827416727377e-08,0.0
1736247965.4192567,-1.5648827416727377e-08,0.0
1736247966.436337,-1.5648827416727377e-08,0.0
1736247967.4424071,-1.5648827416727377e-08,0.0
1736247968.4430516,-1.5648827416727377e-08,0.0
1736247969.4442565,-1.5648827416727377e-08,0.0
1736247970.4457633,-1.5648827416727377e-08,0.0
1736247971.4464781,-1.5648827416727377e-08,0.0
1736247972.44752,-1.5648827416727377e-08,0.0
1736247973.4490457,-1.5648827416727377e-08,0.0
1736247974.449755,-1.5648827416727377e-08,0.0
1736247975.4504545,-1.5648827416727377e-08,0.0
1736247976.4517622,-1.5648827416727377e-08,0.0
1736247977.4525192,-1.5648827416727377e-08,0.0
1736247978.452924,-1.5648827416727377e-08,0.0
1736247979.4538317,-1.5648827416727377e-08,0.0
1736247980.4588423,-1.5648827416727377e-08,0.0
1736247981.4605842,-1.5648827416727377e-08,0.0
1736247982.4614162,-1.5648827416727377e-08,0.0
1736247983.4621937,-1.5648827416727377e-08,0.0
1736247984.4629018,-1.5648827416727377e-08,0.0
1736247985.4632235,-1.5648827416727377e-08,0.0
1736247986.468522,-1.5648827416727377e-08,0.0
1736247987.4752207,-1.5648827416727377e-08,0.0
1736247988.475629,-1.5648827416727377e-08,0.0
1736247989.476088,-1.5648827416727377e-08,0.0
1736247990.4769812,-1.5648827416727377e-08,0.0
1736247991.4779603,-1.5648827416727377e-08,0.0
1736247992.4784064,-1.5648827416727377e-08,0.0
1736247993.4790764,-1.5648827416727377e-08,0.0
1736247994.4799235,-1.5648827416727377e-08,0.0
1736247995.4804566,-1.5648827416727377e-08,0.0
1736247996.4810338,-1.5648827416727377e-08,0.0
1736247997.4818656,-1.5648827416727377e-08,0.0
1736247998.4824107,-1.5648827416727377e-08,0.0
1736247999.4832468,-1.5648827416727377e-08,0.0
1736248000.5064979,-1.5648827416727377e-08,0.0
1736248001.514907,-1.5648827416727377e-08,0.0
1736251146.9267025,-1.5648827416727377e-08,0.0
1736251147.9339051,-1.5648827416727377e-08,0.0
1736251148.954779,-1.5648827416727377e-08,0.0
1736251149.9931517,-1.5648827416727377e-08,0.0
1736251150.9996138,-1.5648827416727377e-08,0.0
1736251152.0059667,-1.5648827416727377e-08,0.0
1736251153.0126097,-1.5648827416727377e-08,0.0
1736251154.1151524,-1.5648827416727377e-08,0.0
1736251155.1330135,-1.5648827416727377e-08,0.0
1736251156.1571507,-1.5648827416727377e-08,0.0
1736251157.1791582,-1.5648827416727377e-08,0.0
1736251158.180626,-1.5648827416727377e-08,0.0
1736251159.2058532,-1.5648827416727377e-08,0.0
1736251160.2272174,-1.5648827416727377e-08,0.0
1736251161.2314477,-1.5648827416727377e-08,0.0
1736251162.2338605,-1.5648827416727377e-08,0.0
1736251163.2355042,-1.5648827416727377e-08,0.0
1736251164.2582364,-1.5648827416727377e-08,0.0
1736251165.277661,-1.5648827416727377e-08,0.0
1736251166.2964723,-1.5648827416727377e-08,0.0
1736251167.2982345,-1.5648827416727377e-08,0.0
1736251168.306417,-1.5648827416727377e-08,0.0
1736251169.3219502,-1.5648827416727377e-08,0.0
1736251170.32405,-1.5648827416727377e-08,0.0
1736251171.348524,-1.5648827416727377e-08,0.0
1736251172.3568127,-1.5648827416727377e-08,0.0
1736251173.3793163,-1.5648827416727377e-08,0.0
1736251174.3819692,-1.5648827416727377e-08,0.0
1736251175.38997,-1.5648827416727377e-08,0.0
1736251176.3991303,-1.5648827416727377e-08,0.0
1736251177.401245,-1.5648827416727377e-08,0.0
1736251178.4032774,-1.5648827416727377e-08,0.0
1736251179.4057379,-1.5648827416727377e-08,0.0
1736251180.4093623,-1.5648827416727377e-08,0.0
1736251181.4139216,-1.5648827416727377e-08,0.0
1736251182.4152393,-1.5648827416727377e-08,0.0
1736251183.425514,-1.5648827416727377e-08,0.0
1736251184.4417667,-1.5648827416727377e-08,0.0
1736251185.4615633,-1.5648827416727377e-08,0.0
1736251186.4846015,-1.5648827416727377e-08,0.0
1736251187.4850578,-1.5648827416727377e-08,0.0
1736251188.4965942,-1.5648827416727377e-08,0.0
1736251189.4976785,-1.5648827416727377e-08,0.0
1736251190.5135696,-1.5648827416727377e-08,0.0
1736251191.514087,-1.5648827416727377e-08,0.0
1736251192.5300777,-1.5648827416727377e-08,0.0
1736251193.5304792,-1.5648827416727377e-08,0.0
1736251194.5377285,-1.5648827416727377e-08,0.0
1736251195.5383015,-1.5648827416727377e-08,0.0
1736251196.540841,-1.5648827416727377e-08,0.0
1736251197.5482721,-1.5648827416727377e-08,0.0
1736251198.5742855,-1.5648827416727377e-08,0.0
1736251199.5975997,-1.5648827416727377e-08,0.0
1736251200.6019828,-1.5648827416727377e-08,0.0
1736251201.6165102,-1.5648827416727377e-08,0.0
1736251202.6172523,-1.5648827416727377e-08,0.0
1736251203.6182117,-1.5648827416727377e-08,0.0
1736251204.6290078,-1.5648827416727377e-08,0.0
1736251205.6399763,-1.5648827416727377e-08,0.0
1736251206.6405318,-1.5648827416727377e-08,0.0
1736251207.6443584,-1.5648827416727377e-08,0.0
1736251208.647803,-1.5648827416727377e-08,0.0
1736251209.664625,-1.5648827416727377e-08,0.0
1736251210.6755059,-1.5648827416727377e-08,0.0
1736251211.69555,-1.5648827416727377e-08,0.0
1736251212.7049665,-1.5648827416727377e-08,0.0
1736251213.708654,-1.5648827416727377e-08,0.0
1736251214.7190144,-1.5648827416727377e-08,0.0
1736251215.7329469,-1.5648827416727377e-08,0.0
1736251216.7404492,-1.5648827416727377e-08,0.0
1736251217.7480466,-1.5648827416727377e-08,0.0
1736251218.7488067,-1.5648827416727377e-08,0.0
1736251219.7501183,-1.5648827416727377e-08,0.0
1736251220.7701774,-1.5648827416727377e-08,0.0
1736251221.7835793,-1.5648827416727377e-08,0.0
1736251222.7846382,-1.5648827416727377e-08,0.0
1736251223.7997136,-1.5648827416727377e-08,0.0
1736251224.815089,-1.5648827416727377e-08,0.0
1736251225.8160496,-1.5648827416727377e-08,0.0
1736251226.8304245,-1.5648827416727377e-08,0.0
1736251227.840726,-1.5648827416727377e-08,0.0
1736251228.8410933,-1.5648827416727377e-08,0.0
1736251229.8591726,-1.5648827416727377e-08,0.0
1736251230.876003,-1.5648827416727377e-08,0.0
1736251231.8923972,-1.5648827416727377e-08,0.0
1736251232.908757,-1.5648827416727377e-08,0.0
1736251233.9274745,-1.5648827416727377e-08,0.0
1736251234.9282784,-1.5648827416727377e-08,0.0
1736251235.9576628,-1.5648827416727377e-08,0.0
1736251236.958232,-1.5648827416727377e-08,0.0
1736251237.966832,-1.5648827416727377e-08,0.0
1736251238.9757433,-1.5648827416727377e-08,0.0
1736251239.9837573,-1.5648827416727377e-08,0.0
1736251240.996096,-1.5648827416727377e-08,0.0
1736251241.9993813,-1.5648827416727377e-08,0.0
1736251243.0100417,-1.5648827416727377e-08,0.0
1736251244.0160928,-1.5648827416727377e-08,0.0
1736251245.051061,-1.5648827416727377e-08,0.0
1736251246.052003,-1.5648827416727377e-08,0.0
1736251247.0541797,-1.5648827416727377e-08,0.0
1736251248.0558584,-1.5648827416727377e-08,0.0
1736251249.0563223,-1.5648827416727377e-08,0.0
1736251250.0572257,-1.5648827416727377e-08,0.0
1736251251.0765727,-1.5648827416727377e-08,0.0
1736251252.0918276,-1.5648827416727377e-08,0.0
1736251253.1173167,-1.5648827416727377e-08,0.0
1736251254.1205294,-1.5648827416727377e-08,0.0
1736251255.1211345,-1.5648827416727377e-08,0.0
1736251256.1223278,-1.5648827416727377e-08,0.0
1736251257.1414068,-1.5648827416727377e-08,0.0
1736251258.1440876,-1.5648827416727377e-08,0.0
1736251259.1450903,-1.5648827416727377e-08,0.0
1736251260.1671965,-1.5648827416727377e-08,0.0
1736251261.1924653,-1.5648827416727377e-08,0.0
1736251262.203153,-1.5648827416727377e-08,0.0
1736251263.2043648,-1.5648827416727377e-08,0.0
1736251264.2198315,-1.5648827416727377e-08,0.0
1736251265.250758,-1.5648827416727377e-08,0.0
1736251266.2603135,-1.5648827416727377e-08,0.0
1736251267.2852387,-1.5648827416727377e-08,0.0
1736251268.3021367,-1.5648827416727377e-08,0.0
1736251269.3107672,-1.5648827416727377e-08,0.0
1736251270.3118577,-1.5648827416727377e-08,0.0
1736251271.3388903,-1.5648827416727377e-08,0.0
1736251272.3688614,-1.5648827416727377e-08,0.0
1736251273.3817906,-1.5648827416727377e-08,0.0
1736251274.3956456,-1.5648827416727377e-08,0.0
1736251275.3987086,-1.5648827416727377e-08,0.0
1736251276.3997085,-1.5648827416727377e-08,0.0
1736251277.4105163,-1.5648827416727377e-08,0.0
1736251278.4168165,-1.5648827416727377e-08,0.0
1736251279.4547968,-1.5648827416727377e-08,0.0
1736251280.4554272,-1.5648827416727377e-08,0.0
1736251281.4563253,-1.5648827416727377e-08,0.0
1736251282.4568613,-1.5648827416727377e-08,0.0
1736251283.4717782,-1.5648827416727377e-08,0.0
1736251284.486752,-1.5648827416727377e-08,0.0
1736251285.4959714,-1.5648827416727377e-08,0.0
1736251286.503299,-1.5648827416727377e-08,0.0
1736251287.5197766,-1.5648827416727377e-08,0.0
1736251288.528683,-1.5648827416727377e-08,0.0
1736251289.5429335,-1.5648827416727377e-08,0.0
1736251290.5551767,-1.5648827416727377e-08,0.0
1736251291.559069,-1.5648827416727377e-08,0.0
1736251292.600651,-1.5648827416727377e-08,0.0
1736251293.601367,-1.5648827416727377e-08,0.0
1736251294.6085944,-1.5648827416727377e-08,0.0
1736251295.609151,-1.5648827416727377e-08,0.0
1736251296.6141453,-1.5648827416727377e-08,0.0
1736251297.6157293,-1.5648827416727377e-08,0.0
1736251298.6181579,-1.5648827416727377e-08,0.0
1736251299.6209219,-1.5648827416727377e-08,0.0
1736251300.63641,-1.5648827416727377e-08,0.0
1736251301.6368701,-1.5648827416727377e-08,0.0
1736251302.637187,-1.5648827416727377e-08,0.0
1736251303.646858,-1.5648827416727377e-08,0.0
1736251304.6471608,-1.5648827416727377e-08,0.0
1736251305.6614244,-1.5648827416727377e-08,0.0
1736251306.6697702,-1.5648827416727377e-08,0.0
1736251307.6956153,-1.5648827416727377e-08,0.0
1736251308.7266455,-1.5648827416727377e-08,0.0
1736251309.7610507,-1.5648827416727377e-08,0.0
1736251310.7753289,-1.5648827416727377e-08,0.0
1736251311.7956376,-1.5648827416727377e-08,0.0
1736251312.804022,-1.5648827416727377e-08,0.0
1736251313.8209562,-1.5648827416727377e-08,0.0
1736251314.828002,-1.5648827416727377e-08,0.0
1736251315.8438838,-1.5648827416727377e-08,0.0
1736251316.8523116,-1.5648827416727377e-08,0.0
1736251317.8542187,-1.5648827416727377e-08,0.0
1736251318.8637989,-1.5648827416727377e-08,0.0
1736251319.8802674,-1.5648827416727377e-08,0.0
1736251320.88765,-1.5648827416727377e-08,0.0
1736251321.8933403,-1.5648827416727377e-08,0.0
1736251322.9003358,-1.5648827416727377e-08,0.0
1736251323.9145865,-1.5648827416727377e-08,0.0
1736251324.9334767,-1.5648827416727377e-08,0.0
1736251325.9407978,-1.5648827416727377e-08,0.0
1736251326.9452448,-1.5648827416727377e-08,0.0
1736251327.948986,-1.5648827416727377e-08,0.0
1736251328.9558237,-1.5648827416727377e-08,0.0
1736251329.9567966,-1.5648827416727377e-08,0.0
1736251330.9600997,-1.5648827416727377e-08,0.0
1736251331.9667957,-1.5648827416727377e-08,0.0
1736251332.9750695,-1.5648827416727377e-08,0.0
1736251333.976678,-1.5648827416727377e-08,0.0
1736251334.9772077,-1.5648827416727377e-08,0.0
1736251335.9841743,-1.5648827416727377e-08,0.0
1736251336.9870164,-1.5648827416727377e-08,0.0
1736251337.9906027,-1.5648827416727377e-08,0.0
1736251338.9946637,-1.5648827416727377e-08,0.0
1736251340.005468,-1.5648827416727377e-08,0.0
1736251341.0085042,-1.5648827416727377e-08,0.0
1736251342.0135996,-1.5648827416727377e-08,0.0
1736251343.063516,-1.5648827416727377e-08,0.0
1736251344.0646029,-1.5648827416727377e-08,0.0
1736251345.072932,-1.5648827416727377e-08,0.0
1736251346.0847552,-1.5648827416727377e-08,0.0
1736251347.0968292,-1.5648827416727377e-08,0.0
1736251348.127623,-1.5648827416727377e-08,0.0
1736251349.1347451,-1.5648827416727377e-08,0.0
1736251350.1479838,-1.5648827416727377e-08,0.0
1736251351.1854324,-1.5648827416727377e-08,0.0
1736251352.1863997,-1.5648827416727377e-08,0.0
1736251353.187218,-1.5648827416727377e-08,0.0
1736251354.1877773,-1.5648827416727377e-08,0.0
1736251355.1907394,-1.5648827416727377e-08,0.0
1736251356.1917639,-1.5648827416727377e-08,0.0
1736251357.2035239,-1.5648827416727377e-08,0.0
1736251358.2041628,-1.5648827416727377e-08,0.0
1736251359.2102656,-1.5648827416727377e-08,0.0
1736251360.2228894,-1.5648827416727377e-08,0.0
1736251361.2509828,-1.5648827416727377e-08,0.0
1736251362.251789,-1.5648827416727377e-08,0.0
1736251363.2527566,-1.5648827416727377e-08,0.0
1736251364.2535818,-1.5648827416727377e-08,0.0
1736251365.2667654,-1.5648827416727377e-08,0.0
1736251366.2951703,-1.5648827416727377e-08,0.0
1736251367.322319,-1.5648827416727377e-08,0.0
1736251368.323173,-1.5648827416727377e-08,0.0
1736251369.3342855,-1.5648827416727377e-08,0.0
1736251370.3498483,-1.5648827416727377e-08,0.0
1736251371.3507462,-1.5648827416727377e-08,0.0
1736251372.3794386,-1.5648827416727377e-08,0.0
1736251373.3956118,-1.5648827416727377e-08,0.0
1736251374.3963866,-1.5648827416727377e-08,0.0
1736251375.4109662,-1.5648827416727377e-08,0.0
1736251376.4482095,-1.5648827416727377e-08,0.0
1736251377.4977677,-1.5648827416727377e-08,0.0
1736251378.5186243,-1.5648827416727377e-08,0.0
1736251379.5297966,-1.5648827416727377e-08,0.0
1736251380.553941,-1.5648827416727377e-08,0.0
1736251381.5590348,-1.5648827416727377e-08,0.0
1736251382.5752094,-1.5648827416727377e-08,0.0
1736251383.5868273,-1.5648827416727377e-08,0.0
1736251384.5982156,-1.5648827416727377e-08,0.0
1736251385.6146035,-1.5648827416727377e-08,0.0
1736251386.6240137,-1.5648827416727377e-08,0.0
1736251387.6247392,-1.5648827416727377e-08,0.0
1736251388.6256034,-1.5648827416727377e-08,0.0
1736251389.626184,-1.5648827416727377e-08,0.0
1736251390.6267607,-1.5648827416727377e-08,0.0
1736251391.6338174,-1.5648827416727377e-08,0.0
1736251392.634615,-1.5648827416727377e-08,0.0
1736251393.6504257,-1.5648827416727377e-08,0.0
1736251394.6886983,-1.5648827416727377e-08,0.0
1736251395.7126336,-1.5648827416727377e-08,0.0
1736251396.7131522,-1.5648827416727377e-08,0.0
1736251397.7142522,-1.5648827416727377e-08,0.0
1736251398.7156446,-1.5648827416727377e-08,0.0
1736251399.7172208,-1.5648827416727377e-08,0.0
1736251400.7200356,-1.5648827416727377e-08,0.0
1736251401.7245674,-1.5648827416727377e-08,0.0
1736251402.7254572,-1.5648827416727377e-08,0.0
1736251403.7365856,-1.5648827416727377e-08,0.0
1736251404.7561526,-1.5648827416727377e-08,0.0
1736251405.762999,-1.5648827416727377e-08,0.0
1736251406.7669592,-1.5648827416727377e-08,0.0
1736251407.769821,-1.5648827416727377e-08,0.0
1736251408.772496,-1.5648827416727377e-08,0.0
1736251409.7774076,-1.5648827416727377e-08,0.0
1736251410.77801,-1.5648827416727377e-08,0.0
1736251411.7821376,-1.5648827416727377e-08,0.0
1736251412.7877903,-1.5648827416727377e-08,0.0
1736251413.7938955,-1.5648827416727377e-08,0.0
1736251414.8164134,-1.5648827416727377e-08,0.0
1736251415.817465,-1.5648827416727377e-08,0.0
1736251416.8184144,-1.5648827416727377e-08,0.0
1736251417.8194284,-1.5648827416727377e-08,0.0
1736251418.8423052,-1.5648827416727377e-08,0.0
1736251419.847125,-1.5648827416727377e-08,0.0
1736251420.861335,-1.5648827416727377e-08,0.0
1736251421.8753927,-1.5648827416727377e-08,0.0
1736251422.8930757,-1.5648827416727377e-08,0.0
1736251423.9023597,-1.5648827416727377e-08,0.0
1736251424.9292667,-1.5648827416727377e-08,0.0
1736251425.9497032,-1.5648827416727377e-08,0.0
1736251426.9586782,-1.5648827416727377e-08,0.0
1736251427.9606285,-1.5648827416727377e-08,0.0
1736251428.96316,-1.5648827416727377e-08,0.0
1736251429.9640648,-1.5648827416727377e-08,0.0
1736251430.9677737,-1.5648827416727377e-08,0.0
1736251431.968707,-1.5648827416727377e-08,0.0
1736251432.9694178,-1.5648827416727377e-08,0.0
1736251433.9698527,-1.5648827416727377e-08,0.0
1736251434.9725711,-1.5648827416727377e-08,0.0
1736251435.9731653,-1.5648827416727377e-08,0.0
1736251436.9742188,-1.5648827416727377e-08,0.0
1736251437.9758017,-1.5648827416727377e-08,0.0
1736251438.979945,-1.5648827416727377e-08,0.0
1736251439.9841607,-1.5648827416727377e-08,0.0
1736251440.986115,-1.5648827416727377e-08,0.0
1736251441.9924839,-1.5648827416727377e-08,0.0
1736251443.0064578,-1.5648827416727377e-08,0.0
1736251444.0259109,-1.5648827416727377e-08,0.0
1736251445.036235,-1.5648827416727377e-08,0.0
1736251446.053177,-1.5648827416727377e-08,0.0
1736251447.0707688,-1.5648827416727377e-08,0.0
1736251448.0881147,-1.5648827416727377e-08,0.0
1736251449.0885978,-1.5648827416727377e-08,0.0
1736251450.113166,-1.5648827416727377e-08,0.0
1736251451.1150668,-1.5648827416727377e-08,0.0
1736251452.1288538,-1.5648827416727377e-08,0.0
1736251453.1773448,-1.5648827416727377e-08,0.0
1736251454.1782212,-1.5648827416727377e-08,0.0
1736251455.2006686,-1.5648827416727377e-08,0.0
1736251456.2289975,-1.5648827416727377e-08,0.0
1736251457.2294295,-1.5648827416727377e-08,0.0
1736251458.2511127,-1.5648827416727377e-08,0.0
1736251459.26077,-1.5648827416727377e-08,0.0
1736251460.2725754,-1.5648827416727377e-08,0.0
1736251461.3044915,-1.5648827416727377e-08,0.0
1736251462.3147242,-1.5648827416727377e-08,0.0
1736251463.315493,-1.5648827416727377e-08,0.0
1736251464.329797,-1.5648827416727377e-08,0.0
1736251465.3346686,-1.5648827416727377e-08,0.0
1736251466.3693624,-1.5648827416727377e-08,0.0
1736251467.3703148,-1.5648827416727377e-08,0.0
1736251468.37122,-1.5648827416727377e-08,0.0
1736251469.3718092,-1.5648827416727377e-08,0.0
1736251470.3723843,-1.5648827416727377e-08,0.0
1736251471.3730814,-1.5648827416727377e-08,0.0
1736251472.3753626,-1.5648827416727377e-08,0.0
1736251473.3932707,-1.5648827416727377e-08,0.0
1736251474.393596,-1.5648827416727377e-08,0.0
1736251475.406219,-1.5648827416727377e-08,0.0
1736251476.4103768,-1.5648827416727377e-08,0.0
1736251477.4144454,-1.5648827416727377e-08,0.0
1736251478.446976,-1.5648827416727377e-08,0.0
1736251479.4515646,-1.5648827416727377e-08,0.0
1736251480.4526234,-1.5648827416727377e-08,0.0
1736251481.4530213,-1.5648827416727377e-08,0.0
1736251482.4726017,-1.5648827416727377e-08,0.0
1736251483.474304,-1.5648827416727377e-08,0.0
1736251484.475211,-1.5648827416727377e-08,0.0
1736251485.475861,-1.5648827416727377e-08,0.0
1736251486.4887152,-1.5648827416727377e-08,0.0
1736251487.5086296,-1.5648827416727377e-08,0.0
1736251488.5166745,-1.5648827416727377e-08,0.0
1736251489.5184016,-1.5648827416727377e-08,0.0
1736251490.5213084,-1.5648827416727377e-08,0.0
1736251491.5252292,-1.5648827416727377e-08,0.0
1736251492.526821,-1.5648827416727377e-08,0.0
1736251493.534751,-1.5648827416727377e-08,0.0
1736251494.5621574,-1.5648827416727377e-08,0.0
1736251495.5626469,-1.5648827416727377e-08,0.0
1736251496.5657084,-1.5648827416727377e-08,0.0
1736251497.5668023,-1.5648827416727377e-08,0.0
1736251498.568039,-1.5648827416727377e-08,0.0
1736251499.6087577,-1.5648827416727377e-08,0.0
1736251500.613613,-1.5648827416727377e-08,0.0
1736251501.6225188,-1.5648827416727377e-08,0.0
1736251502.6378257,-1.5648827416727377e-08,0.0
1736251503.6388106,-1.5648827416727377e-08,0.0
1736251504.6508074,-1.5648827416727377e-08,0.0
1736251505.6681926,-1.5648827416727377e-08,0.0
1736251506.6703384,-1.5648827416727377e-08,0.0
1736251507.6746762,-1.5648827416727377e-08,0.0
1736251508.675928,-1.5648827416727377e-08,0.0
1736251509.6764243,-1.5648827416727377e-08,0.0
1736251510.7187421,-1.5648827416727377e-08,0.0
1736251511.7316182,-1.5648827416727377e-08,0.0
1736251512.7517543,-1.5648827416727377e-08,0.0
1736251513.753478,-1.5648827416727377e-08,0.0
1736251514.7576532,-1.5648827416727377e-08,0.0
1736251515.7671266,-1.5648827416727377e-08,0.0
1736251516.816888,-1.5648827416727377e-08,0.0
1736251517.842201,-1.5648827416727377e-08,0.0
1736251518.8681874,-1.5648827416727377e-08,0.0
1736251519.8825912,-1.5648827416727377e-08,0.0
1736251520.8960812,-1.5648827416727377e-08,0.0
1736251521.8975894,-1.5648827416727377e-08,0.0
1736251522.9171581,-1.5648827416727377e-08,0.0
1736251523.9179664,-1.5648827416727377e-08,0.0
1736251524.9292219,-1.5648827416727377e-08,0.0
1736251525.952952,-1.5648827416727377e-08,0.0
1736251526.9688075,-1.5648827416727377e-08,0.0
1736251527.9739478,-1.5648827416727377e-08,0.0
1736251528.9748595,-1.5648827416727377e-08,0.0
1736251529.9760954,-1.5648827416727377e-08,0.0
1736251530.9973586,-1.5648827416727377e-08,0.0
1736251532.001436,-1.5648827416727377e-08,0.0
1736251533.0025144,-1.5648827416727377e-08,0.0
1736251534.0203943,-1.5648827416727377e-08,0.0
1736251535.0208452,-1.5648827416727377e-08,0.0
1736251536.0284586,-1.5648827416727377e-08,0.0
1736251537.034922,-1.5648827416727377e-08,0.0
1736251538.041903,-1.5648827416727377e-08,0.0
1736251539.042759,-1.5648827416727377e-08,0.0
1736251540.0474803,-1.5648827416727377e-08,0.0
1736251541.0480883,-1.5648827416727377e-08,0.0
1736251542.0488906,-1.5648827416727377e-08,0.0
1736251543.0515447,-1.5648827416727377e-08,0.0
1736251544.052643,-1.5648827416727377e-08,0.0
1736251545.0532281,-1.5648827416727377e-08,0.0
1736251546.0726507,-1.5648827416727377e-08,0.0
1736251547.0778806,-1.5648827416727377e-08,0.0
1736251548.0785694,-1.5648827416727377e-08,0.0
1736251549.0792732,-1.5648827416727377e-08,0.0
1736251550.0798712,-1.5648827416727377e-08,0.0
1736251551.0811787,-1.5648827416727377e-08,0.0
1736251552.083049,-1.5648827416727377e-08,0.0
1736251553.0837069,-1.5648827416727377e-08,0.0
1736251554.090887,-1.5648827416727377e-08,0.0
1736251555.0915697,-1.5648827416727377e-08,0.0
1736251556.0967598,-1.5648827416727377e-08,0.0
1736251557.127222,-1.5648827416727377e-08,0.0
1736251558.1373026,-1.5648827416727377e-08,0.0
1736251559.1499963,-1.5648827416727377e-08,0.0
1736251560.150648,-1.5648827416727377e-08,0.0
1736251561.153595,-1.5648827416727377e-08,0.0
1736251562.15928,-1.5648827416727377e-08,0.0
1736251563.1602025,-1.5648827416727377e-08,0.0
1736251564.1611118,-1.5648827416727377e-08,0.0
1736251565.1624367,-1.5648827416727377e-08,0.0
1736251566.1681,-1.5648827416727377e-08,0.0
1736251567.1764274,-1.5648827416727377e-08,0.0
1736251568.1858573,-1.5648827416727377e-08,0.0
1736251569.1959102,-1.5648827416727377e-08,0.0
1736251570.23979,-1.5648827416727377e-08,0.0
1736251571.2614508,-1.5648827416727377e-08,0.0
1736251572.3091772,-1.5648827416727377e-08,0.0
1736251573.314775,-1.5648827416727377e-08,0.0
1736251574.3336778,-1.5648827416727377e-08,0.0
1736251575.3616765,-1.5648827416727377e-08,0.0
1736251576.3704917,-1.5648827416727377e-08,0.0
1736251577.377788,-1.5648827416727377e-08,0.0
1736251578.3890922,-1.5648827416727377e-08,0.0
1736251579.4027538,-1.5648827416727377e-08,0.0
1736251580.4253573,-1.5648827416727377e-08,0.0
1736251581.426013,-1.5648827416727377e-08,0.0
1736251582.4266324,-1.5648827416727377e-08,0.0
1736251583.428092,-1.5648827416727377e-08,0.0
1736251584.4291427,-1.5648827416727377e-08,0.0
1736251585.449748,-1.5648827416727377e-08,0.0
1736251586.481965,-1.5648827416727377e-08,0.0
1736251587.4828887,-1.5648827416727377e-08,0.0
1736251588.4852786,-1.5648827416727377e-08,0.0
1736251589.5011735,-1.5648827416727377e-08,0.0
1736251590.5175912,-1.5648827416727377e-08,0.0
1736251591.5464487,-1.5648827416727377e-08,0.0
1736251592.5470347,-1.5648827416727377e-08,0.0
1736251593.5485468,-1.5648827416727377e-08,0.0
1736251594.5494812,-1.5648827416727377e-08,0.0
1736251595.5551298,-1.5648827416727377e-08,0.0
1736251596.5570807,-1.5648827416727377e-08,0.0
1736251597.5677602,-1.5648827416727377e-08,0.0
1736251598.5786898,-1.5648827416727377e-08,0.0
1736251599.606226,-1.5648827416727377e-08,0.0
1736251600.6293085,-1.5648827416727377e-08,0.0
1736251601.6533992,-1.5648827416727377e-08,0.0
1736251602.6697397,-1.5648827416727377e-08,0.0
1736251603.6855855,-1.5648827416727377e-08,0.0
1736251604.6891387,-1.5648827416727377e-08,0.0
1736251605.7000825,-1.5648827416727377e-08,0.0
1736251606.7204766,-1.5648827416727377e-08,0.0
1736251607.7219923,-1.5648827416727377e-08,0.0
1736251608.7223403,-1.5648827416727377e-08,0.0
1736251609.7317069,-1.5648827416727377e-08,0.0
1736251610.7375178,-1.5648827416727377e-08,0.0
1736251611.7384543,-1.5648827416727377e-08,0.0
1736251612.7417483,-1.5648827416727377e-08,0.0
1736251613.7629616,-1.5648827416727377e-08,0.0
1736251614.7913465,-1.5648827416727377e-08,0.0
1736251615.7921147,-1.5648827416727377e-08,0.0
1736251616.831813,-1.5648827416727377e-08,0.0
1736251617.8599153,-1.5648827416727377e-08,0.0
1736251618.8679469,-1.5648827416727377e-08,0.0
1736251619.8840423,-1.5648827416727377e-08,0.0
1736251620.884625,-1.5648827416727377e-08,0.0
1736251621.8859878,-1.5648827416727377e-08,0.0
1736251622.9106264,-1.5648827416727377e-08,0.0
1736251623.914016,-1.5648827416727377e-08,0.0
1736251624.914565,-1.5648827416727377e-08,0.0
1736251625.9239745,-1.5648827416727377e-08,0.0
1736251626.9441056,-1.5648827416727377e-08,0.0
1736251627.9601102,-1.5648827416727377e-08,0.0
1736251628.9616122,-1.5648827416727377e-08,0.0
1736251629.9671137,-1.5648827416727377e-08,0.0
1736251630.9787023,-1.5648827416727377e-08,0.0
1736251632.009487,-1.5648827416727377e-08,0.0
1736251633.0229433,-1.5648827416727377e-08,0.0
1736251634.0241363,-1.5648827416727377e-08,0.0
1736251635.0249398,-1.5648827416727377e-08,0.0
1736251636.0375454,-1.5648827416727377e-08,0.0
1736251637.0379734,-1.5648827416727377e-08,0.0
1736251638.0390086,-1.5648827416727377e-08,0.0
1736251639.0728374,-1.5648827416727377e-08,0.0
1736251640.0758057,-1.5648827416727377e-08,0.0
1736251641.09922,-1.5648827416727377e-08,0.0
1736251642.099637,-1.5648827416727377e-08,0.0
1736251643.1017625,-1.5648827416727377e-08,0.0
1736251644.10708,-1.5648827416727377e-08,0.0
1736251645.1169565,-1.5648827416727377e-08,0.0
1736251646.1253586,-1.5648827416727377e-08,0.0
1736251647.1281228,-1.5648827416727377e-08,0.0
1736251648.1314607,-1.5648827416727377e-08,0.0
1736251649.1331894,-1.5648827416727377e-08,0.0
1736251650.1345763,-1.5648827416727377e-08,0.0
1736251651.1766667,-1.5648827416727377e-08,0.0
1736251652.222773,-1.5648827416727377e-08,0.0
1736251653.2391975,-1.5648827416727377e-08,0.0
1736251654.262992,-1.5648827416727377e-08,0.0
1736251655.2756221,-1.5648827416727377e-08,0.0
1736251656.3034208,-1.5648827416727377e-08,0.0
1736251657.304005,-1.5648827416727377e-08,0.0
1736251658.3052247,-1.5648827416727377e-08,0.0
1736251659.3064382,-1.5648827416727377e-08,0.0
1736251660.3088572,-1.5648827416727377e-08,0.0
1736251661.3102586,-1.5648827416727377e-08,0.0
1736251662.315166,-1.5648827416727377e-08,0.0
1736251663.3164308,-1.5648827416727377e-08,0.0
1736251664.3220675,-1.5648827416727377e-08,0.0
1736251665.3249333,-1.5648827416727377e-08,0.0
1736251666.3435502,-1.5648827416727377e-08,0.0
1736251667.3488727,-1.5648827416727377e-08,0.0
1736251668.349955,-1.5648827416727377e-08,0.0
1736251669.3900146,-1.5648827416727377e-08,0.0
1736251670.4034293,-1.5648827416727377e-08,0.0
1736251671.4051378,-1.5648827416727377e-08,0.0
1736251672.4232745,-1.5648827416727377e-08,0.0
1736251673.4396636,-1.5648827416727377e-08,0.0
1736251674.4399302,-1.5648827416727377e-08,0.0
1736251675.4411612,-1.5648827416727377e-08,0.0
1736251676.4422429,-1.5648827416727377e-08,0.0
1736251677.4586506,-1.5648827416727377e-08,0.0
1736251678.4798489,-1.5648827416727377e-08,0.0
1736251679.4810066,-1.5648827416727377e-08,0.0
1736251680.4814126,-1.5648827416727377e-08,0.0
1736251681.4843752,-1.5648827416727377e-08,0.0
1736251682.4990501,-1.5648827416727377e-08,0.0
1736251683.5005195,-1.5648827416727377e-08,0.0
1736251684.5067828,-1.5648827416727377e-08,0.0
1736251685.5075643,-1.5648827416727377e-08,0.0
1736251686.5204918,-1.5648827416727377e-08,0.0
1736251687.520828,-1.5648827416727377e-08,0.0
1736251688.5251245,-1.5648827416727377e-08,0.0
1736251689.5373738,-1.5648827416727377e-08,0.0
1736251690.5767946,-1.5648827416727377e-08,0.0
1736251691.5776203,-1.5648827416727377e-08,0.0
1736251692.5801737,-1.5648827416727377e-08,0.0
1736251693.597031,-1.5648827416727377e-08,0.0
1736251694.6132658,-1.5648827416727377e-08,0.0
1736251695.6136742,-1.5648827416727377e-08,0.0
1736251696.6217961,-1.5648827416727377e-08,0.0
1736251697.6356342,-1.5648827416727377e-08,0.0
1736251698.6666474,-1.5648827416727377e-08,0.0
1736251699.6969361,-1.5648827416727377e-08,0.0
1736251700.697446,-1.5648827416727377e-08,0.0
1736251701.6995027,-1.5648827416727377e-08,0.0
1736251702.7020144,-1.5648827416727377e-08,0.0
1736251703.710347,-1.5648827416727377e-08,0.0
1736251704.7117705,-1.5648827416727377e-08,0.0
1736251705.724213,-1.5648827416727377e-08,0.0
1736251706.7495732,-1.5648827416727377e-08,0.0
1736251707.74994,-1.5648827416727377e-08,0.0
1736251708.7621853,-1.5648827416727377e-08,0.0
1736251709.7965689,-1.5648827416727377e-08,0.0
1736251710.8095634,-1.5648827416727377e-08,0.0
1736251711.8188446,-1.5648827416727377e-08,0.0
1736251712.845465,-1.5648827416727377e-08,0.0
1736251713.8552873,-1.5648827416727377e-08,0.0
1736251714.8584225,-1.5648827416727377e-08,0.0
1736251715.8711832,-1.5648827416727377e-08,0.0
1736251716.8714545,-1.5648827416727377e-08,0.0
1736251717.878854,-1.5648827416727377e-08,0.0
1736251718.8911698,-1.5648827416727377e-08,0.0
1736251719.9005935,-1.5648827416727377e-08,0.0
1736251720.9171796,-1.5648827416727377e-08,0.0
1736251721.9218054,-1.5648827416727377e-08,0.0
1736251722.9261436,-1.5648827416727377e-08,0.0
1736251723.9318857,-1.5648827416727377e-08,0.0
1736251724.933607,-1.5648827416727377e-08,0.0
1736251725.934303,-1.5648827416727377e-08,0.0
1736251726.944941,-1.5648827416727377e-08,0.0
1736251727.9815204,-1.5648827416727377e-08,0.0
1736251728.9832652,-1.5648827416727377e-08,0.0
1736251729.9910583,-1.5648827416727377e-08,0.0
1736251730.9951537,-1.5648827416727377e-08,0.0
1736251732.0251524,-1.5648827416727377e-08,0.0
1736251733.0305707,-1.5648827416727377e-08,0.0
1736251734.0460758,-1.5648827416727377e-08,0.0
1736251735.0557175,-1.5648827416727377e-08,0.0
1736251736.0564365,-1.5648827416727377e-08,0.0
1736251737.0712318,-1.5648827416727377e-08,0.0
1736251738.0803049,-1.5648827416727377e-08,0.0
1736251739.0832536,-1.5648827416727377e-08,0.0
1736251740.1052024,-1.5648827416727377e-08,0.0
1736251741.124982,-1.5648827416727377e-08,0.0
1736251742.1334164,-1.5648827416727377e-08,0.0
1736251743.1421466,-1.5648827416727377e-08,0.0
1736251744.1540997,-1.5648827416727377e-08,0.0
1736251745.1931856,-1.5648827416727377e-08,0.0
1736251746.2002838,-1.5648827416727377e-08,0.0
1736251747.2120945,-1.5648827416727377e-08,0.0
1736251748.2213295,-1.5648827416727377e-08,0.0
1736251749.2220597,-1.5648827416727377e-08,0.0
1736251750.236716,-1.5648827416727377e-08,0.0
1736251751.2377272,-1.5648827416727377e-08,0.0
1736251752.2387831,-1.5648827416727377e-08,0.0
1736251753.2565913,-1.5648827416727377e-08,0.0
1736251754.2585113,-1.5648827416727377e-08,0.0
1736251755.2651474,-1.5648827416727377e-08,0.0
1736251756.2972562,-1.5648827416727377e-08,0.0
1736251757.304515,-1.5648827416727377e-08,0.0
1736251758.33014,-1.5648827416727377e-08,0.0
1736251759.3330483,-1.5648827416727377e-08,0.0
1736251760.3439178,-1.5648827416727377e-08,0.0
1736251761.369895,-1.5648827416727377e-08,0.0
1736251762.4291947,-1.5648827416727377e-08,0.0
1736251763.4304743,-1.5648827416727377e-08,0.0
1736251764.433716,-1.5648827416727377e-08,0.0
1736251765.4475958,-1.5648827416727377e-08,0.0
1736251766.4635732,-1.5648827416727377e-08,0.0
