Time,Height (m),Voltage (V)
1739979419.5669212,0.0,0.0
1739979420.6309102,0.0,0.0
1739979421.6536515,0.0,0.0
1739979583.434163,0.0,0.0
1739979584.4446633,0.0,0.0
1739979585.4703488,0.0,0.0
1739979586.495642,0.0,0.0
1739979587.4989445,0.0,0.0
1739979588.5333724,0.0,0.0
1739979589.590853,0.0,0.0
1739979590.614389,0.0,0.0
1739979591.6301975,0.0,0.0
1739979592.6445696,0.0,0.0
1739979593.6517656,0.0,0.0
1739979594.6752713,0.0,0.0
1739979595.678712,0.0,0.0
1739979596.6964417,0.0,0.0
1740472056.3983424,0.4808225631713867,3.058649999999999
1740472057.4805138,0.0,0.0
1740472058.4906697,0.4974152743816376,3.4145824543380696
1740472059.521867,0.0,0.0
1740472060.5332685,0.4791487455368042,3.024507306450598
1740472061.5400114,0.0,0.0
1740472062.5455475,0.45726481080055237,2.6586521809851966
1740472063.5851338,0.0,0.0
1740472064.654644,0.428689181804657,2.306435924077019
1740472065.6849723,0.0,0.0
1740472066.772002,0.39364093542099,1.990628688454609
1740472067.8438258,0.0,0.0
1740472069.213468,0.37901341915130615,1.8824999999999998
1740472070.442576,0.0,0.0
1740472071.687807,0.3779429495334625,1.8749999999999998
1740472073.0391867,0.0,0.0
1740472074.061666,0.3759188950061798,1.8609599999999993
1740472075.299544,0.0,0.0
1740472076.3414588,0.3761885464191437,1.8628199999999997
1740472077.6916566,0.0,0.0
1740472078.881675,0.37740054726600647,1.8712200000000005
1740472079.938085,0.0,0.0
1740472081.3005567,0.37887680530548096,1.881540000000002
1740472082.3139,0.0,0.0
1740472083.317437,0.37577953934669495,1.8599999999999999
1740472084.3196974,0.0,0.0
1740472085.3382993,0.3759188950061798,1.8609599999999975
1740472086.3536408,0.0,0.0
1740472087.3664966,0.3759101927280426,1.860899999999999
1740472088.3892627,0.0,0.0
1740472089.417902,0.3760494589805603,1.86186
1740472090.4572248,0.0,0.0
1740472091.4734323,0.3759188950061798,1.8609599999999975
1740472092.4958246,0.0,0.0
1740472093.5216074,0.3759188950061798,1.860960000000001
1740472094.5646045,0.0,0.0
1740472095.636072,0.37645772099494934,1.8646800000000017
1740472096.6368818,0.0,0.0
1740472097.638218,0.37577953934669495,1.8599999999999999
1740472098.681013,0.0,0.0
1740472099.6895223,0.37577953934669495,1.8599999999999999
1740472100.692927,0.0,0.0
1740472101.7028136,0.3759101927280426,1.8609000000000024
1740472102.7713115,0.0,0.0
1740472103.7856698,0.3759101927280426,1.860899999999999
1740472104.8390849,0.0,0.0
1740472105.90809,0.3763188421726227,1.8637200000000005
1740472106.9330537,0.0,0.0
1740472107.9730134,0.3760494589805603,1.86186
1740472109.0446334,0.0,0.0
1740472110.114495,0.3763275444507599,1.863779999999999
1740472111.1455252,0.0,0.0
1740472112.149025,0.3759101927280426,1.860899999999999
1740472113.1629894,0.0,0.0
1740472114.164937,0.3759188950061798,1.860960000000001
1740472115.1831386,0.0,0.0
1740472116.2139986,0.3760494589805603,1.86186
1740472117.2214966,0.0,0.0
1740472118.225724,0.3759188950061798,1.860960000000001
1740472119.2319021,0.0,0.0
1740472120.2363327,0.37577953934669495,1.8599999999999999
1740472121.2506425,0.0,0.0
1740472122.3614812,0.376735121011734,1.8666000000000007
1740472123.4061158,0.0,0.0
1740472124.451862,0.3761885464191437,1.8628200000000013
1740472125.4635084,0.0,0.0
1740472126.4872174,0.3759188950061798,1.860960000000001
1740472127.5021362,0.0,0.0
1740472128.522038,0.3759188950061798,1.860960000000001
1740473227.3025496,0.27664700150489807,1.3595399999999938
1740473228.4164062,0.0,0.0
1740473229.421528,0.38505133986473083,1.9258121233069834
1740473230.4374976,0.0,0.0
1740473231.4518504,0.3759101927280426,1.8609000000000058
1740473232.4541695,0.0,0.0
1740473233.4568727,0.37577953934669495,1.8599999999999999
1740473234.4657464,0.0,0.0
1740473235.4732065,0.37577953934669495,1.8599999999999999
1740473236.490989,0.0,0.0
1740473237.5307934,0.37617990374565125,1.8627600000000029
1740473238.5478687,0.0,0.0
1740473239.5533974,0.37577953934669495,1.8599999999999999
1740473240.6215773,0.0,0.0
1740473241.6282434,0.37577953934669495,1.8599999999999999
1740473242.6423414,0.0,0.0
1740473243.6494179,0.3759101927280426,1.8609000000000058
1740473244.6545482,0.0,0.0
1740473245.6590202,0.37577953934669495,1.8599999999999999
1740473246.6921277,0.0,0.0
1740473247.7039256,0.3759101927280426,1.8609000000000058
1740473248.7470863,0.0,0.0
1740473249.767013,0.3759188950061798,1.8609599999999908
1740473250.7685883,0.0,0.0
1740473251.7695386,0.37577953934669495,1.8599999999999999
1740473252.771841,0.0,0.0
1740473253.778801,0.3759101927280426,1.8609000000000058
1740473254.8243556,0.0,0.0
1740473255.8379505,0.3759188950061798,1.8609599999999908
1740473256.8544843,0.0,0.0
1740473257.8786223,0.3759101927280426,1.8609000000000058
1740473258.9042099,0.0,0.0
1740473259.9500296,0.3761885464191437,1.8628200000000013
1740473260.9793336,0.0,0.0
1740473262.0127165,0.3760494589805603,1.8618599999999967
1740473263.0145326,0.0,0.0
1740473264.0193946,0.37577953934669495,1.8599999999999999
1740473265.021661,0.0,0.0
1740473266.0233138,0.3759101927280426,1.8609000000000058
1740473267.0256257,0.0,0.0
1740473268.0309258,0.37577953934669495,1.8599999999999999
1740473269.0775821,0.0,0.0
1740473270.1075318,0.37605810165405273,1.8619199999999954
1740473271.1195297,0.0,0.0
1740473272.1618679,0.3760494589805603,1.8618599999999967
1740473273.1736999,0.0,0.0
1740473274.175202,0.37577953934669495,1.8599999999999999
1740473275.1844733,0.0,0.0
1740473276.2170916,0.3760494589805603,1.8618599999999967
1740473277.2441149,0.0,0.0
1740473278.264479,0.3759188950061798,1.8609599999999908
1740473279.2660682,0.0,0.0
1740473280.2674158,0.37577953934669495,1.8599999999999999
1740473281.2687075,0.0,0.0
1740473282.2795298,0.3759101927280426,1.8609000000000058
1740473283.28119,0.0,0.0
1740473284.291098,0.3759188950061798,1.8609599999999908
1740473285.301832,0.0,0.0
1740473286.302992,0.37577953934669495,1.8599999999999999
1740473287.4068015,0.0,0.0
1740473288.449764,0.3761885464191437,1.8628200000000013
1740473289.470891,0.0,0.0
1740473290.502811,0.3760494589805603,1.8618600000000105
1740473291.507221,0.0,0.0
1740473292.50865,0.37577953934669495,1.8599999999999999
1740473293.5103972,0.0,0.0
1740473294.518791,0.37577953934669495,1.8599999999999999
1740473295.5702164,0.0,0.0
1740473296.5936673,0.3759188950061798,1.8609599999999908
1740473297.6007285,0.0,0.0
1740473298.6018906,0.37577953934669495,1.8599999999999999
1740473299.6039758,0.0,0.0
1740473300.605714,0.37577953934669495,1.8599999999999999
1740473301.6070871,0.0,0.0
1740473302.6212876,0.3759101927280426,1.8609000000000058
1740473303.631014,0.0,0.0
1740473304.6321912,0.3759188950061798,1.8609599999999908
1740473305.6339247,0.0,0.0
1740473306.635531,0.37577953934669495,1.8599999999999999
1740473307.6370823,0.0,0.0
1740473308.6387827,0.37577953934669495,1.8599999999999999
1740473309.6504698,0.0,0.0
1740473310.6764302,0.3759188950061798,1.8609599999999908
1740473311.7084434,0.0,0.0
1740473312.710273,0.3759188950061798,1.8609599999999908
1740473313.7120628,0.0,0.0
1740473314.7135515,0.37577953934669495,1.8599999999999999
1740473315.7157803,0.0,0.0
1740473316.7187219,0.37577953934669495,1.8599999999999999
1740473317.7251108,0.0,0.0
1740473318.725966,0.3759188950061798,1.8609600000000044
1740473319.7277894,0.0,0.0
1740473320.728608,0.37577953934669495,1.8599999999999999
1740473321.733183,0.0,0.0
1740473322.7392058,0.37577953934669495,1.8599999999999999
1740473323.7410533,0.0,0.0
1740473324.770379,0.3760494589805603,1.8618599999999967
1740473325.772583,0.0,0.0
1740473326.7746847,0.37577953934669495,1.8599999999999999
1740473327.7812397,0.0,0.0
1740473328.8157492,0.37605810165405273,1.8619199999999954
1740473329.8393402,0.0,0.0
1740473330.856832,0.3759188950061798,1.8609600000000044
1740473331.8582199,0.0,0.0
1740473332.8831766,0.3760494589805603,1.8618599999999967
1740473333.9037528,0.0,0.0
1740473334.9080088,0.37577953934669495,1.8599999999999999
1740473335.9249778,0.0,0.0
1740473336.9487007,0.3760494589805603,1.8618600000000105
1740473337.977718,0.0,0.0
1740473339.0052495,0.3759101927280426,1.8609000000000058
1740473340.006884,0.0,0.0
1740473341.0146546,0.37577953934669495,1.8599999999999999
1740473342.018966,0.0,0.0
1740473343.0221791,0.37577953934669495,1.8599999999999999
1740473344.0295653,0.0,0.0
1740473345.0311897,0.37577953934669495,1.8599999999999999
1740473346.0439003,0.0,0.0
1740473347.059905,0.3759188950061798,1.8609600000000044
1740473348.0657694,0.0,0.0
1740473349.073936,0.3759101927280426,1.8609000000000058
1740473350.0867686,0.0,0.0
1740473351.0939932,0.37577953934669495,1.8599999999999999
1740473352.0969985,0.0,0.0
1740473353.1156816,0.3759188950061798,1.8609600000000044
1740473354.14891,0.0,0.0
1740473355.1572177,0.37577953934669495,1.8599999999999999
1740473356.1806293,0.0,0.0
1740473357.1818419,0.37577953934669495,1.8599999999999999
1740473358.1832864,0.0,0.0
1740473359.1904655,0.37577953934669495,1.8599999999999999
1740473360.1973984,0.0,0.0
1740473361.2108226,0.3759188950061798,1.8609599999999908
1740473362.2265816,0.0,0.0
1740473363.234222,0.37577953934669495,1.8599999999999999
1740473364.2422335,0.0,0.0
1740473365.2506607,0.37577953934669495,1.8599999999999999
1740473366.2526069,0.0,0.0
1740473367.2595766,0.3759188950061798,1.8609599999999908
1740473368.2799985,0.0,0.0
1740473369.2901437,0.3759188950061798,1.8609599999999908
1740473370.3327007,0.0,0.0
1740473371.3635619,0.37605810165405273,1.8619199999999954
1740473372.5218747,0.0,0.0
1740473373.5744822,0.3763188421726227,1.8637200000000074
1740473374.5993347,0.0,0.0
1740473375.612559,0.3759188950061798,1.8609600000000044
1740473376.6218612,0.0,0.0
1740473377.6468,0.3759188950061798,1.8609599999999908
1740473378.7578402,0.0,0.0
1740473379.7777286,0.3759101927280426,1.8609000000000058
1740473380.7867298,0.0,0.0
1740473381.78844,0.3759188950061798,1.8609599999999908
1740473382.789665,0.0,0.0
1740473383.8039744,0.3759188950061798,1.8609600000000044
1740473384.8317757,0.0,0.0
1740473385.8390994,0.3759188950061798,1.8609599999999908
1740473386.844822,0.0,0.0
1740473387.8469794,0.37577953934669495,1.8599999999999999
1740473388.8490486,0.0,0.0
1740473389.8497653,0.37577953934669495,1.8599999999999999
1740473390.8748562,0.0,0.0
1740473391.9056304,0.3760494589805603,1.8618599999999967
1740473392.9121659,0.0,0.0
1740473393.9148538,0.3759188950061798,1.8609599999999908
1740473394.9163709,0.0,0.0
1740473395.9292636,0.3759188950061798,1.8609600000000044
1740473396.9575427,0.0,0.0
1740473397.9642494,0.3759188950061798,1.8609599999999908
1740473398.9835966,0.0,0.0
1740473399.9844086,0.37577953934669495,1.8599999999999999
1740473400.993091,0.0,0.0
1740473401.9944627,0.37577953934669495,1.8599999999999999
1740473403.0031214,0.0,0.0
1740473404.0374894,0.3760494589805603,1.8618599999999967
1740473405.0582151,0.0,0.0
1740473406.059837,0.37577953934669495,1.8599999999999999
1740473407.060756,0.0,0.0
1740473408.0647907,0.37577953934669495,1.8599999999999999
1740473409.0666895,0.0,0.0
1740473410.0677507,0.37577953934669495,1.8599999999999999
1740473411.092823,0.0,0.0
1740473412.1083784,0.3759188950061798,1.8609600000000044
1740473413.1112974,0.0,0.0
1740473414.1122746,0.37577953934669495,1.8599999999999999
1740473415.1146631,0.0,0.0
1740473416.124618,0.3759101927280426,1.8609000000000058
1740473417.161981,0.0,0.0
1740473418.165042,0.3759188950061798,1.8609599999999908
1740473419.1665719,0.0,0.0
1740473420.1684055,0.37577953934669495,1.8599999999999999
1740473421.169614,0.0,0.0
1740473422.1755185,0.37577953934669495,1.8599999999999999
1740473423.1780527,0.0,0.0
1740473424.1826491,0.3759188950061798,1.8609600000000044
1740473425.1850202,0.0,0.0
1740473426.1889548,0.37577953934669495,1.8599999999999999
1740473427.255524,0.0,0.0
1740473428.3003967,0.3761885464191437,1.8628199999999877
1740473429.322913,0.0,0.0
1740473430.35031,0.3759188950061798,1.8609599999999908
1740473431.3611095,0.0,0.0
1740473432.3678212,0.3759101927280426,1.8609000000000058
1740473433.3858168,0.0,0.0
1740473434.4226604,0.3760494589805603,1.8618599999999967
1740473435.435338,0.0,0.0
1740473436.4364345,0.37577953934669495,1.8599999999999999
1740473437.4611382,0.0,0.0
1740473438.5001273,0.3760494589805603,1.8618600000000105
1740473439.5217874,0.0,0.0
1740473440.524409,0.3759101927280426,1.8609000000000058
1740473441.528414,0.0,0.0
1740473442.529658,0.37577953934669495,1.8599999999999999
1740473443.5306575,0.0,0.0
1740473444.5337439,0.37577953934669495,1.8599999999999999
1740473445.5353343,0.0,0.0
1740473446.545168,0.3759188950061798,1.8609599999999908
1740473447.5639026,0.0,0.0
1740473448.5655031,0.37577953934669495,1.8599999999999999
1740473449.56924,0.0,0.0
1740473450.5710597,0.3759101927280426,1.8609000000000058
1740473451.5724368,0.0,0.0
1740473452.5757122,0.37577953934669495,1.8599999999999999
1740473453.5815272,0.0,0.0
1740473454.5967488,0.3759188950061798,1.8609599999999908
1740473455.5978267,0.0,0.0
1740473456.6000051,0.37577953934669495,1.8599999999999999
1740473457.602204,0.0,0.0
1740473458.6192367,0.3759101927280426,1.8609000000000058
1740473459.6316452,0.0,0.0
1740473460.6326854,0.3759188950061798,1.8609599999999908
1740473461.6349046,0.0,0.0
1740473462.6420043,0.37577953934669495,1.8599999999999999
1740473463.6430082,0.0,0.0
1740473464.644021,0.37577953934669495,1.8599999999999999
1740473465.6673691,0.0,0.0
1740473466.708717,0.3760494589805603,1.8618600000000105
1740473467.7212944,0.0,0.0
1740473468.7235067,0.37577953934669495,1.8599999999999999
1740473469.7256303,0.0,0.0
1740473470.727269,0.37577953934669495,1.8599999999999999
1740473471.7292426,0.0,0.0
1740473472.7310736,0.37577953934669495,1.8599999999999999
1740473473.7397947,0.0,0.0
1740473474.7538269,0.3759101927280426,1.8609000000000058
1740473475.755768,0.0,0.0
1740473476.7586837,0.3759188950061798,1.8609599999999908
1740473477.7593021,0.0,0.0
1740473478.763638,0.37577953934669495,1.8599999999999999
1740473479.7727473,0.0,0.0
1740473480.7856948,0.37577953934669495,1.8599999999999999
1740473481.823601,0.0,0.0
1740473482.8276017,0.37577953934669495,1.8599999999999999
1740473483.8313923,0.0,0.0
1740473484.8350427,0.3759188950061798,1.8609599999999908
1740473485.839049,0.0,0.0
1740473486.848782,0.37577953934669495,1.8599999999999999
1740473487.8593786,0.0,0.0
1740473488.897842,0.37617990374565125,1.8627600000000029
1740473489.902447,0.0,0.0
1740473490.9040425,0.37577953934669495,1.8599999999999999
1740473491.9312642,0.0,0.0
1740473492.9412832,0.37577953934669495,1.8599999999999999
1740473493.9456356,0.0,0.0
1740473494.9490333,0.37577953934669495,1.8599999999999999
1740473495.9504077,0.0,0.0
1740473496.9785964,0.37605810165405273,1.8619199999999954
1740473497.9864497,0.0,0.0
1740473499.0080137,0.3760494589805603,1.8618599999999967
1740473500.0093994,0.0,0.0
1740473501.0109878,0.37577953934669495,1.8599999999999999
1740473502.0122924,0.0,0.0
1740473503.0206635,0.37577953934669495,1.8599999999999999
1740473504.0439749,0.0,0.0
1740473505.0565493,0.3759188950061798,1.8609600000000044
1740473506.062418,0.0,0.0
1740473507.0748675,0.3759101927280426,1.8609000000000058
1740473508.0771222,0.0,0.0
1740473509.0780618,0.37577953934669495,1.8599999999999999
1740473510.084951,0.0,0.0
1740473511.0922134,0.37577953934669495,1.8599999999999999
1740473512.1006417,0.0,0.0
1740473513.1258945,0.3759101927280426,1.8609000000000058
1740473514.1576312,0.0,0.0
1740473515.1587353,0.37577953934669495,1.8599999999999999
1740473516.1722584,0.0,0.0
1740473517.2108333,0.3761885464191437,1.8628200000000013
1740473518.226069,0.0,0.0
1740473519.2315571,0.37577953934669495,1.8599999999999999
1740473520.2387552,0.0,0.0
1740473521.2705216,0.3760494589805603,1.8618599999999967
1740473522.2732136,0.0,0.0
1740473523.2825701,0.37577953934669495,1.8599999999999999
1740473524.296227,0.0,0.0
1740473525.3204248,0.3760494589805603,1.8618600000000105
1740473526.3446264,0.0,0.0
1740473527.3739123,0.3760494589805603,1.8618600000000105
1740473528.391445,0.0,0.0
1740473529.4186673,0.3760494589805603,1.8618599999999967
1740473530.433189,0.0,0.0
1740473531.4345577,0.37577953934669495,1.8599999999999999
1740473532.472519,0.0,0.0
1740473533.5090117,0.3761885464191437,1.8628200000000013
1740473534.5110815,0.0,0.0
1740473535.5130932,0.37577953934669495,1.8599999999999999
1740473536.5226476,0.0,0.0
1740473537.5251803,0.37577953934669495,1.8599999999999999
1740473538.5456939,0.0,0.0
1740473539.5544043,0.3759188950061798,1.8609600000000044
1740473540.5767398,0.0,0.0
1740473541.5830648,0.37577953934669495,1.8599999999999999
1740473542.583945,0.0,0.0
1740473543.5852294,0.3759188950061798,1.8609599999999908
1740473544.5871437,0.0,0.0
1740473545.625064,0.3760494589805603,1.8618600000000105
1740473546.6638815,0.0,0.0
1740473547.6741366,0.37577953934669495,1.8599999999999999
1740473548.7024097,0.0,0.0
1740473549.7225296,0.3759188950061798,1.8609599999999908
1740473550.723749,0.0,0.0
1740473551.7271514,0.3759188950061798,1.8609600000000044
1740473552.748816,0.0,0.0
1740473553.7509713,0.37577953934669495,1.8599999999999999
1740473554.776113,0.0,0.0
1740473555.8121371,0.37605810165405273,1.8619199999999954
1740473556.83258,0.0,0.0
1740473557.8338947,0.37577953934669495,1.8599999999999999
1740473558.835781,0.0,0.0
1740473559.8378403,0.37577953934669495,1.8599999999999999
1740473560.8401084,0.0,0.0
1740473561.8416233,0.37577953934669495,1.8599999999999999
1740473562.8631618,0.0,0.0
1740473563.9008472,0.37617990374565125,1.8627600000000029
1740473564.9153893,0.0,0.0
1740473565.9172413,0.37577953934669495,1.8599999999999999
1740473566.9188492,0.0,0.0
1740473567.9197655,0.37577953934669495,1.8599999999999999
1740473568.9210377,0.0,0.0
1740473569.92472,0.37577953934669495,1.8599999999999999
1740473570.9439042,0.0,0.0
1740473571.965605,0.3760494589805603,1.8618599999999967
1740473572.9665916,0.0,0.0
1740473573.9724472,0.37577953934669495,1.8599999999999999
1740473574.9851828,0.0,0.0
1740473575.999757,0.3759101927280426,1.8609000000000058
1740473577.0106618,0.0,0.0
1740473578.0119815,0.37577953934669495,1.8599999999999999
1740473579.0175693,0.0,0.0
1740473580.0191364,0.37577953934669495,1.8599999999999999
1740473581.0205135,0.0,0.0
1740473582.030048,0.3759101927280426,1.8609000000000058
1740473583.071578,0.0,0.0
1740473584.079409,0.37577953934669495,1.8599999999999999
1740473585.090835,0.0,0.0
1740473586.1046724,0.3759188950061798,1.8609600000000044
1740473587.1065953,0.0,0.0
1740473588.1080277,0.37577953934669495,1.8599999999999999
1740473589.1113105,0.0,0.0
1740473590.1150765,0.37577953934669495,1.8599999999999999
1740473591.1183627,0.0,0.0
1740473592.1214068,0.37577953934669495,1.8599999999999999
1740473593.127056,0.0,0.0
1740473594.1324458,0.3759188950061798,1.8609599999999908
1740473595.1349752,0.0,0.0
1740473596.138664,0.37577953934669495,1.8599999999999999
1740473597.1483305,0.0,0.0
1740473598.1496484,0.37577953934669495,1.8599999999999999
1740473599.151044,0.0,0.0
1740473600.1744807,0.3759188950061798,1.8609599999999908
1740473601.223397,0.0,0.0
1740473602.2394655,0.3759188950061798,1.8609600000000044
1740473603.2548237,0.0,0.0
1740473604.2638893,0.3759188950061798,1.8609599999999908
1740473605.2708895,0.0,0.0
1740473606.2738762,0.3759101927280426,1.8609000000000058
1740473607.2772732,0.0,0.0
1740473608.278644,0.37577953934669495,1.8599999999999999
1740473609.2801137,0.0,0.0
1740473610.285864,0.37577953934669495,1.8599999999999999
1740473611.3033423,0.0,0.0
1740473612.3279653,0.3760494589805603,1.8618600000000105
1740473613.3349452,0.0,0.0
1740473614.3549056,0.3759188950061798,1.8609600000000044
1740473615.3581936,0.0,0.0
1740473616.3635936,0.37577953934669495,1.8599999999999999
1740473617.367275,0.0,0.0
1740473618.3727784,0.37577953934669495,1.8599999999999999
1740473619.4029546,0.0,0.0
1740473620.4217787,0.3759188950061798,1.8609599999999908
1740473621.4724426,0.0,0.0
1740473622.4766374,0.3759188950061798,1.8609600000000044
1740473623.4791625,0.0,0.0
1740473624.5089831,0.3760494589805603,1.8618599999999967
1740473625.5112202,0.0,0.0
1740473626.5191574,0.37577953934669495,1.8599999999999999
1740473627.541975,0.0,0.0
1740473628.5620189,0.3759188950061798,1.8609600000000044
1740473629.6055934,0.0,0.0
1740473630.6121159,0.37577953934669495,1.8599999999999999
1740473631.6192749,0.0,0.0
1740473632.6334214,0.3759188950061798,1.8609599999999908
1740473633.6528046,0.0,0.0
1740473634.6598206,0.37577953934669495,1.8599999999999999
1740473635.6852853,0.0,0.0
1740473636.6911926,0.37577953934669495,1.8599999999999999
1740473637.7217011,0.0,0.0
1740473638.7510004,0.3760494589805603,1.8618600000000105
1740473639.7708507,0.0,0.0
1740473640.7777104,0.3759101927280426,1.8609000000000058
1740473641.7798336,0.0,0.0
1740473642.8162482,0.37605810165405273,1.8619199999999954
1740473643.9158673,0.0,0.0
1740473644.9183953,0.37577953934669495,1.8599999999999999
1740473645.9442143,0.0,0.0
1740473646.9578657,0.3759101927280426,1.8609000000000058
1740473648.0072584,0.0,0.0
1740473649.0220728,0.37577953934669495,1.8599999999999999
1740473650.0279655,0.0,0.0
1740473651.0295787,0.37577953934669495,1.8599999999999999
1740473652.0316398,0.0,0.0
1740473653.042405,0.3759188950061798,1.8609599999999908
1740473654.0503123,0.0,0.0
1740473655.0994809,0.3761885464191437,1.8628200000000013
1740473656.1359944,0.0,0.0
1740473657.1615949,0.3759101927280426,1.8609000000000058
1740473658.2598102,0.0,0.0
1740473659.2937553,0.3760494589805603,1.8618599999999967
1740473660.3001223,0.0,0.0
1740473661.3089423,0.3759188950061798,1.8609600000000044
1740473662.3164222,0.0,0.0
1740473663.340495,0.3760494589805603,1.8618599999999967
1740473664.3436966,0.0,0.0
1740473665.3633974,0.3759188950061798,1.8609600000000044
1740473666.3948433,0.0,0.0
1740473667.4257336,0.3760494589805603,1.8618599999999967
1740473668.4299045,0.0,0.0
1740473669.431514,0.37577953934669495,1.8599999999999999
1740473670.4331098,0.0,0.0
1740473671.434805,0.37577953934669495,1.8599999999999999
1740473672.6021333,0.0,0.0
1740473673.6319482,0.3760494589805603,1.8618599999999967
1740473674.633604,0.0,0.0
1740473675.634611,0.37577953934669495,1.8599999999999999
1740473676.6873536,0.0,0.0
1740473677.6987555,0.3759101927280426,1.8609000000000058
1740473678.70065,0.0,0.0
1740473679.7101016,0.3759188950061798,1.8609599999999908
1740473680.740887,0.0,0.0
1740473681.7418528,0.3759101927280426,1.8609000000000058
1740473682.7492616,0.0,0.0
1740473683.7715032,0.3759188950061798,1.8609599999999908
1740473684.77275,0.0,0.0
1740473685.7744303,0.37577953934669495,1.8599999999999999
1740473686.776059,0.0,0.0
1740473687.7774043,0.37577953934669495,1.8599999999999999
1740473688.778549,0.0,0.0
1740473689.7803774,0.37577953934669495,1.8599999999999999
1740473690.7837474,0.0,0.0
1740473691.784662,0.37577953934669495,1.8599999999999999
1740473692.7865207,0.0,0.0
1740473693.7879353,0.37577953934669495,1.8599999999999999
1740473694.7889652,0.0,0.0
1740473695.7900784,0.37577953934669495,1.8599999999999999
1740473696.7924957,0.0,0.0
1740473697.799085,0.37577953934669495,1.8599999999999999
1740473698.8007736,0.0,0.0
1740473699.802286,0.37577953934669495,1.8599999999999999
1740473700.8164034,0.0,0.0
1740473701.8383296,0.3760494589805603,1.8618599999999967
1740473702.8522892,0.0,0.0
1740473703.8795736,0.3759101927280426,1.8609000000000058
1740473704.8905373,0.0,0.0
1740473705.896462,0.37577953934669495,1.8599999999999999
1740473706.9079053,0.0,0.0
1740473707.9102972,0.37577953934669495,1.8599999999999999
1740473708.9124532,0.0,0.0
1740473709.9191666,0.3759188950061798,1.8609599999999908
1740473710.9539707,0.0,0.0
1740473711.954869,0.37577953934669495,1.8599999999999999
1740473712.9675374,0.0,0.0
1740473713.9919906,0.3760494589805603,1.8618600000000105
1740473715.008843,0.0,0.0
1740473716.0243466,0.3759101927280426,1.8609000000000058
1740473717.0266404,0.0,0.0
1740473718.0328438,0.37577953934669495,1.8599999999999999
1740473719.0345263,0.0,0.0
1740473720.0545785,0.37605810165405273,1.8619199999999954
1740473721.071889,0.0,0.0
1740473722.0915694,0.3759188950061798,1.8609599999999908
1740473723.0940495,0.0,0.0
1740473724.0959795,0.37577953934669495,1.8599999999999999
1740473725.0966609,0.0,0.0
1740473726.1071122,0.3759188950061798,1.8609600000000044
1740473727.1183243,0.0,0.0
1740473728.1206343,0.37577953934669495,1.8599999999999999
1740473729.122166,0.0,0.0
1740473730.1383798,0.3759188950061798,1.8609599999999908
1740473731.1437128,0.0,0.0
1740473732.1575518,0.3759101927280426,1.8609000000000058
1740473733.1592271,0.0,0.0
1740473734.1612504,0.37577953934669495,1.8599999999999999
1740473735.1812086,0.0,0.0
1740473736.1871612,0.37577953934669495,1.8599999999999999
1740473737.1943579,0.0,0.0
1740473738.195352,0.37577953934669495,1.8599999999999999
1740473739.1965847,0.0,0.0
1740473740.1979907,0.37577953934669495,1.8599999999999999
1740473741.1990483,0.0,0.0
1740473742.2001634,0.37577953934669495,1.8599999999999999
1740473743.201476,0.0,0.0
1740473744.203034,0.37577953934669495,1.8599999999999999
1740473745.204746,0.0,0.0
1740473746.2071636,0.37577953934669495,1.8599999999999999
1740473747.208561,0.0,0.0
1740473748.2288053,0.37605810165405273,1.8619199999999954
1740473749.2486975,0.0,0.0
1740473750.2571998,0.3759188950061798,1.8609599999999908
1740473751.268997,0.0,0.0
1740473752.2712016,0.37577953934669495,1.8599999999999999
1740473753.2740395,0.0,0.0
1740473754.2763302,0.37577953934669495,1.8599999999999999
1740473755.292442,0.0,0.0
1740473756.3301978,0.3760494589805603,1.8618600000000105
1740473757.3367097,0.0,0.0
1740473758.3522997,0.3759188950061798,1.8609600000000044
1740473759.360729,0.0,0.0
1740473760.368735,0.3759101927280426,1.8609000000000058
1740473761.388382,0.0,0.0
1740473762.403225,0.3759101927280426,1.8609000000000058
1740473763.404811,0.0,0.0
1740473764.4064767,0.37577953934669495,1.8599999999999999
1740473765.4131448,0.0,0.0
1740473766.4336646,0.3759188950061798,1.8609600000000044
1740473767.4610674,0.0,0.0
1740473768.4636042,0.37577953934669495,1.8599999999999999
1740473769.4663093,0.0,0.0
1740473770.468247,0.37577953934669495,1.8599999999999999
1740473771.4706922,0.0,0.0
1740473772.4774637,0.3759188950061798,1.8609600000000044
1740473773.4870808,0.0,0.0
1740473774.4909902,0.3759101927280426,1.8609000000000058
1740473775.493261,0.0,0.0
1740473776.4961307,0.37577953934669495,1.8599999999999999
1740473777.514958,0.0,0.0
1740473778.7127964,0.3775385320186615,1.8721799999999984
1740473779.7929673,0.0,0.0
1740473780.8418033,0.3761885464191437,1.8628200000000013
1740473781.848774,0.0,0.0
1740473782.8500128,0.37577953934669495,1.8599999999999999
1740473783.8580508,0.0,0.0
1740473784.8858364,0.3760494589805603,1.8618599999999967
1740473785.8867671,0.0,0.0
1740473786.8883946,0.37577953934669495,1.8599999999999999
1740473787.8898194,0.0,0.0
1740473788.8913317,0.37577953934669495,1.8599999999999999
1740473789.9111223,0.0,0.0
1740473790.9299283,0.37605810165405273,1.8619199999999954
1740473791.9312758,0.0,0.0
1740473792.948109,0.3759101927280426,1.8609000000000058
1740473794.009445,0.0,0.0
1740473795.0537248,0.3761885464191437,1.8628200000000013
1740473796.0746794,0.0,0.0
1740473797.0758421,0.37577953934669495,1.8599999999999999
1740473798.0770276,0.0,0.0
1740473799.077914,0.37577953934669495,1.8599999999999999
1740473800.080479,0.0,0.0
1740473801.1001954,0.3759188950061798,1.8609599999999908
1740473802.1211882,0.0,0.0
1740473803.145281,0.3759188950061798,1.8609599999999908
1740473804.147882,0.0,0.0
1740473805.149923,0.37577953934669495,1.8599999999999999
1740473806.1520927,0.0,0.0
1740473807.1534042,0.37577953934669495,1.8599999999999999
1740473808.1660259,0.0,0.0
1740473809.1859353,0.3759188950061798,1.8609600000000044
1740473810.1881824,0.0,0.0
1740473811.1897595,0.37577953934669495,1.8599999999999999
1740473812.1951547,0.0,0.0
1740473813.2151756,0.3759188950061798,1.8609599999999908
1740473814.3187516,0.0,0.0
1740473815.3265986,0.3759101927280426,1.8609000000000058
1740473816.3284276,0.0,0.0
1740473817.3297796,0.37577953934669495,1.8599999999999999
1740473818.3318155,0.0,0.0
1740473819.3334103,0.37577953934669495,1.8599999999999999
1740473820.3532155,0.0,0.0
1740473821.384117,0.3760494589805603,1.8618599999999967
1740473822.3968415,0.0,0.0
1740473823.4010324,0.3759101927280426,1.8609000000000058
1740473824.4029715,0.0,0.0
1740473825.4039943,0.37577953934669495,1.8599999999999999
1740473826.4206011,0.0,0.0
1740473827.4686933,0.3761885464191437,1.8628200000000013
1740473828.4826722,0.0,0.0
1740473829.5093591,0.3760494589805603,1.8618599999999967
1740473830.6014154,0.0,0.0
1740473831.6031394,0.37577953934669495,1.8599999999999999
1740473832.6169064,0.0,0.0
1740473833.643434,0.3759188950061798,1.8609599999999908
1740473834.6461864,0.0,0.0
1740473835.7066882,0.3763188421726227,1.8637200000000074
1740473836.757015,0.0,0.0
1740473837.842387,0.37645772099494934,1.8646799999999983
1740473838.8470814,0.0,0.0
1740473839.8622978,0.3759188950061798,1.8609600000000044
1740473840.889463,0.0,0.0
1740473841.8969316,0.37577953934669495,1.8599999999999999
1740473842.9039397,0.0,0.0
1740473843.9129262,0.37577953934669495,1.8599999999999999
1740473844.9144893,0.0,0.0
1740473845.9194427,0.37577953934669495,1.8599999999999999
1740473846.920796,0.0,0.0
1740473847.933063,0.3759188950061798,1.8609600000000044
1740473848.9975765,0.0,0.0
1740473849.9992204,0.37577953934669495,1.8599999999999999
1740473851.0007796,0.0,0.0
1740473852.0023081,0.37577953934669495,1.8599999999999999
1740473853.004336,0.0,0.0
1740473854.0055678,0.37577953934669495,1.8599999999999999
1740473855.007017,0.0,0.0
1740473856.0084388,0.37577953934669495,1.8599999999999999
1740473857.031329,0.0,0.0
1740473858.0397065,0.3759188950061798,1.8609599999999908
1740473859.0466015,0.0,0.0
1740473860.0485575,0.37577953934669495,1.8599999999999999
1740473861.0514445,0.0,0.0
1740473862.062149,0.3759188950061798,1.8609600000000044
1740473863.1013844,0.0,0.0
1740473864.1050735,0.37577953934669495,1.8599999999999999
1740473865.1214101,0.0,0.0
1740473866.1240106,0.37577953934669495,1.8599999999999999
1740473867.1259978,0.0,0.0
1740473868.1387668,0.3759188950061798,1.8609599999999908
1740473869.1399975,0.0,0.0
1740473870.162155,0.3759101927280426,1.8608999999999922
1740473871.168589,0.0,0.0
1740473872.1822445,0.3759188950061798,1.8609600000000044
1740473873.1841104,0.0,0.0
1740473874.2067957,0.3759101927280426,1.8608999999999922
1740473875.2227604,0.0,0.0
1740473876.223973,0.37577953934669495,1.8599999999999999
1740473877.264352,0.0,0.0
1740473878.2834384,0.3759101927280426,1.8608999999999922
1740473879.3325224,0.0,0.0
1740473880.3600645,0.37605810165405273,1.861920000000009
1740473881.3633246,0.0,0.0
1740473882.371884,0.3759101927280426,1.8608999999999922
1740473883.377174,0.0,0.0
1740473884.3783798,0.37577953934669495,1.8599999999999999
1740473885.3848014,0.0,0.0
1740473886.3858752,0.37577953934669495,1.8599999999999999
1740473887.3906937,0.0,0.0
1740473888.405737,0.3759101927280426,1.8608999999999922
1740473889.4096203,0.0,0.0
1740473890.4260967,0.3759188950061798,1.8609600000000044
1740473891.4427264,0.0,0.0
1740473892.4443388,0.3759101927280426,1.8608999999999922
1740473893.473286,0.0,0.0
1740473894.5397167,0.37645772099494934,1.8646799999999983
1740473895.5646524,0.0,0.0
1740473896.5850303,0.3760494589805603,1.8618599999999967
1740473897.598024,0.0,0.0
1740473898.6455255,0.3761885464191437,1.8628200000000013
1740473899.6607187,0.0,0.0
1740473900.7126174,0.3763275444507599,1.863780000000006
1740473901.7211816,0.0,0.0
1740473902.7481647,0.3760494589805603,1.8618599999999967
1740473903.7870877,0.0,0.0
1740473904.8097203,0.37605810165405273,1.861920000000009
1740473905.8443305,0.0,0.0
1740473906.851358,0.3759188950061798,1.8609600000000044
1740473907.8929842,0.0,0.0
1740473908.9097354,0.3759101927280426,1.8608999999999922
1740473909.9148285,0.0,0.0
1740473910.9645731,0.3761885464191437,1.8628200000000013
1740473911.9718978,0.0,0.0
1740473912.9730463,0.37577953934669495,1.8599999999999999
1740473913.9745567,0.0,0.0
1740473914.9815283,0.3759188950061798,1.8609600000000044
1740473915.9826746,0.0,0.0
1740473916.984048,0.37577953934669495,1.8599999999999999
1740473917.985753,0.0,0.0
1740473918.987522,0.37577953934669495,1.8599999999999999
1740473920.0013256,0.0,0.0
1740473921.0387743,0.3761885464191437,1.8628200000000013
1740473922.053262,0.0,0.0
1740473923.129202,0.37645772099494934,1.8646799999999983
1740473924.1335015,0.0,0.0
1740473925.1412578,0.37577953934669495,1.8599999999999999
1740473926.1429574,0.0,0.0
1740473927.1590695,0.3759101927280426,1.8608999999999922
1740473928.2675955,0.0,0.0
1740473929.2921507,0.3760494589805603,1.8618599999999967
1740473930.337909,0.0,0.0
1740473931.3591378,0.3759188950061798,1.8609600000000044
1740473932.361335,0.0,0.0
1740473933.3766181,0.3759101927280426,1.8608999999999922
1740473934.4199948,0.0,0.0
1740473935.4529808,0.3760494589805603,1.8618599999999967
1740473936.4779727,0.0,0.0
1740473937.5084872,0.3760494589805603,1.8618599999999967
1740473938.5182006,0.0,0.0
1740473939.5221856,0.37577953934669495,1.8599999999999999
1740473940.52443,0.0,0.0
1740473941.5252113,0.37577953934669495,1.8599999999999999
1740473942.5336986,0.0,0.0
1740473943.538631,0.3759188950061798,1.8609600000000044
1740473944.5557337,0.0,0.0
1740473945.5784729,0.3759101927280426,1.8608999999999922
1740473946.650453,0.0,0.0
1740473947.6517189,0.37577953934669495,1.8599999999999999
1740473948.661841,0.0,0.0
1740473949.6761248,0.3759188950061798,1.8609600000000044
1740473950.6861835,0.0,0.0
1740473951.692347,0.37577953934669495,1.8599999999999999
1740473952.7150683,0.0,0.0
1740473953.7179196,0.37577953934669495,1.8599999999999999
1740473954.7362301,0.0,0.0
1740473955.7519922,0.3759101927280426,1.8608999999999922
1740473956.7682765,0.0,0.0
1740473957.7717745,0.37577953934669495,1.8599999999999999
1740473958.7790546,0.0,0.0
1740473959.7807767,0.37577953934669495,1.8599999999999999
1740473960.7840137,0.0,0.0
1740473961.794063,0.3759188950061798,1.8609600000000044
1740473962.798194,0.0,0.0
1740473963.8102632,0.3759188950061798,1.8609600000000044
1740473964.8155265,0.0,0.0
1740473965.938742,0.3768649995326996,1.8674999999999997
1740473966.9504464,0.0,0.0
1740473967.9538176,0.37577953934669495,1.8599999999999999
1740473968.9652014,0.0,0.0
1740473970.0110419,0.3761885464191437,1.8628200000000013
1740473971.0193527,0.0,0.0
1740473972.025205,0.3759101927280426,1.8608999999999922
1740473973.0291562,0.0,0.0
1740473974.0327115,0.37577953934669495,1.8599999999999999
1740473975.0455565,0.0,0.0
1740473976.0490499,0.37577953934669495,1.8599999999999999
1740473977.051727,0.0,0.0
1740473978.0526857,0.37577953934669495,1.8599999999999999
1740473979.1034489,0.0,0.0
1740473980.104421,0.37577953934669495,1.8599999999999999
1740473981.111965,0.0,0.0
1740473982.115799,0.37577953934669495,1.8599999999999999
1740473983.1167684,0.0,0.0
1740473984.1202283,0.37577953934669495,1.8599999999999999
1740473985.14161,0.0,0.0
1740473986.1996014,0.3763188421726227,1.8637199999999936
1740473987.2119813,0.0,0.0
1740473988.2169476,0.37577953934669495,1.8599999999999999
1740473989.2275877,0.0,0.0
1740473990.3509972,0.3768649995326996,1.8674999999999997
1740473991.355346,0.0,0.0
1740473992.3652754,0.37577953934669495,1.8599999999999999
1740473993.3669167,0.0,0.0
1740473994.3683379,0.37577953934669495,1.8599999999999999
1740473995.3890636,0.0,0.0
1740473996.3916264,0.37577953934669495,1.8599999999999999
1740473997.5044293,0.0,0.0
1740473998.5254185,0.3760494589805603,1.8618599999999967
1740473999.5443132,0.0,0.0
1740474000.5642934,0.3759188950061798,1.8609600000000044
1740474001.5816607,0.0,0.0
1740474002.583254,0.37577953934669495,1.8599999999999999
1740474003.5931594,0.0,0.0
1740474004.5948932,0.37577953934669495,1.8599999999999999
1740474005.603381,0.0,0.0
1740474006.6270533,0.3759101927280426,1.8608999999999922
1740474007.6297903,0.0,0.0
1740474008.6309986,0.37577953934669495,1.8599999999999999
1740474009.6518314,0.0,0.0
1740474010.7267034,0.3764663636684418,1.8647400000000105
1740474011.7379525,0.0,0.0
1740474012.7816775,0.37617990374565125,1.862759999999989
1740474013.7914917,0.0,0.0
1740474014.7966793,0.37577953934669495,1.8599999999999999
1740474015.8020782,0.0,0.0
1740474016.8038838,0.3759188950061798,1.8609600000000044
1740474017.8165755,0.0,0.0
1740474018.9187963,0.3767264783382416,1.8665399999999952
1740474019.9446244,0.0,0.0
1740474020.9462857,0.37577953934669495,1.8599999999999999
1740474021.947181,0.0,0.0
1740474022.949183,0.37577953934669495,1.8599999999999999
1740474023.9947958,0.0,0.0
1740474025.045732,0.3761885464191437,1.8628200000000013
1740474026.1040177,0.0,0.0
1740474027.12523,0.3759101927280426,1.8608999999999922
1740474028.142741,0.0,0.0
1740474029.1512291,0.3759101927280426,1.8608999999999922
1740474030.1576483,0.0,0.0
1740474031.1597004,0.37577953934669495,1.8599999999999999
1740474032.1763098,0.0,0.0
1740474033.205914,0.3760494589805603,1.8618599999999967
1740474034.2319558,0.0,0.0
1740474035.2356875,0.37577953934669495,1.8599999999999999
1740474036.2372806,0.0,0.0
1740474037.2378256,0.37577953934669495,1.8599999999999999
1740474038.2488434,0.0,0.0
1740474039.2631977,0.3759188950061798,1.8609600000000044
1740474040.273055,0.0,0.0
1740474041.3009923,0.3759188950061798,1.8609600000000044
1740474042.3101125,0.0,0.0
1740474043.3122377,0.37577953934669495,1.8599999999999999
1740474044.3306742,0.0,0.0
1740474045.3655381,0.37605810165405273,1.861920000000009
1740474046.3849695,0.0,0.0
1740474047.3966386,0.37577953934669495,1.8599999999999999
1740474048.3972423,0.0,0.0
1740474049.4177477,0.3760494589805603,1.8618599999999967
1740474050.4383757,0.0,0.0
1740474051.4597402,0.3759101927280426,1.8608999999999922
1740474052.471876,0.0,0.0
1740474053.4793541,0.3759188950061798,1.8609600000000044
1740474054.4959114,0.0,0.0
1740474055.4979641,0.37577953934669495,1.8599999999999999
1740474056.5007026,0.0,0.0
1740474057.5110092,0.3759188950061798,1.8609600000000044
1740474058.5174522,0.0,0.0
1740474059.556767,0.3761885464191437,1.8628200000000013
1740474060.5683649,0.0,0.0
1740474061.6005642,0.3761885464191437,1.8628200000000013
1740474062.6130216,0.0,0.0
1740474063.6295662,0.3759101927280426,1.8608999999999922
1740474064.670915,0.0,0.0
1740474065.6844926,0.3759188950061798,1.8609600000000044
1740474066.7328284,0.0,0.0
1740474067.7570784,0.3760494589805603,1.8618599999999967
1740474068.8068027,0.0,0.0
1740474069.833172,0.3759101927280426,1.8608999999999922
1740474070.8427873,0.0,0.0
1740474071.8584228,0.3759188950061798,1.8609600000000044
1740474072.8673387,0.0,0.0
1740474073.8880594,0.3759188950061798,1.8609600000000044
1740474074.9124708,0.0,0.0
1740474075.9552922,0.3761885464191437,1.8628200000000013
1740474076.9648361,0.0,0.0
1740474077.9824915,0.3759188950061798,1.8609600000000044
1740474078.9962022,0.0,0.0
1740474079.9984598,0.37577953934669495,1.8599999999999999
1740474081.062341,0.0,0.0
1740474082.0718725,0.3759101927280426,1.8608999999999922
1740474083.0805364,0.0,0.0
1740474084.087125,0.3759188950061798,1.8609600000000044
1740474085.0888145,0.0,0.0
1740474086.0949628,0.37577953934669495,1.8599999999999999
1740474087.09915,0.0,0.0
1740474088.1010332,0.3759188950061798,1.8609600000000044
1740474089.1073945,0.0,0.0
1740474090.113038,0.37577953934669495,1.8599999999999999
1740474091.125541,0.0,0.0
1740474092.1487458,0.3760494589805603,1.8618599999999967
1740474093.1721597,0.0,0.0
1740474094.193685,0.3759188950061798,1.8609600000000044
1740474095.2117853,0.0,0.0
1740474096.3479834,0.3768649995326996,1.8674999999999997
1740474097.3746636,0.0,0.0
1740474098.3779833,0.37577953934669495,1.8599999999999999
1740474099.3986838,0.0,0.0
1740474100.4422648,0.37605810165405273,1.861920000000009
1740474101.4729984,0.0,0.0
1740474102.4824796,0.3759188950061798,1.8609600000000044
1740474103.6386995,0.0,0.0
1740474104.7400289,0.37659651041030884,1.8656400000000029
1740474105.758222,0.0,0.0
1740474106.7714899,0.37577953934669495,1.8599999999999999
1740474107.813289,0.0,0.0
1740474108.8254068,0.3759101927280426,1.8608999999999922
1740474109.8654037,0.0,0.0
1740474110.8790474,0.3759101927280426,1.8608999999999922
1740474112.1784089,0.0,0.0
1740474113.1835709,0.3759188950061798,1.8609600000000044
1740474114.1966202,0.0,0.0
1740474115.2127733,0.3759188950061798,1.8609600000000044
1740474116.2660303,0.0,0.0
1740474117.293982,0.3760494589805603,1.8618599999999967
1740474118.3168557,0.0,0.0
1740474119.3200378,0.3759101927280426,1.8608999999999922
1740474120.3309455,0.0,0.0
1740474121.3471437,0.3759188950061798,1.8609600000000044
1740474122.4184952,0.0,0.0
1740474123.4227567,0.37577953934669495,1.8599999999999999
1740474124.4265196,0.0,0.0
1740474125.431002,0.3759188950061798,1.8609600000000044
1740474126.4403534,0.0,0.0
1740474127.4514408,0.3759101927280426,1.8608999999999922
1740474128.4676008,0.0,0.0
1740474129.4897728,0.3759188950061798,1.8609600000000044
1740474130.5073855,0.0,0.0
1740474131.560565,0.3761885464191437,1.8628200000000013
1740474132.5679538,0.0,0.0
1740474133.6853673,0.3768649995326996,1.8674999999999997
1740474134.6963537,0.0,0.0
1740474135.6982496,0.37577953934669495,1.8599999999999999
1740474136.7005491,0.0,0.0
1740474137.7069037,0.37577953934669495,1.8599999999999999
1740474138.7164397,0.0,0.0
1740474139.733316,0.3759188950061798,1.8609600000000044
1740474140.7610388,0.0,0.0
1740474141.776071,0.3759101927280426,1.8608999999999922
1740474142.797577,0.0,0.0
1740474143.872631,0.37645772099494934,1.8646799999999983
1740474144.8766308,0.0,0.0
1740474145.8795316,0.37577953934669495,1.8599999999999999
1740474146.8902786,0.0,0.0
1740474147.9264767,0.3760494589805603,1.8618599999999967
1740474148.976876,0.0,0.0
1740474150.0063152,0.3759101927280426,1.8608999999999922
1740474151.0411792,0.0,0.0
1740474152.049551,0.37577953934669495,1.8599999999999999
1740474153.0672202,0.0,0.0
1740474154.091621,0.3760494589805603,1.8618599999999967
1740474155.1016629,0.0,0.0
1740474156.1778178,0.3763188421726227,1.8637199999999936
1740474157.1828544,0.0,0.0
1740474158.2129884,0.3760494589805603,1.8618599999999967
1740474159.2448068,0.0,0.0
1740474160.268506,0.3759188950061798,1.8609600000000044
1740474161.2948043,0.0,0.0
1740474162.3438692,0.3761885464191437,1.8628200000000013
1740474163.349476,0.0,0.0
1740474164.4194617,0.37645772099494934,1.8646799999999983
1740474165.4486556,0.0,0.0
1740474166.4535215,0.37577953934669495,1.8599999999999999
1740474167.464277,0.0,0.0
1740474168.4697607,0.37577953934669495,1.8599999999999999
1740474169.5426333,0.0,0.0
1740474170.6105342,0.3763275444507599,1.863780000000006
1740474171.6198277,0.0,0.0
1740474172.6358507,0.3759188950061798,1.8609600000000044
1740474173.683527,0.0,0.0
1740474174.7725186,0.376587837934494,1.8655799999999907
1740474175.8080418,0.0,0.0
1740474176.8450334,0.3760494589805603,1.8618599999999967
1740474177.881986,0.0,0.0
1740474178.9617994,0.37645772099494934,1.8646799999999983
1740474179.9701197,0.0,0.0
1740474181.0697148,0.3767264783382416,1.8665399999999952
1740474182.098556,0.0,0.0
1740474183.1068754,0.3759188950061798,1.8609600000000044
1740474184.133162,0.0,0.0
1740474185.1505034,0.3759101927280426,1.8608999999999922
1740474186.1777456,0.0,0.0
1740474187.2191224,0.3761885464191437,1.8628200000000013
1740474188.2213671,0.0,0.0
1740474189.2274034,0.3759188950061798,1.8609600000000044
1740474190.231674,0.0,0.0
1740474191.2364075,0.37577953934669495,1.8599999999999999
1740474192.2391577,0.0,0.0
1740474193.2495947,0.3759101927280426,1.8608999999999922
1740474194.3250008,0.0,0.0
1740474195.3430986,0.3759188950061798,1.8609600000000044
1740474196.3576279,0.0,0.0
1740474197.3790493,0.3759101927280426,1.8608999999999922
1740474198.425639,0.0,0.0
1740474199.4413404,0.3759188950061798,1.8609600000000044
1740474200.4626334,0.0,0.0
1740474201.5181224,0.3761885464191437,1.8628200000000013
1740474202.522371,0.0,0.0
1740474203.5669875,0.3761885464191437,1.8628200000000013
1740474204.570602,0.0,0.0
1740474205.575604,0.37577953934669495,1.8599999999999999
1740474206.6178517,0.0,0.0
1740474207.6993828,0.37645772099494934,1.8646799999999983
1740474208.7568748,0.0,0.0
1740474209.8090334,0.3761885464191437,1.8628200000000013
1740474210.8183475,0.0,0.0
1740474211.8406332,0.3760494589805603,1.8618599999999967
1740474212.8474445,0.0,0.0
1740474213.8482983,0.37577953934669495,1.8599999999999999
1740474214.8866444,0.0,0.0
1740474215.9058046,0.3759101927280426,1.8608999999999922
1740474216.9104111,0.0,0.0
1740474217.9124205,0.37577953934669495,1.8599999999999999
1740474218.922835,0.0,0.0
1740474219.9564927,0.3760494589805603,1.8618599999999967
1740474220.9988616,0.0,0.0
1740474222.010057,0.3759188950061798,1.8609600000000044
1740474223.0582135,0.0,0.0
1740474224.1334348,0.37645772099494934,1.8646799999999983
1740474225.2457964,0.0,0.0
1740474226.2711966,0.3759188950061798,1.8609600000000044
1740474227.2723532,0.0,0.0
1740474228.2772696,0.3759101927280426,1.8608999999999922
1740474229.2822354,0.0,0.0
1740474230.289149,0.3759188950061798,1.8609600000000044
1740474231.2990298,0.0,0.0
1740474232.3427405,0.3761885464191437,1.8628200000000013
1740474233.3599117,0.0,0.0
1740474234.361928,0.37577953934669495,1.8599999999999999
1740474235.3730888,0.0,0.0
1740474236.3845038,0.3759188950061798,1.8609600000000044
1740474237.423491,0.0,0.0
1740474238.4609764,0.3761885464191437,1.8628200000000013
1740474239.4795966,0.0,0.0
1740474240.4876919,0.37577953934669495,1.8599999999999999
1740474241.525529,0.0,0.0
1740474242.530272,0.37577953934669495,1.8599999999999999
1740474243.537837,0.0,0.0
1740474244.5620964,0.37605810165405273,1.861920000000009
1740474245.5998156,0.0,0.0
1740474246.6657958,0.37645772099494934,1.8646799999999983
1740474247.6817172,0.0,0.0
1740474248.7015653,0.3759101927280426,1.8608999999999922
1740474249.728558,0.0,0.0
1740474250.7790365,0.37617990374565125,1.862759999999989
1740474251.8491232,0.0,0.0
1740474252.8663611,0.3760494589805603,1.8618599999999967
1740474253.8822553,0.0,0.0
1740474254.9226797,0.3760494589805603,1.8618599999999967
1740474256.0200512,0.0,0.0
1740474257.0338013,0.3759101927280426,1.8608999999999922
1740474258.0491807,0.0,0.0
1740474259.0747635,0.3760494589805603,1.8618599999999967
1740474260.1081824,0.0,0.0
1740474261.113126,0.37577953934669495,1.8599999999999999
1740474262.1228497,0.0,0.0
1740474263.1258168,0.37577953934669495,1.8599999999999999
1740474264.1357226,0.0,0.0
1740474265.1472774,0.37577953934669495,1.8599999999999999
1740474266.197454,0.0,0.0
1740474267.2549102,0.3761885464191437,1.8628200000000013
1740474268.2848175,0.0,0.0
1740474269.2874048,0.37577953934669495,1.8599999999999999
1740474270.297297,0.0,0.0
1740474271.3095558,0.3759188950061798,1.8609600000000044
1740474272.3123531,0.0,0.0
1740474273.3284135,0.3759101927280426,1.8608999999999922
1740474274.3376591,0.0,0.0
1740474275.3525217,0.3759188950061798,1.8609600000000044
1740474276.3724494,0.0,0.0
1740474277.3837957,0.3759188950061798,1.8609600000000044
1740474278.3910584,0.0,0.0
1740474279.478181,0.37659651041030884,1.8656400000000029
1740474280.4949832,0.0,0.0
1740474281.4969127,0.37577953934669495,1.8599999999999999
1740474282.5084107,0.0,0.0
1740474283.5094256,0.37577953934669495,1.8599999999999999
1740474284.5151012,0.0,0.0
1740474285.5178792,0.37577953934669495,1.8599999999999999
1740474286.535468,0.0,0.0
1740474287.5419295,0.3759188950061798,1.8609600000000044
1740474288.5521522,0.0,0.0
1740474289.5617056,0.3759188950061798,1.8609600000000044
1740474290.5642502,0.0,0.0
1740474291.5768282,0.3759101927280426,1.8608999999999922
1740474292.5826116,0.0,0.0
1740474293.6022701,0.37605810165405273,1.861920000000009
1740474294.6469574,0.0,0.0
1740474295.6517954,0.3759101927280426,1.8608999999999922
1740474296.681015,0.0,0.0
1740474297.7609012,0.37645772099494934,1.8646799999999983
1740474298.7864575,0.0,0.0
1740474299.788725,0.3759188950061798,1.8609600000000044
1740474300.7926192,0.0,0.0
1740474301.8011765,0.37577953934669495,1.8599999999999999
1740474302.8143795,0.0,0.0
1740474303.914066,0.3767264783382416,1.8665399999999952
1740474304.9269755,0.0,0.0
1740474305.9553967,0.3760494589805603,1.8618599999999967
1740474306.997881,0.0,0.0
1740474308.0128179,0.3759188950061798,1.8609600000000044
1740474309.0177426,0.0,0.0
1740474310.1948526,0.37740054726600647,1.8712199999999937
1740474311.250889,0.0,0.0
1740474312.2744598,0.3760494589805603,1.8618599999999967
1740474313.2996879,0.0,0.0
1740474314.3020606,0.37577953934669495,1.8599999999999999
1740474315.3137498,0.0,0.0
1740474316.316865,0.37577953934669495,1.8599999999999999
1740474317.3441622,0.0,0.0
1740474318.3464587,0.37577953934669495,1.8599999999999999
1740474319.3479679,0.0,0.0
1740474320.3597302,0.3759188950061798,1.8609600000000044
1740474321.3928757,0.0,0.0
1740474322.4182737,0.3760494589805603,1.8618599999999967
1740474323.4210083,0.0,0.0
1740474324.4339364,0.3759188950061798,1.8609600000000044
1740474325.439946,0.0,0.0
1740474326.4492025,0.3759101927280426,1.8608999999999922
1740474327.465297,0.0,0.0
1740474328.4947917,0.3760494589805603,1.8618599999999967
1740474329.5074291,0.0,0.0
1740474330.5089693,0.37577953934669495,1.8599999999999999
1740474331.573215,0.0,0.0
1740474332.5752985,0.37577953934669495,1.8599999999999999
1740474333.5872154,0.0,0.0
1740474334.621353,0.3760494589805603,1.8618599999999967
1740474335.6394694,0.0,0.0
1740474336.6556802,0.3759101927280426,1.8608999999999922
1740474337.7208147,0.0,0.0
1740474338.8478022,0.3768649995326996,1.8674999999999997
1740474339.8963,0.0,0.0
1740474340.983215,0.37659651041030884,1.8656400000000029
1740474342.0111806,0.0,0.0
1740474343.0148087,0.37577953934669495,1.8599999999999999
1740474344.0331967,0.0,0.0
1740474345.0659282,0.37605810165405273,1.861920000000009
1740474346.0818348,0.0,0.0
1740474347.1031742,0.37605810165405273,1.861920000000009
1740474348.1397853,0.0,0.0
1740474349.1437924,0.37577953934669495,1.8599999999999999
1740474350.1719894,0.0,0.0
1740474351.2060504,0.3760494589805603,1.8618599999999967
1740474352.2437818,0.0,0.0
1740474353.2609603,0.3759188950061798,1.8609600000000044
1740474354.2625198,0.0,0.0
1740474355.2640898,0.37577953934669495,1.8599999999999999
1740474356.2663734,0.0,0.0
1740474357.2678552,0.37577953934669495,1.8599999999999999
1740474358.2809427,0.0,0.0
1740474359.2847009,0.37577953934669495,1.8599999999999999
1740474360.2871237,0.0,0.0
1740474361.2883356,0.3759188950061798,1.8609600000000044
1740474362.2910364,0.0,0.0
1740474363.3361828,0.3761885464191437,1.8628200000000013
1740474364.343406,0.0,0.0
1740474365.3445404,0.37577953934669495,1.8599999999999999
1740474366.3461564,0.0,0.0
1740474367.3600261,0.3759188950061798,1.8609600000000044
1740474368.3826687,0.0,0.0
1740474369.3918827,0.37577953934669495,1.8599999999999999
1740474370.3942938,0.0,0.0
1740474371.395758,0.37577953934669495,1.8599999999999999
1740474372.3983955,0.0,0.0
1740474373.4030154,0.37577953934669495,1.8599999999999999
1740474374.406113,0.0,0.0
1740474375.442514,0.37605810165405273,1.861920000000009
1740474376.4449663,0.0,0.0
1740474377.4461725,0.37577953934669495,1.8599999999999999
1740474378.4471838,0.0,0.0
1740474379.4767127,0.37605810165405273,1.861920000000009
1740474380.5211136,0.0,0.0
1740474381.5303376,0.3759101927280426,1.8608999999999922
1740474382.5389066,0.0,0.0
1740474383.540471,0.37577953934669495,1.8599999999999999
1740474384.544693,0.0,0.0
1740474385.5462668,0.37577953934669495,1.8599999999999999
1740474386.556772,0.0,0.0
1740474387.5657027,0.37577953934669495,1.8599999999999999
1740474388.5744584,0.0,0.0
1740474389.5880425,0.3759188950061798,1.8609600000000044
1740474390.6011372,0.0,0.0
1740474391.6422372,0.3760494589805603,1.8618599999999967
1740474392.6930788,0.0,0.0
1740474393.7352338,0.3761885464191437,1.8628200000000013
1740474394.73886,0.0,0.0
1740474395.7752793,0.37617990374565125,1.862759999999989
1740474396.7798488,0.0,0.0
1740474397.7858872,0.37577953934669495,1.8599999999999999
1740474398.7989705,0.0,0.0
1740474399.858566,0.3763275444507599,1.863780000000006
1740474400.891576,0.0,0.0
1740474401.9168947,0.3760494589805603,1.8618599999999967
1740474402.967526,0.0,0.0
1740474403.9887948,0.3759188950061798,1.8609600000000044
1740474404.9981213,0.0,0.0
1740474406.0092165,0.3759188950061798,1.8609600000000044
1740474407.035288,0.0,0.0
1740474408.0779746,0.3761885464191437,1.8628200000000013
1740474409.1097817,0.0,0.0
1740474410.1134367,0.37577953934669495,1.8599999999999999
1740474411.1464381,0.0,0.0
1740474412.157385,0.3759101927280426,1.8608999999999922
1740474413.2169914,0.0,0.0
1740474414.2310307,0.3759188950061798,1.8609600000000044
1740474415.2651713,0.0,0.0
1740474416.2997603,0.3760494589805603,1.8618599999999967
1740474417.3146012,0.0,0.0
1740474418.3465738,0.3760494589805603,1.8618599999999967
1740474419.3779893,0.0,0.0
1740474420.4562464,0.37645772099494934,1.8646799999999983
1740474421.4700723,0.0,0.0
1740474422.4809592,0.3759188950061798,1.8609600000000044
1740474423.5193448,0.0,0.0
1740474424.5280473,0.3759101927280426,1.8608999999999922
1740474425.5563955,0.0,0.0
1740474426.5811627,0.3759101927280426,1.8608999999999922
1740474427.5945299,0.0,0.0
1740474428.5968764,0.37577953934669495,1.8599999999999999
1740474429.6344857,0.0,0.0
1740474430.6360106,0.37577953934669495,1.8599999999999999
1740474431.656317,0.0,0.0
1740474432.6721816,0.3759188950061798,1.8609600000000044
1740474433.6777325,0.0,0.0
1740474434.6791224,0.3759188950061798,1.8609600000000044
1740474435.6806133,0.0,0.0
1740474436.6819055,0.37577953934669495,1.8599999999999999
1740474437.6831434,0.0,0.0
1740474438.6844633,0.37577953934669495,1.8599999999999999
1740474439.6887934,0.0,0.0
1740474440.690798,0.37577953934669495,1.8599999999999999
1740474441.6924224,0.0,0.0
1740474442.6938705,0.37577953934669495,1.8599999999999999
1740474443.695448,0.0,0.0
1740474444.7094755,0.37577953934669495,1.8599999999999999
1740474445.8197515,0.0,0.0
1740474446.8340626,0.37577953934669495,1.8599999999999999
1740474447.8416657,0.0,0.0
1740474448.8433635,0.37577953934669495,1.8599999999999999
1740474449.844777,0.0,0.0
1740474450.846721,0.37577953934669495,1.8599999999999999
1740474451.8503838,0.0,0.0
1740474452.8636236,0.3759188950061798,1.8609600000000044
1740474453.8885264,0.0,0.0
1740474454.890229,0.37577953934669495,1.8599999999999999
1740474455.8917534,0.0,0.0
1740474456.8932455,0.37577953934669495,1.8599999999999999
1740474457.894403,0.0,0.0
1740474458.8957276,0.37577953934669495,1.8599999999999999
1740474459.8999906,0.0,0.0
1740474460.9078856,0.37577953934669495,1.8599999999999999
1740474461.9096913,0.0,0.0
1740474462.911397,0.37577953934669495,1.8599999999999999
1740474463.9124086,0.0,0.0
1740474464.9171882,0.3759188950061798,1.8609600000000044
1740474465.9479237,0.0,0.0
1740474466.9565043,0.37577953934669495,1.8599999999999999
1740474467.9580123,0.0,0.0
1740474468.960252,0.3759188950061798,1.8609600000000044
1740474469.9611962,0.0,0.0
1740474470.966507,0.37577953934669495,1.8599999999999999
1740474472.0053735,0.0,0.0
1740474473.007976,0.3759188950061798,1.8609600000000044
1740474474.064223,0.0,0.0
1740474475.1071246,0.3761885464191437,1.8628200000000013
1740474476.1085525,0.0,0.0
1740474477.1109688,0.37577953934669495,1.8599999999999999
1740474478.1202807,0.0,0.0
1740474479.1303244,0.37577953934669495,1.8599999999999999
1740474480.1767628,0.0,0.0
1740474481.1777308,0.37577953934669495,1.8599999999999999
1740474482.180484,0.0,0.0
1740474483.1820226,0.37577953934669495,1.8599999999999999
1740474484.1831572,0.0,0.0
1740474485.1856704,0.37577953934669495,1.8599999999999999
1740474486.1952004,0.0,0.0
1740474487.199471,0.37577953934669495,1.8599999999999999
1740474488.2215693,0.0,0.0
1740474489.2303,0.3759188950061798,1.8609600000000044
1740474490.247936,0.0,0.0
1740474491.2742658,0.3760494589805603,1.8618599999999967
1740474492.2977054,0.0,0.0
1740474493.3153791,0.3759188950061798,1.8609600000000044
1740474494.3526363,0.0,0.0
1740474495.357253,0.37577953934669495,1.8599999999999999
1740474496.3980742,0.0,0.0
1740474497.4022431,0.37577953934669495,1.8599999999999999
1740474498.4044485,0.0,0.0
1740474499.4139771,0.3759188950061798,1.8609600000000044
1740474500.415621,0.0,0.0
1740474501.474584,0.3761885464191437,1.8628200000000013
1740474502.4959292,0.0,0.0
1740474503.5088708,0.3759188950061798,1.8609600000000044
1740474504.5619748,0.0,0.0
1740474505.5791345,0.3759101927280426,1.8608999999999922
1740474506.5987804,0.0,0.0
1740474507.607695,0.3759188950061798,1.8609600000000044
1740474508.6231046,0.0,0.0
1740474509.6289384,0.37577953934669495,1.8599999999999999
1740474510.6376066,0.0,0.0
1740474511.6988087,0.3763188421726227,1.8637199999999936
1740474512.7502482,0.0,0.0
1740474513.7606413,0.3759188950061798,1.8609600000000044
1740474514.8517196,0.0,0.0
1740474515.8574026,0.37577953934669495,1.8599999999999999
1740474516.866521,0.0,0.0
1740474517.907714,0.3760494589805603,1.8618599999999967
1740474518.9214966,0.0,0.0
1740474519.9241316,0.37577953934669495,1.8599999999999999
1740474520.9270167,0.0,0.0
1740474521.9288318,0.3759188950061798,1.8609600000000044
1740474523.0386238,0.0,0.0
1740474524.0940213,0.3761885464191437,1.8628200000000013
1740474525.1066608,0.0,0.0
1740474526.1335895,0.3760494589805603,1.8618599999999967
1740474527.147563,0.0,0.0
1740474528.1594331,0.37577953934669495,1.8599999999999999
1740474529.1960146,0.0,0.0
1740474530.2115583,0.3759188950061798,1.8609600000000044
1740474531.2356133,0.0,0.0
1740474532.2593346,0.3760494589805603,1.8618599999999967
1740474533.2992415,0.0,0.0
1740474534.3044388,0.3759188950061798,1.8609600000000044
1740474535.3407013,0.0,0.0
1740474536.3704174,0.3760494589805603,1.8618599999999967
1740474537.3982637,0.0,0.0
1740474538.4416173,0.37605810165405273,1.861920000000009
1740474539.4489863,0.0,0.0
1740474540.5050006,0.3761885464191437,1.8628200000000013
1740474541.524204,0.0,0.0
1740474542.54671,0.3759188950061798,1.8609600000000044
1740474543.5709405,0.0,0.0
1740474544.5892358,0.3759188950061798,1.8609600000000044
1740474545.613008,0.0,0.0
1740474546.63726,0.3760494589805603,1.8618599999999967
1740474547.667192,0.0,0.0
1740474548.6913793,0.3759188950061798,1.8609600000000044
1740474549.7323625,0.0,0.0
1740474550.761177,0.3760494589805603,1.8618599999999967
1740474551.7674925,0.0,0.0
1740474552.78278,0.3759101927280426,1.8608999999999922
1740474553.8388526,0.0,0.0
1740474554.8635182,0.3759188950061798,1.8609600000000044
1740474555.8908248,0.0,0.0
1740474556.923196,0.3760494589805603,1.8618599999999967
1740474557.9390342,0.0,0.0
1740474558.9790518,0.3761885464191437,1.8628200000000013
1740474559.9835548,0.0,0.0
1740474561.0335045,0.37617990374565125,1.862759999999989
1740474562.1330326,0.0,0.0
1740474563.1854274,0.3761885464191437,1.8628200000000013
1740474564.1903992,0.0,0.0
1740474565.1923642,0.37577953934669495,1.8599999999999999
1740474566.2001257,0.0,0.0
1740474567.2216878,0.3759188950061798,1.8609600000000044
1740474568.224242,0.0,0.0
1740474569.225948,0.3759188950061798,1.8609600000000044
1740474570.2841148,0.0,0.0
1740474571.2868574,0.37577953934669495,1.8599999999999999
1740474572.3546395,0.0,0.0
1740474573.3766544,0.3759101927280426,1.8608999999999922
1740474574.3858645,0.0,0.0
1740474575.414752,0.3760494589805603,1.8618599999999967
1740474576.4313488,0.0,0.0
1740474577.4517097,0.3759101927280426,1.8608999999999922
1740474578.466651,0.0,0.0
1740474579.4963286,0.3760494589805603,1.8618599999999967
1740474580.53631,0.0,0.0
1740474581.5452392,0.3759188950061798,1.8609600000000044
1740474582.5596242,0.0,0.0
1740474583.5704844,0.3759101927280426,1.8608999999999922
1740474584.6135976,0.0,0.0
1740474585.6338756,0.3760494589805603,1.8618599999999967
1740474586.6541042,0.0,0.0
1740474587.6651335,0.3759188950061798,1.8609600000000044
1740474588.6785047,0.0,0.0
1740474589.7111785,0.3761885464191437,1.8628200000000013
1740474590.7310503,0.0,0.0
1740474591.766994,0.3760494589805603,1.8618599999999967
1740474592.7901454,0.0,0.0
1740474593.8135977,0.3759188950061798,1.8609600000000044
1740474594.8237152,0.0,0.0
1740474595.8406208,0.3759188950061798,1.8609600000000044
1740474596.8893638,0.0,0.0
1740474597.956313,0.3763188421726227,1.8637199999999936
1740474598.972651,0.0,0.0
1740474600.008793,0.3761885464191437,1.8628200000000013
1740474601.0207996,0.0,0.0
1740474602.056334,0.3761885464191437,1.8628200000000013
1740474603.0818374,0.0,0.0
1740474604.1263058,0.3761885464191437,1.8628200000000013
1740474605.1707149,0.0,0.0
1740474606.2164106,0.3761885464191437,1.8628200000000013
1740474607.2266695,0.0,0.0
1740474608.2601042,0.3760494589805603,1.8618599999999967
1740474609.2957287,0.0,0.0
1740474610.3113656,0.3759188950061798,1.8609600000000044
1740474611.3249195,0.0,0.0
1740474612.3647192,0.37605810165405273,1.861920000000009
1740474613.3838196,0.0,0.0
1740474614.3945317,0.37577953934669495,1.8599999999999999
1740474615.437536,0.0,0.0
1740474616.4433062,0.37577953934669495,1.8599999999999999
1740474617.4767337,0.0,0.0
1740474618.5153363,0.3760494589805603,1.8618599999999967
1740474619.5307047,0.0,0.0
1740474620.5357018,0.37577953934669495,1.8599999999999999
1740474621.548014,0.0,0.0
1740474622.600104,0.3761885464191437,1.8628200000000013
1740474623.660473,0.0,0.0
1740474624.678359,0.3759188950061798,1.8609600000000044
1740474625.716472,0.0,0.0
1740474626.7175717,0.37577953934669495,1.8599999999999999
1740474627.7427905,0.0,0.0
1740474628.7564409,0.37577953934669495,1.8599999999999999
1740474629.7995281,0.0,0.0
1740474630.8956835,0.37659651041030884,1.8656400000000029
1740474632.0518365,0.0,0.0
1740474633.1532862,0.3767264783382416,1.8665399999999952
1740474634.1760547,0.0,0.0
1740474635.2724583,0.3767264783382416,1.8665399999999952
1740474636.2745316,0.0,0.0
1740474637.3091488,0.37605810165405273,1.861920000000009
1740474638.314406,0.0,0.0
1740474639.3164787,0.37577953934669495,1.8599999999999999
1740474640.3685203,0.0,0.0
1740474641.4054313,0.3760494589805603,1.8618599999999967
1740474642.4707928,0.0,0.0
1740474643.5290003,0.3763188421726227,1.8637199999999936
1740474644.6278222,0.0,0.0
1740474645.6634853,0.3761885464191437,1.8628200000000013
1740474646.7242472,0.0,0.0
1740474647.7454972,0.3760494589805603,1.8618599999999967
1740474648.7882333,0.0,0.0
1740474649.845317,0.3761885464191437,1.8628200000000013
1740474651.0049691,0.0,0.0
1740474652.0606248,0.3763275444507599,1.863780000000006
1740474653.0968623,0.0,0.0
1740474654.1249275,0.3760494589805603,1.8618599999999967
1740474655.1404464,0.0,0.0
1740474656.191641,0.3761885464191437,1.8628200000000013
1740474657.2064242,0.0,0.0
1740474658.2228281,0.3759188950061798,1.8609600000000044
1740474659.2436516,0.0,0.0
1740474660.2462566,0.37577953934669495,1.8599999999999999
1740474661.2525713,0.0,0.0
1740474662.3202934,0.37645772099494934,1.8646799999999983
1740474663.332383,0.0,0.0
1740474664.3705618,0.3761885464191437,1.8628200000000013
1740474665.4021394,0.0,0.0
1740474666.434913,0.37605810165405273,1.861920000000009
1740474667.4457715,0.0,0.0
1740474668.4551854,0.37577953934669495,1.8599999999999999
1740474669.4901066,0.0,0.0
1740474670.4937546,0.3759101927280426,1.8608999999999922
1740474671.5603294,0.0,0.0
1740474672.6506245,0.376587837934494,1.8655799999999907
1740474673.6773674,0.0,0.0
1740474674.7050798,0.3760494589805603,1.8618599999999967
1740474675.7371874,0.0,0.0
1740474676.779618,0.37617990374565125,1.862759999999989
1740474677.7941813,0.0,0.0
1740474678.8007703,0.37577953934669495,1.8599999999999999
1740474679.838091,0.0,0.0
1740474680.8663213,0.3760494589805603,1.8618599999999967
1740474681.8802996,0.0,0.0
1740474682.9212062,0.3761885464191437,1.8628200000000013
1740474683.9579175,0.0,0.0
1740474684.9850087,0.37605810165405273,1.861920000000009
1740474686.0154638,0.0,0.0
1740474687.019811,0.37577953934669495,1.8599999999999999
1740474688.0533829,0.0,0.0
1740474689.056733,0.3759188950061798,1.8609600000000044
1740474690.0850441,0.0,0.0
1740474691.11381,0.3759188950061798,1.8609600000000044
1740474692.1532412,0.0,0.0
1740474693.158978,0.37577953934669495,1.8599999999999999
1740474694.2125745,0.0,0.0
1740474695.2647269,0.3761885464191437,1.8628200000000013
1740474696.2831974,0.0,0.0
1740474697.2977219,0.3759188950061798,1.8609600000000044
1740474698.3319347,0.0,0.0
1740474699.3503563,0.3759188950061798,1.8609600000000044
1740474700.3848603,0.0,0.0
1740474701.4123526,0.3759101927280426,1.8608999999999922
1740474702.4376166,0.0,0.0
1740474703.4467573,0.3759101927280426,1.8608999999999922
1740474704.49984,0.0,0.0
1740474705.517705,0.3759188950061798,1.8609600000000044
1740474706.5403233,0.0,0.0
1740474707.5656152,0.3759188950061798,1.8609600000000044
1740474708.6096106,0.0,0.0
1740474709.6233234,0.3759101927280426,1.8608999999999922
1740474710.6554425,0.0,0.0
1740474711.6667519,0.3759188950061798,1.8609600000000044
1740474712.6940017,0.0,0.0
1740474713.754009,0.3763188421726227,1.8637199999999936
1740474714.7639337,0.0,0.0
1740474715.7903695,0.3760494589805603,1.8618599999999967
1740474716.8022742,0.0,0.0
1740474717.8274348,0.3760494589805603,1.8618599999999967
1740474718.8530715,0.0,0.0
1740474719.9068878,0.37617990374565125,1.862759999999989
1740474720.9190722,0.0,0.0
1740474721.9329746,0.3759188950061798,1.8609600000000044
1740474722.9866056,0.0,0.0
1740474724.0061586,0.3759101927280426,1.8608999999999922
1740474725.0248086,0.0,0.0
1740474726.0353725,0.37577953934669495,1.8599999999999999
1740474727.05159,0.0,0.0
1740474728.110824,0.3763275444507599,1.863780000000006
1740474729.1475112,0.0,0.0
1740474730.164902,0.3759188950061798,1.8609600000000044
1740474731.2017267,0.0,0.0
1740474732.2205253,0.3759188950061798,1.8609600000000044
1740474733.2438173,0.0,0.0
1740474734.2670436,0.3759188950061798,1.8609600000000044
1740474735.301454,0.0,0.0
1740474736.3241615,0.3760494589805603,1.8618599999999967
1740474737.3258667,0.0,0.0
1740474738.3617635,0.37605810165405273,1.861920000000009
1740474739.3812973,0.0,0.0
1740474740.4527447,0.37645772099494934,1.8646799999999983
1740474741.462031,0.0,0.0
1740474742.507283,0.3761885464191437,1.8628200000000013
1740474743.5236983,0.0,0.0
1740474744.5520933,0.3759188950061798,1.8609600000000044
1740474745.593576,0.0,0.0
1740474746.6326768,0.3761885464191437,1.8628200000000013
1740474747.6383462,0.0,0.0
1740474748.6657586,0.3760494589805603,1.8618599999999967
1740474749.6903844,0.0,0.0
1740474750.7400284,0.3763188421726227,1.8637199999999936
1740474751.7677615,0.0,0.0
1740474752.791221,0.3760494589805603,1.8618599999999967
1740474753.8039658,0.0,0.0
1740474754.8289492,0.3759101927280426,1.8608999999999922
1740474755.8657513,0.0,0.0
1740474756.8760128,0.3759101927280426,1.8608999999999922
1740474757.8876839,0.0,0.0
1740474758.9374285,0.3761885464191437,1.8628200000000013
1740474759.950486,0.0,0.0
1740474760.9641933,0.3759188950061798,1.8609600000000044
1740474761.9903858,0.0,0.0
1740474763.0052788,0.3759101927280426,1.8608999999999922
1740474764.030323,0.0,0.0
1740474765.060041,0.37605810165405273,1.861920000000009
1740474766.0880463,0.0,0.0
1740474767.0906434,0.37577953934669495,1.8599999999999999
1740474768.093049,0.0,0.0
1740474769.0963666,0.37577953934669495,1.8599999999999999
1740474770.119199,0.0,0.0
1740474771.120248,0.37577953934669495,1.8599999999999999
1740474772.1212656,0.0,0.0
1740474773.1364768,0.3759188950061798,1.8609600000000044
1740474774.159946,0.0,0.0
1740474775.1613898,0.37577953934669495,1.8599999999999999
1740474776.1722484,0.0,0.0
1740474777.1773624,0.37577953934669495,1.8599999999999999
1740474778.1791077,0.0,0.0
1740474779.18018,0.37577953934669495,1.8599999999999999
1740474780.1814373,0.0,0.0
1740474781.1823313,0.37577953934669495,1.8599999999999999
1740474782.204684,0.0,0.0
1740474783.2146115,0.3759188950061798,1.8609600000000044
1740474784.2160366,0.0,0.0
1740474785.2175066,0.37577953934669495,1.8599999999999999
1740474786.2192538,0.0,0.0
1740474787.22258,0.37577953934669495,1.8599999999999999
1740474788.2264965,0.0,0.0
1740474789.2277765,0.37577953934669495,1.8599999999999999
1740474790.229418,0.0,0.0
1740474791.2314007,0.37577953934669495,1.8599999999999999
1740474792.232563,0.0,0.0
1740474793.2406182,0.37577953934669495,1.8599999999999999
1740474794.2433307,0.0,0.0
1740474795.247075,0.37577953934669495,1.8599999999999999
1740474796.2480345,0.0,0.0
1740474797.2601347,0.3759188950061798,1.8609600000000044
1740474798.2667274,0.0,0.0
1740474799.285934,0.3759101927280426,1.8608999999999922
1740474800.2982287,0.0,0.0
1740474801.2997088,0.37577953934669495,1.8599999999999999
1740474802.3451073,0.0,0.0
1740474803.353276,0.3759188950061798,1.8609600000000044
1740474804.3731184,0.0,0.0
1740474805.3815877,0.37577953934669495,1.8599999999999999
1740474806.4102283,0.0,0.0
1740474807.451311,0.3761885464191437,1.8628200000000013
1740474808.496292,0.0,0.0
1740474809.518808,0.3759188950061798,1.8609600000000044
1740474810.5274441,0.0,0.0
1740474811.528878,0.37577953934669495,1.8599999999999999
1740474812.5378366,0.0,0.0
1740474813.583005,0.3761885464191437,1.8628200000000013
1740474814.5891085,0.0,0.0
1740474815.676351,0.37645772099494934,1.8646799999999983
1740474816.687792,0.0,0.0
1740474817.7245913,0.3760494589805603,1.8618599999999967
1740474818.7319896,0.0,0.0
1740474819.7472286,0.3759101927280426,1.8608999999999922
1740474820.7504828,0.0,0.0
1740474821.7687695,0.3759188950061798,1.8609600000000044
1740474822.815559,0.0,0.0
1740474823.8321047,0.3759101927280426,1.8608999999999922
1740474824.8459964,0.0,0.0
1740474825.8666697,0.3760494589805603,1.8618599999999967
1740474826.8801515,0.0,0.0
1740474827.9011137,0.3760494589805603,1.8618599999999967
1740474828.950869,0.0,0.0
1740474830.0218916,0.3763275444507599,1.863780000000006
1740474831.045083,0.0,0.0
1740474832.0817611,0.3760494589805603,1.8618599999999967
1740474833.0925868,0.0,0.0
1740474834.0941172,0.37577953934669495,1.8599999999999999
1740474835.095075,0.0,0.0
1740474836.113375,0.3759188950061798,1.8609600000000044
1740474837.1633627,0.0,0.0
1740474838.4112873,0.3778054118156433,1.8740399999999953
1740474839.4739676,0.0,0.0
1740474840.4808443,0.3759188950061798,1.8609600000000044
1740474841.4847498,0.0,0.0
1740474842.4904246,0.37577953934669495,1.8599999999999999
1740474843.4975286,0.0,0.0
1740474844.518531,0.3759188950061798,1.8609600000000044
1740474845.5423877,0.0,0.0
1740474846.568057,0.3759188950061798,1.8609600000000044
1740474847.6553657,0.0,0.0
1740474848.659002,0.37577953934669495,1.8599999999999999
1740474849.6664367,0.0,0.0
1740474850.6729455,0.37577953934669495,1.8599999999999999
1740474851.7220323,0.0,0.0
1740474852.724558,0.37577953934669495,1.8599999999999999
1740474853.7361984,0.0,0.0
1740474854.7506294,0.3759101927280426,1.8608999999999922
1740474855.8397589,0.0,0.0
1740474856.856425,0.3759188950061798,1.8609600000000044
1740474857.8628027,0.0,0.0
1740474858.8694656,0.3759101927280426,1.8608999999999922
1740474859.935464,0.0,0.0
1740474860.9430544,0.37577953934669495,1.8599999999999999
1740474862.1198897,0.0,0.0
1740474863.140042,0.3759188950061798,1.8609600000000044
1740474864.1475465,0.0,0.0
1740474865.1513643,0.37577953934669495,1.8599999999999999
1740474866.1545274,0.0,0.0
1740474867.156868,0.37577953934669495,1.8599999999999999
1740474868.1729438,0.0,0.0
1740474869.1910477,0.3759188950061798,1.8609600000000044
1740474870.2182493,0.0,0.0
1740474871.2409403,0.3759188950061798,1.8609600000000044
1740474872.2698674,0.0,0.0
1740474873.27215,0.37577953934669495,1.8599999999999999
1740474874.2961497,0.0,0.0
1740474875.3138542,0.3759188950061798,1.8609600000000044
1740474876.315609,0.0,0.0
1740474877.316938,0.37577953934669495,1.8599999999999999
1740474878.3193812,0.0,0.0
1740474879.3430724,0.3759188950061798,1.8609600000000044
1740474880.358442,0.0,0.0
1740474881.5138204,0.3771330416202545,1.8693599999999968
1740474882.5311825,0.0,0.0
1740474883.5343895,0.37577953934669495,1.8599999999999999
1740474884.5443172,0.0,0.0
1740474885.5467758,0.37577953934669495,1.8599999999999999
1740474886.561562,0.0,0.0
1740474887.5973513,0.3760494589805603,1.8618599999999967
1740474888.6076095,0.0,0.0
1740474889.6392214,0.3760494589805603,1.8618599999999967
1740474890.6530278,0.0,0.0
1740474891.669984,0.3759188950061798,1.8609600000000044
1740474892.702591,0.0,0.0
1740474893.7176661,0.3759188950061798,1.8609600000000044
1740474894.7488656,0.0,0.0
1740474895.769071,0.3759188950061798,1.8609600000000044
1740474896.8259456,0.0,0.0
1740474897.8329513,0.37577953934669495,1.8599999999999999
1740474898.8579304,0.0,0.0
1740474899.88818,0.3760494589805603,1.8618599999999967
1740474900.9058998,0.0,0.0
1740474901.9354956,0.37605810165405273,1.861920000000009
1740474902.9508772,0.0,0.0
1740474903.9779716,0.37605810165405273,1.861920000000009
1740474904.9845939,0.0,0.0
1740474906.013744,0.3760494589805603,1.8618599999999967
1740474907.0455163,0.0,0.0
1740474908.0600572,0.3759188950061798,1.8609600000000044
1740474909.0619292,0.0,0.0
1740474910.089552,0.3760494589805603,1.8618599999999967
1740474911.1111708,0.0,0.0
1740474912.1206508,0.3759101927280426,1.8608999999999922
1740474913.1376638,0.0,0.0
1740474914.186621,0.3761885464191437,1.8628200000000013
1740474915.1944995,0.0,0.0
1740474916.223147,0.3759188950061798,1.8609600000000044
1740474917.2546053,0.0,0.0
1740474918.3260183,0.37645772099494934,1.8646799999999983
1740474919.3642716,0.0,0.0
1740474920.3753471,0.3759101927280426,1.8608999999999922
1740474921.3967485,0.0,0.0
1740474922.4382908,0.3761885464191437,1.8628200000000013
1740474923.4652233,0.0,0.0
1740474924.4713948,0.37577953934669495,1.8599999999999999
1740474925.478917,0.0,0.0
1740474926.5207355,0.3760494589805603,1.8618599999999967
1740474927.5378652,0.0,0.0
1740474928.575855,0.3761885464191437,1.8628200000000013
1740474929.6016276,0.0,0.0
1740474930.6096203,0.37577953934669495,1.8599999999999999
1740474931.611868,0.0,0.0
1740474932.613545,0.37577953934669495,1.8599999999999999
1740474933.7110643,0.0,0.0
1740474934.7271235,0.3759188950061798,1.8609600000000044
1740474935.73264,0.0,0.0
1740474936.7359319,0.37577953934669495,1.8599999999999999
1740474937.7391973,0.0,0.0
1740474938.7543526,0.3759101927280426,1.8608999999999922
1740474939.7710953,0.0,0.0
1740474940.8183837,0.3761885464191437,1.8628200000000013
1740474941.8710215,0.0,0.0
1740474942.8983014,0.3760494589805603,1.8618599999999967
1740474944.0459197,0.0,0.0
1740474945.0832033,0.3760494589805603,1.8618599999999967
1740474946.113846,0.0,0.0
1740474947.1597939,0.37617990374565125,1.862759999999989
1740474948.1848564,0.0,0.0
1740474949.202067,0.3759101927280426,1.8608999999999922
1740474950.2235184,0.0,0.0
1740474951.2467608,0.3760494589805603,1.8618599999999967
1740474952.2807732,0.0,0.0
1740474953.2942295,0.3759188950061798,1.8609600000000044
1740474954.327449,0.0,0.0
1740474955.3461506,0.3759188950061798,1.8609600000000044
1740474956.3644335,0.0,0.0
1740474957.3863544,0.3760494589805603,1.8618599999999967
1740474958.4234874,0.0,0.0
1740474959.438505,0.3759188950061798,1.8609600000000044
1740474960.4935825,0.0,0.0
1740474961.5300567,0.3760494589805603,1.8618599999999967
1740474962.5553021,0.0,0.0
1740474963.5583599,0.37577953934669495,1.8599999999999999
1740474964.5820372,0.0,0.0
1740474965.6209974,0.3761885464191437,1.8628200000000013
1740474966.6403105,0.0,0.0
1740474967.6901283,0.3761885464191437,1.8628200000000013
1740474968.706874,0.0,0.0
1740474969.7307317,0.37605810165405273,1.861920000000009
1740474970.7482839,0.0,0.0
1740474971.7658873,0.3759188950061798,1.8609600000000044
1740474972.8016214,0.0,0.0
1740474973.8300004,0.3760494589805603,1.8618599999999967
1740474974.839101,0.0,0.0
1740474975.8744373,0.3760494589805603,1.8618599999999967
1740474976.8993628,0.0,0.0
1740474977.9373186,0.37605810165405273,1.861920000000009
1740474978.9689107,0.0,0.0
1740474979.997402,0.3760494589805603,1.8618599999999967
1740474981.0748887,0.0,0.0
1740474982.082145,0.37577953934669495,1.8599999999999999
1740474983.1278102,0.0,0.0
1740474984.1387863,0.3759188950061798,1.8609600000000044
1740474985.143011,0.0,0.0
1740474986.1450174,0.37577953934669495,1.8599999999999999
1740474987.1550093,0.0,0.0
1740474988.209895,0.3763275444507599,1.863780000000006
1740474989.2245517,0.0,0.0
1740474990.243273,0.3760494589805603,1.8618599999999967
1740474991.286668,0.0,0.0
1740474992.29658,0.3759188950061798,1.8609600000000044
1740474993.2990599,0.0,0.0
1740474994.3111455,0.3759188950061798,1.8609600000000044
1740474995.3180416,0.0,0.0
1740474996.3285947,0.3759101927280426,1.8608999999999922
1740474997.3474543,0.0,0.0
1740474998.3532493,0.3759188950061798,1.8609600000000044
1740474999.3688085,0.0,0.0
1740475000.420672,0.3761885464191437,1.8628200000000013
1740475001.4517899,0.0,0.0
1740475002.4547544,0.37577953934669495,1.8599999999999999
1740475003.4580445,0.0,0.0
1740475004.464718,0.3759188950061798,1.8609600000000044
1740475005.4659548,0.0,0.0
1740475006.4953141,0.3760494589805603,1.8618599999999967
1740475007.5053403,0.0,0.0
1740475008.527692,0.3760494589805603,1.8618599999999967
1740475009.5772107,0.0,0.0
1740475010.5829313,0.37577953934669495,1.8599999999999999
1740475011.6096885,0.0,0.0
1740475012.6133375,0.37577953934669495,1.8599999999999999
1740475013.6147263,0.0,0.0
1740475014.6168396,0.3759101927280426,1.8608999999999922
1740475015.6248436,0.0,0.0
1740475016.6546297,0.3760494589805603,1.8618599999999967
1740475017.6692238,0.0,0.0
1740475018.6816354,0.3759188950061798,1.8609600000000044
1740475019.7685213,0.0,0.0
1740475020.7717128,0.37577953934669495,1.8599999999999999
1740475021.7911437,0.0,0.0
1740475022.8123834,0.3759188950061798,1.8609600000000044
1740475023.817502,0.0,0.0
1740475024.8575675,0.3761885464191437,1.8628200000000013
1740475025.878726,0.0,0.0
1740475026.9118176,0.3760494589805603,1.8618599999999967
1740475027.9181197,0.0,0.0
1740475028.9821203,0.3763275444507599,1.863780000000006
1740475029.9832628,0.0,0.0
1740475031.006145,0.3759101927280426,1.8608999999999922
1740475032.0207129,0.0,0.0
1740475033.0760505,0.3763188421726227,1.8637199999999936
1740475034.092518,0.0,0.0
1740475035.1233938,0.3760494589805603,1.8618599999999967
1740475036.1278338,0.0,0.0
1740475037.1507323,0.3760494589805603,1.8618599999999967
1740475038.1744916,0.0,0.0
1740475039.199418,0.3760494589805603,1.8618599999999967
1740475040.216738,0.0,0.0
1740475041.2271116,0.3759188950061798,1.8609600000000044
1740475042.259362,0.0,0.0
1740475043.2947543,0.3760494589805603,1.8618599999999967
1740475044.3025563,0.0,0.0
1740475045.3314264,0.3760494589805603,1.8618599999999967
1740475046.3597512,0.0,0.0
1740475047.4052334,0.37617990374565125,1.862759999999989
1740475048.4389956,0.0,0.0
1740475049.4521105,0.3759101927280426,1.8608999999999922
1740475050.4991567,0.0,0.0
1740475051.5027764,0.37577953934669495,1.8599999999999999
1740475052.5269177,0.0,0.0
1740475053.55672,0.37605810165405273,1.861920000000009
1740475054.5681212,0.0,0.0
1740475055.5816824,0.3759101927280426,1.8608999999999922
1740475056.6072874,0.0,0.0
1740475057.6171885,0.3759101927280426,1.8608999999999922
1740475058.67544,0.0,0.0
1740475059.7009103,0.3760494589805603,1.8618599999999967
1740475060.7319183,0.0,0.0
1740475061.7432463,0.3759101927280426,1.8608999999999922
1740475062.796461,0.0,0.0
1740475063.831413,0.3760494589805603,1.8618599999999967
1740475064.8391397,0.0,0.0
1740475065.870521,0.3760494589805603,1.8618599999999967
1740475066.9100246,0.0,0.0
1740475067.934169,0.37605810165405273,1.861920000000009
1740475068.9854546,0.0,0.0
1740475070.0146224,0.3760494589805603,1.8618599999999967
1740475071.022698,0.0,0.0
1740475072.0500503,0.3759188950061798,1.8609600000000044
1740475073.0803123,0.0,0.0
1740475074.151203,0.37645772099494934,1.8646799999999983
1740475075.1653552,0.0,0.0
1740475076.2188632,0.3761885464191437,1.8628200000000013
1740475077.2417197,0.0,0.0
1740475078.2466307,0.37577953934669495,1.8599999999999999
1740475079.2635891,0.0,0.0
1740475080.2768362,0.3759101927280426,1.8608999999999922
1740475081.2800674,0.0,0.0
1740475082.2817311,0.37577953934669495,1.8599999999999999
1740475083.283442,0.0,0.0
1740475084.2850268,0.37577953934669495,1.8599999999999999
1740475085.2858799,0.0,0.0
1740475086.2870781,0.37577953934669495,1.8599999999999999
1740475087.2948868,0.0,0.0
1740475088.4621663,0.37727123498916626,1.8703200000000013
1740475089.4631212,0.0,0.0
1740475090.46647,0.37577953934669495,1.8599999999999999
1740475091.4680636,0.0,0.0
1740475092.475332,0.37577953934669495,1.8599999999999999
1740475093.4769688,0.0,0.0
1740475094.626206,0.3769947290420532,1.8683999999999923
1740475095.6817353,0.0,0.0
1740475096.7247558,0.3760494589805603,1.8618599999999967
1740475097.7471182,0.0,0.0
1740475098.7556138,0.37577953934669495,1.8599999999999999
1740475099.7581203,0.0,0.0
1740475100.7592666,0.37577953934669495,1.8599999999999999
1740475101.8411074,0.0,0.0
1740475102.853705,0.3759188950061798,1.8609600000000044
1740475103.9066138,0.0,0.0
1740475104.969088,0.3763275444507599,1.863780000000006
1740475105.974141,0.0,0.0
1740475106.9774027,0.3759188950061798,1.8609600000000044
1740475107.983322,0.0,0.0
1740475109.0076246,0.3760494589805603,1.8618599999999967
1740475110.030214,0.0,0.0
1740475111.0740306,0.3761885464191437,1.8628200000000013
1740475112.0940833,0.0,0.0
1740475113.0971873,0.37577953934669495,1.8599999999999999
1740475114.1484513,0.0,0.0
1740475115.1505663,0.37577953934669495,1.8599999999999999
1740475116.2494614,0.0,0.0
1740475117.2953408,0.3761885464191437,1.8628200000000013
1740475118.3708372,0.0,0.0
1740475119.4052908,0.3760494589805603,1.8618599999999967
1740475120.4159265,0.0,0.0
1740475121.4249558,0.37577953934669495,1.8599999999999999
1740475122.474154,0.0,0.0
1740475123.5152898,0.3761885464191437,1.8628200000000013
1740475124.5213144,0.0,0.0
1740475125.5224266,0.3759101927280426,1.8608999999999922
1740475126.5241437,0.0,0.0
1740475127.534664,0.37577953934669495,1.8599999999999999
1740475128.5675046,0.0,0.0
1740475129.572913,0.3759101927280426,1.8608999999999922
1740475130.57444,0.0,0.0
1740475131.579488,0.37577953934669495,1.8599999999999999
1740475132.598707,0.0,0.0
1740475133.6086907,0.3759188950061798,1.8609600000000044
1740475134.6220293,0.0,0.0
1740475135.643773,0.3759188950061798,1.8609600000000044
1740475136.6458015,0.0,0.0
1740475137.6474283,0.3759101927280426,1.8608999999999922
1740475138.6633546,0.0,0.0
1740475139.6651073,0.37577953934669495,1.8599999999999999
1740475140.6687977,0.0,0.0
1740475141.6731303,0.37577953934669495,1.8599999999999999
1740475142.6744142,0.0,0.0
1740475143.6759107,0.37577953934669495,1.8599999999999999
1740475144.6798935,0.0,0.0
1740475145.6868403,0.37577953934669495,1.8599999999999999
1740475146.6998029,0.0,0.0
1740475147.716716,0.3759188950061798,1.8609600000000044
1740475148.7199137,0.0,0.0
1740475149.736475,0.3759188950061798,1.8609600000000044
1740475150.7438958,0.0,0.0
1740475151.748495,0.37577953934669495,1.8599999999999999
1740475152.753181,0.0,0.0
1740475153.7697015,0.3759188950061798,1.8609600000000044
1740475154.7964735,0.0,0.0
1740475155.800382,0.37577953934669495,1.8599999999999999
1740475156.8040566,0.0,0.0
1740475157.8074505,0.37577953934669495,1.8599999999999999
1740475158.816457,0.0,0.0
1740475159.8220186,0.3759101927280426,1.8608999999999922
1740475160.824284,0.0,0.0
1740475161.84366,0.3759188950061798,1.8609600000000044
1740475162.8699973,0.0,0.0
1740475163.9235206,0.3761885464191437,1.8628200000000013
1740475165.0003545,0.0,0.0
1740475166.0036006,0.37577953934669495,1.8599999999999999
1740475167.092469,0.0,0.0
1740475168.1141067,0.3759188950061798,1.8609600000000044
1740475169.1387827,0.0,0.0
1740475170.1629927,0.3759101927280426,1.8608999999999922
1740475171.1725557,0.0,0.0
1740475172.1958294,0.3760494589805603,1.8618599999999967
1740475173.2528453,0.0,0.0
1740475174.2932718,0.3761885464191437,1.8628200000000013
1740475175.314751,0.0,0.0
1740475176.3571966,0.3761885464191437,1.8628200000000013
1740475177.36201,0.0,0.0
1740475178.400102,0.37617990374565125,1.862759999999989
1740475179.427351,0.0,0.0
1740475180.4586732,0.3760494589805603,1.8618599999999967
1740475181.4863074,0.0,0.0
1740475182.512091,0.3760494589805603,1.8618599999999967
1740475183.5353208,0.0,0.0
1740475184.5580068,0.37605810165405273,1.861920000000009
1740475185.5891488,0.0,0.0
1740475186.5929298,0.37577953934669495,1.8599999999999999
1740475187.6239488,0.0,0.0
1740475188.6563363,0.3760494589805603,1.8618599999999967
1740475189.6873453,0.0,0.0
1740475190.7321684,0.3761885464191437,1.8628200000000013
1740475191.7454004,0.0,0.0
1740475192.7795172,0.3760494589805603,1.8618599999999967
1740475193.7977722,0.0,0.0
1740475194.799943,0.37577953934669495,1.8599999999999999
1740475195.8308258,0.0,0.0
1740475196.8635998,0.37605810165405273,1.861920000000009
1740475197.8968656,0.0,0.0
1740475198.9232988,0.3760494589805603,1.8618599999999967
1740475199.9612777,0.0,0.0
1740475200.9987893,0.3760494589805603,1.8618599999999967
1740475202.0342803,0.0,0.0
1740475203.0488663,0.3759188950061798,1.8609600000000044
1740475204.0714793,0.0,0.0
1740475205.105515,0.37605810165405273,1.861920000000009
1740475206.1565433,0.0,0.0
1740475207.1903238,0.37605810165405273,1.861920000000009
1740475208.2164814,0.0,0.0
1740475209.246047,0.3760494589805603,1.8618599999999967
1740475210.3437357,0.0,0.0
1740475211.3970695,0.3761885464191437,1.8628200000000013
1740475212.514272,0.0,0.0
1740475213.5776355,0.3763188421726227,1.8637199999999936
1740475214.5865018,0.0,0.0
1740475215.6065807,0.3759188950061798,1.8609600000000044
1740475216.915197,0.0,0.0
1740475217.9206004,0.37577953934669495,1.8599999999999999
1740475218.9290373,0.0,0.0
1740475219.962376,0.3760494589805603,1.8618599999999967
1740475220.9831412,0.0,0.0
1740475221.9947906,0.3759101927280426,1.8608999999999922
1740475223.000554,0.0,0.0
1740475224.005131,0.37577953934669495,1.8599999999999999
1740475225.0462413,0.0,0.0
1740475226.0561135,0.3759188950061798,1.8609600000000044
1740475227.0652502,0.0,0.0
1740475228.066991,0.37577953934669495,1.8599999999999999
1740475229.1394808,0.0,0.0
1740475230.1806953,0.3761885464191437,1.8628200000000013
1740475231.1869302,0.0,0.0
1740475232.2384512,0.3761885464191437,1.8628200000000013
1740475233.2420533,0.0,0.0
1740475234.264711,0.3759188950061798,1.8609600000000044
1740475235.2962844,0.0,0.0
1740475236.3261764,0.3760494589805603,1.8618599999999967
1740475237.463739,0.0,0.0
1740475238.4985728,0.3760494589805603,1.8618599999999967
1740475239.545429,0.0,0.0
1740475240.5644743,0.3759188950061798,1.8609600000000044
1740475241.5667205,0.0,0.0
1740475242.56974,0.3759101927280426,1.8608999999999922
1740475243.5736148,0.0,0.0
1740475244.6413453,0.3763275444507599,1.863780000000006
1740475245.699426,0.0,0.0
1740475246.7147722,0.3759188950061798,1.8609600000000044
1740475247.7543414,0.0,0.0
1740475248.7866716,0.3760494589805603,1.8618599999999967
1740475249.8209796,0.0,0.0
1740475250.8252454,0.37577953934669495,1.8599999999999999
1740475251.967517,0.0,0.0
1740475253.0457346,0.37645772099494934,1.8646799999999983
1740475254.0509775,0.0,0.0
1740475255.0534437,0.37577953934669495,1.8599999999999999
1740475256.0553217,0.0,0.0
1740475257.0581324,0.37577953934669495,1.8599999999999999
1740475258.107508,0.0,0.0
1740475259.1245377,0.3759101927280426,1.8608999999999922
1740475260.1496034,0.0,0.0
1740475261.1542847,0.37577953934669495,1.8599999999999999
1740475262.1777484,0.0,0.0
1740475263.1849458,0.3759188950061798,1.8609600000000044
1740475264.189964,0.0,0.0
1740475265.2049034,0.3759101927280426,1.8608999999999922
1740475266.219004,0.0,0.0
1740475267.2695785,0.3761885464191437,1.8628200000000013
1740475268.2754173,0.0,0.0
1740475269.279541,0.37577953934669495,1.8599999999999999
1740475270.280915,0.0,0.0
1740475271.2839732,0.37577953934669495,1.8599999999999999
1740475272.3537464,0.0,0.0
1740475273.3736064,0.3759101927280426,1.8608999999999922
1740475274.3895593,0.0,0.0
1740475275.43631,0.3761885464191437,1.8628200000000013
1740475276.4684887,0.0,0.0
1740475277.4819727,0.3759188950061798,1.8609600000000044
1740475278.4914935,0.0,0.0
1740475279.5010483,0.37577953934669495,1.8599999999999999
1740475280.5300314,0.0,0.0
1740475281.5451636,0.3759188950061798,1.8609600000000044
1740475282.5788095,0.0,0.0
1740475283.6118128,0.37605810165405273,1.861920000000009
1740475284.635486,0.0,0.0
1740475285.6620471,0.3759101927280426,1.8608999999999922
1740475286.69246,0.0,0.0
1740475287.727086,0.3761885464191437,1.8628200000000013
1740475288.7757475,0.0,0.0
1740475289.7920105,0.3759188950061798,1.8609600000000044
1740475290.809963,0.0,0.0
1740475291.8338513,0.3759101927280426,1.8608999999999922
1740475292.8584912,0.0,0.0
1740475293.8939986,0.3760494589805603,1.8618599999999967
1740475294.9167895,0.0,0.0
1740475295.9347358,0.3759188950061798,1.8609600000000044
1740475296.9515083,0.0,0.0
1740475297.9952786,0.3761885464191437,1.8628200000000013
1740475299.0133202,0.0,0.0
1740475300.0314803,0.3759101927280426,1.8608999999999922
1740475301.0593092,0.0,0.0
1740475302.0991993,0.3760494589805603,1.8618599999999967
1740475303.1284294,0.0,0.0
1740475304.1708877,0.3761885464191437,1.8628200000000013
1740475305.1851254,0.0,0.0
1740475306.207394,0.3759101927280426,1.8608999999999922
1740475307.2325125,0.0,0.0
1740475308.2863953,0.37617990374565125,1.862759999999989
1740475309.3207927,0.0,0.0
1740475310.3266993,0.37577953934669495,1.8599999999999999
1740475311.3918517,0.0,0.0
1740475312.3988235,0.3759101927280426,1.8608999999999922
1740475313.4056988,0.0,0.0
1740475314.4183936,0.3759188950061798,1.8609600000000044
1740475315.4199505,0.0,0.0
1740475316.4212084,0.37577953934669495,1.8599999999999999
1740475317.4273052,0.0,0.0
1740475318.4287271,0.3759188950061798,1.8609600000000044
1740475319.430518,0.0,0.0
1740475320.431969,0.37577953934669495,1.8599999999999999
1740475321.4339767,0.0,0.0
1740475322.4364197,0.37577953934669495,1.8599999999999999
1740475323.450884,0.0,0.0
1740475324.46559,0.3759188950061798,1.8609600000000044
1740475325.4669492,0.0,0.0
1740475326.480595,0.3759188950061798,1.8609600000000044
1740475327.4818444,0.0,0.0
1740475328.4832284,0.37577953934669495,1.8599999999999999
1740475329.4850276,0.0,0.0
1740475330.5097802,0.3760494589805603,1.8618599999999967
1740475331.5164108,0.0,0.0
1740475332.519717,0.37577953934669495,1.8599999999999999
1740475333.5234852,0.0,0.0
1740475334.5254147,0.37577953934669495,1.8599999999999999
1740475335.5264845,0.0,0.0
1740475336.529633,0.37577953934669495,1.8599999999999999
1740475337.5333447,0.0,0.0
1740475338.5348656,0.37577953934669495,1.8599999999999999
1740475339.5360997,0.0,0.0
1740475340.537518,0.37577953934669495,1.8599999999999999
1740475341.5402884,0.0,0.0
1740475342.5418332,0.37577953934669495,1.8599999999999999
1740475343.67239,0.0,0.0
1740475344.6807196,0.3759188950061798,1.8609600000000044
1740475345.6825364,0.0,0.0
1740475346.683757,0.37577953934669495,1.8599999999999999
1740475347.6850991,0.0,0.0
1740475348.686159,0.37577953934669495,1.8599999999999999
1740475349.6958358,0.0,0.0
1740475350.7016864,0.37577953934669495,1.8599999999999999
1740475351.7050698,0.0,0.0
1740475352.7133956,0.3759188950061798,1.8609600000000044
1740475353.7942662,0.0,0.0
1740475354.811493,0.3759188950061798,1.8609600000000044
1740475355.8266153,0.0,0.0
1740475356.8284981,0.37577953934669495,1.8599999999999999
1740475357.8483012,0.0,0.0
1740475358.864227,0.3759188950061798,1.8609600000000044
1740475359.8709834,0.0,0.0
1740475360.874246,0.37577953934669495,1.8599999999999999
1740475361.9493647,0.0,0.0
1740475362.9996562,0.3761885464191437,1.8628200000000013
1740475364.0462148,0.0,0.0
1740475365.0689356,0.3759188950061798,1.8609600000000044
1740475366.1081085,0.0,0.0
1740475367.1161587,0.3759101927280426,1.8608999999999922
1740475368.1198835,0.0,0.0
1740475369.1360505,0.3759188950061798,1.8609600000000044
1740475370.2094407,0.0,0.0
1740475371.2183053,0.37577953934669495,1.8599999999999999
1740475372.245186,0.0,0.0
1740475373.265086,0.3759188950061798,1.8609600000000044
1740475374.2974858,0.0,0.0
1740475375.3160894,0.3759188950061798,1.8609600000000044
1740475376.3196092,0.0,0.0
1740475377.34294,0.3759188950061798,1.8609600000000044
1740475378.3760865,0.0,0.0
1740475379.3792644,0.37577953934669495,1.8599999999999999
1740475380.5400681,0.0,0.0
1740475381.5487192,0.37577953934669495,1.8599999999999999
1740475382.5610793,0.0,0.0
1740475383.5768795,0.3759101927280426,1.8608999999999922
1740475384.5920854,0.0,0.0
1740475385.6356177,0.3761885464191437,1.8628200000000013
1740475386.6386976,0.0,0.0
1740475387.6441975,0.37577953934669495,1.8599999999999999
1740475388.6462185,0.0,0.0
1740475389.6679983,0.3760494589805603,1.8618599999999967
1740475390.6926398,0.0,0.0
1740475391.7265456,0.3761885464191437,1.8628200000000013
1740475392.7639189,0.0,0.0
1740475393.941105,0.37727123498916626,1.8703200000000013
1740475394.9862738,0.0,0.0
1740475396.007069,0.3760494589805603,1.8618599999999967
1740475397.057454,0.0,0.0
1740475398.077834,0.3759101927280426,1.8608999999999922
1740475399.109726,0.0,0.0
1740475400.12023,0.3759101927280426,1.8608999999999922
1740475401.1559236,0.0,0.0
1740475402.1744812,0.3759188950061798,1.8609600000000044
1740475403.1977997,0.0,0.0
1740475404.2257292,0.37605810165405273,1.861920000000009
1740475405.2500288,0.0,0.0
1740475406.2690399,0.3759188950061798,1.8609600000000044
1740475407.2997904,0.0,0.0
1740475408.3272154,0.3760494589805603,1.8618599999999967
1740475409.3594773,0.0,0.0
1740475410.3667495,0.3759101927280426,1.8608999999999922
1740475411.3963773,0.0,0.0
1740475412.430222,0.3761885464191437,1.8628200000000013
1740475413.4546475,0.0,0.0
1740475414.4892647,0.37605810165405273,1.861920000000009
1740475415.5138943,0.0,0.0
1740475416.5471385,0.3760494589805603,1.8618599999999967
1740475417.571763,0.0,0.0
1740475418.6093538,0.37605810165405273,1.861920000000009
1740475419.6429732,0.0,0.0
1740475420.727382,0.37659651041030884,1.8656400000000029
1740475421.7299132,0.0,0.0
1740475422.744972,0.3759101927280426,1.8608999999999922
1740475423.7593641,0.0,0.0
1740475424.7789814,0.3759101927280426,1.8608999999999922
1740475425.8430488,0.0,0.0
1740475426.858026,0.3759188950061798,1.8609600000000044
1740475427.8766055,0.0,0.0
1740475428.9125464,0.3760494589805603,1.8618599999999967
1740475429.9361432,0.0,0.0
1740475430.9632957,0.3760494589805603,1.8618599999999967
1740475432.0322127,0.0,0.0
1740475433.045626,0.3759188950061798,1.8609600000000044
1740475434.0777202,0.0,0.0
1740475435.1076329,0.37605810165405273,1.861920000000009
1740475436.1706545,0.0,0.0
1740475437.1994038,0.3760494589805603,1.8618599999999967
1740475438.2159214,0.0,0.0
1740475439.2488146,0.3760494589805603,1.8618599999999967
1740475440.3102806,0.0,0.0
1740475441.3204136,0.3759101927280426,1.8608999999999922
1740475442.4069252,0.0,0.0
1740475443.4201171,0.3759188950061798,1.8609600000000044
1740475444.436959,0.0,0.0
1740475445.4646864,0.3760494589805603,1.8618599999999967
1740475446.4994261,0.0,0.0
1740475447.5289168,0.3760494589805603,1.8618599999999967
1740475448.6022496,0.0,0.0
1740475449.6474674,0.37617990374565125,1.862759999999989
1740475450.6566308,0.0,0.0
1740475451.6693177,0.3759188950061798,1.8609600000000044
1740475452.7021713,0.0,0.0
1740475453.7620475,0.3763275444507599,1.863780000000006
1740475454.772925,0.0,0.0
1740475455.7758353,0.37577953934669495,1.8599999999999999
1740475456.8421755,0.0,0.0
1740475457.8584547,0.3759188950061798,1.8609600000000044
1740475458.874842,0.0,0.0
1740475459.9200952,0.3761885464191437,1.8628200000000013
1740475460.9708164,0.0,0.0
1740475461.979983,0.3759188950061798,1.8609600000000044
1740475462.990128,0.0,0.0
1740475464.0112417,0.3760494589805603,1.8618599999999967
1740475465.0142267,0.0,0.0
1740475466.0209696,0.37577953934669495,1.8599999999999999
1740475467.030096,0.0,0.0
1740475468.0402946,0.3759188950061798,1.8609600000000044
1740475469.076578,0.0,0.0
1740475470.1256337,0.3761885464191437,1.8628200000000013
1740475471.1546621,0.0,0.0
1740475472.1962562,0.3761885464191437,1.8628200000000013
1740475473.2131443,0.0,0.0
1740475474.2398765,0.3759188950061798,1.8609600000000044
1740475475.2793694,0.0,0.0
1740475476.2917416,0.3759188950061798,1.8609600000000044
1740475477.3222134,0.0,0.0
1740475478.4197292,0.37659651041030884,1.8656400000000029
1740475479.4641218,0.0,0.0
1740475480.4834938,0.3759188950061798,1.8609600000000044
1740475481.5123806,0.0,0.0
1740475482.5769644,0.3763188421726227,1.8637199999999936
1740475483.6208065,0.0,0.0
1740475484.6328614,0.3759188950061798,1.8609600000000044
1740475485.6748762,0.0,0.0
1740475486.6885912,0.3759188950061798,1.8609600000000044
1740475487.69195,0.0,0.0
1740475488.701024,0.3759101927280426,1.8608999999999922
1740475489.7146583,0.0,0.0
1740475490.847798,0.3768649995326996,1.8674999999999997
1740475491.8584595,0.0,0.0
1740475492.8688195,0.3759101927280426,1.8608999999999922
1740475494.0919042,0.0,0.0
1740475495.1052332,0.3759188950061798,1.8609600000000044
1740475496.1073234,0.0,0.0
1740475497.1132956,0.37577953934669495,1.8599999999999999
1740475498.1248598,0.0,0.0
1740475499.1545396,0.3760494589805603,1.8618599999999967
1740475500.173625,0.0,0.0
1740475501.1830096,0.3759188950061798,1.8609600000000044
1740475502.18867,0.0,0.0
1740475503.2877824,0.376587837934494,1.8655799999999907
1740475504.3596492,0.0,0.0
1740475505.3945618,0.3760494589805603,1.8618599999999967
1740475506.4204495,0.0,0.0
1740475507.4404814,0.3759188950061798,1.8609600000000044
1740475508.4699025,0.0,0.0
1740475509.4937394,0.3760494589805603,1.8618599999999967
1740475510.5202756,0.0,0.0
1740475511.5556705,0.3761885464191437,1.8628200000000013
1740475512.5712547,0.0,0.0
1740475513.5902116,0.3759188950061798,1.8609600000000044
1740475514.6171346,0.0,0.0
1740475515.6469765,0.3759188950061798,1.8609600000000044
1740475516.749386,0.0,0.0
1740475517.7796276,0.3760494589805603,1.8618599999999967
1740475518.7825384,0.0,0.0
1740475519.809509,0.37605810165405273,1.861920000000009
1740475520.8378153,0.0,0.0
1740475521.877646,0.3760494589805603,1.8618599999999967
1740475522.9514647,0.0,0.0
1740475523.9672654,0.3759188950061798,1.8609600000000044
1740475524.9872653,0.0,0.0
1740475526.018819,0.3760494589805603,1.8618599999999967
1740475527.0272543,0.0,0.0
1740475528.0660567,0.37605810165405273,1.861920000000009
1740475529.0923848,0.0,0.0
1740475530.133125,0.3761885464191437,1.8628200000000013
1740475531.167316,0.0,0.0
1740475532.2349951,0.3763275444507599,1.863780000000006
1740475533.238368,0.0,0.0
1740475534.275806,0.37617990374565125,1.862759999999989
1740475535.3198433,0.0,0.0
1740475536.3435872,0.3759188950061798,1.8609600000000044
1740475537.3884318,0.0,0.0
1740475538.4133537,0.3760494589805603,1.8618599999999967
1740475539.4368224,0.0,0.0
1740475540.4509373,0.3759101927280426,1.8608999999999922
1740475541.4884074,0.0,0.0
1740475542.4995384,0.3759101927280426,1.8608999999999922
1740475543.5153196,0.0,0.0
1740475544.5445673,0.3760494589805603,1.8618599999999967
1740475545.5717578,0.0,0.0
1740475546.5724876,0.37577953934669495,1.8599999999999999
1740475547.5988283,0.0,0.0
1740475548.6176655,0.3760494589805603,1.8618599999999967
1740475549.6438522,0.0,0.0
1740475550.6689322,0.3760494589805603,1.8618599999999967
1740475551.692644,0.0,0.0
1740475552.7230794,0.3760494589805603,1.8618599999999967
1740475553.7368898,0.0,0.0
1740475554.7522423,0.3759101927280426,1.8608999999999922
1740475555.771053,0.0,0.0
1740475556.8104715,0.3761885464191437,1.8628200000000013
1740475557.8161485,0.0,0.0
1740475558.8377564,0.3760494589805603,1.8618599999999967
1740475559.8595953,0.0,0.0
1740475560.9057302,0.37617990374565125,1.862759999999989
1740475561.9525545,0.0,0.0
1740475562.9800844,0.37605810165405273,1.861920000000009
1740475563.9998746,0.0,0.0
1740475565.123687,0.3768649995326996,1.8674999999999997
1740475566.1861525,0.0,0.0
1740475567.1979873,0.3759101927280426,1.8608999999999922
1740475568.260008,0.0,0.0
1740475569.3727577,0.3767264783382416,1.8665399999999952
1740475570.3793037,0.0,0.0
1740475571.4220119,0.3761885464191437,1.8628200000000013
1740475572.5042708,0.0,0.0
1740475573.5117667,0.3759188950061798,1.8609600000000044
1740475574.5294678,0.0,0.0
1740475575.609739,0.3764663636684418,1.8647400000000105
1740475576.623575,0.0,0.0
1740475577.6916838,0.3763275444507599,1.863780000000006
1740475578.7128122,0.0,0.0
1740475579.7559505,0.3760494589805603,1.8618599999999967
1740475580.795453,0.0,0.0
1740475581.865779,0.3763275444507599,1.863780000000006
1740475582.9132173,0.0,0.0
1740475583.935933,0.3759188950061798,1.8609600000000044
1740475584.948139,0.0,0.0
1740475585.9778676,0.37605810165405273,1.861920000000009
1740475587.0129485,0.0,0.0
1740475588.0491378,0.3760494589805603,1.8618599999999967
1740475589.0668056,0.0,0.0
1740475590.0885072,0.3760494589805603,1.8618599999999967
1740475591.124728,0.0,0.0
1740475592.1549788,0.3760494589805603,1.8618599999999967
1740475593.1732607,0.0,0.0
1740475594.2132468,0.3761885464191437,1.8628200000000013
1740475595.2527392,0.0,0.0
1740475596.2853105,0.3760494589805603,1.8618599999999967
1740475597.3208945,0.0,0.0
1740475598.346573,0.3759188950061798,1.8609600000000044
1740475599.3630056,0.0,0.0
1740475600.3883522,0.3760494589805603,1.8618599999999967
1740475601.4196382,0.0,0.0
1740475602.4501865,0.3760494589805603,1.8618599999999967
1740475603.4878833,0.0,0.0
1740475604.5269399,0.37617990374565125,1.862759999999989
1740475605.5571876,0.0,0.0
1740475606.5945978,0.3760494589805603,1.8618599999999967
1740475607.7183106,0.0,0.0
1740475608.7427053,0.3760494589805603,1.8618599999999967
1740475609.841951,0.0,0.0
1740475610.8448737,0.37577953934669495,1.8599999999999999
1740475611.8476603,0.0,0.0
1740475612.857154,0.3759188950061798,1.8609600000000044
1740475613.8649673,0.0,0.0
1740475614.9362512,0.37645772099494934,1.8646799999999983
1740475615.9702213,0.0,0.0
1740475616.9928274,0.3760494589805603,1.8618599999999967
1740475618.0240517,0.0,0.0
1740475619.0270905,0.37577953934669495,1.8599999999999999
1740475620.0605087,0.0,0.0
1740475621.0659053,0.37577953934669495,1.8599999999999999
1740475622.0966454,0.0,0.0
1740475623.1327674,0.3761885464191437,1.8628200000000013
1740475624.1686664,0.0,0.0
1740475625.20154,0.3760494589805603,1.8618599999999967
1740475626.2462063,0.0,0.0
1740475627.2685287,0.3759188950061798,1.8609600000000044
1740475628.3128066,0.0,0.0
1740475629.3178055,0.37577953934669495,1.8599999999999999
1740475630.344329,0.0,0.0
1740475631.3923926,0.3761885464191437,1.8628200000000013
1740475632.4273548,0.0,0.0
1740475633.4636288,0.3761885464191437,1.8628200000000013
1740475634.4975955,0.0,0.0
1740475635.525447,0.3760494589805603,1.8618599999999967
1740475636.547132,0.0,0.0
1740475637.5660012,0.3759188950061798,1.8609600000000044
1740475638.6038246,0.0,0.0
1740475639.6544523,0.37617990374565125,1.862759999999989
1740475640.6751244,0.0,0.0
1740475641.7187736,0.3761885464191437,1.8628200000000013
1740475642.7560618,0.0,0.0
1740475643.791166,0.3761885464191437,1.8628200000000013
1740475644.8297188,0.0,0.0
1740475645.857507,0.37605810165405273,1.861920000000009
1740475646.8841505,0.0,0.0
1740475647.9926085,0.3767264783382416,1.8665399999999952
1740475648.99721,0.0,0.0
1740475650.0171669,0.3759188950061798,1.8609600000000044
1740475651.2338603,0.0,0.0
1740475652.256879,0.3760494589805603,1.8618599999999967
1740475653.309687,0.0,0.0
1740475654.325799,0.3759101927280426,1.8608999999999922
1740475655.3545642,0.0,0.0
1740475656.3827958,0.3760494589805603,1.8618599999999967
1740475657.3902888,0.0,0.0
1740475658.4029171,0.3759101927280426,1.8608999999999922
1740475659.404544,0.0,0.0
1740475660.42168,0.3759188950061798,1.8609600000000044
1740475661.4298668,0.0,0.0
1740475662.4524813,0.3759101927280426,1.8608999999999922
1740475663.4609003,0.0,0.0
1740475664.5903363,0.3768649995326996,1.8674999999999997
1740475665.6242537,0.0,0.0
1740475666.6360872,0.3759188950061798,1.8609600000000044
1740475667.6415126,0.0,0.0
1740475668.6492682,0.3759101927280426,1.8608999999999922
1740475669.658002,0.0,0.0
1740475670.6613748,0.37577953934669495,1.8599999999999999
1740475671.6705363,0.0,0.0
1740475672.672431,0.37577953934669495,1.8599999999999999
1740475673.6828804,0.0,0.0
1740475674.6880608,0.37577953934669495,1.8599999999999999
1740475675.7331448,0.0,0.0
1740475676.756824,0.3760494589805603,1.8618599999999967
1740475677.812549,0.0,0.0
1740475678.8149385,0.37577953934669495,1.8599999999999999
1740475679.8420665,0.0,0.0
1740475680.8849325,0.3761885464191437,1.8628200000000013
1740475681.9063299,0.0,0.0
1740475682.9520998,0.3761885464191437,1.8628200000000013
1740475683.9793386,0.0,0.0
1740475685.0192652,0.3760494589805603,1.8618599999999967
1740475686.0492833,0.0,0.0
1740475687.0721705,0.3760494589805603,1.8618599999999967
1740475688.1406333,0.0,0.0
1740475689.1528096,0.3759101927280426,1.8608999999999922
1740475690.190781,0.0,0.0
1740475691.226125,0.3761885464191437,1.8628200000000013
1740475692.2640233,0.0,0.0
1740475693.3043053,0.3761885464191437,1.8628200000000013
1740475694.358124,0.0,0.0
1740475695.3748345,0.3759101927280426,1.8608999999999922
1740475696.3958242,0.0,0.0
1740475697.453649,0.3763188421726227,1.8637199999999936
1740475698.476456,0.0,0.0
1740475699.5290775,0.37617990374565125,1.862759999999989
1740475700.543839,0.0,0.0
1740475701.5769863,0.3760494589805603,1.8618599999999967
1740475702.589077,0.0,0.0
1740475703.6099277,0.3759188950061798,1.8609600000000044
1740475704.639673,0.0,0.0
1740475705.717698,0.37645772099494934,1.8646799999999983
1740475706.7569861,0.0,0.0
1740475707.796341,0.3760494589805603,1.8618599999999967
1740475708.813921,0.0,0.0
1740475709.8577752,0.3761885464191437,1.8628200000000013
1740475710.8875544,0.0,0.0
1740475711.9823241,0.37659651041030884,1.8656400000000029
1740475713.0623121,0.0,0.0
1740475714.0937426,0.3760494589805603,1.8618599999999967
1740475715.132432,0.0,0.0
1740475716.1700926,0.3760494589805603,1.8618599999999967
1740475717.4219809,0.0,0.0
1740475718.5066738,0.37645772099494934,1.8646799999999983
1740475719.534741,0.0,0.0
1740475720.5933623,0.3763275444507599,1.863780000000006
1740475721.6239624,0.0,0.0
1740475722.6259725,0.37577953934669495,1.8599999999999999
1740475723.6467755,0.0,0.0
1740475724.730161,0.37659651041030884,1.8656400000000029
1740475725.7795255,0.0,0.0
1740475726.8103895,0.37605810165405273,1.861920000000009
1740475727.841773,0.0,0.0
1740475728.8905833,0.3761885464191437,1.8628200000000013
1740475729.9293628,0.0,0.0
1740475730.9681299,0.3760494589805603,1.8618599999999967
1740475732.003456,0.0,0.0
1740475733.0316951,0.3760494589805603,1.8618599999999967
1740475734.079888,0.0,0.0
1740475735.0889308,0.3759188950061798,1.8609600000000044
1740475736.132289,0.0,0.0
1740475737.2030234,0.3763188421726227,1.8637199999999936
1740475738.229866,0.0,0.0
1740475739.2375383,0.37577953934669495,1.8599999999999999
1740475740.249422,0.0,0.0
1740475741.3205316,0.37645772099494934,1.8646799999999983
1740475742.3429642,0.0,0.0
1740475743.354014,0.3759188950061798,1.8609600000000044
1740475744.3930736,0.0,0.0
1740475745.4340532,0.3761885464191437,1.8628200000000013
1740475746.4826732,0.0,0.0
1740475747.517233,0.3760494589805603,1.8618599999999967
1740475748.5366967,0.0,0.0
1740475749.5768769,0.3761885464191437,1.8628200000000013
1740475750.5792363,0.0,0.0
1740475751.61941,0.3761885464191437,1.8628200000000013
1740475752.6615841,0.0,0.0
1740475753.683862,0.37605810165405273,1.861920000000009
1740475754.7233493,0.0,0.0
1740475755.7484353,0.3760494589805603,1.8618599999999967
1740475756.7798295,0.0,0.0
1740475757.811422,0.37605810165405273,1.861920000000009
1740475758.8267858,0.0,0.0
1740475759.8546286,0.37605810165405273,1.861920000000009
1740475760.8851504,0.0,0.0
1740475761.9060953,0.3759101927280426,1.8608999999999922
1740475762.9509373,0.0,0.0
1740475763.9818578,0.37605810165405273,1.861920000000009
1740475765.0284202,0.0,0.0
1740475766.0605748,0.37605810165405273,1.861920000000009
1740475767.0821338,0.0,0.0
1740475768.1223497,0.3761885464191437,1.8628200000000013
1740475769.1475787,0.0,0.0
1740475770.1824923,0.37605810165405273,1.861920000000009
1740475771.2241952,0.0,0.0
1740475772.2813148,0.3763188421726227,1.8637199999999936
1740475773.3268695,0.0,0.0
1740475774.337393,0.3759188950061798,1.8609600000000044
1740475775.4055998,0.0,0.0
1740475776.4299276,0.37605810165405273,1.861920000000009
1740475777.467282,0.0,0.0
1740475778.5162537,0.3761885464191437,1.8628200000000013
1740475779.6389775,0.0,0.0
1740475780.7006047,0.3763188421726227,1.8637199999999936
1740475781.7264886,0.0,0.0
1740475782.748997,0.3759101927280426,1.8608999999999922
1740475783.811923,0.0,0.0
1740475784.836608,0.3760494589805603,1.8618599999999967
1740475785.876534,0.0,0.0
1740475786.9105246,0.3760494589805603,1.8618599999999967
1740475787.936301,0.0,0.0
1740475788.9728632,0.3760494589805603,1.8618599999999967
1740475790.0025258,0.0,0.0
1740475791.0389202,0.3761885464191437,1.8628200000000013
1740475792.079507,0.0,0.0
1740475793.1076639,0.37605810165405273,1.861920000000009
1740475794.1472876,0.0,0.0
1740475795.207933,0.3763188421726227,1.8637199999999936
1740475796.2505002,0.0,0.0
1740475797.3045375,0.3763275444507599,1.863780000000006
1740475798.3096433,0.0,0.0
1740475799.3113236,0.37577953934669495,1.8599999999999999
1740475800.33482,0.0,0.0
1740475801.3582084,0.37605810165405273,1.861920000000009
1740475802.363,0.0,0.0
1740475803.4355597,0.37645772099494934,1.8646799999999983
1740475804.4435043,0.0,0.0
1740475805.446988,0.3759101927280426,1.8608999999999922
1740475806.451971,0.0,0.0
1740475807.4665956,0.3759188950061798,1.8609600000000044
1740475808.5638323,0.0,0.0
1740475809.5764759,0.3759101927280426,1.8608999999999922
1740475810.5920916,0.0,0.0
1740475811.639588,0.3761885464191437,1.8628200000000013
1740475812.7178016,0.0,0.0
1740475813.765061,0.3761885464191437,1.8628200000000013
1740475814.8272817,0.0,0.0
1740475815.9116306,0.37645772099494934,1.8646799999999983
1740475816.9530675,0.0,0.0
1740475818.0308564,0.37645772099494934,1.8646799999999983
1740475819.0469468,0.0,0.0
1740475820.0649183,0.3759188950061798,1.8609600000000044
1740475821.0767515,0.0,0.0
1740475822.161851,0.37645772099494934,1.8646799999999983
1740475823.2171106,0.0,0.0
1740475824.311952,0.37659651041030884,1.8656400000000029
1740475825.4618583,0.0,0.0
1740475826.4833596,0.3759188950061798,1.8609600000000044
1740475827.5069954,0.0,0.0
1740475828.5307152,0.3759101927280426,1.8608999999999922
1740475829.8121881,0.0,0.0
1740475830.8732352,0.3763188421726227,1.8637199999999936
1740475831.9914634,0.0,0.0
1740475833.034706,0.3760494589805603,1.8618599999999967
1740475834.0847328,0.0,0.0
1740475835.1244366,0.3761885464191437,1.8628200000000013
1740475836.1951737,0.0,0.0
1740475837.2637572,0.3763275444507599,1.863780000000006
1740475838.3833046,0.0,0.0
1740475839.4822385,0.37659651041030884,1.8656400000000029
1740475840.6233172,0.0,0.0
1740475841.7172043,0.37659651041030884,1.8656400000000029
1740475842.7301207,0.0,0.0
1740475843.7795374,0.37617990374565125,1.862759999999989
1740475844.8273692,0.0,0.0
1740475845.943667,0.376735121011734,1.8666000000000074
1740475847.0201998,0.0,0.0
1740475848.0703638,0.3763188421726227,1.8637199999999936
1740475849.1859746,0.0,0.0
1740475850.2700214,0.37645772099494934,1.8646799999999983
1740475851.3785815,0.0,0.0
1740475852.4654746,0.37659651041030884,1.8656400000000029
1740475853.5192952,0.0,0.0
1740475854.6464982,0.3768649995326996,1.8674999999999997
1740475855.8270762,0.0,0.0
1740475856.936507,0.376735121011734,1.8666000000000074
1740475858.077761,0.0,0.0
1740475859.217857,0.37700340151786804,1.8684600000000045
1740475860.3338363,0.0,0.0
1740475861.4204247,0.37659651041030884,1.8656400000000029
1740475862.4524696,0.0,0.0
1740475863.492207,0.3761885464191437,1.8628200000000013
1740475864.7422283,0.0,0.0
1740475865.7795365,0.3760494589805603,1.8618599999999967
1740475866.8417099,0.0,0.0
1740475867.9530725,0.3767264783382416,1.8665399999999952
1740475869.022049,0.0,0.0
1740475870.0689156,0.3761885464191437,1.8628200000000013
1740475871.1511917,0.0,0.0
1740475872.2254274,0.3763275444507599,1.863780000000006
1740475873.297568,0.0,0.0
1740475874.419946,0.3768649995326996,1.8674999999999997
1740475875.5305824,0.0,0.0
1740475876.5767734,0.3761885464191437,1.8628200000000013
1740475877.6249464,0.0,0.0
1740475878.6778283,0.3761885464191437,1.8628200000000013
1740475879.7634442,0.0,0.0
1740475880.834414,0.3763188421726227,1.8637199999999936
1740475881.898659,0.0,0.0
1740475882.9666874,0.3763275444507599,1.863780000000006
1740475883.9751685,0.0,0.0
1740475884.9804971,0.3759188950061798,1.8609600000000044
1740475886.0054042,0.0,0.0
1740475887.0148423,0.3759188950061798,1.8609600000000044
1740475888.0271232,0.0,0.0
1740475889.0467324,0.3759188950061798,1.8609600000000044
1740475890.0603871,0.0,0.0
1740475891.1291583,0.3763188421726227,1.8637199999999936
1740475892.1854389,0.0,0.0
1740475893.2713645,0.37645772099494934,1.8646799999999983
1740475894.3067036,0.0,0.0
1740475895.4018621,0.376587837934494,1.8655799999999907
1740475896.5143123,0.0,0.0
1740475897.6241558,0.3767264783382416,1.8665399999999952
1740475898.7166772,0.0,0.0
1740475899.9078867,0.37740054726600647,1.8712199999999937
1740475901.0523062,0.0,0.0
1740475902.1699,0.3768649995326996,1.8674999999999997
1740475903.1813433,0.0,0.0
1740475904.2489126,0.3763188421726227,1.8637199999999936
1740475905.31751,0.0,0.0
1740475906.3771865,0.3763188421726227,1.8637199999999936
1740475907.437534,0.0,0.0
1740475908.4799833,0.3761885464191437,1.8628200000000013
1740475909.5507386,0.0,0.0
1740475910.6264198,0.37645772099494934,1.8646799999999983
1740475911.6678584,0.0,0.0
1740475912.841193,0.37727123498916626,1.8703200000000013
1740475913.919693,0.0,0.0
1740475915.0301032,0.3767264783382416,1.8665399999999952
1740475916.1123815,0.0,0.0
1740475917.1580627,0.37617990374565125,1.8627600000000164
1740475918.2338681,0.0,0.0
1740475919.359611,0.3768649995326996,1.8674999999999997
1740475920.4527023,0.0,0.0
1740475921.56156,0.376735121011734,1.8666000000000347
1740475922.6239157,0.0,0.0
1740475923.7164345,0.37659651041030884,1.8656400000000029
1740475924.7833657,0.0,0.0
1740475925.9046032,0.3768649995326996,1.8674999999999997
1740475926.952604,0.0,0.0
1740475928.0765605,0.3768649995326996,1.8674999999999997
1740475929.248485,0.0,0.0
1740475930.2854488,0.3760494589805603,1.8618599999999967
1740475931.4187489,0.0,0.0
1740475932.4245393,0.37577953934669495,1.8599999999999999
1740475933.460985,0.0,0.0
1740475934.5135868,0.3761885464191437,1.8628199999999742
1740475935.5290499,0.0,0.0
1740475936.5924275,0.3763275444507599,1.863780000000006
1740475937.7106528,0.0,0.0
1740475938.7586424,0.3761885464191437,1.8628199999999742
1740475939.79539,0.0,0.0
1740475940.8584435,0.3763275444507599,1.863780000000006
1740475941.875796,0.0,0.0
1740475942.9675288,0.37659651041030884,1.8656400000000029
1740475944.3204014,0.0,0.0
1740475945.4466157,0.3768649995326996,1.8674999999999997
1740475946.5348635,0.0,0.0
1740475947.6104395,0.3764663636684418,1.8647399999999832
1740475948.6388347,0.0,0.0
1740475949.665866,0.3760494589805603,1.8618599999999967
1740475950.698174,0.0,0.0
1740475951.702998,0.37577953934669495,1.8599999999999999
1740475952.7188993,0.0,0.0
1740475953.7274497,0.3759188950061798,1.860959999999977
1740475954.7402618,0.0,0.0
1740475955.762357,0.3760494589805603,1.8618599999999967
1740475956.7635999,0.0,0.0
1740475957.8222375,0.3763188421726227,1.8637199999999936
1740475958.8730102,0.0,0.0
1740475960.1969507,0.37861183285713196,1.879679999999971
1740475961.2082608,0.0,0.0
1740475962.2217038,0.3759188950061798,1.8609600000000317
1740475963.2570908,0.0,0.0
1740475964.3782508,0.3767264783382416,1.8665400000000225
1740475965.3829079,0.0,0.0
1740475966.3941739,0.37577953934669495,1.8599999999999999
1740475967.4863598,0.0,0.0
1740475968.5666368,0.37645772099494934,1.8646800000000257
1740475969.570855,0.0,0.0
1740475970.5831685,0.37577953934669495,1.8599999999999999
1740475971.6308887,0.0,0.0
1740475972.6420283,0.3759188950061798,1.860959999999977
1740475973.6445072,0.0,0.0
1740475974.716934,0.37645772099494934,1.8646800000000257
1740475975.7857323,0.0,0.0
1740475976.7962356,0.3759188950061798,1.860959999999977
1740475978.010369,0.0,0.0
1740475979.074452,0.3763188421726227,1.8637199999999936
1740475980.0779972,0.0,0.0
1740475981.082997,0.37577953934669495,1.8599999999999999
1740475982.136616,0.0,0.0
1740475983.1929264,0.3761885464191437,1.8628200000000286
1740475984.2170227,0.0,0.0
1740475985.2386405,0.3759188950061798,1.860959999999977
1740475986.243776,0.0,0.0
1740475987.3330905,0.37645772099494934,1.864679999999971
1740475988.383396,0.0,0.0
1740475989.4234192,0.3760494589805603,1.8618599999999967
1740475990.5239677,0.0,0.0
1740475991.5739403,0.3761885464191437,1.8628199999999742
1740475992.6585257,0.0,0.0
1740475993.6750622,0.3759188950061798,1.860959999999977
1740475994.7094862,0.0,0.0
1740475995.72127,0.3759188950061798,1.8609600000000317
1740475996.7797313,0.0,0.0
1740475997.7842934,0.37577953934669495,1.8599999999999999
1740475998.8629332,0.0,0.0
1740475999.9090548,0.37617990374565125,1.8627600000000164
1740476000.9163198,0.0,0.0
1740476001.9650784,0.3761885464191437,1.8628200000000286
1740476003.0085635,0.0,0.0
1740476004.0449312,0.3760494589805603,1.8618599999999967
1740476005.123886,0.0,0.0
1740476006.1250868,0.37577953934669495,1.8599999999999999
1740476007.141484,0.0,0.0
1740476008.1686783,0.3760494589805603,1.8618599999999967
1740476009.200123,0.0,0.0
1740476010.38878,0.3774092495441437,1.8712800000000058
1740476011.4751837,0.0,0.0
1740476012.5179749,0.3761885464191437,1.8628199999999742
1740476013.6003835,0.0,0.0
1740476014.6148927,0.3759188950061798,1.860959999999977
1740476015.6539314,0.0,0.0
1740476016.6641717,0.3759188950061798,1.860959999999977
1740476017.7379112,0.0,0.0
1740476018.7850904,0.37617990374565125,1.8627600000000164
1740476019.8426483,0.0,0.0
1740476020.9254992,0.37645772099494934,1.864679999999971
1740476021.9678767,0.0,0.0
1740476022.9704154,0.37577953934669495,1.8599999999999999
1740476024.058274,0.0,0.0
1740476025.0778422,0.3759101927280426,1.860899999999965
1740476026.1020992,0.0,0.0
1740476027.2526798,0.3769947290420532,1.8684000000000194
1740476028.3260179,0.0,0.0
1740476029.35329,0.37605810165405273,1.861920000000009
1740476030.3803902,0.0,0.0
1740476031.4147751,0.3761885464191437,1.8628199999999742
1740476032.4682658,0.0,0.0
1740476033.4786205,0.3759188950061798,1.860959999999977
1740476034.5582528,0.0,0.0
1740476035.5877137,0.3760494589805603,1.8618599999999967
1740476036.6362805,0.0,0.0
1740476037.6638665,0.3760494589805603,1.8618599999999967
1740476038.6680727,0.0,0.0
1740476039.751764,0.37645772099494934,1.8646800000000257
1740476040.7674844,0.0,0.0
1740476041.84209,0.37645772099494934,1.8646800000000257
1740476042.8735366,0.0,0.0
1740476043.9616365,0.37659651041030884,1.8656400000000029
1740476044.9991064,0.0,0.0
1740476046.1370974,0.37700340151786804,1.8684599999999771
1740476047.1852186,0.0,0.0
1740476048.231609,0.3761885464191437,1.8628199999999742
1740476049.2587729,0.0,0.0
1740476050.2931323,0.3760494589805603,1.8618599999999967
1740476051.390165,0.0,0.0
1740476052.4044056,0.3759101927280426,1.8609000000000195
1740476053.452031,0.0,0.0
1740476054.5066943,0.3761885464191437,1.8628200000000286
1740476055.5320845,0.0,0.0
1740476056.5546706,0.37605810165405273,1.861920000000009
1740476057.5900402,0.0,0.0
1740476058.6277125,0.3760494589805603,1.8618599999999967
1740476059.633681,0.0,0.0
1740476060.65487,0.3759101927280426,1.8609000000000195
1740476061.6884193,0.0,0.0
1740476062.7112055,0.3760494589805603,1.8618599999999967
1740476063.887806,0.0,0.0
1740476064.945301,0.3763188421726227,1.8637199999999936
1740476065.9894767,0.0,0.0
1740476067.0261362,0.37617990374565125,1.8627600000000164
1740476068.0874062,0.0,0.0
1740476069.1432915,0.3761885464191437,1.8628199999999742
1740476070.1834006,0.0,0.0
1740476071.2034974,0.3759101927280426,1.860899999999965
1740476072.2277603,0.0,0.0
1740476073.2497263,0.3759101927280426,1.8609000000000195
1740476074.3034165,0.0,0.0
1740476075.3405488,0.3761885464191437,1.8628200000000286
1740476076.405557,0.0,0.0
1740476077.4185138,0.3759188950061798,1.860959999999977
1740476078.459302,0.0,0.0
1740476079.4819224,0.37605810165405273,1.861920000000009
1740476080.5218642,0.0,0.0
1740476081.5331595,0.3759101927280426,1.8609000000000195
1740476082.5719843,0.0,0.0
1740476083.6056595,0.37605810165405273,1.861920000000009
1740476084.6800637,0.0,0.0
1740476085.7264302,0.3761885464191437,1.8628199999999742
1740476086.7879772,0.0,0.0
1740476087.8564293,0.3764663636684418,1.8647399999999832
1740476088.9006255,0.0,0.0
1740476089.9625704,0.3763275444507599,1.863780000000006
1740476090.9769254,0.0,0.0
1740476092.0377855,0.37617990374565125,1.8627600000000164
1740476093.1180675,0.0,0.0
1740476094.1626258,0.3760494589805603,1.8618599999999967
1740476095.1767223,0.0,0.0
1740476096.2075152,0.3760494589805603,1.8618599999999967
1740476097.2563071,0.0,0.0
1740476098.321749,0.37645772099494934,1.864679999999971
1740476099.323975,0.0,0.0
1740476100.3589678,0.37605810165405273,1.861920000000009
1740476101.3946042,0.0,0.0
1740476102.4161623,0.3760494589805603,1.8618599999999967
1740476103.4453833,0.0,0.0
1740476104.4737186,0.3759188950061798,1.8609600000000317
1740476105.5154257,0.0,0.0
1740476106.5487692,0.3760494589805603,1.8618599999999967
1740476107.5944972,0.0,0.0
1740476108.6170776,0.3760494589805603,1.8618599999999967
1740476109.6512496,0.0,0.0
