voltage,time,height
0.1,1.0227737426757812,0.03619999999999998
0.1,2.0304927825927734,0.0398
0.1,3.0318286418914795,0.03619999999999998
0.1,4.033153057098389,0.039599999999999996
0.1,5.0405473709106445,0.03619999999999998
0.1,6.050634860992432,0.043999999999999984
0.1,7.052267789840698,0.03619999999999998
0.1,8.056030988693237,0.043899999999999995
0.1,9.058409452438354,0.043999999999999984
0.1,10.06645941734314,0.037099999999999994
0.1,11.078560590744019,0.03619999999999998
0.1,12.08058786392212,0.04469999999999999
0.1,13.082695007324219,0.04469999999999999
0.1,14.097312211990356,0.03619999999999998
0.1,16.101423025131226,0.039599999999999996
0.1,17.111382722854614,0.039599999999999996
0.1,18.112082481384277,0.039599999999999996
0.1,19.1134774684906,0.0398
0.1,20.128679037094116,0.0398
0.1,21.144039154052734,0.039599999999999996
0.1,22.149116039276123,0.039599999999999996
0.1,23.171619176864624,0.039599999999999996
0.1,24.19251823425293,0.039599999999999996
0.1,25.213345527648926,0.039599999999999996
0.1,26.233874559402466,0.0398
0.1,27.251476764678955,0.043999999999999984
0.1,28.268325567245483,0.043999999999999984
0.1,29.288169145584106,0.043999999999999984
0.1,30.308206796646118,0.039599999999999996
0.1,31.32406973838806,0.0398
0.1,32.34074306488037,0.039599999999999996
0.1,33.34807467460632,0.03539999999999999
0.1,34.36837387084961,0.03539999999999999
0.1,36.38386034965515,0.0388
0.1,37.38969969749451,0.0388
0.1,38.41213917732239,0.0388
0.1,39.43298578262329,0.0388
0.1,40.45129156112671,0.0388
0.1,41.466121673583984,0.0388
0.1,42.48550200462341,0.0388
0.1,43.49976348876953,0.0388
0.1,44.515551805496216,0.0388
0.1,45.53176951408386,0.0388
0.1,46.55329990386963,0.0388
0.1,47.57145023345947,0.0388
0.1,48.58886933326721,0.04049999999999998
0.1,49.6052680015564,0.04049999999999998
0.1,50.62263751029968,0.04049999999999998
0.1,51.634867906570435,0.04049999999999998
3.54,52.65256071090698,0.04049999999999998
3.5,53.66913676261902,0.04049999999999998
3.5,54.682013511657715,0.0388
3.5,56.70260691642761,0.0388
3.5,57.718504905700684,0.03539999999999999
3.5,58.736407995224,0.03539999999999999
3.5,59.75225234031677,0.039599999999999996
3.5,60.75670623779297,0.039599999999999996
3.5,61.775678873062134,0.0398
3.5,62.79111647605896,0.039599999999999996
3.5,63.80767107009888,0.039599999999999996
3.5,64.8238799571991,0.0398
3.5,65.84260892868042,0.043999999999999984
3.5,66.86094331741333,0.043999999999999984
3.5,67.86323714256287,0.044899999999999995
3.5,68.86539387702942,0.04569999999999999
3.5,69.8876941204071,0.03789999999999999
3.5,70.9060070514679,0.04299999999999998
3.5,71.9255313873291,0.0398
3.5,72.9473249912262,0.039599999999999996
3.5,73.95758509635925,0.044899999999999995
3.5,74.9750587940216,0.044899999999999995
3.5,76.99017572402954,0.03619999999999998
3.5,78.00435256958008,0.0398
3.5,79.01838850975037,0.0398
3.5,80.02493143081665,0.0398
3.5,81.06619572639465,0.039599999999999996
3.5,82.07955884933472,0.039599999999999996
3.5,83.08826088905334,0.0398
3.5,84.09166407585144,0.039599999999999996
3.5,85.09432601928711,0.039599999999999996
3.5,86.09757781028748,0.0398
3.5,87.09965586662292,0.039599999999999996
3.5,88.10115003585815,0.0398
3.5,89.10252332687378,0.04829999999999998
3.5,90.1202757358551,0.04829999999999998
3.5,91.13361239433289,0.043999999999999984
3.5,92.1473035812378,0.043999999999999984
3.5,93.14908480644226,0.043999999999999984
3.5,94.15203833580017,0.043999999999999984
3.5,95.15364694595337,0.0398
3.5,97.16426229476929,0.039599999999999996
3.5,98.17036652565002,0.0398
3.5,99.18302488327026,0.039599999999999996
3.5,100.19468331336975,0.039599999999999996
3.5,101.2053530216217,0.039599999999999996
3.5,102.21893405914307,0.039599999999999996
3.5,103.23390626907349,0.039599999999999996
3.5,104.24901127815247,0.0398
3.5,105.26302647590637,0.039599999999999996
3.5,106.28478336334229,0.039599999999999996
3.5,107.30067300796509,0.0398
3.5,108.31758499145508,0.0398
3.5,109.32170414924622,0.039599999999999996
3.5,110.33881998062134,0.0388
3.5,111.35826921463013,0.039599999999999996
3.5,112.37729525566101,0.0388
3.5,113.39287662506104,0.0388
3.5,114.41352915763855,0.0388
3.5,116.43008613586426,0.0388
3.5,117.4535436630249,0.039599999999999996
3.5,118.47897243499756,0.039599999999999996
3.5,119.499915599823,0.039599999999999996
3.5,120.51634407043457,0.0398
3.5,121.53600001335144,0.039599999999999996
3.5,122.54893660545349,0.0388
3.5,123.56640625,0.0388
3.5,124.583411693573,0.0398
3.5,125.60473895072937,0.039599999999999996
3.5,126.62774062156677,0.0398
3.5,127.64952421188354,0.0388
3.5,128.6685380935669,0.03889999999999999
3.5,129.68577909469604,0.0388
3.5,130.69910788536072,0.0388
3.5,131.70849537849426,0.0388
3.5,132.73235249519348,0.0388
3.5,133.7458336353302,0.03889999999999999
3.5,134.76653480529785,0.03889999999999999
3.5,136.78688287734985,0.0388
3.5,137.78919529914856,0.0388
3.5,138.80963730812073,0.0388
3.5,139.83094596862793,0.0388
3.5,140.84774374961853,0.0388
3.5,141.8674967288971,0.03889999999999999
3.5,142.8737759590149,0.0398
3.5,143.8908245563507,0.0388
3.5,144.91294622421265,0.039599999999999996
3.5,145.92049360275269,0.0388
3.5,146.92279148101807,0.039599999999999996
3.5,147.93984580039978,0.0388
3.5,148.9454309940338,0.0388
3.5,149.9543604850769,0.0388
3.5,150.96786904335022,0.0388
3.5,151.9882824420929,0.0388
3.5,153.01053619384766,0.0388
3.5,154.0248203277588,0.0388
3.5,155.0428912639618,0.0388
3.5,157.0517454147339,0.0388
3.5,158.06488680839539,0.0388
3.5,159.08096981048584,0.0388
3.5,160.10013675689697,0.0388
3.5,161.11901569366455,0.0388
3.5,162.12593793869019,0.0388
3.5,163.13480734825134,0.03889999999999999
3.5,164.1388657093048,0.0388
3.5,165.14130997657776,0.0388
3.5,166.15391516685486,0.0388
3.5,167.1577696800232,0.03889999999999999
3.5,168.16044306755066,0.0388
3.5,169.16151595115662,0.0388
3.5,170.16379523277283,0.0388
3.5,171.16443014144897,0.0388
3.5,172.16505885124207,0.0388
3.5,173.16606092453003,0.0388
3.5,174.16903352737427,0.0388
3.5,175.1706657409668,0.0388
3.5,177.18231654167175,0.0388
3.5,178.19118881225586,0.0388
3.5,179.19355177879333,0.0388
3.5,180.19623517990112,0.0388
3.5,181.19840955734253,0.0388
3.5,182.2079906463623,0.03889999999999999
3.5,183.21002173423767,0.0388
3.5,184.2145972251892,0.0388
3.5,185.21701860427856,0.0388
3.5,186.21805787086487,0.0388
3.5,187.21950387954712,0.0388
3.5,188.22083973884583,0.0388
3.5,189.22227382659912,0.0388
3.5,190.22380256652832,0.0388
3.5,191.2266230583191,0.0388
3.5,192.2284345626831,0.0388
3.5,193.23049902915955,0.0388
3.5,194.231018781662,0.0388
7.5,195.24320077896118,0.0388
7.5,197.2529900074005,0.0388
7.5,198.26205110549927,0.0398
7.5,199.2663779258728,0.0398
7.5,200.27544713020325,0.039599999999999996
7.5,201.28988075256348,0.043999999999999984
7.5,202.3123972415924,0.043999999999999984
7.5,203.32631993293762,0.043999999999999984
7.5,204.34721446037292,0.043999999999999984
7.5,205.37321734428406,0.043999999999999984
7.5,206.3936333656311,0.043999999999999984
7.5,207.4097340106964,0.043999999999999984
7.5,208.42868995666504,0.044899999999999995
7.5,209.44238185882568,0.04569999999999999
7.5,210.45681476593018,0.04569999999999999
7.5,211.4776108264923,0.046599999999999975
7.5,212.49570202827454,0.0474
7.5,213.51712369918823,0.04829999999999998
7.5,214.53427910804749,0.05339999999999999
7.5,215.55756664276123,0.054400000000000004
7.5,217.5731120109558,0.050799999999999984
7.5,218.58691501617432,0.055099999999999996
7.5,219.60729241371155,0.050799999999999984
7.5,220.62371945381165,0.050799999999999984
7.5,221.6411828994751,0.050799999999999984
7.5,222.65833735466003,0.050799999999999984
7.5,223.67283177375793,0.04680000000000001
7.5,224.6750636100769,0.04680000000000001
7.5,225.69428420066833,0.046599999999999975
7.5,226.70983743667603,0.04680000000000001
7.5,227.7279679775238,0.051699999999999996
7.5,228.74326825141907,0.04829999999999998
7.5,229.75924062728882,0.05249999999999999
7.5,230.76196599006653,0.0576
7.5,231.77775692939758,0.05869999999999999
7.5,232.79690074920654,0.055099999999999996
7.5,233.8096568584442,0.055099999999999996
7.5,234.82755851745605,0.060399999999999995
7.5,235.84428930282593,0.0568
7.5,237.8611705303192,0.05339999999999999
7.5,238.87618589401245,0.06209999999999999
7.5,239.8919792175293,0.06209999999999999
7.5,240.90840101242065,0.06209999999999999
7.5,241.9369089603424,0.06209999999999999
7.5,242.95403003692627,0.06209999999999999
7.5,243.97023367881775,0.06209999999999999
7.5,244.9944818019867,0.06209999999999999
7.5,246.0104274749756,0.06209999999999999
7.5,247.0328643321991,0.06209999999999999
7.5,248.05073356628418,0.06209999999999999
7.5,249.06444764137268,0.0629
7.5,250.07617568969727,0.055099999999999996
7.5,251.09829711914062,0.059300000000000005
7.5,252.11495971679688,0.06459999999999999
7.5,253.12591290473938,0.0568
7.5,254.14085698127747,0.06549999999999999
7.5,255.17053747177124,0.0663
7.5,256.18517875671387,0.05869999999999999
7.5,258.1898205280304,0.0672
7.5,259.1940770149231,0.0629
7.5,260.2024576663971,0.0595
7.5,261.2042679786682,0.059300000000000005
7.5,262.20927906036377,0.059300000000000005
7.5,263.21269154548645,0.0638
7.5,264.2141411304474,0.0638
7.5,265.21625304222107,0.0638
7.5,266.2177641391754,0.0638
7.5,267.21917033195496,0.0638
7.5,268.24169301986694,0.06799999999999999
7.5,269.2436990737915,0.06459999999999999
7.5,270.2547080516815,0.06889999999999999
7.5,271.2563374042511,0.06549999999999999
7.5,272.2591106891632,0.06969999999999998
7.5,273.2605404853821,0.0663
7.5,274.2618827819824,0.0663
7.5,275.2632350921631,0.07139999999999999
7.5,277.27284574508667,0.0672
7.5,278.2861678600311,0.06799999999999999
7.5,279.29332518577576,0.06799999999999999
7.5,280.30345463752747,0.07239999999999999
7.5,281.31256103515625,0.07239999999999999
7.5,282.33235573768616,0.07239999999999999
7.5,283.34370136260986,0.07229999999999999
7.5,284.35717272758484,0.07239999999999999
7.5,285.3706431388855,0.07239999999999999
7.5,286.38762187957764,0.07229999999999999
7.5,287.40020060539246,0.07229999999999999
7.5,288.41666626930237,0.06799999999999999
7.5,289.43357610702515,0.07309999999999998
7.5,290.4526741504669,0.06889999999999999
7.5,291.4645073413849,0.07409999999999999
7.5,292.4741208553314,0.0663
7.5,293.49800753593445,0.07499999999999998
7.5,294.5221655368805,0.0706
7.5,295.53791522979736,0.07579999999999998
7.5,297.55721735954285,0.07159999999999998
7.5,298.57377767562866,0.07239999999999999
7.5,299.59051036834717,0.07239999999999999
7.5,300.60281467437744,0.07669999999999999
7.5,301.6192469596863,0.07669999999999999
7.5,302.63540959358215,0.07669999999999999
7.5,303.65402340888977,0.07669999999999999
7.5,304.6701898574829,0.07669999999999999
7.5,305.67263746261597,0.07669999999999999
7.5,306.694548368454,0.07669999999999999
7.5,307.6955850124359,0.07669999999999999
7.5,308.7160966396332,0.07239999999999999
7.5,309.7370846271515,0.07749999999999999
7.5,310.7596797943115,0.07309999999999998
7.5,311.7778437137604,0.07839999999999998
7.5,312.7979254722595,0.07839999999999998
7.5,313.82356452941895,0.07919999999999998
7.5,314.84398770332336,0.07919999999999998
7.5,315.866201877594,0.07579999999999998
7.5,317.88529443740845,0.0801
7.5,318.89535117149353,0.07579999999999998
7.5,319.91234612464905,0.07579999999999998
7.5,320.93647146224976,0.07579999999999998
7.5,321.94019055366516,0.07579999999999998
7.5,322.95931577682495,0.07579999999999998
7.5,323.97665524482727,0.07579999999999998
7.5,324.99092292785645,0.07579999999999998
7.5,326.00680589675903,0.07669999999999999
7.5,327.02856063842773,0.07669999999999999
7.5,328.0473098754883,0.07669999999999999
7.5,329.0518341064453,0.08089999999999999
7.5,330.06845355033875,0.07669999999999999
7.5,331.0849611759186,0.0818
7.5,332.1010618209839,0.07749999999999999
7.5,333.12298917770386,0.07839999999999998
7.5,334.140319108963,0.0826
7.5,335.1456732749939,0.07919999999999998
7.5,336.16277980804443,0.0835
7.5,338.2067439556122,0.07919999999999998
7.5,339.21116757392883,0.0801
7.5,340.2146780490875,0.0801
7.5,341.2238211631775,0.0801
7.5,342.23048877716064,0.0801
7.5,343.23363494873047,0.0801
7.5,344.236200094223,0.0801
7.5,345.23748421669006,0.0801
7.5,346.23992395401,0.0801
7.5,347.2415223121643,0.0801
7.5,348.2434389591217,0.0801
7.5,349.24487376213074,0.0801
7.5,350.24751496315,0.08089999999999999
7.5,351.24838042259216,0.08089999999999999
7.5,352.2497675418854,0.08089999999999999
7.5,353.28081822395325,0.0818
7.5,354.285751581192,0.0835
7.5,355.297176361084,0.0818
7.5,356.2989184856415,0.08689999999999999
7.5,358.30087518692017,0.08689999999999999
7.5,359.3068046569824,0.0826
7.5,360.30836486816406,0.0826
7.5,361.30940318107605,0.0826
7.5,362.3115088939667,0.0826
7.5,363.31229400634766,0.0826
7.5,364.3184103965759,0.0826
7.5,365.3290069103241,0.0826
7.5,366.3367509841919,0.0826
7.5,367.34647393226624,0.0826
7.5,368.36582827568054,0.0835
7.5,369.3819754123688,0.08789999999999999
7.5,370.3924605846405,0.0835
7.5,371.40805864334106,0.0886
7.5,372.4240400791168,0.0887
7.5,373.43850207328796,0.08089999999999999
7.5,374.45797300338745,0.0896
7.5,375.47452759742737,0.0896
7.5,377.49011635780334,0.0835
7.5,378.50093483924866,0.0818
7.5,379.5215587615967,0.0835
7.5,380.53635263442993,0.0818
7.5,381.55319023132324,0.09029999999999999
7.5,382.5681965351105,0.0904
7.5,383.5884964466095,0.0904
7.5,384.59530663490295,0.09029999999999999
7.5,385.61381125450134,0.0904
7.5,386.635466337204,0.09029999999999999
7.5,387.6569240093231,0.0904
7.5,388.6724398136139,0.0904
7.5,389.688095331192,0.08689999999999999
7.5,390.701628446579,0.09129999999999999
7.5,391.71943402290344,0.09559999999999999
7.5,392.7331004142761,0.087
7.5,393.75141739845276,0.09209999999999999
7.5,394.7663447856903,0.09209999999999999
7.5,395.7737226486206,0.08789999999999999
7.5,397.788996219635,0.09299999999999999
7.5,398.7934582233429,0.09299999999999999
7.5,399.8105628490448,0.09299999999999999
7.5,400.8271255493164,0.09299999999999999
7.5,401.85168981552124,0.09299999999999999
7.5,402.86986804008484,0.09299999999999999
7.5,403.8879246711731,0.09299999999999999
7.5,404.90532875061035,0.09299999999999999
7.5,405.9218122959137,0.09299999999999999
7.5,406.94077372550964,0.09299999999999999
7.5,407.96338629722595,0.09299999999999999
7.5,408.9850375652313,0.0886
7.5,410.00190806388855,0.0894
7.5,411.019127368927,0.09389999999999998
7.5,412.0408515930176,0.09389999999999998
7.5,413.06259870529175,0.09029999999999999
7.5,414.08095812797546,0.09469999999999999
7.5,415.0966579914093,0.09889999999999999
7.5,416.09913516044617,0.0911
7.5,418.1255440711975,0.09559999999999999
7.5,419.13350653648376,0.09559999999999999
7.5,420.14953899383545,0.09559999999999999
7.5,421.16619658470154,0.09559999999999999
7.5,422.1758031845093,0.09559999999999999
7.5,423.1917266845703,0.09559999999999999
7.5,424.23323154449463,0.09559999999999999
7.5,425.24509930610657,0.09559999999999999
7.5,426.2459166049957,0.09559999999999999
7.5,427.24774837493896,0.09979999999999999
7.5,428.2611346244812,0.09979999999999999
7.5,429.2646653652191,0.09559999999999999
7.5,430.2696578502655,0.09639999999999999
7.5,431.2707965373993,0.09639999999999999
7.5,432.27180910110474,0.1006
7.5,433.27384638786316,0.09299999999999999
7.5,434.2746829986572,0.09729999999999998
7.5,435.27563428878784,0.09729999999999998
7.5,436.2825815677643,0.09299999999999999
7.5,438.2921767234802,0.09389999999999998
7.5,439.3105528354645,0.09809999999999999
7.5,440.3226463794708,0.09809999999999999
7.5,441.3340423107147,0.09809999999999999
7.5,442.33492398262024,0.09809999999999999
7.5,443.33788442611694,0.09809999999999999
7.5,444.34928011894226,0.09809999999999999
7.5,445.3525381088257,0.09809999999999999
7.5,446.356082201004,0.09809999999999999
7.5,447.3575267791748,0.09809999999999999
7.5,448.36231660842896,0.09809999999999999
7.5,449.3640010356903,0.09809999999999999
7.5,450.4071202278137,0.09469999999999999
7.5,451.42271304130554,0.09889999999999999
7.5,452.4386067390442,0.09889999999999999
7.5,453.4564645290375,0.09889999999999999
7.5,454.4767391681671,0.09559999999999999
7.5,455.4979100227356,0.09979999999999999
7.5,456.5148022174835,0.09979999999999999
7.5,458.53049635887146,0.10419999999999999
7.5,459.54487347602844,0.09979999999999999
7.5,460.56237149238586,0.09979999999999999
7.5,461.5811564922333,0.09979999999999999
7.5,462.5961105823517,0.09979999999999999
7.5,463.6129925251007,0.09979999999999999
7.5,464.61543917655945,0.09979999999999999
7.5,465.631863117218,0.09979999999999999
7.5,466.6339693069458,0.09639999999999999
7.5,467.65204763412476,0.09639999999999999
7.5,468.6695513725281,0.09639999999999999
7.5,469.6866636276245,0.1006
7.5,470.70279598236084,0.1006
7.5,471.7196726799011,0.1049
7.5,472.7353775501251,0.09729999999999998
7.5,473.751268863678,0.10149999999999999
7.5,474.77336955070496,0.10149999999999999
7.5,475.79302167892456,0.1059
7.5,476.8102912902832,0.09809999999999999
7.5,478.82592391967773,0.10229999999999999
7.5,479.8306231498718,0.10229999999999999
7.5,480.85372018814087,0.10229999999999999
7.5,481.8797445297241,0.10229999999999999
7.5,482.9011650085449,0.10229999999999999
7.5,483.92313528060913,0.10229999999999999
7.5,484.9385447502136,0.10229999999999999
7.5,485.9545724391937,0.10229999999999999
7.5,486.9708802700043,0.10229999999999999
7.5,487.9848711490631,0.10229999999999999
7.5,488.9994013309479,0.10229999999999999
7.5,490.01739025115967,0.10679999999999999
7.5,491.0349771976471,0.10229999999999999
7.5,492.0429594516754,0.09889999999999999
7.5,493.06137108802795,0.10319999999999999
7.5,494.0805923938751,0.10759999999999999
7.5,495.0947992801666,0.10319999999999999
7.5,496.1176233291626,0.09979999999999999
7.5,497.1336166858673,0.10419999999999999
7.5,499.1530432701111,0.10849999999999999
7.5,500.16234517097473,0.10849999999999999
7.5,501.17898964881897,0.10849999999999999
7.5,502.20397210121155,0.10849999999999999
7.5,503.20759558677673,0.10849999999999999
7.5,504.2248795032501,0.10849999999999999
7.5,505.26436018943787,0.10849999999999999
7.5,506.27660727500916,0.10849999999999999
7.5,507.2790069580078,0.10849999999999999
7.5,508.28116822242737,0.10849999999999999
7.5,509.2934184074402,0.10849999999999999
7.5,510.2953362464905,0.10419999999999999
7.5,511.29732871055603,0.1049
7.5,512.2995126247406,0.1049
7.5,513.3006339073181,0.1093
7.5,514.3024661540985,0.1049
7.5,515.3036942481995,0.10149999999999999
7.5,516.3080079555511,0.1059
7.5,517.3095366954803,0.1059
7.5,519.3100616931915,0.11019999999999999
7.5,520.3236057758331,0.11019999999999999
7.5,521.3378319740295,0.11019999999999999
7.5,522.3551654815674,0.1059
7.5,523.3987791538239,0.1059
7.5,524.4008755683899,0.1059
7.5,525.4021668434143,0.1059
7.5,526.4063966274261,0.1059
7.5,527.4195466041565,0.1059
7.5,528.4233956336975,0.1059
7.5,529.4254987239838,0.1059
7.5,530.4275023937225,0.10229999999999999
7.5,531.4286086559296,0.10679999999999999
7.5,532.4308853149414,0.10679999999999999
7.5,533.4318296909332,0.11099999999999999
7.5,534.4337985515594,0.10679999999999999
7.5,535.4477818012238,0.10319999999999999
7.5,536.4584927558899,0.10759999999999999
7.5,537.4714484214783,0.10759999999999999
7.5,539.4843597412109,0.11189999999999999
7.5,540.493058681488,0.11189999999999999
7.5,541.508549451828,0.11189999999999999
7.5,542.5292501449585,0.10759999999999999
7.5,543.545684337616,0.10759999999999999
7.5,544.5565357208252,0.10759999999999999
7.5,545.5716226100922,0.10759999999999999
7.5,546.577094078064,0.10759999999999999
7.5,547.5860192775726,0.10759999999999999
7.5,548.5932965278625,0.10759999999999999
7.5,549.6093192100525,0.10759999999999999
7.5,550.6316385269165,0.10759999999999999
7.5,551.6373121738434,0.10849999999999999
7.5,552.6652665138245,0.10849999999999999
7.5,553.6702008247375,0.1127
7.5,554.687618970871,0.1127
7.5,555.7033808231354,0.10849999999999999
7.5,556.7199795246124,0.1093
7.5,557.7338931560516,0.1093
7.5,559.751763343811,0.11359999999999999
7.5,560.7710084915161,0.11359999999999999
7.5,561.7854740619659,0.11359999999999999
7.5,562.7914016246796,0.11359999999999999
7.5,563.8161690235138,0.11359999999999999
7.5,564.8306891918182,0.11359999999999999
7.5,565.846822977066,0.11359999999999999
7.5,566.8638167381287,0.11359999999999999
7.5,567.8809854984283,0.11359999999999999
7.5,568.8882081508636,0.11359999999999999
7.5,569.910938501358,0.11359999999999999
7.5,570.9254274368286,0.1093
7.5,571.9487326145172,0.1093
7.5,572.966602563858,0.11019999999999999
7.5,573.9832394123077,0.11019999999999999
7.5,574.9994211196899,0.11439999999999999
7.5,576.0127921104431,0.11439999999999999
7.5,577.0331356525421,0.11019999999999999
7.5,578.0497679710388,0.1066
7.5,580.0666933059692,0.11099999999999999
7.5,581.0703580379486,0.11099999999999999
7.5,582.0885243415833,0.11099999999999999
7.5,583.1035676002502,0.11099999999999999
7.5,584.1207246780396,0.11099999999999999
7.5,585.1363143920898,0.11099999999999999
7.5,586.1552441120148,0.11099999999999999
7.5,587.1709952354431,0.11099999999999999
7.5,588.1766283512115,0.11099999999999999
7.5,589.1966795921326,0.11099999999999999
7.5,590.2201042175293,0.11099999999999999
7.5,591.2373263835907,0.1153
7.5,592.2549886703491,0.11099999999999999
7.5,593.273677110672,0.11099999999999999
7.5,594.2907302379608,0.10759999999999999
7.5,595.3195016384125,0.11189999999999999
7.5,596.3300845623016,0.11189999999999999
7.5,597.3418998718262,0.11609999999999998
7.5,598.3725283145905,0.11609999999999998
7.5,600.3736989498138,0.11189999999999999
7.5,601.3814313411713,0.11189999999999999
7.5,602.3915457725525,0.11189999999999999
7.5,603.4065992832184,0.11189999999999999
7.5,604.4426774978638,0.11189999999999999
7.5,605.4469654560089,0.11189999999999999
7.5,606.4497277736664,0.11189999999999999
7.5,607.4890029430389,0.11189999999999999
7.5,608.4909381866455,0.11189999999999999
7.5,609.5035591125488,0.11189999999999999
7.5,610.5148870944977,0.11189999999999999
7.5,611.5223097801208,0.1127
7.5,612.5361404418945,0.1127
7.5,613.5446352958679,0.11699999999999999
7.5,614.5605323314667,0.11699999999999999
7.5,615.5729978084564,0.1127
7.5,616.5946202278137,0.1127
7.5,617.6108713150024,0.11359999999999999
7.5,618.6195659637451,0.11359999999999999
7.5,620.6364936828613,0.11779999999999999
7.5,621.6544940471649,0.11779999999999999
7.5,622.6754586696625,0.11779999999999999
7.5,623.6851971149445,0.11779999999999999
7.5,624.7084195613861,0.11779999999999999
7.5,625.7250616550446,0.11779999999999999
7.5,626.7425038814545,0.11779999999999999
7.5,627.7588243484497,0.11779999999999999
7.5,628.7745180130005,0.11779999999999999
7.5,629.7913453578949,0.11779999999999999
7.5,630.8146209716797,0.11779999999999999
7.5,631.8374819755554,0.11779999999999999
7.5,632.8402662277222,0.11359999999999999
7.5,633.8564655780792,0.11359999999999999
7.5,634.8738708496094,0.11439999999999999
7.5,635.8940539360046,0.11439999999999999
7.5,636.9160187244415,0.11439999999999999
7.5,637.9295289516449,0.1187
7.5,638.9465384483337,0.1187
7.5,640.9695663452148,0.11439999999999999
7.5,641.9915344715118,0.11439999999999999
7.5,643.0087277889252,0.11439999999999999
7.5,644.0268173217773,0.11439999999999999
7.5,645.0434730052948,0.11439999999999999
7.5,646.0563941001892,0.11439999999999999
7.5,647.0629079341888,0.11439999999999999
7.5,648.0861201286316,0.11439999999999999
7.5,649.1055860519409,0.11439999999999999
7.5,650.1109640598297,0.11439999999999999
7.5,651.1317956447601,0.11439999999999999
7.5,652.1341717243195,0.1153
7.5,653.1521129608154,0.1153
7.5,654.1729960441589,0.1195
7.5,655.1913301944733,0.1197
7.5,656.2098727226257,0.1195
7.5,657.2260963916779,0.1153
7.5,658.2424561977386,0.1153
7.5,659.2666554450989,0.11609999999999998
7.5,661.2819287776947,0.11609999999999998
7.5,662.2967486381531,0.11609999999999998
7.5,663.3129229545593,0.11609999999999998
7.5,664.3212568759918,0.11609999999999998
7.5,665.3598320484161,0.11609999999999998
7.5,666.3845717906952,0.11609999999999998
7.5,667.3859574794769,0.11609999999999998
7.5,668.3885827064514,0.11609999999999998
7.5,669.3930110931396,0.11609999999999998
7.5,670.3952751159668,0.11609999999999998
7.5,671.3971009254456,0.11609999999999998
7.5,672.3981084823608,0.1204
7.5,673.3989822864532,0.1204
7.5,674.4000337123871,0.11609999999999998
7.5,675.4012908935547,0.11609999999999998
7.5,676.4045958518982,0.11609999999999998
7.5,677.4163949489594,0.11699999999999999
7.5,678.425856590271,0.11699999999999999
7.5,679.4356434345245,0.1212
7.5,681.4465878009796,0.12139999999999998
7.5,682.4608297348022,0.1212
7.5,683.4952600002289,0.1212
7.5,684.509355545044,0.1212
7.5,685.510849237442,0.1212
7.5,686.5119364261627,0.1212
7.5,687.5143435001373,0.12139999999999998
7.5,688.5259809494019,0.1212
7.5,689.5282859802246,0.1212
7.5,690.5351665019989,0.1212
7.5,691.5380635261536,0.1212
7.5,692.5387995243073,0.11699999999999999
7.5,693.539932012558,0.11699999999999999
7.5,694.5414412021637,0.11699999999999999
7.5,695.5423221588135,0.11779999999999999
7.5,696.554779291153,0.11779999999999999
7.5,697.5595228672028,0.12209999999999999
7.5,698.5705320835114,0.12219999999999999
7.5,699.5717556476593,0.12209999999999999
7.5,701.5860137939453,0.11779999999999999
7.5,702.5997271537781,0.11779999999999999
7.5,703.6244871616364,0.11779999999999999
7.5,704.6379551887512,0.11779999999999999
7.5,705.6445214748383,0.11779999999999999
7.5,706.663290977478,0.11779999999999999
7.5,707.6725823879242,0.11779999999999999
7.5,708.6899189949036,0.11779999999999999
7.5,709.7074482440948,0.11779999999999999
7.5,710.7255411148071,0.11779999999999999
7.5,711.7408826351166,0.11779999999999999
7.5,712.7473738193512,0.11779999999999999
7.5,713.7678544521332,0.1187
7.5,714.7852437496185,0.1187
7.5,715.7978188991547,0.1187
7.5,716.814032793045,0.12309999999999999
7.5,717.8279433250427,0.12309999999999999
7.5,718.8508610725403,0.12309999999999999
7.5,719.8669521808624,0.1187
7.5,721.8838295936584,0.1187
7.5,722.8993842601776,0.1187
7.5,723.9171717166901,0.1187
7.5,724.934871673584,0.1187
7.5,725.9517180919647,0.1187
7.5,726.9734213352203,0.1187
7.5,727.9899153709412,0.1187
7.5,728.9996774196625,0.1187
7.5,730.0229635238647,0.1187
7.5,731.0367028713226,0.1187
7.5,732.0527334213257,0.1187
7.5,733.0698530673981,0.1195
7.5,734.0903220176697,0.1195
7.5,735.1060919761658,0.1197
7.5,736.1260507106781,0.12389999999999998
7.5,737.1430246829987,0.12389999999999998
7.5,738.16042304039,0.12389999999999998
7.5,739.1768245697021,0.1197
7.5,740.193526506424,0.1195
7.5,742.2136323451996,0.1197
7.5,743.225189447403,0.1205
7.5,744.2413589954376,0.1204
7.5,745.2562482357025,0.1204
7.5,746.2787005901337,0.1204
7.5,747.2916555404663,0.1205
7.5,748.310827255249,0.1204
7.5,749.3277561664581,0.1204
7.5,750.3493096828461,0.1205
7.5,751.3585526943207,0.1204
7.5,752.3665473461151,0.1205
7.5,753.3840401172638,0.1204
7.5,754.4121251106262,0.1204
7.5,755.425121307373,0.1248
7.5,756.4321925640106,0.1248
7.5,757.4405920505524,0.1248
7.5,758.443014383316,0.1204
7.5,759.4478332996368,0.1204
7.5,760.4487917423248,0.1204
7.5,762.4509494304657,0.1212
7.5,763.4520220756531,0.1212
7.5,764.4528005123138,0.1212
7.5,765.4543917179108,0.1212
7.5,766.4566171169281,0.1212
7.5,767.4582555294037,0.1212
7.5,768.4590418338776,0.1212
7.5,769.4686074256897,0.1212
7.5,770.4834420681,0.1212
7.5,771.492838382721,0.1212
7.5,772.4940221309662,0.1212
7.5,773.5127503871918,0.1256
7.5,774.5195786952972,0.1256
7.5,775.5522699356079,0.1256
7.5,776.5582404136658,0.1256
7.5,777.5676794052124,0.1212
7.5,778.5740265846252,0.1212
7.5,780.5885875225067,0.1212
7.5,781.5919802188873,0.1212
7.5,782.5945863723755,0.1212
7.5,783.5954611301422,0.1212
7.5,784.5986785888672,0.1212
7.5,785.6002395153046,0.1212
7.5,786.6029267311096,0.1212
7.5,787.6047894954681,0.1212
7.5,788.6053726673126,0.12219999999999999
7.5,789.6145648956299,0.12219999999999999
7.5,790.6255836486816,0.12219999999999999
7.5,791.6334180831909,0.12219999999999999
7.5,792.6569013595581,0.12219999999999999
7.5,793.6737151145935,0.12209999999999999
7.5,794.6958839893341,0.1265
7.5,795.7117238044739,0.1265
7.5,796.7266435623169,0.1265
7.5,797.7372102737427,0.12219999999999999
7.5,798.7527425289154,0.12219999999999999
7.5,800.7639753818512,0.12219999999999999
7.5,801.7816293239594,0.12219999999999999
7.5,802.8031167984009,0.12219999999999999
7.5,803.8164818286896,0.12219999999999999
7.5,804.8327658176422,0.12209999999999999
7.5,805.8535060882568,0.12209999999999999
7.5,806.8716809749603,0.12219999999999999
7.5,807.8871130943298,0.12219999999999999
7.5,808.8989691734314,0.12219999999999999
7.5,809.9088768959045,0.12219999999999999
7.5,810.9251067638397,0.12219999999999999
7.5,811.9415919780731,0.1229
7.5,812.9595384597778,0.12309999999999999
7.5,813.9746551513672,0.12309999999999999
7.5,814.9970281124115,0.12309999999999999
7.5,816.0108966827393,0.12309999999999999
7.5,817.031138420105,0.12309999999999999
7.5,818.0469906330109,0.1229
7.5,819.052478313446,0.1229
7.5,821.0725543498993,0.1229
7.5,822.084682226181,0.12309999999999999
7.5,823.1004197597504,0.1229
7.5,824.1174101829529,0.1229
7.5,825.1330707073212,0.12309999999999999
7.5,826.1534929275513,0.1229
7.5,827.1699476242065,0.1229
7.5,828.1864874362946,0.12309999999999999
7.5,829.1999580860138,0.1229
7.5,830.2170398235321,0.12309999999999999
7.5,831.2333343029022,0.1229
7.5,832.2473363876343,0.12309999999999999
7.5,833.2638697624207,0.12389999999999998
7.5,834.2801156044006,0.12389999999999998
7.5,835.2966618537903,0.12389999999999998
7.5,836.3135170936584,0.12389999999999998
7.5,837.3322987556458,0.12389999999999998
7.5,838.3490860462189,0.12389999999999998
7.5,839.3684377670288,0.12389999999999998
7.5,841.3862690925598,0.12389999999999998
7.5,842.3946990966797,0.12389999999999998
7.5,843.4114172458649,0.12389999999999998
7.5,844.4429442882538,0.12389999999999998
7.5,845.4588842391968,0.12389999999999998
7.5,846.4617373943329,0.12389999999999998
7.5,847.4639399051666,0.12389999999999998
7.5,848.4720203876495,0.12389999999999998
7.5,849.4758603572845,0.12389999999999998
7.5,850.4803805351257,0.12389999999999998
7.5,851.4830095767975,0.12389999999999998
7.5,852.4838552474976,0.12389999999999998
7.5,853.4844670295715,0.12389999999999998
7.5,854.4851565361023,0.1248
7.5,855.4858822822571,0.1248
7.5,856.4865674972534,0.1248
7.5,857.4879732131958,0.1248
7.5,858.4890396595001,0.1248
7.5,859.4904115200043,0.1248
7.5,861.4910366535187,0.1248
7.5,862.4997501373291,0.1248
7.5,863.5065250396729,0.1248
7.5,864.5184609889984,0.1248
7.5,865.5191032886505,0.1248
7.5,866.5324521064758,0.1248
7.5,867.5461981296539,0.1248
7.5,868.5884802341461,0.1248
7.5,869.5937843322754,0.1248
7.5,870.6040813922882,0.1248
7.5,871.6098864078522,0.1248
7.5,872.6117362976074,0.1248
7.5,873.612734079361,0.1248
7.5,874.613883972168,0.1248
7.5,875.6155300140381,0.1248
7.5,876.6163852214813,0.1256
7.5,877.61696600914,0.1256
7.5,878.6183681488037,0.1256
7.5,880.6205997467041,0.1256
7.5,881.6285512447357,0.1256
7.5,882.6356794834137,0.1299
7.5,883.6477510929108,0.1299
7.5,884.659660577774,0.1299
7.5,885.6697053909302,0.1299
7.5,886.6845364570618,0.1299
7.5,887.6979849338531,0.1299
7.5,888.716331243515,0.1299
7.5,889.733466386795,0.1299
7.5,890.7519886493683,0.1299
7.5,891.7661232948303,0.1299
7.5,892.7969787120819,0.1299
7.5,893.8127281665802,0.1299
7.5,894.8301937580109,0.1299
7.5,895.8524055480957,0.1256
7.5,896.862850189209,0.1256
7.5,897.8803350925446,0.1256
7.5,899.8974311351776,0.1256
7.5,900.9069514274597,0.1265
7.5,901.9288828372955,0.1265
7.5,902.9468047618866,0.1265
7.5,903.967606306076,0.1265
7.5,904.9842104911804,0.1265
7.5,906.0056395530701,0.1265
7.5,907.0197112560272,0.1265
7.5,908.0367448329926,0.1265
7.5,909.0519528388977,0.1265
7.5,910.0628936290741,0.1265
7.5,911.0790264606476,0.1265
7.5,912.0988373756409,0.1265
7.5,913.1144738197327,0.1265
7.5,914.1312532424927,0.13069999999999998
7.5,915.1364276409149,0.13069999999999998
7.5,916.1559176445007,0.13069999999999998
7.5,917.159277677536,0.13069999999999998
7.5,918.1789088249207,0.13069999999999998
7.5,920.1959309577942,0.13069999999999998
7.5,921.2130658626556,0.1265
7.5,922.2296707630157,0.1265
7.5,923.2449638843536,0.1265
7.5,924.2572882175446,0.1265
7.5,925.2711596488953,0.1265
7.5,926.2888023853302,0.1265
7.5,927.3101754188538,0.1265
7.5,928.325968503952,0.1265
7.5,929.3367195129395,0.1265
7.5,930.3635928630829,0.1265
7.5,931.3781399726868,0.1265
7.5,932.394784450531,0.1265
7.5,933.4134840965271,0.1265
7.5,934.4344630241394,0.1265
7.5,935.4653487205505,0.1265
7.5,936.4804739952087,0.1229
7.5,937.4833579063416,0.1229
7.5,938.4975533485413,0.1316
7.5,940.4986691474915,0.1316
7.5,941.5132257938385,0.1316
7.5,942.5251612663269,0.1316
7.5,943.5322449207306,0.1316
7.5,944.5420219898224,0.1316
7.5,945.5527949333191,0.1316
7.5,946.5658094882965,0.1316
7.5,947.5820071697235,0.1316
7.5,948.6246378421783,0.1316
7.5,949.6275634765625,0.1316
7.5,950.6289732456207,0.1316
7.5,951.64435338974,0.1316
7.5,952.6512744426727,0.1316
7.5,953.6532196998596,0.1316
7.5,954.654355764389,0.1316
7.5,955.6554064750671,0.1229
7.5,956.6574988365173,0.12389999999999998
7.5,957.6595075130463,0.12389999999999998
7.5,958.6602847576141,0.12389999999999998
7.5,960.6610012054443,0.12389999999999998
7.5,961.671345949173,0.12389999999999998
7.5,962.6799595355988,0.12389999999999998
7.5,963.6887350082397,0.12389999999999998
7.5,964.7014203071594,0.12389999999999998
7.5,965.7172224521637,0.12389999999999998
7.5,966.7341089248657,0.12389999999999998
7.5,967.7502715587616,0.12389999999999998
7.5,968.7669734954834,0.12389999999999998
7.5,969.7837550640106,0.12389999999999998
7.5,970.8025908470154,0.12389999999999998
7.5,971.818032503128,0.12389999999999998
7.5,972.8341956138611,0.12389999999999998
7.5,973.8533201217651,0.12389999999999998
7.5,974.8560857772827,0.1324
7.5,975.8727202415466,0.1324
7.5,976.8889417648315,0.1324
7.5,977.9054260253906,0.1324
7.5,979.9274826049805,0.1324
7.5,980.9432742595673,0.1324
7.5,981.9665639400482,0.1324
7.5,982.9837403297424,0.1324
7.5,984.0013155937195,0.1324
7.5,985.0179536342621,0.1324
7.5,986.0341107845306,0.1324
7.5,987.0478904247284,0.1324
7.5,988.0622396469116,0.1324
7.5,989.0749609470367,0.1324
7.5,990.0909342765808,0.1324
7.5,991.1002464294434,0.1324
7.5,992.1193034648895,0.12389999999999998
7.5,993.1268317699432,0.12389999999999998
7.5,994.142920255661,0.12389999999999998
7.5,995.158002614975,0.1248
7.5,996.1737859249115,0.1248
7.5,997.1891543865204,0.1248
7.5,998.2042994499207,0.1248
7.5,1000.2239830493927,0.1248
7.5,1001.2406430244446,0.1248
7.5,1002.2453691959381,0.1248
7.5,1003.2634327411652,0.1248
7.5,1004.2793817520142,0.1248
7.5,1005.2896783351898,0.1248
7.5,1006.3099298477173,0.1248
7.5,1007.3262128829956,0.1248
7.5,1008.3427588939667,0.1248
7.5,1009.3592338562012,0.1248
7.5,1010.3766396045685,0.1248
7.5,1011.394748210907,0.1248
7.5,1012.4109809398651,0.1248
7.5,1013.4278872013092,0.1248
7.5,1014.4495565891266,0.1248
7.5,1015.4661929607391,0.1333
7.5,1016.505446434021,0.1333
7.5,1017.5210976600647,0.1333
7.5,1018.5268681049347,0.1333
7.5,1020.5383656024933,0.1333
7.5,1021.5401120185852,0.1333
7.5,1022.5433659553528,0.1333
7.5,1023.5451264381409,0.1333
7.5,1024.5459156036377,0.1333
7.5,1025.546406507492,0.1333
7.5,1026.5484805107117,0.1333
7.5,1027.5495319366455,0.1333
7.5,1028.551104068756,0.1333
7.5,1029.5517749786377,0.1333
7.5,1030.5534987449646,0.1333
7.5,1031.5547411441803,0.1333
7.5,1032.5650279521942,0.1333
7.5,1033.5760366916656,0.1248
7.5,1034.5833067893982,0.1248
7.5,1035.5860342979431,0.1256
7.5,1036.5927584171295,0.1256
7.5,1037.6107430458069,0.1256
7.5,1038.6265456676483,0.1256
7.5,1040.6609568595886,0.1256
7.5,1041.6728565692902,0.1299
7.5,1042.6744229793549,0.1299
7.5,1043.6754446029663,0.1299
7.5,1044.677496433258,0.1299
7.5,1045.689295053482,0.1299
7.5,1046.6930770874023,0.1299
7.5,1047.694284439087,0.1299
7.5,1048.696475982666,0.1299
7.5,1049.6969647407532,0.1299
7.5,1050.6995842456818,0.1299
7.5,1051.719729423523,0.1299
7.5,1052.7206377983093,0.1299
7.5,1053.7278063297272,0.1299
7.5,1054.7399847507477,0.1299
7.5,1055.7522752285004,0.1299
7.5,1056.7683663368225,0.1299
7.5,1057.782296180725,0.1341
7.5,1058.797681570053,0.1341
7.5,1060.811781167984,0.1341
7.5,1061.8297572135925,0.1341
7.5,1062.8475425243378,0.1341
7.5,1063.860867023468,0.1341
7.5,1064.8765783309937,0.1341
7.5,1065.8992490768433,0.1341
7.5,1066.9128801822662,0.1341
7.5,1067.9240629673004,0.1341
7.5,1068.9428551197052,0.1341
7.5,1069.9663310050964,0.1341
7.5,1070.983775138855,0.1341
7.5,1072.0002601146698,0.1341
7.5,1073.0167207717896,0.1341
7.5,1074.0344297885895,0.1341
7.5,1075.0428125858307,0.1341
7.5,1076.0597972869873,0.1341
7.5,1077.0720064640045,0.1299
7.5,1078.0879085063934,0.1299
7.5,1079.1039979457855,0.1299
7.5,1081.1226811408997,0.1299
7.5,1082.1422123908997,0.1299
7.5,1083.1587703227997,0.1299
7.5,1084.175754070282,0.1299
7.5,1085.1916618347168,0.1299
7.5,1086.2069680690765,0.1299
7.5,1087.2187812328339,0.1299
7.5,1088.2345352172852,0.1299
7.5,1089.257649898529,0.1299
7.5,1090.2786021232605,0.1299
7.5,1091.296114206314,0.1299
7.5,1092.313051700592,0.1299
7.5,1093.3194556236267,0.1299
7.5,1094.3347737789154,0.1299
7.5,1095.3417160511017,0.13069999999999998
7.5,1096.36199593544,0.13069999999999998
7.5,1097.3791699409485,0.13069999999999998
7.5,1098.3957645893097,0.13069999999999998
7.5,1099.4145984649658,0.13069999999999998
7.5,1101.4331800937653,0.13069999999999998
7.5,1102.4517424106598,0.13069999999999998
7.5,1103.4668405056,0.13069999999999998
7.5,1104.482010126114,0.13069999999999998
7.5,1105.4944908618927,0.13069999999999998
7.5,1106.5092346668243,0.13069999999999998
7.5,1107.5112798213959,0.13069999999999998
7.5,1108.5530846118927,0.13069999999999998
7.5,1109.5710775852203,0.13069999999999998
7.5,1110.5753304958344,0.13069999999999998
7.5,1111.5770819187164,0.13069999999999998
7.5,1112.5810973644257,0.135
7.5,1113.5849006175995,0.135
7.5,1114.587661743164,0.135
7.5,1115.5892040729523,0.135
7.5,1116.589922428131,0.135
7.5,1117.5914080142975,0.135
7.5,1118.5940120220184,0.135
7.5,1119.5963234901428,0.135
7.5,1121.5971150398254,0.135
7.5,1122.6069767475128,0.135
7.5,1123.617502450943,0.135
7.5,1124.6253249645233,0.135
7.5,1125.6351399421692,0.135
7.5,1126.6394913196564,0.135
7.5,1127.6557114124298,0.135
7.5,1128.6880629062653,0.135
7.5,1129.7024891376495,0.135
7.5,1130.704566001892,0.135
7.5,1131.716206073761,0.135
7.5,1132.718631029129,0.135
7.5,1133.7212224006653,0.135
7.5,1134.7260208129883,0.13069999999999998
7.5,1135.7271616458893,0.13069999999999998
7.5,1136.7290525436401,0.13069999999999998
7.5,1137.7296230793,0.13069999999999998
7.5,1138.744695186615,0.13069999999999998
7.5,1139.746378660202,0.13069999999999998
7.5,1141.7540385723114,0.13069999999999998
7.5,1142.7651364803314,0.13069999999999998
7.5,1143.7765622138977,0.13069999999999998
7.5,1144.7913863658905,0.13069999999999998
7.5,1145.8071131706238,0.13069999999999998
7.5,1146.8182644844055,0.13069999999999998
7.5,1147.835601091385,0.13069999999999998
7.5,1148.8543553352356,0.13069999999999998
7.5,1149.866444349289,0.13069999999999998
7.5,1150.882016658783,0.13069999999999998
7.5,1151.9001932144165,0.13069999999999998
7.5,1152.9113273620605,0.13069999999999998
7.5,1153.933517217636,0.13069999999999998
7.5,1154.953805923462,0.1316
7.5,1155.9695672988892,0.1316
7.5,1156.9920899868011,0.1316
7.5,1158.0119314193726,0.1316
7.5,1159.0293281078339,0.1316
7.5,1160.0474224090576,0.1316
7.5,1162.0634150505066,0.1316
7.5,1163.0737810134888,0.1316
7.5,1164.094365119934,0.1316
7.5,1165.1102404594421,0.1316
7.5,1166.130318403244,0.1316
7.5,1167.148812532425,0.1316
7.5,1168.1644423007965,0.1316
7.5,1169.181097984314,0.1316
7.5,1170.2002782821655,0.1316
7.5,1171.2107396125793,0.1316
7.5,1172.2166435718536,0.1316
7.5,1173.2330303192139,0.1316
7.5,1174.2527947425842,0.1316
7.5,1175.2690000534058,0.1358
7.5,1176.2847955226898,0.13599999999999998
7.5,1177.300219297409,0.1358
7.5,1178.3187139034271,0.1358
7.5,1179.3359589576721,0.1358
7.5,1180.3529946804047,0.1358
7.5,1182.3716485500336,0.1358
7.5,1183.3820095062256,0.1358
7.5,1184.40367603302,0.1358
7.5,1185.4177691936493,0.1358
7.5,1186.4345898628235,0.1358
7.5,1187.4430224895477,0.1358
7.5,1188.4595749378204,0.13599999999999998
7.5,1189.479706287384,0.1358
7.5,1190.5010333061218,0.1358
7.5,1191.5172731876373,0.1358
7.5,1192.5358107089996,0.1358
7.5,1193.548953294754,0.1358
7.5,1194.5961546897888,0.1358
7.5,1195.5969417095184,0.1358
7.5,1196.5984938144684,0.1358
7.5,1197.6015429496765,0.1358
7.5,1198.6130683422089,0.1358
7.5,1199.6144313812256,0.1358
7.5,1200.6285758018494,0.1316
7.5,1202.641177892685,0.1316
7.5,1203.6510853767395,0.1316
7.5,1204.6594920158386,0.1316
7.5,1205.6712000370026,0.1316
7.5,1206.6861081123352,0.1316
7.5,1207.6996631622314,0.1316
7.5,1208.7149057388306,0.1316
7.5,1209.7358355522156,0.1316
7.5,1210.7719016075134,0.1316
7.5,1211.7857704162598,0.1316
7.5,1212.7876148223877,0.1316
7.5,1213.8057041168213,0.1316
7.5,1214.806783914566,0.1316
7.5,1215.8078308105469,0.1316
7.5,1216.808585882187,0.1316
7.5,1217.8109502792358,0.1316
7.5,1218.8132638931274,0.1316
7.5,1219.81503033638,0.1316
7.5,1220.8172206878662,0.1316
7.5,1222.8179569244385,0.1316
7.5,1223.8234646320343,0.1316
7.5,1224.8335099220276,0.1316
7.5,1225.8428370952606,0.1316
7.5,1226.8537304401398,0.1316
7.5,1227.8686172962189,0.1316
7.5,1228.8823339939117,0.1316
7.5,1229.8981258869171,0.1316
7.5,1230.901555299759,0.1316
7.5,1231.9206247329712,0.1316
7.5,1232.9379358291626,0.1316
7.5,1233.95387840271,0.1324
7.5,1234.9702003002167,0.1324
7.5,1235.9944956302643,0.1324
7.5,1237.012083530426,0.1324
7.5,1238.0325331687927,0.1324
7.5,1239.051795244217,0.1324
7.5,1240.0686283111572,0.1324
7.5,1242.085242986679,0.1324
7.5,1243.100551366806,0.1324
7.5,1244.1049101352692,0.1324
7.5,1245.1207220554352,0.1324
7.5,1246.1399471759796,0.1324
7.5,1247.1553676128387,0.1324
7.5,1248.1574852466583,0.1324
7.5,1249.1748414039612,0.1324
7.5,1250.193359375,0.1324
7.5,1251.210727930069,0.1324
7.5,1252.2304213047028,0.1324
7.5,1253.250487089157,0.1324
7.5,1254.26620554924,0.1324
7.5,1255.285416841507,0.1324
7.5,1256.2953655719757,0.1324
7.5,1257.3120987415314,0.1324
7.5,1258.3310103416443,0.1367
7.5,1259.3490407466888,0.1369
7.5,1260.3661136627197,0.1367
7.5,1262.383995294571,0.1367
7.5,1263.3945200443268,0.1367
7.5,1264.411076784134,0.1367
7.5,1265.42986536026,0.1367
7.5,1266.4477410316467,0.1367
7.5,1267.4664363861084,0.1367
7.5,1268.482494354248,0.1367
7.5,1269.5007166862488,0.1367
7.5,1270.519338607788,0.1367
7.5,1271.5355722904205,0.1367
7.5,1272.5522348880768,0.1367
7.5,1273.5694811344147,0.1367
7.5,1274.5858929157257,0.1367
7.5,1275.6236214637756,0.1367
7.5,1276.6354358196259,0.1367
7.5,1277.665824174881,0.1367
7.5,1278.6681303977966,0.1367
7.5,1279.6696479320526,0.1367
7.5,1280.6713390350342,0.1367
7.5,1282.6730906963348,0.1367
7.5,1283.6745970249176,0.1367
7.5,1284.68061709404,0.1367
7.5,1285.6877226829529,0.1367
7.5,1286.698410987854,0.1367
7.5,1287.7107563018799,0.1367
7.5,1288.7266852855682,0.1367
7.5,1289.739900112152,0.1367
7.5,1290.7567608356476,0.1367
7.5,1291.7596261501312,0.1367
7.5,1292.7902421951294,0.1367
7.5,1293.8031406402588,0.1367
7.5,1294.8066267967224,0.1367
7.5,1295.8329164981842,0.1324
7.5,1296.834448337555,0.1324
7.5,1297.836186170578,0.1324
7.5,1298.8378367424011,0.1324
7.5,1299.8454523086548,0.1324
7.5,1300.8486638069153,0.1324
7.5,1302.8597571849823,0.1324
7.5,1303.862076997757,0.1324
7.5,1304.874099969864,0.1324
7.5,1305.888082742691,0.1324
7.5,1306.9042344093323,0.1324
7.5,1307.9205989837646,0.1324
7.5,1308.9375977516174,0.1324
7.5,1309.9542882442474,0.1324
7.5,1310.959881067276,0.1324
7.5,1311.9768948554993,0.1324
7.5,1312.9962666034698,0.1324
7.5,1314.0155191421509,0.1324
7.5,1315.0690224170685,0.1324
7.5,1316.074735879898,0.1324
7.5,1317.096961259842,0.1324
7.5,1318.1165051460266,0.1324
7.5,1319.124217748642,0.1324
7.5,1320.140657901764,0.1324
7.5,1321.1573977470398,0.1324
7.5,1323.166475057602,0.1324
7.5,1324.1815190315247,0.1333
7.5,1325.1908745765686,0.1333
7.5,1326.2078714370728,0.1248
7.5,1327.2268257141113,0.1248
7.5,1328.2424082756042,0.1333
7.5,1329.2626869678497,0.1324
7.5,1330.278416633606,0.1324
7.5,1331.2859563827515,0.1324
7.5,1332.300553560257,0.1333
7.5,1333.3223097324371,0.1333
7.5,1334.3382949829102,0.1333
7.5,1335.3570284843445,0.1333
7.5,1336.367057800293,0.1333
7.5,1337.3859918117523,0.1333
7.5,1338.4069333076477,0.1333
7.5,1339.4225418567657,0.1333
7.5,1340.440011024475,0.1333
7.5,1341.460429906845,0.1333
7.5,1343.4766874313354,0.1333
7.5,1344.4880142211914,0.1333
7.5,1345.511566400528,0.1333
7.5,1346.5290064811707,0.1333
7.5,1347.5451662540436,0.1333
7.5,1348.566924571991,0.1333
7.5,1349.5826592445374,0.1333
7.5,1350.5868508815765,0.1333
7.5,1351.6036007404327,0.1333
7.5,1352.6175694465637,0.1333
7.5,1353.6541213989258,0.1333
7.5,1354.672746181488,0.1333
7.5,1355.6868166923523,0.1333
7.5,1356.689162015915,0.1333
7.5,1357.6923038959503,0.1333
7.5,1358.6931331157684,0.1333
7.5,1359.7215716838837,0.1333
7.5,1360.7222685813904,0.1333
7.5,1361.7256047725677,0.1333
7.5,1363.7324168682098,0.1333
7.5,1364.7476811408997,0.1333
7.5,1365.7605574131012,0.1333
7.5,1366.7742750644684,0.1333
7.5,1367.7856721878052,0.1333
7.5,1368.8010103702545,0.1333
7.5,1369.8255529403687,0.1333
7.5,1370.841454744339,0.1333
7.5,1371.8553581237793,0.1333
7.5,1372.8565170764923,0.1333
7.5,1373.8592591285706,0.1333
7.5,1374.8737530708313,0.1333
7.5,1375.8779084682465,0.1333
7.5,1376.8793296813965,0.1333
7.5,1377.8864812850952,0.1333
7.5,1378.8876507282257,0.1333
7.5,1379.8890290260315,0.1333
7.5,1380.8902101516724,0.1333
7.5,1381.8918025493622,0.1333
7.5,1383.9017691612244,0.1333
7.5,1384.9036252498627,0.1333
7.5,1385.9139387607574,0.1333
7.5,1386.9229097366333,0.1333
7.5,1387.9243001937866,0.1333
7.5,1388.9355216026306,0.1333
7.5,1389.9493033885956,0.1333
7.5,1390.9660646915436,0.1333
7.5,1391.9816060066223,0.1333
7.5,1392.9947955608368,0.1333
7.5,1394.013043642044,0.1333
7.5,1395.0307993888855,0.1333
7.5,1396.0449905395508,0.1333
7.5,1397.060408115387,0.1333
7.5,1398.0764491558075,0.1333
7.5,1399.0923535823822,0.1377
7.5,1400.095535516739,0.1377
7.5,1401.111160993576,0.1377
7.5,1402.1229429244995,0.13749999999999998
7.5,1404.144826889038,0.1377
7.5,1405.1503500938416,0.13749999999999998
7.5,1406.1656131744385,0.13749999999999998
7.5,1407.1834366321564,0.1377
7.5,1408.2010831832886,0.1377
7.5,1409.2244846820831,0.1377
7.5,1410.2471725940704,0.1377
7.5,1411.2576551437378,0.1377
7.5,1412.2735304832458,0.1377
7.5,1413.292592048645,0.1377
7.5,1414.3093276023865,0.1377
7.5,1415.3257575035095,0.13749999999999998
7.5,1416.343178987503,0.1377
7.5,1417.35906124115,0.1377
7.5,1418.3759970664978,0.1377
7.5,1419.3931694030762,0.13749999999999998
7.5,1420.4093699455261,0.1377
7.5,1421.4274561405182,0.1377
7.5,1422.4448153972626,0.1377
7.5,1424.4616312980652,0.1377
7.5,1425.4725449085236,0.1377
7.5,1426.4891231060028,0.1377
7.5,1427.5063269138336,0.1377
7.5,1428.5231206417084,0.1377
7.5,1429.5400779247284,0.13749999999999998
7.5,1430.557606458664,0.1377
7.5,1431.5738260746002,0.1377
7.5,1432.5923981666565,0.1377
7.5,1433.6071770191193,0.13749999999999998
7.5,1434.6229162216187,0.1377
7.5,1435.6446471214294,0.1377
7.5,1436.6569185256958,0.1377
7.5,1437.6980607509613,0.1377
7.5,1438.7096960544586,0.1377
7.5,1439.7191042900085,0.13749999999999998
7.5,1440.7257823944092,0.1377
7.5,1441.7288517951965,0.1377
7.5,1442.7295460700989,0.1377
7.5,1444.7303142547607,0.1377
7.5,1445.74267244339,0.1377
7.5,1446.7508311271667,0.1377
7.5,1447.7658817768097,0.1377
7.5,1448.7773840427399,0.1377
7.5,1449.7894468307495,0.1377
7.5,1450.8017768859863,0.1377
7.5,1451.8198165893555,0.1377
7.5,1452.8362634181976,0.1377
7.5,1453.871991634369,0.1377
7.5,1454.8810985088348,0.1377
7.5,1455.8854882717133,0.1377
7.5,1456.8895666599274,0.1377
7.5,1457.8908252716064,0.1377
7.5,1458.9061224460602,0.1377
7.5,1459.9075071811676,0.1377
7.5,1460.9093852043152,0.1377
7.5,1461.9104189872742,0.1377
7.5,1463.9112432003021,0.1377
7.5,1464.9201838970184,0.1377
7.5,1465.9264090061188,0.13749999999999998
7.5,1466.9370794296265,0.1377
7.5,1467.9408159255981,0.1377
7.5,1468.9501118659973,0.1377
7.5,1469.9586527347565,0.1377
7.5,1470.9716532230377,0.13749999999999998
7.5,1471.9865543842316,0.1377
7.5,1472.9936485290527,0.13749999999999998
7.5,1474.0133056640625,0.1377
7.5,1475.0296626091003,0.1377
7.5,1476.0440635681152,0.13749999999999998
7.5,1477.0614540576935,0.13749999999999998
7.5,1478.078429222107,0.1377
7.5,1479.0943803787231,0.13749999999999998
7.5,1480.1034152507782,0.1377
7.5,1481.1189363002777,0.1377
7.5,1483.1361689567566,0.13749999999999998
7.5,1484.1472382545471,0.1377
7.5,1485.1649639606476,0.1377
7.5,1486.1785595417023,0.13749999999999998
7.5,1487.1925103664398,0.13749999999999998
7.5,1488.2099997997284,0.1377
7.5,1489.2263507843018,0.1377
7.5,1490.243762254715,0.1377
7.5,1491.2610867023468,0.13749999999999998
7.5,1492.2692635059357,0.13749999999999998
7.5,1493.282960176468,0.1377
7.5,1494.299432516098,0.13749999999999998
7.5,1495.3175158500671,0.1377
7.5,1496.3329558372498,0.13749999999999998
7.5,1497.3365066051483,0.1377
7.5,1498.3544571399689,0.13749999999999998
7.5,1499.3738751411438,0.1377
7.5,1500.3828921318054,0.1377
7.5,1501.3994779586792,0.1377
7.5,1503.4156467914581,0.1377
7.5,1504.4279856681824,0.1377
7.5,1505.4326326847076,0.1377
7.5,1506.445820569992,0.1377
7.5,1507.4630575180054,0.1377
7.5,1508.4741208553314,0.1333
7.5,1509.489767074585,0.1377
7.5,1510.5059530735016,0.1377
7.5,1511.524109363556,0.1333
7.5,1512.541597366333,0.1377
7.5,1513.555649280548,0.1377
7.5,1514.571121454239,0.1377
7.5,1515.5885365009308,0.1377
7.5,1516.6048438549042,0.1377
7.5,1517.609879732132,0.1377
7.5,1518.6269681453705,0.1377
7.5,1519.6438109874725,0.1333
7.5,1520.648404598236,0.1333
7.5,1521.666252374649,0.1333
7.5,1523.6790661811829,0.1333
7.5,1524.6866943836212,0.1333
7.5,1525.7199611663818,0.1333
7.5,1526.7353267669678,0.1333
7.5,1527.737070798874,0.1333
7.5,1528.739220380783,0.1333
7.5,1529.7432136535645,0.1333
7.5,1530.7544598579407,0.1333
7.5,1531.7554740905762,0.1333
7.5,1532.762055158615,0.1333
7.5,1533.7640597820282,0.1333
7.5,1534.7656872272491,0.1333
7.5,1535.7664749622345,0.1333
7.5,1536.7675955295563,0.1333
7.5,1537.7681984901428,0.1333
7.5,1538.7690796852112,0.1333
7.5,1539.769621372223,0.1333
7.5,1540.785442352295,0.1333
7.5,1541.7876143455505,0.1333
7.5,1543.7991275787354,0.1333
7.5,1544.8126873970032,0.1333
7.5,1545.8266608715057,0.1333
7.5,1546.8426892757416,0.1333
7.5,1547.8590745925903,0.1333
7.5,1548.8798096179962,0.1333
7.5,1549.9005389213562,0.1333
7.5,1550.9233131408691,0.1333
7.5,1551.9254705905914,0.1333
7.5,1552.9444813728333,0.1333
7.5,1553.945710659027,0.1333
7.5,1554.9497745037079,0.1333
7.5,1555.960128068924,0.1333
7.5,1556.9627022743225,0.1333
7.5,1557.965169429779,0.1333
7.5,1558.9714124202728,0.1333
7.5,1559.9733068943024,0.1333
7.5,1560.9755611419678,0.1333
7.5,1561.9765448570251,0.1333
7.5,1563.9778904914856,0.1333
7.5,1564.9865591526031,0.1333
7.5,1566.0019204616547,0.1333
7.5,1567.0088782310486,0.1333
7.5,1568.0145053863525,0.1333
7.5,1569.0240788459778,0.1333
7.5,1570.026751279831,0.1333
7.5,1571.0440111160278,0.1333
7.5,1572.0609874725342,0.1333
7.5,1573.0769529342651,0.1333
7.5,1574.0813641548157,0.1333
7.5,1575.0975968837738,0.1333
7.5,1576.1064431667328,0.1333
7.5,1577.123280763626,0.1333
7.5,1578.1403715610504,0.1333
7.5,1579.1497752666473,0.1333
7.5,1580.1722159385681,0.1333
7.5,1581.184740781784,0.1333
7.5,1583.2027051448822,0.1333
7.5,1584.2220327854156,0.1333
7.5,1585.2394351959229,0.1333
7.5,1586.2565968036652,0.1333
7.5,1587.2722253799438,0.1333
7.5,1588.289797782898,0.1333
7.5,1589.3077058792114,0.1333
7.5,1590.3276641368866,0.1333
7.5,1591.3439469337463,0.1333
7.5,1592.360969543457,0.1333
7.5,1593.3807532787323,0.1333
7.5,1594.3994088172913,0.1333
7.5,1595.4145874977112,0.1333
7.5,1596.4302668571472,0.1333
7.5,1597.4469680786133,0.1333
7.5,1598.4638602733612,0.1333
7.5,1599.48073554039,0.1333
7.5,1600.4965431690216,0.1333
7.5,1601.5124309062958,0.1333
7.5,1603.5284895896912,0.1333
7.5,1604.544490814209,0.1333
7.5,1605.5593354701996,0.1333
7.5,1606.5726313591003,0.1333
7.5,1607.576399564743,0.1333
7.5,1608.5946481227875,0.1333
7.5,1609.6117231845856,0.1333
7.5,1610.6272141933441,0.1333
7.5,1611.6485109329224,0.1333
7.5,1612.664951324463,0.1333
7.5,1613.6810858249664,0.1333
7.5,1614.6983635425568,0.1333
7.5,1615.7148983478546,0.1333
7.5,1616.7180407047272,0.1333
7.5,1617.7536482810974,0.1333
7.5,1618.7685942649841,0.1333
7.5,1619.7733917236328,0.1333
7.5,1620.7852206230164,0.1333
7.5,1621.7915086746216,0.1333
7.5,1623.7925052642822,0.1333
7.5,1624.801578760147,0.1333
7.5,1625.8027443885803,0.1333
7.5,1626.8041117191315,0.1333
7.5,1627.8050124645233,0.1333
7.5,1628.818720817566,0.1333
7.5,1629.825362920761,0.1333
7.5,1630.8359258174896,0.1333
7.5,1631.8475060462952,0.1333
7.5,1632.8631701469421,0.1333
7.5,1633.878362417221,0.1333
7.5,1634.8954265117645,0.1333
7.5,1635.9121103286743,0.1333
7.5,1636.9280307292938,0.1333
7.5,1637.9727838039398,0.1333
7.5,1638.9747052192688,0.1333
7.5,1639.9780316352844,0.1333
7.5,1640.980277299881,0.1333
7.5,1641.9857926368713,0.1333
7.5,1643.9882760047913,0.1333
7.5,1644.9933676719666,0.1333
7.5,1645.995551109314,0.1333
7.5,1646.9966287612915,0.1333
7.5,1647.9984149932861,0.1333
7.5,1648.999312877655,0.1333
7.5,1649.9999713897705,0.1333
7.5,1651.0024526119232,0.1333
7.5,1652.0050899982452,0.1333
7.5,1653.0067300796509,0.1333
7.5,1654.0079243183136,0.1333
7.5,1655.0091950893402,0.1333
7.5,1656.0104022026062,0.1333
7.5,1657.0120594501495,0.1333
7.5,1658.0230152606964,0.1333
7.5,1659.030990600586,0.1333
7.5,1660.041130065918,0.1333
7.5,1661.0430626869202,0.1333
7.5,1662.0557076931,0.1333
7.5,1664.0671126842499,0.1333
7.5,1665.0779356956482,0.1333
7.5,1666.0946028232574,0.1333
7.5,1667.11727976799,0.1333
7.5,1668.1345870494843,0.1333
7.5,1669.1449656486511,0.1333
7.5,1670.1609723567963,0.1333
7.5,1671.1778399944305,0.1333
7.5,1672.1956660747528,0.1333
7.5,1673.2117547988892,0.1333
7.5,1674.228525876999,0.1333
7.5,1675.2445015907288,0.1333
7.5,1676.263442993164,0.1333
7.5,1677.2708904743195,0.1333
7.5,1678.2849698066711,0.1333
7.5,1679.2989523410797,0.1333
7.5,1680.3093650341034,0.1333
7.5,1681.3253195285797,0.1333
7.5,1682.3431813716888,0.1333
7.5,1684.3614830970764,0.1333
7.5,1685.3736157417297,0.1333
7.5,1686.3813605308533,0.1333
7.5,1687.3984756469727,0.1333
7.5,1688.4150228500366,0.1333
7.5,1689.4305746555328,0.1333
7.5,1690.445827960968,0.1333
7.5,1691.4619572162628,0.1333
7.5,1692.477514743805,0.1333
7.5,1693.4938123226166,0.1333
7.5,1694.509656906128,0.1333
7.5,1695.5265707969666,0.1333
7.5,1696.5411014556885,0.1333
7.5,1697.5543451309204,0.1333
7.5,1698.5686149597168,0.1333
7.5,1699.5776817798615,0.1333
7.5,1700.5944528579712,0.1333
7.5,1701.6103925704956,0.1333
7.5,1702.6264548301697,0.1333
7.5,1704.641131401062,0.1333
7.5,1705.646936416626,0.1333
7.5,1706.663319826126,0.1333
7.5,1707.6805093288422,0.1333
7.5,1708.6890840530396,0.1333
7.5,1709.705539226532,0.1333
7.5,1710.7224705219269,0.1333
7.5,1711.7342014312744,0.1333
7.5,1712.7498724460602,0.1333
7.5,1713.7600061893463,0.1333
7.5,1714.788952589035,0.1333
7.5,1715.8035399913788,0.1333
7.5,1716.808569431305,0.1333
7.5,1717.81037068367,0.1333
7.5,1718.825023651123,0.1333
7.5,1719.830391407013,0.1333
7.5,1720.833023071289,0.1333
7.5,1721.8345577716827,0.1333
7.5,1722.8357214927673,0.1333
7.5,1724.8368101119995,0.1333
7.5,1725.844714164734,0.1333
7.5,1726.856270313263,0.1333
7.5,1727.8670799732208,0.1333
7.5,1728.8745338916779,0.1333
7.5,1729.887137889862,0.1333
7.5,1730.9009838104248,0.1333
7.5,1731.917510509491,0.1333
7.5,1732.9238603115082,0.1333
7.5,1733.9388010501862,0.1333
7.5,1734.9563291072845,0.1333
7.5,1735.9632008075714,0.1333
7.5,1737.0082666873932,0.13749999999999998
7.5,1738.011100769043,0.1333
7.5,1739.013156414032,0.1377
7.5,1740.0161309242249,0.13749999999999998
7.5,1741.0280132293701,0.1333
7.5,1742.0314636230469,0.1377
7.5,1743.0338184833527,0.1377
7.5,1745.0356285572052,0.1377
7.5,1746.0366957187653,0.1377
7.5,1747.0377519130707,0.1377
7.5,1748.0387601852417,0.1377
7.5,1749.0400702953339,0.1377
7.5,1750.0413103103638,0.1377
7.5,1751.0425498485565,0.1377
7.5,1752.043991804123,0.13749999999999998
7.5,1753.044962644577,0.1377
7.5,1754.046941280365,0.1377
7.5,1755.0475087165833,0.1377
7.5,1756.0486404895782,0.1377
7.5,1757.04936170578,0.1377
7.5,1758.0604383945465,0.1377
7.5,1759.067292690277,0.1377
7.5,1760.0773491859436,0.1377
7.5,1761.0867021083832,0.1377
7.5,1762.098375082016,0.1377
7.5,1764.1146714687347,0.1377
7.5,1765.1300868988037,0.1377
7.5,1766.1469774246216,0.13749999999999998
7.5,1767.1624658107758,0.1377
7.5,1768.1790308952332,0.1377
7.5,1769.1962440013885,0.1377
7.5,1770.210552930832,0.13749999999999998
7.5,1771.2272720336914,0.1377
7.5,1772.2445514202118,0.1377
7.5,1773.251068353653,0.1377
7.5,1774.2662887573242,0.1377
7.5,1775.2826676368713,0.1377
7.5,1776.2989864349365,0.1377
7.5,1777.3163561820984,0.1377
7.5,1778.3324291706085,0.1377
7.5,1779.348704814911,0.1377
7.5,1780.349548816681,0.1377
7.5,1781.3673613071442,0.1377
7.5,1782.384477853775,0.1377
7.5,1784.3999729156494,0.1377
7.5,1785.4101884365082,0.1377
7.5,1786.4282369613647,0.1377
7.5,1787.4323315620422,0.1377
7.5,1788.44979596138,0.13749999999999998
7.5,1789.4661614894867,0.1377
7.5,1790.4854702949524,0.1377
7.5,1791.5040500164032,0.1377
7.5,1792.5186092853546,0.13749999999999998
7.5,1793.5335404872894,0.1377
7.5,1794.5523781776428,0.1377
7.5,1795.5689356327057,0.1377
7.5,1796.5855252742767,0.1377
7.5,1797.6023020744324,0.1377
7.5,1798.6122550964355,0.1377
7.5,1799.6275782585144,0.1377
7.5,1800.6444714069366,0.1377
7.5,1801.658626317978,0.1377
7.5,1802.6744673252106,0.1377
7.5,1804.6907348632812,0.1377
7.5,1805.7034738063812,0.1377
7.5,1806.7206933498383,0.1377
7.5,1807.7351214885712,0.1377
7.5,1808.7524518966675,0.1377
7.5,1809.7736330032349,0.13749999999999998
7.5,1810.788449048996,0.1377
7.5,1811.8057391643524,0.1377
7.5,1812.8407549858093,0.1377
7.5,1813.8552923202515,0.1377
7.5,1814.857356786728,0.1377
7.5,1815.8587219715118,0.13749999999999998
7.5,1816.8765044212341,0.1377
7.5,1817.8784410953522,0.13749999999999998
7.5,1818.8797307014465,0.13749999999999998
7.5,1819.8819062709808,0.13749999999999998
7.5,1820.8826882839203,0.1377
7.5,1821.9026839733124,0.1377
7.5,1822.9047265052795,0.13749999999999998
7.5,1824.911626815796,0.1333
7.5,1825.9243893623352,0.1333
7.5,1826.9380822181702,0.1333
7.5,1827.953961133957,0.1333
7.5,1828.9721641540527,0.1333
7.5,1829.9933166503906,0.1333
7.5,1831.0193700790405,0.1333
7.5,1832.032312631607,0.1333
7.5,1833.0417437553406,0.1333
7.5,1834.0437035560608,0.1333
7.5,1835.046302318573,0.1333
7.5,1836.0485429763794,0.1333
7.5,1837.0570499897003,0.1333
7.5,1838.0643141269684,0.1333
7.5,1839.0665979385376,0.1333
7.5,1840.067536830902,0.1333
7.5,1841.068968296051,0.1333
7.5,1842.070196390152,0.1333
7.5,1843.0717513561249,0.1333
7.5,1845.0727045536041,0.1333
7.5,1846.0772793293,0.1333
7.5,1847.0781042575836,0.1333
7.5,1848.0854051113129,0.1333
7.5,1849.0978708267212,0.1333
7.5,1850.099004983902,0.1333
7.5,1851.1131699085236,0.1333
7.5,1852.1305124759674,0.1333
7.5,1853.1465153694153,0.1333
7.5,1854.1624028682709,0.1333
7.5,1855.1787197589874,0.1333
7.5,1856.195101737976,0.1333
7.5,1857.207780122757,0.1333
7.5,1858.223480939865,0.1333
7.5,1859.2387628555298,0.1333
7.5,1860.2549550533295,0.1333
7.5,1861.2721302509308,0.1333
7.5,1862.289606809616,0.1333
7.5,1864.305911064148,0.1333
7.5,1865.3192036151886,0.1333
7.5,1866.3345575332642,0.1333
7.5,1867.350996017456,0.1333
7.5,1868.370568037033,0.1333
7.5,1869.3855996131897,0.1333
7.5,1870.4012503623962,0.1333
7.5,1871.4178547859192,0.1333
7.5,1872.4266250133514,0.1333
7.5,1873.4411132335663,0.1333
7.5,1874.4611279964447,0.1333
7.5,1875.4776763916016,0.1333
7.5,1876.4947130680084,0.1333
7.5,1877.5122215747833,0.1333
7.5,1878.5287473201752,0.1324
7.5,1879.5464262962341,0.1324
7.5,1880.5631606578827,0.1324
7.5,1881.5793249607086,0.1324
7.5,1882.5949501991272,0.1324
7.5,1884.6110887527466,0.1324
7.5,1885.6217646598816,0.1324
7.5,1886.6361622810364,0.1324
7.5,1887.6535682678223,0.1324
7.5,1888.6595289707184,0.1324
7.5,1889.6781311035156,0.1324
7.5,1890.6959874629974,0.1324
7.5,1891.7105648517609,0.1324
7.5,1892.721515417099,0.1324
7.5,1893.7338683605194,0.1324
7.5,1894.7504909038544,0.1324
7.5,1895.763842344284,0.1324
7.5,1896.7802560329437,0.1324
7.5,1897.7958920001984,0.1324
7.5,1898.8125088214874,0.1324
7.5,1899.8174288272858,0.1324
7.5,1900.8355298042297,0.1324
7.5,1901.8672881126404,0.1324
7.5,1902.8772602081299,0.1324
7.5,1904.8863680362701,0.1324
7.5,1905.8917770385742,0.1324
7.5,1906.8927357196808,0.1324
7.5,1907.9043416976929,0.1324
7.5,1908.9077134132385,0.1324
7.5,1909.908663034439,0.1324
7.5,1910.9104042053223,0.1324
7.5,1911.9123718738556,0.1324
7.5,1912.9143478870392,0.1324
7.5,1913.925838470459,0.1324
7.5,1914.9320363998413,0.1324
7.5,1915.9430129528046,0.1324
7.5,1916.9490880966187,0.1324
7.5,1917.9611144065857,0.1324
7.5,1918.9765963554382,0.1324
7.5,1919.9942088127136,0.1324
7.5,1921.0093483924866,0.1324
7.5,1922.0231304168701,0.1324
7.5,1923.058701992035,0.1324
7.5,1925.0817890167236,0.1324
7.5,1926.0909202098846,0.1324
7.5,1927.0924887657166,0.1324
7.5,1928.0942208766937,0.1324
7.5,1929.1003017425537,0.1324
7.5,1930.1011221408844,0.1324
7.5,1931.1064102649689,0.1324
7.5,1932.1184711456299,0.1324
7.5,1933.12539768219,0.1324
7.5,1934.1307423114777,0.1324
7.5,1935.1390399932861,0.1324
7.5,1936.1488769054413,0.1324
7.5,1937.1536095142365,0.1324
7.5,1938.1700575351715,0.1324
7.5,1939.1863813400269,0.1367
7.5,1940.2019374370575,0.1367
7.5,1941.2189135551453,0.1367
7.5,1942.235101699829,0.1367
7.5,1943.255130290985,0.1367
7.5,1945.2716627120972,0.1367
7.5,1946.2826969623566,0.1367
7.5,1947.298626422882,0.1369
7.5,1948.311196565628,0.1367
7.5,1949.3200416564941,0.1367
7.5,1950.336695432663,0.1367
7.5,1951.3548953533173,0.1367
7.5,1952.371898651123,0.1367
7.5,1953.3902714252472,0.1367
7.5,1954.4058990478516,0.1367
7.5,1955.4216372966766,0.1367
7.5,1956.435135602951,0.1367
7.5,1957.4533908367157,0.1367
7.5,1958.47043967247,0.1367
7.5,1959.476502418518,0.1367
7.5,1960.4933054447174,0.1367
7.5,1961.5123431682587,0.1367
7.5,1962.5281257629395,0.1367
7.5,1963.5429768562317,0.1367
7.5,1965.5594758987427,0.1367
7.5,1966.5713217258453,0.1367
7.5,1967.5863325595856,0.1367
7.5,1968.601732492447,0.1367
7.5,1969.6180489063263,0.1367
7.5,1970.6338381767273,0.1367
7.5,1971.650616645813,0.1367
7.5,1972.6660130023956,0.1367
7.5,1973.6717789173126,0.1367
7.5,1974.6886904239655,0.1367
7.5,1975.6907243728638,0.1367
7.5,1976.703770160675,0.1367
7.5,1977.719738960266,0.1367
7.5,1978.725858926773,0.1367
7.5,1979.7392013072968,0.1367
7.5,1980.755733013153,0.1367
7.5,1981.7732598781586,0.1367
7.5,1982.7884917259216,0.1367
7.5,1983.805626153946,0.1367
7.5,1985.821494102478,0.1367
7.5,1986.8324625492096,0.1367
7.5,1987.8433854579926,0.1367
7.5,1988.8611810207367,0.1367
7.5,1989.87699508667,0.1367
7.5,1990.8934123516083,0.1367
7.5,1991.9324407577515,0.1369
3.5,1992.9490468502045,0.1367
3.5,1993.9503617286682,0.1367
3.5,1994.9808287620544,0.1367
3.5,1995.9815232753754,0.1367
3.5,1996.988136768341,0.1367
3.5,1998.0003745555878,0.1367
3.5,1999.009048461914,0.1367
3.5,2000.0183305740356,0.1367
3.5,2001.032645225525,0.1367
3.5,2002.04248380661,0.1316
3.5,2003.0579006671906,0.13069999999999998
3.5,2004.0903375148773,0.1256
3.5,2006.1060032844543,0.1248
3.5,2007.1085393428802,0.12389999999999998
3.5,2008.1091582775116,0.12389999999999998
3.5,2009.1100616455078,0.12389999999999998
3.5,2010.1109244823456,0.12389999999999998
3.5,2011.1145491600037,0.12389999999999998
3.5,2012.1354084014893,0.12389999999999998
3.5,2013.1384434700012,0.12389999999999998
3.5,2014.1397812366486,0.12389999999999998
3.5,2015.1405684947968,0.12389999999999998
3.5,2016.1416869163513,0.12309999999999999
3.5,2017.1425578594208,0.13069999999999998
3.5,2018.1436204910278,0.1256
3.5,2019.1457216739655,0.1248
3.5,2020.1462845802307,0.12389999999999998
3.5,2021.1560759544373,0.1229
3.5,2022.1628186702728,0.1265
3.5,2023.1730480194092,0.1256
3.5,2024.1770141124725,0.1204
3.5,2026.1891720294952,0.1195
3.5,2027.1983110904694,0.1195
3.5,2028.214468717575,0.1195
3.5,2029.2305147647858,0.1197
3.5,2030.246747493744,0.1197
3.5,2031.2630186080933,0.1187
3.5,2032.2811043262482,0.1187
3.5,2033.2974781990051,0.1187
3.5,2034.313770532608,0.1187
3.5,2035.3303649425507,0.1187
3.5,2036.3493859767914,0.1187
3.5,2037.3542745113373,0.11779999999999999
3.5,2038.3702058792114,0.11699999999999999
3.5,2039.384907245636,0.11609999999999998
3.5,2040.3945262432098,0.1153
3.5,2041.402417421341,0.1153
3.5,2042.4195036888123,0.11439999999999999
3.5,2043.4351952075958,0.11359999999999999
3.5,2044.4517016410828,0.11699999999999999
3.5,2046.4677855968475,0.11609999999999998
3.5,2047.4820799827576,0.11189999999999999
3.5,2048.4881365299225,0.11189999999999999
3.5,2049.5059909820557,0.10759999999999999
3.5,2050.5234138965607,0.11099999999999999
3.5,2051.5402572155,0.11099999999999999
3.5,2052.555958032608,0.11099999999999999
3.5,2053.5714876651764,0.11099999999999999
3.5,2054.591185092926,0.11099999999999999
3.5,2055.6092653274536,0.11099999999999999
3.5,2056.626701116562,0.11099999999999999
3.5,2057.6424057483673,0.11019999999999999
3.5,2058.658347606659,0.1059
3.5,2059.6746826171875,0.1093
3.5,2060.6897296905518,0.1127
3.5,2061.705868959427,0.11189999999999999
3.5,2062.7216625213623,0.10679999999999999
3.5,2063.7398676872253,0.10229999999999999
3.5,2064.755794763565,0.1059
3.5,2066.7713215351105,0.1093
3.5,2067.7814707756042,0.10509999999999999
3.5,2068.798094511032,0.1006
3.5,2069.8175089359283,0.1006
3.5,2070.833420276642,0.1006
3.5,2071.8509771823883,0.1041
3.5,2072.8673083782196,0.10419999999999999
3.5,2073.87850522995,0.1041
3.5,2074.896093606949,0.1041
3.5,2075.920277118683,0.1041
3.5,2076.9323391914368,0.10419999999999999
3.5,2077.977231502533,0.09979999999999999
3.5,2078.9800503253937,0.10319999999999999
3.5,2079.987030506134,0.10679999999999999
3.5,2080.9933812618256,0.10149999999999999
3.5,2081.995321035385,0.09729999999999998
3.5,2082.997460126877,0.1006
3.5,2084.0023260116577,0.1041
3.5,2085.004137992859,0.09889999999999999
3.5,2087.0047261714935,0.09889999999999999
3.5,2088.0155663490295,0.09809999999999999
3.5,2089.0229454040527,0.09809999999999999
3.5,2090.0332844257355,0.09809999999999999
3.5,2091.0414295196533,0.09809999999999999
3.5,2092.0542464256287,0.09809999999999999
3.5,2093.0692534446716,0.10229999999999999
3.5,2094.08673286438,0.10229999999999999
3.5,2095.104652404785,0.10229999999999999
3.5,2096.138789176941,0.09809999999999999
3.5,2097.1481142044067,0.09809999999999999
3.5,2098.149117708206,0.09729999999999998
3.5,2099.1658573150635,0.09209999999999999
3.5,2100.1670305728912,0.09639999999999999
3.5,2101.1693098545074,0.09979999999999999
3.5,2102.1729164123535,0.0904
3.5,2103.1767683029175,0.09469999999999999
3.5,2104.1775159835815,0.09389999999999998
3.5,2106.179764032364,0.0894
3.5,2107.1857504844666,0.09299999999999999
3.5,2108.1869883537292,0.09299999999999999
3.5,2109.1876022815704,0.09299999999999999
3.5,2110.1945967674255,0.09299999999999999
3.5,2111.1983065605164,0.09299999999999999
3.5,2112.209771633148,0.09299999999999999
3.5,2113.215632915497,0.09299999999999999
3.5,2114.228125810623,0.09299999999999999
3.5,2115.2413942813873,0.09299999999999999
3.5,2116.2579498291016,0.09299999999999999
3.5,2117.274101257324,0.09639999999999999
3.5,2118.27947807312,0.08789999999999999
3.5,2119.2961037158966,0.09129999999999999
3.5,2120.3140997886658,0.0835
3.5,2121.326456308365,0.0904
3.5,2122.3288111686707,0.0894
3.5,2123.346567630768,0.08089999999999999
3.5,2124.3626160621643,0.0887
3.5,2126.3809938430786,0.0801
3.5,2127.3861129283905,0.08789999999999999
3.5,2128.4029927253723,0.0877
3.5,2129.419704914093,0.08789999999999999
3.5,2130.4360098838806,0.08789999999999999
3.5,2131.451329231262,0.08789999999999999
3.5,2132.457318544388,0.08789999999999999
3.5,2133.463877916336,0.08789999999999999
3.5,2134.4813239574432,0.08789999999999999
3.5,2135.4875435829163,0.08789999999999999
3.5,2136.5029397010803,0.08789999999999999
3.5,2137.518811941147,0.08689999999999999
3.5,2138.5269725322723,0.087
3.5,2139.5445845127106,0.0818
3.5,2140.549353837967,0.0818
3.5,2141.5637266635895,0.08089999999999999
3.5,2142.5791008472443,0.08089999999999999
3.5,2143.595093011856,0.0801
3.5,2144.6108288764954,0.07919999999999998
3.5,2146.621421098709,0.07919999999999998
3.5,2147.637351036072,0.07919999999999998
3.5,2148.6555440425873,0.07919999999999998
3.5,2149.672507286072,0.07919999999999998
3.5,2150.6884775161743,0.07919999999999998
3.5,2151.705333709717,0.07919999999999998
3.5,2152.7196793556213,0.07839999999999998
3.5,2153.7365288734436,0.07839999999999998
3.5,2154.7545795440674,0.07839999999999998
3.5,2155.771728038788,0.07839999999999998
3.5,2156.788585662842,0.07839999999999998
3.5,2157.796856880188,0.0826
3.5,2158.802274465561,0.07749999999999999
3.5,2159.820207595825,0.0818
3.5,2160.8370847702026,0.08089999999999999
3.5,2161.8555018901825,0.08089999999999999
3.5,2162.871278524399,0.0801
3.5,2163.8883652687073,0.0801
3.5,2164.903862476349,0.07919999999999998
3.5,2166.9211990833282,0.07919999999999998
3.5,2167.931572675705,0.07409999999999999
3.5,2168.9493091106415,0.07409999999999999
3.5,2169.9642601013184,0.07409999999999999
3.5,2171.00102186203,0.07409999999999999
3.5,2172.013456106186,0.07409999999999999
3.5,2173.0152213573456,0.07409999999999999
3.5,2174.030750989914,0.07409999999999999
3.5,2175.0371963977814,0.07409999999999999
3.5,2176.0378756523132,0.07409999999999999
3.5,2177.038809299469,0.07409999999999999
3.5,2178.0394887924194,0.07839999999999998
3.5,2179.0404245853424,0.07329999999999999
3.5,2180.0413188934326,0.07749999999999999
3.5,2181.0421328544617,0.07239999999999999
3.5,2182.0430161952972,0.07669999999999999
3.5,2183.045022726059,0.07139999999999999
3.5,2184.046900987625,0.07579999999999998
3.5,2185.04950094223,0.0672
3.5,2187.0503721237183,0.07499999999999998
3.5,2188.058509349823,0.07499999999999998
3.5,2189.0683534145355,0.07499999999999998
3.5,2190.0753512382507,0.0706
3.5,2191.0870246887207,0.0706
3.5,2192.1000006198883,0.0706
3.5,2193.1145465373993,0.0706
3.5,2194.126308441162,0.0706
3.5,2195.142715215683,0.0706
3.5,2196.17445063591,0.0706
3.5,2197.1895570755005,0.07409999999999999
3.5,2198.202357530594,0.06969999999999998
3.5,2199.204134464264,0.07309999999999998
3.5,2200.2069869041443,0.07309999999999998
3.5,2201.2084424495697,0.06799999999999999
3.5,2202.2107746601105,0.07239999999999999
3.5,2203.2149176597595,0.0638
3.5,2205.2157487869263,0.07139999999999999
3.5,2206.216767311096,0.07139999999999999
3.5,2207.2178740501404,0.07139999999999999
3.5,2208.2184760570526,0.07139999999999999
3.5,2209.2193887233734,0.0672
3.5,2210.2199082374573,0.0672
3.5,2211.2211649417877,0.0672
3.5,2212.2223484516144,0.0672
3.5,2213.224077939987,0.0672
3.5,2214.2254495620728,0.0672
3.5,2215.2277534008026,0.0663
3.5,2216.2285809516907,0.0706
3.5,2217.236974954605,0.06549999999999999
3.5,2218.245391368866,0.06969999999999998
3.5,2219.249258041382,0.06549999999999999
3.5,2220.260223865509,0.06889999999999999
3.5,2221.2735426425934,0.06889999999999999
3.5,2223.2829234600067,0.0638
3.5,2224.2943329811096,0.0638
3.5,2225.309339284897,0.06799999999999999
3.5,2226.330300092697,0.06799999999999999
3.5,2227.347375392914,0.06799999999999999
3.5,2228.3632662296295,0.06799999999999999
3.5,2229.381026983261,0.06799999999999999
3.5,2230.402968645096,0.06799999999999999
3.5,2231.41850566864,0.06799999999999999
3.5,2232.4350142478943,0.06799999999999999
3.5,2233.4433858394623,0.06799999999999999
3.5,2234.4616725444794,0.0638
3.5,2235.4705758094788,0.0629
3.5,2236.487937927246,0.0672
3.5,2237.4943079948425,0.05869999999999999
3.5,2238.51260972023,0.0663
3.5,2239.5157387256622,0.06209999999999999
3.5,2240.5325033664703,0.06119999999999999
3.5,2241.5373907089233,0.06549999999999999
3.5,2243.5488934516907,0.06119999999999999
3.5,2244.569364309311,0.060399999999999995
3.5,2245.585245847702,0.060399999999999995
3.5,2246.6014602184296,0.060399999999999995
3.5,2247.6183066368103,0.060399999999999995
3.5,2248.633622407913,0.060399999999999995
3.5,2249.635700941086,0.060399999999999995
3.5,2250.648081302643,0.060399999999999995
3.5,2251.663489341736,0.060399999999999995
3.5,2252.67689704895,0.06459999999999999
3.5,2253.6922783851624,0.06459999999999999
3.5,2254.7088680267334,0.06459999999999999
3.5,2255.7123413085938,0.060399999999999995
3.5,2256.7282524108887,0.0638
3.5,2257.7459514141083,0.0638
3.5,2258.764922618866,0.0595
3.5,2259.781106710434,0.0629
3.5,2260.798729658127,0.0629
3.5,2261.812947511673,0.05869999999999999
3.5,2263.819508075714,0.06209999999999999
3.5,2264.8318269252777,0.06209999999999999
3.5,2265.834263563156,0.06209999999999999
3.5,2266.8509480953217,0.06209999999999999
3.5,2267.8666999340057,0.06209999999999999
3.5,2268.883620738983,0.06209999999999999
3.5,2269.899578809738,0.06209999999999999
3.5,2270.903855085373,0.06209999999999999
3.5,2271.9160017967224,0.06209999999999999
3.5,2272.9331543445587,0.06209999999999999
3.5,2273.950044155121,0.06209999999999999
3.5,2274.9639558792114,0.05339999999999999
3.5,2275.9813561439514,0.06119999999999999
3.5,2276.9980080127716,0.06119999999999999
3.5,2278.0055210590363,0.056999999999999995
3.5,2279.0362651348114,0.0561
3.5,2280.050015926361,0.060399999999999995
3.5,2281.052267551422,0.0561
3.5,2282.0548419952393,0.055099999999999996
3.5,2284.0582745075226,0.0595
3.5,2285.0666904449463,0.0595
3.5,2286.070864677429,0.0595
3.5,2287.0742025375366,0.0595
3.5,2288.076131105423,0.0595
3.5,2289.076819896698,0.0595
3.5,2290.0803298950195,0.0553
3.5,2291.0832979679108,0.0553
3.5,2292.0837581157684,0.0553
3.5,2293.0846157073975,0.055099999999999996
3.5,2294.085548400879,0.0553
3.5,2295.0870575904846,0.054199999999999984
3.5,2296.0875248908997,0.05869999999999999
3.5,2297.0889596939087,0.054400000000000004
3.5,2298.097724199295,0.05339999999999999
3.5,2299.1051926612854,0.0576
3.5,2300.1058642864227,0.0576
3.5,2301.1210725307465,0.05339999999999999
3.5,2303.1346299648285,0.05249999999999999
3.5,2304.1502678394318,0.056999999999999995
3.5,2305.166239500046,0.0568
3.5,2306.182996034622,0.0568
3.5,2307.1893010139465,0.056999999999999995
3.5,2308.225733280182,0.0568
3.5,2309.2346527576447,0.056999999999999995
3.5,2310.237420797348,0.056999999999999995
3.5,2311.2498927116394,0.0568
3.5,2312.2533621788025,0.056999999999999995
3.5,2313.257114648819,0.056999999999999995
3.5,2314.2584266662598,0.05249999999999999
3.5,2315.2590112686157,0.04829999999999998
3.5,2316.2596142292023,0.0561
3.5,2317.260577917099,0.0561
3.5,2318.267651319504,0.051699999999999996
3.5,2319.270563364029,0.0474
3.5,2320.273046016693,0.055099999999999996
3.5,2321.2799611091614,0.055099999999999996
3.5,2323.2894389629364,0.050799999999999984
3.5,2324.297349214554,0.04949999999999999
3.5,2325.3072035312653,0.04999999999999999
3.5,2326.3154904842377,0.04999999999999999
3.5,2327.330197095871,0.04999999999999999
3.5,2328.3456621170044,0.04999999999999999
3.5,2329.362156152725,0.04999999999999999
3.5,2330.377297401428,0.04999999999999999
3.5,2331.39350605011,0.04999999999999999
3.5,2332.411049604416,0.04999999999999999
3.5,2333.4285292625427,0.04999999999999999
3.5,2334.44344997406,0.054400000000000004
3.5,2335.461172103882,0.054199999999999984
3.5,2336.4768192768097,0.04930000000000001
3.5,2337.4942679405212,0.04909999999999998
3.5,2338.508237838745,0.05339999999999999
3.5,2339.5247509479523,0.05339999999999999
3.5,2340.543319940567,0.04909999999999998
3.5,2341.559818506241,0.044899999999999995
3.5,2343.575168609619,0.04829999999999998
3.5,2344.5874190330505,0.05249999999999999
3.5,2345.6061096191406,0.05249999999999999
3.5,2346.6170551776886,0.05249999999999999
3.5,2347.6330683231354,0.05249999999999999
3.5,2348.651400089264,0.05249999999999999
3.5,2349.656727552414,0.05249999999999999
3.5,2350.6740832328796,0.05249999999999999
3.5,2351.690193414688,0.05249999999999999
3.5,2352.7097973823547,0.05249999999999999
3.5,2353.7199010849,0.05249999999999999
3.5,2354.733513355255,0.05249999999999999
3.5,2355.7497029304504,0.04829999999999998
3.5,2356.7674300670624,0.043999999999999984
3.5,2357.772492647171,0.0474
3.5,2358.787089586258,0.051699999999999996
3.5,2359.8038959503174,0.0474
3.5,2360.8109707832336,0.04319999999999999
3.5,2361.827703475952,0.046599999999999975
3.5,2363.83078956604,0.050799999999999984
3.5,2364.8407864570618,0.050799999999999984
3.5,2365.856098651886,0.050799999999999984
3.5,2366.873061656952,0.050799999999999984
3.5,2367.890501499176,0.050799999999999984
3.5,2368.899486541748,0.050799999999999984
3.5,2369.915704727173,0.050799999999999984
3.5,2370.93239068985,0.050799999999999984
3.5,2371.9505472183228,0.050799999999999984
3.5,2372.967593193054,0.050799999999999984
3.5,2373.984304666519,0.046599999999999975
3.5,2375.0025041103363,0.046599999999999975
3.5,2376.010854244232,0.04569999999999999
3.5,2377.030333995819,0.04999999999999999
3.5,2378.07848238945,0.04949999999999999
3.5,2379.080889225006,0.04999999999999999
3.5,2380.096853494644,0.04569999999999999
3.5,2381.098884820938,0.044899999999999995
3.5,2383.100614309311,0.04909999999999998
3.5,2384.109438419342,0.04909999999999998
3.5,2385.1105983257294,0.04909999999999998
3.5,2386.1112716197968,0.04909999999999998
3.5,2387.1125679016113,0.04909999999999998
3.5,2388.1163399219513,0.04909999999999998
3.5,2389.1179699897766,0.04909999999999998
3.5,2390.126339197159,0.04909999999999998
3.5,2391.137529373169,0.04909999999999998
3.5,2392.1444506645203,0.04909999999999998
3.5,2393.155213832855,0.04909999999999998
3.5,2394.1744916439056,0.04829999999999998
3.5,2395.1894631385803,0.044899999999999995
3.5,2396.204883337021,0.043999999999999984
3.5,2397.2202458381653,0.043999999999999984
3.5,2398.250824213028,0.04829999999999998
3.5,2399.2583343982697,0.04829999999999998
3.5,2401.2823123931885,0.04829999999999998
3.5,2402.2829105854034,0.043999999999999984
3.5,2403.2859437465668,0.043999999999999984
3.5,2404.2877073287964,0.043999999999999984
3.5,2405.2909767627716,0.043999999999999984
3.5,2406.296133995056,0.043999999999999984
3.5,2407.296788215637,0.043999999999999984
3.5,2408.297773838043,0.043999999999999984
3.5,2409.298521757126,0.043999999999999984
3.5,2410.2993216514587,0.043999999999999984
3.5,2411.3002696037292,0.043999999999999984
3.5,2412.3008732795715,0.0398
3.5,2413.30228638649,0.0398
3.5,2414.3030648231506,0.0388
3.5,2415.3073897361755,0.0388
3.5,2416.3157448768616,0.0388
3.5,2417.326772212982,0.0406
3.5,2418.3340373039246,0.04319999999999999
3.5,2419.3480887413025,0.0406
3.5,2421.36269903183,0.0474
3.5,2422.3756306171417,0.0406
3.5,2423.391672849655,0.04319999999999999
3.5,2424.3950674533844,0.04049999999999998
3.5,2425.414449453354,0.04680000000000001
3.5,2426.431553840637,0.04319999999999999
3.5,2427.4450721740723,0.04680000000000001
3.5,2428.4623880386353,0.0406
3.5,2429.473304748535,0.04319999999999999
3.5,2430.4892144203186,0.04049999999999998
3.5,2431.504929304123,0.04299999999999998
3.5,2432.5235056877136,0.0474
3.5,2433.5384814739227,0.04049999999999998
3.5,2434.554190158844,0.04319999999999999
3.5,2435.563393354416,0.0474
3.5,2436.578754425049,0.0474
3.5,2437.592878341675,0.0406
3.5,2438.609052181244,0.04319999999999999
3.5,2439.6260855197906,0.0406
3.5,2441.6349284648895,0.04319999999999999
3.5,2442.6392738819122,0.0406
3.5,2443.655864238739,0.046599999999999975
3.5,2444.67751288414,0.04680000000000001
3.5,2445.6845819950104,0.0406
3.5,2446.7031075954437,0.04680000000000001
3.5,2447.719356060028,0.04319999999999999
3.5,2448.7312619686127,0.0406
3.5,2449.746788263321,0.04680000000000001
3.5,2450.762372493744,0.04680000000000001
3.5,2451.7783625125885,0.0474
3.5,2452.7910380363464,0.04319999999999999
3.5,2453.8079516887665,0.0474
3.5,2454.8244400024414,0.0406
3.5,2455.841201543808,0.0406
3.5,2456.849928855896,0.04319999999999999
3.5,2457.8667681217194,0.0406
3.5,2458.8820264339447,0.0474
3.5,2459.89848279953,0.04319999999999999
3.5,2461.902358531952,0.0474
3.5,2462.912444114685,0.0406
3.5,2463.9292187690735,0.04299999999999998
3.5,2464.945902824402,0.04299999999999998
3.5,2465.9515743255615,0.0406
3.5,2466.9697818756104,0.0388
3.5,2467.9830350875854,0.04319999999999999
3.5,2469.0015127658844,0.0406
3.5,2470.013571023941,0.04319999999999999
3.5,2471.0275666713715,0.0406
3.5,2472.046238183975,0.04319999999999999
3.5,2473.0629584789276,0.0406
3.5,2474.0934097766876,0.04319999999999999
3.5,2475.0948350429535,0.04319999999999999
3.5,2476.111853122711,0.0406
3.5,2477.1141946315765,0.04319999999999999
3.5,2478.125441789627,0.0406
3.5,2479.1276473999023,0.0474
3.5,2480.132801055908,0.0406
3.5,2482.134848356247,0.04049999999999998
3.5,2483.1427733898163,0.0474
3.5,2484.14395236969,0.04319999999999999
3.5,2485.145927667618,0.04319999999999999
3.5,2486.146914243698,0.04049999999999998
3.5,2487.1496107578278,0.0406
3.5,2488.1590554714203,0.0406
3.5,2489.1690967082977,0.04319999999999999
3.5,2490.172263622284,0.04319999999999999
3.5,2491.1811809539795,0.0406
3.5,2492.1948750019073,0.04319999999999999
3.5,2493.2103550434113,0.0406
3.5,2494.2269077301025,0.04319999999999999
3.5,2495.235622406006,0.0474
3.5,2496.2529661655426,0.04319999999999999
3.5,2497.271592617035,0.0474
3.5,2498.2888565063477,0.0406
3.5,2499.3075664043427,0.0406
3.5,2501.336350440979,0.04319999999999999
3.5,2502.3394043445587,0.0474
3.5,2503.3444476127625,0.04319999999999999
3.5,2504.3538341522217,0.0406
3.5,2505.355612754822,0.046599999999999975
3.5,2506.356756925583,0.04680000000000001
3.5,2507.362211227417,0.04319999999999999
3.5,2508.363139629364,0.0406
3.5,2509.3648562431335,0.04680000000000001
3.5,2510.3657760620117,0.046599999999999975
3.5,2511.3667306900024,0.04319999999999999
3.5,2512.36793756485,0.0474
3.5,2513.3685977458954,0.0474
3.5,2514.3697662353516,0.04319999999999999
3.5,2515.37034201622,0.04319999999999999
3.5,2516.371136903763,0.0406
3.5,2517.3726081848145,0.04319999999999999
3.5,2518.3747465610504,0.0406
3.5,2519.3765609264374,0.0474
3.5,2521.3782300949097,0.04319999999999999
3.5,2522.385471343994,0.04319999999999999
3.5,2523.395574569702,0.04049999999999998
3.5,2524.4032797813416,0.0406
3.5,2525.4125385284424,0.0406
3.5,2526.420559167862,0.04319999999999999
3.5,2527.4359238147736,0.0406
3.5,2528.4521713256836,0.04680000000000001
3.5,2529.4643998146057,0.04049999999999998
3.5,2530.4668221473694,0.04319999999999999
3.5,2531.4840466976166,0.04319999999999999
3.5,2532.500646352768,0.0406
3.5,2533.5165452957153,0.0474
3.5,2534.534035205841,0.0474
3.5,2535.538741350174,0.0406
3.5,2536.5559215545654,0.0406
3.5,2537.56432557106,0.04049999999999998
3.5,2539.579967021942,0.04319999999999999
3.5,2540.5836040973663,0.0474
3.5,2541.6004986763,0.04049999999999998
3.5,2542.6174309253693,0.04319999999999999
3.5,2543.635308265686,0.0406
3.5,2544.643585920334,0.04049999999999998
3.5,2545.6608889102936,0.04319999999999999
3.5,2546.679679632187,0.0406
3.5,2547.697480916977,0.046599999999999975
3.5,2548.715500831604,0.0406
3.5,2549.73082947731,0.0474
3.5,2550.7381389141083,0.0406
3.5,2551.7547833919525,0.0474
3.5,2552.7706592082977,0.0474
3.5,2553.7866473197937,0.0474
3.5,2554.8032886981964,0.0474
3.5,2555.8197255134583,0.0474
3.5,2556.83939576149,0.0474
3.5,2557.8579449653625,0.0474
3.5,2559.873928308487,0.04299999999999998
3.5,2560.8842520713806,0.04319999999999999
3.5,2561.899260520935,0.04680000000000001
3.5,2562.915112018585,0.04680000000000001
3.5,2563.935994386673,0.0406
3.5,2564.952209711075,0.04319999999999999
3.5,2565.9689836502075,0.04319999999999999
3.5,2566.986987352371,0.0406
3.5,2568.004595518112,0.04319999999999999
3.5,2569.0124032497406,0.04319999999999999
3.5,2570.015156984329,0.0406
3.5,2571.0325841903687,0.0406
3.5,2572.0495150089264,0.04319999999999999
3.5,2573.0667054653168,0.04319999999999999
3.5,2574.083904981613,0.04319999999999999
3.5,2575.1004824638367,0.04319999999999999
3.5,2576.134251356125,0.0406
3.5,2577.1474227905273,0.04319999999999999
3.5,2578.1492125988007,0.04049999999999998
3.5,2580.150514602661,0.0406
3.5,2581.163249731064,0.0388
3.5,2582.165241241455,0.04319999999999999
3.5,2583.171891450882,0.0406
3.5,2584.1728987693787,0.0406
3.5,2585.173652648926,0.04319999999999999
3.5,2586.175213575363,0.04049999999999998
3.5,2587.175850391388,0.04319999999999999
3.5,2588.1765880584717,0.04319999999999999
3.5,2589.177251815796,0.04049999999999998
3.5,2590.1784212589264,0.04319999999999999
3.5,2591.1790902614594,0.04319999999999999
3.5,2592.180425643921,0.0406
3.5,2593.1826910972595,0.04319999999999999
3.5,2594.1844806671143,0.0406
3.5,2595.1857154369354,0.04319999999999999
3.5,2596.186836004257,0.04319999999999999
3.5,2597.1877751350403,0.04319999999999999
3.5,2599.188700914383,0.0406
3.5,2600.1900577545166,0.0406
3.5,2601.1996927261353,0.0406
3.5,2602.2064924240112,0.0406
3.5,2603.217493534088,0.0406
3.5,2604.225614786148,0.04049999999999998
3.5,2605.247174024582,0.04319999999999999
3.5,2606.2629809379578,0.0406
3.5,2607.2792389392853,0.04319999999999999
3.5,2608.293999671936,0.04049999999999998
3.5,2609.3087301254272,0.04319999999999999
3.5,2610.324588060379,0.0406
3.5,2611.3322319984436,0.04049999999999998
3.5,2612.352348089218,0.04319999999999999
3.5,2613.385665178299,0.04319999999999999
3.5,2614.400993347168,0.0406
3.5,2615.403263092041,0.0474
3.5,2617.410986185074,0.0474
3.5,2618.4176120758057,0.0406
3.5,2619.4186227321625,0.04049999999999998
3.5,2620.4244997501373,0.04319999999999999
3.5,2621.425867795944,0.04049999999999998
3.5,2622.4445259571075,0.04319999999999999
3.5,2623.44864821434,0.04319999999999999
3.5,2624.454170703888,0.04049999999999998
3.5,2625.4638965129852,0.04319999999999999
3.5,2626.4737577438354,0.04319999999999999
3.5,2627.478812932968,0.0406
3.5,2628.4956822395325,0.04049999999999998
3.5,2629.511312484741,0.04319999999999999
3.5,2630.5265810489655,0.04319999999999999
3.5,2631.534465074539,0.0388
3.5,2632.5525233745575,0.0406
3.5,2633.567474126816,0.04319999999999999
3.5,2634.579550743103,0.04319999999999999
3.5,2636.596167087555,0.04319999999999999
3.5,2637.607283592224,0.0406
3.5,2638.6129591464996,0.0388
3.5,2639.630248069763,0.04319999999999999
3.5,2640.6451337337494,0.04319999999999999
3.5,2641.662040948868,0.0406
3.5,2642.6793150901794,0.04319999999999999
3.5,2643.6967902183533,0.0406
3.5,2644.7156825065613,0.0406
3.5,2645.7337217330933,0.04319999999999999
3.5,2646.752112388611,0.04319999999999999
3.5,2647.7697014808655,0.0406
3.5,2648.783096551895,0.04319999999999999
3.5,2649.800570487976,0.0406
3.5,2650.8164949417114,0.04319999999999999
3.5,2651.8320124149323,0.0406
3.5,2652.8474135398865,0.04319999999999999
3.5,2653.8625457286835,0.04319999999999999
3.5,2654.8688247203827,0.0406
3.5,2656.889361858368,0.04319999999999999
3.5,2657.904863834381,0.0406
3.5,2658.9223001003265,0.04049999999999998
3.5,2659.9387805461884,0.04319999999999999
3.5,2660.9563961029053,0.04319999999999999
3.5,2661.9674575328827,0.0406
3.5,2662.9842398166656,0.04319999999999999
3.5,2663.9999833106995,0.0406
3.5,2665.0171933174133,0.04319999999999999
3.5,2666.033196926117,0.04319999999999999
3.5,2667.0393397808075,0.0406
3.5,2668.0570340156555,0.04319999999999999
3.5,2669.0748331546783,0.0406
3.5,2670.092490673065,0.04319999999999999
3.5,2671.1079387664795,0.0406
3.5,2672.123106241226,0.04319999999999999
3.5,2673.1391146183014,0.0406
3.5,2674.1570472717285,0.04319999999999999
3.5,2675.1906599998474,0.0388
3.5,2677.193504333496,0.0406
3.5,2678.1992661952972,0.04299999999999998
3.5,2679.20743560791,0.04319999999999999
3.5,2680.2097511291504,0.0406
3.5,2681.2207939624786,0.04319999999999999
3.5,2682.255674600601,0.04319999999999999
3.5,2683.2569370269775,0.04319999999999999
3.5,2684.2640619277954,0.0406
3.5,2685.2762949466705,0.0406
3.5,2686.2843697071075,0.0406
3.5,2687.2960438728333,0.04319999999999999
3.5,2688.300671815872,0.04319999999999999
3.5,2689.3171830177307,0.04319999999999999
3.5,2690.333597421646,0.04049999999999998
3.5,2691.348687648773,0.0406
3.5,2692.366311788559,0.04319999999999999
3.5,2693.3824124336243,0.0406
3.5,2694.413164615631,0.0406
3.5,2695.421558380127,0.04319999999999999
3.5,2697.426663160324,0.04319999999999999
3.5,2698.4282553195953,0.0406
3.5,2699.4335174560547,0.04319999999999999
3.5,2700.434845685959,0.0406
3.5,2701.4470088481903,0.04319999999999999
3.5,2702.450681447983,0.04049999999999998
3.5,2703.4514298439026,0.04319999999999999
3.5,2704.452201604843,0.04319999999999999
3.5,2705.452971458435,0.0406
3.5,2706.4553666114807,0.04319999999999999
3.5,2707.4571857452393,0.0406
3.5,2708.4595556259155,0.0474
3.5,2709.463386774063,0.0406
3.5,2710.464090824127,0.04319999999999999
3.5,2711.464946269989,0.04319999999999999
3.5,2712.4656727313995,0.0406
3.5,2713.466267347336,0.0406
3.5,2714.4667675495148,0.04319999999999999
3.5,2715.4702563285828,0.0406
3.5,2717.4715123176575,0.04319999999999999
3.5,2718.4801795482635,0.0406
3.5,2719.4869401454926,0.04319999999999999
3.5,2720.498021841049,0.0406
3.5,2721.5066232681274,0.0406
3.5,2722.5219271183014,0.04319999999999999
3.5,2723.538980484009,0.0406
3.5,2724.546872854233,0.04319999999999999
3.5,2725.5493845939636,0.04049999999999998
3.5,2726.5665662288666,0.0406
3.5,2727.574009180069,0.04319999999999999
3.5,2728.5867578983307,0.0406
3.5,2729.6016364097595,0.0474
3.5,2730.618127346039,0.04049999999999998
3.5,2731.637359380722,0.0406
3.5,2732.654381752014,0.0406
3.5,2733.6702523231506,0.04319999999999999
3.5,2735.6874647140503,0.04319999999999999
3.5,2736.6999995708466,0.04299999999999998
3.5,2737.7174820899963,0.0406
3.5,2738.733743906021,0.04319999999999999
3.5,2739.751662015915,0.0406
3.5,2740.7667610645294,0.04319999999999999
3.5,2741.785440683365,0.04049999999999998
3.5,2742.8008136749268,0.04319999999999999
3.5,2743.8187398910522,0.0406
3.5,2744.8321616649628,0.04319999999999999
3.5,2745.849951505661,0.04049999999999998
3.5,2746.8659851551056,0.04319999999999999
3.5,2747.8851404190063,0.0406
3.5,2748.900610923767,0.04319999999999999
3.5,2749.903749704361,0.04319999999999999
3.5,2750.9075787067413,0.0406
3.5,2751.924778699875,0.04319999999999999
3.5,2752.9408614635468,0.0474
3.5,2753.957855939865,0.0406
3.5,2755.974264860153,0.04319999999999999
3.5,2756.985833644867,0.0406
3.5,2758.0018956661224,0.0406
3.5,2759.017491340637,0.04319999999999999
3.5,2760.0196392536163,0.04319999999999999
3.5,2761.034272670746,0.04049999999999998
3.5,2762.053103685379,0.04319999999999999
3.5,2763.0697119235992,0.0406
3.5,2764.0847902297974,0.04319999999999999
3.5,2765.101086616516,0.0388
3.5,2766.118398666382,0.0388
3.5,2767.1373846530914,0.0406
3.5,2768.1554594039917,0.04319999999999999
3.5,2769.1687474250793,0.04319999999999999
3.5,2770.1789746284485,0.0406
3.5,2771.194652080536,0.04319999999999999
3.5,2772.221083164215,0.04049999999999998
3.5,2773.2528355121613,0.0406
3.5,2774.2592866420746,0.0406
3.5,2776.26837182045,0.04299999999999998
3.5,2777.2709290981293,0.04049999999999998
3.5,2778.275835752487,0.04319999999999999
3.5,2779.27693939209,0.0406
3.5,2780.2776210308075,0.04319999999999999
3.5,2781.278408050537,0.0406
3.5,2782.279439687729,0.0406
3.5,2783.281165122986,0.04319999999999999
3.5,2784.281817674637,0.0406
3.5,2785.2827966213226,0.04319999999999999
3.5,2786.2844984531403,0.0406
3.5,2787.285748720169,0.04319999999999999
3.5,2788.287441968918,0.04049999999999998
3.5,2789.3038246631622,0.04319999999999999
3.5,2790.304743051529,0.04049999999999998
3.5,2791.31156206131,0.04319999999999999
3.5,2792.3148889541626,0.04319999999999999
3.5,2793.325923204422,0.04319999999999999
3.5,2795.33065199852,0.0406
3.5,2796.3424298763275,0.04319999999999999
3.5,2797.3558275699615,0.04049999999999998
3.5,2798.366307258606,0.04319999999999999
3.5,2799.3846139907837,0.0406
3.5,2800.3966886997223,0.04319999999999999
3.5,2801.4132158756256,0.0406
3.5,2802.429613351822,0.04319999999999999
3.5,2803.4318385124207,0.04319999999999999
3.5,2804.4608261585236,0.04680000000000001
3.5,2805.4735555648804,0.04319999999999999
3.5,2806.474701166153,0.0474
3.5,2807.4786581993103,0.04319999999999999
3.5,2808.4918370246887,0.0406
3.5,2809.4938657283783,0.04319999999999999
3.5,2810.4962861537933,0.0406
3.5,2811.500619649887,0.0474
3.5,2812.5041785240173,0.0474
3.5,2814.5055162906647,0.04319999999999999
3.5,2815.5063943862915,0.04319999999999999
3.5,2816.5076088905334,0.0406
3.5,2817.5106999874115,0.04049999999999998
3.5,2818.512091398239,0.04299999999999998
3.5,2819.5129001140594,0.04049999999999998
3.5,2820.5137956142426,0.04319999999999999
3.5,2821.5144708156586,0.04680000000000001
3.5,2822.515352487564,0.04049999999999998
3.5,2823.518041610718,0.0406
3.5,2824.51949262619,0.0406
3.5,2825.521609067917,0.04319999999999999
3.5,2826.529383420944,0.0406
3.5,2827.5361075401306,0.04319999999999999
3.5,2828.547331571579,0.04049999999999998
3.5,2829.5596528053284,0.04319999999999999
3.5,2830.5715804100037,0.04049999999999998
3.5,2832.5880420207977,0.04049999999999998
3.5,2833.603503227234,0.04319999999999999
3.5,2834.619893312454,0.0406
3.5,2835.6376366615295,0.04049999999999998
3.5,2836.655173063278,0.04319999999999999
3.5,2837.67089509964,0.04049999999999998
3.5,2838.6845202445984,0.04319999999999999
3.5,2839.693374633789,0.0406
3.5,2840.710199356079,0.04049999999999998
3.5,2841.7268557548523,0.04319999999999999
3.5,2842.743522167206,0.0406
3.5,2843.7594742774963,0.0406
3.5,2844.769655942917,0.04319999999999999
3.5,2845.778588294983,0.0406
3.5,2846.791339635849,0.04319999999999999
3.5,2847.803269147873,0.04319999999999999
3.5,2848.819306373596,0.04049999999999998
3.5,2849.8225009441376,0.04319999999999999
3.5,2850.839189052582,0.0406
3.5,2852.841393470764,0.0406
3.5,2853.8506133556366,0.04319999999999999
3.5,2854.8669357299805,0.04319999999999999
3.5,2855.883758544922,0.04319999999999999
3.5,2856.899132013321,0.04319999999999999
3.5,2857.9139664173126,0.0406
3.5,2858.931916475296,0.04319999999999999
3.5,2859.949994325638,0.04319999999999999
3.5,2860.96271777153,0.0406
3.5,2861.9675731658936,0.0406
3.5,2862.981662750244,0.04319999999999999
3.5,2863.9956998825073,0.04319999999999999
3.5,2865.0137763023376,0.0406
3.5,2866.030860185623,0.0406
3.5,2867.0466799736023,0.0406
3.5,2868.0664048194885,0.04049999999999998
3.5,2869.0825986862183,0.04319999999999999
3.5,2870.0983922481537,0.04319999999999999
3.5,2871.114559650421,0.0406
3.5,2873.1310601234436,0.04319999999999999
3.5,2874.1407573223114,0.0406
3.5,2875.1578748226166,0.04319999999999999
3.5,2876.1753487586975,0.0406
3.5,2877.1903569698334,0.04319999999999999
3.5,2878.210662126541,0.0406
3.5,2879.2303597927094,0.04319999999999999
3.5,2880.23645734787,0.04319999999999999
3.5,2881.257071018219,0.0406
3.5,2882.2898762226105,0.04319999999999999
3.5,2883.3024213314056,0.0406
3.5,2884.305025577545,0.0406
3.5,2885.308065891266,0.04319999999999999
3.5,2886.3109765052795,0.0406
3.5,2887.3249003887177,0.04319999999999999
3.5,2888.3551087379456,0.0406
3.5,2889.356243610382,0.0406
3.5,2890.3636095523834,0.04319999999999999
3.5,2891.3755407333374,0.0406
3.5,2893.38938498497,0.0406
3.5,2894.401497364044,0.04319999999999999
3.5,2895.416801929474,0.0406
3.5,2896.433180809021,0.0406
3.5,2897.448644399643,0.0406
3.5,2898.4664957523346,0.04319999999999999
3.5,2899.4831619262695,0.04319999999999999
3.5,2900.5110149383545,0.04049999999999998
3.5,2901.5221655368805,0.04319999999999999
3.5,2902.534259557724,0.0406
3.5,2903.5435903072357,0.04319999999999999
3.5,2904.5486760139465,0.04049999999999998
3.5,2905.5520606040955,0.04319999999999999
3.5,2906.572921514511,0.04049999999999998
3.5,2907.5746002197266,0.0474
3.5,2908.5855882167816,0.0406
3.5,2909.594774723053,0.0406
3.5,2910.596346139908,0.04319999999999999
3.5,2911.608519077301,0.0406
3.5,2913.6235218048096,0.04319999999999999
3.5,2914.636023044586,0.0406
3.5,2915.6543023586273,0.04319999999999999
3.5,2916.6674666404724,0.0406
3.5,2917.679767370224,0.04319999999999999
3.5,2918.6956889629364,0.0406
3.5,2919.712235689163,0.04319999999999999
3.5,2920.7206931114197,0.04680000000000001
3.5,2921.73193526268,0.04680000000000001
3.5,2922.748002767563,0.046599999999999975
3.5,2923.7633414268494,0.04319999999999999
3.5,2924.781983613968,0.0406
3.5,2925.8000411987305,0.0474
3.5,2926.817204475403,0.0474
3.5,2927.8342270851135,0.04049999999999998
3.5,2928.852084159851,0.0406
3.5,2929.8586914539337,0.04319999999999999
3.5,2930.8658888339996,0.0406
3.5,2931.883071422577,0.0406
3.5,2933.9000873565674,0.04319999999999999
3.5,2934.9134283065796,0.0406
3.5,2935.924231529236,0.04319999999999999
3.5,2936.941134929657,0.04049999999999998
3.5,2937.9584600925446,0.04319999999999999
3.5,2938.974092245102,0.0406
3.5,2939.9824283123016,0.04319999999999999
3.5,2940.9905421733856,0.0406
3.5,2942.0085270404816,0.0406
3.5,2943.024244785309,0.0406
3.5,2944.0345220565796,0.04319999999999999
3.5,2945.049426794052,0.04049999999999998
3.5,2946.0648381710052,0.04299999999999998
3.5,2947.0692892074585,0.0388
3.5,2948.083032608032,0.04049999999999998
3.5,2949.100254058838,0.04319999999999999
3.5,2950.1164622306824,0.04049999999999998
3.5,2951.1328399181366,0.04319999999999999
3.5,2952.143012523651,0.0406
3.5,2954.1606147289276,0.04319999999999999
3.5,2955.1717278957367,0.04049999999999998
3.5,2956.187504053116,0.04319999999999999
3.5,2957.205968141556,0.04319999999999999
3.5,2958.2226300239563,0.0406
3.5,2959.2382502555847,0.0406
3.5,2960.2582864761353,0.04319999999999999
3.5,2961.2746500968933,0.0406
3.5,2962.2930674552917,0.04319999999999999
3.5,2963.330007791519,0.0406
3.5,2964.3404834270477,0.04319999999999999
3.5,2965.342212200165,0.04049999999999998
3.5,2966.344341993332,0.0388
3.5,2967.3482868671417,0.0406
3.5,2968.356058359146,0.04319999999999999
3.5,2969.3585760593414,0.0406
3.5,2970.3614411354065,0.04319999999999999
3.5,2971.3633596897125,0.0406
3.5,2972.3670995235443,0.04049999999999998
3.5,2974.368508338928,0.04319999999999999
3.5,2975.3787126541138,0.0406
3.5,2976.3863101005554,0.0406
3.5,2977.3978865146637,0.04299999999999998
3.5,2978.4098365306854,0.04319999999999999
3.5,2979.424549102783,0.0388
3.5,2980.4409844875336,0.0406
3.5,2981.4500522613525,0.04319999999999999
3.5,2982.4656932353973,0.0406
3.5,2983.4805765151978,0.04319999999999999
3.5,2984.497392654419,0.04319999999999999
3.5,2985.5070083141327,0.0406
3.5,2986.533929824829,0.0406
3.5,2987.5492300987244,0.04319999999999999
3.5,2988.5508654117584,0.0406
3.5,2989.556429386139,0.04319999999999999
3.5,2990.55704665184,0.0406
3.5,2991.572016954422,0.0406
3.5,2993.5740869045258,0.04319999999999999
3.5,2994.5770263671875,0.04049999999999998
3.5,2995.577831029892,0.0406
3.5,2996.5786259174347,0.04319999999999999
3.5,2997.580299139023,0.0406
3.5,2998.596335411072,0.0406
3.5,2999.596828222275,0.04049999999999998
3.5,3000.6074981689453,0.04319999999999999
3.5,3001.616713285446,0.0406
3.5,3002.6257553100586,0.04319999999999999
3.5,3003.6404931545258,0.0406
3.5,3004.656180858612,0.04319999999999999
3.5,3005.673905134201,0.0406
3.5,3006.690042257309,0.04319999999999999
3.5,3007.7044818401337,0.0406
3.5,3008.723093509674,0.04319999999999999
3.5,3009.739305496216,0.0406
3.5,3011.7563683986664,0.0474
3.5,3012.768676519394,0.0474
3.5,3013.7834661006927,0.04319999999999999
3.5,3014.7920639514923,0.04319999999999999
3.5,3015.8088467121124,0.04680000000000001
3.5,3016.8270978927612,0.04680000000000001
3.5,3017.8431079387665,0.0406
3.5,3018.8645713329315,0.04680000000000001
3.5,3019.8815610408783,0.0406
3.5,3020.89785861969,0.04680000000000001
3.5,3021.9131400585175,0.0474
3.5,3022.9246320724487,0.0474
3.5,3023.9356830120087,0.0474
3.5,3024.9478561878204,0.04319999999999999
3.5,3025.9652104377747,0.0474
3.5,3026.978095293045,0.0474
3.5,3027.99405503273,0.0406
3.5,3029.0109753608704,0.04319999999999999
3.5,3030.029480457306,0.0406
3.5,3032.0464470386505,0.04319999999999999
3.5,3033.0576848983765,0.0406
3.5,3034.07324886322,0.04319999999999999
3.5,3035.0841748714447,0.0406
3.5,3036.1004276275635,0.04049999999999998
3.5,3037.117951154709,0.0406
3.5,3038.1343495845795,0.04319999999999999
3.5,3039.1512792110443,0.0406
3.5,3040.1670978069305,0.04319999999999999
3.5,3041.1851019859314,0.04680000000000001
3.5,3042.202874660492,0.04319999999999999
3.5,3043.2197432518005,0.04319999999999999
3.5,3044.2387433052063,0.0406
3.5,3045.254663705826,0.03889999999999999
3.5,3046.256938934326,0.0406
3.5,3047.270441532135,0.0406
3.5,3048.283126592636,0.0474
3.5,3049.303726673126,0.0474
3.5,3050.3205976486206,0.0474
3.5,3052.3476705551147,0.0474
3.5,3053.3552260398865,0.04319999999999999
3.5,3054.3605575561523,0.046599999999999975
3.5,3055.3724553585052,0.046599999999999975
3.5,3056.3880898952484,0.04680000000000001
3.5,3057.391709804535,0.0406
3.5,3058.394065618515,0.04680000000000001
3.5,3059.398831129074,0.04319999999999999
3.5,3060.400689601898,0.04680000000000001
3.5,3061.4020047187805,0.04680000000000001
3.5,3062.403397798538,0.0474
3.5,3063.4042110443115,0.0474
3.5,3064.4052107334137,0.0406
3.5,3065.4136044979095,0.04299999999999998
3.5,3066.421764612198,0.0474
3.5,3067.4314460754395,0.04319999999999999
3.5,3068.439819574356,0.0406
3.5,3069.456946849823,0.0406
3.5,3070.4655289649963,0.04319999999999999
3.5,3072.4813117980957,0.04319999999999999
3.5,3073.4948115348816,0.0388
3.5,3074.511987924576,0.0406
3.5,3075.528412103653,0.04319999999999999
3.5,3076.5588290691376,0.04319999999999999
3.5,3077.576061964035,0.0406
3.5,3078.580454826355,0.04299999999999998
3.5,3079.5921959877014,0.04319999999999999
3.5,3080.5965151786804,0.0406
3.5,3081.597390651703,0.04319999999999999
3.5,3082.5999286174774,0.04049999999999998
3.5,3083.601702928543,0.04319999999999999
3.5,3084.603001356125,0.04319999999999999
3.5,3085.606992959976,0.04319999999999999
3.5,3086.6094465255737,0.04319999999999999
3.5,3087.6107923984528,0.0406
3.5,3088.611335039139,0.0406
3.5,3089.620655298233,0.0406
3.5,3090.6298632621765,0.04319999999999999
3.5,3092.638527870178,0.0406
3.5,3093.64067530632,0.04319999999999999
3.5,3094.650412797928,0.0406
3.5,3095.664690732956,0.04049999999999998
3.5,3096.6814908981323,0.04319999999999999
3.5,3097.69841337204,0.0406
3.5,3098.714702606201,0.04299999999999998
3.5,3099.7289419174194,0.04319999999999999
3.5,3100.7456572055817,0.04049999999999998
3.5,3101.7625081539154,0.04319999999999999
3.5,3102.7708883285522,0.0406
3.5,3103.7867329120636,0.04319999999999999
3.5,3104.7891957759857,0.04049999999999998
3.5,3105.804906606674,0.0406
3.5,3106.821537733078,0.04319999999999999
3.5,3107.837821483612,0.0474
3.5,3108.8539419174194,0.0406
3.5,3110.860821247101,0.0406
3.5,3111.866699695587,0.0406
3.5,3112.8839826583862,0.04319999999999999
3.5,3113.901590824127,0.0406
3.5,3114.9175601005554,0.0406
3.5,3115.9341158866882,0.04319999999999999
3.5,3116.9505524635315,0.04319999999999999
3.5,3117.9664993286133,0.0406
3.5,3118.982712984085,0.04319999999999999
3.5,3119.9968254566193,0.04299999999999998
3.5,3121.0120253562927,0.04319999999999999
3.5,3122.0283551216125,0.04319999999999999
3.5,3123.0412192344666,0.0474
3.5,3124.05664730072,0.0474
3.5,3125.0686070919037,0.04049999999999998
3.5,3126.082424402237,0.04319999999999999
3.5,3127.100523710251,0.04049999999999998
3.5,3128.1203117370605,0.04319999999999999
3.5,3130.1380376815796,0.04319999999999999
3.5,3131.1482739448547,0.0406
3.5,3132.1660470962524,0.04319999999999999
3.5,3133.171866416931,0.0406
3.5,3134.18967628479,0.0406
3.5,3135.2066357135773,0.04319999999999999
3.5,3136.2166469097137,0.0406
3.5,3137.232945203781,0.04319999999999999
3.5,3138.2354323863983,0.04049999999999998
3.5,3139.2524144649506,0.0406
3.5,3140.2699630260468,0.04319999999999999
3.5,3141.285180091858,0.0406
3.5,3142.302628993988,0.0406
3.5,3143.3160812854767,0.04319999999999999
3.5,3144.332850456238,0.04049999999999998
3.5,3145.3414101600647,0.0406
3.5,3146.357115983963,0.0406
3.5,3147.359590768814,0.04319999999999999
3.5,3148.391082048416,0.04319999999999999
3.5,3150.3961408138275,0.0406
3.5,3151.3976352214813,0.0406
3.5,3152.4106953144073,0.04319999999999999
3.5,3153.4118859767914,0.0406
3.5,3154.4156546592712,0.04049999999999998
3.5,3155.4306445121765,0.04319999999999999
3.5,3156.4356095790863,0.0406
3.5,3157.4371342658997,0.0388
3.5,3158.437969684601,0.04319999999999999
3.5,3159.4397995471954,0.0406
3.5,3160.4404242038727,0.04319999999999999
3.5,3161.4415884017944,0.0406
3.5,3162.442897796631,0.04049999999999998
3.5,3163.454698085785,0.04319999999999999
3.5,3164.4622197151184,0.0406
3.5,3165.471848011017,0.04319999999999999
3.5,3166.48575425148,0.04049999999999998
3.5,3167.500403404236,0.04319999999999999
3.5,3168.5175545215607,0.0406
3.5,3170.534528493881,0.04319999999999999
3.5,3171.543434858322,0.0406
3.5,3172.561210155487,0.04319999999999999
3.5,3173.5939271450043,0.04049999999999998
3.5,3174.606190443039,0.0388
3.5,3175.6096255779266,0.0406
3.5,3176.6118502616882,0.04319999999999999
3.5,3177.6136741638184,0.0406
3.5,3178.6151106357574,0.04049999999999998
3.5,3179.6273469924927,0.0406
3.5,3180.629625082016,0.0406
3.5,3181.6320888996124,0.0406
3.5,3182.6350009441376,0.04319999999999999
3.5,3183.636153936386,0.04049999999999998
3.5,3184.6374123096466,0.04319999999999999
3.5,3185.638972759247,0.04319999999999999
3.5,3186.641661167145,0.04319999999999999
3.5,3187.6424407958984,0.0406
3.5,3188.643841266632,0.04319999999999999
3.5,3190.6452403068542,0.04049999999999998
3.5,3191.663301706314,0.04319999999999999
3.5,3192.66450715065,0.0406
3.5,3193.6744062900543,0.04319999999999999
3.5,3194.6828207969666,0.0406
3.5,3195.6900153160095,0.04319999999999999
3.5,3196.704336166382,0.04319999999999999
3.5,3197.718629360199,0.0406
3.5,3198.735666513443,0.04319999999999999
3.5,3199.752873659134,0.0406
3.5,3200.7574269771576,0.0406
3.5,3201.7729136943817,0.04049999999999998
3.5,3202.789105653763,0.04319999999999999
3.5,3203.8052253723145,0.04049999999999998
3.5,3204.8085174560547,0.04049999999999998
3.5,3205.827920436859,0.04319999999999999
3.5,3206.844216108322,0.0406
3.5,3207.868198633194,0.04319999999999999
3.5,3209.883246421814,0.0406
3.5,3210.8966131210327,0.04319999999999999
3.5,3211.914412498474,0.0406
3.5,3212.930440425873,0.04319999999999999
3.5,3213.9486446380615,0.0406
3.5,3214.9648950099945,0.04319999999999999
3.5,3215.981491088867,0.04319999999999999
3.5,3216.9966168403625,0.0406
3.5,3218.0126740932465,0.0406
3.5,3219.03151679039,0.04319999999999999
3.5,3220.0458607673645,0.0406
3.5,3221.060857772827,0.04319999999999999
3.5,3222.0785019397736,0.04319999999999999
3.5,3223.0966503620148,0.0474
3.5,3224.1129190921783,0.0474
3.5,3225.125954389572,0.0406
3.5,3226.1413111686707,0.04319999999999999
3.5,3227.156595468521,0.04049999999999998
3.5,3228.169759750366,0.04319999999999999
3.5,3230.1862239837646,0.04319999999999999
3.5,3231.1969335079193,0.04049999999999998
3.5,3232.212018728256,0.04319999999999999
3.5,3233.2288069725037,0.04049999999999998
3.5,3234.247700691223,0.0406
3.5,3235.2630043029785,0.0406
3.5,3236.2652535438538,0.04319999999999999
3.5,3237.280091047287,0.0406
3.5,3238.295430421829,0.04319999999999999
3.5,3239.310919523239,0.0406
3.5,3240.3146817684174,0.0406
3.5,3241.3325493335724,0.04299999999999998
3.5,3242.3427033424377,0.0474
3.5,3243.3464725017548,0.04319999999999999
3.5,3244.364113330841,0.04319999999999999
3.5,3245.381687402725,0.0406
3.5,3246.3974602222443,0.0406
3.5,3247.4276823997498,0.04319999999999999
3.5,3248.43679189682,0.04319999999999999
3.5,3250.450870037079,0.0406
3.5,3251.4612550735474,0.04049999999999998
3.5,3252.468460083008,0.04319999999999999
3.5,3253.4735827445984,0.04319999999999999
3.5,3254.4758775234222,0.0406
3.5,3255.4769015312195,0.04319999999999999
3.5,3256.478152513504,0.04319999999999999
3.5,3257.478773832321,0.0406
3.5,3258.4956092834473,0.04319999999999999
3.5,3259.5072107315063,0.0406
3.5,3260.524709224701,0.0406
3.5,3261.5404102802277,0.04319999999999999
3.5,3262.543068408966,0.0406
3.5,3263.560619831085,0.04319999999999999
3.5,3264.5770308971405,0.0474
3.5,3265.5960710048676,0.04319999999999999
3.5,3266.6298875808716,0.0406
3.5,3267.643082380295,0.04319999999999999
3.5,3268.6488156318665,0.0474
3.5,3270.6530249118805,0.04319999999999999
3.5,3271.660676240921,0.04319999999999999
3.5,3272.663515329361,0.0406
3.5,3273.664966583252,0.04680000000000001
3.5,3274.6664428710938,0.04680000000000001
3.5,3275.667886734009,0.04319999999999999
3.5,3276.6704766750336,0.0406
3.5,3277.675046443939,0.04680000000000001
3.5,3278.677790403366,0.04319999999999999
3.5,3279.6790895462036,0.0406
3.5,3280.680371284485,0.0474
3.5,3281.6816141605377,0.0406
3.5,3282.681999206543,0.04319999999999999
3.5,3283.6885945796967,0.04319999999999999
3.5,3284.6986463069916,0.0406
3.5,3285.7072882652283,0.04049999999999998
3.5,3286.717374563217,0.04319999999999999
3.5,3287.731011867523,0.0406
3.5,3289.745268344879,0.0474
3.5,3290.7605726718903,0.04319999999999999
3.5,3291.7774319648743,0.0406
3.5,3292.793969154358,0.04049999999999998
3.5,3293.813047170639,0.04319999999999999
3.5,3294.8291709423065,0.0406
3.5,3295.846250295639,0.0406
3.5,3296.863031387329,0.04319999999999999
3.5,3297.8793716430664,0.04319999999999999
3.5,3298.886021375656,0.04319999999999999
3.5,3299.8906967639923,0.0406
3.5,3300.9080996513367,0.0406
3.5,3301.924612045288,0.04049999999999998
3.5,3302.9439532756805,0.04319999999999999
3.5,3303.9603123664856,0.04319999999999999
3.5,3304.9652378559113,0.04319999999999999
3.5,3305.983094930649,0.0406
3.5,3307.0007882118225,0.04319999999999999
3.5,3308.017753839493,0.04319999999999999
3.5,3310.0341827869415,0.04319999999999999
3.5,3311.044779777527,0.0406
3.5,3312.0618982315063,0.04319999999999999
3.5,3313.0813982486725,0.0406
3.5,3314.0969569683075,0.04319999999999999
3.5,3315.1152741909027,0.0406
3.5,3316.123635292053,0.04319999999999999
3.5,3317.1424899101257,0.04049999999999998
3.5,3318.158747434616,0.04319999999999999
3.5,3319.176801919937,0.0406
3.5,3320.1981172561646,0.04319999999999999
3.5,3321.2158262729645,0.0406
3.5,3322.218159675598,0.04319999999999999
3.5,3323.232037782669,0.04319999999999999
3.5,3324.244891643524,0.04049999999999998
3.5,3325.2649579048157,0.04049999999999998
3.5,3326.275117635727,0.0474
3.5,3327.2925441265106,0.04049999999999998
3.5,3328.3113667964935,0.04319999999999999
3.5,3330.3294229507446,0.0406
3.5,3331.339469432831,0.04319999999999999
3.5,3332.3564624786377,0.04319999999999999
3.5,3333.3742592334747,0.04319999999999999
3.5,3334.3848810195923,0.04319999999999999
3.5,3335.402573108673,0.04049999999999998
3.5,3336.4202077388763,0.046599999999999975
3.5,3337.4411993026733,0.04319999999999999
3.5,3338.4784228801727,0.0406
3.5,3339.48970580101,0.0406
3.5,3340.492133140564,0.04319999999999999
3.5,3341.5017788410187,0.0388
3.5,3342.5047216415405,0.0406
3.5,3343.5078041553497,0.04319999999999999
3.5,3344.510917901993,0.0406
3.5,3345.5120725631714,0.0474
3.5,3346.5131051540375,0.0474
3.5,3347.532835960388,0.0406
3.5,3349.5345849990845,0.04049999999999998
3.5,3350.540449857712,0.04299999999999998
3.5,3351.556338787079,0.0406
3.5,3352.5688326358795,0.04680000000000001
3.5,3353.5817172527313,0.0406
3.5,3354.597526550293,0.04049999999999998
3.5,3355.611029148102,0.04319999999999999
3.5,3356.6269154548645,0.0406
3.5,3357.6394686698914,0.04319999999999999
3.5,3358.641946554184,0.04049999999999998
3.5,3359.678744316101,0.04319999999999999
3.5,3360.686631679535,0.0406
3.5,3361.70183968544,0.0406
3.5,3362.7154302597046,0.0406
3.5,3363.718574523926,0.04319999999999999
3.5,3364.723778963089,0.04319999999999999
3.5,3365.725610733032,0.04319999999999999
3.5,3366.72709608078,0.04299999999999998
3.5,3367.728905916214,0.04049999999999998
3.5,3369.740331172943,0.04319999999999999
3.5,3370.7444367408752,0.04319999999999999
3.5,3371.7541625499725,0.04319999999999999
3.5,3372.7609565258026,0.04319999999999999
3.5,3373.772939682007,0.0406
3.5,3374.7937598228455,0.04319999999999999
3.5,3375.8052315711975,0.04319999999999999
3.5,3376.8076860904694,0.04319999999999999
3.5,3377.825583934784,0.04319999999999999
3.5,3378.8426761627197,0.04049999999999998
3.5,3379.8580317497253,0.0406
3.5,3380.877116203308,0.04319999999999999
3.5,3381.8952116966248,0.04319999999999999
3.5,3382.911949634552,0.0406
3.5,3383.9220633506775,0.04319999999999999
3.5,3384.9337286949158,0.0406
3.5,3385.951397895813,0.0474
3.5,3386.9678723812103,0.0474
3.5,3387.9835920333862,0.04319999999999999
3.5,3390.0000460147858,0.04319999999999999
3.5,3391.006088256836,0.0406
3.5,3392.0234892368317,0.04319999999999999
3.5,3393.0390391349792,0.0406
3.5,3394.056125164032,0.0406
3.5,3395.068904399872,0.0406
3.5,3396.087320327759,0.0406
3.5,3397.104003429413,0.04319999999999999
7.5,3398.1245884895325,0.04049999999999998
7.5,3399.143228292465,0.04049999999999998
7.5,3400.159053325653,0.04319999999999999
7.5,3401.175196170807,0.0406
7.5,3402.1924266815186,0.0474
7.5,3403.206817626953,0.0406
7.5,3404.209100484848,0.04319999999999999
7.5,3405.225168943405,0.0406
7.5,3406.2391843795776,0.04829999999999998
7.5,3407.256542444229,0.04909999999999998
7.5,3408.2727057933807,0.04999999999999999
7.5,3410.289836883545,0.046599999999999975
7.5,3411.3009123802185,0.050799999999999984
7.5,3412.3187935352325,0.046599999999999975
7.5,3413.3306183815002,0.046599999999999975
7.5,3414.3482098579407,0.04299999999999998
7.5,3415.3569145202637,0.03889999999999999
7.5,3416.376413822174,0.04299999999999998
7.5,3417.3933646678925,0.04049999999999998
7.5,3418.4109201431274,0.04319999999999999
7.5,3419.426936149597,0.04680000000000001
7.5,3420.4377818107605,0.0474
7.5,3421.440292596817,0.043999999999999984
7.5,3422.4564139842987,0.04829999999999998
7.5,3423.4770443439484,0.05339999999999999
7.5,3424.5143003463745,0.054400000000000004
7.5,3425.5210275650024,0.055099999999999996
7.5,3426.5271360874176,0.051699999999999996
7.5,3427.5311608314514,0.04829999999999998
7.5,3428.5347123146057,0.056999999999999995
7.5,3430.550570011139,0.0576
7.5,3431.5596413612366,0.05339999999999999
7.5,3432.5615227222443,0.05339999999999999
7.5,3433.5626997947693,0.05339999999999999
7.5,3434.5631804466248,0.05339999999999999
7.5,3435.564069747925,0.05339999999999999
7.5,3436.5645093917847,0.04999999999999999
7.5,3437.5655019283295,0.054199999999999984
7.5,3438.567128419876,0.054400000000000004
7.5,3439.5686345100403,0.054400000000000004
7.5,3440.5805320739746,0.054400000000000004
7.5,3441.587698698044,0.054199999999999984
7.5,3442.5977976322174,0.0595
7.5,3443.60706281662,0.060399999999999995
7.5,3444.6193692684174,0.05249999999999999
7.5,3445.6344380378723,0.06119999999999999
7.5,3446.642643213272,0.06209999999999999
7.5,3447.659901380539,0.054400000000000004
7.5,3448.67507648468,0.0629
7.5,3450.6867983341217,0.0638
7.5,3451.7219791412354,0.0638
7.5,3452.735044002533,0.0595
7.5,3453.7380850315094,0.0595
7.5,3454.739777326584,0.0595
7.5,3455.7487795352936,0.0595
7.5,3456.754453420639,0.0595
7.5,3457.7588732242584,0.0561
7.5,3458.7603154182434,0.0595
7.5,3459.760904312134,0.0561
7.5,3460.7627148628235,0.0561
7.5,3461.7635958194733,0.06459999999999999
7.5,3462.7652311325073,0.06119999999999999
7.5,3463.7663066387177,0.06119999999999999
7.5,3464.768000602722,0.0663
7.5,3465.7685437202454,0.05869999999999999
7.5,3466.7691628932953,0.0672
7.5,3467.769977092743,0.0638
7.5,3468.770709514618,0.06799999999999999
7.5,3470.771800518036,0.06889999999999999
7.5,3471.781406402588,0.06889999999999999
7.5,3472.7876501083374,0.06889999999999999
7.5,3473.7950773239136,0.06889999999999999
7.5,3474.804418325424,0.06889999999999999
7.5,3475.815084695816,0.06889999999999999
7.5,3476.8267121315002,0.06889999999999999
7.5,3477.842912197113,0.06889999999999999
7.5,3478.859833717346,0.06889999999999999
7.5,3479.8795154094696,0.06459999999999999
7.5,3480.8969464302063,0.06969999999999998
7.5,3481.904942035675,0.06549999999999999
7.5,3482.9113528728485,0.0706
7.5,3483.9264328479767,0.0663
7.5,3484.9412846565247,0.07139999999999999
7.5,3485.9573543071747,0.0672
7.5,3486.974349498749,0.07229999999999999
7.5,3488.990669965744,0.06799999999999999
7.5,3490.0000660419464,0.06889999999999999
7.5,3491.0167319774628,0.06889999999999999
7.5,3492.035275697708,0.06889999999999999
7.5,3493.04185628891,0.07309999999999998
7.5,3494.052927017212,0.07329999999999999
7.5,3495.069745540619,0.07309999999999998
7.5,3496.090360403061,0.07309999999999998
7.5,3497.097903728485,0.07309999999999998
7.5,3498.115020275116,0.07309999999999998
7.5,3499.1284720897675,0.07309999999999998
7.5,3500.142742395401,0.06889999999999999
7.5,3501.158214330673,0.07409999999999999
7.5,3502.1738250255585,0.06969999999999998
7.5,3503.1865429878235,0.07499999999999998
7.5,3504.197940826416,0.0706
7.5,3505.219109773636,0.07579999999999998
7.5,3506.2355995178223,0.07579999999999998
7.5,3507.2516629695892,0.07229999999999999
7.5,3509.2694771289825,0.07669999999999999
7.5,3510.2819941043854,0.07239999999999999
7.5,3511.2983860969543,0.07229999999999999
7.5,3512.312629699707,0.07239999999999999
7.5,3513.3267023563385,0.07239999999999999
7.5,3514.339119195938,0.07239999999999999
7.5,3515.355439901352,0.07239999999999999
7.5,3516.363696336746,0.06889999999999999
7.5,3517.3817994594574,0.07309999999999998
7.5,3518.3985166549683,0.07309999999999998
7.5,3519.4150977134705,0.07309999999999998
7.5,3520.4331068992615,0.07749999999999999
7.5,3521.449410200119,0.07329999999999999
7.5,3522.4520423412323,0.07839999999999998
7.5,3523.463592529297,0.07409999999999999
7.5,3524.475537776947,0.07499999999999998
7.5,3525.487472295761,0.07919999999999998
7.5,3526.5042116642,0.07579999999999998
7.5,3527.5209572315216,0.0801
7.5,3529.5277535915375,0.07579999999999998
7.5,3530.543409347534,0.07669999999999999
7.5,3531.5631070137024,0.07669999999999999
7.5,3532.5809013843536,0.07669999999999999
7.5,3533.5867421627045,0.07669999999999999
7.5,3534.58846783638,0.07669999999999999
7.5,3535.592447042465,0.07669999999999999
7.5,3536.599301099777,0.07669999999999999
7.5,3537.6004922389984,0.07669999999999999
7.5,3538.601430416107,0.07669999999999999
7.5,3539.6023275852203,0.08089999999999999
7.5,3540.6037907600403,0.08089999999999999
7.5,3541.614723443985,0.07749999999999999
7.5,3542.621162176132,0.0818
7.5,3543.6287157535553,0.07749999999999999
7.5,3544.6357941627502,0.07839999999999998
7.5,3545.6460180282593,0.0826
7.5,3546.659544944763,0.07839999999999998
7.5,3547.663056373596,0.0835
7.5,3549.6794888973236,0.07919999999999998
7.5,3550.6921792030334,0.07919999999999998
7.5,3551.709291934967,0.07919999999999998
7.5,3552.7245061397552,0.07919999999999998
7.5,3553.752371072769,0.07919999999999998
7.5,3554.7713074684143,0.07919999999999998
7.5,3555.7746863365173,0.07919999999999998
7.5,3556.7849729061127,0.07919999999999998
7.5,3557.7897424697876,0.07919999999999998
7.5,3558.7928812503815,0.0801
7.5,3559.7937409877777,0.0801
7.5,3560.7985746860504,0.0801
7.5,3561.8011379241943,0.0801
7.5,3562.8024520874023,0.08089999999999999
7.5,3563.803398132324,0.08089999999999999
7.5,3564.8041110038757,0.08089999999999999
7.5,3565.8056287765503,0.0818
7.5,3566.8061389923096,0.0835
7.5,3567.807023048401,0.0818
7.5,3569.8075177669525,0.0826
7.5,3570.818365573883,0.08689999999999999
7.5,3571.8202755451202,0.08689999999999999
7.5,3572.8295516967773,0.08689999999999999
7.5,3573.8391196727753,0.08689999999999999
7.5,3574.8397381305695,0.08689999999999999
7.5,3575.8496966362,0.08689999999999999
7.5,3576.86186003685,0.08689999999999999
7.5,3577.8732011318207,0.08689999999999999
7.5,3578.889548778534,0.08689999999999999
7.5,3579.9056267738342,0.08689999999999999
7.5,3580.923014163971,0.0835
7.5,3581.9353992938995,0.08789999999999999
7.5,3582.9497487545013,0.08789999999999999
7.5,3583.9559121131897,0.0801
7.5,3584.973427772522,0.0886
7.5,3585.981690645218,0.0886
7.5,3586.993042230606,0.08089999999999999
7.5,3589.011423587799,0.0896
7.5,3590.0138761997223,0.0896
7.5,3591.017669200897,0.0894
7.5,3592.0393385887146,0.0896
7.5,3593.055632829666,0.0896
7.5,3594.0727322101593,0.0894
7.5,3595.079345226288,0.0894
7.5,3596.0946583747864,0.0896
7.5,3597.1026754379272,0.0894
7.5,3598.120505094528,0.0894
7.5,3599.136729955673,0.0894
7.5,3600.1575224399567,0.0818
7.5,3601.1725828647614,0.0904
7.5,3602.188357114792,0.0904
7.5,3603.202433347702,0.0826
7.5,3604.2185351848602,0.08689999999999999
7.5,3605.234443426132,0.09129999999999999
7.5,3606.2389652729034,0.09559999999999999
7.5,3607.255698442459,0.0877
7.5,3609.270905017853,0.09209999999999999
7.5,3610.2846462726593,0.09209999999999999
7.5,3611.3024859428406,0.09209999999999999
7.5,3612.3136627674103,0.09209999999999999
7.5,3613.3177318573,0.09209999999999999
7.5,3614.3341195583344,0.09209999999999999
7.5,3615.349646091461,0.09209999999999999
7.5,3616.3657772541046,0.09209999999999999
7.5,3617.3830704689026,0.09209999999999999
7.5,3618.400710582733,0.09209999999999999
7.5,3619.4164867401123,0.09209999999999999
7.5,3620.431293964386,0.09209999999999999
7.5,3621.4459612369537,0.0886
7.5,3622.4714336395264,0.09299999999999999
7.5,3623.488603115082,0.09299999999999999
7.5,3624.508529663086,0.0896
7.5,3625.5214352607727,0.09389999999999998
7.5,3626.5382335186005,0.09389999999999998
7.5,3627.5426981449127,0.0894
7.5,3629.561217546463,0.0904
7.5,3630.5746459960938,0.09469999999999999
7.5,3631.589908838272,0.09469999999999999
7.5,3632.619569301605,0.09469999999999999
7.5,3633.642861366272,0.09469999999999999
7.5,3634.653336763382,0.09469999999999999
7.5,3635.655723810196,0.09469999999999999
7.5,3636.6619555950165,0.09469999999999999
7.5,3637.6684074401855,0.09469999999999999
7.5,3638.6697075366974,0.09469999999999999
7.5,3639.670946598053,0.09469999999999999
7.5,3640.6715018749237,0.09889999999999999
7.5,3641.6725690364838,0.09129999999999999
7.5,3642.6739501953125,0.09559999999999999
7.5,3643.674780368805,0.09559999999999999
7.5,3644.6763174533844,0.09979999999999999
7.5,3645.676739215851,0.09559999999999999
7.5,3646.6772162914276,0.09639999999999999
7.5,3647.678295135498,0.09639999999999999
7.5,3649.679881811142,0.1006
7.5,3650.6874446868896,0.09639999999999999
7.5,3651.697475194931,0.09639999999999999
7.5,3652.7063660621643,0.09639999999999999
7.5,3653.71448636055,0.09639999999999999
7.5,3654.729527950287,0.09209999999999999
7.5,3655.744996547699,0.09639999999999999
7.5,3656.7587134838104,0.09209999999999999
7.5,3657.7890286445618,0.09209999999999999
7.5,3658.8068697452545,0.09209999999999999
7.5,3659.809582233429,0.09299999999999999
7.5,3660.8198964595795,0.09729999999999998
7.5,3661.8243222236633,0.09729999999999998
7.5,3662.8268535137177,0.09729999999999998
7.5,3663.8306381702423,0.09389999999999998
7.5,3664.834025621414,0.09809999999999999
7.5,3665.8356862068176,0.09809999999999999
7.5,3666.836992263794,0.09809999999999999
7.5,3668.8378100395203,0.09469999999999999
7.5,3669.838575363159,0.09469999999999999
7.5,3670.839655160904,0.09469999999999999
7.5,3671.8404529094696,0.09469999999999999
7.5,3672.8415791988373,0.09469999999999999
7.5,3673.842439889908,0.09889999999999999
7.5,3674.8429782390594,0.09889999999999999
7.5,3675.844306945801,0.09889999999999999
7.5,3676.8453307151794,0.09889999999999999
7.5,3677.8469774723053,0.09889999999999999
7.5,3678.8478620052338,0.09889999999999999
7.5,3679.8488731384277,0.10319999999999999
7.5,3680.8501539230347,0.09889999999999999
7.5,3681.8513877391815,0.09559999999999999
7.5,3682.852548122406,0.09979999999999999
7.5,3683.8606357574463,0.1041
7.5,3684.8702075481415,0.09979999999999999
7.5,3686.8794071674347,0.09639999999999999
7.5,3687.891553401947,0.09639999999999999
7.5,3688.9038100242615,0.09639999999999999
7.5,3689.9190373420715,0.1006
7.5,3690.9225783348083,0.09639999999999999
7.5,3691.9391808509827,0.1006
7.5,3692.9558398723602,0.1006
7.5,3693.970866203308,0.1006
7.5,3694.9884917736053,0.1006
7.5,3696.007348537445,0.1006
7.5,3697.0249326229095,0.1006
7.5,3698.0421180725098,0.1006
7.5,3699.0585792064667,0.10509999999999999
7.5,3700.0754766464233,0.1006
7.5,3701.0867598056793,0.09729999999999998
7.5,3702.1026384830475,0.10149999999999999
7.5,3703.11967086792,0.10149999999999999
7.5,3704.136991262436,0.1059
7.5,3705.154140472412,0.09729999999999998
7.5,3707.170798778534,0.09809999999999999
7.5,3708.183925151825,0.10229999999999999
7.5,3709.2012526988983,0.10229999999999999
7.5,3710.2167975902557,0.10229999999999999
7.5,3711.2325031757355,0.10229999999999999
7.5,3712.250548362732,0.10229999999999999
7.5,3713.2662556171417,0.10229999999999999
7.5,3714.2838127613068,0.10229999999999999
7.5,3715.301325559616,0.10229999999999999
7.5,3716.3215215206146,0.10229999999999999
7.5,3717.3431808948517,0.10229999999999999
7.5,3718.3574120998383,0.10229999999999999
7.5,3719.3740615844727,0.10679999999999999
7.5,3720.391139268875,0.10229999999999999
7.5,3721.4134035110474,0.09889999999999999
7.5,3722.429391145706,0.10319999999999999
7.5,3723.450609922409,0.10319999999999999
7.5,3724.465435743332,0.10759999999999999
7.5,3725.482178926468,0.10319999999999999
7.5,3727.493633031845,0.09979999999999999
7.5,3728.5035219192505,0.1041
7.5,3729.518706560135,0.1041
7.5,3730.521196126938,0.1041
7.5,3731.524674654007,0.1041
7.5,3732.542695045471,0.1041
7.5,3733.5572826862335,0.10419999999999999
7.5,3734.574317216873,0.1041
7.5,3735.5917358398438,0.10419999999999999
7.5,3736.6096334457397,0.10419999999999999
7.5,3737.6267490386963,0.10419999999999999
7.5,3738.6390318870544,0.1041
7.5,3739.67684173584,0.10849999999999999
7.5,3740.68763256073,0.10419999999999999
7.5,3741.6899569034576,0.10419999999999999
7.5,3742.693612575531,0.10509999999999999
7.5,3743.7038156986237,0.1049
7.5,3744.707397699356,0.1093
7.5,3745.7159507274628,0.1093
7.5,3747.7170968055725,0.1049
7.5,3748.7264738082886,0.10509999999999999
7.5,3749.7276339530945,0.10149999999999999
7.5,3750.7295138835907,0.10149999999999999
7.5,3751.7306451797485,0.10149999999999999
7.5,3752.731253385544,0.10149999999999999
7.5,3753.74129652977,0.10149999999999999
7.5,3754.7483718395233,0.10149999999999999
7.5,3755.7576229572296,0.10149999999999999
7.5,3756.765764474869,0.10149999999999999
7.5,3757.7794392108917,0.10149999999999999
7.5,3758.79536819458,0.1059
7.5,3759.8119654655457,0.1059
7.5,3760.818418741226,0.11019999999999999
7.5,3761.82896733284,0.1059
7.5,3762.8466613292694,0.1059
7.5,3763.8797945976257,0.10229999999999999
7.5,3764.896899461746,0.10679999999999999
7.5,3765.9031496047974,0.1066
7.5,3767.907010793686,0.11099999999999999
7.5,3768.9122257232666,0.11099999999999999
7.5,3769.9135406017303,0.11099999999999999
7.5,3770.917372941971,0.11099999999999999
7.5,3771.92120218277,0.11099999999999999
7.5,3772.9234249591827,0.11099999999999999
7.5,3773.924780845642,0.11099999999999999
7.5,3774.9254949092865,0.11099999999999999
7.5,3775.92617559433,0.11099999999999999
7.5,3776.9291393756866,0.11099999999999999
7.5,3777.9308264255524,0.10679999999999999
7.5,3778.9319682121277,0.1066
7.5,3779.9328570365906,0.10319999999999999
7.5,3780.9335520267487,0.10759999999999999
7.5,3781.947899580002,0.10759999999999999
7.5,3782.9490172863007,0.11189999999999999
7.5,3783.95667219162,0.11189999999999999
7.5,3784.9634578227997,0.10759999999999999
7.5,3785.972504377365,0.10419999999999999
7.5,3787.9799172878265,0.10849999999999999
7.5,3788.993111371994,0.10849999999999999
7.5,3790.0010509490967,0.10849999999999999
7.5,3791.0171399116516,0.10849999999999999
7.5,3792.033283472061,0.10849999999999999
7.5,3793.048887729645,0.10849999999999999
7.5,3794.0652475357056,0.10849999999999999
7.5,3795.0826137065887,0.10849999999999999
7.5,3796.099418401718,0.10849999999999999
7.5,3797.11510014534,0.10849999999999999
7.5,3798.1318304538727,0.10849999999999999
7.5,3799.141647338867,0.1127
7.5,3800.1594455242157,0.1127
7.5,3801.176237344742,0.10849999999999999
7.5,3802.181142091751,0.10849999999999999
7.5,3803.1990168094635,0.1049
7.5,3804.2163639068604,0.1093
7.5,3805.2378356456757,0.1093
7.5,3806.2543087005615,0.11359999999999999
7.5,3808.2718341350555,0.11359999999999999
7.5,3809.281553506851,0.11359999999999999
7.5,3810.298316717148,0.1093
7.5,3811.3162558078766,0.11359999999999999
7.5,3812.3276884555817,0.11359999999999999
7.5,3813.3436620235443,0.1093
7.5,3814.3600676059723,0.1093
7.5,3815.3759202957153,0.1093
7.5,3816.391669511795,0.1093
7.5,3817.406838417053,0.1093
7.5,3818.423542022705,0.1093
7.5,3819.4280433654785,0.1093
7.5,3820.4438853263855,0.1059
7.5,3821.4607808589935,0.11019999999999999
7.5,3822.4778106212616,0.11019999999999999
7.5,3823.494693517685,0.11439999999999999
7.5,3824.5131340026855,0.11439999999999999
7.5,3825.531469345093,0.11019999999999999
7.5,3826.551021337509,0.11019999999999999
7.5,3828.571208715439,0.10679999999999999
7.5,3829.5817320346832,0.11099999999999999
7.5,3830.592717409134,0.11099999999999999
7.5,3831.609407901764,0.11099999999999999
7.5,3832.627503633499,0.11099999999999999
7.5,3833.64648604393,0.11099999999999999
7.5,3834.6505982875824,0.11099999999999999
7.5,3835.6668136119843,0.11099999999999999
7.5,3836.683534145355,0.11099999999999999
7.5,3837.700701236725,0.11099999999999999
7.5,3838.73393034935,0.11099999999999999
7.5,3839.752233505249,0.11099999999999999
7.5,3840.754025220871,0.11099999999999999
7.5,3841.7628166675568,0.1153
7.5,3842.77073264122,0.1153
7.5,3843.773349761963,0.11099999999999999
7.5,3844.77752327919,0.11099999999999999
7.5,3845.7834231853485,0.10759999999999999
7.5,3846.7839970588684,0.11189999999999999
7.5,3848.7858810424805,0.11189999999999999
7.5,3849.794706106186,0.11189999999999999
7.5,3850.795696735382,0.11189999999999999
7.5,3851.796792268753,0.11189999999999999
7.5,3852.797304868698,0.11189999999999999
7.5,3853.8050649166107,0.11189999999999999
7.5,3854.813320875168,0.11189999999999999
7.5,3855.813928127289,0.11189999999999999
7.5,3856.823865890503,0.11189999999999999
7.5,3857.8343255519867,0.11189999999999999
7.5,3858.848515510559,0.11609999999999998
7.5,3859.8636293411255,0.11609999999999998
7.5,3860.880383014679,0.11609999999999998
7.5,3861.9114084243774,0.11189999999999999
7.5,3862.928834915161,0.11189999999999999
7.5,3863.929929256439,0.10849999999999999
7.5,3864.930883407593,0.1127
7.5,3865.932561159134,0.1127
7.5,3867.937268257141,0.11699999999999999
7.5,3868.95152258873,0.11699999999999999
7.5,3869.9570853710175,0.11699999999999999
7.5,3870.959070920944,0.11699999999999999
7.5,3871.960367679596,0.11699999999999999
7.5,3872.9608511924744,0.11699999999999999
7.5,3873.9619500637054,0.11699999999999999
7.5,3874.9643166065216,0.11699999999999999
7.5,3875.967108488083,0.11699999999999999
7.5,3876.967875480652,0.11699999999999999
7.5,3877.9685657024384,0.11699999999999999
7.5,3878.9691393375397,0.11699999999999999
7.5,3879.969723701477,0.1127
7.5,3880.9704320430756,0.1127
7.5,3881.971140384674,0.1127
7.5,3882.971611738205,0.11359999999999999
7.5,3883.974462032318,0.11359999999999999
7.5,3884.9754350185394,0.11359999999999999
7.5,3885.979157447815,0.118
7.5,3887.9886581897736,0.11779999999999999
7.5,3888.997383594513,0.11779999999999999
7.5,3890.004500389099,0.11779999999999999
7.5,3891.0154416561127,0.11779999999999999
7.5,3892.0268952846527,0.11779999999999999
7.5,3893.0398132801056,0.11779999999999999
7.5,3894.055284023285,0.11779999999999999
7.5,3895.070433616638,0.11779999999999999
7.5,3896.081586122513,0.11779999999999999
7.5,3897.0928993225098,0.11779999999999999
7.5,3898.107190132141,0.11779999999999999
7.5,3899.1228818893433,0.11359999999999999
7.5,3900.140179872513,0.11359999999999999
7.5,3901.15026307106,0.11359999999999999
7.5,3902.1659965515137,0.11439999999999999
7.5,3903.18585562706,0.11439999999999999
7.5,3904.2000346183777,0.11439999999999999
7.5,3905.2063233852386,0.11439999999999999
7.5,3906.215801715851,0.1187
7.5,3908.2325513362885,0.1187
7.5,3909.2435190677643,0.1187
7.5,3910.26149392128,0.1187
7.5,3911.277557849884,0.1187
7.5,3912.293701648712,0.1187
7.5,3913.2961778640747,0.1187
7.5,3914.3128056526184,0.1187
7.5,3915.315450191498,0.1187
7.5,3916.332324028015,0.1187
7.5,3917.3491241931915,0.1187
7.5,3918.3658170700073,0.11439999999999999
7.5,3919.383773803711,0.11439999999999999
7.5,3920.397720336914,0.11439999999999999
7.5,3921.4167020320892,0.11099999999999999
7.5,3922.4328026771545,0.1153
7.5,3923.4518744945526,0.1153
7.5,3924.466411590576,0.1153
7.5,3925.4857561588287,0.1197
7.5,3926.5022184848785,0.1195
7.5,3928.5196449756622,0.1197
7.5,3929.5313942432404,0.1195
7.5,3930.5495104789734,0.1153
7.5,3931.5665154457092,0.1153
7.5,3932.5820903778076,0.1153
7.5,3933.5977017879486,0.1153
7.5,3934.6133546829224,0.1153
7.5,3935.62801861763,0.1153
7.5,3936.6452465057373,0.1153
7.5,3937.654044151306,0.1153
7.5,3938.66738986969,0.1153
7.5,3939.6778979301453,0.1153
7.5,3940.6951854228973,0.1153
7.5,3941.712988615036,0.11609999999999998
7.5,3942.7234740257263,0.11609999999999998
7.5,3943.740980386734,0.11609999999999998
7.5,3944.751002550125,0.11609999999999998
7.5,3945.767520427704,0.1205
7.5,3946.7991104125977,0.1204
7.5,3948.8054008483887,0.1204
7.5,3949.81769990921,0.11609999999999998
7.5,3950.8209280967712,0.11609999999999998
7.5,3951.824489593506,0.11609999999999998
7.5,3952.828044652939,0.11609999999999998
7.5,3953.835942029953,0.11609999999999998
7.5,3954.8376519680023,0.11609999999999998
7.5,3955.842923641205,0.11609999999999998
7.5,3956.8452558517456,0.11609999999999998
7.5,3957.848903656006,0.11609999999999998
7.5,3958.849574327469,0.11609999999999998
7.5,3959.850153207779,0.11609999999999998
7.5,3960.8516199588776,0.11609999999999998
7.5,3961.852988243103,0.11609999999999998
7.5,3962.853598356247,0.11699999999999999
7.5,3963.8560779094696,0.11699999999999999
7.5,3964.856726884842,0.11699999999999999
7.5,3965.860481262207,0.1212
7.5,3966.867533683777,0.1212
7.5,3968.877780675888,0.12139999999999998
7.5,3969.8894028663635,0.1212
7.5,3970.897619485855,0.1212
7.5,3971.9090526103973,0.1212
7.5,3972.9235479831696,0.12139999999999998
7.5,3973.937598466873,0.1212
7.5,3974.943793296814,0.1212
7.5,3975.980125427246,0.1212
7.5,3976.9899995326996,0.1212
7.5,3978.003217935562,0.1212
7.5,3979.0048246383667,0.1212
7.5,3980.005394935608,0.11699999999999999
7.5,3981.0074598789215,0.11699999999999999
7.5,3982.008983373642,0.11699999999999999
7.5,3983.0196096897125,0.11359999999999999
7.5,3984.021031856537,0.11779999999999999
7.5,3985.025244951248,0.11779999999999999
7.5,3986.030496120453,0.11779999999999999
7.5,3987.0324709415436,0.12219999999999999
7.5,3989.0342557430267,0.12219999999999999
7.5,3990.0358901023865,0.12219999999999999
7.5,3991.0364253520966,0.12209999999999999
7.5,3992.0374805927277,0.12209999999999999
7.5,3993.038599729538,0.12219999999999999
7.5,3994.0395092964172,0.12219999999999999
7.5,3995.0403208732605,0.12219999999999999
7.5,3996.0418407917023,0.12219999999999999
7.5,3997.042757511139,0.12219999999999999
7.5,3998.044665813446,0.12219999999999999
7.5,3999.045938014984,0.12219999999999999
7.5,4000.0464289188385,0.11779999999999999
7.5,4001.0480999946594,0.11779999999999999
7.5,4002.0528972148895,0.11779999999999999
7.5,4003.064185857773,0.11779999999999999
7.5,4004.0712385177612,0.11779999999999999
7.5,4005.082006216049,0.1187
7.5,4007.0946657657623,0.1187
7.5,4008.106670856476,0.1187
7.5,4009.1227838993073,0.1187
7.5,4010.1304125785828,0.1187
7.5,4011.14830160141,0.1187
7.5,4012.157718896866,0.1187
7.5,4013.1727340221405,0.1187
7.5,4014.1843008995056,0.1187
7.5,4015.20214176178,0.1187
7.5,4016.214124917984,0.1187
7.5,4017.2325491905212,0.1187
7.5,4018.247726202011,0.1187
7.5,4019.2586827278137,0.12309999999999999
7.5,4020.2751994132996,0.12309999999999999
7.5,4021.29647564888,0.12309999999999999
7.5,4022.3096063137054,0.12309999999999999
7.5,4023.3271100521088,0.12309999999999999
7.5,4024.3440992832184,0.1187
7.5,4025.362927675247,0.1187
7.5,4027.384010076523,0.1187
7.5,4028.3860597610474,0.1187
7.5,4029.3984994888306,0.1187
7.5,4030.4157915115356,0.1187
7.5,4031.432399749756,0.1187
7.5,4032.4497027397156,0.1187
7.5,4033.465099334717,0.1187
7.5,4034.4712533950806,0.1187
7.5,4035.4866030216217,0.1187
7.5,4036.503630399704,0.1187
7.5,4037.5126674175262,0.1187
7.5,4038.518704175949,0.1187
7.5,4039.536732196808,0.1195
7.5,4040.548525094986,0.1197
7.5,4041.565281867981,0.1195
7.5,4042.582948923111,0.1197
7.5,4043.593764781952,0.12389999999999998
7.5,4044.6119067668915,0.12389999999999998
7.5,4045.6294689178467,0.12389999999999998
7.5,4047.6447389125824,0.12389999999999998
7.5,4048.655049562454,0.12389999999999998
7.5,4049.6714866161346,0.12389999999999998
7.5,4050.689426422119,0.12389999999999998
7.5,4051.7069816589355,0.12389999999999998
7.5,4052.727039575577,0.12389999999999998
7.5,4053.743284225464,0.12389999999999998
7.5,4054.7600734233856,0.12389999999999998
7.5,4055.7771236896515,0.12389999999999998
7.5,4056.7869386672974,0.12389999999999998
7.5,4057.803595304489,0.12389999999999998
7.5,4058.822817325592,0.1195
7.5,4059.8387064933777,0.1195
7.5,4060.8768227100372,0.1195
7.5,4061.895030736923,0.1195
7.5,4062.9235813617706,0.1195
7.5,4063.9245483875275,0.1204
7.5,4064.925140619278,0.1204
7.5,4065.926692008972,0.1204
7.5,4067.927550792694,0.1204
7.5,4068.936771631241,0.1204
7.5,4069.9458963871,0.1205
7.5,4070.947719812393,0.1205
7.5,4071.9590826034546,0.1204
7.5,4072.9594526290894,0.1204
7.5,4073.9687926769257,0.1204
7.5,4074.9805970191956,0.1204
7.5,4075.9965631961823,0.1204
7.5,4077.010003566742,0.1204
7.5,4078.023451089859,0.1205
7.5,4079.057201385498,0.1248
7.5,4080.0738241672516,0.1248
7.5,4081.0758097171783,0.1248
7.5,4082.08878159523,0.1248
7.5,4083.090325117111,0.1248
7.5,4084.092008113861,0.1205
7.5,4085.1001648902893,0.1204
7.5,4086.1010570526123,0.1204
7.5,4088.1022288799286,0.1204
7.5,4089.102879524231,0.1204
7.5,4090.103662252426,0.1204
7.5,4091.1042532920837,0.1204
7.5,4092.1058506965637,0.1204
7.5,4093.107832670212,0.1204
7.5,4094.1112825870514,0.1204
7.5,4095.1139748096466,0.1204
7.5,4096.1206912994385,0.1204
7.5,4097.130565643311,0.1204
7.5,4098.13750576973,0.1204
7.5,4099.149405241013,0.1212
7.5,4100.16292142868,0.1212
7.5,4101.170604705811,0.1212
7.5,4102.186405658722,0.1212
7.5,4103.188483953476,0.1212
7.5,4104.205463886261,0.1256
7.5,4106.216540336609,0.1256
7.5,4107.2284989356995,0.1256
7.5,4108.244048833847,0.1256
7.5,4109.253869056702,0.1256
7.5,4110.272426843643,0.1256
7.5,4111.289660215378,0.1256
7.5,4112.314749956131,0.1256
7.5,4113.329840660095,0.1256
7.5,4114.341962814331,0.1256
7.5,4115.357976198196,0.1256
7.5,4116.3747408390045,0.1256
7.5,4117.390682220459,0.1256
7.5,4118.406127214432,0.1256
7.5,4119.421610832214,0.1256
7.5,4120.4367389678955,0.1212
7.5,4121.45293712616,0.1212
7.5,4122.468348741531,0.1212
7.5,4123.48307967186,0.1212
7.5,4124.499268770218,0.1212
7.5,4126.516627550125,0.1212
7.5,4127.521577119827,0.1212
7.5,4128.537427186966,0.1212
7.5,4129.555263757706,0.1212
7.5,4130.571272134781,0.1212
7.5,4131.587951660156,0.1212
7.5,4132.59139084816,0.1212
7.5,4133.606726646423,0.1212
7.5,4134.614007949829,0.12139999999999998
7.5,4135.625445842743,0.1212
7.5,4136.6416211128235,0.1212
7.5,4137.644455432892,0.12219999999999999
7.5,4138.663492679596,0.12209999999999999
7.5,4139.682475805283,0.12219999999999999
7.5,4140.69960808754,0.12219999999999999
7.5,4141.715909004211,0.12209999999999999
7.5,4142.732182979584,0.12219999999999999
7.5,4143.740178346634,0.1265
7.5,4144.753636598587,0.1265
7.5,4146.76459646225,0.1265
7.5,4147.775678873062,0.1265
7.5,4148.784225463867,0.1265
7.5,4149.801672458649,0.1265
7.5,4150.8156316280365,0.1265
7.5,4151.8271741867065,0.1265
7.5,4152.8424680233,0.1265
7.5,4153.85866856575,0.1265
7.5,4154.875228404999,0.1265
7.5,4155.907904148102,0.1265
7.5,4156.945848941803,0.1265
7.5,4157.9474885463715,0.1265
7.5,4158.948474645615,0.1265
7.5,4159.9493091106415,0.1265
7.5,4160.950134277344,0.1265
7.5,4161.951046943665,0.12219999999999999
7.5,4162.951598644257,0.12219999999999999
7.5,4163.953547716141,0.12209999999999999
7.5,4164.954334974289,0.12219999999999999
7.5,4166.955849647522,0.12219999999999999
7.5,4167.9615705013275,0.12209999999999999
7.5,4168.963284492493,0.12219999999999999
7.5,4169.9647128582,0.12219999999999999
7.5,4170.965911626816,0.12219999999999999
7.5,4171.967977523804,0.12219999999999999
7.5,4172.968602657318,0.12219999999999999
7.5,4173.977366924286,0.12219999999999999
7.5,4174.98980140686,0.12219999999999999
7.5,4175.994012594223,0.12219999999999999
7.5,4177.005839109421,0.12219999999999999
7.5,4178.007703304291,0.12219999999999999
7.5,4179.024651765823,0.12309999999999999
7.5,4180.041736602783,0.1229
7.5,4181.057537317276,0.12309999999999999
7.5,4182.07284283638,0.12309999999999999
7.5,4183.103323221207,0.1229
7.5,4184.119361639023,0.1229
7.5,4186.129317522049,0.12309999999999999
7.5,4187.134181499481,0.1229
7.5,4188.136157274246,0.12309999999999999
7.5,4189.137691736221,0.1229
7.5,4190.139039754868,0.1229
7.5,4191.140547990799,0.12309999999999999
7.5,4192.147089958191,0.12309999999999999
7.5,4193.148969173431,0.12309999999999999
7.5,4194.149743556976,0.12309999999999999
7.5,4195.150518417358,0.1229
7.5,4196.151493549347,0.12309999999999999
7.5,4197.152134180069,0.1229
7.5,4198.152963638306,0.1229
7.5,4199.153979301453,0.1229
7.5,4200.155454874039,0.1229
7.5,4201.1563420295715,0.1229
7.5,4202.159444093704,0.12309999999999999
7.5,4203.161777496338,0.1229
7.5,4204.162884712219,0.12309999999999999
7.5,4206.163626909256,0.12309999999999999
7.5,4207.171311855316,0.1229
7.5,4208.171699285507,0.12309999999999999
7.5,4209.181713581085,0.1229
7.5,4210.189990520477,0.12309999999999999
7.5,4211.1984605789185,0.12309999999999999
7.5,4212.202783346176,0.1229
7.5,4213.214960336685,0.12309999999999999
7.5,4214.230969429016,0.12309999999999999
7.5,4215.246774673462,0.12309999999999999
7.5,4216.261905193329,0.1229
7.5,4217.266368150711,0.12309999999999999
7.5,4218.283849000931,0.1229
7.5,4219.294837713242,0.12309999999999999
7.5,4220.310527086258,0.1229
7.5,4221.325835466385,0.1229
7.5,4222.340577840805,0.12309999999999999
7.5,4223.356362819672,0.12309999999999999
7.5,4225.373695611954,0.1229
7.5,4226.387281179428,0.12309999999999999
7.5,4227.403944730759,0.12309999999999999
7.5,4228.418398141861,0.12309999999999999
7.5,4229.433990240097,0.1229
7.5,4230.446054697037,0.1229
7.5,4231.464284658432,0.12309999999999999
7.5,4232.4794862270355,0.12309999999999999
7.5,4233.495970249176,0.12309999999999999
7.5,4234.512201309204,0.1229
7.5,4235.528662919998,0.12309999999999999
7.5,4236.546711683273,0.12389999999999998
7.5,4237.563203573227,0.12389999999999998
7.5,4238.577896595001,0.12389999999999998
7.5,4239.597848415375,0.12389999999999998
7.5,4240.614708900452,0.12389999999999998
7.5,4241.632126569748,0.12389999999999998
7.5,4242.646759033203,0.12389999999999998
7.5,4243.651454925537,0.12389999999999998
7.5,4245.668179988861,0.12389999999999998
7.5,4246.678730010986,0.12389999999999998
7.5,4247.694965600967,0.12389999999999998
7.5,4248.710500717163,0.12389999999999998
7.5,4249.731654167175,0.12389999999999998
7.5,4250.747663974762,0.12389999999999998
7.5,4251.763883829117,0.12389999999999998
7.5,4252.770784139633,0.12389999999999998
7.5,4253.787318944931,0.12389999999999998
7.5,4254.805016756058,0.12389999999999998
7.5,4255.82253909111,0.12389999999999998
7.5,4256.827347517014,0.12389999999999998
7.5,4257.843744516373,0.12389999999999998
7.5,4258.854570388794,0.12389999999999998
7.5,4259.86300945282,0.12389999999999998
7.5,4260.877060651779,0.12389999999999998
7.5,4261.892318487167,0.12389999999999998
7.5,4262.9071407318115,0.12389999999999998
7.5,4263.925768375397,0.12389999999999998
7.5,4265.944611310959,0.12389999999999998
7.5,4266.948417186737,0.12389999999999998
7.5,4267.970801353455,0.12389999999999998
7.5,4268.973983764648,0.12389999999999998
7.5,4269.976686239243,0.12389999999999998
7.5,4270.981806516647,0.12389999999999998
7.5,4271.983633995056,0.12389999999999998
7.5,4272.985132932663,0.12389999999999998
7.5,4273.986535310745,0.12389999999999998
7.5,4274.9875383377075,0.12389999999999998
7.5,4275.988625049591,0.12389999999999998
7.5,4276.989372730255,0.12389999999999998
7.5,4277.990678548813,0.12389999999999998
7.5,4278.991284132004,0.12389999999999998
7.5,4279.992970705032,0.12389999999999998
7.5,4280.993738412857,0.12389999999999998
7.5,4281.994547128677,0.12389999999999998
7.5,4282.994957208633,0.12389999999999998
7.5,4284.001190423965,0.12389999999999998
7.5,4286.0020360946655,0.12389999999999998
7.5,4287.00991153717,0.12389999999999998
7.5,4288.014057397842,0.12389999999999998
7.5,4289.0241820812225,0.12389999999999998
7.5,4290.0347356796265,0.12389999999999998
7.5,4291.045717000961,0.12389999999999998
7.5,4292.059733629227,0.12389999999999998
7.5,4293.079233884811,0.12389999999999998
7.5,4294.095665693283,0.12389999999999998
7.5,4295.112233161926,0.12389999999999998
7.5,4296.123322486877,0.12389999999999998
7.5,4297.138756275177,0.1248
7.5,4298.170658111572,0.1248
7.5,4299.177916526794,0.1248
7.5,4300.188384771347,0.1248
7.5,4301.189904928207,0.1248
7.5,4302.191787004471,0.1248
7.5,4303.20672249794,0.1248
7.5,4304.21404004097,0.1248
7.5,4306.216534137726,0.1248
7.5,4307.217151641846,0.1248
7.5,4308.218000411987,0.1248
7.5,4309.218630552292,0.1248
7.5,4310.219153642654,0.1248
7.5,4311.220341205597,0.1248
7.5,4312.232884645462,0.1248
7.5,4313.242223978043,0.1248
7.5,4314.250205993652,0.1248
7.5,4315.257496595383,0.1248
7.5,4316.266895055771,0.1248
7.5,4317.28223490715,0.1248
7.5,4318.29678106308,0.1248
7.5,4319.314879894257,0.1248
7.5,4320.332393169403,0.1248
7.5,4321.348544836044,0.1248
7.5,4322.35202050209,0.1248
7.5,4323.371018409729,0.1248
7.5,4324.388916015625,0.1248
7.5,4326.405388116837,0.1248
7.5,4327.416926145554,0.1248
7.5,4328.437470912933,0.1248
7.5,4329.454998016357,0.1248
7.5,4330.460937261581,0.1248
7.5,4331.469416379929,0.1248
7.5,4332.482581377029,0.1248
7.5,4333.494472742081,0.1248
7.5,4334.507058620453,0.1248
7.5,4335.5199954509735,0.1248
7.5,4336.538804531097,0.1248
7.5,4337.554738521576,0.1248
7.5,4338.561452627182,0.1248
7.5,4339.571693181992,0.1248
7.5,4340.584015607834,0.1248
7.5,4341.595998048782,0.1248
7.5,4342.609036684036,0.1248
7.5,4343.621833324432,0.1248
7.5,4344.633553028107,0.1248
7.5,4346.646431922913,0.1248
7.5,4347.657611846924,0.1248
7.5,4348.6682941913605,0.1248
7.5,4349.678810834885,0.1248
7.5,4350.686119556427,0.1248
7.5,4351.696195602417,0.1248
7.5,4352.7068202495575,0.1248
7.5,4353.717953443527,0.1248
7.5,4354.728583574295,0.1248
7.5,4355.739726066589,0.1248
7.5,4356.747332334518,0.1248
7.5,4357.758952140808,0.1248
7.5,4358.7721955776215,0.1248
7.5,4359.7833733558655,0.1248
7.5,4360.794454336166,0.1248
7.5,4361.805939435959,0.1248
7.5,4362.817345380783,0.1248
7.5,4363.833204030991,0.1248
7.5,4364.845252990723,0.1256
7.5,4366.856170892715,0.1256
7.5,4367.866957902908,0.1256
7.5,4368.877604722977,0.1256
7.5,4369.888159751892,0.1256
7.5,4370.898757457733,0.1256
7.5,4371.909572839737,0.1256
7.5,4372.920494318008,0.1256
7.5,4373.931013584137,0.1256
7.5,4374.941806793213,0.1256
7.5,4375.952750682831,0.1256
7.5,4376.9608607292175,0.1256
7.5,4377.973815917969,0.1256
7.5,4378.990703821182,0.1256
7.5,4379.992258310318,0.1256
7.5,4380.993347167969,0.1256
7.5,4381.9945249557495,0.1256
7.5,4382.996970415115,0.1256
7.5,4384.007936000824,0.1256
7.5,4385.008870124817,0.1256
7.5,4387.014127969742,0.1256
7.5,4388.016448020935,0.1256
7.5,4389.017685174942,0.1256
7.5,4390.022049665451,0.1256
7.5,4391.022792816162,0.1256
7.5,4392.023478507996,0.1256
7.5,4393.024167299271,0.1256
7.5,4394.025323629379,0.1256
7.5,4395.025900363922,0.1256
7.5,4396.026653051376,0.1256
7.5,4397.028846979141,0.1256
7.5,4398.030460596085,0.1256
7.5,4399.031993150711,0.1299
7.5,4400.0327751636505,0.1299
7.5,4401.04296207428,0.1299
7.5,4402.05096411705,0.1299
7.5,4403.058861255646,0.1299
7.5,4404.069902896881,0.1299
7.5,4405.082558631897,0.1299
7.5,4407.094623088837,0.1299
7.5,4408.106951236725,0.1299
7.5,4409.115691423416,0.1299
7.5,4410.126407146454,0.1299
7.5,4411.139481782913,0.1299
7.5,4412.151437044144,0.1299
7.5,4413.162376642227,0.1299
7.5,4414.175501585007,0.1299
7.5,4415.188853025436,0.1299
7.5,4416.192182540894,0.1299
7.5,4417.2191116809845,0.1299
7.5,4418.2332146167755,0.1299
7.5,4419.2350244522095,0.1299
7.5,4420.236945390701,0.1299
7.5,4421.245038509369,0.1299
7.5,4422.246864557266,0.1299
7.5,4423.2498281002045,0.1299
7.5,4424.252679347992,0.1299
7.5,4425.2555277347565,0.1299
7.5,4427.256983041763,0.1299
7.5,4428.2578275203705,0.1299
7.5,4429.258688211441,0.1299
7.5,4430.259495973587,0.1299
7.5,4431.260135889053,0.1299
7.5,4432.260924100876,0.1299
7.5,4433.261639118195,0.1299
7.5,4434.2623925209045,0.1299
7.5,4435.263688087463,0.1299
7.5,4436.2645881175995,0.1299
7.5,4437.265373706818,0.1299
7.5,4438.266788005829,0.1299
7.5,4439.267621278763,0.1299
7.5,4440.268093824387,0.1299
7.5,4441.268902301788,0.1256
7.5,4442.269517183304,0.1256
7.5,4443.270000457764,0.1256
7.5,4444.270567178726,0.1256
7.5,4445.271049261093,0.1256
7.5,4447.272661924362,0.1256
7.5,4448.27382850647,0.1256
7.5,4449.27482676506,0.1256
7.5,4450.275537729263,0.1256
7.5,4451.276787042618,0.1256
7.5,4452.278109788895,0.1256
7.5,4453.279500961304,0.1256
7.5,4454.280779123306,0.1256
7.5,4455.281560659409,0.1256
7.5,4456.28301858902,0.1256
7.5,4457.284664154053,0.1256
7.5,4458.292702674866,0.1256
7.5,4459.300410985947,0.1256
7.5,4460.307016134262,0.1256
7.5,4461.31612610817,0.1256
7.5,4462.32936501503,0.1256
7.5,4463.3415739536285,0.1256
7.5,4465.357241392136,0.1256
7.5,4466.37340927124,0.1256
7.5,4467.385709524155,0.1256
7.5,4468.401825428009,0.1256
7.5,4469.414657592773,0.1256
7.5,4470.427325248718,0.1256
7.5,4471.439683437347,0.1256
7.5,4472.454472541809,0.1256
7.5,4473.457628965378,0.1256
7.5,4474.471617698669,0.1256
7.5,4475.473911762238,0.1256
7.5,4476.49302315712,0.1256
7.5,4477.508745193481,0.1256
7.5,4478.514998674393,0.1256
7.5,4479.529004096985,0.1256
7.5,4480.542740821838,0.1256
7.5,4481.549802541733,0.1265
7.5,4482.556610107422,0.1265
7.5,4483.567474126816,0.1265
7.5,4485.5833995342255,0.1265
7.5,4486.60201048851,0.1265
7.5,4487.612723112106,0.1265
7.5,4488.615097284317,0.1265
7.5,4489.624027729034,0.1265
7.5,4490.634306669235,0.1265
7.5,4491.6448719501495,0.1265
7.5,4492.656054019928,0.1265
7.5,4493.665946960449,0.1265
7.5,4494.674483299255,0.1265
7.5,4495.685447216034,0.1265
7.5,4496.692490100861,0.1265
7.5,4497.704329252243,0.1265
7.5,4498.715651512146,0.1265
7.5,4499.721346139908,0.1265
7.5,4500.732140302658,0.1265
7.5,4501.735301971436,0.1265
7.5,4502.737326383591,0.1265
7.5,4503.748067855835,0.1265
7.5,4505.763871908188,0.1265
7.5,4506.773740530014,0.1265
7.5,4507.784226179123,0.1265
7.5,4508.794734239578,0.1265
7.5,4509.805740594864,0.1265
7.5,4510.811343431473,0.1265
7.5,4511.813808917999,0.1265
7.5,4512.825697183609,0.1265
7.5,4513.836998224258,0.1265
7.5,4514.848351240158,0.1265
7.5,4515.861503124237,0.1265
7.5,4516.874089717865,0.1265
7.5,4517.884912729263,0.1265
7.5,4518.9008231163025,0.1265
7.5,4519.9132168293,0.13069999999999998
7.5,4520.925586938858,0.13069999999999998
7.5,4521.936583995819,0.13069999999999998
7.5,4522.9436893463135,0.13069999999999998
7.5,4523.954515218735,0.13069999999999998
7.5,4525.959588050842,0.13069999999999998
7.5,4526.971633911133,0.13069999999999998
7.5,4527.982309818268,0.13069999999999998
7.5,4528.997306108475,0.13069999999999998
7.5,4530.007423400879,0.13069999999999998
7.5,4531.019045829773,0.13069999999999998
7.5,4532.047275543213,0.13069999999999998
7.5,4533.061048984528,0.13069999999999998
7.5,4534.066975593567,0.13069999999999998
7.5,4535.067691326141,0.13069999999999998
7.5,4536.069784879684,0.13069999999999998
7.5,4537.070638179779,0.13069999999999998
7.5,4538.071373939514,0.13069999999999998
7.5,4539.07223534584,0.13069999999999998
7.5,4540.072855949402,0.13069999999999998
7.5,4541.073470592499,0.13069999999999998
7.5,4542.074246168137,0.13069999999999998
7.5,4543.074867486954,0.13069999999999998
7.5,4544.075781106949,0.13069999999999998
7.5,4546.077342748642,0.13069999999999998
7.5,4547.077944517136,0.13069999999999998
7.5,4548.078549623489,0.13069999999999998
7.5,4549.079397439957,0.13069999999999998
7.5,4550.082918405533,0.13069999999999998
7.5,4551.083784580231,0.13069999999999998
7.5,4552.084949016571,0.13069999999999998
7.5,4553.085690021515,0.13069999999999998
7.5,4554.086823940277,0.13069999999999998
7.5,4555.087498664856,0.13069999999999998
7.5,4556.08864569664,0.13069999999999998
7.5,4557.0904178619385,0.13069999999999998
7.5,4558.091387748718,0.13069999999999998
7.5,4559.100764036179,0.13069999999999998
7.5,4560.110776901245,0.13069999999999998
7.5,4561.119496107101,0.13069999999999998
7.5,4562.1277940273285,0.13069999999999998
7.5,4563.139688968658,0.13069999999999998
7.5,4565.150497436523,0.13069999999999998
7.5,4566.161555051804,0.13069999999999998
7.5,4567.174121618271,0.13069999999999998
7.5,4568.185935974121,0.13069999999999998
7.5,4569.197705745697,0.1265
7.5,4570.218609571457,0.13069999999999998
7.5,4571.231414556503,0.1265
7.5,4572.244200468063,0.1265
7.5,4573.258664608002,0.1265
7.5,4574.277894258499,0.13069999999999998
7.5,4575.291237354279,0.1265
7.5,4576.29435801506,0.1265
7.5,4577.296293020248,0.1265
7.5,4578.310859680176,0.1265
7.5,4579.315770864487,0.1265
7.5,4580.3173768520355,0.1265
7.5,4581.317999601364,0.1265
7.5,4582.322564840317,0.1265
7.5,4583.32351231575,0.1265
7.5,4585.324849843979,0.1265
7.5,4586.326348781586,0.1265
7.5,4587.3270699977875,0.1265
7.5,4588.3284113407135,0.1265
7.5,4589.341415405273,0.1265
7.5,4590.348664045334,0.1265
7.5,4591.356140136719,0.1265
7.5,4592.365254163742,0.1265
7.5,4593.376626491547,0.1265
7.5,4594.389935731888,0.1265
7.5,4595.402537822723,0.1265
7.5,4596.410171508789,0.1265
7.5,4597.423441648483,0.1265
7.5,4598.436006307602,0.1265
7.5,4599.4501168727875,0.1265
7.5,4600.466038942337,0.1265
7.5,4601.485393047333,0.1265
7.5,4603.50205540657,0.1265
7.5,4604.514281749725,0.1265
7.5,4605.526875734329,0.1265
7.5,4606.539379119873,0.1265
7.5,4607.552137851715,0.1265
7.5,4608.565734386444,0.1265
7.5,4609.579064846039,0.1265
7.5,4610.591888427734,0.1265
7.5,4611.5979290008545,0.1265
7.5,4612.610236406326,0.1265
7.5,4613.621648073196,0.1265
7.5,4614.633095026016,0.1265
7.5,4615.644236803055,0.1265
7.5,4616.66240644455,0.1265
7.5,4617.682176113129,0.1265
7.5,4618.69598197937,0.1265
7.5,4619.712243556976,0.1265
7.5,4620.728712320328,0.12309999999999999
7.5,4621.74112868309,0.1229
7.5,4623.753506422043,0.12309999999999999
7.5,4624.763965129852,0.1229
7.5,4625.773980617523,0.12309999999999999
7.5,4626.78421998024,0.1229
7.5,4627.794589519501,0.1229
7.5,4628.800477266312,0.12309999999999999
7.5,4629.811537981033,0.12309999999999999
7.5,4630.818599939346,0.12309999999999999
7.5,4631.833705425262,0.1229
7.5,4632.8524560928345,0.1229
7.5,4633.858961343765,0.12309999999999999
7.5,4634.8694360256195,0.1229
7.5,4635.875314235687,0.12309999999999999
7.5,4636.8863270282745,0.12309999999999999
7.5,4637.898723363876,0.12309999999999999
7.5,4638.901121139526,0.12309999999999999
7.5,4639.912255048752,0.12309999999999999
7.5,4640.923007249832,0.12309999999999999
7.5,4641.9341609478,0.12309999999999999
7.5,4643.944935321808,0.12309999999999999
7.5,4644.958626508713,0.1229
7.5,4645.966570854187,0.12309999999999999
7.5,4646.981212854385,0.12309999999999999
7.5,4647.993998527527,0.1229
7.5,4649.011282205582,0.12309999999999999
7.5,4650.028034210205,0.12309999999999999
7.5,4651.042968988419,0.12309999999999999
7.5,4652.053920030594,0.12309999999999999
7.5,4653.067076683044,0.12309999999999999
7.5,4654.078549623489,0.1229
7.5,4655.083758831024,0.12309999999999999
7.5,4656.105340003967,0.12309999999999999
7.5,4657.11714220047,0.1229
7.5,4658.1205971241,0.1316
7.5,4659.13213634491,0.1316
7.5,4660.138774633408,0.1316
7.5,4661.1397585868835,0.1316
7.5,4662.140405893326,0.1316
7.5,4664.141502857208,0.1316
7.5,4665.144344329834,0.1316
7.5,4666.145361423492,0.1316
7.5,4667.1464240550995,0.1316
7.5,4668.147310256958,0.1316
7.5,4669.148484945297,0.1316
7.5,4670.149482011795,0.1316
7.5,4671.150135040283,0.1316
7.5,4672.150897264481,0.1316
7.5,4673.156451463699,0.1316
7.5,4674.157381296158,0.1316
7.5,4675.168298959732,0.1316
7.5,4676.1775431633,0.1316
7.5,4677.183558225632,0.1316
7.5,4678.191331863403,0.1316
7.5,4679.2020263671875,0.1316
7.5,4680.210256576538,0.1316
7.5,4681.228379249573,0.1316
7.5,4683.247632741928,0.1316
7.5,4684.253023147583,0.1316
7.5,4685.265104532242,0.1316
7.5,4686.277829170227,0.1316
7.5,4687.290571928024,0.1316
7.5,4688.300776004791,0.1316
7.5,4689.3125557899475,0.1316
7.5,4690.335210561752,0.1316
7.5,4691.347568035126,0.1316
7.5,4692.364692211151,0.1316
7.5,4693.365771055222,0.1316
7.5,4694.367620229721,0.1316
7.5,4695.370453596115,0.1316
7.5,4696.381769895554,0.1316
7.5,4697.391713619232,0.1316
7.5,4698.400728464127,0.1316
7.5,4699.409049272537,0.1316
7.5,4700.416642189026,0.1316
7.5,4701.426239013672,0.1316
7.5,4703.435045957565,0.1316
7.5,4704.447592496872,0.1316
7.5,4705.463287591934,0.1316
7.5,4706.475999593735,0.1316
7.5,4707.488865375519,0.1316
7.5,4708.501134157181,0.1316
7.5,4709.503455162048,0.1316
7.5,4710.505893468857,0.1316
7.5,4711.510508775711,0.1316
7.5,4712.521839857101,0.1316
7.5,4713.534342765808,0.1316
7.5,4714.547038793564,0.1316
7.5,4715.557394504547,0.1316
7.5,4716.569138765335,0.1316
7.5,4717.574814796448,0.1316
7.5,4718.588672161102,0.1316
7.5,4719.601097106934,0.1316
7.5,4720.613945245743,0.1316
7.5,4721.626165628433,0.1316
7.5,4723.638643503189,0.1316
7.5,4724.655321359634,0.1316
7.5,4725.65900349617,0.1316
7.5,4726.671937942505,0.1316
7.5,4727.683257341385,0.1316
7.5,4728.69650053978,0.1316
7.5,4729.709349393845,0.1316
7.5,4730.715329647064,0.1316
7.5,4731.72865152359,0.1316
7.5,4732.731087684631,0.1316
7.5,4733.744744777679,0.1316
7.5,4734.753611564636,0.1316
7.5,4735.76371216774,0.1229
7.5,4736.774440765381,0.12309999999999999
7.5,4737.785225152969,0.12309999999999999
7.5,4738.786958456039,0.1316
7.5,4739.7972276210785,0.1316
7.5,4740.801541805267,0.1316
7.5,4741.814533948898,0.12309999999999999
7.5,4743.824419021606,0.1229
7.5,4744.834494590759,0.1316
7.5,4745.845219135284,0.1316
7.5,4746.856290102005,0.1316
7.5,4747.867522478104,0.1316
7.5,4748.878191709518,0.1316
7.5,4749.8889174461365,0.1316
7.5,4750.8992755413055,0.1316
7.5,4751.909479856491,0.1316
7.5,4752.9196853637695,0.1316
7.5,4753.928515672684,0.1316
7.5,4754.941591978073,0.12309999999999999
7.5,4755.952250480652,0.12309999999999999
7.5,4756.954752206802,0.1229
7.5,4757.965824127197,0.1316
7.5,4758.978032588959,0.1229
7.5,4759.989364385605,0.1229
7.5,4761.000569105148,0.12309999999999999
7.5,4762.007588624954,0.1316
7.5,4764.016581773758,0.1316
7.5,4765.027959346771,0.1316
7.5,4766.032625436783,0.1316
7.5,4767.043336629868,0.1316
7.5,4768.053723812103,0.1316
7.5,4769.063716411591,0.1316
7.5,4770.074230194092,0.1316
7.5,4771.084633350372,0.1316
7.5,4772.096599817276,0.1316
7.5,4773.10754108429,0.1316
7.5,4774.118323802948,0.1316
7.5,4775.123520374298,0.1316
7.5,4776.134480953217,0.1316
7.5,4777.143489360809,0.1316
7.5,4778.155493021011,0.1316
7.5,4779.175822734833,0.1316
7.5,4780.191642284393,0.1316
7.5,4781.199705123901,0.1316
7.5,4782.202752113342,0.1316
7.5,4784.206549882889,0.1316
7.5,4785.207760810852,0.1316
7.5,4786.208518266678,0.1316
7.5,4787.212588310242,0.1316
7.5,4788.213140487671,0.1316
7.5,4789.213731050491,0.1316
7.5,4790.21492099762,0.1316
7.5,4791.215929269791,0.1316
7.5,4792.216867446899,0.1316
7.5,4793.2176122665405,0.1316
7.5,4794.219024419785,0.1316
7.5,4795.219790697098,0.1316
7.5,4796.220969676971,0.1316
7.5,4797.221677064896,0.1316
7.5,4798.222323179245,0.1316
7.5,4799.222826957703,0.1316
7.5,4800.223568916321,0.1229
7.5,4801.224563121796,0.12309999999999999
7.5,4802.225506305695,0.1316
7.5,4804.226628541946,0.12309999999999999
7.5,4805.228278636932,0.12309999999999999
7.5,4806.230176925659,0.1229
7.5,4807.238786458969,0.1316
7.5,4808.246113061905,0.1316
7.5,4809.254196643829,0.1316
7.5,4810.262516736984,0.1316
7.5,4811.273800849915,0.12309999999999999
7.5,4812.28511762619,0.1316
7.5,4813.2975471019745,0.1316
7.5,4814.3107368946075,0.1316
7.5,4815.31606054306,0.12309999999999999
7.5,4816.328673362732,0.1229
7.5,4817.342374563217,0.12309999999999999
7.5,4818.363222122192,0.1316
7.5,4819.395325183868,0.1316
7.5,4820.40663766861,0.12309999999999999
7.5,4821.418343067169,0.1316
7.5,4823.422738790512,0.1316
7.5,4824.423778057098,0.1229
7.5,4825.4247443675995,0.12309999999999999
7.5,4826.42542052269,0.1316
7.5,4827.425998449326,0.1229
7.5,4828.426746606827,0.12309999999999999
7.5,4829.4275732040405,0.12309999999999999
7.5,4830.428357124329,0.1229
7.5,4831.428828716278,0.1229
7.5,4832.429527997971,0.1229
7.5,4833.430620908737,0.1316
7.5,4834.431544303894,0.1316
7.5,4835.433062553406,0.1316
7.5,4836.433892965317,0.1316
7.5,4837.439250230789,0.1229
7.5,4838.449536085129,0.1316
7.5,4839.457056283951,0.1316
7.5,4840.468093633652,0.1316
7.5,4841.472961187363,0.1316
7.5,4843.492730617523,0.1316
7.5,4844.509893894196,0.1316
7.5,4845.523199796677,0.1316
7.5,4846.534929990768,0.1316
7.5,4847.546368122101,0.1316
7.5,4848.561120033264,0.1316
7.5,4849.572835683823,0.1316
7.5,4850.584409952164,0.1316
7.5,4851.596211433411,0.1316
7.5,4852.61067199707,0.1316
7.5,4853.626790046692,0.1316
7.5,4854.63326382637,0.1316
7.5,4855.6534078121185,0.1316
7.5,4856.663477182388,0.1316
7.5,4857.678454399109,0.1229
7.5,4858.6900544166565,0.1316
7.5,4859.700580120087,0.1316
7.5,4860.716955900192,0.1316
7.5,4861.729684114456,0.1316
7.5,4863.733708381653,0.1316
7.5,4864.7508153915405,0.1316
7.5,4865.762665987015,0.1316
7.5,4866.776569366455,0.1316
7.5,4867.788556337357,0.1316
7.5,4868.799389362335,0.1316
7.5,4869.810232400894,0.1316
7.5,4870.820626735687,0.1316
7.5,4871.831117630005,0.1316
7.5,4872.842179775238,0.1316
7.5,4873.855714559555,0.1316
7.5,4874.867187976837,0.1316
7.5,4875.878345012665,0.1316
7.5,4876.897266864777,0.1316
7.5,4877.914105653763,0.1316
7.5,4878.926648616791,0.1316
7.5,4879.939264297485,0.1316
7.5,4880.945180416107,0.1316
7.5,4881.950959205627,0.1316
7.5,4883.967545747757,0.1316
7.5,4884.980353355408,0.1316
7.5,4885.994406461716,0.1316
7.5,4887.007871627808,0.1316
7.5,4888.018751859665,0.1316
7.5,4889.032455205917,0.1316
7.5,4890.046731710434,0.1316
7.5,4891.05915760994,0.1316
7.5,4892.069829940796,0.1316
7.5,4893.081022262573,0.1316
7.5,4894.099194526672,0.1316
7.5,4895.104211091995,0.1316
7.5,4896.110686302185,0.1316
7.5,4897.125141382217,0.1316
7.5,4898.138100862503,0.1316
7.5,4899.153274774551,0.12309999999999999
7.5,4900.1673419475555,0.1229
7.5,4901.17201924324,0.12309999999999999
7.5,4902.184544324875,0.12309999999999999
7.5,4904.198319673538,0.12309999999999999
7.5,4905.210491657257,0.12309999999999999
7.5,4906.240160942078,0.1229
7.5,4907.245646476746,0.12309999999999999
7.5,4908.247713804245,0.12309999999999999
7.5,4909.250036478043,0.1229
7.5,4910.255579710007,0.1229
7.5,4911.256725072861,0.12309999999999999
7.5,4912.261499643326,0.1229
7.5,4913.264110088348,0.12309999999999999
7.5,4914.265508890152,0.12309999999999999
7.5,4915.269709825516,0.1229
7.5,4916.270831108093,0.1229
7.5,4917.2728979587555,0.12309999999999999
7.5,4918.273437738419,0.12309999999999999
7.5,4919.274441242218,0.1229
7.5,4920.2767016887665,0.12309999999999999
7.5,4921.278005123138,0.12309999999999999
7.5,4922.279301166534,0.1229
7.5,4924.280346632004,0.12309999999999999
7.5,4925.281263828278,0.12309999999999999
7.5,4926.28196644783,0.12309999999999999
7.5,4927.286223649979,0.12309999999999999
7.5,4928.287905693054,0.12309999999999999
7.5,4929.289084434509,0.1229
7.5,4930.2898733615875,0.1229
7.5,4931.291155099869,0.1229
7.5,4932.2926433086395,0.12309999999999999
7.5,4933.301916360855,0.12309999999999999
7.5,4934.311261177063,0.1229
7.5,4935.319932222366,0.12309999999999999
7.5,4936.328170061111,0.1229
7.5,4937.340605974197,0.12309999999999999
3.5,4938.3524470329285,0.1229
3.5,4939.364543437958,0.12309999999999999
3.5,4940.37593793869,0.12309999999999999
3.5,4942.389205694199,0.12309999999999999
3.5,4943.4017651081085,0.1229
3.5,4944.405474662781,0.12309999999999999
3.5,4945.430228233337,0.1265
3.5,4946.4424114227295,0.1265
3.5,4947.455522537231,0.1265
3.5,4948.45664024353,0.1265
3.5,4949.457674503326,0.1265
3.5,4950.4601402282715,0.1265
3.5,4951.46799826622,0.13069999999999998
3.5,4952.4700355529785,0.13069999999999998
3.5,4953.473073244095,0.1299
3.5,4954.477552175522,0.1248
3.5,4955.480092048645,0.12389999999999998
3.5,4956.480952501297,0.1229
3.5,4957.481970310211,0.12219999999999999
3.5,4958.482852935791,0.1212
3.5,4959.48339676857,0.1204
3.5,4960.4838790893555,0.1197
3.5,4962.484708309174,0.1187
3.5,4963.4858412742615,0.12219999999999999
3.5,4964.486831665039,0.12209999999999999
3.5,4965.487869024277,0.12219999999999999
3.5,4966.488543748856,0.12219999999999999
3.5,4967.489314556122,0.12219999999999999
3.5,4968.4904046058655,0.12219999999999999
3.5,4969.491012811661,0.12219999999999999
3.5,4970.4921724796295,0.11779999999999999
3.5,4971.493175506592,0.11779999999999999
3.5,4972.49435710907,0.11699999999999999
3.5,4973.495300769806,0.11609999999999998
3.5,4974.496005058289,0.1153
3.5,4975.497423648834,0.1187
3.5,4976.498323917389,0.11779999999999999
3.5,4977.498793363571,0.11699999999999999
3.5,4978.499658823013,0.11609999999999998
3.5,4980.501232624054,0.11099999999999999
3.5,4981.511552333832,0.11099999999999999
3.5,4982.518800973892,0.11099999999999999
3.5,4983.526734828949,0.11099999999999999
3.5,4984.534426689148,0.11099999999999999
3.5,4985.546454668045,0.11099999999999999
3.5,4986.560000181198,0.10679999999999999
3.5,4987.573543548584,0.10679999999999999
3.5,4988.597236871719,0.10679999999999999
3.5,4989.614475727081,0.11019999999999999
3.5,4990.626571178436,0.11019999999999999
3.5,4991.635796546936,0.1059
3.5,4992.641605138779,0.1093
3.5,4993.65248799324,0.10849999999999999
3.5,4994.665845632553,0.11189999999999999
3.5,4995.679008960724,0.11099999999999999
3.5,4996.693500757217,0.1059
3.5,4997.7039222717285,0.10149999999999999
3.5,4998.717335939407,0.1049
3.5,5000.731083154678,0.10419999999999999
3.5,5001.744522809982,0.09979999999999999
3.5,5002.75572347641,0.10319999999999999
3.5,5003.771827697754,0.10319999999999999
3.5,5004.783622980118,0.10319999999999999
3.5,5005.79340338707,0.10319999999999999
3.5,5006.795864582062,0.10319999999999999
3.5,5007.807909965515,0.10319999999999999
3.5,5008.825952291489,0.10319999999999999
3.5,5009.836733341217,0.10759999999999999
3.5,5010.8475642204285,0.10759999999999999
3.5,5011.861176729202,0.10229999999999999
3.5,5012.874586105347,0.09809999999999999
3.5,5013.888537168503,0.10149999999999999
3.5,5014.899282217026,0.1049
3.5,5015.910138130188,0.09979999999999999
3.5,5016.9210069179535,0.09979999999999999
3.5,5017.9325914382935,0.09889999999999999
3.5,5018.943758249283,0.10229999999999999
3.5,5020.95557308197,0.09389999999999998
3.5,5021.966416835785,0.09729999999999998
3.5,5022.977499008179,0.09729999999999998
3.5,5023.990113019943,0.09729999999999998
3.5,5025.002137184143,0.09729999999999998
3.5,5026.013423204422,0.09729999999999998
3.5,5027.019620418549,0.09729999999999998
3.5,5028.030506134033,0.09729999999999998
3.5,5029.0430274009705,0.09729999999999998
3.5,5030.052100658417,0.09729999999999998
3.5,5031.062898635864,0.09729999999999998
3.5,5032.076261758804,0.1006
3.5,5033.088958978653,0.09559999999999999
3.5,5034.103221416473,0.09559999999999999
3.5,5035.115691900253,0.09469999999999999
3.5,5036.129536628723,0.09389999999999998
3.5,5037.138530731201,0.0894
3.5,5038.150274515152,0.09299999999999999
3.5,5039.158847332001,0.09639999999999999
3.5,5041.1721386909485,0.08789999999999999
3.5,5042.182821989059,0.09559999999999999
3.5,5043.193574666977,0.09559999999999999
3.5,5044.196137666702,0.09129999999999999
3.5,5045.206772565842,0.09559999999999999
3.5,5046.217769622803,0.09129999999999999
3.5,5047.228831291199,0.09129999999999999
3.5,5048.242635965347,0.09129999999999999
3.5,5049.252988576889,0.0911
3.5,5050.263360977173,0.09129999999999999
3.5,5051.2740643024445,0.09129999999999999
3.5,5052.284406661987,0.0835
3.5,5053.294988155365,0.0904
3.5,5054.305401086807,0.0894
3.5,5055.31911444664,0.08089999999999999
3.5,5056.325941562653,0.0887
3.5,5057.327790975571,0.08789999999999999
3.5,5058.32931637764,0.0835
3.5,5059.330904006958,0.08689999999999999
3.5,5061.337450265884,0.0818
3.5,5062.338953733444,0.0818
3.5,5063.343334913254,0.0835
3.5,5064.348997831345,0.0818
3.5,5065.35055065155,0.0835
3.5,5066.351490497589,0.0818
3.5,5067.352326393127,0.0835
3.5,5068.3528072834015,0.0818
3.5,5069.353327989578,0.0818
3.5,5070.354516029358,0.0818
3.5,5071.369580984116,0.0818
3.5,5072.371488571167,0.08089999999999999
3.5,5073.372449636459,0.08089999999999999
3.5,5074.372914552689,0.0801
3.5,5075.373559951782,0.0801
3.5,5076.376311302185,0.0835
3.5,5077.3863706588745,0.07839999999999998
3.5,5078.394936084747,0.0826
3.5,5079.405333280563,0.0818
3.5,5081.416566848755,0.07749999999999999
3.5,5082.425822496414,0.07669999999999999
3.5,5083.437566757202,0.07669999999999999
3.5,5084.449417352676,0.07669999999999999
3.5,5085.461230516434,0.08089999999999999
3.5,5086.473288536072,0.08089999999999999
3.5,5087.4980454444885,0.08089999999999999
3.5,5088.50378537178,0.08089999999999999
3.5,5089.5175132751465,0.08089999999999999
3.5,5090.518719911575,0.08089999999999999
3.5,5091.520699977875,0.08089999999999999
3.5,5092.5299825668335,0.07669999999999999
3.5,5093.531921863556,0.0801
3.5,5094.534175157547,0.07579999999999998
3.5,5095.535334348679,0.07919999999999998
3.5,5096.539413452148,0.07409999999999999
3.5,5097.540401697159,0.07839999999999998
3.5,5098.541089773178,0.07309999999999998
3.5,5099.541754722595,0.07749999999999999
3.5,5101.542596817017,0.07239999999999999
3.5,5102.543133974075,0.07669999999999999
3.5,5103.543947696686,0.07669999999999999
3.5,5104.545009851456,0.07669999999999999
3.5,5105.545626163483,0.07669999999999999
3.5,5106.547114372253,0.07669999999999999
3.5,5107.547617673874,0.07669999999999999
3.5,5108.548783302307,0.07669999999999999
3.5,5109.549520969391,0.07669999999999999
3.5,5110.550024032593,0.07669999999999999
3.5,5111.550564289093,0.07139999999999999
3.5,5112.5511293411255,0.07579999999999998
3.5,5113.552451372147,0.0706
3.5,5114.553178310394,0.07499999999999998
3.5,5115.55398440361,0.06969999999999998
3.5,5116.554948091507,0.07409999999999999
3.5,5117.555901765823,0.06889999999999999
3.5,5119.5595445632935,0.07329999999999999
3.5,5120.560068845749,0.06889999999999999
3.5,5121.569403409958,0.06889999999999999
3.5,5122.57716012001,0.06889999999999999
3.5,5123.585104465485,0.06889999999999999
3.5,5124.594190120697,0.06889999999999999
3.5,5125.602869510651,0.06889999999999999
3.5,5126.613579273224,0.06889999999999999
3.5,5127.624981403351,0.06889999999999999
3.5,5128.641179323196,0.06459999999999999
3.5,5129.651686906815,0.07239999999999999
3.5,5130.660769939423,0.0638
3.5,5131.676077604294,0.07139999999999999
3.5,5132.690810203552,0.0672
3.5,5133.7060561180115,0.0706
3.5,5134.7209894657135,0.0663
3.5,5135.729789018631,0.06549999999999999
3.5,5137.74431681633,0.06969999999999998
3.5,5138.759195327759,0.06549999999999999
3.5,5139.770520448685,0.06549999999999999
3.5,5140.781962394714,0.06549999999999999
3.5,5141.797812461853,0.06119999999999999
3.5,5142.799934387207,0.06119999999999999
3.5,5143.819633245468,0.06119999999999999
3.5,5144.830437898636,0.06119999999999999
3.5,5145.840579986572,0.06459999999999999
3.5,5146.858005285263,0.06459999999999999
3.5,5147.870429515839,0.06459999999999999
3.5,5148.890269756317,0.06889999999999999
3.5,5149.904297113419,0.060399999999999995
3.5,5150.919303178787,0.06799999999999999
3.5,5151.932161092758,0.0638
3.5,5152.942627668381,0.0629
3.5,5153.948439836502,0.0672
3.5,5154.962671518326,0.06209999999999999
3.5,5155.97168469429,0.0663
3.5,5157.97678899765,0.06209999999999999
3.5,5158.986083745956,0.06119999999999999
3.5,5159.996504306793,0.06119999999999999
3.5,5161.006589174271,0.06119999999999999
3.5,5162.017158985138,0.06549999999999999
3.5,5163.027423143387,0.06549999999999999
3.5,5164.038084030151,0.06549999999999999
3.5,5165.049020051956,0.06549999999999999
3.5,5166.05987906456,0.06549999999999999
3.5,5167.065871477127,0.06549999999999999
3.5,5168.076722860336,0.06549999999999999
3.5,5169.087055444717,0.06549999999999999
3.5,5170.0979771614075,0.060399999999999995
3.5,5171.110102176666,0.06459999999999999
3.5,5172.115970611572,0.060399999999999995
3.5,5173.126421689987,0.0638
3.5,5174.137159824371,0.0638
3.5,5175.1502068042755,0.05869999999999999
3.5,5176.162994623184,0.0629
3.5,5178.175344944,0.05869999999999999
3.5,5179.186757326126,0.05869999999999999
3.5,5180.195886135101,0.05869999999999999
3.5,5181.211034536362,0.054199999999999984
3.5,5182.216767311096,0.054199999999999984
3.5,5183.230645656586,0.054199999999999984
3.5,5184.243430376053,0.0576
3.5,5185.258016109467,0.0576
3.5,5186.275626420975,0.0576
3.5,5187.2866361141205,0.0576
3.5,5188.297997713089,0.0576
3.5,5189.308709144592,0.06209999999999999
3.5,5190.319682836533,0.0576
3.5,5191.331807613373,0.0568
3.5,5192.3418436050415,0.06119999999999999
3.5,5193.35244512558,0.056999999999999995
3.5,5194.362663507462,0.0561
3.5,5195.376385688782,0.060399999999999995
3.5,5196.400431394577,0.051699999999999996
3.5,5198.409532546997,0.059300000000000005
3.5,5199.410489797592,0.0595
3.5,5200.411363124847,0.0595
3.5,5201.413279294968,0.0595
3.5,5202.448937654495,0.0595
3.5,5203.45045542717,0.0595
3.5,5204.459543943405,0.0595
3.5,5205.467416524887,0.0595
3.5,5206.475997686386,0.0595
3.5,5207.486958503723,0.0595
3.5,5208.503496170044,0.0595
3.5,5209.505679130554,0.050799999999999984
3.5,5210.5090317726135,0.05869999999999999
3.5,5211.520527601242,0.05869999999999999
3.5,5212.536628484726,0.04999999999999999
3.5,5213.562758684158,0.0576
3.5,5214.577273607254,0.05779999999999999
3.5,5215.579009056091,0.05339999999999999
3.5,5216.589911699295,0.05249999999999999
3.5,5218.592978477478,0.0568
3.5,5219.593752861023,0.05249999999999999
3.5,5220.599897146225,0.05249999999999999
3.5,5221.601089715958,0.05249999999999999
3.5,5222.601819992065,0.05249999999999999
3.5,5223.602583885193,0.05249999999999999
3.5,5224.603171110153,0.05249999999999999
3.5,5225.60390996933,0.05249999999999999
3.5,5226.604469537735,0.05249999999999999
3.5,5227.605316877365,0.05249999999999999
3.5,5228.605974435806,0.04829999999999998
3.5,5229.6068432331085,0.0561
3.5,5230.607483148575,0.051699999999999996
3.5,5231.608465433121,0.0474
3.5,5232.610244512558,0.050799999999999984
3.5,5233.610892057419,0.055099999999999996
3.5,5234.612443447113,0.050799999999999984
3.5,5235.613001346588,0.04999999999999999
3.5,5237.613658189774,0.054199999999999984
3.5,5238.614646196365,0.054199999999999984
3.5,5239.615282773972,0.054199999999999984
3.5,5240.615877866745,0.054199999999999984
3.5,5241.6165199279785,0.054199999999999984
3.5,5242.61721777916,0.054199999999999984
3.5,5243.618089199066,0.054199999999999984
3.5,5244.618961811066,0.054199999999999984
3.5,5245.628905057907,0.054199999999999984
3.5,5246.637669801712,0.054199999999999984
3.5,5247.646121025085,0.04949999999999999
3.5,5248.655254840851,0.05339999999999999
3.5,5249.662012338638,0.05339999999999999
3.5,5250.670193910599,0.048099999999999976
3.5,5251.682519674301,0.04829999999999998
3.5,5252.699013710022,0.05249999999999999
3.5,5253.7118554115295,0.05249999999999999
3.5,5255.725456476212,0.048099999999999976
3.5,5256.7390031814575,0.043999999999999984
3.5,5257.753067970276,0.043999999999999984
3.5,5258.765987157822,0.043999999999999984
3.5,5259.778731584549,0.043999999999999984
3.5,5260.7921352386475,0.043999999999999984
3.5,5261.806831121445,0.043999999999999984
3.5,5262.819416761398,0.043999999999999984
3.5,5263.832218885422,0.043999999999999984
3.5,5264.844810247421,0.043999999999999984
3.5,5265.851138591766,0.043999999999999984
3.5,5266.865547657013,0.051699999999999996
3.5,5267.877505302429,0.051699999999999996
3.5,5268.882228374481,0.0474
3.5,5269.88703751564,0.046599999999999975
3.5,5270.898217201233,0.050799999999999984
3.5,5271.910582065582,0.050799999999999984
3.5,5272.922808408737,0.046599999999999975
3.5,5273.9350938797,0.04569999999999999
3.5,5275.948799371719,0.04930000000000001
3.5,5276.959225654602,0.04949999999999999
3.5,5277.9718136787415,0.04999999999999999
3.5,5278.982683181763,0.04999999999999999
3.5,5279.986139297485,0.04999999999999999
3.5,5280.997091770172,0.04999999999999999
3.5,5282.011125564575,0.04999999999999999
3.5,5283.021908044815,0.04999999999999999
3.5,5284.033221483231,0.04999999999999999
3.5,5285.047209024429,0.04999999999999999
3.5,5286.05802154541,0.04999999999999999
3.5,5287.060252904892,0.04569999999999999
3.5,5288.071550130844,0.044899999999999995
3.5,5289.082077264786,0.04909999999999998
3.5,5290.087131261826,0.04829999999999998
3.5,5291.096555948257,0.04909999999999998
3.5,5292.109161376953,0.044899999999999995
3.5,5293.121722459793,0.043999999999999984
3.5,5294.135585069656,0.043999999999999984
3.5,5296.148680686951,0.04829999999999998
3.5,5297.1654398441315,0.04829999999999998
3.5,5298.176780939102,0.04829999999999998
3.5,5299.188565015793,0.04829999999999998
3.5,5300.199806928635,0.04829999999999998
3.5,5301.211344718933,0.04829999999999998
3.5,5302.2236540317535,0.04829999999999998
3.5,5303.236394405365,0.04829999999999998
3.5,5304.246848344803,0.04829999999999998
3.5,5305.2561202049255,0.04829999999999998
3.5,5306.267035245895,0.04829999999999998
3.5,5307.277819395065,0.043999999999999984
3.5,5308.289643287659,0.0398
3.5,5309.294578075409,0.0388
3.5,5310.306061267853,0.04319999999999999
3.5,5311.31739616394,0.0474
3.5,5312.328931093216,0.0474
3.5,5313.341113805771,0.0474
3.5,5314.351697921753,0.0474
3.5,5316.3635284900665,0.0474
3.5,5317.373964548111,0.0474
3.5,5318.376083612442,0.04680000000000001
3.5,5319.38856959343,0.04680000000000001
3.5,5320.399399757385,0.04680000000000001
3.5,5321.409918785095,0.04680000000000001
3.5,5322.420957326889,0.04680000000000001
3.5,5323.431714773178,0.04680000000000001
3.5,5324.442076683044,0.04680000000000001
3.5,5325.460414648056,0.04680000000000001
3.5,5326.468528032303,0.0474
3.5,5327.470452308655,0.0474
3.5,5328.472335100174,0.0474
3.5,5329.4747495651245,0.0474
3.5,5330.479604005814,0.0474
3.5,5331.4816291332245,0.0474
3.5,5332.484530448914,0.0474
3.5,5333.4907059669495,0.0474
3.5,5334.494888305664,0.0474
3.5,5336.495914697647,0.0474
3.5,5337.496486663818,0.0474
3.5,5338.497635602951,0.046599999999999975
3.5,5339.50358247757,0.04680000000000001
3.5,5340.504074573517,0.046599999999999975
3.5,5341.504585266113,0.04680000000000001
3.5,5342.505734682083,0.046599999999999975
3.5,5343.506666660309,0.04680000000000001
3.5,5344.508027791977,0.04680000000000001
3.5,5345.508650064468,0.046599999999999975
3.5,5346.510039329529,0.0474
3.5,5347.510450601578,0.0474
3.5,5348.511205911636,0.0474
3.5,5349.512091398239,0.0474
3.5,5350.5129816532135,0.0474
3.5,5351.513389825821,0.0474
3.5,5352.5219922065735,0.0474
3.5,5354.53039431572,0.0474
3.5,5355.538947343826,0.0474
3.5,5356.547864198685,0.0471
3.5,5357.556420087814,0.04680000000000001
3.5,5358.568032979965,0.04680000000000001
3.5,5359.580319643021,0.04680000000000001
3.5,5360.593612194061,0.04680000000000001
3.5,5361.620938777924,0.046599999999999975
3.5,5362.629294395447,0.04680000000000001
3.5,5363.636621713638,0.04680000000000001
3.5,5364.637376785278,0.0474
3.5,5365.637972354889,0.0474
3.5,5366.639914274216,0.0474
3.5,5367.649906158447,0.0474
3.5,5368.674876689911,0.0474
3.5,5369.676021814346,0.0474
3.5,5370.684481620789,0.0474
3.5,5371.692030906677,0.0474
3.5,5372.700008630753,0.0474
3.5,5374.709536790848,0.0474
3.5,5375.717569589615,0.0474
3.5,5376.729959726334,0.04680000000000001
3.5,5377.744115114212,0.04680000000000001
3.5,5378.758815288544,0.04680000000000001
3.5,5379.763715744019,0.04680000000000001
3.5,5380.776630163193,0.046599999999999975
3.5,5381.788303613663,0.04680000000000001
3.5,5382.803676605225,0.046599999999999975
3.5,5383.816883802414,0.04680000000000001
3.5,5384.831605911255,0.0474
3.5,5385.844340085983,0.0474
3.5,5386.859046697617,0.0474
3.5,5387.87008523941,0.0474
3.5,5388.880944490433,0.0474
3.5,5389.892511129379,0.0474
3.5,5390.907969713211,0.0474
3.5,5391.9228456020355,0.0474
3.5,5392.93456029892,0.0474
3.5,5394.946372747421,0.0474
3.5,5395.957717418671,0.0474
3.5,5396.960318565369,0.046599999999999975
3.5,5397.973433017731,0.04680000000000001
3.5,5398.989042520523,0.04680000000000001
3.5,5400.0029265880585,0.04680000000000001
3.5,5401.005269527435,0.04680000000000001
3.5,5402.017651319504,0.04680000000000001
3.5,5403.033921003342,0.046599999999999975
3.5,5404.047960758209,0.04680000000000001
3.5,5405.055459260941,0.0474
3.5,5406.065888643265,0.0474
3.5,5407.0765335559845,0.0474
3.5,5408.088105916977,0.0474
3.5,5409.09360575676,0.0474
3.5,5410.1048839092255,0.0474
3.5,5411.119069337845,0.0474
3.5,5412.1320543289185,0.0474
3.5,5413.146319389343,0.0474
3.5,5415.161396741867,0.0474
3.5,5416.1779181957245,0.0474
3.5,5417.1891367435455,0.04680000000000001
3.5,5418.20019698143,0.04680000000000001
3.5,5419.221726894379,0.04680000000000001
3.5,5420.2316172122955,0.04680000000000001
3.5,5421.242790937424,0.046599999999999975
3.5,5422.253664493561,0.04680000000000001
3.5,5423.268422842026,0.04680000000000001
3.5,5424.280531406403,0.046599999999999975
3.5,5425.2825808525085,0.0474
3.5,5426.293164968491,0.0474
3.5,5427.301598310471,0.0474
3.5,5428.312295913696,0.0474
3.5,5429.322731733322,0.0474
3.5,5430.332612752914,0.0474
3.5,5431.352506160736,0.0474
3.5,5432.369475603104,0.0474
3.5,5433.375103473663,0.0474
3.5,5435.385746479034,0.0474
3.5,5436.396116256714,0.0474
3.5,5437.413237094879,0.04680000000000001
3.5,5438.424432277679,0.04680000000000001
3.5,5439.437872886658,0.04680000000000001
3.5,5440.446097135544,0.046599999999999975
3.5,5441.459516048431,0.04680000000000001
3.5,5442.470576286316,0.04680000000000001
3.5,5443.481287479401,0.04680000000000001
3.5,5444.491796970367,0.04680000000000001
3.5,5445.501512050629,0.0474
3.5,5446.513405561447,0.0474
3.5,5447.5329439640045,0.0474
3.5,5448.533612728119,0.0474
3.5,5449.536716461182,0.0474
3.5,5450.53884935379,0.0474
3.5,5451.549669742584,0.0474
3.5,5452.551393270493,0.0474
3.5,5453.554150342941,0.0474
3.5,5455.555400848389,0.0474
3.5,5456.555952310562,0.0474
3.5,5457.556528806686,0.046599999999999975
3.5,5458.557072162628,0.046599999999999975
3.5,5459.557567834854,0.04680000000000001
3.5,5460.558380126953,0.04680000000000001
3.5,5461.558977603912,0.04680000000000001
3.5,5462.55984377861,0.04680000000000001
3.5,5463.560307502747,0.04680000000000001
3.5,5464.561215162277,0.046599999999999975
3.5,5465.562376976013,0.0474
3.5,5466.563722372055,0.0474
3.5,5467.564471483231,0.0474
3.5,5468.565150260925,0.0474
3.5,5469.566345214844,0.0474
3.5,5470.566789865494,0.0474
3.5,5471.568016767502,0.0474
3.5,5473.569128751755,0.0474
3.5,5474.570519208908,0.0474
3.5,5475.571949481964,0.0471
3.5,5476.573113679886,0.046599999999999975
3.5,5477.573806285858,0.046599999999999975
3.5,5478.574811220169,0.046599999999999975
3.5,5479.575771570206,0.04680000000000001
3.5,5480.576248884201,0.04680000000000001
3.5,5481.577657699585,0.04680000000000001
3.5,5482.578324079514,0.04680000000000001
3.5,5483.586838960648,0.0474
3.5,5484.594866514206,0.0474
3.5,5485.6025450229645,0.0474
3.5,5486.610262393951,0.0474
3.5,5487.61510181427,0.0474
3.5,5488.625033378601,0.0474
3.5,5489.637395143509,0.0474
3.5,5491.650052785873,0.0474
3.5,5492.662778377533,0.0474
3.5,5493.683450937271,0.0469
3.5,5494.689581871033,0.04680000000000001
3.5,5495.701131343842,0.04680000000000001
3.5,5496.702572345734,0.04680000000000001
3.5,5497.703939676285,0.046599999999999975
3.5,5498.712154388428,0.04680000000000001
3.5,5499.735658407211,0.04680000000000001
3.5,5500.737223148346,0.046599999999999975
3.5,5501.746806383133,0.0474
3.5,5502.749479055405,0.0474
3.5,5503.757791757584,0.0474
3.5,5504.768421173096,0.0474
3.5,5505.771690368652,0.0474
3.5,5506.783253908157,0.0474
3.5,5507.795694112778,0.0474
3.5,5508.801065206528,0.0474
3.5,5509.8147559165955,0.0474
3.5,5511.834726333618,0.0474
3.5,5512.854701757431,0.0474
3.5,5513.867112636566,0.04680000000000001
3.5,5514.879823446274,0.04680000000000001
3.5,5515.8872900009155,0.04680000000000001
3.5,5516.906887054443,0.04680000000000001
3.5,5517.92320728302,0.046599999999999975
3.5,5518.935973644257,0.04680000000000001
3.5,5519.9484939575195,0.046599999999999975
3.5,5520.963588237762,0.046599999999999975
3.5,5521.975625276566,0.0474
3.5,5522.981825590134,0.0474
3.5,5523.99413561821,0.0474
3.5,5525.0061814785,0.0474
3.5,5526.017648935318,0.0474
3.5,5527.027795553207,0.0474
3.5,5528.039908647537,0.0474
3.5,5529.05278301239,0.0474
3.5,5530.064589500427,0.0474
3.5,5532.078570127487,0.0474
3.5,5533.0844168663025,0.0474
3.5,5534.0925834178925,0.04680000000000001
3.5,5535.106288433075,0.046599999999999975
3.5,5536.118715286255,0.046599999999999975
3.5,5537.131438970566,0.04680000000000001
3.5,5538.150598049164,0.04680000000000001
3.5,5539.157049894333,0.046599999999999975
3.5,5540.168269634247,0.04680000000000001
3.5,5541.180663347244,0.04680000000000001
3.5,5542.1923661231995,0.0474
3.5,5543.203045129776,0.0474
3.5,5544.213515520096,0.0474
3.5,5545.226295232773,0.0474
3.5,5546.237742900848,0.0474
3.5,5547.248516798019,0.0474
3.5,5548.258132457733,0.0474
3.5,5549.268900156021,0.0474
3.5,5550.279770612717,0.0474
3.5,5552.291067838669,0.0474
3.5,5553.301983356476,0.0474
3.5,5554.312768697739,0.04680000000000001
3.5,5555.323781013489,0.04680000000000001
3.5,5556.334729671478,0.046599999999999975
3.5,5557.348211288452,0.04680000000000001
3.5,5558.360899209976,0.04680000000000001
3.5,5559.371387720108,0.04680000000000001
3.5,5560.38562297821,0.04680000000000001
3.5,5561.39696264267,0.04680000000000001
3.5,5562.407814741135,0.0474
3.5,5563.418483495712,0.0474
3.5,5564.42947268486,0.0474
3.5,5565.441356658936,0.0474
3.5,5566.452383995056,0.0474
3.5,5567.46444272995,0.0474
3.5,5568.47554397583,0.0474
3.5,5569.479469060898,0.0474
3.5,5570.494997739792,0.0474
3.5,5572.504846572876,0.0474
3.5,5573.515689134598,0.0474
3.5,5574.527255296707,0.04680000000000001
3.5,5575.538162231445,0.04680000000000001
3.5,5576.549122333527,0.04680000000000001
3.5,5577.553502321243,0.046599999999999975
3.5,5578.556836605072,0.04680000000000001
3.5,5579.579648971558,0.04680000000000001
3.5,5580.590951681137,0.04680000000000001
3.5,5581.592932701111,0.04680000000000001
3.5,5582.601089715958,0.0474
3.5,5583.601813316345,0.0474
3.5,5584.60465669632,0.0474
3.5,5585.611563205719,0.0474
3.5,5586.61266374588,0.0474
3.5,5587.61548948288,0.0474
3.5,5588.617298126221,0.0474
3.5,5589.617878437042,0.0474
3.5,5590.621602296829,0.0474
3.5,5592.622463464737,0.0474
3.5,5593.623178482056,0.0474
3.5,5594.624071836472,0.046599999999999975
3.5,5595.626484870911,0.046599999999999975
3.5,5596.627507209778,0.04680000000000001
3.5,5597.628192186356,0.046599999999999975
3.5,5598.630068063736,0.04680000000000001
3.5,5599.6307854652405,0.04680000000000001
3.5,5600.631390810013,0.04680000000000001
3.5,5601.632816553116,0.046599999999999975
3.5,5602.643322944641,0.0474
3.5,5603.645397186279,0.0474
3.5,5604.655652284622,0.0474
3.5,5605.663541793823,0.0474
3.5,5606.67470741272,0.0474
3.5,5607.686275005341,0.0474
3.5,5608.697568178177,0.0474
3.5,5610.7108516693115,0.0474
3.5,5611.73050737381,0.0474
3.5,5612.739574432373,0.0469
3.5,5613.7514090538025,0.046599999999999975
3.5,5614.761916399002,0.046599999999999975
3.5,5615.764756679535,0.046599999999999975
3.5,5616.768909215927,0.04680000000000001
3.5,5617.769748210907,0.04680000000000001
3.5,5618.786621332169,0.046599999999999975
3.5,5619.787786960602,0.046599999999999975
3.5,5620.79277920723,0.0474
3.5,5621.800621509552,0.0474
3.5,5622.809069156647,0.0474
3.5,5623.822213172913,0.0474
3.5,5624.834724903107,0.0474
3.5,5625.840244054794,0.0474
3.5,5626.85338139534,0.0474
3.5,5627.868628978729,0.0474
3.5,5628.874383687973,0.0474
3.5,5630.890761137009,0.0474
3.5,5631.894552707672,0.0474
3.5,5632.909081935883,0.04680000000000001
3.5,5633.925644397736,0.04680000000000001
3.5,5634.936892747879,0.04680000000000001
3.5,5635.953111886978,0.04680000000000001
3.5,5636.964215755463,0.046599999999999975
3.5,5637.980593204498,0.04680000000000001
3.5,5638.99213719368,0.046599999999999975
3.5,5640.006520986557,0.04680000000000001
3.5,5641.020966768265,0.0474
3.5,5642.0368683338165,0.0474
3.5,5643.049960851669,0.0474
3.5,5644.063052177429,0.0474
3.5,5645.066596031189,0.0474
3.5,5646.069363594055,0.0474
3.5,5647.080617427826,0.0474
3.5,5648.0934882164,0.0474
3.5,5649.10741186142,0.0474
3.5,5651.1260142326355,0.0474
3.5,5652.131836414337,0.0474
3.5,5653.145388364792,0.04680000000000001
3.5,5654.147584915161,0.04680000000000001
3.5,5655.159753322601,0.046599999999999975
3.5,5656.171593427658,0.046599999999999975
3.5,5657.1827845573425,0.04680000000000001
3.5,5658.194719314575,0.04680000000000001
3.5,5659.206749677658,0.046599999999999975
3.5,5660.217421770096,0.04680000000000001
3.5,5661.227758407593,0.0474
3.5,5662.240396499634,0.0474
3.5,5663.250837564468,0.0474
3.5,5664.2614278793335,0.0474
3.5,5665.271771192551,0.0474
3.5,5666.28254365921,0.0474
3.5,5667.292953014374,0.0474
3.5,5668.297494649887,0.0474
3.5,5669.306868314743,0.0474
3.5,5671.322416543961,0.0474
3.5,5672.3346555233,0.0474
3.5,5673.348235368729,0.046599999999999975
3.5,5674.355663537979,0.04680000000000001
3.5,5675.370794773102,0.04680000000000001
3.5,5676.384401082993,0.046599999999999975
3.5,5677.395565509796,0.04680000000000001
3.5,5678.400373458862,0.04680000000000001
3.5,5679.412659406662,0.046599999999999975
3.5,5680.425525665283,0.04680000000000001
3.5,5681.438350915909,0.0474
3.5,5682.449271678925,0.0474
3.5,5683.4597272872925,0.0474
3.5,5684.473428726196,0.0474
3.5,5685.486125946045,0.0474
3.5,5686.498259544373,0.0474
3.5,5687.511189460754,0.0474
3.5,5688.515427350998,0.0474
3.5,5689.527060747147,0.0474
3.5,5691.538535356522,0.0474
3.5,5692.553434610367,0.0474
3.5,5693.5642676353455,0.04680000000000001
3.5,5694.575001001358,0.04680000000000001
3.5,5695.585875034332,0.04680000000000001
3.5,5696.597811460495,0.04680000000000001
3.5,5697.610412359238,0.046599999999999975
3.5,5698.631154537201,0.046599999999999975
3.5,5699.644384622574,0.04680000000000001
3.5,5700.64607167244,0.04680000000000001
3.5,5701.647108793259,0.0474
3.5,5702.654942512512,0.0474
3.5,5703.657324075699,0.0474
3.5,5704.6605722904205,0.0474
3.5,5705.666799783707,0.0474
3.5,5706.676815509796,0.0474
3.5,5707.677483320236,0.0474
3.5,5708.678348064423,0.0474
3.5,5709.6794176101685,0.0474
3.5,5711.680805444717,0.0474
3.5,5712.681500196457,0.0474
3.5,5713.683367729187,0.04680000000000001
3.5,5714.693968057632,0.046599999999999975
3.5,5715.704021930695,0.04680000000000001
3.5,5716.71204662323,0.04680000000000001
3.5,5717.724565029144,0.046599999999999975
3.5,5718.7311289310455,0.046599999999999975
3.5,5719.749218702316,0.046599999999999975
3.5,5720.7657122612,0.04680000000000001
3.5,5721.772885560989,0.0474
3.5,5722.788029193878,0.0474
3.5,5723.79022693634,0.0474
3.5,5724.793320894241,0.0474
3.5,5725.801012516022,0.0474
3.5,5726.80587220192,0.0474
3.5,5727.809773683548,0.0474
3.5,5729.820912837982,0.0474
3.5,5730.822071790695,0.0474
3.5,5731.822634935379,0.0471
3.5,5732.823794364929,0.046599999999999975
3.5,5733.824518918991,0.04680000000000001
3.5,5734.825091600418,0.046599999999999975
3.5,5735.8262503147125,0.046599999999999975
3.5,5736.827239990234,0.04680000000000001
3.5,5737.828483104706,0.04680000000000001
3.5,5738.83015871048,0.04680000000000001
3.5,5739.830648422241,0.0474
3.5,5740.8317704200745,0.0474
3.5,5741.8419713974,0.0474
3.5,5742.852485895157,0.0474
3.5,5743.8626346588135,0.0474
3.5,5744.8727078437805,0.0474
3.5,5745.883865356445,0.0474
3.5,5746.886034727097,0.0474
3.5,5747.904860496521,0.0474
3.5,5749.925420045853,0.0474
3.5,5750.93817448616,0.0474
3.5,5751.949024438858,0.046599999999999975
3.5,5752.965394735336,0.04680000000000001
3.5,5753.986691474915,0.04680000000000001
3.5,5755.003242492676,0.046599999999999975
3.5,5756.022610425949,0.046599999999999975
3.5,5757.035019636154,0.04680000000000001
3.5,5758.049737215042,0.046599999999999975
3.5,5759.061779975891,0.04680000000000001
3.5,5760.069407939911,0.0474
3.5,5761.083626508713,0.0474
3.5,5762.094390153885,0.0474
3.5,5763.1060700416565,0.0474
3.5,5764.120375394821,0.0474
3.5,5765.14034819603,0.0474
3.5,5766.146548986435,0.0474
3.5,5767.159613370895,0.0474
3.5,5768.165655612946,0.0474
3.5,5770.176681518555,0.0474
3.5,5771.186897277832,0.0474
3.5,5772.2007188797,0.04680000000000001
3.5,5773.211484670639,0.046599999999999975
3.5,5774.223661899567,0.04680000000000001
3.5,5775.235024690628,0.04680000000000001
3.5,5776.246445894241,0.04680000000000001
3.5,5777.2621648311615,0.046599999999999975
3.5,5778.272760629654,0.046599999999999975
3.5,5779.284159660339,0.04680000000000001
3.5,5780.2937271595,0.0474
3.5,5781.304411411285,0.0474
3.5,5782.314994096756,0.0474
3.5,5783.325500249863,0.0474
3.5,5784.336242437363,0.0474
3.5,5785.342320680618,0.0474
3.5,5786.351713895798,0.0474
3.5,5787.357816934586,0.0474
3.5,5788.368692398071,0.0474
3.5,5790.378688097,0.0474
3.5,5791.391097545624,0.0474
3.5,5792.401681900024,0.046599999999999975
3.5,5793.411841392517,0.04680000000000001
3.5,5794.4221704006195,0.04680000000000001
3.5,5795.433121681213,0.04680000000000001
3.5,5796.444596290588,0.046599999999999975
3.5,5797.457573890686,0.04680000000000001
3.5,5798.4690091609955,0.04680000000000001
3.5,5799.480477333069,0.04680000000000001
3.5,5800.49121427536,0.0474
3.5,5801.501391410828,0.0474
3.5,5802.511932849884,0.0474
3.5,5803.521172046661,0.0474
3.5,5804.529994487762,0.0474
3.5,5805.540230512619,0.0474
3.5,5806.55086350441,0.0474
3.5,5807.561561584473,0.0474
3.5,5808.572697401047,0.0474
3.5,5810.583416938782,0.0474
3.5,5811.596929550171,0.0474
3.5,5812.607980489731,0.04680000000000001
3.5,5813.620411157608,0.046599999999999975
3.5,5814.634873151779,0.04680000000000001
3.5,5815.647544145584,0.04680000000000001
3.5,5816.666212797165,0.04680000000000001
3.5,5817.673181772232,0.04680000000000001
3.5,5818.6950340271,0.04680000000000001
3.5,5819.702748537064,0.04680000000000001
3.5,5820.704711198807,0.0474
3.5,5821.712601423264,0.0474
3.5,5822.718047380447,0.0474
3.5,5823.7198650836945,0.0474
3.5,5824.731840372086,0.0474
3.5,5825.737118244171,0.0474
3.5,5826.738677024841,0.0474
3.5,5827.74015045166,0.0474
3.5,5828.740918874741,0.0474
3.5,5830.7421061992645,0.0474
3.5,5831.743125915527,0.0474
3.5,5832.745524644852,0.04680000000000001
3.5,5833.746656179428,0.04680000000000001
3.5,5834.7477905750275,0.04680000000000001
3.5,5835.748883008957,0.04680000000000001
3.5,5836.749793767929,0.04680000000000001
3.5,5837.75048661232,0.046599999999999975
3.5,5838.751566648483,0.04680000000000001
3.5,5839.752429485321,0.046599999999999975
3.5,5840.753612279892,0.0474
3.5,5841.754272699356,0.0474
3.5,5842.755317687988,0.0474
3.5,5843.7558052539825,0.0474
3.5,5844.756618022919,0.0474
3.5,5845.7581198215485,0.0474
3.5,5846.759954452515,0.0474
3.5,5848.763072252274,0.0474
3.5,5849.764150857925,0.0474
3.5,5850.771764993668,0.0469
3.5,5851.77988243103,0.04680000000000001
3.5,5852.787709236145,0.04680000000000001
3.5,5853.804020643234,0.04680000000000001
3.5,5854.816304206848,0.04680000000000001
3.5,5855.828983306885,0.04680000000000001
3.5,5856.855207443237,0.04680000000000001
3.5,5857.862833738327,0.046599999999999975
3.5,5858.872658252716,0.0474
3.5,5859.875420093536,0.0474
3.5,5860.877885103226,0.0474
3.5,5861.889982461929,0.0474
3.5,5862.894209861755,0.0474
3.5,5863.895880937576,0.0474
3.5,5864.8967897892,0.0474
3.5,5866.909651756287,0.0474
3.5,5867.910595178604,0.0474
3.5,5868.912542104721,0.0469
3.5,5869.922190666199,0.04680000000000001
3.5,5870.93069767952,0.04680000000000001
3.5,5871.939135789871,0.04680000000000001
3.5,5872.95098733902,0.046599999999999975
3.5,5873.965379714966,0.04680000000000001
3.5,5874.976603984833,0.04680000000000001
3.5,5875.989635705948,0.04680000000000001
3.5,5876.996239185333,0.0474
3.5,5878.009196996689,0.0474
3.5,5879.023970603943,0.0474
3.5,5880.037306308746,0.0474
3.5,5881.050532102585,0.0474
3.5,5882.063667535782,0.0474
3.5,5883.072961091995,0.0474
3.5,5884.086789131165,0.0474
3.5,5885.09761428833,0.0474
3.5,5887.109737873077,0.0474
3.5,5888.122625589371,0.0474
3.5,5889.139459371567,0.04680000000000001
3.5,5890.158706188202,0.04680000000000001
3.5,5891.174000263214,0.04680000000000001
3.5,5892.187317609787,0.04680000000000001
3.5,5893.195576429367,0.04680000000000001
3.5,5894.208698272705,0.04680000000000001
3.5,5895.221071958542,0.04680000000000001
3.5,5896.236390590668,0.04680000000000001
3.5,5897.249413967133,0.0474
3.5,5898.251786231995,0.0474
3.5,5899.266841650009,0.0474
3.5,5900.279736757278,0.0474
3.5,5901.294090986252,0.0474
3.5,5902.305178165436,0.0474
3.5,5903.3106777668,0.0474
3.5,5904.321699857712,0.0474
3.5,5905.334141492844,0.0474
3.5,5907.344915390015,0.0474
3.5,5908.350323438644,0.0474
3.5,5909.361407279968,0.04680000000000001
3.5,5910.372225284576,0.046599999999999975
3.5,5911.384063243866,0.046599999999999975
3.5,5912.395369529724,0.04680000000000001
3.5,5913.40172123909,0.04680000000000001
3.5,5914.412542581558,0.04680000000000001
3.5,5915.425651311874,0.046599999999999975
3.5,5916.435959100723,0.04680000000000001
3.5,5917.448481321335,0.0474
3.5,5918.455138206482,0.0474
3.5,5919.472217082977,0.0474
3.5,5920.48669219017,0.0474
3.5,5921.493889808655,0.0474
3.5,5922.500132799149,0.0474
3.5,5923.510741710663,0.0474
3.5,5924.523806095123,0.0474
3.5,5925.537217617035,0.0474
3.5,5927.548318862915,0.0474
3.5,5928.567965269089,0.0474
3.5,5929.57822561264,0.046599999999999975
3.5,5930.59633398056,0.04680000000000001
3.5,5931.607425451279,0.046599999999999975
3.5,5932.61096072197,0.04680000000000001
3.5,5933.623575925827,0.04680000000000001
3.5,5934.641419887543,0.04680000000000001
3.5,5935.65580701828,0.046599999999999975
3.5,5936.674558639526,0.046599999999999975
3.5,5937.678039073944,0.0474
3.5,5938.691348552704,0.0474
3.5,5939.708332538605,0.0474
3.5,5940.724230527878,0.0474
3.5,5941.736737012863,0.0474
3.5,5942.755877017975,0.0474
3.5,5943.762810945511,0.0474
3.5,5944.767342090607,0.0474
3.5,5945.768674373627,0.0474
3.5,5947.770186662674,0.0474
3.5,5948.7777462005615,0.0474
3.5,5949.809689044952,0.04680000000000001
3.5,5950.810819387436,0.04680000000000001
3.5,5951.820745706558,0.04680000000000001
3.5,5952.828648090363,0.04680000000000001
3.5,5953.839063882828,0.046599999999999975
3.5,5954.852908372879,0.04680000000000001
3.5,5955.8648109436035,0.04680000000000001
3.5,5956.867517948151,0.04680000000000001
3.5,5957.89857006073,0.0474
3.5,5958.909814596176,0.0474
3.5,5959.92568397522,0.0474
3.5,5960.926859855652,0.0474
3.5,5961.927852869034,0.0474
3.5,5962.930440187454,0.0474
3.5,5963.9410037994385,0.0474
3.5,5965.945818662643,0.0474
3.5,5966.949508666992,0.0474
3.5,5967.968812704086,0.0471
3.5,5968.970113515854,0.046599999999999975
3.5,5969.978902578354,0.04680000000000001
3.5,5970.986654996872,0.04680000000000001
3.5,5971.995673894882,0.046599999999999975
3.5,5973.0084137916565,0.04680000000000001
3.5,5974.021505117416,0.04680000000000001
3.5,5975.034382343292,0.046599999999999975
3.5,5976.047316789627,0.0474
3.5,5977.061491250992,0.0474
3.5,5978.07417345047,0.0474
3.5,5979.088304519653,0.0474
3.5,5980.102307319641,0.0474
3.5,5981.115517377853,0.0474
3.5,5982.129069805145,0.0474
3.5,5983.138474225998,0.0474
3.5,5984.154549837112,0.0474
3.5,5986.163948535919,0.0474
3.5,5987.176565408707,0.0474
3.5,5988.179045915604,0.04680000000000001
3.5,5989.185566663742,0.046599999999999975
3.5,5990.200253009796,0.04680000000000001
3.5,5991.215669631958,0.04680000000000001
3.5,5992.229334115982,0.04680000000000001
3.5,5993.243772983551,0.04680000000000001
3.5,5994.255580186844,0.046599999999999975
3.5,5995.2665820121765,0.04680000000000001
3.5,5996.276704311371,0.0474
3.5,5997.289446353912,0.0474
3.5,5998.2973737716675,0.0474
3.5,5999.309939622879,0.0474
3.5,6000.3219974040985,0.0474
3.5,6001.332923173904,0.0474
3.5,6002.34934926033,0.0474
3.5,6003.360624790192,0.0474
3.5,6004.36595749855,0.0474
3.5,6006.371049165726,0.0474
3.5,6007.381324529648,0.0474
3.5,6008.396999359131,0.04680000000000001
3.5,6009.409311294556,0.046599999999999975
3.5,6010.420507669449,0.046599999999999975
3.5,6011.4319360256195,0.04680000000000001
3.5,6012.444993019104,0.04680000000000001
3.5,6013.4486882686615,0.04680000000000001
3.5,6014.461381912231,0.04680000000000001
3.5,6015.476537466049,0.046599999999999975
3.5,6016.487430810928,0.0474
3.5,6017.505549192429,0.0474
3.5,6018.516686201096,0.0474
3.5,6019.530788421631,0.0474
3.5,6020.548892021179,0.0474
3.5,6021.560469388962,0.0474
3.5,6022.576499462128,0.0474
3.5,6023.582391738892,0.0474
3.5,6025.598496437073,0.0474
3.5,6026.604984045029,0.0474
3.5,6027.615262508392,0.04680000000000001
3.5,6028.626387834549,0.046599999999999975
3.5,6029.636947631836,0.04680000000000001
3.5,6030.648230075836,0.046599999999999975
3.5,6031.658680200577,0.04680000000000001
3.5,6032.670256853104,0.04680000000000001
3.5,6033.681063890457,0.04680000000000001
3.5,6034.6917452812195,0.046599999999999975
3.5,6035.70317363739,0.0474
3.5,6036.714015483856,0.0474
3.5,6037.72558927536,0.0474
3.5,6038.736089468002,0.0474
3.5,6039.747851133347,0.0474
3.5,6040.75833940506,0.0474
3.5,6041.768871307373,0.0474
3.5,6042.779722452164,0.0474
3.5,6043.80256152153,0.0474
3.5,6045.812504768372,0.0474
3.5,6046.814254283905,0.0474
3.5,6047.816103219986,0.04680000000000001
3.5,6048.823331832886,0.04680000000000001
3.5,6049.829402208328,0.046599999999999975
3.5,6050.848148107529,0.04680000000000001
3.5,6051.853686571121,0.04680000000000001
3.5,6052.854491233826,0.04680000000000001
3.5,6053.865350484848,0.04680000000000001
3.5,6054.878003835678,0.04680000000000001
3.5,6055.885998249054,0.0474
3.5,6056.896684646606,0.0474
3.5,6057.914454936981,0.0474
3.5,6058.927575826645,0.0474
3.5,6059.950266122818,0.0474
3.5,6060.9587190151215,0.0474
3.5,6061.973801851273,0.0474
3.5,6062.977810621262,0.0474
3.5,6063.980676412582,0.0474
3.5,6065.984302520752,0.0474
3.5,6066.985666513443,0.0474
3.5,6067.9869294166565,0.04680000000000001
3.5,6069.001571893692,0.046599999999999975
3.5,6070.0034329891205,0.04680000000000001
3.5,6071.011980056763,0.04680000000000001
3.5,6072.020087957382,0.04680000000000001
3.5,6073.029301643372,0.04680000000000001
3.5,6074.033853530884,0.04680000000000001
3.5,6075.041113376617,0.04680000000000001
3.5,6076.057915687561,0.0474
3.5,6077.070359706879,0.0474
3.5,6078.081839799881,0.0474
3.5,6079.094326972961,0.0474
3.5,6080.109479665756,0.0474
3.5,6081.12375831604,0.0474
3.5,6082.136529445648,0.0474
3.5,6084.156668424606,0.0474
3.5,6085.170304298401,0.0474
3.5,6086.1862897872925,0.0471
3.5,6087.191989898682,0.046599999999999975
3.5,6088.203993320465,0.04680000000000001
3.5,6089.213697910309,0.04680000000000001
3.5,6090.21843624115,0.04680000000000001
3.5,6091.231645107269,0.04680000000000001
3.5,6092.2493777275085,0.04680000000000001
3.5,6093.253719329834,0.046599999999999975
3.5,6094.257730722427,0.0474
3.5,6095.272549152374,0.0474
3.5,6096.288222789764,0.0474
3.5,6097.304564237595,0.0474
3.5,6098.3168342113495,0.0474
3.5,6099.326275587082,0.0474
3.5,6100.338599681854,0.0474
3.5,6101.351638317108,0.0474
3.5,6102.365258216858,0.0474
3.5,6104.377297401428,0.0474
3.5,6105.388644695282,0.0474
3.5,6106.3910410404205,0.046599999999999975
3.5,6107.401880502701,0.04680000000000001
3.5,6108.412108421326,0.04680000000000001
3.5,6109.431641578674,0.04680000000000001
3.5,6110.442660808563,0.04680000000000001
3.5,6111.453502893448,0.046599999999999975
3.5,6112.467064619064,0.04680000000000001
3.5,6113.480002880096,0.04680000000000001
3.5,6114.4924030303955,0.0474
3.5,6115.504843950272,0.0474
3.5,6116.515193939209,0.0474
3.5,6117.525815963745,0.0474
3.5,6118.536509275436,0.0474
3.5,6119.548153162003,0.0474
3.5,6120.5638699531555,0.0474
3.5,6121.577308416367,0.0474
3.5,6122.59105014801,0.0474
3.5,6124.600103378296,0.0474
3.5,6125.60418343544,0.0474
3.5,6126.6177797317505,0.046599999999999975
3.5,6127.62992477417,0.04680000000000001
3.5,6128.6354060173035,0.046599999999999975
3.5,6129.647529125214,0.04680000000000001
3.5,6130.652956724167,0.04680000000000001
3.5,6131.664989471436,0.04680000000000001
3.5,6132.675893545151,0.04680000000000001
3.5,6133.681243419647,0.046599999999999975
3.5,6134.692455291748,0.0474
3.5,6135.706246137619,0.0474
3.5,6136.717968940735,0.0474
3.5,6137.729290008545,0.0474
3.5,6138.743294239044,0.0474
3.5,6139.758709430695,0.0474
3.5,6140.770204544067,0.0474
3.5,6141.781615257263,0.0474
3.5,6142.79252409935,0.0474
3.5,6144.799988746643,0.0474
3.5,6145.811206817627,0.0474
3.5,6146.821640968323,0.046599999999999975
3.5,6147.832609415054,0.04680000000000001
3.5,6148.843435287476,0.04680000000000001
3.5,6149.867095708847,0.04680000000000001
3.5,6150.874026060104,0.04680000000000001
3.5,6151.884290218353,0.04680000000000001
3.5,6152.885946989059,0.04680000000000001
3.5,6153.88764333725,0.046599999999999975
3.5,6154.90061879158,0.0474
3.5,6155.905049324036,0.0474
3.5,6156.906517505646,0.0474
3.5,6157.907133102417,0.0474
3.5,6158.9080600738525,0.0474
3.5,6159.908820390701,0.0474
3.5,6160.927676200867,0.0474
3.5,6161.929094791412,0.0474
3.5,6162.939356088638,0.0474
3.5,6164.949647426605,0.0474
3.5,6165.959528207779,0.0474
3.5,6166.971173524857,0.04680000000000001
3.5,6167.982741117477,0.04680000000000001
3.5,6169.004599332809,0.046599999999999975
3.5,6170.021242856979,0.04680000000000001
3.5,6171.023451328278,0.046599999999999975
3.5,6172.034991502762,0.04680000000000001
3.5,6173.0367732048035,0.04680000000000001
3.5,6174.038365840912,0.046599999999999975
3.5,6175.043091535568,0.0474
3.5,6176.04407954216,0.0474
3.5,6177.044632673264,0.0474
3.5,6178.045206308365,0.0474
3.5,6179.060536623001,0.0474
3.5,6180.062747716904,0.0474
3.5,6181.069521188736,0.0474
3.5,6182.0723831653595,0.0474
3.5,6183.082775354385,0.0474
3.5,6185.092467069626,0.0474
3.5,6186.104622125626,0.0474
3.5,6187.1174919605255,0.04680000000000001
3.5,6188.130158424377,0.04680000000000001
3.5,6189.146470308304,0.046599999999999975
3.5,6190.157650232315,0.04680000000000001
3.5,6191.171247243881,0.04680000000000001
3.5,6192.186588764191,0.04680000000000001
3.5,6193.197546005249,0.04680000000000001
3.5,6194.21030664444,0.046599999999999975
3.5,6195.221407175064,0.0474
3.5,6196.233455181122,0.0474
3.5,6197.2442536354065,0.0474
3.5,6198.257749557495,0.0474
3.5,6199.2706117630005,0.0474
3.5,6200.275495052338,0.0474
3.5,6201.288359880447,0.0474
3.5,6202.301134109497,0.0474
3.5,6203.314345598221,0.0474
3.5,6205.328112363815,0.0474
3.5,6206.349422931671,0.0474
3.5,6207.353431463242,0.046599999999999975
3.5,6208.367017507553,0.04680000000000001
3.5,6209.3796582221985,0.04680000000000001
3.5,6210.393715620041,0.04680000000000001
3.5,6211.407246589661,0.04680000000000001
3.5,6212.420806646347,0.04680000000000001
3.5,6213.434602737427,0.046599999999999975
3.5,6214.449264526367,0.046599999999999975
3.5,6215.460025072098,0.0474
3.5,6216.472454786301,0.0474
3.5,6217.480009317398,0.0474
3.5,6218.492474794388,0.0474
3.5,6219.5026242733,0.0474
3.5,6220.512798786163,0.0474
3.5,6221.524040699005,0.0474
3.5,6222.53552365303,0.0474
3.5,6223.544637203217,0.0474
3.5,6225.547630786896,0.0474
3.5,6226.562324047089,0.0474
3.5,6227.5728549957275,0.04680000000000001
3.5,6228.583807229996,0.04680000000000001
3.5,6229.595118999481,0.046599999999999975
3.5,6230.606551170349,0.04680000000000001
3.5,6231.625046253204,0.046599999999999975
3.5,6232.633301973343,0.046599999999999975
3.5,6233.641136884689,0.046599999999999975
3.5,6234.652483463287,0.04680000000000001
3.5,6235.6588299274445,0.0474
3.5,6236.661799669266,0.0474
3.5,6237.6723279953,0.0474
3.5,6238.683169126511,0.0474
3.5,6239.694655179977,0.0474
3.5,6240.705813169479,0.0474
3.5,6241.72066950798,0.0474
3.5,6242.734802722931,0.0474
3.5,6244.746609687805,0.0474
3.5,6245.758651018143,0.0474
3.5,6246.7696487903595,0.046599999999999975
3.5,6247.782916545868,0.04680000000000001
3.5,6248.793406963348,0.046599999999999975
3.5,6249.805031776428,0.04680000000000001
3.5,6250.815687656403,0.04680000000000001
3.5,6251.82654094696,0.04680000000000001
3.5,6252.838025331497,0.046599999999999975
3.5,6253.848709106445,0.04680000000000001
3.5,6254.859497308731,0.0474
3.5,6255.870611667633,0.0474
3.5,6256.882074356079,0.0474
3.5,6257.894444227219,0.0474
3.5,6258.910702228546,0.0474
3.5,6259.933128833771,0.0474
3.5,6260.935541629791,0.0474
3.5,6261.972688674927,0.0474
3.5,6262.974311590195,0.0474
3.5,6264.984712839127,0.0474
3.5,6265.99506354332,0.0474
3.5,6267.001455307007,0.04680000000000001
3.5,6268.013411998749,0.046599999999999975
3.5,6269.024405956268,0.04680000000000001
3.5,6270.037470817566,0.04680000000000001
3.5,6271.065672874451,0.04680000000000001
3.5,6272.082937479019,0.04680000000000001
3.5,6273.084413051605,0.04680000000000001
3.5,6274.09751701355,0.04680000000000001
3.5,6275.105635643005,0.0474
3.5,6276.1067843437195,0.0474
3.5,6277.1072306633,0.0474
3.5,6278.1078333854675,0.0474
3.5,6279.108478784561,0.0474
3.5,6280.123096942902,0.0474
3.5,6281.127708673477,0.0474
3.5,6282.136025905609,0.0474
3.5,6283.14400601387,0.0474
3.5,6285.154675245285,0.0474
3.5,6286.165551900864,0.0474
3.5,6287.178752660751,0.04680000000000001
3.5,6288.191801548004,0.04680000000000001
3.5,6289.198620557785,0.046599999999999975
3.5,6290.207461833954,0.04680000000000001
3.5,6291.21237206459,0.04680000000000001
3.5,6292.225102424622,0.046599999999999975
3.5,6293.237582445145,0.046599999999999975
3.5,6294.243297576904,0.04680000000000001
3.5,6295.253863811493,0.0474
3.5,6296.266813755035,0.0474
3.5,6297.279425859451,0.0474
3.5,6298.295803785324,0.0474
3.5,6299.304645776749,0.0474
3.5,6300.317678689957,0.0474
3.5,6301.321848154068,0.0474
3.5,6302.334613084793,0.0474
3.5,6303.347815036774,0.0474
3.5,6305.3623197078705,0.0474
3.5,6306.377909898758,0.0474
3.5,6307.390418052673,0.04680000000000001
3.5,6308.406469106674,0.04680000000000001
3.5,6309.420787811279,0.04680000000000001
3.5,6310.433565616608,0.04680000000000001
3.5,6311.446419239044,0.04680000000000001
3.5,6312.459335803986,0.046599999999999975
3.5,6313.4725613594055,0.04680000000000001
3.5,6314.478302001953,0.04680000000000001
3.5,6315.491485834122,0.0474
3.5,6316.496389865875,0.0474
3.5,6317.5083684921265,0.0474
3.5,6318.519491672516,0.0474
3.5,6319.529984712601,0.0474
3.5,6320.542342662811,0.0474
3.5,6321.552883148193,0.0474
3.5,6322.563385009766,0.0474
3.5,6323.576239824295,0.0474
3.5,6325.590234518051,0.0474
3.5,6326.601816415787,0.0474
3.5,6327.612692594528,0.046599999999999975
3.5,6328.623596668243,0.04680000000000001
3.5,6329.6347579956055,0.046599999999999975
3.5,6330.645621538162,0.046599999999999975
3.5,6331.655857563019,0.046599999999999975
3.5,6332.666384220123,0.04680000000000001
3.5,6333.677072763443,0.04680000000000001
3.5,6334.688046216965,0.04680000000000001
3.5,6335.6999723911285,0.0474
3.5,6336.711344242096,0.0474
3.5,6337.723345279694,0.0474
3.5,6338.733766555786,0.0474
3.5,6339.739196300507,0.0474
3.5,6340.751954078674,0.0474
3.5,6341.7700345516205,0.0474
3.5,6342.784074544907,0.0474
3.5,6343.797240018845,0.0474
3.5,6345.809130430222,0.0474
3.5,6346.826923131943,0.0474
3.5,6347.838520050049,0.04680000000000001
3.5,6348.849018573761,0.04680000000000001
3.5,6349.866034269333,0.04680000000000001
3.5,6350.876691102982,0.046599999999999975
3.5,6351.888226509094,0.04680000000000001
3.5,6352.898745775223,0.04680000000000001
3.5,6353.912649154663,0.04680000000000001
3.5,6354.919432878494,0.04680000000000001
3.5,6355.929571866989,0.0474
3.5,6356.9316437244415,0.0474
3.5,6357.9429540634155,0.0474
3.5,6358.953416347504,0.0474
3.5,6359.965622425079,0.0474
3.5,6360.971863985062,0.0474
3.5,6361.982874631882,0.0474
3.5,6363.0110239982605,0.0474
3.5,6364.0138030052185,0.0474
3.5,6366.016396522522,0.0474
3.5,6367.017003774643,0.0474
3.5,6368.018561840057,0.04680000000000001
3.5,6369.025624513626,0.04680000000000001
3.5,6370.026395082474,0.04680000000000001
3.5,6371.027462005615,0.04680000000000001
3.5,6372.028882980347,0.04680000000000001
3.5,6373.029559373856,0.04680000000000001
3.5,6374.03036403656,0.046599999999999975
3.5,6375.0309636592865,0.04680000000000001
3.5,6376.031888484955,0.0474
3.5,6377.0340321063995,0.0474
3.5,6378.039838790894,0.0474
3.5,6379.040423154831,0.0474
3.5,6380.041244983673,0.0474
3.5,6381.042013645172,0.0474
3.5,6382.042918682098,0.0474
3.5,6384.0435309410095,0.0474
3.5,6385.044046878815,0.0474
3.5,6386.04457950592,0.0469
3.5,6387.046634674072,0.046599999999999975
3.5,6388.048322439194,0.04680000000000001
3.5,6389.0493133068085,0.04680000000000001
3.5,6390.06201672554,0.04680000000000001
3.5,6391.062392473221,0.046599999999999975
3.5,6392.070835828781,0.04680000000000001
3.5,6393.081091880798,0.04680000000000001
3.5,6394.09378361702,0.0474
3.5,6395.106721878052,0.0474
3.5,6396.108861684799,0.0474
3.5,6397.1213545799255,0.0474
3.5,6398.133275747299,0.0474
3.5,6399.139110326767,0.0474
3.5,6400.1676478385925,0.0474
3.5,6402.185108423233,0.0474
3.5,6403.188629150391,0.0474
3.5,6404.2066695690155,0.0469
3.5,6405.2076642513275,0.046599999999999975
3.5,6406.211557388306,0.04680000000000001
3.5,6407.216139316559,0.04680000000000001
3.5,6408.216836929321,0.046599999999999975
3.5,6409.220756530762,0.04680000000000001
3.5,6410.222811222076,0.046599999999999975
3.5,6411.233347654343,0.046599999999999975
3.5,6412.241088151932,0.0474
3.5,6413.249279975891,0.0474
3.5,6414.260447025299,0.0474
3.5,6415.271217823029,0.0474
3.5,6416.282331705093,0.0474
3.5,6417.295135498047,0.0474
3.5,6418.312103271484,0.0474
3.5,6419.316827535629,0.0474
3.5,6420.329617261887,0.0474
3.5,6422.3425116539,0.0474
3.5,6423.35555934906,0.0474
3.5,6424.358746767044,0.04680000000000001
3.5,6425.36538028717,0.046599999999999975
3.5,6426.386764526367,0.04680000000000001
3.5,6427.406707048416,0.04680000000000001
3.5,6428.415552854538,0.046599999999999975
3.5,6429.429119348526,0.04680000000000001
3.5,6430.441601991653,0.04680000000000001
3.5,6431.453767538071,0.046599999999999975
3.5,6432.467097759247,0.0474
3.5,6433.4824113845825,0.0474
3.5,6434.493471860886,0.0474
3.5,6435.506833553314,0.0474
3.5,6436.5226101875305,0.0474
3.5,6437.53516626358,0.0474
3.5,6438.547744274139,0.0474
3.5,6439.560525894165,0.0474
3.5,6440.565111875534,0.0474
3.5,6442.5765216350555,0.0474
3.5,6443.589877605438,0.0474
3.5,6444.598611116409,0.04680000000000001
3.5,6445.6159834861755,0.046599999999999975
3.5,6446.626195192337,0.046599999999999975
3.5,6447.6368618011475,0.04680000000000001
3.5,6448.648020505905,0.04680000000000001
3.5,6449.660942316055,0.04680000000000001
3.5,6450.6720497608185,0.04680000000000001
3.5,6451.683044195175,0.04680000000000001
3.5,6452.693580627441,0.0474
3.5,6453.699511528015,0.0474
3.5,6454.709114551544,0.0474
3.5,6455.720532655716,0.0474
3.5,6456.732063531876,0.0474
3.5,6457.745917797089,0.0474
3.5,6458.756698131561,0.0474
3.5,6459.769485473633,0.0474
3.5,6460.78227686882,0.0474
3.5,6462.793058872223,0.0474
3.5,6463.807823181152,0.0474
3.5,6464.818860054016,0.04680000000000001
3.5,6465.829774141312,0.04680000000000001
3.5,6466.841164112091,0.04680000000000001
3.5,6467.858806848526,0.046599999999999975
3.5,6468.864583492279,0.046599999999999975
3.5,6469.881478309631,0.046599999999999975
3.5,6470.900554895401,0.04680000000000001
3.5,6471.913652181625,0.04680000000000001
3.5,6472.926022529602,0.0474
3.5,6473.9371037483215,0.0474
3.5,6474.948576450348,0.0474
3.5,6475.953418254852,0.0474
3.5,6476.964070796967,0.0474
3.5,6477.975172281265,0.0474
3.5,6478.9852883815765,0.0474
3.5,6479.996316432953,0.0474
3.5,6481.008607149124,0.0474
3.5,6483.020567417145,0.0474
3.5,6484.0292532444,0.0474
3.5,6485.03546667099,0.04680000000000001
3.5,6486.05374956131,0.04680000000000001
3.5,6487.067548751831,0.046599999999999975
3.5,6488.068906784058,0.04680000000000001
3.5,6489.07261800766,0.046599999999999975
3.5,6490.083513259888,0.04680000000000001
3.5,6491.087616205215,0.04680000000000001
3.5,6492.089527845383,0.046599999999999975
3.5,6493.090068817139,0.0474
3.5,6494.091386795044,0.0474
3.5,6495.096866130829,0.0474
3.5,6496.098741054535,0.0474
3.5,6497.099915266037,0.0474
3.5,6498.1003584861755,0.0474
3.5,6499.101039409637,0.0474
3.5,6500.101845741272,0.0474
3.5,6501.102333307266,0.0474
3.5,6503.103703737259,0.0474
3.5,6504.104249715805,0.0474
3.5,6505.104654073715,0.04680000000000001
3.5,6506.105503559113,0.04680000000000001
3.5,6507.10600733757,0.046599999999999975
3.5,6508.106655359268,0.046599999999999975
3.5,6509.107499837875,0.04680000000000001
3.5,6510.10972237587,0.04680000000000001
3.5,6511.1112995147705,0.046599999999999975
3.5,6512.1121344566345,0.04680000000000001
3.5,6513.114106416702,0.0474
3.5,6514.114683628082,0.0474
3.5,6515.12957906723,0.0474
3.5,6516.138031005859,0.0474
3.5,6517.1470420360565,0.0474
3.5,6518.159260511398,0.0474
3.5,6519.176428556442,0.0474
3.5,6521.1877381801605,0.0474
3.5,6522.217165470123,0.0474
3.5,6523.2301902771,0.0471
3.5,6524.234988927841,0.04680000000000001
3.5,6525.2477440834045,0.04680000000000001
3.5,6526.251938819885,0.04680000000000001
3.5,6527.253514766693,0.046599999999999975
3.5,6528.269069194794,0.04680000000000001
3.5,6529.270420789719,0.04680000000000001
3.5,6530.279099941254,0.046599999999999975
3.5,6531.2872524261475,0.0474
3.5,6532.29555106163,0.0474
3.5,6533.305543422699,0.0474
3.5,6534.316465139389,0.0474
3.5,6535.334929227829,0.0474
3.5,6536.341811180115,0.0474
3.5,6537.359375953674,0.0474
3.5,6538.3721334934235,0.0474
3.5,6539.385051488876,0.0474
3.5,6541.39882349968,0.0474
3.5,6542.414850473404,0.0474
3.5,6543.427876710892,0.046599999999999975
3.5,6544.439477443695,0.04680000000000001
3.5,6545.4544677734375,0.04680000000000001
3.5,6546.4708161354065,0.04680000000000001
3.5,6547.490245819092,0.04680000000000001
3.5,6548.508973836899,0.04680000000000001
3.5,6549.513122558594,0.04680000000000001
3.5,6550.523337125778,0.04680000000000001
3.5,6551.530829906464,0.0474
3.5,6552.53334736824,0.0474
3.5,6553.547731637955,0.0474
3.5,6554.563824415207,0.0474
3.5,6555.577275514603,0.0474
3.5,6556.592014312744,0.0474
3.5,6557.604926109314,0.0474
3.5,6558.617557048798,0.0474
3.5,6559.6305103302,0.0474
3.5,6561.6475603580475,0.0474
7.5,6562.650260925293,0.0474
7.5,6563.663136720657,0.04680000000000001
7.5,6564.675807237625,0.046599999999999975
7.5,6565.6865339279175,0.04680000000000001
7.5,6566.692720890045,0.046599999999999975
7.5,6567.695207118988,0.046599999999999975
7.5,6568.705899477005,0.04680000000000001
7.5,6569.711285352707,0.046599999999999975
7.5,6570.7202043533325,0.04680000000000001
7.5,6571.73274064064,0.0474
7.5,6572.743590831757,0.0474
7.5,6573.755291223526,0.0474
7.5,6574.766229867935,0.04829999999999998
7.5,6575.777581691742,0.04829999999999998
7.5,6576.780317544937,0.04569999999999999
7.5,6577.7903888225555,0.038099999999999995
7.5,6578.801375627518,0.03889999999999999
7.5,6579.816010951996,0.0474
7.5,6581.827288866043,0.0527
7.5,6582.83828496933,0.04909999999999998
7.5,6583.839607715607,0.04909999999999998
7.5,6584.854898691177,0.04909999999999998
7.5,6585.856040477753,0.04909999999999998
7.5,6586.873124361038,0.04909999999999998
7.5,6587.883729219437,0.053599999999999995
7.5,6588.88622879982,0.05339999999999999
7.5,6589.902818918228,0.05339999999999999
7.5,6590.915969610214,0.05339999999999999
7.5,6591.926628351212,0.05339999999999999
7.5,6592.936959981918,0.04949999999999999
7.5,6593.947771549225,0.046599999999999975
7.5,6594.9639980793,0.046599999999999975
7.5,6595.977381467819,0.0561
7.5,6596.996516942978,0.056999999999999995
7.5,6598.007487773895,0.053599999999999995
7.5,6599.012518405914,0.05779999999999999
7.5,6600.023686647415,0.05869999999999999
7.5,6602.034738063812,0.0553
7.5,6603.044167757034,0.0595
7.5,6604.057483434677,0.0595
7.5,6605.070088148117,0.0595
7.5,6606.078819513321,0.0595
7.5,6607.090110778809,0.0595
7.5,6608.101753950119,0.0553
7.5,6609.108495950699,0.0553
7.5,6610.132108211517,0.0553
7.5,6611.146302700043,0.0553
7.5,6612.1559109687805,0.0553
7.5,6613.157555818558,0.060399999999999995
7.5,6614.1594886779785,0.056999999999999995
7.5,6615.162016868591,0.056999999999999995
7.5,6616.166773557663,0.06209999999999999
7.5,6617.168394804001,0.05869999999999999
7.5,6618.169020652771,0.05869999999999999
7.5,6619.169872760773,0.0638
7.5,6620.183203697205,0.0561
7.5,6622.184832572937,0.06459999999999999
7.5,6623.193088769913,0.056999999999999995
7.5,6624.20290851593,0.056999999999999995
7.5,6625.211631298065,0.06119999999999999
7.5,6626.2171840667725,0.06119999999999999
7.5,6627.227080583572,0.06119999999999999
7.5,6628.2478539943695,0.06119999999999999
7.5,6629.259279727936,0.06119999999999999
7.5,6630.264317274094,0.06119999999999999
7.5,6631.288227319717,0.06119999999999999
7.5,6632.295024394989,0.06119999999999999
7.5,6633.307547330856,0.06119999999999999
7.5,6634.315322399139,0.0663
7.5,6635.317778587341,0.06209999999999999
7.5,6636.320894479752,0.0672
7.5,6637.32655954361,0.0638
7.5,6638.344189882278,0.06799999999999999
7.5,6639.344988584518,0.06459999999999999
7.5,6640.355866193771,0.06889999999999999
7.5,6642.3575875759125,0.06549999999999999
7.5,6643.3684067726135,0.06969999999999998
7.5,6644.380740642548,0.06969999999999998
7.5,6645.385548114777,0.06969999999999998
7.5,6646.401294469833,0.06969999999999998
7.5,6647.414077997208,0.06969999999999998
7.5,6648.428262233734,0.06969999999999998
7.5,6649.4409811496735,0.06969999999999998
7.5,6650.456030130386,0.06969999999999998
7.5,6651.473114728928,0.06969999999999998
7.5,6652.479687452316,0.06549999999999999
7.5,6653.494401693344,0.07069999999999999
7.5,6654.507570743561,0.0663
7.5,6655.51274228096,0.07159999999999998
7.5,6656.533196687698,0.0638
7.5,6657.554226875305,0.07239999999999999
7.5,6658.565589666367,0.06799999999999999
7.5,6659.579295396805,0.07329999999999999
7.5,6661.586297512054,0.06889999999999999
7.5,6662.598251342773,0.06969999999999998
7.5,6663.610130310059,0.06969999999999998
7.5,6664.624049901962,0.06969999999999998
7.5,6665.637545108795,0.06969999999999998
7.5,6666.652529478073,0.06969999999999998
7.5,6667.666035413742,0.06969999999999998
7.5,6668.678625822067,0.06969999999999998
7.5,6669.691526174545,0.06969999999999998
7.5,6670.705668449402,0.07409999999999999
7.5,6671.717041015625,0.07409999999999999
7.5,6672.728068113327,0.07409999999999999
7.5,6673.740094900131,0.0706
7.5,6674.743600845337,0.07499999999999998
7.5,6675.75546336174,0.07159999999999998
7.5,6676.766184568405,0.07579999999999998
7.5,6677.778289079666,0.06799999999999999
7.5,6678.790763139725,0.07669999999999999
7.5,6679.803800582886,0.07239999999999999
7.5,6681.814541101456,0.07749999999999999
7.5,6682.824944019318,0.07749999999999999
7.5,6683.83676815033,0.07749999999999999
7.5,6684.8503839969635,0.07749999999999999
7.5,6685.861268758774,0.07749999999999999
7.5,6686.863600969315,0.07749999999999999
7.5,6687.86883020401,0.07749999999999999
7.5,6688.882013082504,0.07749999999999999
7.5,6689.90118098259,0.07749999999999999
7.5,6690.912399053574,0.07749999999999999
7.5,6691.923309087753,0.07749999999999999
7.5,6692.9343729019165,0.07409999999999999
7.5,6693.947128295898,0.07839999999999998
7.5,6694.959991931915,0.07409999999999999
7.5,6695.966374397278,0.07919999999999998
7.5,6696.979995965958,0.07499999999999998
7.5,6697.993244409561,0.07579999999999998
7.5,6699.005961418152,0.0801
7.5,6700.01971244812,0.07579999999999998
7.5,6702.030492544174,0.08089999999999999
7.5,6703.043321609497,0.08089999999999999
7.5,6704.05758523941,0.08089999999999999
7.5,6705.068294048309,0.08089999999999999
7.5,6706.081120252609,0.08089999999999999
7.5,6707.091078996658,0.08089999999999999
7.5,6708.099938392639,0.08089999999999999
7.5,6709.108881950378,0.08089999999999999
7.5,6710.120076656342,0.08089999999999999
7.5,6711.131019115448,0.08089999999999999
7.5,6712.142026901245,0.08089999999999999
7.5,6713.152929544449,0.07749999999999999
7.5,6714.163328170776,0.0818
7.5,6715.187523603439,0.07749999999999999
7.5,6716.193439006805,0.07839999999999998
7.5,6717.196289539337,0.0826
7.5,6718.19805431366,0.07839999999999998
7.5,6719.200256109238,0.0835
7.5,6720.217170715332,0.07919999999999998
7.5,6722.220363855362,0.0801
7.5,6723.222464561462,0.0801
7.5,6724.22340965271,0.0801
7.5,6725.223960161209,0.0801
7.5,6726.2248747348785,0.0801
7.5,6727.228724002838,0.0801
7.5,6728.232612133026,0.0801
7.5,6729.233328819275,0.0801
7.5,6730.234059333801,0.0801
7.5,6731.2345662117,0.0801
7.5,6732.235110759735,0.0801
7.5,6733.236210823059,0.0801
7.5,6734.236819028854,0.08089999999999999
7.5,6735.23775601387,0.08089999999999999
7.5,6736.238671302795,0.08089999999999999
7.5,6737.241112947464,0.0818
7.5,6738.242683172226,0.0818
7.5,6739.243450164795,0.0835
7.5,6741.251731872559,0.0826
7.5,6742.256998062134,0.08689999999999999
7.5,6743.258172035217,0.08689999999999999
7.5,6744.266450166702,0.087
7.5,6745.276442289352,0.08689999999999999
7.5,6746.291452884674,0.08689999999999999
7.5,6747.2978727817535,0.08689999999999999
7.5,6748.307166814804,0.087
7.5,6749.333637952805,0.08689999999999999
7.5,6750.3369743824005,0.08689999999999999
7.5,6751.351016998291,0.087
7.5,6752.352648496628,0.08689999999999999
7.5,6753.36262512207,0.0835
7.5,6754.363691329956,0.0877
7.5,6755.366870880127,0.08789999999999999
7.5,6756.377053260803,0.0801
7.5,6757.378628730774,0.0887
7.5,6758.379154443741,0.0886
7.5,6759.379895925522,0.08089999999999999
7.5,6760.383561372757,0.08089999999999999
7.5,6762.384300947189,0.0896
7.5,6763.384880065918,0.0896
7.5,6764.385386228561,0.0896
7.5,6765.389698982239,0.0896
7.5,6766.390351057053,0.0896
7.5,6767.394729137421,0.0894
7.5,6768.406089305878,0.0894
7.5,6769.406547546387,0.0896
7.5,6770.414710760117,0.0896
7.5,6771.423243761063,0.0896
7.5,6772.435319900513,0.0818
7.5,6773.449617862701,0.0835
7.5,6774.455889701843,0.0904
7.5,6775.471179962158,0.0904
7.5,6776.48427438736,0.08689999999999999
7.5,6777.496466159821,0.09129999999999999
7.5,6778.5103487968445,0.09129999999999999
7.5,6779.523611307144,0.087
7.5,6781.528666257858,0.08789999999999999
7.5,6782.541960716248,0.09209999999999999
7.5,6783.55530333519,0.09209999999999999
7.5,6784.568969011307,0.09209999999999999
7.5,6785.574568748474,0.09209999999999999
7.5,6786.589035987854,0.09209999999999999
7.5,6787.601847410202,0.09209999999999999
7.5,6788.614719629288,0.09209999999999999
7.5,6789.624730348587,0.09209999999999999
7.5,6790.638242483139,0.09209999999999999
7.5,6791.651443004608,0.09209999999999999
7.5,6792.664311885834,0.09639999999999999
7.5,6793.676995754242,0.0887
7.5,6794.68962430954,0.09299999999999999
7.5,6795.703431606293,0.09299999999999999
7.5,6796.7165904045105,0.09299999999999999
7.5,6797.729285240173,0.0896
7.5,6798.744790554047,0.09389999999999998
7.5,6799.750422716141,0.09389999999999998
7.5,6801.757724046707,0.0894
7.5,6802.772180080414,0.0904
7.5,6803.787679433823,0.0904
7.5,6804.792993545532,0.0904
7.5,6805.803944349289,0.0904
7.5,6806.8165781497955,0.0904
7.5,6807.821885347366,0.0904
7.5,6808.832206726074,0.0904
7.5,6809.843433141708,0.0904
7.5,6810.854630231857,0.0904
7.5,6811.866312503815,0.0904
7.5,6812.877511978149,0.09469999999999999
7.5,6813.888821363449,0.09469999999999999
7.5,6814.900400161743,0.0904
7.5,6815.911348819733,0.09129999999999999
7.5,6816.921759605408,0.09559999999999999
7.5,6817.930607795715,0.09979999999999999
7.5,6818.944764852524,0.09559999999999999
7.5,6819.957704544067,0.09209999999999999
7.5,6821.964215040207,0.09639999999999999
7.5,6822.975569725037,0.09639999999999999
7.5,6823.98713517189,0.09639999999999999
7.5,6824.998065710068,0.09639999999999999
7.5,6826.0092804431915,0.09639999999999999
7.5,6827.020359277725,0.09639999999999999
7.5,6828.037277936935,0.09639999999999999
7.5,6829.049612998962,0.09639999999999999
7.5,6830.060369729996,0.09639999999999999
7.5,6831.07217001915,0.09639999999999999
7.5,6832.082643508911,0.09639999999999999
7.5,6833.0872004032135,0.09639999999999999
7.5,6834.099518537521,0.09299999999999999
7.5,6835.119472980499,0.09729999999999998
7.5,6836.127608060837,0.09729999999999998
7.5,6837.140278577805,0.09729999999999998
7.5,6838.1508202552795,0.09299999999999999
7.5,6839.161353349686,0.09389999999999998
7.5,6840.173869609833,0.09809999999999999
7.5,6842.188729763031,0.09809999999999999
7.5,6843.194936990738,0.09809999999999999
7.5,6844.207070112228,0.09809999999999999
7.5,6845.21094417572,0.09809999999999999
7.5,6846.222056865692,0.09809999999999999
7.5,6847.235072374344,0.09809999999999999
7.5,6848.253426074982,0.09809999999999999
7.5,6849.268685340881,0.09809999999999999
7.5,6850.272393703461,0.09809999999999999
7.5,6851.282038450241,0.09809999999999999
7.5,6852.286081075668,0.09389999999999998
7.5,6853.2901084423065,0.09469999999999999
7.5,6854.290983915329,0.09889999999999999
7.5,6855.293130397797,0.09889999999999999
7.5,6856.29469537735,0.10319999999999999
7.5,6857.295951604843,0.09559999999999999
7.5,6858.296646595001,0.09559999999999999
7.5,6859.297112703323,0.09979999999999999
7.5,6860.297691583633,0.1041
7.5,6862.298486471176,0.10419999999999999
7.5,6863.2994837760925,0.09979999999999999
7.5,6864.304803848267,0.09979999999999999
7.5,6865.322087049484,0.09979999999999999
7.5,6866.324229955673,0.09979999999999999
7.5,6867.332972288132,0.09979999999999999
7.5,6868.341549396515,0.09979999999999999
7.5,6869.353112459183,0.09979999999999999
7.5,6870.365367174149,0.09979999999999999
7.5,6871.3748025894165,0.09979999999999999
7.5,6872.405985355377,0.09639999999999999
7.5,6873.417705535889,0.1006
7.5,6874.422154903412,0.1006
7.5,6875.431757688522,0.1049
7.5,6876.433552980423,0.1006
7.5,6877.434801340103,0.09729999999999998
7.5,6878.438125610352,0.10149999999999999
7.5,6880.447061300278,0.10149999999999999
7.5,6881.448614120483,0.1059
7.5,6882.450086355209,0.1059
7.5,6883.455386400223,0.1059
7.5,6884.457524776459,0.1059
7.5,6885.458689689636,0.1059
7.5,6886.459703922272,0.1059
7.5,6887.460515499115,0.1059
7.5,6888.461057186127,0.1059
7.5,6889.4623939991,0.1059
7.5,6890.463673353195,0.1059
7.5,6891.464266300201,0.10149999999999999
7.5,6892.465094804764,0.09809999999999999
7.5,6893.465969800949,0.10229999999999999
7.5,6894.466473340988,0.1025
7.5,6895.467071771622,0.10679999999999999
7.5,6896.468516111374,0.1025
7.5,6897.469635248184,0.09889999999999999
7.5,6898.470520019531,0.10319999999999999
7.5,6900.471237421036,0.10319999999999999
7.5,6901.474910974503,0.10319999999999999
7.5,6902.475717544556,0.10339999999999999
7.5,6903.4766409397125,0.10319999999999999
7.5,6904.477491617203,0.10319999999999999
7.5,6905.478163480759,0.10319999999999999
7.5,6906.478657007217,0.10319999999999999
7.5,6907.4798238277435,0.10319999999999999
7.5,6908.480435371399,0.10319999999999999
7.5,6909.482526302338,0.10319999999999999
7.5,6910.4840178489685,0.10759999999999999
7.5,6911.495161294937,0.10319999999999999
7.5,6912.505007743835,0.09979999999999999
7.5,6913.514110803604,0.10419999999999999
7.5,6914.529636621475,0.10419999999999999
7.5,6915.542229890823,0.10419999999999999
7.5,6916.555009841919,0.10849999999999999
7.5,6917.567625284195,0.10419999999999999
7.5,6919.583638429642,0.1006
7.5,6920.596813440323,0.1006
7.5,6921.609040260315,0.1006
7.5,6922.619829177856,0.1006
7.5,6923.631542921066,0.1006
7.5,6924.646502971649,0.1006
7.5,6925.657238960266,0.1006
7.5,6926.670618772507,0.1006
7.5,6927.675410032272,0.1006
7.5,6928.686585426331,0.1006
7.5,6929.701421260834,0.1006
7.5,6930.713693857193,0.1049
7.5,6931.727786779404,0.1049
7.5,6932.743654489517,0.1093
7.5,6933.75052022934,0.1049
7.5,6934.768673181534,0.10509999999999999
7.5,6935.781590223312,0.10149999999999999
7.5,6936.794273614883,0.1059
7.5,6937.806808710098,0.1059
7.5,6939.819598674774,0.11019999999999999
7.5,6940.832585573196,0.11019999999999999
7.5,6941.835094451904,0.11019999999999999
7.5,6942.844905138016,0.11019999999999999
7.5,6943.855685472488,0.11019999999999999
7.5,6944.866142272949,0.11019999999999999
7.5,6945.877472877502,0.11019999999999999
7.5,6946.8883934021,0.11019999999999999
7.5,6947.901344537735,0.11019999999999999
7.5,6948.911011695862,0.11019999999999999
7.5,6949.922278165817,0.1059
7.5,6950.932857275009,0.1059
7.5,6951.943718910217,0.10229999999999999
7.5,6952.954425096512,0.10679999999999999
7.5,6953.965469360352,0.10679999999999999
7.5,6954.976734161377,0.11099999999999999
7.5,6955.989066839218,0.11099999999999999
7.5,6957.000891685486,0.10679999999999999
7.5,6958.012281894684,0.10679999999999999
7.5,6960.024768590927,0.10319999999999999
7.5,6961.0363874435425,0.10759999999999999
7.5,6962.0470271110535,0.10759999999999999
7.5,6963.056007146835,0.10759999999999999
7.5,6964.066502571106,0.10759999999999999
7.5,6965.078190326691,0.10759999999999999
7.5,6966.08904337883,0.10759999999999999
7.5,6967.094873905182,0.10759999999999999
7.5,6968.1064603328705,0.10759999999999999
7.5,6969.11724281311,0.10759999999999999
7.5,6970.128396272659,0.10759999999999999
7.5,6971.133659601212,0.10759999999999999
7.5,6972.144574165344,0.11189999999999999
7.5,6973.1539969444275,0.11189999999999999
7.5,6974.162326335907,0.10759999999999999
7.5,6975.1662011146545,0.10759999999999999
7.5,6976.180373668671,0.10419999999999999
7.5,6977.191760778427,0.10849999999999999
7.5,6978.204751968384,0.10849999999999999
7.5,6980.215358495712,0.1127
7.5,6981.2295343875885,0.1127
7.5,6982.240761041641,0.1127
7.5,6983.253449678421,0.1127
7.5,6984.265594005585,0.1127
7.5,6985.2761306762695,0.1127
7.5,6986.287759304047,0.1127
7.5,6987.300043344498,0.1127
7.5,6988.311552286148,0.1127
7.5,6989.332799434662,0.1127
7.5,6990.337563991547,0.1127
7.5,6991.34618639946,0.10849999999999999
7.5,6992.346725702286,0.10849999999999999
7.5,6993.347874164581,0.1049
7.5,6994.34942483902,0.1093
7.5,6995.352026939392,0.1093
7.5,6996.3533709049225,0.1093
7.5,6997.359170198441,0.11359999999999999
7.5,6998.364912509918,0.11359999999999999
7.5,7000.366049289703,0.1093
7.5,7001.36683511734,0.1093
7.5,7002.36749124527,0.1093
7.5,7003.368212938309,0.1093
7.5,7004.36928153038,0.1093
7.5,7005.370001554489,0.1093
7.5,7006.370927095413,0.1093
7.5,7007.371442079544,0.1093
7.5,7008.372244596481,0.1093
7.5,7009.372861623764,0.1093
7.5,7010.373473167419,0.1093
7.5,7011.373981714249,0.1059
7.5,7012.374927520752,0.11019999999999999
7.5,7013.375452280045,0.11019999999999999
7.5,7014.376328229904,0.11019999999999999
7.5,7015.376958847046,0.11439999999999999
7.5,7016.377401590347,0.11439999999999999
7.5,7017.378054857254,0.11019999999999999
7.5,7018.378565788269,0.11019999999999999
7.5,7020.379406929016,0.10679999999999999
7.5,7021.380105018616,0.11099999999999999
7.5,7022.380572557449,0.11099999999999999
7.5,7023.380978822708,0.11099999999999999
7.5,7024.381948709488,0.11099999999999999
7.5,7025.382887363434,0.11099999999999999
7.5,7026.383491277695,0.11099999999999999
7.5,7027.384294748306,0.11099999999999999
7.5,7028.385282993317,0.11099999999999999
7.5,7029.385806083679,0.11099999999999999
7.5,7030.3866930007935,0.11099999999999999
7.5,7031.38848233223,0.11099999999999999
7.5,7032.389691829681,0.1153
7.5,7033.39076590538,0.1153
7.5,7034.39200592041,0.11099999999999999
7.5,7035.392628908157,0.11099999999999999
7.5,7036.393386363983,0.10759999999999999
7.5,7038.404423952103,0.10759999999999999
7.5,7039.406038045883,0.11189999999999999
7.5,7040.414496898651,0.11189999999999999
7.5,7041.423664569855,0.11189999999999999
7.5,7042.434545278549,0.11189999999999999
7.5,7043.447594642639,0.11189999999999999
7.5,7044.479105234146,0.11189999999999999
7.5,7045.495609998703,0.11189999999999999
7.5,7046.500626564026,0.11189999999999999
7.5,7047.512978792191,0.11189999999999999
7.5,7048.5193428993225,0.11189999999999999
7.5,7049.520565509796,0.11189999999999999
7.5,7050.521587610245,0.11609999999999998
7.5,7051.522102117538,0.11609999999999998
7.5,7052.522672891617,0.11609999999999998
7.5,7053.523692369461,0.11189999999999999
7.5,7054.524877309799,0.11189999999999999
7.5,7055.525569438934,0.11189999999999999
7.5,7056.5263068675995,0.1127
7.5,7058.527289867401,0.1127
7.5,7059.529156208038,0.1127
7.5,7060.530704498291,0.1127
7.5,7061.531895875931,0.1127
7.5,7062.533044338226,0.1127
7.5,7063.53364777565,0.1127
7.5,7064.534551382065,0.1127
7.5,7065.535220384598,0.1127
7.5,7066.5359835624695,0.1127
7.5,7067.536585569382,0.1127
7.5,7068.537209510803,0.1127
7.5,7069.537843704224,0.11699999999999999
7.5,7070.538667201996,0.11699999999999999
7.5,7071.539473056793,0.11699999999999999
7.5,7072.5406930446625,0.1127
7.5,7073.541412591934,0.1127
7.5,7074.54230761528,0.1093
7.5,7076.544059038162,0.11359999999999999
7.5,7077.546245098114,0.11359999999999999
7.5,7078.558255195618,0.11359999999999999
7.5,7079.568534374237,0.11359999999999999
7.5,7080.579553127289,0.11359999999999999
7.5,7081.593991518021,0.11359999999999999
7.5,7082.606795549393,0.11359999999999999
7.5,7083.623372554779,0.11359999999999999
7.5,7084.642108678818,0.11359999999999999
7.5,7085.661671876907,0.11359999999999999
7.5,7086.681440591812,0.11359999999999999
7.5,7087.701069355011,0.11359999999999999
7.5,7088.720616817474,0.11779999999999999
7.5,7089.741070508957,0.11779999999999999
7.5,7090.761059999466,0.11779999999999999
7.5,7091.7744970321655,0.11359999999999999
7.5,7092.795318603516,0.11359999999999999
7.5,7093.799757480621,0.11359999999999999
7.5,7095.806568145752,0.11439999999999999
7.5,7096.823164701462,0.11439999999999999
7.5,7097.831215620041,0.11439999999999999
7.5,7098.839258432388,0.11439999999999999
7.5,7099.85303735733,0.11439999999999999
7.5,7100.868558883667,0.11439999999999999
7.5,7101.880431175232,0.11439999999999999
7.5,7102.897600650787,0.11439999999999999
7.5,7103.910486936569,0.11439999999999999
7.5,7104.923378944397,0.11439999999999999
7.5,7105.934233427048,0.11439999999999999
7.5,7106.947975635529,0.11439999999999999
7.5,7107.958269119263,0.1187
7.5,7108.966769456863,0.1187
7.5,7109.979245424271,0.1187
7.5,7110.991188287735,0.1187
7.5,7112.0041263103485,0.11439999999999999
7.5,7113.022317171097,0.11439999999999999
7.5,7114.039650917053,0.11439999999999999
7.5,7116.05079460144,0.11099999999999999
7.5,7117.061614751816,0.1153
7.5,7118.067517280579,0.1153
7.5,7119.0783812999725,0.1153
7.5,7120.090289354324,0.1153
7.5,7121.105893373489,0.1153
7.5,7122.117290019989,0.1153
7.5,7123.132541418076,0.1153
7.5,7124.143972158432,0.1153
7.5,7125.156295537949,0.1153
7.5,7126.169019699097,0.1153
7.5,7127.183228254318,0.1153
7.5,7128.1897757053375,0.1153
7.5,7129.202269792557,0.1197
7.5,7130.212749958038,0.1197
7.5,7131.224241256714,0.1197
7.5,7132.2352159023285,0.1153
7.5,7133.2467222213745,0.1153
7.5,7134.257253408432,0.1153
7.5,7136.270073890686,0.1153
7.5,7137.28018784523,0.1153
7.5,7138.293717622757,0.11189999999999999
7.5,7139.307703495026,0.11189999999999999
7.5,7140.310044527054,0.11189999999999999
7.5,7141.322945594788,0.11189999999999999
7.5,7142.333812236786,0.11609999999999998
7.5,7143.351030349731,0.11609999999999998
7.5,7144.361885309219,0.11609999999999998
7.5,7145.3729367256165,0.11609999999999998
7.5,7146.383919715881,0.11609999999999998
7.5,7147.408643245697,0.11609999999999998
7.5,7148.422432184219,0.11609999999999998
7.5,7149.436499595642,0.11609999999999998
7.5,7150.442297697067,0.1204
7.5,7151.445705413818,0.1204
7.5,7152.446662187576,0.1205
7.5,7153.45175743103,0.11609999999999998
7.5,7154.454787015915,0.11609999999999998
7.5,7156.466877222061,0.11609999999999998
7.5,7157.470574617386,0.11609999999999998
7.5,7158.471084833145,0.11609999999999998
7.5,7159.472418546677,0.11609999999999998
7.5,7160.482293844223,0.11609999999999998
7.5,7161.483216047287,0.11609999999999998
7.5,7162.494062900543,0.11609999999999998
7.5,7163.503098726273,0.11609999999999998
7.5,7164.5152044296265,0.11609999999999998
7.5,7165.528141498566,0.11609999999999998
7.5,7166.555881023407,0.11609999999999998
7.5,7167.5713222026825,0.11609999999999998
7.5,7168.573890447617,0.11699999999999999
7.5,7169.583312988281,0.11699999999999999
7.5,7170.585505962372,0.11699999999999999
7.5,7171.588054656982,0.11699999999999999
7.5,7172.590097904205,0.1212
7.5,7173.596391916275,0.1212
7.5,7174.597413063049,0.1212
7.5,7176.604960203171,0.1212
7.5,7177.605439186096,0.11699999999999999
7.5,7178.605908632278,0.11699999999999999
7.5,7179.606346130371,0.11699999999999999
7.5,7180.606770515442,0.11699999999999999
7.5,7181.6072833538055,0.11699999999999999
7.5,7182.608109474182,0.11699999999999999
7.5,7183.608602046967,0.11699999999999999
7.5,7184.609578132629,0.11699999999999999
7.5,7185.613964080811,0.11699999999999999
7.5,7186.615637540817,0.11699999999999999
7.5,7187.616711854935,0.11699999999999999
7.5,7188.624862194061,0.11699999999999999
7.5,7189.632358551025,0.11699999999999999
7.5,7190.640249252319,0.11779999999999999
7.5,7191.648753166199,0.11779999999999999
7.5,7192.652953147888,0.11779999999999999
7.5,7193.664401054382,0.11779999999999999
7.5,7194.676732540131,0.12219999999999999
7.5,7196.682321310043,0.12219999999999999
7.5,7197.694690704346,0.12219999999999999
7.5,7198.708140134811,0.12219999999999999
7.5,7199.72186255455,0.12209999999999999
7.5,7200.729102373123,0.12219999999999999
7.5,7201.7431881427765,0.12219999999999999
7.5,7202.762024641037,0.12219999999999999
7.5,7203.76273393631,0.12219999999999999
7.5,7204.770432710648,0.12219999999999999
7.5,7205.772429943085,0.12219999999999999
7.5,7206.792823076248,0.12219999999999999
7.5,7207.796782255173,0.12219999999999999
7.5,7208.816972494125,0.12219999999999999
7.5,7209.829848766327,0.11779999999999999
7.5,7210.848411560059,0.11779999999999999
7.5,7211.86821770668,0.11779999999999999
7.5,7212.878667354584,0.11779999999999999
7.5,7213.893249034882,0.1187
7.5,7214.910262346268,0.1187
7.5,7216.921868085861,0.1187
7.5,7217.93336224556,0.1187
7.5,7218.944556713104,0.1187
7.5,7219.960323572159,0.1187
7.5,7220.970520019531,0.1187
7.5,7221.990061759949,0.1187
7.5,7223.002250909805,0.1187
7.5,7224.0128262043,0.1187
7.5,7225.025542259216,0.1187
7.5,7226.029244422913,0.1187
7.5,7227.040142059326,0.1187
7.5,7228.050663232803,0.1187
7.5,7229.061603307724,0.12309999999999999
7.5,7230.072649478912,0.12309999999999999
7.5,7231.084429979324,0.12309999999999999
7.5,7232.0941705703735,0.1229
7.5,7233.104672670364,0.12309999999999999
7.5,7234.107118844986,0.1187
7.5,7235.124250411987,0.1187
7.5,7237.134124755859,0.1187
7.5,7238.144755363464,0.1187
7.5,7239.153755664825,0.1187
7.5,7240.164985179901,0.1187
7.5,7241.17400097847,0.1187
7.5,7242.185259103775,0.1187
7.5,7243.1929931640625,0.1187
7.5,7244.201437473297,0.1187
7.5,7245.21190404892,0.1187
7.5,7246.224538564682,0.1187
7.5,7247.236310958862,0.1187
7.5,7248.251797199249,0.1187
7.5,7249.263263463974,0.1197
7.5,7250.273953676224,0.1197
7.5,7251.2846438884735,0.1197
7.5,7252.297240495682,0.1195
7.5,7253.3084897994995,0.1197
7.5,7254.319287538528,0.12389999999999998
7.5,7255.324852228165,0.12389999999999998
7.5,7257.328370332718,0.12389999999999998
7.5,7258.339480876923,0.12389999999999998
7.5,7259.352321624756,0.12389999999999998
7.5,7260.363286733627,0.12389999999999998
7.5,7261.375094652176,0.12389999999999998
7.5,7262.386946678162,0.12389999999999998
7.5,7263.393585205078,0.12389999999999998
7.5,7264.404752731323,0.12389999999999998
7.5,7265.415798664093,0.12389999999999998
7.5,7266.421187400818,0.12389999999999998
7.5,7267.433764219284,0.12389999999999998
7.5,7268.4483432769775,0.12389999999999998
7.5,7269.47274017334,0.1197
7.5,7270.486106157303,0.1197
7.5,7271.487566232681,0.1197
7.5,7272.490028619766,0.1197
7.5,7273.492502212524,0.1197
7.5,7274.530583143234,0.11609999999999998
7.5,7275.532543897629,0.1205
7.5,7277.533852815628,0.1205
7.5,7278.542255401611,0.1205
7.5,7279.55161523819,0.1205
7.5,7280.561920642853,0.1204
7.5,7281.574641704559,0.1204
7.5,7282.589795351028,0.1204
7.5,7283.602437496185,0.1205
7.5,7284.610019683838,0.1204
7.5,7285.611218214035,0.1204
7.5,7286.612876415253,0.1205
7.5,7287.614835500717,0.1205
7.5,7288.625027894974,0.1204
7.5,7289.626252889633,0.1205
7.5,7290.627078533173,0.1248
7.5,7291.629946231842,0.1248
7.5,7292.631342411041,0.1248
7.5,7293.63872385025,0.1248
7.5,7294.640110015869,0.1248
7.5,7296.641797780991,0.1248
7.5,7297.648095846176,0.1248
7.5,7298.64855670929,0.1248
7.5,7299.649286031723,0.1248
7.5,7300.650203704834,0.1248
7.5,7301.6508865356445,0.1248
7.5,7302.651483297348,0.1204
7.5,7303.652218103409,0.1204
7.5,7304.653014183044,0.1204
7.5,7305.653553724289,0.1204
7.5,7306.655234575272,0.1205
7.5,7307.656508207321,0.1204
7.5,7308.657280445099,0.1204
7.5,7309.658015012741,0.1205
7.5,7310.65873837471,0.1204
7.5,7311.659290790558,0.1205
7.5,7312.659907579422,0.1204
7.5,7313.668011665344,0.1212
7.5,7314.669257640839,0.12139999999999998
7.5,7316.678998947144,0.12139999999999998
7.5,7317.691384553909,0.12139999999999998
7.5,7318.701743602753,0.1212
7.5,7319.715015888214,0.1212
7.5,7320.719315767288,0.1212
7.5,7321.730564117432,0.1212
7.5,7322.7360417842865,0.12139999999999998
7.5,7323.75010228157,0.1212
7.5,7324.762779951096,0.12139999999999998
7.5,7325.7651998996735,0.12139999999999998
7.5,7326.770294904709,0.1212
7.5,7327.787539958954,0.1212
7.5,7328.803199291229,0.1256
7.5,7329.816484928131,0.1256
7.5,7330.830082416534,0.1256
7.5,7331.843414068222,0.1256
7.5,7332.847424030304,0.1256
7.5,7333.860080480576,0.1256
7.5,7334.873473644257,0.1256
7.5,7336.883771419525,0.1212
7.5,7337.89740395546,0.12139999999999998
7.5,7338.909829378128,0.1212
7.5,7339.921973228455,0.12139999999999998
7.5,7340.934993505478,0.12139999999999998
7.5,7341.950315952301,0.1212
7.5,7342.960598707199,0.1212
7.5,7343.975654602051,0.1212
7.5,7344.994228839874,0.1212
7.5,7346.006605386734,0.1212
7.5,7347.008094549179,0.12139999999999998
7.5,7348.020472049713,0.1212
7.5,7349.025224685669,0.1212
7.5,7350.036626577377,0.1212
7.5,7351.047477483749,0.1212
7.5,7352.052845954895,0.12139999999999998
7.5,7353.065188407898,0.12219999999999999
7.5,7354.080364704132,0.12219999999999999
7.5,7355.089997768402,0.12219999999999999
7.5,7357.105356693268,0.12219999999999999
7.5,7358.119227170944,0.12219999999999999
7.5,7359.1304297447205,0.12219999999999999
7.5,7360.142605304718,0.12219999999999999
7.5,7361.158643722534,0.12219999999999999
7.5,7362.162552833557,0.12219999999999999
7.5,7363.175292730331,0.12219999999999999
7.5,7364.1884253025055,0.12219999999999999
7.5,7365.2005314826965,0.12219999999999999
7.5,7366.217139482498,0.12219999999999999
7.5,7367.229658126831,0.12219999999999999
7.5,7368.232497692108,0.12219999999999999
7.5,7369.244873762131,0.1265
7.5,7370.251287221909,0.1265
7.5,7371.26598739624,0.1265
7.5,7372.281363487244,0.1265
7.5,7373.283894777298,0.1265
7.5,7374.296612501144,0.1265
7.5,7375.299138069153,0.1265
7.5,7377.3166580200195,0.1265
7.5,7378.33127617836,0.1265
7.5,7379.342511177063,0.1265
7.5,7380.354294061661,0.1265
7.5,7381.36373591423,0.1265
7.5,7382.373285531998,0.1265
7.5,7383.385238170624,0.1265
7.5,7384.399242639542,0.1265
7.5,7385.410456895828,0.12219999999999999
7.5,7386.421601772308,0.1265
7.5,7387.433881998062,0.1265
7.5,7388.445268392563,0.12219999999999999
7.5,7389.455775499344,0.12219999999999999
7.5,7390.471760511398,0.12219999999999999
7.5,7391.4875683784485,0.12219999999999999
7.5,7392.4986300468445,0.12219999999999999
7.5,7393.509828329086,0.12219999999999999
7.5,7394.533467769623,0.12219999999999999
7.5,7395.53874707222,0.12309999999999999
7.5,7397.545765399933,0.12309999999999999
7.5,7398.5475833415985,0.12309999999999999
7.5,7399.55504488945,0.12309999999999999
7.5,7400.557470083237,0.12309999999999999
7.5,7401.560116767883,0.12309999999999999
7.5,7402.560970783234,0.1229
7.5,7403.568381309509,0.12309999999999999
7.5,7404.56936621666,0.12309999999999999
7.5,7405.570481300354,0.1229
7.5,7406.571110010147,0.12309999999999999
7.5,7407.57220864296,0.12309999999999999
7.5,7408.573209524155,0.12309999999999999
7.5,7409.574088573456,0.12309999999999999
7.5,7410.5748517513275,0.12309999999999999
7.5,7411.576719522476,0.12309999999999999
7.5,7412.586851596832,0.12309999999999999
7.5,7413.588156938553,0.12309999999999999
7.5,7414.58943772316,0.12309999999999999
7.5,7415.597375869751,0.12309999999999999
7.5,7417.6063532829285,0.12309999999999999
7.5,7418.6153066158295,0.1229
7.5,7419.618393421173,0.12309999999999999
7.5,7420.626875162125,0.12309999999999999
7.5,7421.643616676331,0.12309999999999999
7.5,7422.652134180069,0.12309999999999999
7.5,7423.662747144699,0.12309999999999999
7.5,7424.6859703063965,0.12309999999999999
7.5,7425.701577663422,0.12309999999999999
7.5,7426.703803062439,0.12309999999999999
7.5,7427.708299398422,0.12309999999999999
7.5,7428.715984106064,0.12309999999999999
7.5,7429.716813325882,0.12309999999999999
7.5,7430.723393440247,0.12309999999999999
7.5,7431.725625991821,0.12309999999999999
7.5,7432.726536512375,0.12309999999999999
7.5,7433.7273209095,0.12309999999999999
7.5,7434.728220939636,0.12309999999999999
7.5,7435.728807926178,0.12309999999999999
7.5,7437.729864835739,0.1229
7.5,7438.730483531952,0.12309999999999999
7.5,7439.7313594818115,0.12309999999999999
7.5,7440.731919765472,0.12309999999999999
7.5,7441.732533693314,0.12309999999999999
7.5,7442.7331802845,0.12309999999999999
7.5,7443.734831094742,0.12309999999999999
7.5,7444.735745429993,0.12309999999999999
7.5,7445.737225532532,0.12309999999999999
7.5,7446.738092184067,0.1229
7.5,7447.738581418991,0.12309999999999999
7.5,7448.739534378052,0.12389999999999998
7.5,7449.739997625351,0.12389999999999998
7.5,7450.740774393082,0.12389999999999998
7.5,7451.744807720184,0.12389999999999998
7.5,7452.7467477321625,0.12389999999999998
7.5,7453.747869729996,0.12389999999999998
7.5,7455.748570919037,0.12389999999999998
7.5,7456.749976158142,0.12389999999999998
7.5,7457.751355171204,0.12389999999999998
7.5,7458.760776281357,0.12389999999999998
7.5,7459.76850271225,0.12389999999999998
7.5,7460.777273654938,0.12389999999999998
7.5,7461.786546468735,0.12389999999999998
7.5,7462.795711755753,0.12389999999999998
7.5,7463.806837081909,0.12389999999999998
7.5,7464.823559999466,0.12389999999999998
7.5,7465.841910362244,0.12389999999999998
7.5,7466.856732606888,0.12389999999999998
7.5,7467.872460365295,0.12389999999999998
7.5,7468.885833501816,0.12389999999999998
7.5,7469.899564266205,0.12389999999999998
7.5,7470.912219285965,0.12389999999999998
7.5,7472.926933526993,0.12389999999999998
7.5,7473.945055246353,0.12389999999999998
7.5,7474.959155797958,0.12389999999999998
7.5,7475.964995145798,0.12389999999999998
7.5,7476.978096485138,0.12389999999999998
7.5,7477.99276137352,0.12389999999999998
7.5,7479.007541179657,0.12389999999999998
7.5,7480.026046037674,0.12389999999999998
7.5,7481.041840791702,0.12389999999999998
7.5,7482.05166053772,0.12389999999999998
7.5,7483.065267086029,0.12389999999999998
7.5,7484.078450679779,0.12389999999999998
7.5,7485.090955495834,0.12389999999999998
7.5,7486.107635974884,0.12389999999999998
7.5,7487.12060379982,0.12389999999999998
7.5,7488.134099960327,0.12389999999999998
7.5,7489.147042989731,0.12389999999999998
7.5,7490.160512447357,0.12389999999999998
7.5,7491.17746591568,0.12389999999999998
7.5,7492.180304288864,0.12389999999999998
7.5,7493.18558216095,0.12389999999999998
7.5,7495.206620454788,0.12389999999999998
7.5,7496.225295543671,0.12389999999999998
7.5,7497.236925125122,0.12389999999999998
7.5,7498.250834226608,0.12389999999999998
7.5,7499.26222038269,0.12389999999999998
7.5,7500.272549390793,0.12389999999999998
7.5,7501.281280517578,0.12389999999999998
7.5,7502.292331457138,0.12389999999999998
7.5,7503.294803142548,0.12389999999999998
7.5,7504.306755781174,0.12389999999999998
7.5,7505.319699525833,0.12389999999999998
7.5,7506.330072402954,0.12389999999999998
7.5,7507.343085050583,0.12389999999999998
7.5,7508.356092453003,0.1248
7.5,7509.365336179733,0.1248
7.5,7510.37535738945,0.1248
7.5,7511.386398077011,0.1248
7.5,7512.397444009781,0.1248
7.5,7513.411379337311,0.1248
7.5,7515.423483371735,0.1248
7.5,7516.433511972427,0.1248
7.5,7517.4470846652985,0.1248
7.5,7518.460008144379,0.1248
7.5,7519.473259449005,0.1248
7.5,7520.48405122757,0.1248
7.5,7521.486870765686,0.1248
7.5,7522.49639415741,0.1248
7.5,7523.506196022034,0.1248
7.5,7524.519382715225,0.1248
7.5,7525.529714345932,0.1248
7.5,7526.535568237305,0.1248
7.5,7527.546243429184,0.1248
7.5,7528.564241409302,0.1248
7.5,7529.570709228516,0.1248
7.5,7530.581077814102,0.1248
7.5,7531.603687047958,0.1248
7.5,7532.609292268753,0.1248
7.5,7533.619786500931,0.1248
7.5,7535.626246929169,0.1248
7.5,7536.633916139603,0.1248
7.5,7537.640052556992,0.1248
7.5,7538.641225814819,0.1248
7.5,7539.64177274704,0.1248
7.5,7540.642395973206,0.1248
7.5,7541.642985343933,0.1248
7.5,7542.645166635513,0.1248
7.5,7543.6458735466,0.1248
7.5,7544.647305727005,0.1248
7.5,7545.648584604263,0.1248
7.5,7546.649638175964,0.1248
7.5,7547.650226354599,0.1248
7.5,7548.651608467102,0.1248
7.5,7549.652537345886,0.1248
7.5,7550.661329507828,0.1248
7.5,7551.663103580475,0.1248
7.5,7552.6740736961365,0.1248
7.5,7553.68198466301,0.1248
7.5,7555.691735982895,0.1248
7.5,7556.7008509635925,0.1248
7.5,7557.7117285728455,0.1248
7.5,7558.715095281601,0.1248
7.5,7559.727962970734,0.1248
7.5,7560.756863117218,0.1248
7.5,7561.766972780228,0.1248
7.5,7562.775645017624,0.1248
7.5,7563.77765083313,0.1248
7.5,7564.780641555786,0.1248
7.5,7565.788608312607,0.1248
7.5,7566.791259527206,0.1248
7.5,7567.794927358627,0.1248
7.5,7568.800466299057,0.1248
7.5,7569.801704883575,0.1248
7.5,7570.802200555801,0.1248
7.5,7571.802782058716,0.1248
7.5,7572.803416728973,0.1248
7.5,7573.804130554199,0.1248
7.5,7575.804918766022,0.1248
7.5,7576.805959701538,0.1248
7.5,7577.8066239356995,0.1248
7.5,7578.807141542435,0.1248
7.5,7579.808544158936,0.1248
7.5,7580.812981128693,0.1248
7.5,7581.813697099686,0.1248
7.5,7582.814757108688,0.1248
7.5,7583.815536737442,0.1248
7.5,7584.816036462784,0.1248
7.5,7585.816515207291,0.1248
7.5,7586.820782661438,0.1248
7.5,7587.8217186927795,0.1256
7.5,7588.823214292526,0.1256
7.5,7589.835028886795,0.1256
7.5,7590.835470199585,0.1256
7.5,7591.843325138092,0.1256
7.5,7593.851966142654,0.1256
7.5,7594.862514019012,0.1256
7.5,7595.873535871506,0.1256
7.5,7596.883002996445,0.1256
7.5,7597.895670413971,0.1256
7.5,7598.908529520035,0.1256
7.5,7599.920006990433,0.1256
7.5,7600.93163728714,0.1256
7.5,7601.945208072662,0.1256
7.5,7602.959497213364,0.1256
7.5,7603.97287774086,0.1256
7.5,7604.9892654418945,0.1256
7.5,7606.004434585571,0.1256
7.5,7607.014493465424,0.1256
7.5,7608.029497146606,0.1256
7.5,7609.045497894287,0.1256
7.5,7610.0573987960815,0.1256
7.5,7611.0683381557465,0.1256
7.5,7612.080245256424,0.1256
7.5,7614.085875749588,0.1256
7.5,7615.101397752762,0.1256
7.5,7616.114407777786,0.1256
7.5,7617.1274955272675,0.1256
7.5,7618.140798330307,0.1256
7.5,7619.146925449371,0.1256
7.5,7620.15084862709,0.1256
7.5,7621.16676568985,0.1256
7.5,7622.180523633957,0.1256
7.5,7623.185886859894,0.1256
7.5,7624.1970636844635,0.1256
7.5,7625.215711116791,0.1256
7.5,7626.2192640304565,0.1299
7.5,7627.233232498169,0.1299
7.5,7628.252896308899,0.1299
7.5,7629.257787466049,0.1299
7.5,7630.2676248550415,0.1299
7.5,7631.276330947876,0.1299
7.5,7632.281779050827,0.1299
7.5,7634.288015365601,0.1299
7.5,7635.303928375244,0.1299
7.5,7636.30797624588,0.1299
7.5,7637.321106433868,0.1299
7.5,7638.332439422607,0.1299
7.5,7639.3450717926025,0.1299
7.5,7640.350661754608,0.1299
7.5,7641.358590364456,0.1299
7.5,7642.371639251709,0.1299
7.5,7643.383557319641,0.1299
7.5,7644.399169921875,0.1299
7.5,7645.406716585159,0.1299
7.5,7646.417848587036,0.1299
7.5,7647.429685592651,0.1299
7.5,7648.438811540604,0.1299
7.5,7649.452350616455,0.1299
7.5,7650.459302663803,0.1299
7.5,7651.464009284973,0.1299
7.5,7652.46821308136,0.1299
7.5,7654.4778780937195,0.1299
7.5,7655.488876581192,0.1299
7.5,7656.499979257584,0.1299
7.5,7657.504550695419,0.1299
7.5,7658.515748977661,0.1299
7.5,7659.526252031326,0.1299
7.5,7660.535444259644,0.1299
7.5,7661.538704156876,0.1299
7.5,7662.550028562546,0.1299
7.5,7663.560287475586,0.1299
7.5,7664.572576284409,0.1299
7.5,7665.585315942764,0.1299
7.5,7666.596120357513,0.1299
7.5,7667.607162952423,0.1299
7.5,7668.61772608757,0.1299
7.5,7669.629982709885,0.1256
7.5,7670.640347003937,0.1256
7.5,7671.649167776108,0.1256
7.5,7672.660560369492,0.1256
7.5,7674.680104017258,0.1256
7.5,7675.684588432312,0.1256
7.5,7676.686115503311,0.1256
7.5,7677.689275026321,0.1256
7.5,7678.6988697052,0.1256
7.5,7679.703515529633,0.1256
7.5,7680.704861164093,0.1256
7.5,7681.7083122730255,0.1256
7.5,7682.712388515472,0.1256
7.5,7683.713685512543,0.1256
7.5,7684.714672803879,0.1256
7.5,7685.7155520915985,0.1256
7.5,7686.7161519527435,0.1256
7.5,7687.71671295166,0.1256
7.5,7688.727003574371,0.1256
7.5,7689.72837805748,0.1256
7.5,7690.740184307098,0.1256
7.5,7691.749426603317,0.1256
7.5,7692.758430480957,0.1256
7.5,7694.770209312439,0.1256
7.5,7695.783583164215,0.1256
7.5,7696.794684171677,0.1256
7.5,7697.806275606155,0.1256
7.5,7698.812959909439,0.1256
7.5,7699.8450174331665,0.1256
7.5,7700.848051786423,0.1256
7.5,7701.863801240921,0.1256
7.5,7702.865520000458,0.1256
7.5,7703.867817878723,0.1256
7.5,7704.8773021698,0.1256
7.5,7705.8797154426575,0.1256
7.5,7706.885784864426,0.1256
7.5,7707.886989831924,0.1256
7.5,7708.887903928757,0.1256
7.5,7709.888894319534,0.1256
7.5,7710.8898050785065,0.1256
7.5,7711.8906037807465,0.1256
7.5,7712.891214609146,0.1265
7.5,7714.892283439636,0.1265
7.5,7715.892861366272,0.1265
7.5,7716.893483638763,0.1265
7.5,7717.894409418106,0.1265
7.5,7718.895129919052,0.1265
7.5,7719.896316289902,0.1265
7.5,7720.896943092346,0.1265
7.5,7721.897673368454,0.1265
7.5,7722.89816904068,0.1265
7.5,7723.898846626282,0.1265
7.5,7724.900365829468,0.1265
7.5,7725.900900840759,0.1265
7.5,7726.901944160461,0.1265
7.5,7727.912438631058,0.1265
7.5,7728.9140157699585,0.1265
7.5,7729.924243688583,0.1265
7.5,7730.932633638382,0.1265
7.5,7732.941330194473,0.1265
7.5,7733.953317642212,0.1265
7.5,7734.970706701279,0.1265
7.5,7735.989746570587,0.1265
7.5,7737.009756088257,0.1265
7.5,7738.023072242737,0.1265
7.5,7739.036234140396,0.1265
7.5,7740.049434423447,0.1265
7.5,7741.062351226807,0.1265
7.5,7742.074646472931,0.1265
7.5,7743.094308614731,0.1265
7.5,7744.097230911255,0.1265
7.5,7745.1062841415405,0.1265
7.5,7746.119960784912,0.1265
7.5,7747.133226394653,0.1265
7.5,7748.145531415939,0.1265
7.5,7749.15841627121,0.1265
7.5,7750.168843984604,0.1265
7.5,7751.180973291397,0.1265
7.5,7753.189956188202,0.1265
7.5,7754.2010815143585,0.1265
7.5,7755.215806007385,0.1265
7.5,7756.218683481216,0.1265
7.5,7757.233562707901,0.1265
7.5,7758.25044798851,0.1265
7.5,7759.263597488403,0.1265
7.5,7760.273791313171,0.1265
7.5,7761.2854590415955,0.1265
7.5,7762.290592908859,0.1265
7.5,7763.305615186691,0.1265
7.5,7764.319042444229,0.1265
7.5,7765.330254793167,0.1265
7.5,7766.341114282608,0.1265
7.5,7767.351256847382,0.1265
7.5,7768.364283323288,0.13069999999999998
7.5,7769.366504430771,0.1265
7.5,7770.377005815506,0.13069999999999998
7.5,7771.387055873871,0.13069999999999998
7.5,7773.397971153259,0.13069999999999998
7.5,7774.409355163574,0.13069999999999998
7.5,7775.420566320419,0.13069999999999998
7.5,7776.431699752808,0.13069999999999998
7.5,7777.443049669266,0.13069999999999998
7.5,7778.454016923904,0.13069999999999998
7.5,7779.463594913483,0.13069999999999998
7.5,7780.476561546326,0.13069999999999998
7.5,7781.487283229828,0.13069999999999998
7.5,7782.493183374405,0.13069999999999998
7.5,7783.504616975784,0.13069999999999998
7.5,7784.518326997757,0.13069999999999998
7.5,7785.5296750068665,0.13069999999999998
7.5,7786.539863824844,0.13069999999999998
7.5,7787.551466703415,0.13069999999999998
7.5,7788.558989524841,0.13069999999999998
7.5,7789.564958333969,0.13069999999999998
7.5,7790.576942682266,0.13069999999999998
7.5,7791.588896036148,0.13069999999999998
7.5,7793.599496126175,0.13069999999999998
7.5,7794.610326051712,0.13069999999999998
7.5,7795.620968341827,0.13069999999999998
7.5,7796.634040355682,0.13069999999999998
7.5,7797.641137599945,0.13069999999999998
7.5,7798.65189242363,0.13069999999999998
7.5,7799.662661552429,0.13069999999999998
7.5,7800.666576385498,0.13069999999999998
7.5,7801.677436590195,0.13069999999999998
7.5,7802.691890716553,0.13069999999999998
7.5,7803.701706647873,0.13069999999999998
7.5,7804.7115750312805,0.13069999999999998
7.5,7805.72291302681,0.13069999999999998
7.5,7806.734436988831,0.13069999999999998
7.5,7807.74783539772,0.13069999999999998
7.5,7808.759748697281,0.13069999999999998
7.5,7809.761848926544,0.13069999999999998
7.5,7810.769610404968,0.13069999999999998
7.5,7811.771499872208,0.13069999999999998
7.5,7813.772807598114,0.13069999999999998
7.5,7814.780618906021,0.13069999999999998
7.5,7815.78168964386,0.13069999999999998
7.5,7816.785787820816,0.13069999999999998
7.5,7817.7881326675415,0.13069999999999998
7.5,7818.789860963821,0.13069999999999998
7.5,7819.790715456009,0.13069999999999998
7.5,7820.791692733765,0.13069999999999998
7.5,7821.793190956116,0.13069999999999998
7.5,7822.793810367584,0.13069999999999998
7.5,7823.794613361359,0.13069999999999998
7.5,7824.795474529266,0.13069999999999998
7.5,7825.796504974365,0.13069999999999998
7.5,7826.814772129059,0.13069999999999998
7.5,7827.815596103668,0.13069999999999998
7.5,7828.825084686279,0.13069999999999998
7.5,7829.833678245544,0.13069999999999998
7.5,7830.835449934006,0.13069999999999998
7.5,7832.843691110611,0.13069999999999998
7.5,7833.855262994766,0.13069999999999998
7.5,7834.865958452225,0.13069999999999998
7.5,7835.87873339653,0.13069999999999998
7.5,7836.888461828232,0.13069999999999998
7.5,7837.916168212891,0.13069999999999998
7.5,7838.934754371643,0.13069999999999998
7.5,7839.936061859131,0.13069999999999998
7.5,7840.938812971115,0.13069999999999998
7.5,7841.94656085968,0.13069999999999998
7.5,7842.94860124588,0.13069999999999998
7.5,7843.9522824287415,0.13069999999999998
7.5,7844.952743291855,0.13069999999999998
7.5,7845.9590039253235,0.13069999999999998
7.5,7846.959626674652,0.13069999999999998
7.5,7847.960421562195,0.13069999999999998
7.5,7848.960981845856,0.13069999999999998
7.5,7849.961487770081,0.13069999999999998
7.5,7850.965526819229,0.13069999999999998
7.5,7852.966295480728,0.13069999999999998
7.5,7853.966832637787,0.13069999999999998
7.5,7854.967332363129,0.13069999999999998
7.5,7855.971647024155,0.13069999999999998
7.5,7856.975503444672,0.13069999999999998
7.5,7857.980228900909,0.13069999999999998
7.5,7858.9901576042175,0.13069999999999998
7.5,7860.000521659851,0.13069999999999998
7.5,7861.010547876358,0.13069999999999998
7.5,7862.023383140564,0.13069999999999998
7.5,7863.035796165466,0.13069999999999998
7.5,7864.051262617111,0.13069999999999998
7.5,7865.06286740303,0.13069999999999998
7.5,7866.078025341034,0.13069999999999998
7.5,7867.087558746338,0.1265
7.5,7868.099577665329,0.1265
7.5,7869.109185695648,0.1265
7.5,7870.124055624008,0.13069999999999998
7.5,7871.135129213333,0.1265
7.5,7873.140376329422,0.1265
7.5,7874.1573050022125,0.1265
7.5,7875.168914556503,0.1265
7.5,7876.1833691596985,0.1265
7.5,7877.18586397171,0.1265
7.5,7878.202230215073,0.1265
7.5,7879.21227645874,0.1265
7.5,7880.22754240036,0.1265
7.5,7881.241273403168,0.1265
7.5,7882.256680727005,0.1265
7.5,7883.259456157684,0.1265
7.5,7884.276648044586,0.1265
7.5,7885.290381669998,0.1265
7.5,7886.302827835083,0.1265
7.5,7887.315697431564,0.1265
7.5,7888.328269481659,0.1265
7.5,7889.341767311096,0.1265
7.5,7890.34484577179,0.1265
7.5,7891.358509778976,0.1265
7.5,7893.372860431671,0.1265
7.5,7894.380311965942,0.1265
7.5,7895.3931183815,0.1265
7.5,7896.405392169952,0.1265
7.5,7897.409840106964,0.1265
7.5,7898.420407533646,0.1265
7.5,7899.433597564697,0.1265
7.5,7900.4453184604645,0.1265
7.5,7901.456089019775,0.1265
7.5,7902.467690944672,0.1265
7.5,7903.478444814682,0.1265
7.5,7904.4911160469055,0.1265
7.5,7905.502135038376,0.1265
7.5,7906.50470328331,0.1265
7.5,7907.516621351242,0.1265
7.5,7908.528172969818,0.1265
7.5,7909.5383179187775,0.1265
7.5,7910.54990363121,0.1265
7.5,7911.561188697815,0.1265
7.5,7913.57150220871,0.1265
7.5,7914.583037376404,0.1265
7.5,7915.586391448975,0.1265
7.5,7916.598012685776,0.1265
7.5,7917.608490943909,0.1265
7.5,7918.619593143463,0.1265
7.5,7919.630125045776,0.1265
7.5,7920.640937328339,0.1265
7.5,7921.652254343033,0.1265
7.5,7922.672638893127,0.1265
7.5,7923.683296442032,0.1265
7.5,7924.695396661758,0.1265
7.5,7925.706292629242,0.1265
7.5,7926.71746635437,0.1265
7.5,7927.728542327881,0.1265
7.5,7928.741598844528,0.1265
7.5,7929.757533073425,0.1265
7.5,7930.769430398941,0.1265
7.5,7931.780715942383,0.1265
7.5,7933.783802032471,0.1265
7.5,7934.795595407486,0.1265
7.5,7935.821910381317,0.1265
7.5,7936.836889505386,0.1265
7.5,7937.838576078415,0.1265
7.5,7938.841209888458,0.1265
7.5,7939.842488765717,0.1265
7.5,7940.850519180298,0.1265
7.5,7941.853296518326,0.1265
7.5,7942.853925943375,0.1265
7.5,7943.860654830933,0.1265
7.5,7944.864631891251,0.1265
7.5,7945.865833759308,0.1265
7.5,7946.866437196732,0.1265
7.5,7947.867050647736,0.1265
7.5,7948.867641448975,0.1265
7.5,7949.868843078613,0.1265
7.5,7950.870089769363,0.1265
7.5,7951.871612548828,0.1265
7.5,7953.87243270874,0.1265
7.5,7954.873314857483,0.1265
7.5,7955.874264955521,0.1265
7.5,7956.874884843826,0.1265
7.5,7957.875355005264,0.1265
7.5,7958.875841379166,0.1265
7.5,7959.876593351364,0.1265
7.5,7960.877261161804,0.1265
7.5,7961.877909421921,0.1265
7.5,7962.878516674042,0.1265
7.5,7963.879079341888,0.1265
7.5,7964.884634017944,0.1265
7.5,7965.8862221241,0.1265
7.5,7966.896076202393,0.1265
7.5,7967.90473151207,0.1265
7.5,7968.913621902466,0.1265
7.5,7969.9229736328125,0.1265
7.5,7971.935583353043,0.1265
7.5,7972.94862985611,0.1265
7.5,7973.962178707123,0.1265
7.5,7974.977385520935,0.1265
7.5,7976.008943557739,0.1265
7.5,7977.010419845581,0.1265
7.5,7978.011432170868,0.1265
7.5,7979.0133266448975,0.1265
7.5,7980.020948648453,0.1265
7.5,7981.022579431534,0.1265
7.5,7982.024160146713,0.1265
7.5,7983.026557445526,0.1265
7.5,7984.028337478638,0.1265
7.5,7985.033393859863,0.1229
7.5,7986.0343317985535,0.1229
7.5,7987.035370588303,0.1229
7.5,7988.035782814026,0.12309999999999999
7.5,7989.036630392075,0.1229
7.5,7990.037117242813,0.12309999999999999
7.5,7992.038011789322,0.12309999999999999
7.5,7993.038589477539,0.12309999999999999
7.5,7994.039437055588,0.12309999999999999
7.5,7995.040585756302,0.12309999999999999
7.5,7996.042625904083,0.12309999999999999
7.5,7997.04381775856,0.12309999999999999
7.5,7998.044564247131,0.1229
7.5,7999.04531788826,0.12309999999999999
7.5,8000.04575753212,0.12309999999999999
7.5,8001.046548366547,0.1229
7.5,8002.047079324722,0.12309999999999999
7.5,8003.0479147434235,0.1229
7.5,8004.050917863846,0.1229
7.5,8005.052282094955,0.12309999999999999
7.5,8006.053217172623,0.1229
7.5,8007.053968667984,0.12309999999999999
7.5,8008.0551788806915,0.12309999999999999
7.5,8010.05618596077,0.12309999999999999
7.5,8011.063594341278,0.1229
7.5,8012.071514368057,0.12309999999999999
7.5,8013.079856157303,0.1229
7.5,8014.088346004486,0.1229
7.5,8015.09695315361,0.12309999999999999
7.5,8016.107568979263,0.1229
7.5,8017.119446992874,0.12309999999999999
7.5,8018.135729074478,0.12309999999999999
7.5,8019.1492528915405,0.12309999999999999
7.5,8020.165529489517,0.1229
7.5,8021.177738904953,0.12309999999999999
7.5,8022.194360733032,0.12309999999999999
7.5,8023.20064997673,0.12309999999999999
7.5,8024.206877708435,0.12309999999999999
7.5,8025.223587751389,0.1316
7.5,8026.236673593521,0.1316
7.5,8027.247174024582,0.1316
7.5,8029.260858774185,0.1316
7.5,8030.274006128311,0.1316
7.5,8031.277647972107,0.1316
7.5,8032.284046173096,0.1316
7.5,8033.295062541962,0.1316
7.5,8034.309819698334,0.1316
7.5,8035.323336362839,0.1316
7.5,8036.33931851387,0.1316
7.5,8037.352208137512,0.1316
7.5,8038.365056037903,0.1316
7.5,8039.378471374512,0.1316
7.5,8040.391936540604,0.1316
7.5,8041.412480831146,0.1316
7.5,8042.432210445404,0.1316
7.5,8043.448735952377,0.1316
7.5,8044.461846828461,0.1316
7.5,8045.47656583786,0.1316
7.5,8046.489233016968,0.1316
7.5,8047.489834547043,0.1316
7.5,8049.509176015854,0.1316
7.5,8050.520368337631,0.1316
7.5,8051.5338706970215,0.1316
7.5,8052.547589302063,0.1316
7.5,8053.561594963074,0.1316
7.5,8054.572469234467,0.1316
7.5,8055.581684112549,0.1316
7.5,8056.593849897385,0.1316
7.5,8057.605646848679,0.1316
7.5,8058.616322040558,0.1316
7.5,8059.630567550659,0.1316
7.5,8060.6436855793,0.1316
7.5,8061.654724597931,0.1316
7.5,8062.667377710342,0.1316
7.5,8063.6839599609375,0.1316
7.5,8064.694957971573,0.1316
7.5,8065.706524372101,0.1316
7.5,8066.718124628067,0.1316
7.5,8067.720548629761,0.1316
7.5,8069.732300043106,0.1316
7.5,8070.7435438632965,0.1316
7.5,8071.750792264938,0.1316
7.5,8072.761855363846,0.1316
7.5,8073.772673845291,0.1316
7.5,8074.789561748505,0.1316
7.5,8075.809271812439,0.12309999999999999
7.5,8076.829066514969,0.1316
7.5,8077.834269046783,0.1316
7.5,8078.846951723099,0.1316
7.5,8079.851500034332,0.1316
7.5,8080.8700523376465,0.12309999999999999
7.5,8081.8890726566315,0.12309999999999999
7.5,8082.897360801697,0.12309999999999999
7.5,8083.898708820343,0.12309999999999999
7.5,8084.89968085289,0.12309999999999999
7.5,8085.907973527908,0.12309999999999999
7.5,8086.913279056549,0.1229
7.5,8087.914341688156,0.1229
7.5,8089.915504455566,0.12309999999999999
7.5,8090.916042804718,0.12389999999999998
7.5,8091.923501968384,0.12389999999999998
7.5,8092.925408601761,0.12309999999999999
7.5,8093.926122903824,0.12389999999999998
7.5,8094.926669836044,0.12389999999999998
7.5,8095.928186178207,0.12389999999999998
7.5,8096.930357456207,0.12389999999999998
7.5,8097.931352615356,0.12389999999999998
7.5,8098.932308912277,0.12389999999999998
7.5,8099.934990167618,0.12389999999999998
7.5,8100.936466932297,0.12389999999999998
7.5,8101.937233924866,0.12389999999999998
7.5,8102.943220615387,0.12389999999999998
7.5,8103.944189548492,0.12389999999999998
7.5,8104.944881916046,0.12389999999999998
7.5,8105.94638466835,0.12389999999999998
7.5,8107.9481546878815,0.12389999999999998
7.5,8108.949460983276,0.12389999999999998
7.5,8109.951367616653,0.12389999999999998
7.5,8110.952259540558,0.12389999999999998
7.5,8111.961251974106,0.12389999999999998
7.5,8112.970598459244,0.12389999999999998
7.5,8113.9715185165405,0.12389999999999998
7.5,8114.980381727219,0.12389999999999998
7.5,8115.990849018097,0.12389999999999998
7.5,8117.001273870468,0.12389999999999998
7.5,8118.016565799713,0.12389999999999998
7.5,8119.026780843735,0.12389999999999998
7.5,8120.05578327179,0.12389999999999998
7.5,8121.062980413437,0.12389999999999998
7.5,8122.078957080841,0.12389999999999998
7.5,8123.0878648757935,0.12389999999999998
7.5,8124.091933965683,0.12389999999999998
7.5,8126.098525285721,0.12389999999999998
7.5,8127.099395275116,0.12389999999999998
7.5,8128.100227117538,0.12389999999999998
7.5,8129.1008040905,0.12389999999999998
7.5,8130.101427316666,0.12389999999999998
7.5,8131.101939439774,0.12389999999999998
7.5,8132.102787494659,0.12389999999999998
7.5,8133.103353977203,0.12389999999999998
7.5,8134.104110717773,0.12389999999999998
7.5,8135.105099201202,0.12389999999999998
7.5,8136.106003522873,0.12389999999999998
7.5,8137.106689691544,0.12389999999999998
7.5,8138.107693910599,0.12389999999999998
7.5,8139.108298778534,0.12389999999999998
7.5,8140.108920812607,0.12389999999999998
7.5,8141.109554767609,0.12389999999999998
7.5,8142.118623018265,0.12389999999999998
7.5,8143.1199107170105,0.12389999999999998
7.5,8144.1208827495575,0.12389999999999998
7.5,8146.121515035629,0.12389999999999998
7.5,8147.122677087784,0.12389999999999998
7.5,8148.124219417572,0.12389999999999998
7.5,8149.12507724762,0.12389999999999998
7.5,8150.133510351181,0.12389999999999998
7.5,8151.148089170456,0.12389999999999998
7.5,8152.1486120224,0.12389999999999998
7.5,8153.149136543274,0.12389999999999998
7.5,8154.159311056137,0.12389999999999998
7.5,8155.17151093483,0.12389999999999998
7.5,8156.184612035751,0.12389999999999998
7.5,8157.20069527626,0.12389999999999998
7.5,8158.215348243713,0.12389999999999998
7.5,8159.227974176407,0.12389999999999998
7.5,8160.2404181957245,0.12389999999999998
7.5,8161.253187179565,0.12389999999999998
7.5,8162.265795707703,0.12389999999999998
7.5,8164.285786628723,0.12389999999999998
7.5,8165.298022031784,0.12389999999999998
7.5,8166.309870481491,0.12389999999999998
7.5,8167.321018218994,0.12389999999999998
7.5,8168.335097551346,0.12389999999999998
7.5,8169.3493185043335,0.12389999999999998
7.5,8170.360896110535,0.12389999999999998
7.5,8171.38134932518,0.12389999999999998
7.5,8172.388511657715,0.12389999999999998
7.5,8173.405846834183,0.12389999999999998
7.5,8174.420643568039,0.12389999999999998
7.5,8175.434891700745,0.12389999999999998
7.5,8176.448900461197,0.12389999999999998
7.5,8177.463539123535,0.12389999999999998
7.5,8178.47789645195,0.12389999999999998
7.5,8179.492592334747,0.12389999999999998
7.5,8180.506966590881,0.12389999999999998
7.5,8181.518298625946,0.12389999999999998
7.5,8182.53218793869,0.12389999999999998
7.5,8184.543909072876,0.12389999999999998
7.5,8185.556763887405,0.12389999999999998
7.5,8186.559450149536,0.12389999999999998
7.5,8187.562028884888,0.12389999999999998
7.5,8188.577624082565,0.12389999999999998
7.5,8189.5905776023865,0.12389999999999998
7.5,8190.604397058487,0.12389999999999998
7.5,8191.6144053936005,0.12389999999999998
7.5,8192.62759566307,0.12389999999999998
7.5,8193.629887342453,0.12389999999999998
7.5,8194.63219666481,0.12389999999999998
7.5,8195.640027999878,0.1324
7.5,8196.650308847427,0.1324
7.5,8197.661703824997,0.1324
7.5,8198.672180891037,0.1324
7.5,8199.681099891663,0.1324
7.5,8200.697464227676,0.1324
7.5,8201.70292544365,0.1324
7.5,8202.708691835403,0.1324
7.5,8204.719346523285,0.1324
7.5,8205.730409383774,0.1324
7.5,8206.743250370026,0.1324
7.5,8207.755581140518,0.1324
7.5,8208.766285896301,0.1324
7.5,8209.77856373787,0.1324
7.5,8210.789985895157,0.1324
7.5,8211.799067020416,0.1324
7.5,8212.808923244476,0.1324
7.5,8213.81980252266,0.1324
7.5,8214.830471992493,0.1324
7.5,8215.843574523926,0.1324
7.5,8216.854550123215,0.1324
7.5,8217.865568876266,0.1324
7.5,8218.873945474625,0.1324
7.5,8219.883964300156,0.1324
7.5,8220.897743225098,0.1324
7.5,8221.903811454773,0.1324
7.5,8222.915450572968,0.1324
7.5,8224.921138763428,0.1324
7.5,8225.947959423065,0.1324
7.5,8226.96006822586,0.1324
7.5,8227.962349414825,0.1324
7.5,8228.963734388351,0.1324
7.5,8229.96506524086,0.1324
7.5,8230.966234207153,0.1324
7.5,8231.975384950638,0.1324
7.5,8232.976736068726,0.1324
7.5,8233.97928071022,0.1324
7.5,8234.981863498688,0.1324
7.5,8235.987914562225,0.1324
7.5,8236.988688230515,0.1324
7.5,8237.990627765656,0.1324
7.5,8238.993771314621,0.1324
7.5,8239.994621515274,0.1324
7.5,8240.995573043823,0.1324
7.5,8241.997218608856,0.1324
7.5,8242.99811577797,0.1324
7.5,8244.998917102814,0.1324
7.5,8245.999897480011,0.1324
7.5,8247.000464439392,0.1324
7.5,8248.001316547394,0.1324
7.5,8249.00219988823,0.1324
7.5,8250.002922296524,0.1324
7.5,8251.003551483154,0.1324
7.5,8252.004486322403,0.1324
7.5,8253.005239963531,0.1324
7.5,8254.006051540375,0.1324
7.5,8255.006566762924,0.1324
7.5,8256.007684707642,0.1324
7.5,8257.00840806961,0.1324
7.5,8258.009485006332,0.1324
7.5,8259.010684490204,0.1324
7.5,8260.011533498764,0.1324
7.5,8261.012521982193,0.1324
7.5,8263.013451099396,0.1324
7.5,8264.014415979385,0.1324
7.5,8265.01506114006,0.1324
7.5,8266.020560026169,0.1324
7.5,8267.021369695663,0.1324
7.5,8268.030834197998,0.1324
7.5,8269.038849592209,0.1324
7.5,8270.047410964966,0.1324
7.5,8271.055715322495,0.1324
7.5,8272.068074703217,0.1324
7.5,8273.079190731049,0.1324
7.5,8274.093459367752,0.1324
7.5,8275.109983921051,0.12389999999999998
7.5,8276.12825512886,0.1324
7.5,8277.137493133545,0.1324
7.5,8278.139964103699,0.1324
7.5,8279.142339229584,0.12389999999999998
7.5,8280.149828195572,0.12389999999999998
7.5,8281.151101112366,0.12389999999999998
7.5,8283.15341424942,0.12389999999999998
7.5,8284.155377388,0.12389999999999998
7.5,8285.157486438751,0.12389999999999998
7.5,8286.162690401077,0.12389999999999998
7.5,8287.164161920547,0.12389999999999998
7.5,8288.16566991806,0.12389999999999998
7.5,8289.166791915894,0.12389999999999998
7.5,8290.167407035828,0.12389999999999998
7.5,8291.168352842331,0.12389999999999998
7.5,8292.169571876526,0.12389999999999998
7.5,8293.170453548431,0.12389999999999998
7.5,8294.171472787857,0.12389999999999998
7.5,8295.171963453293,0.12389999999999998
7.5,8296.172761201859,0.12389999999999998
7.5,8297.173376321793,0.12389999999999998
7.5,8298.174931049347,0.12389999999999998
7.5,8299.176747083664,0.12389999999999998
7.5,8300.184124231339,0.12389999999999998
7.5,8302.185405731201,0.12389999999999998
7.5,8303.18647813797,0.12389999999999998
7.5,8304.187922477722,0.12389999999999998
7.5,8305.18890285492,0.12389999999999998
7.5,8306.189438581467,0.12389999999999998
7.5,8307.197870016098,0.12389999999999998
7.5,8308.206270933151,0.12389999999999998
7.5,8309.214535474777,0.12389999999999998
7.5,8310.224419355392,0.12389999999999998
7.5,8311.237375736237,0.12389999999999998
7.5,8312.249765396118,0.12389999999999998
7.5,8313.26267838478,0.12389999999999998
7.5,8314.276489019394,0.12389999999999998
7.5,8315.293419361115,0.12389999999999998
7.5,8316.306935071945,0.12389999999999998
7.5,8317.320902347565,0.1248
7.5,8318.333450555801,0.1248
7.5,8320.347868442535,0.1248
7.5,8321.363416194916,0.1248
7.5,8322.375995397568,0.1248
7.5,8323.39327454567,0.1248
7.5,8324.412672042847,0.1248
7.5,8325.424800634384,0.1248
7.5,8326.444546937943,0.1248
7.5,8327.45506811142,0.1248
7.5,8328.467003583908,0.1248
7.5,8329.481098175049,0.1248
7.5,8330.502242565155,0.1248
7.5,8331.513882398605,0.1248
7.5,8332.52119255066,0.1248
7.5,8333.53278017044,0.1248
7.5,8334.545354366302,0.1248
7.5,8335.55687046051,0.1248
7.5,8336.56719660759,0.1248
7.5,8337.572659015656,0.1248
7.5,8338.59162068367,0.1248
7.5,8340.608206748962,0.1248
7.5,8341.626425981522,0.1248
7.5,8342.640625715256,0.1248
7.5,8343.65262055397,0.1248
7.5,8344.663368463516,0.1248
7.5,8345.673485994339,0.1248
7.5,8346.68556022644,0.1248
7.5,8347.699185609818,0.1248
7.5,8348.7104742527,0.1248
7.5,8349.722509860992,0.1248
7.5,8350.735513925552,0.1248
7.5,8351.743742704391,0.1248
7.5,8352.755803585052,0.1248
7.5,8353.766749620438,0.1248
7.5,8354.77607703209,0.1248
7.5,8355.787892580032,0.1248
7.5,8356.798389673233,0.1248
7.5,8357.812482595444,0.1248
7.5,8358.827231407166,0.1248
7.5,8360.840359926224,0.1248
7.5,8361.853186130524,0.1248
7.5,8362.864624023438,0.1248
7.5,8363.877489328384,0.1248
7.5,8364.888946056366,0.1248
7.5,8365.899529218674,0.1248
7.5,8366.911115646362,0.1248
7.5,8367.924268722534,0.1248
7.5,8368.938055992126,0.1248
7.5,8369.940503358841,0.1248
7.5,8370.942858934402,0.1248
7.5,8371.94617319107,0.1248
7.5,8372.957519769669,0.1248
7.5,8373.967188358307,0.1248
7.5,8374.978157520294,0.1248
7.5,8375.993050575256,0.1248
7.5,8377.013155221939,0.1248
7.5,8378.020907640457,0.1248
7.5,8379.059447050095,0.1248
7.5,8381.060375213623,0.1248
7.5,8382.061831951141,0.1248
7.5,8383.062973737717,0.1248
7.5,8384.06344628334,0.1248
7.5,8385.064422130585,0.1248
7.5,8386.065346240997,0.1248
7.5,8387.066544532776,0.1248
7.5,8388.067103862762,0.1248
7.5,8389.067569971085,0.1248
7.5,8390.076834440231,0.1248
7.5,8391.085271835327,0.1248
7.5,8392.09443640709,0.1248
7.5,8393.103961229324,0.1248
7.5,8394.1161236763,0.1248
7.5,8395.126016139984,0.1248
7.5,8396.14047050476,0.1248
7.5,8397.15482378006,0.1248
7.5,8399.169380187988,0.1248
7.5,8400.196871042252,0.1248
7.5,8401.199424743652,0.1248
7.5,8402.210861206055,0.1248
7.5,8403.213146686554,0.1248
7.5,8404.214597940445,0.1248
7.5,8405.224837064743,0.1248
7.5,8406.225912809372,0.1248
7.5,8407.227842569351,0.1248
7.5,8408.229229688644,0.1248
7.5,8409.230239868164,0.1248
7.5,8410.237664461136,0.1248
7.5,8411.238241672516,0.1248
7.5,8412.238824367523,0.1248
7.5,8413.239495038986,0.1248
7.5,8414.240453481674,0.1248
7.5,8415.241111040115,0.1248
7.5,8416.241611003876,0.1248
7.5,8417.242206335068,0.1248
7.5,8419.243571043015,0.1248
7.5,8420.244197130203,0.1248
7.5,8421.244733810425,0.1248
7.5,8422.24512553215,0.1248
7.5,8423.245558261871,0.1248
7.5,8424.246654987335,0.1248
7.5,8425.247619867325,0.1248
7.5,8426.249564170837,0.1248
7.5,8427.250516176224,0.1248
7.5,8428.251002788544,0.1248
7.5,8429.25153684616,0.1248
7.5,8430.252119541168,0.1248
7.5,8431.252944946289,0.1248
7.5,8432.253478765488,0.1248
7.5,8433.25454878807,0.1248
7.5,8434.254964590073,0.1248
7.5,8435.255630016327,0.1248
7.5,8437.256416082382,0.1248
7.5,8438.257068634033,0.1248
7.5,8439.257457017899,0.1248
7.5,8440.25860619545,0.1248
7.5,8441.25942492485,0.1248
7.5,8442.259935379028,0.1248
7.5,8443.260572433472,0.1248
7.5,8444.261129379272,0.1248
7.5,8445.261544704437,0.1248
7.5,8446.262487888336,0.1248
7.5,8447.263079404831,0.1248
7.5,8448.26772761345,0.1248
7.5,8449.277465105057,0.1248
7.5,8450.285777807236,0.1248
7.5,8451.29382276535,0.1248
7.5,8452.304847478867,0.1248
7.5,8453.315404891968,0.1248
7.5,8455.32691192627,0.1248
7.5,8456.339750051498,0.1248
7.5,8457.352818012238,0.1248
7.5,8458.364735841751,0.1248
7.5,8459.369506597519,0.1248
7.5,8460.378915786743,0.1248
7.5,8461.39256811142,0.1248
7.5,8462.397212028503,0.1248
7.5,8463.411045312881,0.1248
7.5,8464.430552959442,0.1248
7.5,8465.439460992813,0.1248
7.5,8466.447309494019,0.1248
7.5,8467.46004652977,0.1248
7.5,8468.480034589767,0.1248
7.5,8469.495212316513,0.1248
7.5,8470.507701158524,0.1248
7.5,8471.521106004715,0.1248
7.5,8472.533577919006,0.1248
7.5,8473.547084569931,0.1248
7.5,8475.559010982513,0.1248
7.5,8476.571317911148,0.1248
7.5,8477.58288359642,0.1248
7.5,8478.595475196838,0.1248
7.5,8479.606613874435,0.1248
7.5,8480.608844041824,0.1248
7.5,8481.621885061264,0.1248
7.5,8482.632680654526,0.1248
7.5,8483.645185232162,0.1248
7.5,8484.655813217163,0.1248
7.5,8485.672460317612,0.1248
7.5,8486.68827700615,0.1248
7.5,8487.69708275795,0.1248
7.5,8488.715129375458,0.1248
7.5,8489.725718021393,0.1248
7.5,8490.739998102188,0.1248
7.5,8491.756090402603,0.1248
7.5,8492.769495248795,0.1248
7.5,8493.78029203415,0.1248
7.5,8495.792109489441,0.1248
7.5,8496.802963495255,0.1248
7.5,8497.81500530243,0.1248
7.5,8498.826574087143,0.1248
7.5,8499.837384462357,0.1248
7.5,8500.84366774559,0.1248
7.5,8501.85816693306,0.1248
7.5,8502.86944103241,0.1248
7.5,8503.877513170242,0.1248
7.5,8504.88838171959,0.1248
7.5,8505.892789125443,0.1248
7.5,8506.904595851898,0.1248
7.5,8507.915310621262,0.1248
7.5,8508.926421642303,0.1248
7.5,8509.937410831451,0.1248
7.5,8510.947865962982,0.1248
7.5,8511.958362817764,0.1248
7.5,8512.969671010971,0.1248
7.5,8513.980496168137,0.1248
7.5,8515.992614984512,0.1248
7.5,8516.998574018478,0.1248
7.5,8518.013200759888,0.1248
7.5,8519.024090051651,0.1248
7.5,8520.03831577301,0.1248
7.5,8521.048874855042,0.12389999999999998
7.5,8522.061799049377,0.1248
7.5,8523.068274736404,0.1248
7.5,8524.089095115662,0.1248
7.5,8525.10216999054,0.12389999999999998
7.5,8526.112849473953,0.12389999999999998
7.5,8527.124324798584,0.12389999999999998
7.5,8528.12526679039,0.12389999999999998
7.5,8529.126469373703,0.12389999999999998
7.5,8530.127221822739,0.12389999999999998
7.5,8531.127642154694,0.12389999999999998
7.5,8532.131954431534,0.12389999999999998
7.5,8533.132936239243,0.12389999999999998
7.5,8534.134570598602,0.12389999999999998
7.5,8536.135336637497,0.12389999999999998
7.5,8537.136093616486,0.12389999999999998
7.5,8538.136703252792,0.12389999999999998
7.5,8539.137155771255,0.12389999999999998
7.5,8540.137767791748,0.12389999999999998
7.5,8541.138456821442,0.12389999999999998
7.5,8542.139109134674,0.12389999999999998
7.5,8543.140075922012,0.12389999999999998
7.5,8544.140676259995,0.12389999999999998
7.5,8545.141512870789,0.12389999999999998
7.5,8546.142211437225,0.12389999999999998
7.5,8547.142764091492,0.12389999999999998
7.5,8548.144109487534,0.12389999999999998
7.5,8549.145138502121,0.12389999999999998
7.5,8550.14583659172,0.12389999999999998
7.5,8551.146993875504,0.12389999999999998
7.5,8552.14940571785,0.12389999999999998
7.5,8554.151424884796,0.12389999999999998
7.5,8555.152112483978,0.12389999999999998
7.5,8556.153416395187,0.12389999999999998
7.5,8557.161368846893,0.12389999999999998
7.5,8558.173173427582,0.12389999999999998
7.5,8559.18127989769,0.12389999999999998
7.5,8560.190309286118,0.12389999999999998
7.5,8561.204769134521,0.12389999999999998
7.5,8562.219403505325,0.12389999999999998
7.5,8563.23486328125,0.12389999999999998
7.5,8564.2617020607,0.12389999999999998
7.5,8565.277402162552,0.12389999999999998
7.5,8566.286349773407,0.12389999999999998
7.5,8567.287997722626,0.12389999999999998
7.5,8568.28984951973,0.12389999999999998
7.5,8569.291114330292,0.12389999999999998
7.5,8570.296659231186,0.12389999999999998
7.5,8571.29777765274,0.12389999999999998
7.5,8572.298845291138,0.12389999999999998
7.5,8574.299643993378,0.12389999999999998
7.5,8575.300626039505,0.12389999999999998
7.5,8576.301380634308,0.12389999999999998
7.5,8577.301833629608,0.12389999999999998
7.5,8578.302570343018,0.12389999999999998
7.5,8579.30358839035,0.12389999999999998
7.5,8580.30431509018,0.12389999999999998
7.5,8581.30507349968,0.12389999999999998
7.5,8582.305656909943,0.12389999999999998
7.5,8583.306470394135,0.12389999999999998
7.5,8584.306926250458,0.12389999999999998
7.5,8585.30746793747,0.12389999999999998
7.5,8586.308141946793,0.12389999999999998
7.5,8587.309074640274,0.12389999999999998
7.5,8588.310006380081,0.12389999999999998
7.5,8589.310958862305,0.12389999999999998
7.5,8590.31168627739,0.12389999999999998
7.5,8592.312661886215,0.12389999999999998
7.5,8593.314071178436,0.12389999999999998
7.5,8594.314990997314,0.12389999999999998
7.5,8595.315789937973,0.12389999999999998
7.5,8596.3165204525,0.12389999999999998
7.5,8597.316942930222,0.12389999999999998
7.5,8598.317606687546,0.12389999999999998
7.5,8599.318385601044,0.12389999999999998
7.5,8600.31934428215,0.12389999999999998
7.5,8601.320225715637,0.12389999999999998
7.5,8602.322710037231,0.12389999999999998
7.5,8603.323688983917,0.12389999999999998
7.5,8604.32521867752,0.12389999999999998
7.5,8605.3264169693,0.12389999999999998
7.5,8606.327041864395,0.12389999999999998
7.5,8607.32838511467,0.12389999999999998
7.5,8608.338450670242,0.12389999999999998
7.5,8610.34715461731,0.12389999999999998
7.5,8611.354698896408,0.12389999999999998
7.5,8612.363452196121,0.12389999999999998
7.5,8613.372647047043,0.12389999999999998
7.5,8614.38492178917,0.12389999999999998
7.5,8615.402922868729,0.12389999999999998
7.5,8616.42188835144,0.12389999999999998
7.5,8617.435802459717,0.12389999999999998
7.5,8618.452545642853,0.12389999999999998
7.5,8619.46980714798,0.12389999999999998
7.5,8620.482619047165,0.12389999999999998
7.5,8621.495987653732,0.12389999999999998
7.5,8622.499623298645,0.12389999999999998
7.5,8623.510868310928,0.12389999999999998
7.5,8624.514642238617,0.1248
7.5,8625.531996488571,0.1248
7.5,8626.542135715485,0.1248
7.5,8627.553761482239,0.1248
7.5,8628.561589956284,0.1248
7.5,8630.57882142067,0.1248
7.5,8631.592589378357,0.1248
7.5,8632.59508562088,0.1248
7.5,8633.605983495712,0.1248
7.5,8634.618018388748,0.1248
7.5,8635.62932562828,0.1248
7.5,8636.639880657196,0.1248
7.5,8637.650511026382,0.1248
7.5,8638.661573648453,0.1248
7.5,8639.672493457794,0.1248
7.5,8640.685230255127,0.1248
7.5,8641.698325157166,0.1248
7.5,8642.712653636932,0.1248
7.5,8643.726774215698,0.1248
7.5,8644.740166664124,0.1248
7.5,8645.750790596008,0.1248
7.5,8646.762053012848,0.1248
7.5,8647.77318406105,0.1248
7.5,8648.784326076508,0.1248
7.5,8650.795738458633,0.1248
7.5,8651.804721593857,0.1248
7.5,8652.817093610764,0.1248
7.5,8653.828025102615,0.1248
7.5,8654.834136009216,0.1248
7.5,8655.845427513123,0.1248
7.5,8656.855696439743,0.1248
7.5,8657.860892534256,0.1248
7.5,8658.872056245804,0.1248
7.5,8659.883561611176,0.1248
7.5,8660.889202356339,0.1248
7.5,8661.901007413864,0.1248
7.5,8662.912776470184,0.1248
7.5,8663.924069166183,0.1248
7.5,8664.935310602188,0.1248
7.5,8665.946574926376,0.1248
7.5,8666.96027302742,0.1248
7.5,8667.97148013115,0.1248
7.5,8668.982428312302,0.1248
7.5,8670.993887424469,0.1248
7.5,8672.004616975784,0.1248
7.5,8673.007107973099,0.1248
7.5,8674.015704393387,0.1248
7.5,8675.02727174759,0.1248
7.5,8676.038781166077,0.1248
7.5,8677.0495698452,0.1248
7.5,8678.054411649704,0.1248
7.5,8679.066133499146,0.1248
7.5,8680.076751470566,0.1248
7.5,8681.087924718857,0.1248
7.5,8682.099005699158,0.1248
7.5,8683.112035512924,0.1248
7.5,8684.130383491516,0.1248
7.5,8685.143582105637,0.1248
7.5,8686.15068936348,0.1248
7.5,8687.173819541931,0.1248
7.5,8688.180478334427,0.1248
7.5,8689.183297157288,0.1248
7.5,8691.19037771225,0.1248
7.5,8692.192685842514,0.1248
7.5,8693.195352077484,0.1248
7.5,8694.205164194107,0.1248
7.5,8695.208295583725,0.1248
7.5,8696.209520578384,0.1248
7.5,8697.214277982712,0.1248
7.5,8698.216994285583,0.1248
7.5,8699.217769384384,0.1248
7.5,8700.218429327011,0.1248
7.5,8701.219000816345,0.1248
7.5,8702.219762563705,0.1248
7.5,8703.220351219177,0.1248
7.5,8704.220893621445,0.1248
7.5,8705.221414089203,0.1248
7.5,8706.2220890522,0.1248
7.5,8707.222656011581,0.1248
7.5,8708.223368167877,0.1248
7.5,8709.224529981613,0.1248
7.5,8711.226371526718,0.1248
7.5,8712.227395772934,0.1248
7.5,8713.22911810875,0.1248
7.5,8714.230370998383,0.1248
7.5,8715.240359306335,0.1248
7.5,8716.24101638794,0.1248
7.5,8717.2495033741,0.1248
7.5,8718.25798201561,0.1248
7.5,8719.26694393158,0.1248
7.5,8720.280793190002,0.1248
7.5,8721.309528112411,0.1248
7.5,8722.312888145447,0.1248
7.5,8723.330730676651,0.1248
7.5,8724.332877397537,0.1248
7.5,8725.337261915207,0.1248
7.5,8726.347457647324,0.1248
7.5,8727.354943990707,0.1248
7.5,8729.356752634048,0.1248
7.5,8730.35757136345,0.1248
7.5,8731.358222484589,0.1248
7.5,8732.358906030655,0.1248
7.5,8733.359857082367,0.1248
7.5,8734.360293388367,0.1248
7.5,8735.361712217331,0.1248
7.5,8736.36206483841,0.1248
7.5,8737.362854003906,0.1248
7.5,8738.36335849762,0.1248
7.5,8739.363927841187,0.1248
7.5,8740.364665746689,0.1248
7.5,8741.365243434906,0.1248
7.5,8742.366180896759,0.1248
7.5,8743.366931438446,0.1248
7.5,8744.367496490479,0.1248
7.5,8745.367944478989,0.1248
7.5,8746.368395328522,0.1248
7.5,8747.368934869766,0.1248
7.5,8749.369859457016,0.1248
7.5,8750.37037730217,0.1248
7.5,8751.371012926102,0.1248
7.5,8752.371610403061,0.1248
7.5,8753.372339248657,0.1248
7.5,8754.37283205986,0.1248
7.5,8755.374042749405,0.1248
7.5,8756.374586105347,0.1248
7.5,8757.375137090683,0.1248
7.5,8758.37601351738,0.1248
7.5,8759.378094911575,0.1248
7.5,8760.380378961563,0.1248
7.5,8761.382668972015,0.1248
7.5,8762.383815526962,0.1248
7.5,8763.39308667183,0.1248
7.5,8764.403652191162,0.1248
7.5,8765.409663438797,0.1248
7.5,8767.420351266861,0.1248
7.5,8768.432743549347,0.1248
7.5,8769.44589471817,0.1248
7.5,8770.460446834564,0.1248
7.5,8771.478950500488,0.1248
7.5,8772.489291667938,0.1248
7.5,8773.493560314178,0.1248
7.5,8774.507498264313,0.1248
7.5,8775.527508497238,0.1248
7.5,8776.538294315338,0.1248
7.5,8777.54098367691,0.1248
7.5,8778.551971197128,0.1248
7.5,8779.571133852005,0.1248
7.5,8780.587268590927,0.1248
7.5,8781.60264635086,0.1248
7.5,8782.62044262886,0.1248
7.5,8783.63590836525,0.1248
7.5,8784.647666692734,0.1248
7.5,8785.659093618393,0.1248
7.5,8787.666701555252,0.1248
7.5,8788.678287744522,0.1248
7.5,8789.693657875061,0.1248
7.5,8790.705273866653,0.1248
7.5,8791.707462310791,0.1248
7.5,8792.728357076645,0.1248
7.5,8793.744116544724,0.1248
7.5,8794.75952243805,0.1248
7.5,8795.772686719894,0.1248
7.5,8796.786235570908,0.1248
7.5,8797.797655582428,0.1248
7.5,8798.808454990387,0.1248
7.5,8799.820833206177,0.1248
7.5,8800.826970100403,0.1248
7.5,8801.836735248566,0.1248
7.5,8802.839967489243,0.1248
7.5,8803.84222316742,0.1248
7.5,8804.850221157074,0.1248
7.5,8805.868768453598,0.1248
7.5,8807.882224559784,0.1248
7.5,8808.894258022308,0.1248
7.5,8809.907593250275,0.1248
7.5,8810.91918373108,0.1248
7.5,8811.929850578308,0.1248
7.5,8812.938026666641,0.1248
7.5,8813.949296236038,0.1248
7.5,8814.96144747734,0.1248
7.5,8815.97247171402,0.1248
7.5,8816.979367256165,0.1248
7.5,8817.987137079239,0.1248
7.5,8818.999848604202,0.1248
7.5,8820.001516342163,0.1248
7.5,8821.014235019684,0.1248
7.5,8822.030855178833,0.1248
7.5,8823.042411088943,0.1248
7.5,8824.05275940895,0.1248
7.5,8825.06687450409,0.1248
7.5,8826.077545881271,0.1248
7.5,8828.087307214737,0.1248
7.5,8829.097837686539,0.1248
7.5,8830.109053134918,0.1248
7.5,8831.119675397873,0.1248
7.5,8832.130625486374,0.1248
7.5,8833.135988235474,0.1248
7.5,8834.146090745926,0.1248
7.5,8835.158619642258,0.1248
7.5,8836.167476415634,0.1248
7.5,8837.184090137482,0.1248
7.5,8838.19496178627,0.1248
7.5,8839.205434322357,0.1248
7.5,8840.208784341812,0.1248
7.5,8841.224043607712,0.1248
7.5,8842.237099170685,0.1248
7.5,8843.248305559158,0.1248
7.5,8844.253799676895,0.1248
7.5,8845.273041009903,0.1248
7.5,8846.276526927948,0.1248
7.5,8848.284335136414,0.1248
7.5,8849.28638100624,0.1248
7.5,8850.293646097183,0.1248
7.5,8851.300117492676,0.1248
7.5,8852.302601337433,0.1248
7.5,8853.304688215256,0.1248
7.5,8854.309938192368,0.1248
7.5,8855.310729265213,0.1248
7.5,8856.311480045319,0.1248
7.5,8857.313691854477,0.1248
7.5,8858.314563274384,0.1248
7.5,8859.315224170685,0.1248
7.5,8860.316210746765,0.1248
7.5,8861.317536830902,0.1248
7.5,8862.318222522736,0.1248
7.5,8863.319129705429,0.1248
7.5,8864.320094108582,0.1248
7.5,8865.324843645096,0.1248
7.5,8866.325664520264,0.1248
7.5,8868.326632022858,0.1248
7.5,8869.327152490616,0.1248
7.5,8870.328210353851,0.1248
7.5,8871.328933000565,0.1248
7.5,8872.329565286636,0.1248
7.5,8873.330356121063,0.1248
7.5,8874.33152294159,0.1248
7.5,8875.332382440567,0.1248
7.5,8876.333487987518,0.1248
7.5,8877.334310531616,0.1248
7.5,8878.33489704132,0.1248
7.5,8879.335466384888,0.1248
7.5,8880.33651804924,0.1248
7.5,8881.33746433258,0.1248
7.5,8882.338614225388,0.1248
7.5,8883.340245008469,0.1248
7.5,8884.340970993042,0.1248
7.5,8886.34248161316,0.1248
7.5,8887.351696491241,0.1248
7.5,8888.35276389122,0.1248
7.5,8889.3537170887,0.1248
7.5,8890.36250782013,0.1248
7.5,8891.368673086166,0.1248
7.5,8892.376464128494,0.1248
7.5,8893.387009620667,0.1248
7.5,8894.397532463074,0.1248
7.5,8895.40858745575,0.1248
7.5,8896.413640022278,0.1248
7.5,8897.4383187294,0.1248
7.5,8898.455408334732,0.1248
7.5,8899.467389583588,0.1248
7.5,8900.469722270966,0.1248
7.5,8901.476973056793,0.1248
7.5,8902.47973227501,0.1248
7.5,8903.483364343643,0.1248
7.5,8905.496906280518,0.1248
7.5,8906.497495651245,0.1248
7.5,8907.498685359955,0.1248
7.5,8908.499111890793,0.1248
7.5,8909.499724388123,0.1248
7.5,8910.500435829163,0.1248
7.5,8911.501246929169,0.1248
7.5,8912.501858711243,0.1248
7.5,8913.502447605133,0.1248
7.5,8914.503243207932,0.1248
7.5,8915.503818511963,0.1248
7.5,8916.509074926376,0.1248
7.5,8917.509763717651,0.1248
7.5,8918.510655641556,0.1248
7.5,8919.512376308441,0.1248
7.5,8920.513573408127,0.1248
7.5,8921.520926237106,0.1248
7.5,8922.528676509857,0.1248
7.5,8923.537042617798,0.1248
7.5,8925.539408445358,0.1248
7.5,8926.549246788025,0.1248
7.5,8927.551028490067,0.1248
7.5,8928.564119815826,0.1248
7.5,8929.573718070984,0.1248
7.5,8930.58149933815,0.1248
7.5,8931.59402680397,0.1248
7.5,8932.606427192688,0.1248
7.5,8933.619082689285,0.1248
7.5,8934.624368190765,0.1248
7.5,8935.636274814606,0.1248
7.5,8936.648954629898,0.1248
7.5,8937.66089272499,0.1248
7.5,8938.675522089005,0.1248
7.5,8939.691959381104,0.1248
7.5,8940.70711183548,0.1248
7.5,8941.721264362335,0.1248
7.5,8942.737697124481,0.1248
7.5,8943.748461723328,0.1248
7.5,8945.762780427933,0.1248
7.5,8946.76883816719,0.1248
7.5,8947.788464546204,0.1248
7.5,8948.801176786423,0.1248
7.5,8949.813956737518,0.1248
7.5,8950.826956272125,0.1248
7.5,8951.840877056122,0.1248
7.5,8952.854095220566,0.1248
7.5,8953.867918729782,0.1248
7.5,8954.88798904419,0.1248
7.5,8955.899007797241,0.1248
7.5,8956.910350322723,0.1248
7.5,8957.92267036438,0.1248
7.5,8958.934192419052,0.1248
7.5,8959.943591356277,0.1248
7.5,8960.95677447319,0.1248
7.5,8961.967370271683,0.1248
7.5,8962.977860450745,0.1248
7.5,8963.990968465805,0.1248
7.5,8966.004906654358,0.1248
7.5,8967.023540019989,0.1248
7.5,8968.034700155258,0.1248
7.5,8969.04127073288,0.1248
7.5,8970.05356144905,0.1248
7.5,8971.058529376984,0.1248
7.5,8972.070087432861,0.1248
7.5,8973.082329273224,0.1248
7.5,8974.084852457047,0.1248
7.5,8975.09751534462,0.1248
7.5,8976.106567621231,0.1248
7.5,8977.116655826569,0.1248
7.5,8978.127323627472,0.1248
7.5,8979.131867170334,0.1248
7.5,8980.134550094604,0.1248
7.5,8981.139433145523,0.1248
7.5,8982.149799346924,0.1248
7.5,8983.166157722473,0.1248
7.5,8984.176910877228,0.1248
7.5,8986.18837928772,0.1248
7.5,8987.200623989105,0.1248
7.5,8988.21331334114,0.1248
7.5,8989.224334001541,0.1248
7.5,8990.235284805298,0.1248
7.5,8991.255047082901,0.1248
7.5,8992.265336751938,0.1248
7.5,8993.269080162048,0.1248
7.5,8994.284676551819,0.1248
7.5,8995.301826238632,0.1248
7.5,8996.313293933868,0.1248
7.5,8997.333094120026,0.1248
7.5,8998.362669944763,0.1248
7.5,8999.364193677902,0.1248
7.5,9000.365369319916,0.1248
7.5,9001.37277173996,0.1248
7.5,9002.373727798462,0.1248
7.5,9003.376133203506,0.1248
7.5,9004.377719163895,0.1248
7.5,9006.39408993721,0.1248
7.5,9007.395870923996,0.1248
7.5,9008.397533416748,0.1248
7.5,9009.398385286331,0.1248
7.5,9010.399075508118,0.1248
7.5,9011.39996600151,0.1248
7.5,9012.40386557579,0.1248
7.5,9013.404851436615,0.1248
7.5,9014.405393362045,0.1248
7.5,9015.406304121017,0.1248
7.5,9016.407020807266,0.1248
7.5,9017.40808749199,0.1248
7.5,9018.409111499786,0.1248
7.5,9019.410315036774,0.1248
7.5,9020.411101579666,0.1248
7.5,9021.411702156067,0.1248
7.5,9022.412848472595,0.12389999999999998
7.5,9023.413524627686,0.1248
7.5,9024.414306879044,0.12389999999999998
7.5,9026.415598630905,0.12389999999999998
7.5,9027.41621685028,0.12389999999999998
7.5,9028.416880846024,0.12389999999999998
7.5,9029.417943239212,0.12389999999999998
7.5,9030.419137954712,0.12389999999999998
7.5,9031.4196767807,0.12389999999999998
7.5,9032.420268058777,0.12389999999999998
7.5,9033.421147346497,0.12389999999999998
7.5,9034.421764850616,0.12389999999999998
7.5,9035.422570228577,0.12389999999999998
7.5,9036.423166751862,0.12389999999999998
7.5,9037.425322294235,0.12389999999999998
7.5,9038.42630147934,0.12389999999999998
7.5,9039.427767038345,0.12389999999999998
7.5,9040.428436040878,0.12389999999999998
7.5,9041.436656951904,0.12389999999999998
7.5,9042.437337875366,0.12389999999999998
7.5,9044.4460272789,0.12389999999999998
7.5,9045.453934907913,0.12389999999999998
7.5,9046.464376211166,0.12389999999999998
7.5,9047.474243879318,0.12389999999999998
7.5,9048.487319469452,0.12389999999999998
7.5,9049.511932373047,0.12389999999999998
7.5,9050.515992164612,0.12389999999999998
7.5,9051.52399802208,0.12389999999999998
7.5,9052.527677297592,0.12389999999999998
7.5,9053.5305185318,0.12389999999999998
7.5,9054.543752908707,0.12389999999999998
7.5,9055.548704147339,0.12389999999999998
7.5,9056.549216032028,0.12389999999999998
7.5,9057.549854755402,0.12389999999999998
7.5,9058.550673246384,0.12389999999999998
7.5,9059.551456212997,0.12389999999999998
7.5,9060.552086114883,0.12389999999999998
7.5,9061.553258419037,0.12389999999999998
7.5,9062.554035186768,0.12389999999999998
7.5,9064.554908514023,0.12389999999999998
7.5,9065.558690309525,0.12389999999999998
7.5,9066.559112548828,0.12389999999999998
7.5,9067.560210943222,0.12389999999999998
7.5,9068.561277627945,0.12389999999999998
7.5,9069.561905145645,0.12389999999999998
7.5,9070.56234741211,0.12389999999999998
7.5,9071.563107728958,0.12389999999999998
7.5,9072.563685655594,0.12389999999999998
7.5,9073.56478524208,0.12389999999999998
7.5,9074.565834522247,0.12389999999999998
7.5,9075.566375494003,0.12389999999999998
7.5,9076.566955804825,0.12389999999999998
7.5,9077.575395584106,0.12389999999999998
7.5,9078.575938940048,0.1248
7.5,9079.584713935852,0.12389999999999998
7.5,9080.590126752853,0.12389999999999998
7.5,9081.598322868347,0.1248
7.5,9083.608717441559,0.1248
7.5,9084.61270236969,0.1248
7.5,9085.628950595856,0.1248
7.5,9086.643608808517,0.1248
7.5,9087.656088352203,0.1248
7.5,9088.668569803238,0.1248
7.5,9089.673332929611,0.1248
7.5,9090.689085960388,0.1248
7.5,9091.71349811554,0.1248
7.5,9092.724784374237,0.1248
7.5,9093.736022472382,0.1248
7.5,9094.745300769806,0.12389999999999998
7.5,9095.757493019104,0.1248
7.5,9096.769612312317,0.1248
7.5,9097.782984495163,0.1248
7.5,9098.795978307724,0.1248
7.5,9099.810878276825,0.1248
7.5,9100.83213019371,0.1248
7.5,9101.84508061409,0.1248
7.5,9103.85136771202,0.1248
7.5,9104.864555358887,0.1248
7.5,9105.880458116531,0.1248
7.5,9106.885549545288,0.1248
7.5,9107.89814209938,0.1248
7.5,9108.911973714828,0.12389999999999998
7.5,9109.925577878952,0.1248
7.5,9110.939420461655,0.1248
7.5,9111.951748132706,0.12389999999999998
7.5,9112.964375972748,0.12389999999999998
7.5,9113.982669115067,0.12389999999999998
7.5,9114.995675563812,0.1248
7.5,9116.00317311287,0.1248
7.5,9117.018168926239,0.12389999999999998
7.5,9118.031103134155,0.1248
7.5,9119.041951417923,0.1248
7.5,9120.052940130234,0.1248
7.5,9121.064913511276,0.1248
7.5,9122.076942682266,0.1248
7.5,9124.090197086334,0.1248
7.5,9125.10091471672,0.12389999999999998
7.5,9126.11162018776,0.12389999999999998
7.5,9127.122499704361,0.12389999999999998
7.5,9128.133494615555,0.12389999999999998
7.5,9129.144467115402,0.12389999999999998
7.5,9130.15565943718,0.12389999999999998
7.5,9131.16563129425,0.12389999999999998
7.5,9132.1740193367,0.12389999999999998
7.5,9133.184466123581,0.12389999999999998
7.5,9134.187020540237,0.1248
7.5,9135.198340177536,0.1248
7.5,9136.204237222672,0.12389999999999998
7.5,9137.21523308754,0.12389999999999998
7.5,9138.227953672409,0.12389999999999998
7.5,9139.231940507889,0.1248
7.5,9140.241559028625,0.12389999999999998
7.5,9141.258038282394,0.12389999999999998
7.5,9142.267053842545,0.12389999999999998
7.5,9144.275053977966,0.12389999999999998
7.5,9145.288331985474,0.12389999999999998
7.5,9146.29451751709,0.12389999999999998
7.5,9147.308692216873,0.12389999999999998
7.5,9148.320296287537,0.12389999999999998
7.5,9149.332203865051,0.12389999999999998
7.5,9150.343933582306,0.12389999999999998
7.5,9151.354994535446,0.12389999999999998
7.5,9152.365795135498,0.12389999999999998
7.5,9153.369875907898,0.12389999999999998
7.5,9154.383363723755,0.1248
7.5,9155.39449429512,0.12389999999999998
7.5,9156.408343791962,0.1248
7.5,9157.418450832367,0.12389999999999998
7.5,9158.421252012253,0.1248
7.5,9159.44115281105,0.1248
7.5,9160.45356631279,0.1248
7.5,9161.4562458992,0.1248
7.5,9162.465328931808,0.1248
7.5,9164.473890066147,0.1248
7.5,9165.47564792633,0.1248
7.5,9166.47635436058,0.1248
7.5,9167.47733092308,0.1248
7.5,9168.477971076965,0.1248
7.5,9169.480597496033,0.1248
7.5,9170.481572389603,0.1248
7.5,9171.482419252396,0.1248
7.5,9172.483129262924,0.1248
7.5,9173.48394370079,0.1248
7.5,9174.484380483627,0.1248
7.5,9175.484929800034,0.1248
7.5,9176.485533237457,0.1248
7.5,9177.486852645874,0.1248
7.5,9178.487457036972,0.1248
7.5,9179.488166570663,0.1248
7.5,9180.48886346817,0.1248
7.5,9181.507848978043,0.1248
7.5,9182.510914564133,0.1248
7.5,9184.512623548508,0.1248
7.5,9185.520907878876,0.1248
7.5,9186.523002147675,0.1248
7.5,9187.53386092186,0.1248
7.5,9188.544431209564,0.1248
3.5,9189.545683145523,0.1248
3.5,9190.551995038986,0.1248
3.5,9191.576854467392,0.1248
3.5,9192.582535028458,0.1248
3.5,9193.592897415161,0.1248
3.5,9194.597063302994,0.1248
3.5,9195.610120296478,0.1248
3.5,9196.613723278046,0.1248
3.5,9197.614676713943,0.1248
3.5,9198.622830152512,0.1316
3.5,9199.62474322319,0.13069999999999998
3.5,9200.625351667404,0.1299
3.5,9201.626480579376,0.1248
3.5,9203.627224445343,0.12389999999999998
3.5,9204.627815961838,0.1229
3.5,9205.628551244736,0.12309999999999999
3.5,9206.629106283188,0.12309999999999999
3.5,9207.629629135132,0.12309999999999999
3.5,9208.630496025085,0.12309999999999999
3.5,9209.631029367447,0.12309999999999999
3.5,9210.632627487183,0.12309999999999999
3.5,9211.633354663849,0.12309999999999999
3.5,9212.635400772095,0.12309999999999999
3.5,9213.636793375015,0.12219999999999999
3.5,9214.637446641922,0.12139999999999998
3.5,9215.638088941574,0.1205
3.5,9216.63852930069,0.1195
3.5,9217.639385938644,0.1187
3.5,9218.639981985092,0.11779999999999999
3.5,9219.640590429306,0.11699999999999999
3.5,9221.641377210617,0.11609999999999998
3.5,9222.650435447693,0.1195
3.5,9223.651606559753,0.1195
3.5,9224.652161359787,0.1197
3.5,9225.660049438477,0.1197
3.5,9226.671589136124,0.1197
3.5,9227.682060956955,0.1197
3.5,9228.685817718506,0.1197
3.5,9229.69966340065,0.1153
3.5,9230.701855182648,0.1153
3.5,9231.703548431396,0.11439999999999999
3.5,9232.7198138237,0.11359999999999999
3.5,9233.73573923111,0.1127
3.5,9234.748733520508,0.10849999999999999
3.5,9235.765263080597,0.11189999999999999
3.5,9236.78164935112,0.11099999999999999
3.5,9237.798799991608,0.11019999999999999
3.5,9238.814243078232,0.11359999999999999
3.5,9240.817995071411,0.1127
3.5,9241.829558849335,0.10849999999999999
3.5,9242.845732688904,0.10849999999999999
3.5,9243.8627409935,0.10419999999999999
3.5,9244.880324363708,0.10419999999999999
3.5,9245.896884202957,0.10759999999999999
3.5,9246.912818431854,0.10759999999999999
3.5,9247.922847270966,0.10759999999999999
3.5,9248.939392328262,0.10759999999999999
3.5,9249.95611834526,0.10759999999999999
3.5,9250.969338417053,0.10759999999999999
3.5,9251.985878705978,0.10679999999999999
3.5,9253.003535985947,0.1066
3.5,9254.021173715591,0.1059
3.5,9255.040601968765,0.1093
3.5,9256.057658433914,0.10849999999999999
3.5,9257.076470136642,0.10319999999999999
3.5,9258.092254638672,0.10319999999999999
3.5,9259.10256409645,0.10229999999999999
3.5,9261.11985039711,0.1059
3.5,9262.131440639496,0.10149999999999999
3.5,9263.143632650375,0.09729999999999998
3.5,9264.162421703339,0.09729999999999998
3.5,9265.177493572235,0.09729999999999998
3.5,9266.191538095474,0.09729999999999998
3.5,9267.203467130661,0.09729999999999998
3.5,9268.219498872757,0.1006
3.5,9269.236726045609,0.1006
3.5,9270.242193222046,0.1006
3.5,9271.260617017746,0.1006
3.5,9272.278904438019,0.09639999999999999
3.5,9273.297304153442,0.09979999999999999
3.5,9274.314378499985,0.10319999999999999
3.5,9275.332307338715,0.09389999999999998
3.5,9276.338794231415,0.09389999999999998
3.5,9277.35629940033,0.09729999999999998
3.5,9278.372684717178,0.1006
3.5,9279.391881227493,0.09209999999999999
3.5,9281.409361839294,0.09559999999999999
3.5,9282.422937631607,0.09129999999999999
3.5,9283.433548688889,0.0904
3.5,9284.452059268951,0.0904
3.5,9285.46613907814,0.09469999999999999
3.5,9286.4998254776,0.09469999999999999
3.5,9287.515964269638,0.09469999999999999
3.5,9288.517552375793,0.09469999999999999
3.5,9289.531078338623,0.09889999999999999
3.5,9290.535111427307,0.09469999999999999
3.5,9291.542708396912,0.09469999999999999
3.5,9292.544575691223,0.0904
3.5,9293.545040845871,0.09389999999999998
3.5,9294.546059846878,0.09299999999999999
3.5,9295.546677827835,0.08789999999999999
3.5,9296.547241210938,0.09209999999999999
3.5,9297.54780626297,0.09559999999999999
3.5,9298.548292398453,0.08689999999999999
3.5,9299.549003839493,0.0904
3.5,9301.549861431122,0.0894
3.5,9302.55971622467,0.0896
3.5,9303.56096458435,0.0896
3.5,9304.561580896378,0.0896
3.5,9305.562336921692,0.0896
3.5,9306.562762498856,0.0894
3.5,9307.563512325287,0.0894
3.5,9308.564435243607,0.08089999999999999
3.5,9309.569457769394,0.08089999999999999
3.5,9310.571503639221,0.08089999999999999
3.5,9311.579394340515,0.0887
3.5,9312.590627670288,0.0801
3.5,9313.599320173264,0.08789999999999999
3.5,9314.605854988098,0.0835
3.5,9315.624659538269,0.08689999999999999
3.5,9316.639397621155,0.0835
3.5,9317.657002449036,0.0818
3.5,9318.688740491867,0.08089999999999999
3.5,9320.69294309616,0.08089999999999999
3.5,9321.735517501831,0.0801
3.5,9322.736619710922,0.0801
3.5,9323.737039089203,0.0801
3.5,9324.73784995079,0.0801
3.5,9325.738576173782,0.0801
3.5,9326.739396333694,0.0801
3.5,9327.740139722824,0.0801
3.5,9328.740875959396,0.0801
3.5,9329.74135684967,0.0801
3.5,9330.742083311081,0.0801
3.5,9331.745758771896,0.07919999999999998
3.5,9332.748176813126,0.07919999999999998
3.5,9333.749026298523,0.0826
3.5,9334.750088214874,0.07839999999999998
3.5,9335.751049995422,0.0818
3.5,9336.75160741806,0.07749999999999999
3.5,9337.752136945724,0.08089999999999999
3.5,9338.752754449844,0.07579999999999998
3.5,9340.753759622574,0.0801
3.5,9341.767518758774,0.07579999999999998
3.5,9342.778319597244,0.07579999999999998
3.5,9343.785516738892,0.07579999999999998
3.5,9344.796465873718,0.07579999999999998
3.5,9345.806554794312,0.07579999999999998
3.5,9346.819117069244,0.07579999999999998
3.5,9347.836645841599,0.07159999999999998
3.5,9348.839943408966,0.07499999999999998
3.5,9349.858622312546,0.07499999999999998
3.5,9350.873004436493,0.07919999999999998
3.5,9351.879922151566,0.07499999999999998
3.5,9352.882298469543,0.07839999999999998
3.5,9353.900523662567,0.07409999999999999
3.5,9354.912586688995,0.07749999999999999
3.5,9355.92918419838,0.07329999999999999
3.5,9356.945890426636,0.07669999999999999
3.5,9357.961650848389,0.07239999999999999
3.5,9359.964334249496,0.07579999999999998
3.5,9360.978011131287,0.07159999999999998
3.5,9361.9956240654,0.07159999999999998
3.5,9363.0126953125,0.07159999999999998
3.5,9364.025432348251,0.07139999999999999
3.5,9365.031305074692,0.07159999999999998
3.5,9366.049978494644,0.07159999999999998
3.5,9367.06837797165,0.07159999999999998
3.5,9368.087812662125,0.07139999999999999
3.5,9369.10568356514,0.07139999999999999
3.5,9370.121690034866,0.0672
3.5,9371.136492967606,0.07499999999999998
3.5,9372.153788805008,0.0663
3.5,9373.171434164047,0.07409999999999999
3.5,9374.189461946487,0.06969999999999998
3.5,9375.206446886063,0.07329999999999999
3.5,9376.221578598022,0.06889999999999999
3.5,9377.239074230194,0.07239999999999999
3.5,9378.253371953964,0.06799999999999999
3.5,9380.271594524384,0.0672
3.5,9381.284476995468,0.07159999999999998
3.5,9382.292942762375,0.07139999999999999
3.5,9383.304836034775,0.07139999999999999
3.5,9384.323408126831,0.07159999999999998
3.5,9385.341479539871,0.07139999999999999
3.5,9386.358434677124,0.07139999999999999
3.5,9387.37520122528,0.07159999999999998
3.5,9388.394119262695,0.07139999999999999
3.5,9389.413836717606,0.0672
3.5,9390.431048631668,0.0672
3.5,9391.449191093445,0.0663
3.5,9392.46592783928,0.07069999999999999
3.5,9393.482050418854,0.06549999999999999
3.5,9394.496806383133,0.06969999999999998
3.5,9395.513900995255,0.06119999999999999
3.5,9396.542711734772,0.06899999999999999
3.5,9397.551393985748,0.06459999999999999
3.5,9398.555476665497,0.06799999999999999
3.5,9400.569394350052,0.0638
3.5,9401.570819854736,0.0595
3.5,9402.578278541565,0.0595
3.5,9403.579607486725,0.0595
3.5,9404.580466985703,0.0595
3.5,9405.58100771904,0.0595
3.5,9406.581668376923,0.0595
3.5,9407.582139492035,0.0595
3.5,9408.583029031754,0.0595
3.5,9409.583735466003,0.0629
3.5,9410.588525295258,0.0629
3.5,9411.589510202408,0.0672
3.5,9412.590715169907,0.05869999999999999
3.5,9413.591171979904,0.0663
3.5,9414.592543363571,0.06209999999999999
3.5,9415.593512296677,0.06119999999999999
3.5,9416.594274044037,0.06549999999999999
3.5,9417.595001220703,0.060399999999999995
3.5,9418.595554828644,0.06459999999999999
3.5,9420.596612215042,0.06459999999999999
3.5,9421.605791330338,0.060399999999999995
3.5,9422.606471776962,0.0595
3.5,9423.607352495193,0.0595
3.5,9424.609293699265,0.0595
3.5,9425.609847307205,0.0595
3.5,9426.623518705368,0.0595
3.5,9427.635933160782,0.0595
3.5,9428.650247812271,0.0595
3.5,9429.664694547653,0.0595
3.5,9430.681874752045,0.0638
3.5,9431.698378562927,0.0595
3.5,9432.731483697891,0.0629
3.5,9433.73496389389,0.0629
3.5,9434.740243911743,0.05779999999999999
3.5,9435.74964094162,0.06209999999999999
3.5,9436.751125335693,0.06209999999999999
3.5,9438.758516311646,0.056999999999999995
3.5,9439.767405986786,0.06119999999999999
3.5,9440.771027088165,0.06119999999999999
3.5,9441.773063659668,0.06119999999999999
3.5,9442.778878211975,0.06119999999999999
3.5,9443.780286550522,0.06119999999999999
3.5,9444.780976295471,0.06119999999999999
3.5,9445.78137087822,0.06119999999999999
3.5,9446.781895160675,0.06119999999999999
3.5,9447.78252863884,0.06119999999999999
3.5,9448.783026695251,0.06119999999999999
3.5,9449.784182548523,0.056999999999999995
3.5,9450.78499007225,0.060399999999999995
3.5,9451.78627705574,0.060399999999999995
3.5,9452.787796020508,0.051699999999999996
3.5,9453.788510799408,0.0595
3.5,9454.789944648743,0.0595
3.5,9455.790761470795,0.050799999999999984
3.5,9457.792470693588,0.05869999999999999
3.5,9458.793619394302,0.05869999999999999
3.5,9459.794121980667,0.05869999999999999
3.5,9460.79472064972,0.05869999999999999
3.5,9461.7953042984,0.05869999999999999
3.5,9462.796573877335,0.05869999999999999
3.5,9463.802037000656,0.05869999999999999
3.5,9464.803802013397,0.05869999999999999
3.5,9465.804653644562,0.05869999999999999
3.5,9466.806448221207,0.05869999999999999
3.5,9467.807486057281,0.05339999999999999
3.5,9468.808174610138,0.05779999999999999
3.5,9469.80893111229,0.05779999999999999
3.5,9470.821674108505,0.05339999999999999
3.5,9471.828690290451,0.05249999999999999
3.5,9472.840223550797,0.056999999999999995
3.5,9473.842276096344,0.0527
3.5,9475.857519865036,0.048099999999999976
3.5,9476.873737335205,0.051699999999999996
3.5,9477.890445947647,0.051699999999999996
3.5,9478.906131029129,0.0561
3.5,9479.922882080078,0.0561
3.5,9480.939624547958,0.0561
3.5,9481.963520050049,0.0561
3.5,9482.978112697601,0.0561
3.5,9483.994893312454,0.0561
3.5,9485.015304088593,0.0561
3.5,9486.026827335358,0.0561
3.5,9487.044735431671,0.051699999999999996
3.5,9488.054233789444,0.0474
3.5,9489.07332277298,0.0553
3.5,9490.09120965004,0.050799999999999984
3.5,9491.113408327103,0.046599999999999975
3.5,9492.13328385353,0.054400000000000004
3.5,9493.145037412643,0.054400000000000004
3.5,9494.154838562012,0.04999999999999999
3.5,9496.171414375305,0.04909999999999998
3.5,9497.18068742752,0.05339999999999999
3.5,9498.196763277054,0.05339999999999999
3.5,9499.212601661682,0.053599999999999995
3.5,9500.228840112686,0.053599999999999995
3.5,9501.244901418686,0.053599999999999995
3.5,9502.251472473145,0.05339999999999999
3.5,9503.269747018814,0.053599999999999995
3.5,9504.286266803741,0.05339999999999999
3.5,9505.303565740585,0.053599999999999995
3.5,9506.319395065308,0.05339999999999999
3.5,9507.33445096016,0.05339999999999999
3.5,9508.35116314888,0.04909999999999998
3.5,9509.366404533386,0.04829999999999998
3.5,9510.383611440659,0.05249999999999999
3.5,9511.400583028793,0.05249999999999999
3.5,9512.417996883392,0.04829999999999998
3.5,9513.433505296707,0.0474
3.5,9514.447942495346,0.051699999999999996
3.5,9516.46476483345,0.0474
3.5,9517.477752447128,0.0474
3.5,9518.496757268906,0.04680000000000001
3.5,9519.514404773712,0.046599999999999975
3.5,9520.530685186386,0.04680000000000001
3.5,9521.547795295715,0.046599999999999975
3.5,9522.564319849014,0.04680000000000001
3.5,9523.598469734192,0.04680000000000001
3.5,9524.60261631012,0.04319999999999999
3.5,9525.61411690712,0.04319999999999999
3.5,9526.618295669556,0.04319999999999999
3.5,9527.627541542053,0.046599999999999975
3.5,9528.633462429047,0.050799999999999984
3.5,9529.637066602707,0.046599999999999975
3.5,9530.642887592316,0.038099999999999995
3.5,9531.644173145294,0.04569999999999999
3.5,9532.645270347595,0.04999999999999999
3.5,9533.645990848541,0.04949999999999999
3.5,9534.64686703682,0.04569999999999999
3.5,9536.648050546646,0.044899999999999995
3.5,9537.657965183258,0.04909999999999998
3.5,9538.65966796875,0.04909999999999998
3.5,9539.660620212555,0.04909999999999998
3.5,9540.662029743195,0.04909999999999998
3.5,9541.666534423828,0.04909999999999998
3.5,9542.667184829712,0.04909999999999998
3.5,9543.667894124985,0.04909999999999998
3.5,9544.668900728226,0.04909999999999998
3.5,9545.678108215332,0.04909999999999998
3.5,9546.680827856064,0.04909999999999998
3.5,9547.681411981583,0.04829999999999998
3.5,9548.69008398056,0.044899999999999995
3.5,9549.700748443604,0.043999999999999984
3.5,9550.712878227234,0.04829999999999998
3.5,9551.732419967651,0.04829999999999998
3.5,9552.748012065887,0.043999999999999984
3.5,9554.764003753662,0.043999999999999984
3.5,9555.793867111206,0.0398
3.5,9556.79924917221,0.0398
3.5,9557.80765247345,0.0398
3.5,9558.81166934967,0.0398
3.5,9559.81430721283,0.0398
3.5,9560.816139936447,0.0398
3.5,9561.829641342163,0.0398
3.5,9562.832637548447,0.0398
3.5,9563.837232112885,0.0398
3.5,9564.841292381287,0.0398
3.5,9565.84289765358,0.04319999999999999
3.5,9566.843588590622,0.0474
3.5,9567.8442902565,0.0474
3.5,9568.844936609268,0.0474
3.5,9569.845499277115,0.0474
3.5,9570.84604048729,0.0474
3.5,9571.846630334854,0.0474
3.5,9572.847700119019,0.0474
3.5,9574.849431276321,0.0474
3.5,9575.850717782974,0.0474
3.5,9576.851551771164,0.04680000000000001
3.5,9577.852117538452,0.04680000000000001
3.5,9578.854010343552,0.04680000000000001
3.5,9579.854609012604,0.04680000000000001
3.5,9580.855560541153,0.04680000000000001
3.5,9581.856485128403,0.0406
3.5,9582.856939077377,0.04680000000000001
3.5,9583.857589960098,0.046599999999999975
3.5,9584.857993602753,0.0474
3.5,9585.858994483948,0.0474
3.5,9586.860622167587,0.0474
3.5,9587.861784219742,0.0474
3.5,9588.862656593323,0.0474
3.5,9589.863696813583,0.0474
3.5,9590.864336252213,0.0474
3.5,9592.865210294724,0.0474
3.5,9593.874040842056,0.0474
3.5,9594.886319160461,0.0471
3.5,9595.894936323166,0.04680000000000001
3.5,9596.903279542923,0.04680000000000001
3.5,9597.91842341423,0.046599999999999975
3.5,9598.93500494957,0.046599999999999975
3.5,9599.953171730042,0.0406
3.5,9600.965348482132,0.04680000000000001
3.5,9601.985259771347,0.04680000000000001
3.5,9603.002990961075,0.0406
3.5,9604.020650625229,0.0474
3.5,9605.038457870483,0.0406
3.5,9606.04579782486,0.0406
3.5,9607.060796499252,0.04319999999999999
3.5,9608.076216459274,0.0474
3.5,9609.0936794281,0.0474
3.5,9610.11058807373,0.0474
3.5,9612.127356767654,0.0474
3.5,9613.140659809113,0.0474
3.5,9614.15800023079,0.04680000000000001
3.5,9615.175635814667,0.04680000000000001
3.5,9616.191160440445,0.04680000000000001
3.5,9617.207802534103,0.04680000000000001
3.5,9618.224875211716,0.04680000000000001
3.5,9619.228726863861,0.04680000000000001
3.5,9620.24798321724,0.04680000000000001
3.5,9621.254424571991,0.04680000000000001
3.5,9622.275314092636,0.0474
3.5,9623.291027069092,0.0474
3.5,9624.309489011765,0.0474
3.5,9625.327377557755,0.0474
3.5,9626.345944166183,0.0474
3.5,9627.360396385193,0.0474
3.5,9628.377732038498,0.0474
3.5,9629.395469427109,0.0474
3.5,9630.414613962173,0.0474
3.5,9632.435409069061,0.0474
3.5,9633.446962594986,0.0474
3.5,9634.46406698227,0.04680000000000001
3.5,9635.482038021088,0.04680000000000001
3.5,9636.500091075897,0.04680000000000001
3.5,9637.520938396454,0.046599999999999975
3.5,9638.536232709885,0.046599999999999975
3.5,9639.552812099457,0.04680000000000001
3.5,9640.569360017776,0.046599999999999975
3.5,9641.586612462997,0.046599999999999975
3.5,9642.602035045624,0.0474
3.5,9643.607957601547,0.0474
3.5,9644.641022205353,0.0474
3.5,9645.646288871765,0.0474
3.5,9646.661441326141,0.0474
3.5,9647.66450881958,0.0474
3.5,9648.67378783226,0.0474
3.5,9649.67653131485,0.0474
3.5,9650.678609132767,0.0474
3.5,9652.685775756836,0.0474
3.5,9653.687792778015,0.0474
3.5,9654.689972162247,0.04680000000000001
3.5,9655.691458702087,0.04680000000000001
3.5,9656.692090034485,0.046599999999999975
3.5,9657.69262623787,0.046599999999999975
3.5,9658.693049430847,0.046599999999999975
3.5,9659.693933486938,0.04680000000000001
3.5,9660.694489002228,0.046599999999999975
3.5,9661.695272684097,0.046599999999999975
3.5,9662.69603729248,0.0474
3.5,9663.696503400803,0.0474
3.5,9664.697003364563,0.0474
3.5,9665.697889566422,0.0474
3.5,9666.699110984802,0.0474
3.5,9667.701567649841,0.0474
3.5,9668.702704668045,0.0474
3.5,9670.704248428345,0.0474
3.5,9671.715725898743,0.0474
3.5,9672.71868801117,0.0471
3.5,9673.720033407211,0.04680000000000001
3.5,9674.721373081207,0.046599999999999975
3.5,9675.724485397339,0.046599999999999975
3.5,9676.725000619888,0.04680000000000001
3.5,9677.735561847687,0.046599999999999975
3.5,9678.743170976639,0.04680000000000001
3.5,9679.749274253845,0.046599999999999975
3.5,9680.75952744484,0.0474
3.5,9681.775133371353,0.0474
3.5,9682.790979146957,0.0474
3.5,9683.806594848633,0.0474
3.5,9684.83635020256,0.0474
3.5,9685.844769001007,0.0474
3.5,9686.855521202087,0.0474
3.5,9687.857340812683,0.0474
3.5,9689.86053776741,0.0474
3.5,9690.871342658997,0.0474
3.5,9691.872812747955,0.04680000000000001
3.5,9692.873746156693,0.04680000000000001
3.5,9693.878192663193,0.04680000000000001
3.5,9694.881784439087,0.04680000000000001
3.5,9695.88611650467,0.04680000000000001
3.5,9696.887619256973,0.04680000000000001
3.5,9697.88896203041,0.04680000000000001
3.5,9698.889642477036,0.046599999999999975
3.5,9699.890459537506,0.0474
3.5,9700.891752004623,0.0474
3.5,9701.892703533173,0.0474
3.5,9702.893499135971,0.0474
3.5,9703.894139528275,0.0474
3.5,9704.89539384842,0.0474
3.5,9705.896822929382,0.0474
3.5,9706.897678375244,0.0474
3.5,9708.898611783981,0.0474
3.5,9709.900360822678,0.0474
3.5,9710.900912761688,0.04680000000000001
3.5,9711.901878595352,0.046599999999999975
3.5,9712.903222560883,0.04680000000000001
3.5,9713.90386891365,0.046599999999999975
3.5,9714.905549764633,0.046599999999999975
3.5,9715.906811714172,0.04680000000000001
3.5,9716.907387018204,0.046599999999999975
3.5,9717.908173561096,0.04680000000000001
3.5,9718.908586502075,0.0474
3.5,9719.909008264542,0.0474
3.5,9720.90999507904,0.0474
3.5,9721.911376476288,0.0474
3.5,9722.912574529648,0.0474
3.5,9723.913572072983,0.0474
3.5,9724.916853189468,0.0474
3.5,9726.92002916336,0.0474
3.5,9727.928520202637,0.0474
3.5,9728.940505027771,0.0469
3.5,9729.95440864563,0.04680000000000001
3.5,9730.956696987152,0.046599999999999975
3.5,9731.97258424759,0.046599999999999975
3.5,9732.981748819351,0.046599999999999975
3.5,9733.99216413498,0.04680000000000001
3.5,9735.005845546722,0.04680000000000001
3.5,9736.026811122894,0.04680000000000001
3.5,9737.04010295868,0.0474
3.5,9738.056579113007,0.0474
3.5,9739.073807954788,0.0474
3.5,9740.09151005745,0.0474
3.5,9741.108775615692,0.0474
3.5,9742.12577366829,0.0474
3.5,9743.144541740417,0.0474
3.5,9744.162553787231,0.0474
3.5,9745.180924415588,0.0474
3.5,9747.192282676697,0.0474
3.5,9748.208404302597,0.0474
3.5,9749.21592593193,0.04680000000000001
3.5,9750.233404874802,0.04680000000000001
3.5,9751.250588417053,0.04680000000000001
3.5,9752.26604270935,0.04680000000000001
3.5,9753.285266160965,0.04680000000000001
3.5,9754.301496744156,0.04680000000000001
3.5,9755.30355334282,0.046599999999999975
3.5,9756.3171916008,0.046599999999999975
3.5,9757.336169242859,0.0474
3.5,9758.353563308716,0.0474
3.5,9759.37130522728,0.0474
3.5,9760.388524532318,0.0474
3.5,9761.405748605728,0.0474
3.5,9762.426067590714,0.0474
3.5,9763.442199230194,0.0474
3.5,9764.454679727554,0.0474
3.5,9765.474359035492,0.0474
3.5,9767.492645025253,0.0474
3.5,9768.495474815369,0.0474
3.5,9769.509553432465,0.046599999999999975
3.5,9770.51174211502,0.046599999999999975
3.5,9771.531921863556,0.04680000000000001
3.5,9772.549555778503,0.04680000000000001
3.5,9773.565848827362,0.046599999999999975
3.5,9774.581856012344,0.04680000000000001
3.5,9775.604567527771,0.04680000000000001
3.5,9776.61238360405,0.046599999999999975
3.5,9777.631385087967,0.0474
3.5,9778.647032737732,0.0474
3.5,9779.66745710373,0.0474
3.5,9780.704780101776,0.0474
3.5,9781.721890211105,0.0474
3.5,9782.73642873764,0.0474
3.5,9783.743529558182,0.0474
3.5,9784.748643398285,0.0474
3.5,9785.75008392334,0.0474
3.5,9787.750761508942,0.0474
3.5,9788.760483503342,0.0474
3.5,9789.76335644722,0.046599999999999975
3.5,9790.765664815903,0.046599999999999975
3.5,9791.76653122902,0.04680000000000001
3.5,9792.768513917923,0.04680000000000001
3.5,9793.769711256027,0.04680000000000001
3.5,9794.771404266357,0.04680000000000001
3.5,9795.772389650345,0.046599999999999975
3.5,9796.782429933548,0.04680000000000001
3.5,9797.78969335556,0.0474
3.5,9798.801396846771,0.0474
3.5,9799.815082788467,0.0474
3.5,9800.831723928452,0.0474
3.5,9801.847719669342,0.0474
3.5,9802.862793207169,0.0474
3.5,9803.897524356842,0.0474
3.5,9805.908547878265,0.0474
3.5,9806.909059524536,0.0474
3.5,9807.914132118225,0.0471
3.5,9808.916277170181,0.046599999999999975
3.5,9809.931153059006,0.046599999999999975
3.5,9810.941881895065,0.046599999999999975
3.5,9811.9429397583,0.04680000000000001
3.5,9812.943426132202,0.04680000000000001
3.5,9813.94413971901,0.04680000000000001
3.5,9814.944620847702,0.04680000000000001
3.5,9815.945149421692,0.0474
3.5,9816.945751428604,0.0474
3.5,9817.966661453247,0.0474
3.5,9818.968577384949,0.0474
3.5,9819.979346990585,0.0474
3.5,9820.991229772568,0.0474
3.5,9821.999532938004,0.0474
3.5,9823.011130809784,0.0474
3.5,9824.025784730911,0.0474
3.5,9826.041742801666,0.0474
3.5,9827.055098295212,0.0474
3.5,9828.074512958527,0.04680000000000001
3.5,9829.09211730957,0.04680000000000001
3.5,9830.110463142395,0.04680000000000001
3.5,9831.127800226212,0.04680000000000001
3.5,9832.145258665085,0.04680000000000001
3.5,9833.164120674133,0.04680000000000001
3.5,9834.181443929672,0.04680000000000001
3.5,9835.1986079216,0.04680000000000001
3.5,9836.21625328064,0.0474
3.5,9837.221529006958,0.0474
3.5,9838.240731239319,0.0474
3.5,9839.243295907974,0.0474
3.5,9840.265567064285,0.0474
3.5,9841.272016048431,0.0474
3.5,9842.290293931961,0.0474
3.5,9843.307059049606,0.0474
3.5,9844.32371020317,0.0474
3.5,9846.330394268036,0.0474
3.5,9847.342381238937,0.0474
3.5,9848.357738018036,0.04680000000000001
3.5,9849.37404179573,0.04680000000000001
3.5,9850.391508102417,0.04680000000000001
3.5,9851.408965587616,0.046599999999999975
3.5,9852.426645040512,0.04680000000000001
3.5,9853.443005084991,0.046599999999999975
3.5,9854.460802078247,0.04680000000000001
3.5,9855.477618932724,0.04680000000000001
3.5,9856.497549772263,0.0474
3.5,9857.514585971832,0.0474
3.5,9858.53118443489,0.0474
3.5,9859.54931139946,0.0474
3.5,9860.567575931549,0.0474
3.5,9861.580120563507,0.0474
3.5,9862.582068681717,0.0474
3.5,9863.599312543869,0.0474
3.5,9864.617380857468,0.0474
3.5,9866.6347053051,0.0474
3.5,9867.65029668808,0.0474
3.5,9868.673249959946,0.046599999999999975
3.5,9869.690959215164,0.04680000000000001
3.5,9870.709723711014,0.04680000000000001
3.5,9871.735106229782,0.046599999999999975
3.5,9872.743447303772,0.04680000000000001
3.5,9873.75213098526,0.046599999999999975
3.5,9874.760689973831,0.04680000000000001
3.5,9875.765011548996,0.04680000000000001
3.5,9876.767585039139,0.0474
3.5,9877.773525714874,0.0474
3.5,9878.777943849564,0.0474
3.5,9879.779084682465,0.0474
3.5,9880.779860496521,0.0474
3.5,9881.781786680222,0.0474
3.5,9882.78324842453,0.0474
3.5,9883.784622430801,0.0474
3.5,9884.78526878357,0.0474
3.5,9886.785817623138,0.0474
3.5,9887.796448946,0.0474
3.5,9888.797107458115,0.04680000000000001
3.5,9889.79787349701,0.04680000000000001
3.5,9890.79911327362,0.046599999999999975
3.5,9891.799791812897,0.04680000000000001
3.5,9892.800520896912,0.046599999999999975
3.5,9893.80106639862,0.04680000000000001
3.5,9894.801645994186,0.04680000000000001
3.5,9895.80214047432,0.04680000000000001
3.5,9896.802871704102,0.0474
3.5,9897.803674221039,0.0474
3.5,9898.804076910019,0.0474
3.5,9899.80459356308,0.0474
3.5,9900.805316925049,0.0474
3.5,9901.807819128036,0.0474
3.5,9902.811646461487,0.0474
3.5,9904.821055173874,0.0474
3.5,9905.831018686295,0.0474
3.5,9906.838123559952,0.0471
3.5,9907.851571321487,0.04680000000000001
3.5,9908.858112096786,0.04680000000000001
3.5,9909.876646757126,0.04680000000000001
3.5,9910.878550767899,0.046599999999999975
3.5,9911.894929409027,0.04680000000000001
3.5,9912.897097110748,0.04680000000000001
3.5,9913.931886672974,0.04680000000000001
3.5,9914.949598550797,0.0474
3.5,9915.951701164246,0.0474
3.5,9916.955536365509,0.0474
3.5,9917.95781326294,0.0474
3.5,9918.965319633484,0.0474
3.5,9919.966916799545,0.0474
3.5,9920.972609043121,0.0474
3.5,9921.979513645172,0.0474
3.5,9923.981412410736,0.0474
3.5,9924.982266664505,0.0474
3.5,9925.983765125275,0.04680000000000001
3.5,9926.985297679901,0.04680000000000001
3.5,9927.98648238182,0.046599999999999975
3.5,9928.987304210663,0.04680000000000001
3.5,9929.987925291061,0.046599999999999975
3.5,9930.989519357681,0.04680000000000001
3.5,9931.990065574646,0.04680000000000001
3.5,9932.9907913208,0.046599999999999975
3.5,9933.991465330124,0.0474
3.5,9934.991991758347,0.0474
3.5,9935.992975711823,0.0474
3.5,9936.993474721909,0.0474
3.5,9937.99449300766,0.0474
3.5,9938.996134757996,0.0474
3.5,9939.99833393097,0.0474
3.5,9941.99940419197,0.0474
3.5,9942.999900579453,0.0474
3.5,9944.000448465347,0.0471
3.5,9945.001612186432,0.04680000000000001
3.5,9946.002425670624,0.046599999999999975
3.5,9947.003192186356,0.04680000000000001
3.5,9948.003715991974,0.04680000000000001
3.5,9949.00422167778,0.04680000000000001
3.5,9950.005373001099,0.04680000000000001
3.5,9951.006426811218,0.04680000000000001
3.5,9952.007440805435,0.0474
3.5,9953.008939027786,0.0474
3.5,9954.011801719666,0.0474
3.5,9955.013125419617,0.0474
3.5,9956.020922422409,0.0474
3.5,9957.03323507309,0.0474
3.5,9958.044617652893,0.0474
3.5,9960.054445505142,0.0474
3.5,9961.073741674423,0.0474
3.5,9962.088780403137,0.0471
3.5,9963.105675697327,0.046599999999999975
3.5,9964.12824845314,0.04680000000000001
3.5,9965.144986867905,0.04680000000000001
3.5,9966.16235280037,0.04680000000000001
3.5,9967.179650306702,0.046599999999999975
3.5,9968.196569681168,0.04680000000000001
3.5,9969.215092420578,0.04680000000000001
3.5,9970.234545946121,0.0474
3.5,9971.249673843384,0.0474
3.5,9972.266722917557,0.0474
3.5,9973.285547018051,0.0474
3.5,9974.300975561142,0.0474
3.5,9975.325179576874,0.0474
3.5,9976.342129468918,0.0474
3.5,9977.344354391098,0.0474
3.5,9978.350959300995,0.0474
3.5,9980.365728378296,0.0474
3.5,9981.374185085297,0.0474
3.5,9982.39133644104,0.04680000000000001
3.5,9983.407820940018,0.04680000000000001
3.5,9984.42386007309,0.04680000000000001
3.5,9985.437257528305,0.04680000000000001
3.5,9986.456432819366,0.04680000000000001
3.5,9987.474121570587,0.046599999999999975
3.5,9988.491574287415,0.04680000000000001
3.5,9989.506003856659,0.04680000000000001
3.5,9990.52284169197,0.0474
3.5,9991.536808252335,0.0474
3.5,9992.539358615875,0.0474
3.5,9993.552205562592,0.0474
3.5,9994.571591377258,0.0474
3.5,9995.589607000351,0.0474
3.5,9996.60535788536,0.0474
3.5,9997.620535850525,0.0474
3.5,9998.62329530716,0.0474
3.5,10000.643422842026,0.0474
3.5,10001.654624938965,0.0474
3.5,10002.673318386078,0.04680000000000001
3.5,10003.682056188583,0.04680000000000001
3.5,10004.699969291687,0.046599999999999975
3.5,10005.713785171509,0.04680000000000001
3.5,10006.731197595596,0.04680000000000001
3.5,10007.747066736221,0.04680000000000001
3.5,10008.760850429535,0.04680000000000001
3.5,10009.793184757233,0.046599999999999975
3.5,10010.806260585785,0.0474
3.5,10011.811106443405,0.0474
3.5,10012.819620609283,0.0474
3.5,10013.826593875885,0.0474
3.5,10014.832741498947,0.0474
3.5,10015.83438706398,0.0474
3.5,10016.834931135178,0.0474
3.5,10017.8362762928,0.0474
3.5,10018.837540864944,0.0474
3.5,10020.838641643524,0.0474
3.5,10021.848055124283,0.0474
3.5,10022.848729848862,0.04680000000000001
3.5,10023.849376678467,0.04680000000000001
3.5,10024.85121178627,0.04680000000000001
3.5,10025.852259635925,0.04680000000000001
3.5,10026.85312628746,0.04680000000000001
3.5,10027.854835987091,0.046599999999999975
3.5,10028.855504751205,0.046599999999999975
3.5,10029.856117248535,0.04680000000000001
3.5,10030.856991767883,0.0474
3.5,10031.857456684113,0.0474
3.5,10032.857934474945,0.0474
3.5,10033.85875582695,0.0474
3.5,10034.859444141388,0.0474
3.5,10035.860064029694,0.0474
3.5,10036.860716342926,0.0474
3.5,10038.861435890198,0.0474
3.5,10039.864758253098,0.0474
3.5,10040.866373300552,0.0471
3.5,10041.867677688599,0.04680000000000001
3.5,10042.8681807518,0.04680000000000001
3.5,10043.87542796135,0.04680000000000001
3.5,10044.886928796768,0.046599999999999975
3.5,10045.898661613464,0.04680000000000001
3.5,10046.909009695053,0.04680000000000001
3.5,10047.924759864807,0.04680000000000001
3.5,10048.94138264656,0.0474
3.5,10049.947701692581,0.0474
3.5,10050.963876247406,0.0474
3.5,10051.997094392776,0.0474
3.5,10053.004843711853,0.0474
3.5,10054.019057273865,0.0474
3.5,10055.020069360733,0.0474
3.5,10057.071609973907,0.0474
3.5,10058.080046892166,0.0474
3.5,10059.089360713959,0.0471
3.5,10060.10050201416,0.04680000000000001
3.5,10061.1129925251,0.046599999999999975
3.5,10062.129373788834,0.04680000000000001
3.5,10063.147930145264,0.04680000000000001
3.5,10064.152272462845,0.046599999999999975
3.5,10065.164855480194,0.04680000000000001
3.5,10066.18450498581,0.04680000000000001
3.5,10067.20195889473,0.0474
3.5,10068.204769611359,0.0474
3.5,10069.224619150162,0.0474
3.5,10070.227082490921,0.0474
3.5,10071.244620084763,0.0474
3.5,10072.26280593872,0.0474
3.5,10073.280639410019,0.0474
3.5,10074.29678940773,0.0474
3.5,10075.315215826035,0.0474
3.5,10077.327731370926,0.0474
3.5,10078.344549655914,0.0474
3.5,10079.36508512497,0.046599999999999975
3.5,10080.385478019714,0.04680000000000001
3.5,10081.40644788742,0.04680000000000001
3.5,10082.42051243782,0.04680000000000001
3.5,10083.438817977905,0.046599999999999975
3.5,10084.456092596054,0.046599999999999975
3.5,10085.459659099579,0.046599999999999975
3.5,10086.480906963348,0.046599999999999975
3.5,10087.488422393799,0.0474
3.5,10088.49683046341,0.0474
3.5,10089.522802114487,0.0474
3.5,10090.539453983307,0.0474
3.5,10091.554730653763,0.0474
3.5,10092.570971012115,0.0474
3.5,10093.587760686874,0.0474
3.5,10094.60366988182,0.0474
3.5,10095.62163901329,0.0474
3.5,10097.637168645859,0.0474
3.5,10098.648951292038,0.0474
3.5,10099.65650010109,0.04680000000000001
3.5,10100.67389035225,0.046599999999999975
3.5,10101.69198346138,0.04680000000000001
3.5,10102.709762334824,0.04680000000000001
3.5,10103.725724458694,0.04680000000000001
3.5,10104.740287065506,0.04680000000000001
3.5,10105.754467964172,0.04680000000000001
3.5,10106.772787332535,0.046599999999999975
3.5,10107.787498950958,0.0474
3.5,10108.806387662888,0.0474
3.5,10109.844727277756,0.0474
3.5,10110.861136674881,0.0474
3.5,10111.874176502228,0.0474
3.5,10112.879566907883,0.0474
3.5,10113.882662773132,0.0474
3.5,10114.88430595398,0.0474
3.5,10115.885588884354,0.0474
3.5,10117.886575222015,0.0474
3.5,10118.887820720673,0.0474
3.5,10119.888558149338,0.046599999999999975
3.5,10120.89046573639,0.046599999999999975
3.5,10121.891329526901,0.04680000000000001
3.5,10122.892035722733,0.04680000000000001
3.5,10123.893000125885,0.04680000000000001
3.5,10124.89353275299,0.04680000000000001
3.5,10125.893981695175,0.04680000000000001
3.5,10126.894426345825,0.046599999999999975
3.5,10127.895080327988,0.0474
3.5,10128.89584517479,0.0474
3.5,10129.896372556686,0.0474
3.5,10130.89708161354,0.0474
3.5,10131.898032188416,0.0474
3.5,10132.900099754333,0.0474
3.5,10133.902049303055,0.0474
3.5,10135.902966976166,0.0474
3.5,10136.91263127327,0.0474
3.5,10137.913177013397,0.0471
3.5,10138.924508094788,0.04680000000000001
3.5,10139.936121225357,0.04680000000000001
3.5,10140.944109201431,0.04680000000000001
3.5,10141.956872463226,0.04680000000000001
3.5,10142.970192670822,0.04680000000000001
3.5,10143.985889434814,0.04680000000000001
3.5,10145.004579305649,0.046599999999999975
3.5,10146.010991096497,0.0474
3.5,10147.044816493988,0.0474
3.5,10148.052038908005,0.0474
3.5,10149.064631700516,0.0474
3.5,10150.075960636139,0.0474
3.5,10151.080981969833,0.0474
3.5,10152.083322763443,0.0474
3.5,10154.084780216217,0.0474
3.5,10155.090477228165,0.0474
3.5,10156.091044664383,0.0469
3.5,10157.0923974514,0.04680000000000001
3.5,10158.093650817871,0.04680000000000001
3.5,10159.094499588013,0.04680000000000001
3.5,10160.09528708458,0.046599999999999975
3.5,10161.095704317093,0.04680000000000001
3.5,10162.096415042877,0.04680000000000001
3.5,10163.097014188766,0.046599999999999975
3.5,10164.097649097443,0.0474
3.5,10165.098346233368,0.0474
3.5,10166.099284172058,0.0474
3.5,10167.100010633469,0.0474
3.5,10168.100673437119,0.0474
3.5,10169.101245641708,0.0474
3.5,10170.102212667465,0.0474
3.5,10172.103236675262,0.0474
3.5,10173.103979825974,0.0474
3.5,10174.104820013046,0.0471
3.5,10175.106237649918,0.04680000000000001
3.5,10176.10699725151,0.046599999999999975
3.5,10177.107745409012,0.04680000000000001
3.5,10178.108704566956,0.046599999999999975
3.5,10179.109900474548,0.046599999999999975
3.5,10180.110525608063,0.04680000000000001
3.5,10181.111214876175,0.04680000000000001
3.5,10182.11175251007,0.0474
3.5,10183.112352371216,0.0474
3.5,10184.113356113434,0.0474
3.5,10185.113907337189,0.0474
3.5,10186.11496925354,0.0474
3.5,10187.11603808403,0.0474
3.5,10188.116963863373,0.0474
3.5,10190.117849588394,0.0474
3.5,10191.128630161285,0.0474
3.5,10192.139928817749,0.0471
3.5,10193.149697303772,0.04680000000000001
3.5,10194.15932893753,0.046599999999999975
3.5,10195.175126552582,0.046599999999999975
3.5,10196.189293384552,0.04680000000000001
3.5,10197.205639123917,0.04680000000000001
3.5,10198.219954490662,0.046599999999999975
3.5,10199.236440181732,0.04680000000000001
3.5,10200.23864364624,0.0474
3.5,10201.255687236786,0.0474
3.5,10202.273492097855,0.0474
3.5,10203.291176319122,0.0474
3.5,10204.308735132217,0.0474
3.5,10205.326503276825,0.0474
3.5,10206.331359386444,0.0474
3.5,10207.347476482391,0.0474
3.5,10209.358451843262,0.0474
3.5,10210.371700763702,0.0474
3.5,10211.392983198166,0.046599999999999975
3.5,10212.411650657654,0.04680000000000001
3.5,10213.41644692421,0.046599999999999975
3.5,10214.43447303772,0.046599999999999975
3.5,10215.451484680176,0.04680000000000001
3.5,10216.457824707031,0.046599999999999975
3.5,10217.476518392563,0.046599999999999975
3.5,10218.491973876953,0.04680000000000001
3.5,10219.511582612991,0.0474
3.5,10220.529204130173,0.0474
3.5,10221.541126012802,0.0474
3.5,10222.557632923126,0.0474
3.5,10223.575802087784,0.0474
3.5,10224.592254400253,0.0474
3.5,10225.609469652176,0.0474
3.5,10226.626104831696,0.0474
3.5,10227.646433353424,0.0474
3.5,10229.669220209122,0.0474
3.5,10230.67919754982,0.0474
3.5,10231.696319818497,0.04680000000000001
3.5,10232.712260007858,0.04680000000000001
3.5,10233.73051738739,0.04680000000000001
3.5,10234.748989582062,0.04680000000000001
3.5,10235.768020868301,0.04680000000000001
3.5,10236.784866809845,0.046599999999999975
3.5,10237.801248073578,0.04680000000000001
3.5,10238.821281909943,0.04680000000000001
3.5,10239.839002132416,0.0474
3.5,10240.854738235474,0.0474
3.5,10241.860508441925,0.0474
3.5,10242.879427909851,0.0474
3.5,10243.903985738754,0.0474
3.5,10244.907620429993,0.0474
3.5,10245.919176578522,0.0474
3.5,10246.920966386795,0.0474
3.5,10247.922326564789,0.0474
3.5,10249.924054145813,0.0474
3.5,10250.925958156586,0.0474
3.5,10251.936805963516,0.04680000000000001
3.5,10252.938276290894,0.04680000000000001
3.5,10253.941040754318,0.046599999999999975
3.5,10254.943071603775,0.04680000000000001
3.5,10255.950217962265,0.046599999999999975
3.5,10256.95060300827,0.046599999999999975
3.5,10257.954770088196,0.04680000000000001
3.5,10258.955601930618,0.04680000000000001
3.5,10259.956185102463,0.0474
3.5,10260.95722770691,0.0474
3.5,10261.957972764969,0.0474
3.5,10262.958617925644,0.0474
3.5,10263.960864305496,0.0474
3.5,10264.96189570427,0.0474
3.5,10265.962480783463,0.0474
3.5,10267.964100122452,0.0474
3.5,10268.9653069973,0.0474
3.5,10269.969786405563,0.0469
3.5,10270.971593856812,0.046599999999999975
3.5,10271.972457647324,0.046599999999999975
3.5,10272.974773645401,0.04680000000000001
3.5,10273.975974798203,0.04680000000000001
3.5,10274.97783255577,0.046599999999999975
3.5,10275.978632450104,0.04680000000000001
3.5,10276.979737520218,0.04680000000000001
3.5,10277.98107624054,0.0474
3.5,10278.991533994675,0.0474
3.5,10279.999467372894,0.0474
3.5,10281.011813163757,0.0474
3.5,10282.025824069977,0.0474
3.5,10283.041345596313,0.0474
3.5,10284.067501068115,0.0474
3.5,10286.086616277695,0.0474
3.5,10287.101035833359,0.0474
3.5,10288.130431890488,0.0469
3.5,10289.147030115128,0.04680000000000001
3.5,10290.161561965942,0.046599999999999975
3.5,10291.164378643036,0.04680000000000001
3.5,10292.166616678238,0.04680000000000001
3.5,10293.176763772964,0.04680000000000001
3.5,10294.178074836731,0.04680000000000001
3.5,10295.184042453766,0.046599999999999975
3.5,10296.189192533493,0.0474
3.5,10297.19030547142,0.0474
3.5,10298.19115781784,0.0474
3.5,10299.191646575928,0.0474
3.5,10300.192589044571,0.0474
3.5,10301.193133592606,0.0474
3.5,10302.19393825531,0.0474
3.5,10303.194795370102,0.0474
3.5,10304.195595502853,0.0474
3.5,10306.198558807373,0.0474
3.5,10307.208194255829,0.0474
3.5,10308.209873914719,0.04680000000000001
3.5,10309.21066403389,0.04680000000000001
3.5,10310.211867332458,0.046599999999999975
3.5,10311.212714910507,0.04680000000000001
3.5,10312.213133573532,0.04680000000000001
3.5,10313.213807821274,0.04680000000000001
3.5,10314.215653419495,0.04680000000000001
3.5,10315.217051744461,0.04680000000000001
3.5,10316.218707561493,0.0474
3.5,10317.219535827637,0.0474
3.5,10318.236653089523,0.0474
3.5,10319.249558210373,0.0474
3.5,10320.262109279633,0.0474
3.5,10321.269825458527,0.0474
3.5,10322.277658939362,0.0474
3.5,10323.294717550278,0.0474
3.5,10325.312260866165,0.0474
3.5,10326.322921276093,0.0474
3.5,10327.339226961136,0.04680000000000001
3.5,10328.349592208862,0.04680000000000001
3.5,10329.360542297363,0.04680000000000001
3.5,10330.375606536865,0.046599999999999975
3.5,10331.396211624146,0.046599999999999975
3.5,10332.413179397583,0.046599999999999975
3.5,10333.428546905518,0.04680000000000001
3.5,10334.447284460068,0.04680000000000001
3.5,10335.458089590073,0.0474
3.5,10336.47630572319,0.0474
3.5,10337.493225574493,0.0474
3.5,10338.509603023529,0.0474
3.5,10339.527861833572,0.0474
3.5,10340.54064154625,0.0474
3.5,10341.542672634125,0.0474
3.5,10342.560026407242,0.0474
3.5,10343.580296993256,0.0474
3.5,10345.596134662628,0.0474
3.5,10346.608296871185,0.0474
3.5,10347.62458229065,0.046599999999999975
3.5,10348.639954090118,0.04680000000000001
3.5,10349.642229318619,0.04680000000000001
3.5,10350.657267093658,0.04680000000000001
3.5,10351.669691801071,0.04680000000000001
3.5,10352.671708345413,0.04680000000000001
3.5,10353.688730716705,0.04680000000000001
3.5,10354.69559955597,0.04680000000000001
3.5,10355.716037034988,0.0474
3.5,10356.723038196564,0.0474
3.5,10357.738385915756,0.0474
3.5,10358.758952856064,0.0474
3.5,10359.777266263962,0.0474
3.5,10360.795033693314,0.0474
3.5,10361.812793970108,0.0474
3.5,10362.83025765419,0.0474
3.5,10363.84649014473,0.0474
3.5,10365.850530862808,0.0474
3.5,10366.861119031906,0.0474
3.5,10367.86959028244,0.04680000000000001
3.5,10368.886753559113,0.04680000000000001
3.5,10369.892448186874,0.04680000000000001
3.5,10370.913224697113,0.04680000000000001
3.5,10371.931578874588,0.04680000000000001
3.5,10372.936292886734,0.04680000000000001
3.5,10373.972779273987,0.04680000000000001
3.5,10374.978431224823,0.046599999999999975
3.5,10375.994627952576,0.0474
3.5,10377.002046823502,0.0474
3.5,10378.007454872131,0.0474
3.5,10379.015181303024,0.0474
3.5,10380.016340732574,0.0474
3.5,10381.017063379288,0.0474
3.5,10382.017680883408,0.0474
3.5,10383.019493818283,0.0474
3.5,10384.020556211472,0.0474
3.5,10386.02145934105,0.0474
3.5,10387.033527374268,0.0474
3.5,10388.034832954407,0.046599999999999975
3.5,10389.035695314407,0.04680000000000001
3.5,10390.036637067795,0.04680000000000001
3.5,10391.037128210068,0.04680000000000001
3.5,10392.03784251213,0.046599999999999975
3.5,10393.038322925568,0.04680000000000001
3.5,10394.039010286331,0.04680000000000001
3.5,10395.040113449097,0.04680000000000001
3.5,10396.040538311005,0.0474
3.5,10397.04130935669,0.0474
3.5,10398.041898965836,0.0474
3.5,10399.042662858963,0.0474
3.5,10400.04359126091,0.0474
3.5,10401.04738163948,0.0474
3.5,10402.049419641495,0.0474
3.5,10403.050490617752,0.0474
3.5,10405.051530838013,0.0474
3.5,10406.061352729797,0.0474
3.5,10407.071470975876,0.04680000000000001
3.5,10408.086814165115,0.04680000000000001
3.5,10409.101568698883,0.04680000000000001
3.5,10410.109994411469,0.04680000000000001
3.5,10411.12965130806,0.046599999999999975
3.5,10412.147499322891,0.04680000000000001
3.5,10413.158288478851,0.04680000000000001
3.5,10414.17625617981,0.046599999999999975
3.5,10415.213507413864,0.0474
3.5,10416.21753334999,0.0474
3.5,10417.227852106094,0.0474
3.5,10418.229090452194,0.0474
3.5,10419.243262052536,0.0474
3.5,10420.244541168213,0.0474
3.5,10421.246798753738,0.0474
3.5,10422.247475385666,0.0474
3.5,10424.248597860336,0.0474
3.5,10425.251775503159,0.0474
3.5,10426.253383874893,0.046599999999999975
3.5,10427.25650882721,0.04680000000000001
3.5,10428.258630514145,0.04680000000000001
3.5,10429.259419202805,0.046599999999999975
3.5,10430.260533332825,0.046599999999999975
3.5,10431.261340856552,0.04680000000000001
3.5,10432.261892557144,0.046599999999999975
3.5,10433.262786388397,0.04680000000000001
3.5,10434.263307571411,0.0474
3.5,10435.263936519623,0.0474
3.5,10436.2646048069,0.0474
3.5,10437.26522397995,0.0474
3.5,10438.266526222229,0.0474
3.5,10439.268167734146,0.0474
3.5,10440.268910884857,0.0474
3.5,10442.27003645897,0.0474
3.5,10443.271097183228,0.0474
3.5,10444.271808862686,0.0469
3.5,10445.27284026146,0.04680000000000001
3.5,10446.273646116257,0.04680000000000001
3.5,10447.274315834045,0.04680000000000001
3.5,10448.27485704422,0.04680000000000001
3.5,10449.275943040848,0.04680000000000001
3.5,10450.276747465134,0.04680000000000001
3.5,10451.27744269371,0.04680000000000001
3.5,10452.27844786644,0.0474
3.5,10453.282706260681,0.0474
3.5,10454.283465385437,0.0474
3.5,10455.284859895706,0.0474
3.5,10456.285999774933,0.0474
3.5,10457.287820577621,0.0474
3.5,10458.29897928238,0.0474
3.5,10460.307535886765,0.0474
3.5,10461.321215867996,0.0474
3.5,10462.331474542618,0.0471
3.5,10463.343558073044,0.04680000000000001
3.5,10464.360161304474,0.04680000000000001
3.5,10465.377437829971,0.046599999999999975
3.5,10466.397485494614,0.046599999999999975
3.5,10467.413860082626,0.04680000000000001
3.5,10468.43224287033,0.04680000000000001
3.5,10469.447415590286,0.04680000000000001
3.5,10470.46178150177,0.0474
3.5,10471.479059696198,0.0474
3.5,10472.49667263031,0.0474
3.5,10473.51381444931,0.0474
3.5,10474.531126737595,0.0474
3.5,10475.548762321472,0.0474
3.5,10476.567329645157,0.0474
3.5,10477.585325241089,0.0474
3.5,10478.60308265686,0.0474
3.5,10480.623054504395,0.0474
3.5,10481.63407444954,0.0474
3.5,10482.653767585754,0.04680000000000001
3.5,10483.668993234634,0.04680000000000001
3.5,10484.688612699509,0.04680000000000001
3.5,10485.711641788483,0.04680000000000001
3.5,10486.719338417053,0.04680000000000001
3.5,10487.738466978073,0.04680000000000001
3.5,10488.757514238358,0.04680000000000001
3.5,10489.774846076965,0.04680000000000001
3.5,10490.79110956192,0.0474
3.5,10491.81192278862,0.0474
3.5,10492.828063726425,0.0474
3.5,10493.845546483994,0.0474
3.5,10494.862562417984,0.0474
3.5,10495.877852678299,0.0474
3.5,10496.884264707565,0.0474
3.5,10497.902518033981,0.0474
3.5,10498.920492649078,0.0474
3.5,10500.93856716156,0.0474
3.5,10501.94880247116,0.0474
3.5,10502.965601205826,0.04680000000000001
3.5,10503.984023332596,0.04680000000000001
3.5,10505.015016794205,0.046599999999999975
3.5,10506.018191337585,0.04680000000000001
3.5,10507.02963232994,0.04680000000000001
3.5,10508.032149791718,0.04680000000000001
3.5,10509.03287410736,0.04680000000000001
3.5,10510.035012245178,0.04680000000000001
3.5,10511.044931173325,0.0474
3.5,10512.04800438881,0.0474
3.5,10513.051837205887,0.0474
3.5,10514.053074598312,0.0474
3.5,10515.06309890747,0.0474
3.5,10516.063912391663,0.0474
3.5,10517.065024852753,0.0474
3.5,10518.065550088882,0.0474
3.5,10519.066487312317,0.0474
3.5,10521.067377328873,0.0474
3.5,10522.077462673187,0.0474
3.5,10523.077932596207,0.04680000000000001
3.5,10524.07849240303,0.04680000000000001
3.5,10525.07886147499,0.04680000000000001
3.5,10526.079433918,0.04680000000000001
3.5,10527.080501556396,0.04680000000000001
3.5,10528.080923557281,0.04680000000000001
3.5,10529.081593036652,0.04680000000000001
3.5,10530.082425832748,0.04680000000000001
3.5,10531.094433546066,0.0474
3.5,10532.10176730156,0.0474
3.5,10533.122004270554,0.0474
3.5,10534.132472753525,0.0474
3.5,10535.147532701492,0.0474
3.5,10536.165585756302,0.0474
3.5,10537.1826877594,0.0474
3.5,10539.200830698013,0.0474
3.5,10540.214515924454,0.0474
3.5,10541.232337713242,0.0471
3.5,10542.26706647873,0.04680000000000001
3.5,10543.282403707504,0.046599999999999975
3.5,10544.288208961487,0.046599999999999975
3.5,10545.295384407043,0.04680000000000001
3.5,10546.297132492065,0.04680000000000001
3.5,10547.299738168716,0.046599999999999975
3.5,10548.301299095154,0.04680000000000001
3.5,10549.304100751877,0.0474
3.5,10550.310626506805,0.0474
3.5,10551.311815023422,0.0474
3.5,10552.312536478043,0.0474
3.5,10553.31366109848,0.0474
3.5,10554.316408634186,0.0474
3.5,10555.31778049469,0.0474
3.5,10556.318587779999,0.0474
3.5,10557.337304592133,0.0474
3.5,10559.338385343552,0.0474
3.5,10560.347940444946,0.0474
3.5,10561.355892658234,0.04680000000000001
3.5,10562.368295669556,0.046599999999999975
3.5,10563.370752334595,0.04680000000000001
3.5,10564.385270118713,0.046599999999999975
3.5,10565.399787425995,0.04680000000000001
3.5,10566.416527986526,0.04680000000000001
3.5,10567.424778938293,0.04680000000000001
3.5,10568.441746234894,0.046599999999999975
3.5,10569.459857702255,0.0474
3.5,10570.475922584534,0.0474
3.5,10571.493512630463,0.0474
3.5,10572.504090309143,0.0474
3.5,10573.516703605652,0.0474
3.5,10574.533611774445,0.0474
3.5,10575.53947854042,0.0474
3.5,10576.556661844254,0.0474
3.5,10577.571571826935,0.0474
3.5,10579.587962150574,0.0474
3.5,10580.60012292862,0.0474
3.5,10581.616400718689,0.04680000000000001
3.5,10582.634398460388,0.04680000000000001
3.5,10583.650568008423,0.04680000000000001
3.5,10584.66761803627,0.04680000000000001
3.5,10585.68596291542,0.046599999999999975
3.5,10586.703584432602,0.04680000000000001
3.5,10587.72157740593,0.046599999999999975
3.5,10588.738965034485,0.04680000000000001
3.5,10589.755915880203,0.0474
3.5,10590.77412557602,0.0474
3.5,10591.793298006058,0.0474
3.5,10592.810648918152,0.0474
3.5,10593.8278028965,0.0474
3.5,10594.838544368744,0.0474
3.5,10595.85543680191,0.0474
3.5,10596.872843027115,0.0474
3.5,10597.891292572021,0.0474
3.5,10599.90880537033,0.0474
3.5,10600.923752307892,0.0474
3.5,10601.943700790405,0.04680000000000001
3.5,10602.960755586624,0.04680000000000001
3.5,10603.977724790573,0.04680000000000001
3.5,10604.986564874649,0.04680000000000001
3.5,10606.004403352737,0.046599999999999975
3.5,10607.02092552185,0.04680000000000001
3.5,10608.03712105751,0.04680000000000001
3.5,10609.067374706268,0.04680000000000001
3.5,10610.07269334793,0.0474
3.5,10611.088003396988,0.0474
3.5,10612.088999509811,0.0474
3.5,10613.101430654526,0.0474
3.5,10614.1038377285,0.0474
3.5,10615.10516500473,0.0474
3.5,10616.108325481415,0.0474
3.5,10617.116341590881,0.0474
3.5,10618.117914438248,0.0474
3.5,10620.11903309822,0.0474
3.5,10621.119550466537,0.0474
3.5,10622.120022773743,0.04680000000000001
3.5,10623.120682001114,0.04680000000000001
3.5,10624.12142109871,0.046599999999999975
3.5,10625.12259054184,0.04680000000000001
3.5,10626.124405622482,0.04680000000000001
3.5,10627.125378847122,0.04680000000000001
3.5,10628.126419067383,0.04680000000000001
3.5,10629.12692952156,0.046599999999999975
3.5,10630.128084897995,0.0474
3.5,10631.128824472427,0.0474
3.5,10632.13074374199,0.0474
3.5,10633.13152551651,0.0474
3.5,10634.13244509697,0.0474
3.5,10635.133427619934,0.0474
3.5,10636.134083271027,0.0474
3.5,10638.134671211243,0.0474
3.5,10639.151045560837,0.0474
3.5,10640.161935567856,0.0471
3.5,10641.166233301163,0.04680000000000001
3.5,10642.177508354187,0.046599999999999975
3.5,10643.188210725784,0.04680000000000001
3.5,10644.198418855667,0.04680000000000001
3.5,10645.213432312012,0.04680000000000001
3.5,10646.230719089508,0.04680000000000001
3.5,10647.236557722092,0.046599999999999975
3.5,10648.239913225174,0.0474
3.5,10649.256716012955,0.0474
3.5,10650.272419691086,0.0474
3.5,10651.289879322052,0.0474
3.5,10652.299727201462,0.0474
3.5,10653.336747646332,0.0474
3.5,10654.353358268738,0.0474
3.5,10655.367327690125,0.0474
3.5,10657.37471461296,0.0474
3.5,10658.380352973938,0.0474
3.5,10659.38213634491,0.046599999999999975
3.5,10660.385776042938,0.04680000000000001
3.5,10661.392956018448,0.04680000000000001
3.5,10662.396965265274,0.04680000000000001
3.5,10663.397469043732,0.046599999999999975
3.5,10664.397952079773,0.04680000000000001
3.5,10665.398607730865,0.04680000000000001
3.5,10666.399204492569,0.04680000000000001
3.5,10667.400948524475,0.0474
3.5,10668.401461601257,0.0474
3.5,10669.402069568634,0.0474
3.5,10670.40255022049,0.0474
3.5,10671.403220653534,0.0474
3.5,10672.403841018677,0.0474
3.5,10673.404614448547,0.0474
3.5,10674.405134677887,0.0474
3.5,10675.40594959259,0.0474
3.5,10677.406800985336,0.0474
3.5,10678.407722949982,0.0474
3.5,10679.408689022064,0.04680000000000001
3.5,10680.409622192383,0.046599999999999975
3.5,10681.410544395447,0.04680000000000001
3.5,10682.411672830582,0.04680000000000001
3.5,10683.412247896194,0.04680000000000001
3.5,10684.41288638115,0.04680000000000001
3.5,10685.413465738297,0.04680000000000001
3.5,10686.413984775543,0.04680000000000001
3.5,10687.414680480957,0.0474
3.5,10688.415469408035,0.0474
3.5,10689.415966272354,0.0474
3.5,10690.416687011719,0.0474
3.5,10691.41736793518,0.0474
3.5,10692.418274402618,0.0474
3.5,10693.419914960861,0.0474
3.5,10695.421487569809,0.0474
3.5,10696.430655956268,0.0474
3.5,10697.441411972046,0.0471
3.5,10698.449983358383,0.04680000000000001
3.5,10699.459929227829,0.046599999999999975
3.5,10700.47404909134,0.04680000000000001
3.5,10701.489359140396,0.04680000000000001
3.5,10702.506619691849,0.04680000000000001
3.5,10703.522955417633,0.04680000000000001
3.5,10704.54005241394,0.04680000000000001
3.5,10705.558478832245,0.0474
3.5,10706.579009771347,0.0474
3.5,10707.598505735397,0.0474
3.5,10708.618880271912,0.0474
3.5,10709.637814760208,0.0474
3.5,10710.654421329498,0.0474
3.5,10711.670957803726,0.0474
3.5,10713.690390110016,0.0474
3.5,10714.70452928543,0.0474
3.5,10715.706991672516,0.0469
3.5,10716.711869955063,0.046599999999999975
3.5,10717.73247551918,0.046599999999999975
3.5,10718.751288414001,0.04680000000000001
3.5,10719.754950284958,0.04680000000000001
3.5,10720.774431467056,0.04680000000000001
3.5,10721.790396928787,0.04680000000000001
3.5,10722.810094594955,0.046599999999999975
3.5,10723.824705123901,0.0474
3.5,10724.846194267273,0.0474
3.5,10725.849439144135,0.0474
3.5,10726.865646839142,0.0474
3.5,10727.884527921677,0.0474
3.5,10728.902961969376,0.0474
3.5,10729.919698238373,0.0474
3.5,10730.943186759949,0.0474
3.5,10731.96278142929,0.0474
3.5,10733.982412576675,0.0474
3.5,10734.992977142334,0.0474
3.5,10736.010615587234,0.046599999999999975
3.5,10737.027838230133,0.04680000000000001
3.5,10738.045277833939,0.04680000000000001
3.5,10739.062428951263,0.04680000000000001
3.5,10740.064438581467,0.046599999999999975
3.5,10741.08437037468,0.046599999999999975
3.5,10742.10107421875,0.04680000000000001
3.5,10743.110187292099,0.04680000000000001
3.5,10744.145508766174,0.0474
3.5,10745.165044546127,0.0474
3.5,10746.179450511932,0.0474
3.5,10747.181780338287,0.0474
3.5,10748.187866926193,0.0474
3.5,10749.189955234528,0.0474
3.5,10750.19453716278,0.0474
3.5,10751.195001840591,0.0474
3.5,10752.195415496826,0.0474
3.5,10754.197131633759,0.0474
3.5,10755.198202371597,0.0474
3.5,10756.199356794357,0.04680000000000001
3.5,10757.200294017792,0.04680000000000001
3.5,10758.201078176498,0.046599999999999975
3.5,10759.201506614685,0.046599999999999975
3.5,10760.20352602005,0.046599999999999975
3.5,10761.204778671265,0.04680000000000001
3.5,10762.205892086029,0.04680000000000001
3.5,10763.206466197968,0.046599999999999975
3.5,10764.207760810852,0.0474
3.5,10765.208311319351,0.0474
3.5,10766.208883523941,0.0474
3.5,10767.209873437881,0.0474
3.5,10768.210592031479,0.0474
7.5,10769.211918830872,0.0474
7.5,10770.212793111801,0.0474
7.5,10772.213520050049,0.0474
7.5,10773.222243070602,0.0474
7.5,10774.233942985535,0.0469
7.5,10775.23789358139,0.04680000000000001
7.5,10776.24921822548,0.04680000000000001
7.5,10777.25853562355,0.04319999999999999
7.5,10778.280820131302,0.0406
7.5,10779.297582149506,0.04319999999999999
7.5,10780.299536943436,0.0398
7.5,10781.317445516586,0.0398
7.5,10782.333740234375,0.043999999999999984
7.5,10783.356074810028,0.04829999999999998
7.5,10784.367284059525,0.04949999999999999
7.5,10785.39735198021,0.046599999999999975
7.5,10786.409994125366,0.0474
7.5,10787.41657423973,0.04829999999999998
7.5,10788.418894767761,0.04829999999999998
7.5,10790.423438549042,0.053599999999999995
7.5,10791.432873249054,0.04999999999999999
7.5,10792.434487104416,0.04999999999999999
7.5,10793.439519405365,0.054400000000000004
7.5,10794.44408774376,0.054400000000000004
7.5,10795.445947885513,0.054400000000000004
7.5,10796.446793317795,0.054400000000000004
7.5,10797.447872400284,0.054400000000000004
7.5,10798.449032783508,0.054400000000000004
7.5,10799.450095653534,0.054400000000000004
7.5,10800.45075917244,0.046599999999999975
7.5,10801.452275514603,0.046599999999999975
7.5,10802.452952623367,0.0561
7.5,10803.453886508942,0.056999999999999995
7.5,10804.454986810684,0.053599999999999995
7.5,10805.45861363411,0.05339999999999999
7.5,10806.45902466774,0.05869999999999999
7.5,10807.459565877914,0.0553
7.5,10809.46188735962,0.051699999999999996
7.5,10810.463019371033,0.060399999999999995
7.5,10811.464304924011,0.060399999999999995
7.5,10812.466292619705,0.060399999999999995
7.5,10813.46712899208,0.060399999999999995
7.5,10814.467691659927,0.060399999999999995
7.5,10815.46815609932,0.060399999999999995
7.5,10816.468953847885,0.060399999999999995
7.5,10817.4694814682,0.060399999999999995
7.5,10818.470198631287,0.060399999999999995
7.5,10819.470739364624,0.056999999999999995
7.5,10820.471149206161,0.05339999999999999
7.5,10821.471765041351,0.06209999999999999
7.5,10822.478821277618,0.05869999999999999
7.5,10823.48134970665,0.05869999999999999
7.5,10824.481950998306,0.0638
7.5,10825.48933672905,0.060399999999999995
7.5,10827.501311779022,0.060399999999999995
7.5,10828.513769388199,0.06119999999999999
7.5,10829.52257490158,0.06119999999999999
7.5,10830.537626028061,0.06119999999999999
7.5,10831.547446250916,0.06119999999999999
7.5,10832.568009376526,0.06119999999999999
7.5,10833.586164236069,0.06119999999999999
7.5,10834.605097293854,0.06549999999999999
7.5,10835.623264789581,0.06549999999999999
7.5,10836.641253948212,0.06549999999999999
7.5,10837.65143609047,0.06549999999999999
7.5,10838.669285535812,0.06119999999999999
7.5,10839.686259269714,0.0663
7.5,10840.702354192734,0.0629
7.5,10841.72111582756,0.0672
7.5,10842.733488082886,0.0638
7.5,10843.75103521347,0.0638
7.5,10844.769215583801,0.06899999999999999
7.5,10845.786899089813,0.06459999999999999
7.5,10847.805844306946,0.06969999999999998
7.5,10848.826977968216,0.06549999999999999
7.5,10849.847548007965,0.06549999999999999
7.5,10850.866550683975,0.06549999999999999
7.5,10851.884902000427,0.06549999999999999
7.5,10852.901636123657,0.06549999999999999
7.5,10853.917450904846,0.06549999999999999
7.5,10854.92745757103,0.06549999999999999
7.5,10855.946261644363,0.06549999999999999
7.5,10856.958246469498,0.06549999999999999
7.5,10857.975858926773,0.06549999999999999
7.5,10858.978253602982,0.07069999999999999
7.5,10859.997735500336,0.0672
7.5,10861.009640693665,0.07159999999999998
7.5,10862.027742385864,0.06799999999999999
7.5,10863.045835018158,0.07239999999999999
7.5,10864.06071805954,0.06899999999999999
7.5,10865.079780340195,0.07329999999999999
7.5,10866.100218772888,0.06969999999999998
7.5,10868.118321418762,0.07409999999999999
7.5,10869.132793188095,0.07409999999999999
7.5,10870.149359464645,0.07409999999999999
7.5,10871.168388843536,0.06969999999999998
7.5,10872.196083784103,0.06989999999999999
7.5,10873.201959848404,0.06969999999999998
7.5,10874.213678359985,0.06969999999999998
7.5,10875.22231388092,0.06989999999999999
7.5,10876.228346347809,0.06969999999999998
7.5,10877.230424165726,0.06969999999999998
7.5,10878.231240987778,0.06969999999999998
7.5,10879.237997293472,0.07499999999999998
7.5,10880.239155769348,0.07069999999999999
7.5,10881.239871740341,0.07579999999999998
7.5,10882.240567684174,0.07139999999999999
7.5,10883.241421461105,0.07239999999999999
7.5,10884.242248296738,0.07669999999999999
7.5,10885.2428252697,0.07329999999999999
7.5,10886.243432044983,0.07749999999999999
7.5,10888.24420428276,0.07329999999999999
7.5,10889.256748199463,0.07409999999999999
7.5,10890.258656263351,0.07409999999999999
7.5,10891.260140657425,0.07409999999999999
7.5,10892.268419265747,0.07409999999999999
7.5,10893.279588222504,0.07839999999999998
7.5,10894.290782928467,0.07839999999999998
7.5,10895.303094148636,0.07839999999999998
7.5,10896.314030885696,0.07839999999999998
7.5,10897.330470085144,0.07839999999999998
7.5,10898.356105089188,0.07839999999999998
7.5,10899.373005628586,0.07409999999999999
7.5,10900.389990091324,0.07499999999999998
7.5,10901.407747507095,0.07919999999999998
7.5,10902.424842357635,0.07579999999999998
7.5,10903.454960107803,0.0801
7.5,10904.47272658348,0.07579999999999998
7.5,10905.474723100662,0.08089999999999999
7.5,10906.485646247864,0.08089999999999999
7.5,10908.490053653717,0.07749999999999999
7.5,10909.49309515953,0.07749999999999999
7.5,10910.495636224747,0.0818
7.5,10911.505506753922,0.0818
7.5,10912.506045341492,0.0818
7.5,10913.506883621216,0.0818
7.5,10914.507805585861,0.0818
7.5,10915.508394002914,0.0818
7.5,10916.509857177734,0.0818
7.5,10917.51156616211,0.0818
7.5,10918.512939214706,0.0818
7.5,10919.514102697372,0.07749999999999999
7.5,10920.514568567276,0.07839999999999998
7.5,10921.515919923782,0.0826
7.5,10922.516734838486,0.07839999999999998
7.5,10923.517371416092,0.0835
7.5,10924.517838716507,0.07919999999999998
7.5,10925.51849102974,0.0801
7.5,10926.519473314285,0.0801
7.5,10928.52019572258,0.0801
7.5,10929.521565437317,0.0801
7.5,10930.522122383118,0.0801
7.5,10931.522719621658,0.0801
7.5,10932.524717092514,0.08089999999999999
7.5,10933.526648521423,0.08089999999999999
7.5,10934.527356863022,0.08089999999999999
7.5,10935.528030872345,0.08089999999999999
7.5,10936.529946804047,0.08089999999999999
7.5,10937.531163692474,0.08089999999999999
7.5,10938.532406330109,0.08089999999999999
7.5,10939.533287763596,0.08089999999999999
7.5,10940.53438258171,0.0818
7.5,10941.536365509033,0.0818
7.5,10942.547850847244,0.0818
7.5,10943.559397935867,0.0826
7.5,10944.567346572876,0.08689999999999999
7.5,10946.579637289047,0.0826
7.5,10947.592735290527,0.0835
7.5,10948.610559940338,0.07919999999999998
7.5,10949.627108812332,0.0835
7.5,10950.647450685501,0.07919999999999998
7.5,10951.662886857986,0.0835
7.5,10952.673937559128,0.07919999999999998
7.5,10953.690171480179,0.0835
7.5,10954.711692094803,0.07919999999999998
7.5,10955.729235649109,0.0835
7.5,10956.744380950928,0.07919999999999998
7.5,10957.766461849213,0.08789999999999999
7.5,10958.782805681229,0.0835
7.5,10959.785982608795,0.0801
7.5,10960.803599119186,0.0887
7.5,10961.821081638336,0.0887
7.5,10962.839888811111,0.08089999999999999
7.5,10963.856393098831,0.0894
7.5,10964.872547388077,0.0896
7.5,10966.890058755875,0.0835
7.5,10967.902132511139,0.0904
7.5,10968.920541763306,0.0904
7.5,10969.937376499176,0.0904
7.5,10970.945792675018,0.0904
7.5,10971.964741230011,0.0904
7.5,10972.981960773468,0.0904
7.5,10973.998271942139,0.0904
7.5,10975.015456914902,0.0904
7.5,10976.031849384308,0.0904
7.5,10977.048462629318,0.0904
7.5,10978.065044164658,0.0904
7.5,10979.084764957428,0.0826
7.5,10980.102579832077,0.09129999999999999
7.5,10981.120526790619,0.09129999999999999
7.5,10982.136738300323,0.09129999999999999
7.5,10983.154281616211,0.08789999999999999
7.5,10984.17073750496,0.09209999999999999
7.5,10985.188737630844,0.09639999999999999
7.5,10987.205306053162,0.0887
7.5,10988.238971233368,0.0887
7.5,10989.249986886978,0.0887
7.5,10990.253392219543,0.0887
7.5,10991.266956806183,0.0887
7.5,10992.26945233345,0.0887
7.5,10993.276451349258,0.0887
7.5,10994.27901506424,0.09299999999999999
7.5,10995.280303478241,0.09299999999999999
7.5,10996.2809176445,0.09299999999999999
7.5,10997.282498598099,0.09299999999999999
7.5,10998.282971858978,0.09299999999999999
7.5,10999.2837266922,0.0886
7.5,11000.2858543396,0.0896
7.5,11001.286759376526,0.09389999999999998
7.5,11002.288829088211,0.09389999999999998
7.5,11003.289516925812,0.0896
7.5,11004.290668487549,0.0904
7.5,11005.292821407318,0.09469999999999999
7.5,11007.294076442719,0.09469999999999999
7.5,11008.295449972153,0.09469999999999999
7.5,11009.295926332474,0.0904
7.5,11010.296652317047,0.0904
7.5,11011.297986984253,0.0904
7.5,11012.299418449402,0.0904
7.5,11013.300212621689,0.0904
7.5,11014.300889730453,0.0904
7.5,11015.301527023315,0.0904
7.5,11016.302271604538,0.0904
7.5,11017.302898168564,0.09129999999999999
7.5,11018.303426027298,0.09559999999999999
7.5,11019.304400920868,0.09559999999999999
7.5,11020.304935455322,0.09559999999999999
7.5,11021.305602312088,0.09209999999999999
7.5,11022.306080579758,0.09639999999999999
7.5,11023.307016134262,0.09639999999999999
7.5,11024.307646512985,0.09639999999999999
7.5,11026.30825972557,0.09299999999999999
7.5,11027.317616701126,0.09299999999999999
7.5,11028.318141222,0.09729999999999998
7.5,11029.33066701889,0.09729999999999998
7.5,11030.333285808563,0.09729999999999998
7.5,11031.3462536335,0.09729999999999998
7.5,11032.358927965164,0.09729999999999998
7.5,11033.37594628334,0.09729999999999998
7.5,11034.397763729095,0.09729999999999998
7.5,11035.403988838196,0.09729999999999998
7.5,11036.416864871979,0.09729999999999998
7.5,11037.433328151703,0.09729999999999998
7.5,11038.45110487938,0.09299999999999999
7.5,11039.454424858093,0.09389999999999998
7.5,11040.460978507996,0.09809999999999999
7.5,11041.493828773499,0.09809999999999999
7.5,11042.500497817993,0.09389999999999998
7.5,11043.512823343277,0.09469999999999999
7.5,11045.51472735405,0.09889999999999999
7.5,11046.516633033752,0.09889999999999999
7.5,11047.529333591461,0.09889999999999999
7.5,11048.530320644379,0.09889999999999999
7.5,11049.53242278099,0.09889999999999999
7.5,11050.536239624023,0.09889999999999999
7.5,11051.543080329895,0.09889999999999999
7.5,11052.54399394989,0.09889999999999999
7.5,11053.544583320618,0.09889999999999999
7.5,11054.545136213303,0.09889999999999999
7.5,11055.545659542084,0.10319999999999999
7.5,11056.54634809494,0.09889999999999999
7.5,11057.547084569931,0.09559999999999999
7.5,11058.547955989838,0.09979999999999999
7.5,11059.569849967957,0.09979999999999999
7.5,11060.57131266594,0.10419999999999999
7.5,11061.579833984375,0.09979999999999999
7.5,11062.589888334274,0.09639999999999999
7.5,11064.599491596222,0.1006
7.5,11065.610616445541,0.1006
7.5,11066.633613824844,0.1006
7.5,11067.650783538818,0.1006
7.5,11068.667608499527,0.1006
7.5,11069.683581590652,0.1006
7.5,11070.7008395195,0.1006
7.5,11071.716893434525,0.1006
7.5,11072.73431444168,0.1006
7.5,11073.751200199127,0.1006
7.5,11074.768024921417,0.10509999999999999
7.5,11075.77705526352,0.10509999999999999
7.5,11076.7982275486,0.09729999999999998
7.5,11077.816370725632,0.10149999999999999
7.5,11078.834165096283,0.10149999999999999
7.5,11079.851614952087,0.1059
7.5,11080.867720127106,0.10149999999999999
7.5,11081.880324840546,0.09809999999999999
7.5,11082.898757219315,0.1025
7.5,11084.914307117462,0.10229999999999999
7.5,11085.926648139954,0.10229999999999999
7.5,11086.944793701172,0.1025
7.5,11087.961417198181,0.10679999999999999
7.5,11088.977383852005,0.10679999999999999
7.5,11089.993909597397,0.10679999999999999
7.5,11090.996391773224,0.10679999999999999
7.5,11092.008087158203,0.10679999999999999
7.5,11093.02856183052,0.10679999999999999
7.5,11094.048634052277,0.10679999999999999
7.5,11095.053059577942,0.10679999999999999
7.5,11096.071088552475,0.10229999999999999
7.5,11097.091401815414,0.09889999999999999
7.5,11098.108325481415,0.10339999999999999
7.5,11099.123860120773,0.10319999999999999
7.5,11100.14339518547,0.10759999999999999
7.5,11101.16499876976,0.10319999999999999
7.5,11102.18070602417,0.10339999999999999
7.5,11103.182892084122,0.09979999999999999
7.5,11105.201864480972,0.10419999999999999
7.5,11106.213526725769,0.10419999999999999
7.5,11107.225522994995,0.10419999999999999
7.5,11108.243554830551,0.10419999999999999
7.5,11109.259822130203,0.10419999999999999
7.5,11110.296314001083,0.10419999999999999
7.5,11111.302791833878,0.10419999999999999
7.5,11112.313494682312,0.10419999999999999
7.5,11113.317196369171,0.10419999999999999
7.5,11114.319923877716,0.10419999999999999
7.5,11115.327105045319,0.10419999999999999
7.5,11116.33494758606,0.10849999999999999
7.5,11117.33750128746,0.10419999999999999
7.5,11118.338012695312,0.1006
7.5,11119.339428424835,0.1049
7.5,11120.344153881073,0.1049
7.5,11121.345768213272,0.1093
7.5,11122.348994731903,0.1093
7.5,11123.350089788437,0.10509999999999999
7.5,11125.35128235817,0.10149999999999999
7.5,11126.360335350037,0.1059
7.5,11127.360905885696,0.1059
7.5,11128.361877918243,0.1059
7.5,11129.36290192604,0.1059
7.5,11130.363505363464,0.1059
7.5,11131.364315748215,0.1059
7.5,11132.36512708664,0.1059
7.5,11133.366020441055,0.1059
7.5,11134.36705493927,0.1059
7.5,11135.367624521255,0.1059
7.5,11136.368273496628,0.1059
7.5,11137.368892669678,0.11019999999999999
7.5,11138.369528532028,0.1059
7.5,11139.369984388351,0.10229999999999999
7.5,11140.370634794235,0.10679999999999999
7.5,11141.372529506683,0.10679999999999999
7.5,11142.375008821487,0.10679999999999999
7.5,11144.376490592957,0.11099999999999999
7.5,11145.386486768723,0.11099999999999999
7.5,11146.405020236969,0.11099999999999999
7.5,11147.417390346527,0.11099999999999999
7.5,11148.434524536133,0.11099999999999999
7.5,11149.442117214203,0.10679999999999999
7.5,11150.45914053917,0.10679999999999999
7.5,11151.47690153122,0.10679999999999999
7.5,11152.483212947845,0.10679999999999999
7.5,11153.50198340416,0.10679999999999999
7.5,11154.518770217896,0.10679999999999999
7.5,11155.551481485367,0.10319999999999999
7.5,11156.556406259537,0.10759999999999999
7.5,11157.56510233879,0.10759999999999999
7.5,11158.572119951248,0.11189999999999999
7.5,11159.582267522812,0.11189999999999999
7.5,11160.584884881973,0.10759999999999999
7.5,11161.588021039963,0.10759999999999999
7.5,11163.588639497757,0.10849999999999999
7.5,11164.594542980194,0.10849999999999999
7.5,11165.597090244293,0.10849999999999999
7.5,11166.597974777222,0.10849999999999999
7.5,11167.5991294384,0.10849999999999999
7.5,11168.600550889969,0.10849999999999999
7.5,11169.60100889206,0.10849999999999999
7.5,11170.601682901382,0.10849999999999999
7.5,11171.602569818497,0.10849999999999999
7.5,11172.603718042374,0.10849999999999999
7.5,11173.604306221008,0.10849999999999999
7.5,11174.604867219925,0.1127
7.5,11175.605462312698,0.1127
7.5,11176.60642337799,0.10849999999999999
7.5,11177.607136964798,0.10849999999999999
7.5,11178.607769489288,0.1049
7.5,11179.610105752945,0.1093
7.5,11180.611984729767,0.1093
7.5,11182.613657474518,0.1093
7.5,11183.615352869034,0.11359999999999999
7.5,11184.616491794586,0.11359999999999999
7.5,11185.617069244385,0.11359999999999999
7.5,11186.617640733719,0.11359999999999999
7.5,11187.618066072464,0.11359999999999999
7.5,11188.618720531464,0.11359999999999999
7.5,11189.619418382645,0.11359999999999999
7.5,11190.619903326035,0.11359999999999999
7.5,11191.620722770691,0.11359999999999999
7.5,11192.621654987335,0.11359999999999999
7.5,11193.622443199158,0.1093
7.5,11194.623398303986,0.1093
7.5,11195.624374866486,0.1059
7.5,11196.625242233276,0.11019999999999999
7.5,11197.625834226608,0.11019999999999999
7.5,11198.627031803131,0.11439999999999999
7.5,11199.627701044083,0.11439999999999999
7.5,11201.62853717804,0.11019999999999999
7.5,11202.635087966919,0.11019999999999999
7.5,11203.645627260208,0.11019999999999999
7.5,11204.656197786331,0.11019999999999999
7.5,11205.657402276993,0.11019999999999999
7.5,11206.666235685349,0.11019999999999999
7.5,11207.679792881012,0.11019999999999999
7.5,11208.696544647217,0.11019999999999999
7.5,11209.71420621872,0.11019999999999999
7.5,11210.738178491592,0.11019999999999999
7.5,11211.758099794388,0.11019999999999999
7.5,11212.773740053177,0.10679999999999999
7.5,11213.791298866272,0.11099999999999999
7.5,11214.809129238129,0.11099999999999999
7.5,11215.823276281357,0.11099999999999999
7.5,11216.839593172073,0.1153
7.5,11217.856842041016,0.1153
7.5,11218.860418081284,0.11099999999999999
7.5,11220.87993478775,0.11099999999999999
7.5,11221.889786481857,0.10759999999999999
7.5,11222.906919956207,0.10759999999999999
7.5,11223.925822496414,0.10759999999999999
7.5,11224.945414543152,0.10759999999999999
7.5,11225.966529130936,0.10759999999999999
7.5,11226.988109111786,0.10759999999999999
7.5,11227.998671293259,0.10759999999999999
7.5,11229.016118049622,0.10759999999999999
7.5,11230.036100387573,0.10759999999999999
7.5,11231.038383245468,0.10759999999999999
7.5,11232.052081108093,0.11189999999999999
7.5,11233.072005033493,0.11189999999999999
7.5,11234.094623804092,0.11609999999999998
7.5,11235.10940027237,0.11609999999999998
7.5,11236.125937700272,0.11609999999999998
7.5,11237.143496990204,0.11189999999999999
7.5,11238.160551071167,0.11189999999999999
7.5,11239.176993846893,0.10849999999999999
7.5,11241.194471359253,0.1127
7.5,11242.215589046478,0.1127
7.5,11243.225047111511,0.1127
7.5,11244.242906093597,0.1127
7.5,11245.260519742966,0.1127
7.5,11246.276381015778,0.1127
7.5,11247.294026136398,0.1127
7.5,11248.311544179916,0.1127
7.5,11249.314105510712,0.1127
7.5,11250.352188110352,0.1127
7.5,11251.356219291687,0.1127
7.5,11252.369482278824,0.1127
7.5,11253.371893405914,0.11699999999999999
7.5,11254.374715089798,0.11699999999999999
7.5,11255.38686299324,0.11699999999999999
7.5,11256.389471292496,0.1127
7.5,11257.3909304142,0.1127
7.5,11258.395777702332,0.1093
7.5,11259.396714925766,0.11359999999999999
7.5,11261.397679567337,0.11359999999999999
7.5,11262.398576498032,0.11359999999999999
7.5,11263.399480342865,0.11359999999999999
7.5,11264.400082826614,0.11359999999999999
7.5,11265.40112042427,0.11359999999999999
7.5,11266.401680469513,0.11359999999999999
7.5,11267.402448654175,0.11359999999999999
7.5,11268.403110265732,0.11359999999999999
7.5,11269.403755426407,0.11359999999999999
7.5,11270.40459895134,0.11359999999999999
7.5,11271.40568447113,0.11779999999999999
7.5,11272.406598329544,0.11779999999999999
7.5,11273.40718626976,0.11779999999999999
7.5,11274.408029079437,0.11359999999999999
7.5,11275.408957481384,0.11359999999999999
7.5,11276.409621953964,0.11359999999999999
7.5,11277.41072010994,0.11019999999999999
7.5,11279.411963939667,0.11439999999999999
7.5,11280.413516521454,0.11439999999999999
7.5,11281.41447687149,0.11439999999999999
7.5,11282.41516327858,0.11439999999999999
7.5,11283.417197942734,0.11439999999999999
7.5,11284.417713165283,0.11439999999999999
7.5,11285.418608427048,0.11439999999999999
7.5,11286.4190762043,0.11439999999999999
7.5,11287.419746398926,0.11439999999999999
7.5,11288.420703411102,0.11439999999999999
7.5,11289.42126083374,0.11439999999999999
7.5,11290.421832323074,0.1187
7.5,11291.423400878906,0.1187
7.5,11292.424163341522,0.1187
7.5,11293.42522764206,0.11439999999999999
7.5,11294.426055431366,0.11439999999999999
7.5,11295.426706552505,0.11439999999999999
7.5,11297.427986621857,0.11099999999999999
7.5,11298.436110019684,0.1153
7.5,11299.448036432266,0.1153
7.5,11300.459064006805,0.1153
7.5,11301.467107534409,0.1153
7.5,11302.480121612549,0.1153
7.5,11303.494909524918,0.1153
7.5,11304.509975671768,0.1153
7.5,11305.52647614479,0.1153
7.5,11306.543696403503,0.1153
7.5,11307.560628890991,0.1153
7.5,11308.578358888626,0.1153
7.5,11309.607020378113,0.1153
7.5,11310.615028381348,0.1197
7.5,11311.628241300583,0.1197
7.5,11312.638553142548,0.1195
7.5,11313.640884637833,0.1153
7.5,11314.642609357834,0.1153
7.5,11316.645654439926,0.1153
7.5,11317.647391319275,0.1153
7.5,11318.657799243927,0.1153
7.5,11319.658554553986,0.1153
7.5,11320.65916466713,0.1153
7.5,11321.659719467163,0.1153
7.5,11322.66033244133,0.1153
7.5,11323.660821914673,0.1153
7.5,11324.683255672455,0.1153
7.5,11325.685067415237,0.1153
7.5,11326.693902254105,0.1153
7.5,11327.705266475677,0.11609999999999998
7.5,11328.71457362175,0.11609999999999998
7.5,11329.728821754456,0.11609999999999998
7.5,11330.749429225922,0.11609999999999998
7.5,11331.753128051758,0.1205
7.5,11332.769845247269,0.1205
7.5,11333.785116910934,0.1204
7.5,11334.788268089294,0.1204
7.5,11336.807086467743,0.11609999999999998
7.5,11337.821277141571,0.11609999999999998
7.5,11338.839393854141,0.11609999999999998
7.5,11339.850448846817,0.11609999999999998
7.5,11340.864336490631,0.11609999999999998
7.5,11341.870381593704,0.11609999999999998
7.5,11342.888928413391,0.11609999999999998
7.5,11343.8963367939,0.11609999999999998
7.5,11344.913671970367,0.11609999999999998
7.5,11345.916211605072,0.11609999999999998
7.5,11346.918917417526,0.11609999999999998
7.5,11347.937004804611,0.11609999999999998
7.5,11348.9526617527,0.11609999999999998
7.5,11349.969570159912,0.11699999999999999
7.5,11350.986423969269,0.11699999999999999
7.5,11352.004271268845,0.11699999999999999
7.5,11353.024202108383,0.11699999999999999
7.5,11354.042278528214,0.1212
7.5,11355.060546636581,0.1212
7.5,11357.073753118515,0.12139999999999998
7.5,11358.088401079178,0.12139999999999998
7.5,11359.091001749039,0.12139999999999998
7.5,11360.10836148262,0.12139999999999998
7.5,11361.125569105148,0.1212
7.5,11362.145065784454,0.1212
7.5,11363.163925409317,0.12139999999999998
7.5,11364.18188238144,0.1212
7.5,11365.20198726654,0.1212
7.5,11366.222534418106,0.12139999999999998
7.5,11367.239713191986,0.12139999999999998
7.5,11368.245819568634,0.11699999999999999
7.5,11369.265639066696,0.11699999999999999
7.5,11370.284045696259,0.11699999999999999
7.5,11371.302285671234,0.11359999999999999
7.5,11372.319135904312,0.11779999999999999
7.5,11373.32520365715,0.11779999999999999
7.5,11374.34805727005,0.118
7.5,11375.365669727325,0.118
7.5,11377.384645223618,0.12219999999999999
7.5,11378.399582624435,0.12219999999999999
7.5,11379.437277793884,0.12219999999999999
7.5,11380.451595306396,0.12219999999999999
7.5,11381.453625679016,0.12219999999999999
7.5,11382.466145992279,0.12219999999999999
7.5,11383.46935391426,0.12219999999999999
7.5,11384.471420288086,0.12219999999999999
7.5,11385.474394321442,0.12219999999999999
7.5,11386.478909254074,0.12219999999999999
7.5,11387.485249519348,0.12219999999999999
7.5,11388.485731124878,0.12219999999999999
7.5,11389.486350536346,0.12219999999999999
7.5,11390.487005233765,0.11779999999999999
7.5,11391.487559318542,0.11779999999999999
7.5,11392.488070011139,0.11779999999999999
7.5,11393.488637685776,0.11779999999999999
7.5,11394.512237071991,0.11439999999999999
7.5,11395.512991428375,0.1187
7.5,11397.520533561707,0.1187
7.5,11398.533906459808,0.11879999999999999
7.5,11399.545557022095,0.1187
7.5,11400.560289859772,0.1187
7.5,11401.576475858688,0.1187
7.5,11402.592946767807,0.1187
7.5,11403.610072374344,0.1187
7.5,11404.645759820938,0.1187
7.5,11405.648696660995,0.1187
7.5,11406.656531333923,0.1187
7.5,11407.667073011398,0.1187
7.5,11408.682727575302,0.11879999999999999
7.5,11409.69144320488,0.12309999999999999
7.5,11410.692959308624,0.12309999999999999
7.5,11411.693547010422,0.12309999999999999
7.5,11412.69409108162,0.12309999999999999
7.5,11413.694639921188,0.1187
7.5,11414.695141077042,0.1187
7.5,11415.695714235306,0.1187
7.5,11417.696693181992,0.1187
7.5,11418.697932243347,0.11879999999999999
7.5,11419.698960781097,0.1153
7.5,11420.700356006622,0.1153
7.5,11421.701288700104,0.1187
7.5,11422.702121973038,0.1153
7.5,11423.702864408493,0.1153
7.5,11424.703582763672,0.1153
7.5,11425.704121351242,0.1153
7.5,11426.704607486725,0.1197
7.5,11427.705126285553,0.1197
7.5,11428.706540346146,0.1197
7.5,11429.707095384598,0.1197
7.5,11430.707470417023,0.1197
7.5,11431.708091020584,0.12389999999999998
7.5,11432.709867477417,0.12389999999999998
7.5,11433.710911989212,0.12389999999999998
7.5,11435.711792707443,0.12389999999999998
7.5,11436.713907957077,0.12389999999999998
7.5,11437.714553833008,0.12389999999999998
7.5,11438.715347290039,0.1197
7.5,11439.715799093246,0.1197
7.5,11440.716783761978,0.1197
7.5,11441.71792936325,0.1195
7.5,11442.71850013733,0.1197
7.5,11443.719058990479,0.1197
7.5,11444.719820976257,0.1197
7.5,11445.720484972,0.1197
7.5,11446.721125364304,0.1197
7.5,11447.722859621048,0.1197
7.5,11448.723839521408,0.1205
7.5,11449.726058006287,0.1205
7.5,11450.728326797485,0.1205
7.5,11451.729571819305,0.1205
7.5,11453.730777025223,0.1205
7.5,11454.74007987976,0.1248
7.5,11455.7414290905,0.1248
7.5,11456.748692512512,0.1248
7.5,11457.761071920395,0.1248
7.5,11458.772248506546,0.1248
7.5,11459.787459373474,0.1248
7.5,11460.806257724762,0.1248
7.5,11461.824409484863,0.1248
7.5,11462.841577768326,0.1248
7.5,11463.855550765991,0.1248
7.5,11464.86546754837,0.1248
7.5,11465.88256907463,0.1248
7.5,11466.906296253204,0.1204
7.5,11467.928609848022,0.1204
7.5,11468.945719480515,0.1205
7.5,11469.957482337952,0.1205
7.5,11470.97472190857,0.1204
7.5,11472.989971876144,0.1212
7.5,11474.005785942078,0.1212
7.5,11475.02401471138,0.1212
7.5,11476.035623073578,0.1212
7.5,11477.053112745285,0.12139999999999998
7.5,11478.071245670319,0.1212
7.5,11479.088131427765,0.12139999999999998
7.5,11480.105124473572,0.12139999999999998
7.5,11481.122706890106,0.1212
7.5,11482.136504411697,0.12139999999999998
7.5,11483.153823375702,0.1212
7.5,11484.159959077835,0.12139999999999998
7.5,11485.179846525192,0.1212
7.5,11486.19654083252,0.1212
7.5,11487.214924573898,0.1256
7.5,11488.230531930923,0.1256
7.5,11489.238202810287,0.1256
7.5,11490.254564285278,0.1256
7.5,11491.264446020126,0.1256
7.5,11493.285117387772,0.12139999999999998
7.5,11494.290889501572,0.1212
7.5,11495.31022977829,0.1212
7.5,11496.328734397888,0.1212
7.5,11497.345516204834,0.12139999999999998
7.5,11498.363062858582,0.12139999999999998
7.5,11499.37856388092,0.1212
7.5,11500.396411180496,0.1212
7.5,11501.414447546005,0.1212
7.5,11502.42095208168,0.1212
7.5,11503.443234920502,0.1212
7.5,11504.46180677414,0.1212
7.5,11505.46843624115,0.1212
7.5,11506.507152080536,0.1212
7.5,11507.52271771431,0.12219999999999999
7.5,11508.52511048317,0.12219999999999999
7.5,11509.528105258942,0.12219999999999999
7.5,11510.528736829758,0.12219999999999999
7.5,11511.535239696503,0.1265
7.5,11513.541055440903,0.1265
7.5,11514.549659013748,0.1265
7.5,11515.552184343338,0.1265
7.5,11516.553546905518,0.1265
7.5,11517.558048248291,0.1265
7.5,11518.558481693268,0.1265
7.5,11519.559391736984,0.1265
7.5,11520.560647726059,0.1265
7.5,11521.561141252518,0.1265
7.5,11522.562007427216,0.1265
7.5,11523.562522888184,0.1265
7.5,11524.563248872757,0.1265
7.5,11525.564617156982,0.1265
7.5,11526.566772460938,0.1265
7.5,11527.567509889603,0.1265
7.5,11528.568066596985,0.12219999999999999
7.5,11529.568503856659,0.12219999999999999
7.5,11530.569005727768,0.12219999999999999
7.5,11531.569483757019,0.12219999999999999
7.5,11533.570074558258,0.12219999999999999
7.5,11534.574099063873,0.12219999999999999
7.5,11535.575375556946,0.12219999999999999
7.5,11536.577069759369,0.12219999999999999
7.5,11537.5822660923,0.12219999999999999
7.5,11538.583486795425,0.12219999999999999
7.5,11539.584059000015,0.12219999999999999
7.5,11540.584737300873,0.12219999999999999
7.5,11541.585913658142,0.12219999999999999
7.5,11542.596538305283,0.12219999999999999
7.5,11543.603452444077,0.12309999999999999
7.5,11544.617562055588,0.12309999999999999
7.5,11545.631622314453,0.12309999999999999
7.5,11546.645691394806,0.12309999999999999
7.5,11547.654669046402,0.12309999999999999
7.5,11548.671339035034,0.12309999999999999
7.5,11549.680984020233,0.12309999999999999
7.5,11550.710616588593,0.12309999999999999
7.5,11552.72987651825,0.12309999999999999
7.5,11553.741840839386,0.12309999999999999
7.5,11554.74319767952,0.12309999999999999
7.5,11555.780697107315,0.12309999999999999
7.5,11556.781279087067,0.12309999999999999
7.5,11557.781810760498,0.12309999999999999
7.5,11558.782257080078,0.12309999999999999
7.5,11559.78273653984,0.12309999999999999
7.5,11560.78332734108,0.12309999999999999
7.5,11561.787721395493,0.12309999999999999
7.5,11562.788743019104,0.12309999999999999
7.5,11563.789545536041,0.12309999999999999
7.5,11564.793217897415,0.12309999999999999
7.5,11565.794510126114,0.12309999999999999
7.5,11566.795619010925,0.12309999999999999
7.5,11567.796642065048,0.12309999999999999
7.5,11568.797776699066,0.12309999999999999
7.5,11569.805335760117,0.1229
7.5,11570.80650305748,0.1197
7.5,11572.814041614532,0.12389999999999998
7.5,11573.823982477188,0.12389999999999998
7.5,11574.83334159851,0.12389999999999998
7.5,11575.84360074997,0.12389999999999998
7.5,11576.86060166359,0.12389999999999998
7.5,11577.873794555664,0.12389999999999998
7.5,11578.89027762413,0.12389999999999998
7.5,11579.90431189537,0.12389999999999998
7.5,11580.912759065628,0.12389999999999998
7.5,11581.931451320648,0.12389999999999998
7.5,11582.949494600296,0.12389999999999998
7.5,11583.967896699905,0.12389999999999998
7.5,11584.984694004059,0.12389999999999998
7.5,11585.998624801636,0.12389999999999998
7.5,11587.01657485962,0.12389999999999998
7.5,11588.025558948517,0.12389999999999998
7.5,11589.047928571701,0.12389999999999998
7.5,11590.065538167953,0.12389999999999998
7.5,11591.083068847656,0.12389999999999998
7.5,11593.102022647858,0.12389999999999998
7.5,11594.113407611847,0.12389999999999998
7.5,11595.130615234375,0.12389999999999998
7.5,11596.135171175003,0.12389999999999998
7.5,11597.153814554214,0.12389999999999998
7.5,11598.170922279358,0.12389999999999998
7.5,11599.188972234726,0.12389999999999998
7.5,11600.208649873734,0.12389999999999998
7.5,11601.214614391327,0.12389999999999998
7.5,11602.231333971024,0.12389999999999998
7.5,11603.250656843185,0.12389999999999998
7.5,11604.267189264297,0.12389999999999998
7.5,11605.284771442413,0.12389999999999998
7.5,11606.300723314285,0.12389999999999998
7.5,11607.319675683975,0.12389999999999998
7.5,11608.339163303375,0.12389999999999998
7.5,11609.357424736023,0.12389999999999998
7.5,11610.374498844147,0.12389999999999998
7.5,11611.392301559448,0.12389999999999998
7.5,11613.413512706757,0.1248
7.5,11614.423944473267,0.1248
7.5,11615.441686868668,0.1248
7.5,11616.458536148071,0.1248
7.5,11617.469508647919,0.1248
7.5,11618.483583211899,0.1248
7.5,11619.501968383789,0.1248
7.5,11620.51817703247,0.1248
7.5,11621.554430961609,0.1248
7.5,11622.559648752213,0.1248
7.5,11623.579685926437,0.1248
7.5,11624.586379051208,0.1248
7.5,11625.588290929794,0.1248
7.5,11626.589154958725,0.1248
7.5,11627.590417861938,0.1248
7.5,11628.592656135559,0.1248
7.5,11629.597651720047,0.1248
7.5,11630.60095334053,0.1248
7.5,11631.602029800415,0.1248
7.5,11633.602798223495,0.1248
7.5,11634.603359937668,0.1248
7.5,11635.603899002075,0.1248
7.5,11636.60442852974,0.1248
7.5,11637.605070352554,0.1248
7.5,11638.616462945938,0.1248
7.5,11639.61778330803,0.1248
7.5,11640.618588924408,0.1248
7.5,11641.619150161743,0.1248
7.5,11642.619691371918,0.1248
7.5,11643.620858192444,0.1248
7.5,11644.621759653091,0.1248
7.5,11645.622344970703,0.1248
7.5,11646.62303519249,0.1248
7.5,11647.62935423851,0.1248
7.5,11648.630766868591,0.1248
7.5,11649.632032632828,0.1248
7.5,11651.632865667343,0.1248
7.5,11652.6416182518,0.1248
7.5,11653.651340723038,0.1248
7.5,11654.653351783752,0.1248
7.5,11655.665993213654,0.1248
7.5,11656.67957997322,0.1248
7.5,11657.69559597969,0.1248
7.5,11658.712596654892,0.1248
7.5,11659.715106725693,0.1248
7.5,11660.733002901077,0.1248
7.5,11661.74722957611,0.1248
7.5,11662.754383563995,0.1248
7.5,11663.758617639542,0.1248
7.5,11664.776365995407,0.1248
7.5,11665.841807126999,0.1248
7.5,11666.853042840958,0.1256
7.5,11667.85404920578,0.1256
7.5,11668.854818105698,0.1256
7.5,11670.855476140976,0.1256
7.5,11671.867771148682,0.1256
7.5,11672.87046122551,0.1256
7.5,11673.870896577835,0.1256
7.5,11674.87860417366,0.1256
7.5,11675.880332231522,0.1256
7.5,11676.891852140427,0.1256
7.5,11677.903824567795,0.1256
7.5,11678.912801980972,0.1256
7.5,11679.926973104477,0.1256
7.5,11680.942236185074,0.1256
7.5,11681.960791349411,0.1256
7.5,11682.980340242386,0.1256
7.5,11683.998222827911,0.1299
7.5,11685.016979455948,0.1299
7.5,11686.026665449142,0.1299
7.5,11687.035335302353,0.1299
7.5,11688.055251598358,0.1299
7.5,11690.059656381607,0.1299
7.5,11691.074216365814,0.1299
7.5,11692.092294931412,0.1299
7.5,11693.106813430786,0.1299
7.5,11694.115414857864,0.1299
7.5,11695.132066488266,0.1299
7.5,11696.151365041733,0.1299
7.5,11697.168444871902,0.1299
7.5,11698.18291592598,0.1299
7.5,11699.19961977005,0.1299
7.5,11700.217025995255,0.1299
7.5,11701.233318805695,0.1299
7.5,11702.2504093647,0.1299
7.5,11703.266743898392,0.1299
7.5,11704.278880119324,0.1299
7.5,11705.2935962677,0.1299
7.5,11706.30538892746,0.1299
7.5,11707.325828075409,0.1256
7.5,11708.342246055603,0.1256
7.5,11710.345858097076,0.1256
7.5,11711.35958647728,0.1256
7.5,11712.375288248062,0.1256
7.5,11713.384074687958,0.1256
7.5,11714.406979322433,0.1256
7.5,11715.422090530396,0.1256
7.5,11716.437265872955,0.1256
7.5,11717.454951524734,0.1256
7.5,11718.469183444977,0.1256
7.5,11719.488558292389,0.1256
7.5,11720.510297775269,0.1256
7.5,11721.51552271843,0.1256
7.5,11722.535690546036,0.1256
7.5,11723.544164896011,0.1256
7.5,11724.563133955002,0.1256
7.5,11725.595699548721,0.1256
7.5,11726.600912809372,0.1256
7.5,11727.605996131897,0.1256
7.5,11728.61614203453,0.1256
7.5,11730.620869874954,0.1265
7.5,11731.633967399597,0.1265
7.5,11732.635582208633,0.1265
7.5,11733.638412714005,0.1265
7.5,11734.646569490433,0.1265
7.5,11735.64759516716,0.1265
7.5,11736.649047851562,0.1265
7.5,11737.64987039566,0.1265
7.5,11738.65032196045,0.1265
7.5,11739.651476860046,0.1265
7.5,11740.652657270432,0.1265
7.5,11741.653441905975,0.1265
7.5,11742.653878211975,0.1265
7.5,11743.654380321503,0.1265
7.5,11744.654998064041,0.1265
7.5,11745.655529737473,0.1265
7.5,11746.656635522842,0.1265
7.5,11747.657509803772,0.1265
7.5,11748.658381938934,0.1265
7.5,11750.658986091614,0.1265
7.5,11751.659590482712,0.1265
7.5,11752.661157131195,0.1265
7.5,11753.66199874878,0.1265
7.5,11754.662517786026,0.1265
7.5,11755.663422822952,0.1265
7.5,11756.66391158104,0.1265
7.5,11757.665503025055,0.1265
7.5,11758.67727303505,0.1265
7.5,11759.67952632904,0.1265
7.5,11760.680647611618,0.1265
7.5,11761.681901693344,0.13069999999999998
7.5,11762.68297123909,0.13069999999999998
7.5,11763.68452167511,0.13069999999999998
7.5,11764.692407131195,0.13069999999999998
7.5,11765.700522899628,0.13069999999999998
7.5,11766.712582826614,0.13069999999999998
7.5,11768.726139307022,0.13069999999999998
7.5,11769.741958141327,0.13069999999999998
7.5,11770.761292219162,0.13069999999999998
7.5,11771.77729010582,0.13069999999999998
7.5,11772.780918359756,0.13069999999999998
7.5,11773.799030542374,0.13069999999999998
7.5,11774.814566850662,0.13069999999999998
7.5,11775.847030639648,0.13069999999999998
7.5,11776.89479470253,0.13069999999999998
7.5,11777.907421827316,0.13069999999999998
7.5,11778.908505439758,0.13069999999999998
7.5,11779.909558534622,0.13069999999999998
7.5,11780.910396814346,0.13069999999999998
7.5,11781.914855957031,0.13069999999999998
7.5,11782.915590047836,0.13069999999999998
7.5,11783.916418552399,0.13069999999999998
7.5,11784.917572498322,0.13069999999999998
7.5,11785.918273925781,0.13069999999999998
7.5,11786.919372558594,0.13069999999999998
7.5,11788.920064210892,0.13069999999999998
7.5,11789.9291639328,0.13069999999999998
7.5,11790.939260959625,0.13069999999999998
7.5,11791.942708969116,0.1265
7.5,11792.95502448082,0.1265
7.5,11793.97128534317,0.1265
7.5,11794.987779855728,0.1265
7.5,11796.003902673721,0.1265
7.5,11797.020488739014,0.1265
7.5,11798.035651922226,0.1265
7.5,11799.053102731705,0.1265
7.5,11800.056305408478,0.1265
7.5,11801.067115306854,0.1265
7.5,11802.072409391403,0.1265
7.5,11803.087960720062,0.1265
7.5,11804.103881120682,0.1265
7.5,11805.113207101822,0.1265
7.5,11806.13639831543,0.1265
7.5,11808.15465426445,0.1265
7.5,11809.167967319489,0.1265
7.5,11810.18325662613,0.1265
7.5,11811.197666406631,0.1265
7.5,11812.213833332062,0.1265
7.5,11813.216122150421,0.1265
7.5,11814.234864234924,0.1265
7.5,11815.249219179153,0.1265
7.5,11816.266090869904,0.1265
7.5,11817.283774375916,0.1265
7.5,11818.301844120026,0.1265
7.5,11819.318312168121,0.1265
7.5,11820.330914974213,0.1265
7.5,11821.347794771194,0.1265
7.5,11822.358249425888,0.1265
7.5,11823.375698804855,0.1265
7.5,11824.382677793503,0.1265
7.5,11825.405773639679,0.12309999999999999
7.5,11826.423749923706,0.12309999999999999
7.5,11828.441662788391,0.12309999999999999
7.5,11829.453614234924,0.12309999999999999
7.5,11830.470360040665,0.12309999999999999
7.5,11831.488119602203,0.12309999999999999
7.5,11832.506251573563,0.12309999999999999
7.5,11833.523114681244,0.12309999999999999
7.5,11834.539696216583,0.1229
7.5,11835.556729793549,0.12309999999999999
7.5,11836.573824882507,0.12309999999999999
7.5,11837.591315507889,0.12309999999999999
7.5,11838.598308563232,0.12309999999999999
7.5,11839.621634721756,0.12309999999999999
7.5,11840.63963675499,0.12309999999999999
7.5,11841.666689157486,0.12309999999999999
7.5,11842.675763130188,0.12309999999999999
7.5,11843.691935300827,0.12309999999999999
7.5,11844.694420814514,0.1316
7.5,11845.702308177948,0.1316
7.5,11846.707907676697,0.1316
7.5,11848.70996761322,0.1316
7.5,11849.713234901428,0.1316
7.5,11850.716395378113,0.1316
7.5,11851.718215703964,0.1316
7.5,11852.718676328659,0.1316
7.5,11853.719952821732,0.1316
7.5,11854.720523118973,0.1316
7.5,11855.721101760864,0.1316
7.5,11856.721752405167,0.1316
7.5,11857.723540782928,0.1316
7.5,11858.724410057068,0.1316
7.5,11859.727458000183,0.1316
7.5,11860.728887557983,0.1316
7.5,11861.730244636536,0.1316
7.5,11862.730788707733,0.1316
7.5,11863.731712579727,0.1316
7.5,11864.73213505745,0.1316
7.5,11865.732576608658,0.1316
7.5,11866.733285665512,0.1316
7.5,11868.735002994537,0.1316
7.5,11869.746435642242,0.1316
7.5,11870.76016163826,0.1316
7.5,11871.76887345314,0.1316
7.5,11872.779487371445,0.1316
7.5,11873.794067382812,0.1316
7.5,11874.809136152267,0.1316
7.5,11875.823617458344,0.1316
7.5,11876.842276096344,0.1316
7.5,11877.858897686005,0.1316
7.5,11878.864020824432,0.1316
7.5,11879.880977153778,0.1316
7.5,11880.908748865128,0.1316
7.5,11881.921558380127,0.1316
7.5,11882.922829151154,0.1316
7.5,11883.923742294312,0.1316
7.5,11884.925395727158,0.1316
7.5,11885.938603401184,0.1316
7.5,11887.949209451675,0.1316
7.5,11888.95057606697,0.1316
7.5,11889.951041221619,0.1316
7.5,11890.952974319458,0.12309999999999999
7.5,11891.954255342484,0.1316
7.5,11892.958709955215,0.1316
7.5,11893.962792396545,0.1316
7.5,11894.964499235153,0.1316
7.5,11895.965737581253,0.1316
7.5,11896.966165065765,0.12309999999999999
7.5,11897.968098163605,0.12309999999999999
7.5,11898.968822479248,0.12309999999999999
7.5,11899.969507932663,0.12309999999999999
7.5,11900.970153808594,0.1229
7.5,11901.970643043518,0.12309999999999999
7.5,11902.971195220947,0.12309999999999999
7.5,11903.971843719482,0.12309999999999999
7.5,11904.972387075424,0.12309999999999999
7.5,11905.973309755325,0.12309999999999999
7.5,11907.975193500519,0.12389999999999998
7.5,11908.985931873322,0.12389999999999998
7.5,11909.998383283615,0.12389999999999998
7.5,11911.009552955627,0.12389999999999998
7.5,11912.02045416832,0.12389999999999998
7.5,11913.042006015778,0.12389999999999998
7.5,11914.05273604393,0.12389999999999998
7.5,11915.071480989456,0.12389999999999998
7.5,11916.08712053299,0.12389999999999998
7.5,11917.106140136719,0.12389999999999998
7.5,11918.125690460205,0.12389999999999998
7.5,11919.14283323288,0.12389999999999998
7.5,11920.163206577301,0.12389999999999998
7.5,11921.180375814438,0.12389999999999998
7.5,11922.19558262825,0.12389999999999998
7.5,11923.21240568161,0.12389999999999998
7.5,11924.230538845062,0.12389999999999998
7.5,11925.247776508331,0.12389999999999998
7.5,11927.270641803741,0.12389999999999998
7.5,11928.273984193802,0.12389999999999998
7.5,11929.294253826141,0.12389999999999998
7.5,11930.310020685196,0.12389999999999998
7.5,11931.327347755432,0.12389999999999998
7.5,11932.346086502075,0.12389999999999998
7.5,11933.3636136055,0.12389999999999998
7.5,11934.381762504578,0.12389999999999998
7.5,11935.398005008698,0.12389999999999998
7.5,11936.416787147522,0.12389999999999998
7.5,11937.431917190552,0.12389999999999998
7.5,11938.455461025238,0.12389999999999998
7.5,11939.472261190414,0.12389999999999998
7.5,11940.475998163223,0.12389999999999998
7.5,11941.49629330635,0.12389999999999998
7.5,11942.513392448425,0.12389999999999998
7.5,11943.535181045532,0.12389999999999998
7.5,11944.55151939392,0.12389999999999998
7.5,11945.567054510117,0.12389999999999998
7.5,11947.578941583633,0.12389999999999998
7.5,11948.596983671188,0.12389999999999998
7.5,11949.614997625351,0.12389999999999998
7.5,11950.633113622665,0.12389999999999998
7.5,11951.649596691132,0.12389999999999998
7.5,11952.666812419891,0.12389999999999998
7.5,11953.677904844284,0.12389999999999998
7.5,11954.69604086876,0.12389999999999998
7.5,11955.713192939758,0.12389999999999998
7.5,11956.721201658249,0.12389999999999998
7.5,11957.751240491867,0.12389999999999998
7.5,11958.760023117065,0.12389999999999998
7.5,11959.769257068634,0.12389999999999998
7.5,11960.80742239952,0.12389999999999998
7.5,11961.810414791107,0.12389999999999998
7.5,11962.811665773392,0.12389999999999998
7.5,11963.812947273254,0.12389999999999998
7.5,11964.813894033432,0.12389999999999998
7.5,11965.814310312271,0.12389999999999998
7.5,11967.815044164658,0.12389999999999998
7.5,11968.825260162354,0.12389999999999998
7.5,11969.82694029808,0.12389999999999998
7.5,11970.82872414589,0.12389999999999998
7.5,11971.829766750336,0.12389999999999998
7.5,11972.840699672699,0.12389999999999998
7.5,11973.848797798157,0.12389999999999998
7.5,11974.862749099731,0.12389999999999998
7.5,11975.876203775406,0.12389999999999998
7.5,11976.89145231247,0.12389999999999998
7.5,11977.909298419952,0.12389999999999998
7.5,11978.925943374634,0.12389999999999998
7.5,11979.957632303238,0.12389999999999998
7.5,11980.963097810745,0.12389999999999998
7.5,11981.990908145905,0.12389999999999998
7.5,11982.992874860764,0.12389999999999998
7.5,11983.996505975723,0.12389999999999998
7.5,11985.006250858307,0.12389999999999998
7.5,11987.007645845413,0.12389999999999998
7.5,11988.00878238678,0.12389999999999998
7.5,11989.00963973999,0.12389999999999998
7.5,11990.010345458984,0.12389999999999998
7.5,11991.010981321335,0.12389999999999998
7.5,11992.012444734573,0.1324
7.5,11993.013841152191,0.12389999999999998
7.5,11994.014971017838,0.12389999999999998
7.5,11995.01653766632,0.12389999999999998
7.5,11996.01707291603,0.12389999999999998
7.5,11997.017936944962,0.12389999999999998
7.5,11998.018435955048,0.1324
7.5,11999.018864631653,0.1324
7.5,12000.021830797195,0.1324
7.5,12001.022377729416,0.1324
7.5,12002.022945642471,0.1324
7.5,12003.024015665054,0.1324
7.5,12004.025261163712,0.1324
7.5,12005.026391506195,0.1324
7.5,12007.027787685394,0.1324
7.5,12008.038134098053,0.1324
7.5,12009.051499605179,0.1324
7.5,12010.064443349838,0.1324
7.5,12011.068858146667,0.1324
7.5,12012.081685304642,0.1324
7.5,12013.087238311768,0.1324
7.5,12014.104809761047,0.1324
7.5,12015.116767406464,0.1324
7.5,12016.131478786469,0.1324
7.5,12017.147703170776,0.1324
7.5,12018.165163755417,0.1324
7.5,12019.181426286697,0.1324
7.5,12020.199867010117,0.1324
7.5,12021.216763496399,0.1324
7.5,12022.232856750488,0.1324
7.5,12023.250802993774,0.1324
7.5,12024.268927812576,0.1324
7.5,12026.289501428604,0.1324
7.5,12027.303856134415,0.1324
7.5,12028.319827318192,0.1324
7.5,12029.333686113358,0.1324
7.5,12030.338880300522,0.1324
7.5,12031.355932235718,0.1324
7.5,12032.374559402466,0.1324
7.5,12033.390450954437,0.1324
7.5,12034.409296035767,0.1324
7.5,12035.42653632164,0.1324
7.5,12036.446616649628,0.1324
7.5,12037.458607912064,0.1324
7.5,12038.477520227432,0.1324
7.5,12039.496497869492,0.1324
7.5,12040.513377904892,0.1324
7.5,12041.534168481827,0.1324
7.5,12042.541296005249,0.1324
7.5,12043.55251121521,0.1324
7.5,12044.559084892273,0.1324
7.5,12046.57848739624,0.12389999999999998
7.5,12047.589544296265,0.12389999999999998
7.5,12048.591770887375,0.12389999999999998
7.5,12049.610803604126,0.12389999999999998
7.5,12050.628742218018,0.12389999999999998
7.5,12051.631487607956,0.12389999999999998
7.5,12052.650175571442,0.12389999999999998
7.5,12053.666699647903,0.12389999999999998
7.5,12054.683465480804,0.12389999999999998
7.5,12055.68696975708,0.12389999999999998
7.5,12056.702724695206,0.12389999999999998
7.5,12057.720817565918,0.12389999999999998
7.5,12058.738514184952,0.12389999999999998
7.5,12059.756328582764,0.12389999999999998
7.5,12060.793907642365,0.12389999999999998
7.5,12061.796829462051,0.1248
7.5,12062.812253713608,0.1248
7.5,12063.815218448639,0.1248
7.5,12064.816254854202,0.1248
7.5,12066.818053722382,0.1248
7.5,12067.829751491547,0.1248
7.5,12068.833692789078,0.1248
7.5,12069.835391521454,0.1248
7.5,12070.84315609932,0.1248
7.5,12071.84436917305,0.1248
7.5,12072.851425170898,0.1248
7.5,12073.85651564598,0.1248
7.5,12074.858072042465,0.1248
7.5,12075.859092712402,0.1248
7.5,12076.860253572464,0.1248
7.5,12077.860951423645,0.1248
7.5,12078.861993789673,0.1248
7.5,12079.863512516022,0.1248
7.5,12080.863961696625,0.1248
7.5,12081.870066165924,0.1248
7.5,12082.871544361115,0.1248
7.5,12083.872867822647,0.1248
7.5,12085.87409210205,0.1248
7.5,12086.884013414383,0.1248
7.5,12087.893807649612,0.1248
7.5,12088.906581878662,0.1248
7.5,12089.921092033386,0.1248
7.5,12090.92463183403,0.1248
7.5,12091.942219018936,0.1248
7.5,12092.957509040833,0.1248
7.5,12093.974269628525,0.1248
7.5,12094.991572618484,0.1248
7.5,12096.002265691757,0.1248
7.5,12097.004628181458,0.1248
7.5,12098.023186206818,0.1248
7.5,12099.053406000137,0.1248
7.5,12100.057510137558,0.1248
7.5,12101.064541578293,0.1248
7.5,12102.074096441269,0.1248
7.5,12103.079777479172,0.1248
7.5,12105.093676567078,0.1248
7.5,12106.096863985062,0.1248
7.5,12107.10351729393,0.1248
7.5,12108.104596853256,0.1248
7.5,12109.105571746826,0.1248
7.5,12110.10627746582,0.1248
7.5,12111.10766005516,0.1248
7.5,12112.108557462692,0.1248
7.5,12113.109131336212,0.1248
7.5,12114.110585927963,0.1248
7.5,12115.111523628235,0.1248
7.5,12116.112481594086,0.1248
7.5,12117.113449335098,0.1248
7.5,12118.114620923996,0.1248
7.5,12119.116085290909,0.1248
7.5,12120.116655349731,0.1248
7.5,12121.117301225662,0.1248
7.5,12122.117695569992,0.1248
7.5,12123.118459939957,0.1248
7.5,12125.119844913483,0.1248
7.5,12126.122236251831,0.1248
7.5,12127.123621702194,0.1248
7.5,12128.124035596848,0.1248
7.5,12129.125696897507,0.1248
7.5,12130.126981258392,0.1248
7.5,12131.127452850342,0.1248
7.5,12132.127952575684,0.1248
7.5,12133.128383159637,0.1248
7.5,12134.128994941711,0.1248
7.5,12135.129433631897,0.1248
7.5,12136.129878044128,0.1248
7.5,12137.130451440811,0.1248
7.5,12138.131787061691,0.1248
7.5,12139.132622480392,0.1248
7.5,12140.133498191833,0.1248
7.5,12141.135668992996,0.1248
7.5,12142.137925624847,0.1248
7.5,12144.13924908638,0.1248
7.5,12145.150032997131,0.1248
7.5,12146.15906214714,0.1248
7.5,12147.160410404205,0.1248
7.5,12148.172640323639,0.1248
7.5,12149.18812084198,0.1248
7.5,12150.204890012741,0.1248
7.5,12151.207038402557,0.1248
7.5,12152.222634077072,0.1248
7.5,12153.23511147499,0.1248
7.5,12154.252211332321,0.1248
7.5,12155.270490169525,0.1248
7.5,12156.273563146591,0.1248
7.5,12157.289596319199,0.1248
7.5,12158.309052944183,0.1248
7.5,12159.326416015625,0.1248
7.5,12160.336798906326,0.1248
7.5,12161.353584051132,0.1248
7.5,12162.371534347534,0.1248
7.5,12164.388170003891,0.1248
7.5,12165.400830745697,0.1248
7.5,12166.422852754593,0.1248
7.5,12167.435316085815,0.1248
7.5,12168.453969240189,0.1248
7.5,12169.461475849152,0.1248
7.5,12170.481270313263,0.1248
7.5,12171.497420549393,0.1248
7.5,12172.513226747513,0.1248
7.5,12173.532368183136,0.1248
7.5,12174.54459452629,0.1248
7.5,12175.560590982437,0.1248
7.5,12176.567855358124,0.1248
7.5,12177.586770534515,0.1248
7.5,12178.601122617722,0.1248
7.5,12179.617510795593,0.1248
7.5,12180.637788534164,0.1248
7.5,12181.648425579071,0.1248
7.5,12182.665397405624,0.1248
7.5,12184.680893421173,0.1248
7.5,12185.69245171547,0.1248
7.5,12186.709943294525,0.1248
7.5,12187.725692033768,0.1248
7.5,12188.74456524849,0.1248
7.5,12189.759721040726,0.1248
7.5,12190.776332378387,0.1248
7.5,12191.793394804,0.1248
7.5,12192.811798810959,0.1248
7.5,12193.85191822052,0.1248
7.5,12194.868335485458,0.1248
7.5,12195.871320962906,0.1333
7.5,12196.873806238174,0.1333
7.5,12197.89215373993,0.1333
7.5,12198.894557237625,0.1333
7.5,12199.89561009407,0.1333
7.5,12200.896798372269,0.1333
7.5,12201.898195266724,0.1333
7.5,12202.898945331573,0.1333
7.5,12204.90080690384,0.1333
7.5,12205.901757717133,0.1333
7.5,12206.9025015831,0.1333
7.5,12207.903116226196,0.1333
7.5,12208.903784751892,0.1333
7.5,12209.904242992401,0.1333
7.5,12210.904940605164,0.1333
7.5,12211.905311107635,0.1333
7.5,12212.906028747559,0.1333
7.5,12213.907542943954,0.1333
7.5,12214.908970832825,0.1333
7.5,12215.910400390625,0.1333
7.5,12216.91097164154,0.1333
7.5,12217.911556482315,0.1333
7.5,12218.91218829155,0.1333
7.5,12219.912814378738,0.1333
7.5,12220.913414001465,0.1333
7.5,12221.915241479874,0.1333
7.5,12223.915947437286,0.1333
7.5,12224.925139188766,0.1333
7.5,12225.92616033554,0.1333
7.5,12226.927581071854,0.1333
7.5,12227.929292440414,0.1333
7.5,12228.932370185852,0.1333
7.5,12229.934468984604,0.1333
7.5,12230.948724031448,0.1333
7.5,12231.963389635086,0.1333
7.5,12232.980336666107,0.1333
7.5,12233.996916770935,0.1333
7.5,12235.01243519783,0.1333
7.5,12236.029940843582,0.1333
7.5,12237.048905611038,0.1333
7.5,12238.068044900894,0.1333
7.5,12239.105122566223,0.1333
7.5,12240.123066663742,0.1333
7.5,12241.138541936874,0.1333
7.5,12243.144578933716,0.1333
7.5,12244.155711174011,0.1333
7.5,12245.157235860825,0.1333
7.5,12246.164244413376,0.1333
7.5,12247.175690412521,0.1333
7.5,12248.176653862,0.1333
7.5,12249.179349184036,0.1333
7.5,12250.1804728508,0.1333
7.5,12251.181931972504,0.1333
7.5,12252.182557106018,0.1333
7.5,12253.1830432415,0.1333
7.5,12254.183822393417,0.1333
7.5,12255.184607744217,0.1333
7.5,12256.193432807922,0.1333
7.5,12257.198519706726,0.1333
7.5,12258.199017047882,0.1333
7.5,12259.207171201706,0.1333
7.5,12260.219779253006,0.1333
7.5,12261.231468439102,0.1333
7.5,12263.239680051804,0.1333
7.5,12264.24652504921,0.1333
7.5,12265.262452840805,0.1333
7.5,12266.28155374527,0.1333
7.5,12267.301349401474,0.1333
7.5,12268.318980455399,0.1333
7.5,12269.338747262955,0.1333
7.5,12270.355601787567,0.1333
7.5,12271.372485160828,0.1333
7.5,12272.391689538956,0.1333
7.5,12273.410107135773,0.1333
7.5,12274.42749619484,0.1333
7.5,12275.445089101791,0.1333
7.5,12276.46299290657,0.1333
7.5,12277.481088161469,0.1333
7.5,12278.498131275177,0.1333
7.5,12279.515840768814,0.1333
7.5,12280.533473730087,0.1333
7.5,12281.550409555435,0.1333
7.5,12283.568776845932,0.1333
7.5,12284.5840883255,0.1333
7.5,12285.595791101456,0.1333
7.5,12286.613544464111,0.1333
7.5,12287.63102388382,0.1333
7.5,12288.650998830795,0.1333
7.5,12289.673416852951,0.1333
7.5,12290.689937829971,0.1333
7.5,12291.70862197876,0.1333
7.5,12292.726068258286,0.1333
7.5,12293.743717432022,0.1333
7.5,12294.760306119919,0.1333
7.5,12295.776374578476,0.1333
7.5,12296.7790517807,0.1333
7.5,12297.798355817795,0.1333
7.5,12298.817242383957,0.1333
7.5,12299.831635951996,0.1333
7.5,12300.84680056572,0.1333
7.5,12301.849820137024,0.1333
7.5,12303.880011081696,0.1333
7.5,12304.89092040062,0.1333
7.5,12305.904109477997,0.1333
7.5,12306.90563249588,0.1333
7.5,12307.906841278076,0.1333
7.5,12308.908000469208,0.1333
7.5,12309.920016765594,0.1333
7.5,12310.922527313232,0.1333
7.5,12311.926654815674,0.1333
7.5,12312.930508375168,0.1333
7.5,12313.931835889816,0.1333
7.5,12314.937055587769,0.1333
7.5,12315.937945365906,0.1333
7.5,12316.939448356628,0.1333
7.5,12317.940818786621,0.1333
7.5,12318.941692829132,0.1333
7.5,12319.943118333817,0.1333
7.5,12320.943827152252,0.1333
7.5,12321.944884061813,0.1333
7.5,12323.945769786835,0.1333
7.5,12324.946609020233,0.1333
7.5,12325.947520494461,0.1333
7.5,12326.948245286942,0.1333
7.5,12327.948810815811,0.1333
7.5,12328.949453353882,0.1333
7.5,12329.960639238358,0.1333
7.5,12330.961655855179,0.1333
7.5,12331.962388753891,0.1333
7.5,12332.96357345581,0.1333
7.5,12333.964330911636,0.1333
7.5,12334.965885162354,0.1333
7.5,12335.966759204865,0.1333
7.5,12336.968897819519,0.1333
7.5,12337.970984697342,0.1333
7.5,12338.97218799591,0.1333
7.5,12339.973652601242,0.1333
7.5,12340.974509239197,0.1333
7.5,12342.975432634354,0.1333
7.5,12343.986483573914,0.1333
7.5,12344.994728326797,0.1333
7.5,12346.005529403687,0.1333
7.5,12347.022981405258,0.1333
7.5,12348.035272359848,0.1333
7.5,12349.05127286911,0.1333
7.5,12350.070665597916,0.1333
7.5,12351.085751533508,0.1333
7.5,12352.100712299347,0.1333
7.5,12353.118765354156,0.1333
7.5,12354.13952755928,0.1333
7.5,12355.174604415894,0.1333
7.5,12356.182384729385,0.1333
7.5,12357.195392131805,0.1333
7.5,12358.199832439423,0.1333
7.5,12359.211564302444,0.1333
7.5,12360.214321613312,0.1333
7.5,12362.222577095032,0.1333
7.5,12363.223057508469,0.1333
7.5,12364.2238073349,0.1333
7.5,12365.224519491196,0.1333
7.5,12366.225677728653,0.1333
7.5,12367.226649284363,0.1333
7.5,12368.230434417725,0.1333
7.5,12369.230998277664,0.1333
7.5,12370.231449127197,0.1333
7.5,12371.23188829422,0.1333
7.5,12372.23255109787,0.1333
7.5,12373.233389377594,0.1333
7.5,12374.234380722046,0.1333
7.5,12375.234858989716,0.1333
7.5,12376.235383033752,0.1333
7.5,12377.239818572998,0.1333
7.5,12378.24085688591,0.1333
7.5,12379.242397785187,0.1333
7.5,12380.243070602417,0.1333
7.5,12382.244060516357,0.1333
7.5,12383.244612932205,0.1333
7.5,12384.245153188705,0.1333
7.5,12385.246095895767,0.1333
7.5,12386.246706962585,0.1333
7.5,12387.247361183167,0.1333
7.5,12388.24825143814,0.1333
7.5,12389.248913764954,0.1333
7.5,12390.25002193451,0.1333
7.5,12391.250741958618,0.1333
7.5,12392.251656293869,0.1333
7.5,12393.252972126007,0.1333
7.5,12394.253518104553,0.1333
7.5,12395.253989934921,0.1333
7.5,12396.254833221436,0.1333
7.5,12397.25568318367,0.1333
7.5,12398.257061719894,0.1333
7.5,12400.258462667465,0.1333
7.5,12401.267207860947,0.1333
7.5,12402.276282310486,0.1333
7.5,12403.288696050644,0.1333
7.5,12404.29945731163,0.1333
7.5,12405.317262172699,0.1333
7.5,12406.333224058151,0.1333
7.5,12407.350091457367,0.1333
7.5,12408.367678403854,0.1333
7.5,12409.384483337402,0.1333
7.5,12410.40174126625,0.1333
7.5,12411.417961835861,0.1333
7.5,12412.423729658127,0.1333
7.5,12413.438429832458,0.1333
7.5,12414.455384016037,0.1333
7.5,12415.468341588974,0.1333
7.5,12416.485840797424,0.1333
7.5,12417.50153017044,0.1333
7.5,12419.519369363785,0.1333
7.5,12420.536186695099,0.1333
7.5,12421.554816246033,0.1333
7.5,12422.574997663498,0.1333
7.5,12423.594666481018,0.1333
7.5,12424.604721546173,0.1333
7.5,12425.609733581543,0.1333
7.5,12426.626859664917,0.1333
7.5,12427.643176078796,0.1333
7.5,12428.659813642502,0.1333
7.5,12429.675522327423,0.1333
7.5,12430.691061973572,0.1333
7.5,12431.71063709259,0.1333
7.5,12432.729097127914,0.1248
7.5,12433.731521129608,0.1248
7.5,12434.750617265701,0.1248
7.5,12435.768102645874,0.1248
7.5,12436.786004066467,0.1248
7.5,12437.80376124382,0.1248
7.5,12439.82251048088,0.1248
7.5,12440.836838960648,0.1248
7.5,12441.85384774208,0.1248
7.5,12442.87018752098,0.1248
7.5,12443.885506868362,0.1248
7.5,12444.902910470963,0.1248
7.5,12445.91905260086,0.1248
7.5,12446.935816764832,0.1248
7.5,12447.954392671585,0.1248
7.5,12448.988517999649,0.1248
7.5,12450.005549192429,0.1248
7.5,12451.0422103405,0.1248
7.5,12452.043575048447,0.1248
7.5,12453.044838905334,0.1248
7.5,12454.047286272049,0.1248
7.5,12455.048802137375,0.1248
7.5,12456.049630403519,0.1248
7.5,12457.050556659698,0.1248
7.5,12458.051453828812,0.1248
7.5,12460.052154779434,0.1248
7.5,12461.06240272522,0.1248
7.5,12462.065112352371,0.1248
7.5,12463.06567788124,0.1248
7.5,12464.073453187943,0.1248
7.5,12465.085268497467,0.1248
7.5,12466.09547495842,0.1248
7.5,12467.105334043503,0.1248
7.5,12468.12059044838,0.1248
7.5,12469.137217521667,0.1248
7.5,12470.154667854309,0.1248
7.5,12471.16923379898,0.1248
7.5,12472.186244010925,0.1248
7.5,12473.201516628265,0.1248
7.5,12474.217787504196,0.1248
7.5,12475.22467660904,0.1248
7.5,12476.261634349823,0.1248
7.5,12477.265989542007,0.1248
7.5,12479.300642251968,0.1248
7.5,12480.30598282814,0.1248
7.5,12481.308607339859,0.1248
7.5,12482.31006860733,0.1248
7.5,12483.310510396957,0.1248
7.5,12484.31124997139,0.1248
7.5,12485.3122382164,0.1248
7.5,12486.312646865845,0.1248
7.5,12487.313166618347,0.1248
7.5,12488.3136074543,0.1248
7.5,12489.314044475555,0.1248
7.5,12490.317463874817,0.1248
7.5,12491.319433450699,0.1248
7.5,12492.320359230042,0.1248
7.5,12493.320944309235,0.1248
7.5,12494.321435451508,0.1248
7.5,12495.323008537292,0.1248
7.5,12496.323770523071,0.1248
7.5,12497.325076818466,0.1248
7.5,12499.326004505157,0.1248
7.5,12500.334929466248,0.1248
7.5,12501.335577726364,0.1248
7.5,12502.33612537384,0.1248
7.5,12503.337236881256,0.1248
7.5,12504.33815908432,0.1248
7.5,12505.338972330093,0.1248
7.5,12506.340711832047,0.1248
7.5,12507.34154343605,0.1248
7.5,12508.342626094818,0.1248
7.5,12509.355020284653,0.1248
7.5,12510.366043329239,0.1248
7.5,12511.375344991684,0.1248
7.5,12512.393697977066,0.1248
7.5,12513.405627012253,0.1248
7.5,12514.426219463348,0.1248
7.5,12515.44502711296,0.1248
7.5,12516.46335864067,0.1248
7.5,12518.472230911255,0.1248
7.5,12519.485216856003,0.1248
7.5,12520.487451076508,0.1248
7.5,12521.506069898605,0.1248
7.5,12522.522923469543,0.1248
7.5,12523.540444135666,0.1248
7.5,12524.56149482727,0.1248
7.5,12525.57803273201,0.1248
7.5,12526.594764709473,0.1248
7.5,12527.611773014069,0.1248
7.5,12528.630631685257,0.1248
7.5,12529.643176317215,0.1248
7.5,12530.66021490097,0.1248
7.5,12531.678388595581,0.1248
7.5,12532.693910121918,0.1248
7.5,12533.709578037262,0.1248
7.5,12534.732824087143,0.1248
7.5,12535.74546289444,0.1248
7.5,12536.76241159439,0.1248
7.5,12538.779771089554,0.1248
7.5,12539.794427633286,0.1248
7.5,12540.810381412506,0.1248
7.5,12541.820321321487,0.1248
7.5,12542.823062181473,0.1248
7.5,12543.842295408249,0.1248
7.5,12544.858053684235,0.1248
7.5,12545.875176429749,0.1248
7.5,12546.891473531723,0.1248
7.5,12547.909035205841,0.1248
7.5,12548.92641544342,0.1248
7.5,12549.941731452942,0.1248
7.5,12550.95386004448,0.1248
7.5,12551.971616268158,0.1248
7.5,12552.988675117493,0.1248
7.5,12554.007983922958,0.1248
7.5,12555.023390293121,0.1248
7.5,12556.03943490982,0.1248
7.5,12557.070235013962,0.1248
7.5,12559.088286876678,0.1248
7.5,12560.0914144516,0.1248
7.5,12561.098690509796,0.1248
7.5,12562.108103275299,0.1248
7.5,12563.11490368843,0.1248
7.5,12564.11702656746,0.1248
7.5,12565.123351097107,0.1248
7.5,12566.123968839645,0.1248
7.5,12567.125443220139,0.1248
7.5,12568.126382112503,0.1248
7.5,12569.127787828445,0.1248
7.5,12570.129171133041,0.1248
7.5,12571.130093574524,0.1248
7.5,12572.130759954453,0.1248
7.5,12573.131311178207,0.1248
7.5,12574.132259845734,0.1248
7.5,12575.133129835129,0.1248
7.5,12576.133788347244,0.1248
7.5,12577.134780406952,0.1248
7.5,12579.135615825653,0.1248
7.5,12580.137986183167,0.1248
7.5,12581.139299154282,0.1248
7.5,12582.142041921616,0.1248
7.5,12583.142741680145,0.1248
7.5,12584.143653154373,0.1248
7.5,12585.144354104996,0.1248
7.5,12586.144815921783,0.1248
7.5,12587.146760702133,0.1248
7.5,12588.14737033844,0.1248
7.5,12589.14781498909,0.1248
7.5,12590.14898276329,0.1248
7.5,12591.149485349655,0.1248
7.5,12592.150125980377,0.1248
7.5,12593.150933742523,0.1248
7.5,12594.151623725891,0.1248
7.5,12595.153237342834,0.1248
7.5,12597.153900146484,0.1248
7.5,12598.169013261795,0.1248
7.5,12599.169941663742,0.1248
7.5,12600.177798986435,0.1248
7.5,12601.189619541168,0.1248
7.5,12602.2033162117,0.1248
7.5,12603.218972206116,0.1248
7.5,12604.23347902298,0.1248
7.5,12605.249369382858,0.1248
7.5,12606.265344142914,0.1248
7.5,12607.283616304398,0.1248
7.5,12608.318719387054,0.1248
7.5,12609.330967903137,0.1248
7.5,12610.33383488655,0.1248
7.5,12611.335905075073,0.1248
7.5,12612.338254928589,0.1248
7.5,12613.33956193924,0.1248
7.5,12614.345092535019,0.1248
7.5,12616.363012552261,0.1248
7.5,12617.36570429802,0.1248
7.5,12618.36805009842,0.1333
7.5,12619.369700431824,0.1248
7.5,12620.370154857635,0.1248
7.5,12621.370829105377,0.1248
7.5,12622.372071027756,0.1248
7.5,12623.373339176178,0.1248
7.5,12624.374231100082,0.1333
7.5,12625.378281831741,0.1248
7.5,12626.378988027573,0.1248
7.5,12627.379533290863,0.1333
7.5,12628.380039215088,0.1333
7.5,12629.380574464798,0.1333
7.5,12630.381666183472,0.1333
7.5,12631.382514953613,0.1333
7.5,12632.383364915848,0.1333
7.5,12633.384447336197,0.1333
7.5,12634.394242286682,0.1333
7.5,12636.395600318909,0.1333
7.5,12637.405049085617,0.1333
7.5,12638.405843734741,0.1333
7.5,12639.417906999588,0.1333
7.5,12640.43060708046,0.1333
7.5,12641.444707393646,0.1333
7.5,12642.46158003807,0.1333
7.5,12643.479876995087,0.1333
7.5,12644.49851489067,0.1333
7.5,12645.515322685242,0.1333
7.5,12646.533454656601,0.1333
7.5,12647.553069353104,0.1333
7.5,12648.55546617508,0.1333
7.5,12649.560507774353,0.1333
7.5,12650.57251048088,0.1333
7.5,12651.591931581497,0.1333
7.5,12652.610220432281,0.1333
7.5,12653.628625154495,0.1333
7.5,12654.644849538803,0.1333
7.5,12656.661039352417,0.1333
7.5,12657.67523431778,0.1333
7.5,12658.694917678833,0.1333
7.5,12659.706112384796,0.1333
7.5,12660.724029302597,0.1333
7.5,12661.741428613663,0.1333
7.5,12662.758352279663,0.1333
7.5,12663.77383351326,0.1333
7.5,12664.77733373642,0.1333
7.5,12665.796662569046,0.1333
7.5,12666.81549835205,0.1333
7.5,12667.8285176754,0.1333
7.5,12668.833543539047,0.1333
7.5,12669.854272127151,0.1333
7.5,12670.872631549835,0.1333
7.5,12671.89190363884,0.1333
7.5,12672.911501646042,0.1333
7.5,12673.929896831512,0.1333
7.5,12674.94461607933,0.1333
7.5,12676.962897539139,0.1333
7.5,12677.974311828613,0.1333
7.5,12678.988736629486,0.1333
7.5,12680.010334968567,0.1333
7.5,12681.028861522675,0.1333
7.5,12682.037212848663,0.1248
7.5,12683.056523323059,0.1333
7.5,12684.074453115463,0.1333
7.5,12685.093921899796,0.1333
7.5,12686.129816055298,0.1333
7.5,12687.141367673874,0.1333
7.5,12688.148837566376,0.1333
7.5,12689.15070271492,0.1333
7.5,12690.155098676682,0.1333
7.5,12691.166878461838,0.1333
7.5,12692.174881458282,0.1248
7.5,12693.176335573196,0.1333
7.5,12694.177056312561,0.1333
7.5,12695.177763223648,0.1333
7.5,12697.178956985474,0.1333
7.5,12698.180346727371,0.1333
7.5,12699.18775510788,0.1333
7.5,12700.188580513,0.1333
7.5,12701.189322471619,0.1333
7.5,12702.18983221054,0.1333
7.5,12703.191595554352,0.1333
7.5,12704.192576408386,0.1333
7.5,12705.19311618805,0.1333
7.5,12706.193747520447,0.1333
7.5,12707.194133281708,0.1333
7.5,12708.204679489136,0.1333
7.5,12709.205995321274,0.1333
7.5,12710.207390785217,0.1333
7.5,12711.208499908447,0.1333
7.5,12712.209038972855,0.1333
7.5,12713.2096991539,0.1333
7.5,12714.212154865265,0.1333
7.5,12716.212791442871,0.1333
7.5,12717.224025726318,0.1333
7.5,12718.236248254776,0.1333
7.5,12719.24940443039,0.1333
7.5,12720.260992527008,0.1333
7.5,12721.273083209991,0.1333
7.5,12722.293355703354,0.1333
7.5,12723.309708595276,0.1333
7.5,12724.328844547272,0.1333
7.5,12725.335167169571,0.1333
7.5,12726.370683193207,0.1333
7.5,12727.378810405731,0.1333
7.5,12728.387319803238,0.1333
7.5,12729.402967691422,0.1333
7.5,12730.411341428757,0.1333
7.5,12731.412459850311,0.1333
7.5,12732.419535398483,0.1333
7.5,12733.420836687088,0.1333
7.5,12735.422151327133,0.1333
7.5,12736.423978090286,0.1333
7.5,12737.424532413483,0.1333
7.5,12738.42498254776,0.1333
7.5,12739.425683021545,0.1333
7.5,12740.426308393478,0.1333
7.5,12741.426729917526,0.1333
7.5,12742.427276611328,0.1333
7.5,12743.427733182907,0.1333
7.5,12744.42809510231,0.1333
7.5,12745.428858041763,0.1333
7.5,12746.429451465607,0.1333
7.5,12747.430397748947,0.1333
7.5,12748.430915594101,0.1333
7.5,12749.431383609772,0.1333
7.5,12750.433566570282,0.1333
7.5,12751.434589862823,0.1333
7.5,12752.435621261597,0.1333
7.5,12753.436043024063,0.1333
7.5,12755.436979055405,0.1333
7.5,12756.437642335892,0.1333
7.5,12757.438690900803,0.1333
7.5,12758.439164876938,0.1333
7.5,12759.439765691757,0.1333
7.5,12760.440471410751,0.1333
7.5,12761.44104552269,0.1333
7.5,12762.441815137863,0.1333
7.5,12763.442443847656,0.1333
7.5,12764.443007469177,0.1333
7.5,12765.443487882614,0.1333
7.5,12766.444992542267,0.1333
7.5,12767.445724964142,0.1333
7.5,12768.446999073029,0.1333
7.5,12769.447688817978,0.1333
7.5,12770.44822525978,0.1333
7.5,12771.449469566345,0.1333
7.5,12773.450339078903,0.1333
7.5,12774.453625679016,0.1333
7.5,12775.454015731812,0.1333
7.5,12776.455598115921,0.1333
7.5,12777.45662689209,0.1333
7.5,12778.458679437637,0.1333
7.5,12779.459699392319,0.1333
7.5,12780.460417985916,0.1333
7.5,12781.46157336235,0.1333
7.5,12782.462177276611,0.1333
7.5,12783.462728977203,0.1333
7.5,12784.470449447632,0.1333
7.5,12785.471024513245,0.1333
7.5,12786.481647253036,0.1333
7.5,12787.490910053253,0.1333
7.5,12788.500415563583,0.1333
7.5,12789.514728784561,0.1333
7.5,12790.531014204025,0.1333
7.5,12792.548439979553,0.1333
7.5,12793.562564134598,0.1333
7.5,12794.573126792908,0.1333
7.5,12795.591922283173,0.1333
7.5,12796.59661579132,0.1333
7.5,12797.615304470062,0.1333
7.5,12798.632280111313,0.1333
7.5,12799.650439023972,0.1333
7.5,12800.663101673126,0.1333
7.5,12801.681950807571,0.1333
7.5,12802.70279955864,0.1333
7.5,12803.72101020813,0.1333
7.5,12804.737760782242,0.1333
7.5,12805.755298137665,0.1333
7.5,12806.771715164185,0.1333
7.5,12807.780790090561,0.1333
7.5,12808.79841709137,0.1333
7.5,12809.816217184067,0.1333
7.5,12810.83138179779,0.1333
7.5,12812.851183891296,0.1333
7.5,12813.865246295929,0.1333
7.5,12814.884262800217,0.1333
7.5,12815.903415441513,0.1333
7.5,12816.92032623291,0.1333
7.5,12817.937561750412,0.1333
7.5,12818.953728675842,0.1333
7.5,12819.969724416733,0.1333
7.5,12820.986166477203,0.1333
7.5,12822.001960277557,0.1333
7.5,12823.022624492645,0.1333
7.5,12824.038663864136,0.1333
7.5,12825.045490264893,0.1333
7.5,12826.0634162426,0.1333
7.5,12827.080843687057,0.1333
7.5,12828.083263635635,0.1333
7.5,12829.098767280579,0.1333
7.5,12830.109544754028,0.1333
7.5,12831.11993432045,0.1333
7.5,12833.138169527054,0.1333
7.5,12834.15041089058,0.1333
7.5,12835.160268068314,0.1333
7.5,12836.195750236511,0.1333
7.5,12837.202193498611,0.1333
7.5,12838.215331077576,0.1333
7.5,12839.216715812683,0.1333
7.5,12840.229040145874,0.1333
7.5,12841.229736804962,0.1333
7.5,12842.231775283813,0.1333
7.5,12843.233628988266,0.1333
7.5,12844.238402366638,0.1333
7.5,12845.242606639862,0.1333
7.5,12846.243466854095,0.1333
7.5,12847.245374202728,0.1333
7.5,12848.246217250824,0.1333
7.5,12849.246735095978,0.1333
7.5,12850.248097419739,0.1333
7.5,12851.248577356339,0.1333
7.5,12853.250113010406,0.1333
7.5,12854.251109361649,0.1333
7.5,12855.255326271057,0.1333
7.5,12856.25649857521,0.1333
7.5,12857.257046699524,0.1333
7.5,12858.257598161697,0.1333
7.5,12859.258546113968,0.1333
7.5,12860.259266138077,0.1333
7.5,12861.26087808609,0.1333
7.5,12862.262904405594,0.1333
7.5,12863.264122247696,0.1333
7.5,12864.271100997925,0.1333
7.5,12865.273082256317,0.1333
7.5,12866.27367925644,0.1333
7.5,12867.275427818298,0.1333
7.5,12868.275955200195,0.1333
7.5,12869.277816057205,0.1333
7.5,12870.280178070068,0.1333
7.5,12872.281543254852,0.1333
7.5,12873.29086971283,0.1333
7.5,12874.297114372253,0.1333
7.5,12875.301400184631,0.1333
7.5,12876.308000087738,0.1333
7.5,12877.315891742706,0.1333
7.5,12878.330984830856,0.1333
7.5,12879.346723079681,0.1333
7.5,12880.363224744797,0.1333
7.5,12881.375876188278,0.1333
7.5,12882.392990112305,0.1333
7.5,12883.430130004883,0.1333
7.5,12884.442976236343,0.1333
7.5,12885.444550037384,0.1333
7.5,12886.445929765701,0.1333
7.5,12887.447460651398,0.1333
7.5,12888.460442781448,0.1333
7.5,12889.462247610092,0.1333
7.5,12890.466233968735,0.1333
7.5,12892.474771499634,0.1333
7.5,12893.475671052933,0.1333
7.5,12894.476992845535,0.1333
7.5,12895.477707624435,0.1333
7.5,12896.478867053986,0.1333
7.5,12897.479580163956,0.1333
7.5,12898.480241060257,0.1333
7.5,12899.481251239777,0.1333
7.5,12900.481755971909,0.1333
7.5,12901.482957839966,0.1333
7.5,12902.48461842537,0.1333
0.0,12903.486392974854,0.1333
0.0,12904.486902713776,0.1333
0.0,12905.48740530014,0.1333
0.0,12906.487907886505,0.1333
0.0,12907.488409996033,0.1333
0.0,12908.489475011826,0.1333
0.0,12909.489963293076,0.1333
0.0,12910.491164922714,0.1316
0.0,12912.492974758148,0.1299
0.0,12913.504128932953,0.1248
0.0,12914.504535675049,0.1248
0.0,12915.505449295044,0.1248
0.0,12916.506061315536,0.1248
0.0,12917.506703853607,0.1248
0.0,12918.507336616516,0.1205
0.0,12919.507869243622,0.12389999999999998
0.0,12920.508795976639,0.12389999999999998
0.0,12921.510628461838,0.12389999999999998
0.0,12922.512927770615,0.12309999999999999
0.0,12923.523368358612,0.1212
0.0,12924.53561258316,0.1197
0.0,12925.54552412033,0.11879999999999999
0.0,12926.557232141495,0.1212
0.0,12927.57325220108,0.1195
0.0,12928.590642213821,0.11359999999999999
0.0,12929.605685949326,0.1127
0.0,12931.623611927032,0.1153
0.0,12932.64117693901,0.11439999999999999
0.0,12933.660087823868,0.11439999999999999
0.0,12934.678540706635,0.11019999999999999
0.0,12935.693965911865,0.11019999999999999
0.0,12936.711245775223,0.11019999999999999
0.0,12937.730360746384,0.11019999999999999
0.0,12938.746999025345,0.1059
0.0,12939.764141082764,0.1093
0.0,12940.781955003738,0.1093
0.0,12941.800931692123,0.1093
0.0,12942.81857085228,0.10849999999999999
0.0,12943.836242437363,0.11099999999999999
0.0,12944.855931043625,0.10149999999999999
0.0,12945.874604225159,0.10419999999999999
0.0,12946.886642932892,0.1025
0.0,12947.8934943676,0.10149999999999999
0.0,12948.912609577179,0.09979999999999999
0.0,12949.92700958252,0.09889999999999999
0.0,12951.942790746689,0.09299999999999999
0.0,12952.948224544525,0.09299999999999999
0.0,12953.969074249268,0.09299999999999999
0.0,12954.987341165543,0.09209999999999999
0.0,12955.999117136002,0.09639999999999999
0.0,12957.015726089478,0.09639999999999999
0.0,12958.033456802368,0.1006
0.0,12959.052335262299,0.1006
0.0,12960.072551250458,0.09639999999999999
0.0,12961.088728666306,0.09639999999999999
0.0,12962.094426393509,0.09639999999999999
0.0,12963.115275859833,0.0904
0.0,12964.133557081223,0.09389999999999998
0.0,12965.137375354767,0.0887
0.0,12966.154471635818,0.09559999999999999
0.0,12967.172216415405,0.0904
0.0,12968.187174320221,0.0887
0.0,12969.198823690414,0.08789999999999999
0.0,12970.218346595764,0.0826
0.0,12972.239503383636,0.08089999999999999
0.0,12973.269654989243,0.08089999999999999
0.0,12974.27382349968,0.0801
0.0,12975.281850099564,0.0801
0.0,12976.31560921669,0.0801
0.0,12977.320574760437,0.0801
0.0,12978.323392152786,0.0801
0.0,12979.324702978134,0.0801
0.0,12980.326880693436,0.0801
0.0,12981.328495264053,0.0801
0.0,12982.329380750656,0.0801
0.0,12983.32984662056,0.07919999999999998
0.0,12984.330452919006,0.0818
0.0,12985.331456422806,0.08089999999999999
0.0,12986.332331895828,0.07579999999999998
0.0,12987.332876205444,0.07409999999999999
0.0,12988.33451795578,0.07749999999999999
0.0,12989.334926843643,0.07239999999999999
0.0,12990.335429906845,0.07069999999999999
0.0,12992.336843967438,0.07409999999999999
0.0,12993.347768306732,0.06889999999999999
0.0,12994.348803520203,0.06889999999999999
0.0,12995.349341630936,0.06889999999999999
0.0,12996.351991415024,0.06889999999999999
0.0,12997.355070829391,0.07329999999999999
0.0,12998.364440441132,0.07329999999999999
0.0,12999.378109693527,0.07329999999999999
0.0,13000.387919664383,0.07329999999999999
0.0,13001.40587425232,0.07329999999999999
0.0,13002.424779176712,0.06799999999999999
0.0,13003.437277793884,0.07159999999999998
0.0,13004.4431681633,0.0663
0.0,13005.479589223862,0.06119999999999999
0.0,13006.502153873444,0.0638
0.0,13007.513855934143,0.0672
0.0,13008.518871545792,0.06209999999999999
0.0,13009.521171331406,0.060399999999999995
0.0,13011.522467374802,0.0638
0.0,13012.52661538124,0.0595
0.0,13013.527611970901,0.05869999999999999
0.0,13014.528955936432,0.05869999999999999
0.0,13015.530000448227,0.05869999999999999
0.0,13016.531826257706,0.05869999999999999
0.0,13017.533272266388,0.0629
0.0,13018.533982038498,0.0629
0.0,13019.534890174866,0.0629
0.0,13020.535534143448,0.0629
0.0,13021.536320209503,0.06209999999999999
0.0,13022.537089586258,0.056999999999999995
0.0,13023.537816762924,0.0553
0.0,13024.538741111755,0.05869999999999999
0.0,13025.539330005646,0.05779999999999999
0.0,13026.539765834808,0.05249999999999999
0.0,13027.540205717087,0.0474
0.0,13029.541092157364,0.054400000000000004
0.0,13030.545300245285,0.04999999999999999
0.0,13031.545998096466,0.04909999999999998
0.0,13032.546413183212,0.04909999999999998
0.0,13033.546954631805,0.04909999999999998
0.0,13034.54831314087,0.05339999999999999
0.0,13035.548873662949,0.05339999999999999
0.0,13036.550120592117,0.053599999999999995
0.0,13037.551072597504,0.053599999999999995
0.0,13038.551454544067,0.053599999999999995
0.0,13039.55222082138,0.0527
0.0,13040.55283498764,0.0474
0.0,13041.55335021019,0.04569999999999999
0.0,13042.554911136627,0.04909999999999998
0.0,13043.556470394135,0.04829999999999998
0.0,13044.557693004608,0.0406
0.0,13045.558255910873,0.046599999999999975
0.0,13047.559098482132,0.037099999999999994
0.0,13048.57098531723,0.04569999999999999
0.0,13049.581579446793,0.04569999999999999
0.0,13050.593370199203,0.04569999999999999
0.0,13051.6022336483,0.04569999999999999
0.0,13052.614948272705,0.04569999999999999
0.0,13053.628979444504,0.04569999999999999
0.0,13054.636766672134,0.04569999999999999
0.0,13055.655210733414,0.04569999999999999
0.0,13056.671730279922,0.04569999999999999
0.0,13057.688727617264,0.037099999999999994
0.0,13058.705301523209,0.044899999999999995
0.0,13059.710628032684,0.044899999999999995
0.0,13060.730044603348,0.03619999999999998
0.0,13061.74566745758,0.0398
0.0,13062.762220621109,0.043999999999999984
0.0,13063.777991056442,0.043999999999999984
0.0,13064.78702044487,0.043999999999999984
0.0,13066.793332338333,0.0398
0.0,13067.80776667595,0.0398
0.0,13068.825309991837,0.0398
0.0,13069.84046959877,0.0398
0.0,13070.851583480835,0.0398
0.0,13071.870118379593,0.0398
0.0,13072.887258529663,0.0398
0.0,13073.894605875015,0.0398
0.0,13074.913715600967,0.0398
0.0,13075.920056343079,0.0398
0.0,13076.935925245285,0.0398
0.0,13077.953624486923,0.035500000000000004
0.0,13078.96952676773,0.03539999999999999
0.0,13079.986525774002,0.03889999999999999
0.0,13081.002267837524,0.03889999999999999
0.0,13082.01858496666,0.04319999999999999
0.0,13083.030312299728,0.0406
0.0,13084.035994529724,0.04319999999999999
0.0,13085.054346084595,0.0406
0.0,13087.072825670242,0.04319999999999999
0.0,13088.087388277054,0.0406
0.0,13089.109638214111,0.04319999999999999
0.0,13090.127443790436,0.0406
0.0,13091.132974386215,0.03889999999999999
0.0,13092.150205373764,0.03889999999999999
0.0,13093.165513515472,0.03889999999999999
0.0,13094.182819128036,0.03889999999999999
0.0,13095.200890779495,0.0406
0.0,13096.21618437767,0.04319999999999999
0.0,13097.224812746048,0.03889999999999999
0.0,13098.23184132576,0.03889999999999999
0.0,13099.250829458237,0.03889999999999999
0.0,13100.266489505768,0.03889999999999999
0.0,13101.27951836586,0.03889999999999999
0.0,13102.297227621078,0.03889999999999999
0.0,13103.313034534454,0.03889999999999999
0.0,13104.315556287766,0.0345
0.0,13105.320125341415,0.03469999999999998
0.0,13107.334506750107,0.0345
0.0,13108.363834142685,0.0345
0.0,13109.380104780197,0.0345
0.0,13110.385466814041,0.0345
0.0,13111.391036748886,0.0345
0.0,13112.396833658218,0.0345
0.0,13113.399163484573,0.0345
0.0,13114.402104139328,0.0345
0.0,13115.405257463455,0.0345
0.0,13116.407148599625,0.0345
0.0,13117.414004325867,0.0345
0.0,13118.417068481445,0.03370000000000001
0.0,13119.420758008957,0.03370000000000001
0.0,13120.425967693329,0.038099999999999995
0.0,13121.426836490631,0.038099999999999995
0.0,13122.430862426758,0.038099999999999995
0.0,13123.433638334274,0.038099999999999995
0.0,13124.434178113937,0.038099999999999995
0.0,13126.43496465683,0.038099999999999995
0.0,13127.435775279999,0.038099999999999995
0.0,13128.436394929886,0.038099999999999995
0.0,13129.43748140335,0.038099999999999995
0.0,13130.438244104385,0.038099999999999995
0.0,13131.438896417618,0.038099999999999995
0.0,13132.439735651016,0.038099999999999995
0.0,13133.440970182419,0.038099999999999995
0.0,13134.4423558712,0.038099999999999995
0.0,13135.443467617035,0.038099999999999995
0.0,13136.444935560226,0.038099999999999995
0.0,13137.445862531662,0.038099999999999995
0.0,13138.446494579315,0.038099999999999995
0.0,13139.44735789299,0.038099999999999995
0.0,13140.448637247086,0.038099999999999995
0.0,13141.450336694717,0.038099999999999995
0.0,13142.451545238495,0.038099999999999995
0.0,13143.452433109283,0.038099999999999995
0.0,13144.453138589859,0.038099999999999995
0.0,13146.454239845276,0.038099999999999995
0.0,13147.4679915905,0.038099999999999995
0.0,13148.480428695679,0.038099999999999995
0.0,13149.481836795807,0.038099999999999995
0.0,13150.496112585068,0.038099999999999995
0.0,13151.51090168953,0.038099999999999995
0.0,13152.527140140533,0.038099999999999995
0.0,13153.54316854477,0.038099999999999995
0.0,13154.545500993729,0.038099999999999995
0.0,13155.564798355103,0.038099999999999995
0.0,13156.580088376999,0.038099999999999995
0.0,13157.590173482895,0.038099999999999995
0.0,13158.623153209686,0.038099999999999995
0.0,13159.635368824005,0.038099999999999995
0.0,13160.637457609177,0.038099999999999995
0.0,13161.63995552063,0.038099999999999995
0.0,13162.652645587921,0.038099999999999995
0.0,13163.655027866364,0.038099999999999995
0.0,13164.656894922256,0.038099999999999995
0.0,13166.674764633179,0.038099999999999995
0.0,13167.679790019989,0.038099999999999995
0.0,13168.680943727493,0.038099999999999995
0.0,13169.6817445755,0.038099999999999995
0.0,13170.682876825333,0.038099999999999995
0.0,13171.683861255646,0.038099999999999995
0.0,13172.684468269348,0.038099999999999995
0.0,13173.685058832169,0.038099999999999995
0.0,13174.686122179031,0.038099999999999995
0.0,13175.686955451965,0.038099999999999995
0.0,13176.69646692276,0.038099999999999995
0.0,13177.699476480484,0.038099999999999995
0.0,13178.709936380386,0.038099999999999995
0.0,13179.721123695374,0.038099999999999995
0.0,13180.732828140259,0.038099999999999995
0.0,13181.74095082283,0.038099999999999995
0.0,13182.757736682892,0.038099999999999995
0.0,13183.773695468903,0.038099999999999995
0.0,13184.79235959053,0.038099999999999995
0.0,13186.802814483643,0.038099999999999995
0.0,13187.81618142128,0.038099999999999995
0.0,13188.83500957489,0.038099999999999995
0.0,13189.845868825912,0.038099999999999995
0.0,13190.86405968666,0.038099999999999995
0.0,13191.868587970734,0.038099999999999995
0.0,13192.886798381805,0.038099999999999995
0.0,13193.908722162247,0.038099999999999995
0.0,13194.926819562912,0.03789999999999999
0.0,13195.944777965546,0.038099999999999995
0.0,13196.96560716629,0.038099999999999995
0.0,13197.982795476913,0.038099999999999995
0.0,13198.990997314453,0.038099999999999995
0.0,13199.99456834793,0.038099999999999995
0.0,13201.014310836792,0.038099999999999995
0.0,13202.020995616913,0.038099999999999995
0.0,13203.04240846634,0.038099999999999995
0.0,13204.060294389725,0.038099999999999995
0.0,13205.080790996552,0.038099999999999995
0.0,13207.09944820404,0.038099999999999995
0.0,13208.11140537262,0.038099999999999995
0.0,13209.127526521683,0.038099999999999995
0.0,13210.144773483276,0.038099999999999995
0.0,13211.160608530045,0.038099999999999995
0.0,13212.16813325882,0.038099999999999995
0.0,13213.186527252197,0.038099999999999995
0.0,13214.199570894241,0.038099999999999995
0.0,13215.219821453094,0.038099999999999995
0.0,13216.237213611603,0.038099999999999995
0.0,13217.25396847725,0.038099999999999995
0.0,13218.270634412766,0.038099999999999995
0.0,13219.290702342987,0.038099999999999995
0.0,13220.307490110397,0.038099999999999995
0.0,13221.325561523438,0.038099999999999995
0.0,13222.342459440231,0.038099999999999995
0.0,13223.348816871643,0.038099999999999995
0.0,13224.368233919144,0.038099999999999995
0.0,13225.384994029999,0.03789999999999999
0.0,13227.402892112732,0.03370000000000001
0.0,13228.42488360405,0.03370000000000001
0.0,13229.435962200165,0.03370000000000001
0.0,13230.452641963959,0.03370000000000001
0.0,13231.45567035675,0.03370000000000001
0.0,13232.466115951538,0.03370000000000001
0.0,13233.4683303833,0.03370000000000001
0.0,13234.470126390457,0.03370000000000001
0.0,13235.472190380096,0.03370000000000001
0.0,13236.474339723587,0.03370000000000001
0.0,13237.480916976929,0.03370000000000001
0.0,13238.48511147499,0.03370000000000001
0.0,13239.485790729523,0.03370000000000001
0.0,13240.48644208908,0.03370000000000001
0.0,13241.486862897873,0.03370000000000001
0.0,13242.48736333847,0.03370000000000001
0.0,13243.488215446472,0.03370000000000001
0.0,13244.489393472672,0.03370000000000001
0.0,13245.490355730057,0.03370000000000001
0.0,13247.491820335388,0.03370000000000001
0.0,13248.493489980698,0.03370000000000001
0.0,13249.494480133057,0.03370000000000001
0.0,13250.495063304901,0.03370000000000001
0.0,13251.495615720749,0.03370000000000001
0.0,13252.496302843094,0.03370000000000001
0.0,13253.497049808502,0.03370000000000001
0.0,13254.49904370308,0.03370000000000001
0.0,13255.499650478363,0.03370000000000001
0.0,13256.500075817108,0.03370000000000001
0.0,13257.50171136856,0.03370000000000001
0.0,13258.502269744873,0.03370000000000001
0.0,13259.503159999847,0.03370000000000001
0.0,13260.5048391819,0.03370000000000001
0.0,13261.50542974472,0.03370000000000001
0.0,13262.505867242813,0.03370000000000001
0.0,13263.506894111633,0.03370000000000001
0.0,13265.507538795471,0.03370000000000001
0.0,13266.50882768631,0.03370000000000001
0.0,13267.509349822998,0.03370000000000001
0.0,13268.51011633873,0.03370000000000001
0.0,13269.510688066483,0.03370000000000001
0.0,13270.515234231949,0.03719999999999998
0.0,13271.52256321907,0.03370000000000001
0.0,13272.523782014847,0.03370000000000001
0.0,13273.535846471786,0.03370000000000001
0.0,13274.543715953827,0.03370000000000001
0.0,13275.550104618073,0.03370000000000001
0.0,13276.561042308807,0.03719999999999998
0.0,13277.575554847717,0.03370000000000001
0.0,13278.588715314865,0.03370000000000001
0.0,13279.606014728546,0.03719999999999998
0.0,13280.62182188034,0.03370000000000001
0.0,13281.627890825272,0.03370000000000001
0.0,13283.656858682632,0.03719999999999998
0.0,13284.663885354996,0.03719999999999998
0.0,13285.667898654938,0.03719999999999998
0.0,13286.669472455978,0.03370000000000001
0.0,13287.684312582016,0.03370000000000001
0.0,13288.685877799988,0.03719999999999998
0.0,13289.697550535202,0.03719999999999998
0.0,13290.699125528336,0.03370000000000001
0.0,13291.700820207596,0.03370000000000001
0.0,13292.702305316925,0.03719999999999998
0.0,13293.703526496887,0.03719999999999998
0.0,13294.70741724968,0.03370000000000001
0.0,13295.714937210083,0.03719999999999998
0.0,13296.716152668,0.03719999999999998
0.0,13297.716944217682,0.03370000000000001
0.0,13298.717620134354,0.03719999999999998
0.0,13299.718455314636,0.03719999999999998
0.0,13300.719631433487,0.03719999999999998
0.0,13301.720704317093,0.03719999999999998
0.0,13303.721633672714,0.03719999999999998
0.0,13304.723141431808,0.03719999999999998
0.0,13305.723687887192,0.03719999999999998
0.0,13306.724207878113,0.03719999999999998
0.0,13307.725297689438,0.037099999999999994
0.0,13308.72578048706,0.03719999999999998
0.0,13309.726521968842,0.03719999999999998
0.0,13310.727023363113,0.037099999999999994
0.0,13311.727760791779,0.03719999999999998
0.0,13312.728234052658,0.03719999999999998
0.0,13313.72881102562,0.03719999999999998
0.0,13314.729511499405,0.03719999999999998
0.0,13315.730136871338,0.03719999999999998
0.0,13316.73201417923,0.03719999999999998
0.0,13317.732836961746,0.03719999999999998
0.0,13318.733511447906,0.03719999999999998
0.0,13319.735055208206,0.03719999999999998
0.0,13321.736673355103,0.03719999999999998
0.0,13322.737698554993,0.03719999999999998
0.0,13323.73844742775,0.03719999999999998
0.0,13324.739230155945,0.03719999999999998
0.0,13325.739798307419,0.03719999999999998
0.0,13326.740729093552,0.03719999999999998
0.0,13327.741654396057,0.03719999999999998
0.0,13328.742085933685,0.03719999999999998
0.0,13329.74267077446,0.03719999999999998
0.0,13330.754962205887,0.03719999999999998
0.0,13331.755707740784,0.037099999999999994
0.0,13332.769980669022,0.03719999999999998
0.0,13333.78007054329,0.037099999999999994
0.0,13334.789096832275,0.03719999999999998
0.0,13335.803754806519,0.03719999999999998
0.0,13336.820249080658,0.03719999999999998
0.0,13337.830516576767,0.03719999999999998
0.0,13339.848720312119,0.03719999999999998
0.0,13340.850757837296,0.03719999999999998
0.0,13341.865189552307,0.03719999999999998
0.0,13342.883089542389,0.03719999999999998
0.0,13343.894264936447,0.03719999999999998
0.0,13344.90540266037,0.03719999999999998
0.0,13345.919099330902,0.03719999999999998
0.0,13346.922019720078,0.03719999999999998
0.0,13347.934638738632,0.03719999999999998
0.0,13348.949907779694,0.03719999999999998
0.0,13349.966647863388,0.03719999999999998
0.0,13350.984512090683,0.03719999999999998
0.0,13352.000436067581,0.03719999999999998
0.0,13353.003077983856,0.03719999999999998
0.0,13354.022804021835,0.03719999999999998
0.0,13355.042385578156,0.03719999999999998
0.0,13356.060944080353,0.03719999999999998
0.0,13357.064466714859,0.03719999999999998
0.0,13358.08511710167,0.03719999999999998
0.0,13360.104185581207,0.03719999999999998
0.0,13361.118901014328,0.037099999999999994
0.0,13362.14095377922,0.03719999999999998
0.0,13363.146794080734,0.03719999999999998
0.0,13364.166769504547,0.037099999999999994
0.0,13365.185805082321,0.03719999999999998
0.0,13366.215853452682,0.03719999999999998
0.0,13367.235020399094,0.03719999999999998
0.0,13368.253603935242,0.037099999999999994
0.0,13369.272471666336,0.03719999999999998
0.0,13370.291512489319,0.03719999999999998
0.0,13371.308861017227,0.03719999999999998
0.0,13372.32582950592,0.03719999999999998
0.0,13373.343073129654,0.03719999999999998
0.0,13374.361003637314,0.03719999999999998
0.0,13375.372654676437,0.03719999999999998
0.0,13376.391568183899,0.03719999999999998
0.0,13377.408998012543,0.03719999999999998
0.0,13378.424287557602,0.03719999999999998
0.0,13380.444265127182,0.03719999999999998
0.0,13381.464831590652,0.03719999999999998
0.0,13382.498991012573,0.03719999999999998
0.0,13383.507021188736,0.03719999999999998
0.0,13384.53902888298,0.03719999999999998
0.0,13385.547947406769,0.03719999999999998
0.0,13386.549331188202,0.03719999999999998
0.0,13387.54987168312,0.03719999999999998
0.0,13388.550529718399,0.03719999999999998
0.0,13389.551068544388,0.03719999999999998
0.0,13390.552020788193,0.03719999999999998
0.0,13391.552750825882,0.03719999999999998
0.0,13392.553211927414,0.03719999999999998
0.0,13393.553894996643,0.03719999999999998
0.0,13394.554483652115,0.03719999999999998
0.0,13395.555551052094,0.03719999999999998
0.0,13396.560430526733,0.03719999999999998
0.0,13397.561322450638,0.03719999999999998
0.0,13398.561822652817,0.03719999999999998
0.0,13400.562559127808,0.03719999999999998
0.0,13401.572704553604,0.03719999999999998
0.0,13402.574053764343,0.037099999999999994
0.0,13403.574503183365,0.03719999999999998
0.0,13404.575372219086,0.03719999999999998
0.0,13405.576051473618,0.03719999999999998
0.0,13406.577669382095,0.037099999999999994
0.0,13407.580140590668,0.03719999999999998
0.0,13408.581553459167,0.03719999999999998
0.0,13409.58298921585,0.03719999999999998
0.0,13410.58384180069,0.03719999999999998
0.0,13411.58577299118,0.037099999999999994
0.0,13412.587139129639,0.03719999999999998
0.0,13413.590103387833,0.03719999999999998
0.0,13414.598592042923,0.03719999999999998
0.0,13415.61003780365,0.037099999999999994
0.0,13416.622089624405,0.03719999999999998
0.0,13418.628015041351,0.03719999999999998
0.0,13419.642627000809,0.03719999999999998
0.0,13420.64463353157,0.03719999999999998
0.0,13421.657405614853,0.03719999999999998
0.0,13422.675026416779,0.03719999999999998
0.0,13423.707279205322,0.03719999999999998
0.0,13424.721080064774,0.03719999999999998
0.0,13425.723540306091,0.03719999999999998
0.0,13426.72544503212,0.03719999999999998
0.0,13427.72738456726,0.037099999999999994
0.0,13428.731755971909,0.037099999999999994
0.0,13429.740693330765,0.03719999999999998
0.0,13430.742325544357,0.03719999999999998
0.0,13431.752168893814,0.03719999999999998
0.0,13432.755118846893,0.03719999999999998
0.0,13433.756123781204,0.03719999999999998
0.0,13434.757455348969,0.03719999999999998
0.0,13435.767692565918,0.037099999999999994
0.0,13436.768336296082,0.03719999999999998
0.0,13438.769718170166,0.03719999999999998
0.0,13439.770744085312,0.03719999999999998
0.0,13440.771466493607,0.037099999999999994
