voltage,time,height
0.0,1.0313868522644043,0.048600000000000004
0.0,2.035017967224121,0.048600000000000004
0.0,3.041074514389038,0.053099999999999994
0.0,4.04389762878418,0.053099999999999994
0.0,5.064417600631714,0.053099999999999994
0.0,6.074036359786987,0.053099999999999994
0.0,7.076640605926514,0.053099999999999994
0.0,8.107592582702637,0.053099999999999994
0.0,9.112716674804688,0.053099999999999994
0.0,10.12358570098877,0.048600000000000004
0.0,11.131638050079346,0.048600000000000004
0.0,12.139410972595215,0.048600000000000004
0.0,13.142569303512573,0.036599999999999994
0.0,14.144686460494995,0.036599999999999994
0.0,15.147366523742676,0.036599999999999994
0.0,16.150350093841553,0.036599999999999994
0.0,17.15377950668335,0.036599999999999994
0.0,18.155442237854004,0.036599999999999994
0.0,19.161148071289062,0.036599999999999994
0.0,20.17322039604187,0.036599999999999994
0.0,21.17465353012085,0.036599999999999994
0.0,22.181265592575073,0.036599999999999994
0.0,23.18781065940857,0.036599999999999994
0.0,24.214203119277954,0.036599999999999994
0.0,25.2374370098114,0.03569999999999998
0.0,26.249162435531616,0.044399999999999995
0.0,27.25571322441101,0.044399999999999995
0.0,28.262418508529663,0.044399999999999995
0.0,29.274299383163452,0.044399999999999995
0.0,30.280141830444336,0.03569999999999998
0.0,31.30380606651306,0.03569999999999998
0.0,32.310614824295044,0.03569999999999998
0.0,33.31734085083008,0.03589999999999999
0.0,34.3240749835968,0.03569999999999998
0.0,35.33077001571655,0.0393
0.0,36.337321519851685,0.0393
0.0,37.34408140182495,0.0393
0.0,38.350780963897705,0.04350000000000001
5.0,39.357423543930054,0.04350000000000001
5.0,40.369237422943115,0.04350000000000001
5.0,41.376075744628906,0.04350000000000001
5.0,42.38275384902954,0.04350000000000001
5.0,43.39449453353882,0.04350000000000001
5.0,44.40132761001587,0.0393
5.0,45.40815567970276,0.028099999999999986
5.0,47.41596055030823,0.0461
5.0,48.42258405685425,0.03839999999999999
5.0,49.42931628227234,0.03839999999999999
5.0,50.43592977523804,0.03839999999999999
5.0,51.442708253860474,0.04269999999999999
5.0,52.449315547943115,0.04269999999999999
5.0,53.456029176712036,0.0401
5.0,54.46266412734985,0.04269999999999999
5.0,55.46922206878662,0.04680000000000001
5.0,56.47075891494751,0.0469
5.0,57.477376222610474,0.0469
5.0,58.484057664871216,0.0393
5.0,59.50950860977173,0.04829999999999998
5.0,60.53274154663086,0.03669999999999998
5.0,61.53947615623474,0.03669999999999998
5.0,62.545454025268555,0.045399999999999996
5.0,63.55734372138977,0.03689999999999999
5.0,64.5641565322876,0.037599999999999995
5.0,65.56539583206177,0.0378
5.0,67.57331919670105,0.04979999999999998
5.0,68.57490730285645,0.049600000000000005
5.0,69.58130741119385,0.04619999999999999
5.0,70.5880229473114,0.05049999999999999
5.0,71.59471106529236,0.05049999999999999
5.0,72.6013171672821,0.05049999999999999
5.0,73.60809111595154,0.05049999999999999
5.0,74.63467931747437,0.03419999999999998
5.0,75.64132618904114,0.04619999999999999
5.0,76.65313220024109,0.0378
5.0,77.65999031066895,0.042800000000000005
5.0,78.66677737236023,0.0403
5.0,79.67333674430847,0.051199999999999996
5.0,80.68015480041504,0.039099999999999996
5.0,81.69197535514832,0.04350000000000001
5.0,82.69886875152588,0.0479
5.0,83.70535230636597,0.052199999999999996
5.0,85.71302556991577,0.052199999999999996
5.0,86.71975588798523,0.0479
5.0,87.72642850875854,0.052399999999999974
5.0,88.73303437232971,0.052199999999999996
5.0,89.73967242240906,0.052399999999999974
5.0,90.74640083312988,0.052399999999999974
5.0,91.75310063362122,0.03589999999999999
5.0,92.75980234146118,0.03589999999999999
5.0,93.76625490188599,0.052399999999999974
5.0,94.76762461662292,0.052399999999999974
5.0,95.77930855751038,0.03589999999999999
5.0,96.79956722259521,0.04879999999999998
5.0,97.805335521698,0.048099999999999976
5.0,98.81190729141235,0.0529
5.0,99.81727004051208,0.04519999999999999
5.0,100.84116959571838,0.04519999999999999
5.0,101.84517693519592,0.04949999999999999
5.0,102.86928057670593,0.05389999999999999
5.0,134.94541120529175,0.056499999999999995
5.0,136.95443725585938,0.056499999999999995
5.0,137.9610629081726,0.056499999999999995
5.0,138.9676332473755,0.056499999999999995
5.0,139.973206281662,0.056499999999999995
5.0,140.97971510887146,0.056499999999999995
5.0,141.99982261657715,0.05199999999999999
5.0,143.00134658813477,0.056499999999999995
5.0,144.00829410552979,0.056499999999999995
5.0,145.0149381160736,0.056499999999999995
5.0,146.0213234424591,0.056499999999999995
5.0,147.02811646461487,0.044399999999999995
5.0,148.03996324539185,0.044399999999999995
5.0,149.04668378829956,0.04829999999999998
5.0,150.05327343940735,0.053099999999999994
5.0,151.0653419494629,0.05729999999999999
5.0,152.07373690605164,0.05729999999999999
5.0,153.08117413520813,0.05729999999999999
5.0,154.08918714523315,0.04519999999999999
5.0,155.09719586372375,0.053099999999999994
5.0,157.10633206367493,0.04949999999999999
5.0,158.11285543441772,0.0529
5.0,159.13362979888916,0.053099999999999994
5.0,160.14016342163086,0.05389999999999999
5.0,161.15981769561768,0.04949999999999999
5.0,162.16129612922668,0.05389999999999999
5.0,163.16794633865356,0.04949999999999999
5.0,164.1746208667755,0.05389999999999999
5.0,165.21695637702942,0.05729999999999999
5.0,166.2228603363037,0.05389999999999999
5.0,167.229332447052,0.05389999999999999
5.0,168.23604321479797,0.05389999999999999
5.0,169.24775290489197,0.05389999999999999
5.0,170.24928998947144,0.05819999999999999
5.0,171.2551589012146,0.05819999999999999
5.0,172.26118779182434,0.0461
5.0,173.28534245491028,0.05049999999999999
5.0,174.29208636283875,0.049600000000000005
5.0,175.29885697364807,0.05479999999999999
5.0,177.3058204650879,0.05479999999999999
5.0,178.31268692016602,0.05479999999999999
5.0,179.32459425926208,0.05899999999999998
5.0,180.33632564544678,0.05479999999999999
5.0,181.34294176101685,0.05899999999999998
5.0,182.3546929359436,0.05479999999999999
5.0,183.36134839057922,0.05899999999999998
5.0,184.36798429489136,0.05899999999999998
5.0,185.37970662117004,0.054599999999999996
5.0,186.39152550697327,0.05479999999999999
5.0,187.41728115081787,0.05899999999999998
5.0,188.43725728988647,0.05479999999999999
5.0,189.49207735061646,0.05899999999999998
5.0,190.50009107589722,0.05899999999999998
5.0,191.51034092903137,0.0514
5.0,192.53333497047424,0.05559999999999998
5.0,193.53927063941956,0.05559999999999998
5.0,194.54245448112488,0.05559999999999998
5.0,195.55377411842346,0.05989999999999998
5.0,197.56611728668213,0.05989999999999998
5.0,198.5731704235077,0.05989999999999998
5.0,199.6075894832611,0.05989999999999998
5.0,200.6142294406891,0.059999999999999984
5.0,201.6416780948639,0.05559999999999998
5.0,202.65167117118835,0.059999999999999984
5.0,203.65843176841736,0.059999999999999984
5.0,204.66450905799866,0.05989999999999998
5.0,205.66993355751038,0.059999999999999984
5.0,206.67428970336914,0.05989999999999998
5.0,207.6812264919281,0.05989999999999998
5.0,208.68944644927979,0.059999999999999984
5.0,209.69731307029724,0.05559999999999998
5.0,210.70527482032776,0.052199999999999996
5.0,211.71327996253967,0.056599999999999984
5.0,212.72533178329468,0.056499999999999995
5.0,213.7333369255066,0.056599999999999984
5.0,214.74414110183716,0.056499999999999995
5.0,215.773277759552,0.06089999999999998
5.0,217.7853786945343,0.06089999999999998
5.0,218.79332900047302,0.06089999999999998
5.0,219.80532574653625,0.06089999999999998
5.0,220.81316995620728,0.06089999999999998
5.0,221.82126712799072,0.06089999999999998
5.0,222.82931637763977,0.06089999999999998
5.0,223.8412425518036,0.06089999999999998
5.0,224.8532509803772,0.06089999999999998
5.0,225.85718512535095,0.06089999999999998
5.0,226.88519167900085,0.06089999999999998
5.0,227.89334917068481,0.06089999999999998
5.0,228.91731643676758,0.06089999999999998
5.0,229.92535543441772,0.056499999999999995
5.0,230.93340134620667,0.056499999999999995
5.0,231.94129610061646,0.056499999999999995
5.0,232.96931052207947,0.05749999999999998
5.0,233.97988533973694,0.05749999999999998
5.0,234.9933009147644,0.05749999999999998
5.0,236.0013039112091,0.05749999999999998
5.0,238.0192301273346,0.06169999999999998
5.0,239.03334140777588,0.06169999999999998
5.0,240.04131770133972,0.06169999999999998
5.0,241.050311088562,0.06169999999999998
5.0,242.07872653007507,0.06169999999999998
5.0,243.0933825969696,0.06169999999999998
5.0,244.1013069152832,0.06169999999999998
5.0,245.10930585861206,0.06169999999999998
5.0,246.1189000606537,0.06169999999999998
5.0,247.13468885421753,0.06169999999999998
5.0,248.1453218460083,0.06169999999999998
5.0,249.15318155288696,0.06169999999999998
5.0,250.1773178577423,0.06169999999999998
5.0,251.18922877311707,0.06169999999999998
5.0,252.1932783126831,0.049600000000000005
5.0,253.1998896598816,0.05389999999999999
9.0,254.20657062530518,0.05389999999999999
9.0,255.23331093788147,0.05829999999999999
9.0,256.2401051521301,0.05829999999999999
9.0,258.2478744983673,0.0626
9.0,259.25457787513733,0.06269999999999999
9.0,260.2613387107849,0.0626
9.0,261.26814341545105,0.050699999999999995
9.0,262.27989435195923,0.05489999999999999
9.0,263.286714553833,0.059300000000000005
9.0,264.29848647117615,0.05919999999999999
9.0,265.3054041862488,0.05919999999999999
9.0,266.3121347427368,0.05919999999999999
9.0,267.3187816143036,0.06269999999999999
9.0,268.3253540992737,0.06359999999999999
9.0,269.3322174549103,0.0644
9.0,270.3389723300934,0.06949999999999999
9.0,271.34529280662537,0.066
9.0,272.3570535182953,0.0678
9.0,273.3633961677551,0.0687
9.0,274.36930084228516,0.07379999999999999
9.0,275.37597370147705,0.06609999999999999
9.0,276.38273191452026,0.0755
9.0,278.3956387042999,0.0644
9.0,279.4023835659027,0.07289999999999999
9.0,280.42127871513367,0.06089999999999998
9.0,281.42796063423157,0.07289999999999999
9.0,282.43975257873535,0.0687
9.0,283.4464330673218,0.06949999999999999
9.0,284.4532024860382,0.07289999999999999
9.0,285.47129344940186,0.06949999999999999
9.0,286.4773211479187,0.06949999999999999
9.0,287.48399543762207,0.06949999999999999
9.0,288.49579429626465,0.06949999999999999
9.0,289.5026171207428,0.0746
9.0,290.50931000709534,0.0755
9.0,291.51613116264343,0.0721
9.0,292.52280712127686,0.07719999999999999
9.0,293.5292947292328,0.07819999999999999
9.0,294.5361313819885,0.07039999999999999
9.0,295.54298543930054,0.07989999999999998
9.0,296.5494451522827,0.0687
9.0,298.56238889694214,0.08329999999999999
9.0,299.56917905807495,0.07819999999999999
9.0,300.57606530189514,0.07819999999999999
9.0,301.5822412967682,0.08249999999999999
9.0,302.6084098815918,0.08159999999999999
9.0,303.6151268482208,0.08249999999999999
9.0,304.640442609787,0.08249999999999999
9.0,305.6676034927368,0.08249999999999999
9.0,306.6743469238281,0.08249999999999999
9.0,307.68108010292053,0.08249999999999999
9.0,308.6877055168152,0.08249999999999999
9.0,309.694477558136,0.08329999999999999
9.0,310.7013113498688,0.07989999999999998
9.0,311.70803022384644,0.08079999999999998
9.0,312.71981501579285,0.08159999999999999
9.0,313.72657227516174,0.08669999999999999
9.0,314.7333242893219,0.0876
9.0,315.7400996685028,0.08839999999999998
9.0,316.74684882164,0.0893
9.0,318.7591903209686,0.09029999999999999
9.0,319.7653138637543,0.08329999999999999
9.0,320.77207374572754,0.09029999999999999
9.0,321.7787013053894,0.08249999999999999
9.0,322.7853088378906,0.08249999999999999
9.0,323.7913107872009,0.08669999999999999
9.0,324.7974228858948,0.08669999999999999
9.0,325.8041899204254,0.08669999999999999
9.0,326.81095719337463,0.08669999999999999
9.0,327.8173305988312,0.091
9.0,328.8240234851837,0.091
9.0,329.8307113647461,0.09179999999999999
9.0,330.83755111694336,0.08819999999999999
9.0,331.84442019462585,0.0893
9.0,332.8511769771576,0.0901
9.0,333.8572783470154,0.091
9.0,334.86322832107544,0.091
9.0,335.87501525878906,0.09609999999999999
9.0,336.8813042640686,0.0969
9.0,338.8891155719757,0.0978
9.0,339.89587330818176,0.0978
9.0,340.90252709388733,0.0978
9.0,341.90932607650757,0.0978
9.0,342.9161081314087,0.0978
9.0,343.9227216243744,0.0978
9.0,344.92935395240784,0.0944
9.0,345.94119095802307,0.0944
9.0,346.94784140586853,0.0944
9.0,347.9597599506378,0.0944
9.0,348.96129393577576,0.0944
9.0,349.96794509887695,0.09519999999999999
9.0,350.9746823310852,0.09519999999999999
9.0,351.98119258880615,0.10469999999999999
9.0,353.00302600860596,0.10129999999999999
9.0,354.009254693985,0.10219999999999999
9.0,355.0158762931824,0.0986
9.0,356.02241349220276,0.0996
9.0,357.02910828590393,0.10389999999999999
9.0,359.0369348526001,0.10469999999999999
9.0,360.04368782043457,0.10129999999999999
9.0,361.0503544807434,0.10469999999999999
9.0,362.0573046207428,0.10559999999999999
9.0,363.0826780796051,0.10129999999999999
9.0,364.12883400917053,0.10559999999999999
9.0,365.1323938369751,0.10559999999999999
9.0,366.14876222610474,0.10559999999999999
9.0,367.15624594688416,0.10559999999999999
9.0,368.1606709957123,0.10559999999999999
9.0,369.1626169681549,0.10559999999999999
9.0,370.1660885810852,0.1064
9.0,371.1686542034149,0.1066
9.0,372.17127418518066,0.11189999999999999
9.0,373.1845142841339,0.1083
9.0,374.1910367012024,0.1049
9.0,375.19243335723877,0.1093
9.0,376.1931884288788,0.11439999999999999
9.0,377.1998059749603,0.11099999999999999
9.0,379.2075448036194,0.11189999999999999
9.0,380.214323759079,0.11609999999999998
9.0,381.2210099697113,0.11609999999999998
9.0,382.2326993942261,0.11609999999999998
9.0,383.23330760002136,0.11609999999999998
9.0,384.2400553226471,0.11189999999999999
9.0,385.24131178855896,0.11189999999999999
9.0,386.2480125427246,0.11189999999999999
9.0,387.2493517398834,0.11189999999999999
9.0,388.25608682632446,0.11189999999999999
9.0,389.26283025741577,0.11189999999999999
9.0,390.26936435699463,0.11699999999999999
9.0,391.2761917114258,0.11359999999999999
9.0,392.2829706668854,0.11439999999999999
9.0,393.28930854797363,0.11099999999999999
9.0,394.2960948944092,0.1153
9.0,395.30778884887695,0.1204
9.0,396.3144865036011,0.11699999999999999
9.0,397.3212127685547,0.11779999999999999
9.0,399.32911586761475,0.11779999999999999
9.0,400.3358361721039,0.1187
9.0,401.3426034450531,0.1187
9.0,402.3493368625641,0.1187
9.0,403.3733961582184,0.1187
9.0,404.39955043792725,0.1229
9.0,405.46256613731384,0.1229
9.0,406.46895480155945,0.1229
9.0,407.4826691150665,0.1229
9.0,408.4911653995514,0.1229
9.0,409.49339532852173,0.1229
9.0,410.4959967136383,0.1195
9.0,411.4989242553711,0.1204
9.0,412.5003352165222,0.1204
9.0,413.51316809654236,0.1256
9.0,414.5373682975769,0.1265
9.0,415.5481698513031,0.12309999999999999
9.0,416.55473709106445,0.12309999999999999
9.0,417.58038425445557,0.12389999999999998
9.0,419.5882432460785,0.1248
9.0,420.58931708335876,0.1248
9.0,421.5909061431885,0.1248
9.0,422.5925168991089,0.1256
9.0,423.5991382598877,0.1256
9.0,424.60070848464966,0.1256
9.0,425.60738015174866,0.1256
9.0,426.6190814971924,0.1256
9.0,427.6309394836426,0.1256
9.0,428.6372957229614,0.1256
9.0,429.64411664009094,0.1256
9.0,430.65081119537354,0.1265
9.0,431.65733575820923,0.1265
9.0,432.6641116142273,0.1316
9.0,433.6707224845886,0.1324
9.0,434.6773042678833,0.1248
9.0,435.6840183734894,0.1256
9.0,436.6902496814728,0.1341
9.0,437.70132660865784,0.135
9.0,439.7082850933075,0.1316
9.0,440.72013115882874,0.1358
9.0,441.7267882823944,0.1358
9.0,442.73337292671204,0.1316
9.0,443.7401456832886,0.1316
9.0,444.7469832897186,0.1316
9.0,445.7587592601776,0.1316
9.0,446.77057933807373,0.1316
9.0,447.777281999588,0.1316
9.0,448.78924798965454,0.1316
9.0,449.7959852218628,0.12389999999999998
9.0,450.80263471603394,0.1324
9.0,451.8041410446167,0.13749999999999998
9.0,452.81081438064575,0.1384
9.0,453.8173050880432,0.135
9.0,454.8240568637848,0.135
9.0,455.83599066734314,0.1358
9.0,456.8477232456207,0.1411
9.0,457.8544182777405,0.1377
9.0,459.86131477355957,0.1384
9.0,460.8679723739624,0.14279999999999998
9.0,461.8746244907379,0.1386
9.0,462.9012894630432,0.1386
9.0,463.90799474716187,0.1386
9.0,464.9190776348114,0.1386
9.0,465.92536640167236,0.1384
9.0,466.93713426589966,0.135
9.0,467.94857025146484,0.1386
7.0,468.96031975746155,0.135
7.5,469.9670057296753,0.135
7.5,470.97329568862915,0.1394
7.5,471.9748318195343,0.1445
7.5,472.9812924861908,0.1411
7.5,473.9878451824188,0.142
7.5,475.0145218372345,0.14279999999999998
7.5,476.02532052993774,0.1394
7.5,477.0320520401001,0.1394
7.5,478.0387740135193,0.14279999999999998
7.5,480.04643392562866,0.14279999999999998
7.5,481.05316042900085,0.14279999999999998
7.5,482.0599296092987,0.1471
7.5,483.06665229797363,0.1471
7.5,484.09271931648254,0.14279999999999998
7.5,485.1044497489929,0.1471
7.5,486.12306547164917,0.1471
7.5,487.13482117652893,0.1471
7.5,488.14129519462585,0.1471
7.5,489.1481258869171,0.1471
7.5,490.1548616886139,0.1471
7.5,491.1804008483887,0.14279999999999998
7.5,492.19231843948364,0.14279999999999998
7.5,493.198139667511,0.14279999999999998
7.5,494.21591687202454,0.14279999999999998
7.5,495.2277913093567,0.1386
7.5,496.23952054977417,0.1384
7.5,497.2653670310974,0.1377
7.5,498.2771589756012,0.142
7.5,500.2850160598755,0.142
7.5,501.31125235557556,0.142
7.5,502.323029756546,0.142
7.5,503.3347475528717,0.142
7.5,504.34649872779846,0.1462
7.5,505.3727686405182,0.142
7.5,506.41269612312317,0.142
7.5,507.414039850235,0.142
7.5,508.41782450675964,0.142
7.5,509.4324560165405,0.142
7.5,510.4365384578705,0.142
7.5,511.4383227825165,0.142
7.5,512.4415545463562,0.142
7.5,513.4448251724243,0.142
7.5,514.4495315551758,0.142
7.5,515.4515964984894,0.1377
7.5,516.4529008865356,0.1377
7.5,517.455185174942,0.1411
7.5,518.4571454524994,0.1411
7.5,520.4601709842682,0.1454
7.5,521.4611792564392,0.1411
7.5,522.46764087677,0.1411
7.5,523.4688460826874,0.1411
7.5,524.4772012233734,0.1411
7.5,525.4837868213654,0.1411
7.5,526.4904253482819,0.1411
7.5,527.513112783432,0.1411
7.5,528.5248339176178,0.1411
7.5,529.5365741252899,0.1411
7.5,530.5372979640961,0.1411
7.5,531.5440835952759,0.1411
7.5,532.5508463382721,0.1411
7.5,533.5572953224182,0.1411
7.5,534.5640070438385,0.1411
7.5,535.5708100795746,0.1369
7.5,536.5825328826904,0.1367
7.5,537.5964667797089,0.1367
7.5,538.6082155704498,0.14029999999999998
7.5,540.6160321235657,0.14029999999999998
7.5,541.6294479370117,0.1445
7.5,542.6413176059723,0.1445
7.5,543.6482036113739,0.1445
7.5,544.6538784503937,0.1445
7.5,545.6673562526703,0.1445
7.5,546.6733615398407,0.1445
7.5,547.68528008461,0.1445
7.5,548.6919951438904,0.1445
7.5,549.6988072395325,0.1445
7.5,550.7053508758545,0.1445
7.5,551.7121262550354,0.1445
7.5,552.7188198566437,0.1445
7.5,553.7305879592896,0.14029999999999998
7.5,554.7372884750366,0.14029999999999998
7.5,555.7441413402557,0.14029999999999998
7.5,556.7509043216705,0.14029999999999998
7.5,557.7626242637634,0.14029999999999998
7.5,558.7692823410034,0.1358
7.5,560.7773005962372,0.1394
7.5,561.7842047214508,0.1394
7.5,562.7960839271545,0.1394
7.5,563.8027999401093,0.1394
7.5,564.8093178272247,0.1394
7.5,565.8162620067596,0.1394
7.5,566.8282914161682,0.1394
7.5,567.8350169658661,0.1394
7.5,568.8467967510223,0.1394
7.5,569.8584289550781,0.1394
7.5,570.8651692867279,0.1394
7.5,571.872013092041,0.1394
7.5,572.878785610199,0.1437
7.5,573.8853266239166,0.1437
7.5,574.8971512317657,0.1437
7.5,575.9090201854706,0.1437
7.5,576.9512016773224,0.1394
7.5,577.9621620178223,0.1394
7.5,578.9726393222809,0.1394
7.5,580.9776520729065,0.1394
7.5,581.9813094139099,0.1394
7.5,582.9818761348724,0.1394
7.5,583.9843289852142,0.1394
7.5,584.9853677749634,0.1394
7.5,585.9891049861908,0.1394
7.5,586.9917256832123,0.1394
7.5,587.9929301738739,0.1394
7.5,588.9946393966675,0.1394
7.5,590.0067186355591,0.1394
7.5,591.0091347694397,0.1394
7.5,592.015615940094,0.135
7.5,593.035165309906,0.1386
7.5,594.0366899967194,0.1386
7.5,595.0483837127686,0.1386
7.5,596.0594379901886,0.1386
7.5,597.0653297901154,0.14279999999999998
7.5,598.066859960556,0.14279999999999998
7.5,599.0733234882355,0.14279999999999998
7.5,601.0812439918518,0.14279999999999998
7.5,602.0880436897278,0.14279999999999998
7.5,603.0947983264923,0.14279999999999998
7.5,604.1013147830963,0.14279999999999998
7.5,605.108170747757,0.14279999999999998
7.5,606.1149411201477,0.14279999999999998
7.5,607.1213681697845,0.14279999999999998
7.5,608.1282136440277,0.14279999999999998
7.5,609.1394729614258,0.14279999999999998
7.5,610.1453013420105,0.14279999999999998
7.5,611.1519742012024,0.1384
7.5,612.1636700630188,0.1386
7.5,613.1652600765228,0.1386
7.5,614.1720297336578,0.1386
7.5,615.1786556243896,0.1386
7.5,616.1933302879333,0.1341
7.5,617.2000768184662,0.1341
7.5,618.2119197845459,0.1377
7.5,619.2253749370575,0.1377
7.5,621.2372920513153,0.1377
7.5,622.2440507411957,0.1377
7.5,623.2508199214935,0.1377
7.5,624.2625987529755,0.1377
7.5,625.2690963745117,0.1377
7.5,626.270658493042,0.1377
7.5,627.2772731781006,0.1377
7.5,628.2838904857635,0.1377
7.5,629.2905621528625,0.1377
7.5,630.2972369194031,0.1377
7.5,631.3039944171906,0.1377
7.5,632.3107376098633,0.142
7.5,633.3173906803131,0.142
7.5,634.3189735412598,0.142
7.5,635.320506811142,0.142
7.5,636.3322901725769,0.1377
7.5,637.3389527797699,0.13749999999999998
7.5,638.3453631401062,0.1377
7.5,639.3727414608002,0.1377
7.5,641.3806416988373,0.1377
7.5,642.3956735134125,0.1377
7.5,643.4073860645294,0.1377
7.5,644.4090130329132,0.1377
7.5,645.4157907962799,0.1377
7.5,646.4223821163177,0.1377
7.5,647.4291949272156,0.1377
7.5,648.430760383606,0.1377
7.5,649.4372961521149,0.1377
7.5,650.4440636634827,0.1377
7.5,651.4507782459259,0.1377
7.5,652.4523513317108,0.1333
7.5,653.4665868282318,0.1333
7.5,654.4801540374756,0.1367
7.5,655.4933543205261,0.1367
7.5,656.520777463913,0.1367
7.5,657.5274755954742,0.1367
7.5,658.5881485939026,0.1411
7.5,659.5913832187653,0.1411
7.5,661.6099743843079,0.1411
7.5,662.6176218986511,0.1411
7.5,663.620370388031,0.1411
7.5,664.6238689422607,0.1411
7.5,665.6260318756104,0.1411
7.5,666.630166053772,0.1411
7.5,667.6491706371307,0.1411
7.5,668.6589710712433,0.1411
7.5,669.6706807613373,0.1411
7.5,670.677277803421,0.1411
7.5,671.6838493347168,0.1411
7.5,672.6904122829437,0.1411
7.5,673.7013795375824,0.1367
7.5,674.7083296775818,0.1367
7.5,675.7150702476501,0.1367
7.5,676.7298526763916,0.1367
7.5,677.7365207672119,0.1369
7.5,678.7431943416595,0.1369
7.5,679.7585785388947,0.1324
7.5,681.766401052475,0.13599999999999998
7.5,682.7731504440308,0.13599999999999998
7.5,683.7799532413483,0.13599999999999998
7.5,684.7917718887329,0.13599999999999998
7.5,685.7984521389008,0.1358
7.5,686.8050665855408,0.13599999999999998
7.5,687.8168487548828,0.13599999999999998
7.5,688.8236227035522,0.13599999999999998
7.5,689.8251650333405,0.1358
7.5,690.8412766456604,0.1358
7.5,691.8530156612396,0.13599999999999998
7.5,692.8596079349518,0.1358
7.5,693.8713870048523,0.1358
7.5,694.8773190975189,0.13599999999999998
7.5,695.8840944766998,0.1358
7.5,696.8908534049988,0.14029999999999998
7.5,697.8973135948181,0.14029999999999998
7.5,698.9040474891663,0.14029999999999998
7.5,699.9107627868652,0.14029999999999998
7.5,701.9184155464172,0.14029999999999998
7.5,702.9252536296844,0.14029999999999998
7.5,703.9319131374359,0.14029999999999998
7.5,704.9333539009094,0.14029999999999998
7.5,705.9401082992554,0.14029999999999998
7.5,706.9467666149139,0.14029999999999998
7.5,707.960747718811,0.14029999999999998
7.5,708.9731752872467,0.14029999999999998
7.5,709.9849362373352,0.14029999999999998
7.5,710.9990386962891,0.14029999999999998
7.5,712.0133306980133,0.14029999999999998
7.5,713.0200154781342,0.13599999999999998
7.5,714.02676653862,0.1358
5.0,715.0332827568054,0.13599999999999998
5.0,716.0400710105896,0.1358
5.0,717.0469341278076,0.13599999999999998
5.0,718.0586669445038,0.1358
5.0,719.0703029632568,0.1358
5.0,720.0771825313568,0.135
5.0,722.0849969387054,0.135
5.0,723.0916180610657,0.1341
5.0,724.1033711433411,0.1341
5.0,725.1093125343323,0.1341
5.0,726.1109058856964,0.1341
5.0,727.1173233985901,0.1341
5.0,728.1188879013062,0.1341
5.0,729.1254467964172,0.1384
5.0,730.1270515918732,0.1386
5.0,731.1333289146423,0.1386
5.0,732.1400561332703,0.1386
5.0,733.1518769264221,0.1333
5.0,734.1586875915527,0.1333
5.0,735.1653120517731,0.1369
5.0,736.1720864772797,0.1316
5.0,737.178797006607,0.13069999999999998
5.0,738.185286283493,0.135
5.0,739.1921691894531,0.1299
5.0,740.2039813995361,0.1299
5.0,742.2063834667206,0.1333
5.0,743.2131507396698,0.1248
5.0,744.2198083400726,0.1248
5.0,745.2265329360962,0.1248
5.0,746.233371257782,0.1248
5.0,747.2401297092438,0.1248
5.0,748.2467331886292,0.1248
5.0,749.248259305954,0.1248
5.0,750.2599697113037,0.1248
5.0,751.2666783332825,0.12389999999999998
5.0,752.2732825279236,0.12389999999999998
5.0,753.2849926948547,0.12389999999999998
5.0,754.2964663505554,0.1316
5.0,755.3051552772522,0.1265
5.0,756.3171491622925,0.1265
5.0,757.3251693248749,0.1299
5.0,758.3371477127075,0.1256
5.0,759.345335483551,0.1248
5.0,760.3533055782318,0.12389999999999998
5.0,762.3653175830841,0.12389999999999998
5.0,763.3738288879395,0.12389999999999998
5.0,764.3852987289429,0.1195
5.0,765.3932611942291,0.12309999999999999
5.0,766.4011795520782,0.12309999999999999
5.0,767.4133088588715,0.12309999999999999
5.0,768.4214193820953,0.12309999999999999
5.0,769.437591791153,0.12309999999999999
5.0,770.4453494548798,0.12309999999999999
5.0,771.4538991451263,0.12309999999999999
5.0,772.4611897468567,0.12309999999999999
5.0,773.4693031311035,0.12309999999999999
5.0,774.4772024154663,0.1265
5.0,775.4812841415405,0.12219999999999999
5.0,776.4905278682709,0.1256
5.0,777.5053153038025,0.1204
5.0,778.5131986141205,0.1248
5.0,779.5373513698578,0.1197
5.0,780.545327425003,0.12389999999999998
5.0,782.5571842193604,0.1187
5.0,783.5692822933197,0.12309999999999999
5.0,784.5773456096649,0.12309999999999999
5.0,785.5853269100189,0.12309999999999999
5.0,786.5893311500549,0.12309999999999999
5.0,787.5991997718811,0.12309999999999999
5.0,788.6133739948273,0.12309999999999999
5.0,789.6212921142578,0.12309999999999999
5.0,790.6292858123779,0.1187
5.0,791.6373147964478,0.11879999999999999
5.0,792.6453447341919,0.1187
5.0,793.6532661914825,0.118
5.0,794.6653406620026,0.11779999999999999
5.0,795.67338514328,0.11699999999999999
5.0,796.6812946796417,0.11699999999999999
5.0,797.6892876625061,0.11609999999999998
5.0,798.6932737827301,0.11609999999999998
5.0,799.7084357738495,0.1153
5.0,800.7133095264435,0.1153
5.0,802.7212994098663,0.11439999999999999
5.0,803.7332372665405,0.1187
5.0,804.741393327713,0.1187
5.0,805.749350309372,0.1187
5.0,806.7651658058167,0.1187
5.0,807.7732727527618,0.11439999999999999
5.0,808.7852787971497,0.11439999999999999
5.0,809.8013000488281,0.11439999999999999
5.0,810.8133244514465,0.11439999999999999
5.0,811.8213512897491,0.11439999999999999
5.0,812.8371453285217,0.11439999999999999
5.0,813.8480002880096,0.11359999999999999
5.0,814.8613271713257,0.11359999999999999
5.0,815.8692941665649,0.1127
5.0,816.878634929657,0.1127
5.0,817.8893568515778,0.11189999999999999
5.0,818.9013268947601,0.11609999999999998
5.0,819.9132761955261,0.10759999999999999
5.0,820.9213585853577,0.1153
5.0,822.9424314498901,0.11099999999999999
5.0,823.9492883682251,0.11019999999999999
5.0,824.957270860672,0.11019999999999999
5.0,825.9652874469757,0.11019999999999999
5.0,826.9732847213745,0.11019999999999999
5.0,827.9853308200836,0.11019999999999999
5.0,828.9932820796967,0.11019999999999999
5.0,830.0052707195282,0.11439999999999999
5.0,831.0142180919647,0.11019999999999999
5.0,832.0213296413422,0.11439999999999999
5.0,833.029547214508,0.11439999999999999
5.0,834.0373351573944,0.11019999999999999
5.0,835.0453350543976,0.1093
5.0,836.0532791614532,0.1093
5.0,837.0671246051788,0.10849999999999999
5.0,838.077841758728,0.1127
5.0,839.0853192806244,0.10419999999999999
5.0,840.0892853736877,0.11189999999999999
5.0,841.0973076820374,0.10759999999999999
5.0,843.1092610359192,0.10679999999999999
5.0,844.1174349784851,0.10679999999999999
5.0,845.1293652057648,0.11099999999999999
5.0,846.1349396705627,0.11099999999999999
5.0,847.1453709602356,0.11099999999999999
5.0,848.1653416156769,0.11099999999999999
5.0,849.1733186244965,0.11099999999999999
5.0,850.1812908649445,0.11099999999999999
5.0,851.1893110275269,0.10679999999999999
5.0,852.1973285675049,0.11099999999999999
5.0,853.2067787647247,0.10679999999999999
5.0,854.2173128128052,0.10229999999999999
5.0,855.2253308296204,0.11019999999999999
5.0,856.2436215877533,0.1059
5.0,857.2612726688385,0.10509999999999999
5.0,858.2694356441498,0.10509999999999999
5.0,859.2852826118469,0.1006
5.0,860.293300151825,0.10849999999999999
5.0,861.3013281822205,0.10419999999999999
5.0,863.3152961730957,0.10319999999999999
5.0,864.3413076400757,0.10319999999999999
5.0,865.3534648418427,0.10339999999999999
5.0,866.369389295578,0.10759999999999999
5.0,867.3773138523102,0.10759999999999999
5.0,868.3853027820587,0.10759999999999999
5.0,869.3931496143341,0.10759999999999999
5.0,870.4011647701263,0.10759999999999999
5.0,871.4131555557251,0.10759999999999999
5.0,872.4252746105194,0.10759999999999999
5.0,873.4451825618744,0.10759999999999999
5.0,874.457275390625,0.10319999999999999
5.0,875.4692976474762,0.10229999999999999
5.0,876.4853208065033,0.10229999999999999
5.0,877.4932963848114,0.09809999999999999
5.0,878.5012736320496,0.10149999999999999
5.0,879.5132687091827,0.10149999999999999
5.0,880.5270855426788,0.09729999999999998
5.0,881.5372741222382,0.1006
5.0,883.54936003685,0.1006
5.0,884.5651922225952,0.1006
5.0,885.5732066631317,0.1006
5.0,886.5773077011108,0.1006
5.0,887.5851926803589,0.1006
5.0,888.5933320522308,0.1006
5.0,889.6053230762482,0.1006
5.0,890.6172807216644,0.09639999999999999
5.0,891.6252837181091,0.1006
5.0,892.6292819976807,0.09639999999999999
5.0,893.6371896266937,0.09639999999999999
5.0,894.6492803096771,0.09979999999999999
5.0,895.6572799682617,0.09979999999999999
5.0,896.6652817726135,0.09559999999999999
5.0,897.6748838424683,0.09889999999999999
5.0,898.6852924823761,0.09889999999999999
5.0,899.7012581825256,0.09469999999999999
5.0,900.7173011302948,0.09389999999999998
5.0,901.7278828620911,0.09809999999999999
5.0,903.7452871799469,0.09389999999999998
5.0,904.7938280105591,0.09389999999999998
5.0,905.8280203342438,0.09389999999999998
5.0,906.857494354248,0.09299999999999999
5.0,907.8621618747711,0.09389999999999998
5.0,908.8720788955688,0.09729999999999998
5.0,909.888908624649,0.09299999999999999
5.0,910.9078748226166,0.09299999999999999
5.0,911.9131555557251,0.09299999999999999
5.0,912.9252128601074,0.09299999999999999
5.0,913.93723320961,0.09299999999999999
5.0,914.9455769062042,0.09729999999999998
5.0,915.953232049942,0.09729999999999998
5.0,916.9612798690796,0.09209999999999999
5.0,917.9692487716675,0.1006
5.0,918.9786040782928,0.09639999999999999
5.0,919.9932749271393,0.09209999999999999
5.0,921.0012717247009,0.09559999999999999
5.0,922.0091695785522,0.09559999999999999
5.0,924.0303559303284,0.09559999999999999
5.0,925.0333030223846,0.09129999999999999
5.0,926.0411729812622,0.09129999999999999
5.0,927.0452461242676,0.09129999999999999
5.0,928.0571880340576,0.09129999999999999
5.0,929.069192647934,0.09129999999999999
5.0,930.08549284935,0.09129999999999999
5.0,931.1030204296112,0.0904
5.0,932.1172769069672,0.0904
5.0,933.1413600444794,0.0904
5.0,934.1573474407196,0.0904
5.0,935.1653108596802,0.09469999999999999
5.0,936.1696581840515,0.09469999999999999
5.0,937.1811945438385,0.0904
5.0,938.1931848526001,0.09389999999999998
5.0,939.2012939453125,0.09389999999999998
5.0,940.2132942676544,0.09389999999999998
5.0,941.221302986145,0.0896
5.0,942.2454147338867,0.09729999999999998
5.0,944.2613370418549,0.09299999999999999
5.0,945.2804546356201,0.09299999999999999
5.0,946.2943813800812,0.09299999999999999
5.0,947.3092868328094,0.09299999999999999
5.0,948.3172173500061,0.09299999999999999
5.0,949.3252167701721,0.09299999999999999
5.0,950.3332901000977,0.09299999999999999
5.0,951.343653678894,0.09299999999999999
5.0,952.3533048629761,0.09299999999999999
5.0,953.361298084259,0.09299999999999999
5.0,954.3768088817596,0.0887
5.0,955.3893442153931,0.09209999999999999
5.0,956.3972926139832,0.09639999999999999
5.0,957.4053266048431,0.09209999999999999
5.0,958.4173712730408,0.09209999999999999
5.0,959.4252939224243,0.08789999999999999
5.0,960.433290719986,0.09559999999999999
5.0,961.4413151741028,0.09129999999999999
5.0,962.4453291893005,0.09129999999999999
5.0,964.4573209285736,0.0904
5.0,965.4651880264282,0.0904
5.0,966.4733283519745,0.0904
5.0,967.489132642746,0.0904
5.0,968.5012209415436,0.0904
5.0,969.5092895030975,0.0904
5.0,970.5212776660919,0.0904
5.0,971.5331602096558,0.0904
5.0,972.5453567504883,0.09469999999999999
5.0,973.5532333850861,0.09469999999999999
5.0,974.5613560676575,0.09469999999999999
5.0,975.5693538188934,0.0904
5.0,976.5785505771637,0.0904
5.0,977.5893864631653,0.0818
5.0,978.6051707267761,0.0896
5.0,979.6133286952972,0.0896
5.0,980.621178150177,0.0896
5.0,981.6332080364227,0.08089999999999999
5.0,982.6418783664703,0.0887
5.0,984.6572546958923,0.0887
5.0,985.6692671775818,0.0887
5.0,986.6732769012451,0.0887
5.0,987.6811721324921,0.0887
5.0,988.693204164505,0.0887
5.0,989.7060596942902,0.0887
5.0,990.7131571769714,0.0887
5.0,991.7251472473145,0.0887
5.0,992.737181186676,0.0887
5.0,993.7491543292999,0.0887
5.0,994.757532119751,0.0887
5.0,995.7691745758057,0.0887
5.0,996.7771775722504,0.0801
5.0,997.785168170929,0.09209999999999999
5.0,998.7932057380676,0.09209999999999999
5.0,999.8091871738434,0.08789999999999999
5.0,1000.8186972141266,0.0826
5.0,1001.8333249092102,0.0835
5.0,1002.8453278541565,0.09129999999999999
5.0,1004.8652248382568,0.087
5.0,1005.8773012161255,0.087
5.0,1006.8892946243286,0.087
5.0,1007.921178817749,0.087
5.0,1008.9332091808319,0.087
5.0,1009.9454190731049,0.087
5.0,1010.9533495903015,0.087
5.0,1011.9572961330414,0.08689999999999999
5.0,1012.9731693267822,0.087
5.0,1013.9811832904816,0.087
5.0,1014.9931831359863,0.087
5.0,1016.0053668022156,0.0826
5.0,1017.0131537914276,0.0818
5.0,1018.0253746509552,0.0904
5.0,1019.0333549976349,0.0818
5.0,1020.0453300476074,0.0835
5.0,1021.0535361766815,0.0818
5.0,1022.0612597465515,0.08089999999999999
5.0,1023.0693752765656,0.08089999999999999
5.0,1025.0851757526398,0.08089999999999999
5.0,1026.1001155376434,0.08089999999999999
5.0,1027.1132843494415,0.08089999999999999
5.0,1028.1253118515015,0.08089999999999999
5.0,1029.1332585811615,0.08089999999999999
5.0,1030.1413025856018,0.08089999999999999
5.0,1031.1492948532104,0.08089999999999999
5.0,1032.159243106842,0.08089999999999999
5.0,1033.1731567382812,0.08089999999999999
5.0,1034.1867203712463,0.08089999999999999
5.0,1035.2011497020721,0.08089999999999999
5.0,1036.2132761478424,0.08089999999999999
5.0,1037.221198797226,0.0801
5.0,1038.2293119430542,0.0887
5.0,1039.2372665405273,0.0801
5.0,1040.2452795505524,0.0801
5.0,1041.2533445358276,0.0801
5.0,1042.2661337852478,0.0801
5.0,1043.2839856147766,0.0835
5.0,1045.3011453151703,0.08789999999999999
5.0,1046.3144898414612,0.07919999999999998
5.0,1047.3291685581207,0.08789999999999999
5.0,1048.3340005874634,0.07919999999999998
5.0,1049.3421440124512,0.0835
5.0,1050.3475315570831,0.07919999999999998
5.0,1051.352178812027,0.0835
5.0,1052.3811564445496,0.07919999999999998
5.0,1053.4213933944702,0.0835
5.0,1054.4258987903595,0.07919999999999998
5.0,1055.4358525276184,0.07919999999999998
5.0,1056.4488499164581,0.07919999999999998
5.0,1057.460247516632,0.0835
5.0,1058.467101097107,0.07919999999999998
5.0,1059.4710013866425,0.07839999999999998
5.0,1060.4784181118011,0.0826
5.0,1061.4826419353485,0.0826
5.0,1062.4891443252563,0.0828
5.0,1063.495110988617,0.0826
5.0,1065.5018293857574,0.07839999999999998
5.0,1066.5075144767761,0.07839999999999998
5.0,1067.5139379501343,0.07839999999999998
5.0,1068.5175650119781,0.07839999999999998
5.0,1069.5251936912537,0.07839999999999998
5.0,1070.5332090854645,0.07839999999999998
5.0,1071.544293642044,0.07839999999999998
5.0,1072.5497901439667,0.07749999999999999
5.0,1073.5655226707458,0.07839999999999998
5.0,1074.5813624858856,0.07749999999999999
5.0,1075.5933465957642,0.07749999999999999
5.0,1076.610855102539,0.0818
5.0,1077.6213371753693,0.0818
5.0,1078.6292991638184,0.0818
5.0,1079.6383516788483,0.0818
5.0,1080.6453227996826,0.07749999999999999
5.0,1081.6533391475677,0.07749999999999999
5.0,1082.6687433719635,0.07669999999999999
5.0,1083.6812908649445,0.08089999999999999
5.0,1085.6971817016602,0.08089999999999999
5.0,1086.7212364673615,0.08089999999999999
5.0,1087.7694337368011,0.08089999999999999
5.0,1088.7734141349792,0.08089999999999999
5.0,1089.8072237968445,0.08089999999999999
5.0,1090.8121855258942,0.08089999999999999
5.0,1091.8171617984772,0.08089999999999999
5.0,1092.8224601745605,0.08089999999999999
5.0,1093.8280127048492,0.08089999999999999
5.0,1094.8338913917542,0.08089999999999999
5.0,1095.838119983673,0.08089999999999999
5.0,1096.8491969108582,0.08089999999999999
5.0,1097.8611879348755,0.07669999999999999
5.0,1098.874916791916,0.07239999999999999
5.0,1099.8772230148315,0.07579999999999998
5.0,1100.8853862285614,0.0801
5.0,1101.8932960033417,0.0801
5.0,1102.898950099945,0.0801
5.0,1103.9173786640167,0.0801
5.0,1105.933420419693,0.07579999999999998
5.0,1106.9453642368317,0.07579999999999998
5.0,1107.9626154899597,0.07579999999999998
5.0,1108.9731650352478,0.07579999999999998
5.0,1109.9852938652039,0.07579999999999998
5.0,1111.0013411045074,0.07579999999999998
5.0,1112.0172958374023,0.07579999999999998
5.0,1113.033361196518,0.07579999999999998
5.0,1114.045303106308,0.07579999999999998
5.0,1115.0533695220947,0.07579999999999998
5.0,1116.0666551589966,0.07579999999999998
5.0,1117.077311038971,0.07499999999999998
5.0,1118.0853176116943,0.07919999999999998
5.0,1119.0933363437653,0.07919999999999998
5.0,1120.1012842655182,0.07919999999999998
5.0,1121.1166350841522,0.07919999999999998
5.0,1122.1332912445068,0.07919999999999998
5.0,1123.1493699550629,0.07499999999999998
5.0,1124.1613376140594,0.07499999999999998
5.0,1126.1825499534607,0.07839999999999998
5.0,1127.1973667144775,0.07409999999999999
5.0,1128.21328663826,0.07839999999999998
5.0,1129.2212536334991,0.0826
5.0,1130.229322195053,0.07409999999999999
5.0,1131.2388763427734,0.0828
5.0,1132.2533094882965,0.07839999999999998
5.0,1133.2613022327423,0.0828
5.0,1134.2693445682526,0.07409999999999999
5.0,1135.2773020267487,0.07839999999999998
5.0,1136.2852857112885,0.0826
5.0,1137.2933757305145,0.07839999999999998
5.0,1138.3012928962708,0.0826
5.0,1139.309368610382,0.07839999999999998
5.0,1140.3173339366913,0.07839999999999998
5.0,1141.325326681137,0.07839999999999998
5.0,1142.3333213329315,0.07409999999999999
5.0,1143.341293334961,0.07409999999999999
5.0,1144.3492999076843,0.07749999999999999
5.0,1146.3613028526306,0.07749999999999999
5.0,1147.3785874843597,0.0818
5.0,1148.3933453559875,0.07749999999999999
5.0,1149.4013214111328,0.07329999999999999
5.0,1150.4293472766876,0.07749999999999999
5.0,1151.4413013458252,0.0818
5.0,1152.449287891388,0.0818
5.0,1153.4654035568237,0.07749999999999999
5.0,1154.481436252594,0.07749999999999999
5.0,1155.4974524974823,0.07749999999999999
5.0,1156.5133349895477,0.07749999999999999
5.0,1157.5292694568634,0.07749999999999999
5.0,1158.5453567504883,0.07749999999999999
5.0,1159.5532166957855,0.07749999999999999
5.0,1160.561308145523,0.07749999999999999
5.0,1161.569191455841,0.07329999999999999
5.0,1162.5813670158386,0.07329999999999999
5.0,1163.5974056720734,0.07239999999999999
5.0,1164.6083209514618,0.07239999999999999
5.0,1166.6213040351868,0.07239999999999999
5.0,1167.6312417984009,0.07239999999999999
5.0,1168.6453697681427,0.07669999999999999
5.0,1169.6574761867523,0.07669999999999999
5.0,1170.669332742691,0.07669999999999999
5.0,1171.6775221824646,0.07669999999999999
5.0,1172.6893787384033,0.07669999999999999
5.0,1173.6975362300873,0.07239999999999999
5.0,1174.7154500484467,0.07669999999999999
5.0,1175.733418226242,0.07669999999999999
5.0,1176.7413909435272,0.07669999999999999
5.0,1177.753457069397,0.07669999999999999
5.0,1178.7641649246216,0.07669999999999999
5.0,1179.773375749588,0.07669999999999999
5.0,1180.7813663482666,0.07669999999999999
5.0,1181.8013350963593,0.07239999999999999
5.0,1182.812124967575,0.07239999999999999
5.0,1183.8253226280212,0.07239999999999999
5.0,1184.8293237686157,0.07579999999999998
5.0,1186.8533289432526,0.0801
5.0,1187.8612968921661,0.07579999999999998
5.0,1188.8733036518097,0.07579999999999998
5.0,1189.8812968730927,0.07579999999999998
5.0,1190.8979749679565,0.07579999999999998
5.0,1191.915013551712,0.07579999999999998
5.0,1192.9293763637543,0.07579999999999998
5.0,1193.9373393058777,0.07579999999999998
5.0,1194.9453611373901,0.07579999999999998
5.0,1195.9638743400574,0.07579999999999998
5.0,1196.9733233451843,0.07579999999999998
5.0,1197.981411933899,0.07579999999999998
5.0,1198.989307641983,0.07579999999999998
5.0,1199.9972984790802,0.07579999999999998
5.0,1201.0132057666779,0.07579999999999998
5.0,1202.0286815166473,0.07579999999999998
5.0,1203.0454626083374,0.07159999999999998
5.0,1204.061381816864,0.07159999999999998
5.0,1205.0692851543427,0.07499999999999998
5.0,1207.0812983512878,0.07499999999999998
5.0,1208.0893003940582,0.07069999999999999
5.0,1209.0973081588745,0.07499999999999998
5.0,1210.105303287506,0.07499999999999998
5.0,1211.1133058071136,0.07919999999999998
5.0,1212.1253798007965,0.07069999999999999
5.0,1213.1333496570587,0.07499999999999998
5.0,1214.1413300037384,0.07919999999999998
5.0,1215.1493792533875,0.07919999999999998
5.0,1216.1572856903076,0.07919999999999998
5.0,1217.1663262844086,0.07499999999999998
5.0,1218.1733379364014,0.07919999999999998
5.0,1219.1813101768494,0.07919999999999998
5.0,1220.1894023418427,0.07499999999999998
5.0,1221.1973543167114,0.07499999999999998
5.0,1222.2126986980438,0.07499999999999998
5.0,1223.2762742042542,0.07499999999999998
5.0,1224.282737493515,0.07499999999999998
5.0,1225.3019709587097,0.07499999999999998
5.0,1227.3114440441132,0.07069999999999999
5.0,1228.3203382492065,0.07069999999999999
5.0,1229.3264067173004,0.07409999999999999
5.0,1230.3300552368164,0.07069999999999999
5.0,1231.3346219062805,0.07409999999999999
5.0,1232.3392095565796,0.07069999999999999
5.0,1233.3463282585144,0.07409999999999999
5.0,1234.3520874977112,0.07409999999999999
5.0,1235.3580794334412,0.07069999999999999
5.0,1236.36270737648,0.07069999999999999
5.0,1237.3851840496063,0.07069999999999999
5.0,1238.3891859054565,0.07409999999999999
5.0,1239.3971495628357,0.07409999999999999
5.0,1240.409368276596,0.07839999999999998
5.0,1241.4173164367676,0.07839999999999998
5.0,1242.4253597259521,0.07839999999999998
5.0,1243.4293246269226,0.07839999999999998
5.0,1244.43732047081,0.07409999999999999
5.0,1245.4455597400665,0.07409999999999999
5.0,1247.4653832912445,0.07409999999999999
5.0,1248.4733324050903,0.07409999999999999
5.0,1249.4813256263733,0.07409999999999999
5.0,1250.489295721054,0.07409999999999999
5.0,1251.4972748756409,0.07409999999999999
5.0,1252.5079119205475,0.07409999999999999
5.0,1253.5173127651215,0.07409999999999999
5.0,1254.5253443717957,0.07409999999999999
5.0,1255.5333197116852,0.07409999999999999
5.0,1256.5373556613922,0.07409999999999999
5.0,1257.5454852581024,0.07409999999999999
5.0,1258.5613844394684,0.07409999999999999
5.0,1259.5693607330322,0.06989999999999999
5.0,1260.5773012638092,0.06969999999999998
5.0,1261.5852925777435,0.06989999999999999
5.0,1262.5973002910614,0.07329999999999999
5.0,1263.6121685504913,0.06899999999999999
5.0,1264.6293420791626,0.07329999999999999
5.0,1265.6373093128204,0.07329999999999999
5.0,1267.6454174518585,0.07329999999999999
5.0,1268.6562135219574,0.07329999999999999
5.0,1269.6654393672943,0.07749999999999999
5.0,1270.673318862915,0.07749999999999999
5.0,1271.681367635727,0.07329999999999999
5.0,1272.6931445598602,0.07749999999999999
5.0,1273.7053186893463,0.07329999999999999
5.0,1274.7172389030457,0.07749999999999999
5.0,1275.7291836738586,0.07329999999999999
5.0,1276.741203546524,0.07329999999999999
5.0,1277.7532994747162,0.07749999999999999
5.0,1278.7613019943237,0.07749999999999999
5.0,1279.7707815170288,0.07329999999999999
5.0,1280.781319618225,0.07329999999999999
5.0,1281.7933821678162,0.07329999999999999
5.0,1282.8091292381287,0.07329999999999999
5.0,1283.8173253536224,0.07329999999999999
5.0,1284.8253271579742,0.07329999999999999
5.0,1285.8334498405457,0.07329999999999999
5.0,1287.84521651268,0.06899999999999999
5.0,1288.8574197292328,0.06899999999999999
5.0,1289.8692910671234,0.06899999999999999
5.0,1290.8801543712616,0.06899999999999999
5.0,1291.8908870220184,0.06899999999999999
5.0,1292.9066379070282,0.06899999999999999
5.0,1293.9172976016998,0.06899999999999999
5.0,1294.9254393577576,0.06899999999999999
5.0,1295.933311700821,0.06899999999999999
5.0,1296.9413757324219,0.06899999999999999
5.0,1297.957295179367,0.06899999999999999
5.0,1298.965291261673,0.06899999999999999
5.0,1299.9701399803162,0.06819999999999998
5.0,1300.9852850437164,0.06799999999999999
5.0,1301.9933071136475,0.06819999999999998
5.0,1302.9973821640015,0.07239999999999999
5.0,1304.0053033828735,0.07239999999999999
5.0,1305.0213055610657,0.07239999999999999
5.0,1306.0332889556885,0.07239999999999999
5.0,1308.0454046726227,0.07239999999999999
5.0,1309.0532884597778,0.07239999999999999
5.0,1310.0572938919067,0.07239999999999999
5.0,1311.073298215866,0.07239999999999999
5.0,1312.081286907196,0.07239999999999999
5.0,1313.085305929184,0.07239999999999999
5.0,1314.097332239151,0.07239999999999999
5.0,1315.1013224124908,0.07239999999999999
5.0,1316.1132991313934,0.07239999999999999
5.0,1317.121336698532,0.07239999999999999
5.0,1318.129299402237,0.07239999999999999
5.0,1319.137363433838,0.07239999999999999
5.0,1320.1458280086517,0.07239999999999999
5.0,1321.1533086299896,0.07239999999999999
5.0,1322.1572976112366,0.07239999999999999
5.0,1323.1693041324615,0.07239999999999999
5.0,1324.179218530655,0.07239999999999999
5.0,1325.1933138370514,0.06799999999999999
5.0,1326.2012648582458,0.06799999999999999
5.0,1328.221314907074,0.06819999999999998
5.0,1329.2291662693024,0.06799999999999999
5.0,1330.2412843704224,0.06799999999999999
5.0,1331.257162809372,0.06799999999999999
5.0,1332.2692906856537,0.06799999999999999
5.0,1333.281315088272,0.06819999999999998
5.0,1334.2893023490906,0.06799999999999999
5.0,1335.2972741127014,0.06799999999999999
5.0,1336.309356212616,0.06799999999999999
5.0,1337.3173184394836,0.06799999999999999
5.0,1338.3253228664398,0.06819999999999998
5.0,1339.3332962989807,0.06799999999999999
5.0,1340.341314792633,0.0672
5.0,1341.353333234787,0.06729999999999998
5.0,1342.3640315532684,0.07159999999999998
5.0,1343.369271993637,0.07159999999999998
5.0,1344.3853673934937,0.07159999999999998
5.0,1345.3946170806885,0.07159999999999998
5.0,1346.4093098640442,0.07159999999999998
5.0,1348.4214153289795,0.07159999999999998
5.0,1349.429379940033,0.07159999999999998
5.0,1350.4401280879974,0.07159999999999998
5.0,1351.449265241623,0.07159999999999998
5.0,1352.4619762897491,0.07159999999999998
5.0,1353.4695720672607,0.07159999999999998
5.0,1354.4786517620087,0.07159999999999998
5.0,1355.4933397769928,0.07159999999999998
5.0,1356.5040683746338,0.07159999999999998
5.0,1357.513390302658,0.07159999999999998
5.0,1358.5252804756165,0.07159999999999998
5.0,1359.5371642112732,0.07159999999999998
5.0,1360.5453815460205,0.07159999999999998
5.0,1361.5533413887024,0.07159999999999998
5.0,1362.5573000907898,0.07159999999999998
5.0,1363.5653281211853,0.07159999999999998
5.0,1364.5734071731567,0.07159999999999998
5.0,1365.5813183784485,0.07159999999999998
5.0,1366.5893366336823,0.07159999999999998
5.0,1368.6014351844788,0.06729999999999998
5.0,1369.6093525886536,0.06729999999999998
5.0,1370.617338180542,0.06729999999999998
5.0,1371.6272933483124,0.06729999999999998
5.0,1372.645334482193,0.0672
5.0,1373.6600518226624,0.0672
5.0,1374.673348903656,0.06729999999999998
5.0,1375.6856310367584,0.06729999999999998
5.0,1376.6893227100372,0.0672
5.0,1377.6973054409027,0.06729999999999998
5.0,1378.7052891254425,0.0672
5.0,1379.7133021354675,0.0672
5.0,1380.721337556839,0.0672
5.0,1381.7292850017548,0.0672
5.0,1382.7373893260956,0.0672
5.0,1383.741313457489,0.0672
5.0,1384.749295949936,0.0663
5.0,1385.7572145462036,0.0663
5.0,1386.7653272151947,0.0663
5.0,1388.7772989273071,0.07069999999999999
5.0,1389.7893269062042,0.0663
5.0,1390.7973494529724,0.07069999999999999
5.0,1391.805316209793,0.07499999999999998
5.0,1392.8132753372192,0.0663
5.0,1393.8213119506836,0.07069999999999999
5.0,1394.8292899131775,0.0663
5.0,1395.845076084137,0.0663
5.0,1396.8610470294952,0.06649999999999999
5.0,1397.8772912025452,0.07069999999999999
5.0,1398.8813173770905,0.0663
5.0,1399.9367892742157,0.07069999999999999
5.0,1400.9459960460663,0.0663
5.0,1401.9646685123444,0.07069999999999999
5.0,1402.972187757492,0.07499999999999998
5.0,1403.9788858890533,0.07499999999999998
5.0,1404.9843463897705,0.07069999999999999
5.0,1405.9901576042175,0.07069999999999999
5.0,1406.9942016601562,0.07499999999999998
5.0,1409.0016872882843,0.07069999999999999
5.0,1410.0062758922577,0.07499999999999998
5.0,1411.0109868049622,0.07499999999999998
5.0,1412.0151207447052,0.07069999999999999
5.0,1413.0194919109344,0.07069999999999999
5.0,1414.027007341385,0.07069999999999999
5.0,1415.0307624340057,0.07069999999999999
5.0,1416.0341796875,0.07069999999999999
5.0,1417.0376424789429,0.07069999999999999
5.0,1418.04168009758,0.07069999999999999
5.0,1419.0477871894836,0.07069999999999999
5.0,1420.0531849861145,0.07069999999999999
5.0,1421.0612170696259,0.07069999999999999
5.0,1422.0732231140137,0.07069999999999999
5.0,1423.0852196216583,0.07069999999999999
5.0,1424.0932309627533,0.07069999999999999
5.0,1425.1013870239258,0.07069999999999999
5.0,1426.109326839447,0.07069999999999999
5.0,1428.1173496246338,0.07069999999999999
5.0,1429.1253349781036,0.07069999999999999
5.0,1430.1373147964478,0.07069999999999999
5.0,1431.1453392505646,0.07069999999999999
5.0,1432.161277294159,0.0663
5.0,1433.1773262023926,0.07069999999999999
5.0,1434.1933250427246,0.07069999999999999
5.0,1435.197380065918,0.07069999999999999
5.0,1436.2081894874573,0.07069999999999999
5.0,1437.2134010791779,0.07069999999999999
5.0,1438.2212870121002,0.07069999999999999
5.0,1439.2293303012848,0.0663
5.0,1440.2373633384705,0.0663
5.0,1441.248143196106,0.0663
5.0,1442.2613549232483,0.0663
5.0,1443.269336938858,0.06989999999999999
5.0,1444.2772953510284,0.0663
5.0,1445.2894682884216,0.0663
5.0,1446.3053250312805,0.0663
5.0,1448.317321062088,0.06989999999999999
5.0,1449.3254697322845,0.06989999999999999
5.0,1450.333288192749,0.0663
5.0,1451.3493065834045,0.06989999999999999
5.0,1452.3600571155548,0.06549999999999999
5.0,1453.369303226471,0.06559999999999999
5.0,1454.3773093223572,0.06989999999999999
5.0,1455.3893086910248,0.06969999999999998
5.0,1456.3974380493164,0.06989999999999999
5.0,1457.4080743789673,0.06559999999999999
5.0,1458.421336889267,0.06989999999999999
5.0,1459.4293076992035,0.06989999999999999
5.0,1460.4373455047607,0.06989999999999999
5.0,1461.4466965198517,0.06989999999999999
5.0,1462.4573347568512,0.06989999999999999
5.0,1463.4653158187866,0.06989999999999999
5.0,1464.473350763321,0.06989999999999999
5.0,1465.4812877178192,0.07409999999999999
5.0,1466.4893023967743,0.07409999999999999
5.0,1468.501300573349,0.06989999999999999
5.0,1469.521335363388,0.07409999999999999
5.0,1470.5306267738342,0.06989999999999999
5.0,1471.5412847995758,0.07409999999999999
5.0,1472.5493240356445,0.07409999999999999
5.0,1473.557291507721,0.07409999999999999
5.0,1474.569302558899,0.06989999999999999
5.0,1475.577323436737,0.07409999999999999
5.0,1476.5813150405884,0.07409999999999999
5.0,1477.5892915725708,0.06989999999999999
5.0,1478.6064159870148,0.06989999999999999
5.0,1479.621174812317,0.07409999999999999
5.0,1480.625512123108,0.07409999999999999
5.0,1481.6293222904205,0.07409999999999999
5.0,1482.6332821846008,0.07409999999999999
5.0,1483.6412930488586,0.06989999999999999
5.0,1484.6613891124725,0.06989999999999999
5.0,1485.6722493171692,0.06989999999999999
5.0,1486.6813251972198,0.06989999999999999
5.0,1488.7025451660156,0.06989999999999999
5.0,1489.7093796730042,0.06989999999999999
5.0,1490.7173092365265,0.06989999999999999
5.0,1491.7265605926514,0.06989999999999999
5.0,1492.7398114204407,0.06989999999999999
5.0,1493.7453799247742,0.06969999999999998
5.0,1494.7573256492615,0.06989999999999999
5.0,1495.7652945518494,0.06989999999999999
5.0,1496.7813794612885,0.07409999999999999
5.0,1497.7933058738708,0.06989999999999999
5.0,1498.8053867816925,0.06989999999999999
5.0,1499.8133838176727,0.06989999999999999
5.0,1500.8252818584442,0.06989999999999999
5.0,1501.8413186073303,0.06989999999999999
5.0,1502.8492896556854,0.06989999999999999
5.0,1503.8597185611725,0.06989999999999999
5.0,1504.8751254081726,0.06989999999999999
5.0,1505.8851935863495,0.06989999999999999
5.0,1506.8933284282684,0.06989999999999999
5.0,1508.906150817871,0.06989999999999999
5.0,1509.9171137809753,0.06969999999999998
5.0,1510.9331829547882,0.06989999999999999
5.0,1511.9453637599945,0.06989999999999999
5.0,1512.957326889038,0.06989999999999999
5.0,1513.9652881622314,0.06989999999999999
5.0,1514.9733242988586,0.06989999999999999
5.0,1515.9853246212006,0.06989999999999999
5.0,1516.9933350086212,0.06989999999999999
5.0,1518.0072195529938,0.06989999999999999
5.0,1519.025313615799,0.06969999999999998
5.0,1520.0412969589233,0.06989999999999999
5.0,1521.0493466854095,0.06989999999999999
5.0,1522.060065984726,0.06559999999999999
5.0,1523.0693397521973,0.06549999999999999
5.0,1524.0853016376495,0.06559999999999999
5.0,1525.0933120250702,0.06549999999999999
5.0,1526.1053848266602,0.06899999999999999
5.0,1527.1173195838928,0.06559999999999999
5.0,1529.1250762939453,0.06989999999999999
5.0,1530.1316890716553,0.06549999999999999
5.0,1531.1384909152985,0.06549999999999999
5.0,1532.152937412262,0.06549999999999999
5.0,1533.1671588420868,0.06549999999999999
5.0,1534.181304693222,0.06549999999999999
5.0,1535.1971204280853,0.06549999999999999
5.0,1536.2038915157318,0.06559999999999999
5.0,1537.2106335163116,0.06549999999999999
5.0,1538.2173449993134,0.06549999999999999
5.0,1539.224095582962,0.06559999999999999
5.0,1540.2358989715576,0.06549999999999999
5.0,1541.2426376342773,0.06549999999999999
5.0,1542.2493188381195,0.06549999999999999
5.0,1543.2602324485779,0.06549999999999999
5.0,1544.2720608711243,0.06549999999999999
5.0,1545.2787733078003,0.06549999999999999
5.0,1546.290005683899,0.06549999999999999
5.0,1547.3013253211975,0.06479999999999998
5.0,1549.3085663318634,0.06899999999999999
5.0,1550.3152589797974,0.06479999999999998
5.0,1551.3213045597076,0.06899999999999999
5.0,1552.3333365917206,0.06459999999999999
5.0,1553.3401126861572,0.06479999999999998
5.0,1554.355185508728,0.06899999999999999
5.0,1555.3558695316315,0.06119999999999999
5.0,1556.3624792099,0.06479999999999998
5.0,1557.3693323135376,0.06899999999999999
5.0,1558.376033782959,0.06459999999999999
5.0,1559.3877754211426,0.06119999999999999
5.0,1560.399484872818,0.06899999999999999
5.0,1561.4054675102234,0.06459999999999999
5.0,1562.417244195938,0.06459999999999999
5.0,1563.42360663414,0.06479999999999998
5.0,1564.4353325366974,0.06899999999999999
5.0,1565.4413669109344,0.06459999999999999
5.0,1566.4481253623962,0.06459999999999999
5.0,1567.4550065994263,0.06899999999999999
5.0,1569.4623811244965,0.06899999999999999
5.0,1570.4733183383942,0.06899999999999999
5.0,1571.4850964546204,0.06459999999999999
5.0,1572.491815328598,0.06459999999999999
5.0,1573.4985930919647,0.07329999999999999
5.0,1574.505304813385,0.07329999999999999
5.0,1575.5122888088226,0.06459999999999999
5.0,1576.5240380764008,0.07329999999999999
5.0,1577.5307397842407,0.06899999999999999
5.0,1578.5316243171692,0.06479999999999998
5.0,1579.5384423732758,0.06479999999999998
5.0,1580.5532641410828,0.06899999999999999
5.0,1581.5626919269562,0.06459999999999999
5.0,1582.5745072364807,0.06899999999999999
5.0,1583.5811948776245,0.06899999999999999
5.0,1584.587962627411,0.06899999999999999
5.0,1585.5893294811249,0.07329999999999999
5.0,1586.6011083126068,0.07329999999999999
5.0,1587.6146924495697,0.06899999999999999
5.0,1589.6293065547943,0.06479999999999998
5.0,1590.6410567760468,0.06459999999999999
5.0,1591.6477527618408,0.07329999999999999
5.0,1592.6545135974884,0.06899999999999999
5.0,1593.6612694263458,0.06899999999999999
5.0,1594.662849664688,0.06899999999999999
5.0,1595.6693217754364,0.06459999999999999
5.0,1596.6760349273682,0.06899999999999999
5.0,1597.6773669719696,0.06899999999999999
5.0,1598.678931236267,0.06899999999999999
5.0,1599.6909770965576,0.06899999999999999
5.0,1600.7027006149292,0.06479999999999998
5.0,1601.7093398571014,0.06899999999999999
5.0,1602.7210857868195,0.07329999999999999
5.0,1603.7278008460999,0.06899999999999999
5.0,1604.734554052353,0.06899999999999999
5.0,1605.7361409664154,0.06899999999999999
5.0,1606.74289894104,0.06899999999999999
5.0,1607.7492990493774,0.06899999999999999
5.0,1609.757243156433,0.06899999999999999
5.0,1610.769030570984,0.06899999999999999
5.0,1611.7757365703583,0.06899999999999999
5.0,1612.7823390960693,0.06899999999999999
5.0,1613.788607597351,0.06899999999999999
5.0,1614.8003778457642,0.06899999999999999
5.0,1615.8065712451935,0.06899999999999999
5.0,1616.8080542087555,0.06899999999999999
5.0,1617.8092939853668,0.06899999999999999
5.0,1618.81595993042,0.06899999999999999
5.0,1619.817281961441,0.06899999999999999
5.0,1620.8239533901215,0.06899999999999999
5.0,1621.8306159973145,0.06899999999999999
5.0,1622.837528705597,0.06899999999999999
5.0,1623.8531868457794,0.06899999999999999
5.0,1624.8599371910095,0.06459999999999999
5.0,1625.8708300590515,0.06899999999999999
5.0,1626.8852412700653,0.06899999999999999
5.0,1627.8971588611603,0.06899999999999999
5.0,1629.9052081108093,0.07329999999999999
5.0,1630.916843175888,0.06899999999999999
5.0,1631.9266397953033,0.06899999999999999
5.0,1632.9404861927032,0.06899999999999999
5.0,1633.9493465423584,0.06899999999999999
5.0,1634.9562573432922,0.06899999999999999
5.0,1635.9679374694824,0.06899999999999999
5.0,1636.9693212509155,0.06899999999999999
5.0,1637.9811885356903,0.06899999999999999
5.0,1638.9879314899445,0.06899999999999999
5.0,1640.0308575630188,0.06899999999999999
5.0,1641.0338349342346,0.06899999999999999
5.0,1642.0361580848694,0.06899999999999999
5.0,1643.0391278266907,0.06899999999999999
5.0,1644.0551166534424,0.06899999999999999
5.0,1645.0596294403076,0.06899999999999999
5.0,1646.0690052509308,0.06899999999999999
5.0,1647.0760972499847,0.06899999999999999
5.0,1648.077157497406,0.06899999999999999
5.0,1650.0848722457886,0.06899999999999999
5.0,1651.093166589737,0.06899999999999999
5.0,1652.0997486114502,0.06899999999999999
5.0,1653.106395483017,0.06899999999999999
5.0,1654.1131854057312,0.06899999999999999
5.0,1655.1197590827942,0.06899999999999999
5.0,1656.1293289661407,0.06899999999999999
5.0,1657.1363461017609,0.06899999999999999
5.0,1658.14808011055,0.06899999999999999
5.0,1659.1493096351624,0.06899999999999999
5.0,1660.1611914634705,0.06899999999999999
5.0,1661.1679046154022,0.06899999999999999
5.0,1662.1692810058594,0.06899999999999999
5.0,1663.170844078064,0.06899999999999999
5.0,1664.1825454235077,0.06899999999999999
5.0,1665.1963324546814,0.06899999999999999
5.0,1666.1973099708557,0.06899999999999999
5.0,1667.203518152237,0.06899999999999999
5.0,1669.2163479328156,0.06899999999999999
5.0,1670.2230896949768,0.06899999999999999
5.0,1671.2292881011963,0.06899999999999999
5.0,1672.2360367774963,0.06899999999999999
5.0,1673.2427868843079,0.06899999999999999
5.0,1674.2493007183075,0.06899999999999999
5.0,1675.2560329437256,0.06899999999999999
5.0,1676.2573223114014,0.06899999999999999
5.0,1677.264090538025,0.06899999999999999
5.0,1678.270759820938,0.06899999999999999
5.0,1679.277307510376,0.06899999999999999
5.0,1680.284324169159,0.06899999999999999
5.0,1681.2910704612732,0.06899999999999999
5.0,1682.2927134037018,0.06899999999999999
5.0,1683.299386024475,0.06899999999999999
5.0,1684.311134338379,0.06899999999999999
5.0,1685.3229236602783,0.06899999999999999
5.0,1686.3294007778168,0.06899999999999999
5.0,1687.3361926078796,0.06899999999999999
5.0,1689.3439242839813,0.06899999999999999
5.0,1690.350214958191,0.06899999999999999
5.0,1691.356882572174,0.06899999999999999
5.0,1692.3636384010315,0.06899999999999999
5.0,1693.370385169983,0.06899999999999999
5.0,1694.3772690296173,0.06899999999999999
5.0,1695.383943080902,0.06899999999999999
5.0,1696.3973116874695,0.06899999999999999
5.0,1697.4032711982727,0.06899999999999999
5.0,1698.4093425273895,0.06899999999999999
5.0,1699.416133403778,0.06899999999999999
5.0,1700.427903175354,0.06899999999999999
5.0,1701.434643983841,0.06899999999999999
5.0,1702.4464466571808,0.06899999999999999
5.0,1703.4630408287048,0.06899999999999999
5.0,1704.4748103618622,0.06899999999999999
5.0,1705.4812960624695,0.06899999999999999
5.0,1706.493000984192,0.06899999999999999
5.0,1707.499773979187,0.06899999999999999
5.0,1709.5075953006744,0.06479999999999998
5.0,1710.5133020877838,0.06899999999999999
5.0,1711.5199916362762,0.06899999999999999
5.0,1712.5213179588318,0.06899999999999999
5.0,1713.5280826091766,0.06899999999999999
5.0,1714.5293321609497,0.06479999999999998
5.0,1715.53600025177,0.06899999999999999
5.0,1716.5426683425903,0.06899999999999999
5.0,1717.5442323684692,0.06899999999999999
5.0,1718.5453608036041,0.06899999999999999
5.0,1719.557148218155,0.06899999999999999
5.0,1720.5639684200287,0.06479999999999998
5.0,1721.5708618164062,0.06479999999999998
5.0,1722.5773231983185,0.06479999999999998
5.0,1723.5891370773315,0.06479999999999998
5.0,1724.5959191322327,0.06459999999999999
5.0,1725.6022865772247,0.06459999999999999
5.0,1726.6131520271301,0.06899999999999999
5.0,1727.619768857956,0.06899999999999999
5.0,1729.6326613426208,0.06479999999999998
5.0,1730.6444764137268,0.06899999999999999
5.0,1731.6513731479645,0.06459999999999999
5.0,1732.657365322113,0.06899999999999999
5.0,1733.6642806529999,0.06459999999999999
5.0,1734.676099061966,0.06459999999999999
5.0,1735.682871580124,0.06459999999999999
5.0,1736.6946094036102,0.06899999999999999
5.0,1737.7014198303223,0.06479999999999998
5.0,1738.7132251262665,0.06899999999999999
5.0,1739.7286975383759,0.06479999999999998
5.0,1740.7292804718018,0.06899999999999999
5.0,1741.7359428405762,0.06479999999999998
5.0,1742.7511825561523,0.06479999999999998
5.0,1743.7573084831238,0.06479999999999998
5.0,1744.769032716751,0.06479999999999998
5.0,1745.780936717987,0.06479999999999998
5.0,1746.792715549469,0.06899999999999999
5.0,1747.7994046211243,0.06479999999999998
5.0,1749.8064427375793,0.06479999999999998
5.0,1750.8550968170166,0.06459999999999999
5.0,1751.8599514961243,0.06899999999999999
5.0,1752.8622889518738,0.06479999999999998
5.0,1753.8644497394562,0.06479999999999998
5.0,1754.8862612247467,0.06479999999999998
5.0,1755.8893461227417,0.06479999999999998
5.0,1756.8937892913818,0.06459999999999999
5.0,1757.8972370624542,0.06479999999999998
5.0,1758.9006218910217,0.06479999999999998
5.0,1759.9024946689606,0.06479999999999998
5.0,1760.9053387641907,0.06479999999999998
5.0,1761.908272266388,0.06479999999999998
5.0,1762.9097139835358,0.06459999999999999
5.0,1763.9209337234497,0.06479999999999998
5.0,1764.927413225174,0.06479999999999998
5.0,1765.9331858158112,0.06479999999999998
5.0,1766.9398028850555,0.06899999999999999
5.0,1767.951226234436,0.06479999999999998
7.0,1769.9640486240387,0.06459999999999999
7.0,1770.970719575882,0.06479999999999998
7.0,1771.977289199829,0.06479999999999998
7.0,1772.9840228557587,0.06459999999999999
7.0,1773.9907405376434,0.06899999999999999
7.0,1774.9973134994507,0.06479999999999998
7.0,1776.0040836334229,0.06459999999999999
7.0,1777.010757446289,0.06479999999999998
7.0,1778.022471666336,0.06479999999999998
7.0,1779.0292129516602,0.06479999999999998
7.0,1780.0359618663788,0.06479999999999998
7.0,1781.0504212379456,0.06459999999999999
7.0,1782.0613813400269,0.07329999999999999
7.0,1783.0752561092377,0.06549999999999999
7.0,1784.0911824703217,0.06989999999999999
7.0,1785.1079313755035,0.07409999999999999
7.0,1786.1146039962769,0.0663
7.0,1787.1212871074677,0.07069999999999999
7.0,1788.1331441402435,0.06649999999999999
7.0,1790.1453051567078,0.07159999999999998
7.0,1791.1594443321228,0.06309999999999999
7.0,1792.1653099060059,0.07159999999999998
7.0,1793.1794068813324,0.06729999999999998
7.0,1794.1911573410034,0.07159999999999998
7.0,1795.2029213905334,0.06729999999999998
7.0,1796.2172756195068,0.0629
7.0,1797.2240583896637,0.06729999999999998
7.0,1798.2357749938965,0.07159999999999998
7.0,1799.237303495407,0.06729999999999998
7.0,1800.244104385376,0.06729999999999998
7.0,1801.2558410167694,0.06819999999999998
7.0,1802.2573268413544,0.07239999999999999
7.0,1803.2640361785889,0.06479999999999998
7.0,1804.2653188705444,0.07329999999999999
7.0,1805.2720215320587,0.07329999999999999
7.0,1806.2733118534088,0.06989999999999999
7.0,1807.2799937725067,0.07409999999999999
7.0,1808.2917857170105,0.07839999999999998
7.0,1810.2944195270538,0.07409999999999999
7.0,1811.3086621761322,0.07499999999999998
7.0,1812.3153512477875,0.07499999999999998
7.0,1813.3213176727295,0.07499999999999998
7.0,1814.3280169963837,0.07499999999999998
7.0,1815.3397459983826,0.07499999999999998
7.0,1816.3514456748962,0.07499999999999998
7.0,1817.3573455810547,0.07499999999999998
7.0,1818.3641729354858,0.07499999999999998
7.0,1819.3758952617645,0.07499999999999998
7.0,1820.3825073242188,0.07499999999999998
7.0,1821.3893263339996,0.07069999999999999
7.0,1822.4010841846466,0.07579999999999998
7.0,1823.4077968597412,0.07579999999999998
7.0,1824.4093117713928,0.06799999999999999
7.0,1825.4160749912262,0.07669999999999999
7.0,1826.4227378368378,0.07669999999999999
7.0,1827.4293043613434,0.07239999999999999
7.0,1828.4360580444336,0.07749999999999999
7.0,1830.4438014030457,0.07749999999999999
7.0,1831.4506528377533,0.07329999999999999
7.0,1832.4573156833649,0.07749999999999999
7.0,1833.4634056091309,0.07749999999999999
7.0,1834.4733250141144,0.07329999999999999
7.0,1835.480164051056,0.0818
7.0,1836.4967548847198,0.07329999999999999
7.0,1837.4983348846436,0.07329999999999999
7.0,1838.5053675174713,0.07329999999999999
7.0,1839.5121884346008,0.07329999999999999
7.0,1840.5241718292236,0.07749999999999999
7.0,1841.5359761714935,0.07839999999999998
7.0,1842.5476653575897,0.07839999999999998
7.0,1843.5543630123138,0.07839999999999998
7.0,1844.5610704421997,0.07919999999999998
7.0,1845.5678396224976,0.07919999999999998
7.0,1846.5745437145233,0.0836
7.0,1847.589325428009,0.07579999999999998
7.0,1848.5960884094238,0.0801
7.0,1850.5983667373657,0.0801
7.0,1851.605037689209,0.0801
7.0,1852.6117796897888,0.0801
7.0,1853.6234984397888,0.07239999999999999
7.0,1854.6293051242828,0.07579999999999998
7.0,1855.6360528469086,0.07579999999999998
7.0,1856.642689704895,0.07239999999999999
7.0,1857.6492879390717,0.07579999999999998
7.0,1858.656054019928,0.07669999999999999
7.0,1859.6627235412598,0.07579999999999998
7.0,1860.6693444252014,0.07669999999999999
7.0,1861.6760075092316,0.08089999999999999
7.0,1862.6828019618988,0.08089999999999999
7.0,1863.6893148422241,0.07329999999999999
7.0,1864.7010707855225,0.0818
7.0,1865.714745759964,0.0818
7.0,1866.7265791893005,0.0835
7.0,1867.7281532287598,0.07839999999999998
7.0,1869.73597073555,0.0826
7.0,1870.7476789951324,0.0826
7.0,1871.7544343471527,0.087
7.0,1872.756050825119,0.087
7.0,1873.767784357071,0.0828
7.0,1874.7693133354187,0.0828
7.0,1875.7763195037842,0.0826
7.0,1876.777288198471,0.0828
7.0,1877.7840008735657,0.0828
7.0,1878.7957711219788,0.087
7.0,1879.8025450706482,0.0828
7.0,1880.8093152046204,0.07839999999999998
7.0,1881.8154129981995,0.07919999999999998
7.0,1882.8273475170135,0.0835
7.0,1883.8332693576813,0.07919999999999998
7.0,1884.8400444984436,0.07579999999999998
7.0,1885.8467810153961,0.0801
7.0,1886.8585231304169,0.0801
7.0,1887.8732726573944,0.0801
7.0,1889.8812835216522,0.07669999999999999
7.0,1890.8931303024292,0.08089999999999999
7.0,1891.9371683597565,0.08089999999999999
7.0,1892.9404442310333,0.08089999999999999
7.0,1893.9453065395355,0.08089999999999999
7.0,1894.9608144760132,0.08089999999999999
7.0,1895.9641761779785,0.08089999999999999
7.0,1896.9670231342316,0.08089999999999999
7.0,1897.973271369934,0.08089999999999999
7.0,1898.9899473190308,0.08089999999999999
7.0,1899.9918959140778,0.08089999999999999
7.0,1900.9983942508698,0.08089999999999999
7.0,1902.0048768520355,0.08089999999999999
7.0,1903.0140359401703,0.08109999999999999
7.0,1904.020709991455,0.0818
7.0,1905.0323812961578,0.0835
7.0,1906.0332596302032,0.0818
7.0,1907.0347871780396,0.0818
7.0,1908.0413734912872,0.0826
7.0,1910.0491161346436,0.087
7.0,1911.055923461914,0.087
7.0,1912.0625436306,0.087
7.0,1913.0692946910858,0.087
7.0,1914.0700931549072,0.087
7.0,1915.0768671035767,0.087
7.0,1916.0835020542145,0.087
7.0,1917.0892870426178,0.087
7.0,1918.0961072444916,0.087
7.0,1919.102781534195,0.087
7.0,1920.109365940094,0.087
7.0,1921.1161756515503,0.0828
7.0,1922.1279294490814,0.0828
7.0,1923.1424129009247,0.0836
7.0,1924.1570312976837,0.08789999999999999
7.0,1925.1637873649597,0.09209999999999999
7.0,1926.1705129146576,0.0835
7.0,1927.1772792339325,0.0801
7.0,1928.183958530426,0.0801
7.0,1930.1917297840118,0.0887
7.0,1931.1984429359436,0.0887
7.0,1932.2103433609009,0.0887
7.0,1933.2119784355164,0.0887
7.0,1934.218650817871,0.0887
7.0,1935.2253284454346,0.0887
7.0,1936.2268810272217,0.0887
7.0,1937.228460073471,0.0887
7.0,1938.2293601036072,0.0887
7.0,1939.241183757782,0.0887
7.0,1940.2479972839355,0.0887
7.0,1941.2493324279785,0.0887
7.0,1942.261157989502,0.08089999999999999
7.0,1943.2678728103638,0.0896
7.0,1944.2745406627655,0.0896
7.0,1945.281317949295,0.0896
7.0,1946.2930836677551,0.0818
7.0,1947.2998683452606,0.0836
7.0,1948.3066012859344,0.0904
7.0,1950.3145027160645,0.0904
7.0,1951.3212151527405,0.0904
7.0,1952.3278691768646,0.0904
7.0,1953.3293905258179,0.0904
7.0,1954.33616232872,0.0904
7.0,1955.3428897857666,0.0904
7.0,1956.349330663681,0.0904
7.0,1957.3611080646515,0.0904
7.0,1958.3679003715515,0.0904
7.0,1959.3746709823608,0.0904
7.0,1960.3813183307648,0.0904
7.0,1961.3931300640106,0.0828
7.0,1962.3999075889587,0.087
7.0,1963.4066107273102,0.087
7.0,1964.4132840633392,0.09129999999999999
7.0,1965.429325580597,0.09129999999999999
7.0,1966.436069726944,0.09559999999999999
7.0,1967.4372820854187,0.087
7.0,1968.4440383911133,0.08789999999999999
7.0,1970.446379184723,0.09209999999999999
7.0,1971.4572966098785,0.09209999999999999
7.0,1972.4639542102814,0.09209999999999999
7.0,1973.4706590175629,0.09209999999999999
7.0,1974.4774384498596,0.09209999999999999
7.0,1975.4888987541199,0.09209999999999999
7.0,1976.5006909370422,0.09209999999999999
7.0,1977.5012881755829,0.09209999999999999
7.0,1978.5080711841583,0.09209999999999999
7.0,1979.514862537384,0.09209999999999999
7.0,1980.529868364334,0.09209999999999999
7.0,1981.5365948677063,0.09209999999999999
7.0,1982.5433292388916,0.09209999999999999
7.0,1983.5494873523712,0.08789999999999999
7.0,1984.5612890720367,0.0887
7.0,1985.5680885314941,0.09299999999999999
7.0,1986.5748529434204,0.09299999999999999
7.0,1987.5813217163086,0.09299999999999999
7.0,1988.588029384613,0.0887
7.0,1990.5904467105865,0.0887
7.0,1991.5972411632538,0.0896
7.0,1992.6039113998413,0.0896
7.0,1993.6106929779053,0.0896
7.0,1994.6224310398102,0.0896
7.0,1995.6292572021484,0.0896
7.0,1996.6359117031097,0.0896
7.0,1997.642665863037,0.0896
7.0,1998.652339220047,0.0896
7.0,1999.6590769290924,0.0896
7.0,2000.6653175354004,0.0896
7.0,2001.666871547699,0.0896
7.0,2002.678642988205,0.09389999999999998
7.0,2003.6852972507477,0.09389999999999998
7.0,2004.6920115947723,0.0896
7.0,2005.698697090149,0.0896
7.0,2006.7052812576294,0.0904
7.0,2007.7170362472534,0.09469999999999999
7.0,2008.7287702560425,0.09469999999999999
7.0,2010.7365896701813,0.09469999999999999
7.0,2011.7433414459229,0.09469999999999999
7.0,2012.7493300437927,0.09469999999999999
7.0,2013.7561118602753,0.09469999999999999
7.0,2014.7628207206726,0.09469999999999999
7.0,2015.7692940235138,0.09469999999999999
7.0,2016.7810151576996,0.09469999999999999
7.0,2017.7877135276794,0.09469999999999999
7.0,2018.794450044632,0.09469999999999999
7.0,2019.8011720180511,0.09469999999999999
7.0,2020.8078467845917,0.09469999999999999
7.0,2021.8146829605103,0.09469999999999999
7.0,2022.8282265663147,0.09129999999999999
7.0,2023.8348944187164,0.09129999999999999
7.0,2024.8493218421936,0.09559999999999999
7.0,2025.8644013404846,0.09559999999999999
7.0,2026.8784198760986,0.09979999999999999
7.0,2027.8891949653625,0.09559999999999999
7.0,2028.8959910869598,0.09559999999999999
7.0,2030.908821105957,0.09129999999999999
7.0,2031.9155309200287,0.09209999999999999
7.0,2032.9249963760376,0.09209999999999999
7.0,2033.936733007431,0.09209999999999999
7.0,2034.9484493732452,0.09209999999999999
7.0,2035.9603374004364,0.09209999999999999
7.0,2037.0032782554626,0.09209999999999999
7.0,2038.006843328476,0.09209999999999999
7.0,2039.026039838791,0.09209999999999999
7.0,2040.0311813354492,0.09209999999999999
7.0,2041.0387535095215,0.09209999999999999
7.0,2042.041093826294,0.09639999999999999
7.0,2043.043841600418,0.09639999999999999
7.0,2044.0475406646729,0.09659999999999999
7.0,2045.049659729004,0.1006
7.0,2046.052057981491,0.09639999999999999
7.0,2047.053790807724,0.09209999999999999
7.0,2048.0645186901093,0.09299999999999999
7.0,2049.065144300461,0.09299999999999999
7.0,2051.0743856430054,0.09729999999999998
7.0,2052.081039905548,0.09729999999999998
7.0,2053.0878126621246,0.09729999999999998
7.0,2054.0946979522705,0.09729999999999998
7.0,2055.106347322464,0.09729999999999998
7.0,2056.1133122444153,0.09729999999999998
7.0,2057.1148138046265,0.09729999999999998
7.0,2058.1213233470917,0.09729999999999998
7.0,2059.1280388832092,0.09729999999999998
7.0,2060.1292839050293,0.09729999999999998
7.0,2061.135632753372,0.09729999999999998
7.0,2062.137278318405,0.09729999999999998
7.0,2063.1441926956177,0.09729999999999998
7.0,2064.1508281230927,0.09729999999999998
7.0,2065.1573140621185,0.09299999999999999
7.0,2066.16401553154,0.09389999999999998
7.0,2067.17067360878,0.09389999999999998
7.0,2068.1773204803467,0.09809999999999999
7.0,2069.189188718796,0.09809999999999999
7.0,2071.1919181346893,0.09809999999999999
7.0,2072.1933369636536,0.09809999999999999
7.0,2073.2000155448914,0.09809999999999999
7.0,2074.206695795059,0.09809999999999999
7.0,2075.2133886814117,0.09809999999999999
7.0,2076.225254058838,0.09809999999999999
7.0,2077.2320461273193,0.09809999999999999
7.0,2078.2388546466827,0.09809999999999999
7.0,2079.245381116867,0.1025
7.0,2080.2597210407257,0.1025
7.0,2081.2664246559143,0.09809999999999999
7.0,2082.2732830047607,0.09809999999999999
7.0,2083.2800419330597,0.09469999999999999
7.0,2084.286747455597,0.09469999999999999
7.0,2085.293385744095,0.09469999999999999
7.0,2086.3052892684937,0.0991
7.0,2087.3170709609985,0.0991
7.0,2088.323858976364,0.0991
7.0,2089.3306002616882,0.09889999999999999
7.0,2091.3436529636383,0.0991
7.0,2092.3503878116608,0.0991
7.0,2093.3573203086853,0.09889999999999999
7.0,2094.364060163498,0.09889999999999999
7.0,2095.370766878128,0.09889999999999999
7.0,2096.377365589142,0.09889999999999999
7.0,2097.38911652565,0.09469999999999999
7.0,2098.395814180374,0.0991
7.0,2099.402615070343,0.09889999999999999
7.0,2100.4093306064606,0.09469999999999999
7.0,2101.4160051345825,0.0991
7.0,2102.417358160019,0.09559999999999999
7.0,2103.4189200401306,0.09559999999999999
7.0,2104.420505285263,0.09979999999999999
7.0,2105.427183151245,0.09979999999999999
7.0,2106.43901515007,0.09999999999999999
7.0,2107.445278406143,0.09979999999999999
7.0,2108.457134246826,0.10419999999999999
7.0,2109.4689786434174,0.10419999999999999
7.0,2111.476847887039,0.09999999999999999
7.0,2112.483515739441,0.09559999999999999
7.0,2113.4901974201202,0.09979999999999999
7.0,2114.497051000595,0.09979999999999999
7.0,2115.5037894248962,0.09979999999999999
7.0,2116.51922416687,0.09979999999999999
7.0,2117.525424718857,0.09979999999999999
7.0,2118.540438890457,0.09979999999999999
7.0,2119.554759979248,0.09979999999999999
7.0,2120.556309938431,0.09999999999999999
7.0,2121.5573189258575,0.09559999999999999
7.0,2122.564099550247,0.09639999999999999
7.0,2123.565408706665,0.09639999999999999
7.0,2124.5720925331116,0.1008
7.0,2125.578713655472,0.1008
7.0,2126.5905096530914,0.1008
7.0,2127.596531152725,0.1008
7.0,2128.608242034912,0.10509999999999999
7.0,2129.609352827072,0.10509999999999999
7.0,2131.617157459259,0.10509999999999999
7.0,2132.623879671097,0.1008
7.0,2133.630599975586,0.1008
7.0,2134.6321692466736,0.1008
7.0,2135.63330078125,0.1008
7.0,2136.634858608246,0.1008
7.0,2137.636430978775,0.1008
7.0,2138.642925262451,0.1008
7.0,2139.6493129730225,0.1008
7.0,2140.6561846733093,0.1006
7.0,2141.6629524230957,0.1008
7.0,2142.66938996315,0.1008
7.0,2143.676241874695,0.09729999999999998
7.0,2144.6829121112823,0.09729999999999998
7.0,2145.689477443695,0.10149999999999999
7.0,2146.6962745189667,0.10149999999999999
7.0,2147.7030577659607,0.10149999999999999
7.0,2148.709312438965,0.1017
7.0,2149.7161209583282,0.1059
7.0,2151.7240126132965,0.1059
7.0,2152.7394473552704,0.1059
7.0,2153.7452845573425,0.1059
7.0,2154.7520377635956,0.1017
7.0,2155.758831501007,0.10149999999999999
7.0,2156.7705714702606,0.1059
7.0,2157.7773327827454,0.1017
7.0,2158.7892446517944,0.10149999999999999
7.0,2159.7960453033447,0.1059
7.0,2160.8112049102783,0.1059
7.0,2161.8173837661743,0.1059
7.0,2162.8326604366302,0.10149999999999999
7.0,2163.8476486206055,0.09809999999999999
7.0,2164.8543548583984,0.09809999999999999
7.0,2165.855873823166,0.09809999999999999
7.0,2166.857298374176,0.09809999999999999
7.0,2167.869152069092,0.1025
7.0,2168.8758635520935,0.1025
7.0,2169.87731385231,0.1025
7.0,2171.885199546814,0.1025
7.0,2172.8919088840485,0.1025
7.0,2173.903736591339,0.1025
7.0,2174.905346393585,0.1025
7.0,2175.9119741916656,0.1025
7.0,2176.9133837223053,0.1025
7.0,2177.927424430847,0.1025
7.0,2178.942427635193,0.1025
7.0,2179.95330452919,0.1025
7.0,2180.9650547504425,0.1025
7.0,2181.971729516983,0.1025
7.0,2182.9873065948486,0.10679999999999999
7.0,2183.9933500289917,0.1025
7.0,2185.0083639621735,0.1025
7.0,2186.0150623321533,0.09809999999999999
7.0,2187.0212831497192,0.09889999999999999
7.0,2188.0330650806427,0.0991
7.0,2189.039715528488,0.09889999999999999
7.0,2190.041268825531,0.10339999999999999
7.0,2192.043884754181,0.10339999999999999
7.0,2193.050567150116,0.10339999999999999
7.0,2194.057276248932,0.10339999999999999
7.0,2195.06392121315,0.10339999999999999
7.0,2196.075623989105,0.10339999999999999
7.0,2197.0822837352753,0.10339999999999999
7.0,2198.08379983902,0.10339999999999999
7.0,2199.0905244350433,0.10339999999999999
7.0,2200.1024675369263,0.10339999999999999
7.0,2201.109123468399,0.10339999999999999
7.0,2202.1208021640778,0.10339999999999999
7.0,2203.1326434612274,0.10339999999999999
7.0,2204.133301973343,0.10759999999999999
7.0,2205.134847164154,0.10339999999999999
7.0,2206.1411843299866,0.10759999999999999
7.0,2207.1509087085724,0.10339999999999999
7.0,2208.157296895981,0.10339999999999999
7.0,2209.168523788452,0.09889999999999999
7.0,2211.176307439804,0.09979999999999999
7.0,2212.1906745433807,0.09979999999999999
7.0,2213.1973040103912,0.09979999999999999
7.0,2214.204049348831,0.09979999999999999
7.0,2215.2106347084045,0.09979999999999999
7.0,2216.2173144817352,0.09979999999999999
7.0,2217.2239933013916,0.09979999999999999
7.0,2218.230719804764,0.09979999999999999
7.0,2219.2373032569885,0.09979999999999999
7.0,2220.2531979084015,0.09979999999999999
7.0,2221.259868144989,0.09979999999999999
7.0,2222.2717101573944,0.09979999999999999
7.0,2223.2785165309906,0.09979999999999999
7.0,2224.3074429035187,0.10419999999999999
7.0,2225.33047914505,0.10419999999999999
7.0,2226.339560031891,0.10419999999999999
7.0,2227.348520755768,0.10419999999999999
7.0,2228.3571672439575,0.10419999999999999
7.0,2229.3610537052155,0.10419999999999999
7.0,2231.3645646572113,0.10849999999999999
7.0,2232.3680646419525,0.10849999999999999
7.0,2233.371772289276,0.10849999999999999
7.0,2234.399615049362,0.10849999999999999
7.0,2235.404867887497,0.10849999999999999
7.0,2236.423621416092,0.10849999999999999
7.0,2237.4334461688995,0.10849999999999999
7.0,2238.4364943504333,0.10849999999999999
7.0,2239.4392676353455,0.10849999999999999
7.0,2240.442057132721,0.10849999999999999
7.0,2241.4447767734528,0.10849999999999999
7.0,2242.4530403614044,0.10849999999999999
7.0,2243.4622004032135,0.10849999999999999
7.0,2244.4713768959045,0.10419999999999999
7.0,2245.4772403240204,0.10419999999999999
7.0,2246.4838609695435,0.10419999999999999
7.0,2247.490539073944,0.10419999999999999
7.0,2248.5023040771484,0.1006
7.0,2249.509225845337,0.10419999999999999
7.0,2251.5173099040985,0.1008
7.0,2252.5291979312897,0.1008
7.0,2253.5360476970673,0.10509999999999999
7.0,2254.542779445648,0.1006
7.0,2255.5492775440216,0.10509999999999999
7.0,2256.5610706806183,0.1008
7.0,2257.5728561878204,0.10509999999999999
7.0,2258.5846951007843,0.1008
7.0,2259.585283279419,0.10509999999999999
7.0,2260.6008534431458,0.1008
7.0,2261.612684726715,0.10509999999999999
7.0,2262.6280143260956,0.10509999999999999
7.0,2263.6346020698547,0.10509999999999999
7.0,2264.641314983368,0.10509999999999999
7.0,2265.6480691432953,0.10509999999999999
7.0,2266.659832715988,0.10509999999999999
7.0,2267.671569108963,0.10509999999999999
7.0,2268.678497314453,0.10509999999999999
7.0,2269.690388917923,0.1093
7.0,2271.6973092556,0.1093
7.0,2272.709146976471,0.1093
7.0,2273.7151713371277,0.1093
7.0,2274.727024078369,0.1093
7.0,2275.7332711219788,0.1093
7.0,2276.7401361465454,0.1093
7.0,2277.7467036247253,0.1093
7.0,2278.7533009052277,0.1093
7.0,2279.7601149082184,0.1093
7.0,2280.7718782424927,0.1093
7.0,2281.778594017029,0.1093
7.0,2282.7801587581635,0.1093
7.0,2283.791886806488,0.10509999999999999
7.0,2284.7985923290253,0.10509999999999999
7.0,2285.8092346191406,0.1008
7.0,2286.8158390522003,0.1017
7.0,2287.8293030261993,0.10509999999999999
7.0,2288.8438596725464,0.1017
7.0,2289.8557431697845,0.1017
7.0,2291.863524913788,0.1017
7.0,2292.8703315258026,0.1059
7.0,2293.87712931633,0.1059
7.0,2294.8839716911316,0.1059
7.0,2295.8957901000977,0.1059
7.0,2296.8972930908203,0.1059
7.0,2297.898824453354,0.1059
7.0,2298.9003660678864,0.1059
7.0,2299.9013063907623,0.1059
7.0,2300.9079971313477,0.1059
7.0,2301.919223546982,0.1059
7.0,2302.925415992737,0.1059
7.0,2303.9322266578674,0.1059
7.0,2304.9333226680756,0.1059
7.0,2305.940082550049,0.1059
7.0,2306.9517726898193,0.1059
7.0,2307.9613020420074,0.1059
7.0,2308.976506471634,0.1059
7.0,2309.9913442134857,0.11019999999999999
7.0,2311.9983851909637,0.11019999999999999
7.0,2313.0053839683533,0.11019999999999999
7.0,2314.012050151825,0.11019999999999999
7.0,2315.018702507019,0.11019999999999999
7.0,2316.025290489197,0.11019999999999999
7.0,2317.032087087631,0.11019999999999999
7.0,2318.0388684272766,0.11019999999999999
7.0,2319.045332670212,0.11019999999999999
7.0,2320.052007675171,0.11019999999999999
7.0,2321.053303003311,0.11019999999999999
7.0,2322.060133457184,0.11019999999999999
7.0,2323.0668892860413,0.11019999999999999
7.0,2324.073328256607,0.1059
7.0,2325.08505654335,0.1059
7.0,2326.0918357372284,0.1059
7.0,2327.0984349250793,0.1025
7.0,2328.109335422516,0.1025
7.0,2329.1160566806793,0.1025
7.0,2330.1277680397034,0.1025
7.0,2332.1356992721558,0.1025
7.0,2333.1424236297607,0.1025
7.0,2334.149179458618,0.1025
7.0,2335.165281534195,0.10679999999999999
7.0,2336.172104358673,0.1025
7.0,2337.178942680359,0.10679999999999999
7.0,2338.185286283493,0.1025
7.0,2339.197023153305,0.1025
7.0,2340.203837633133,0.10679999999999999
7.0,2341.2105922698975,0.1025
7.0,2342.2173919677734,0.10679999999999999
7.0,2343.224225282669,0.10679999999999999
7.0,2344.236013174057,0.10679999999999999
7.0,2345.2427637577057,0.10679999999999999
7.0,2346.2443730831146,0.10679999999999999
7.0,2347.2613105773926,0.10679999999999999
7.0,2348.267929792404,0.10679999999999999
7.0,2349.274637937546,0.10679999999999999
7.0,2350.281319618225,0.10679999999999999
7.0,2352.289314031601,0.11099999999999999
7.0,2353.29603433609,0.11099999999999999
7.0,2354.3027868270874,0.11099999999999999
7.0,2355.304481983185,0.10679999999999999
7.0,2356.311173915863,0.11099999999999999
7.0,2357.312758922577,0.11099999999999999
7.0,2358.3245215415955,0.11099999999999999
7.0,2359.3311948776245,0.11099999999999999
7.0,2360.337341785431,0.11099999999999999
7.0,2361.344108581543,0.11099999999999999
7.0,2362.355845451355,0.11099999999999999
7.0,2363.362584590912,0.11099999999999999
7.0,2364.3770639896393,0.11099999999999999
7.0,2365.3922712802887,0.11099999999999999
7.0,2366.4065265655518,0.10679999999999999
7.0,2367.420652627945,0.10679999999999999
7.0,2368.4274711608887,0.10679999999999999
7.0,2369.4332897663116,0.10679999999999999
7.0,2370.4400041103363,0.10679999999999999
7.0,2372.442488193512,0.10679999999999999
7.0,2373.4441328048706,0.10679999999999999
7.0,2374.455822944641,0.10339999999999999
7.0,2375.462109565735,0.10339999999999999
7.0,2376.4732887744904,0.10339999999999999
7.0,2377.479918241501,0.10679999999999999
7.0,2378.4865975379944,0.10339999999999999
7.0,2379.4932725429535,0.10339999999999999
7.0,2380.4999747276306,0.10339999999999999
7.0,2381.5118606090546,0.10339999999999999
7.0,2382.5185940265656,0.10339999999999999
7.0,2383.525292634964,0.10339999999999999
7.0,2384.5320358276367,0.10679999999999999
7.0,2385.538831949234,0.10339999999999999
7.0,2386.545282125473,0.10759999999999999
7.0,2387.557084083557,0.10759999999999999
7.0,2388.563838481903,0.10759999999999999
7.0,2389.57044172287,0.10759999999999999
7.0,2390.577325105667,0.10759999999999999
7.0,2392.585154771805,0.10759999999999999
7.0,2393.591907978058,0.10759999999999999
7.0,2394.598573446274,0.10759999999999999
7.0,2395.605303287506,0.10759999999999999
7.0,2396.6121125221252,0.10759999999999999
7.0,2397.624139547348,0.10759999999999999
7.0,2398.6359164714813,0.10759999999999999
7.0,2399.6426119804382,0.10759999999999999
7.0,2400.6493961811066,0.10759999999999999
7.0,2401.656188726425,0.10759999999999999
7.0,2402.66801738739,0.10759999999999999
7.0,2403.674649000168,0.10759999999999999
7.0,2404.6863720417023,0.10759999999999999
7.0,2405.6931846141815,0.10759999999999999
7.0,2406.7000019550323,0.10759999999999999
7.0,2407.7065889835358,0.11189999999999999
7.0,2408.7184240818024,0.11189999999999999
7.0,2409.7244789600372,0.11189999999999999
7.0,2410.7396874427795,0.11189999999999999
7.0,2412.747396469116,0.11189999999999999
7.0,2413.753338098526,0.11189999999999999
7.0,2414.7650887966156,0.11189999999999999
7.0,2415.771764278412,0.11189999999999999
7.0,2416.7732899188995,0.11189999999999999
7.0,2417.785060405731,0.11189999999999999
7.0,2418.7916173934937,0.11189999999999999
7.0,2419.8007760047913,0.11189999999999999
7.0,2420.807389497757,0.11189999999999999
7.0,2421.8173220157623,0.11189999999999999
7.0,2422.8240756988525,0.11189999999999999
7.0,2423.8253240585327,0.11189999999999999
7.0,2424.837114572525,0.11189999999999999
7.0,2425.8490591049194,0.10759999999999999
7.0,2426.8559091091156,0.10759999999999999
7.0,2427.867586374283,0.10759999999999999
7.0,2428.874298810959,0.10759999999999999
7.0,2429.8809530735016,0.10759999999999999
7.0,2430.887720823288,0.10759999999999999
7.0,2432.9007499217987,0.10759999999999999
7.0,2433.9075582027435,0.10759999999999999
7.0,2434.9192640781403,0.10759999999999999
7.0,2435.925297498703,0.10759999999999999
7.0,2436.9320113658905,0.10759999999999999
7.0,2437.9387793540955,0.10759999999999999
7.0,2438.9504997730255,0.10759999999999999
7.0,2439.9573364257812,0.10759999999999999
7.0,2440.971318244934,0.10759999999999999
7.0,2441.9832236766815,0.10759999999999999
7.0,2442.9949991703033,0.10759999999999999
7.0,2444.006757736206,0.10419999999999999
7.0,2445.013283967972,0.10419999999999999
7.0,2446.025040626526,0.10419999999999999
7.0,2447.0318212509155,0.10419999999999999
7.0,2448.038470506668,0.10419999999999999
7.0,2449.045304775238,0.10849999999999999
7.0,2450.052076816559,0.10849999999999999
7.0,2451.058828353882,0.10849999999999999
7.0,2453.066459417343,0.10849999999999999
7.0,2454.0732283592224,0.10849999999999999
7.0,2455.079936027527,0.10849999999999999
7.0,2456.091637611389,0.10849999999999999
7.0,2457.098436832428,0.10849999999999999
7.0,2458.1051785945892,0.10849999999999999
7.0,2459.1169307231903,0.10849999999999999
7.0,2460.123655796051,0.10849999999999999
7.0,2461.1303884983063,0.10849999999999999
7.0,2462.1365056037903,0.10849999999999999
7.0,2463.1511006355286,0.10849999999999999
7.0,2464.1653096675873,0.10849999999999999
7.0,2465.1793580055237,0.10849999999999999
7.0,2466.1853017807007,0.10849999999999999
7.0,2467.1970801353455,0.10849999999999999
7.0,2468.203743457794,0.10849999999999999
7.0,2469.2104122638702,0.10849999999999999
7.0,2470.2172844409943,0.10849999999999999
7.0,2471.224006175995,0.10849999999999999
7.0,2473.236850500107,0.1127
7.0,2474.2514967918396,0.1127
7.0,2475.2573025226593,0.1127
7.0,2476.2691190242767,0.1127
7.0,2477.2835602760315,0.1127
7.0,2478.298721551895,0.1127
7.0,2479.3122940063477,0.1127
7.0,2480.3566386699677,0.1127
7.0,2481.359386444092,0.1127
7.0,2482.364858865738,0.1127
7.0,2483.3776619434357,0.1127
7.0,2484.388101577759,0.1127
7.0,2485.3900525569916,0.1127
7.0,2486.3924074172974,0.1127
7.0,2487.39453792572,0.1127
7.0,2488.3968856334686,0.1127
7.0,2489.400220155716,0.1127
7.0,2490.4039096832275,0.1127
7.0,2491.4166271686554,0.1127
7.0,2493.437532901764,0.1127
7.0,2494.450900554657,0.1127
7.0,2495.4550495147705,0.1127
7.0,2496.4650316238403,0.1127
7.0,2497.4676361083984,0.1127
7.0,2498.4705271720886,0.1127
7.0,2499.4730434417725,0.1127
7.0,2500.4784512519836,0.1127
7.0,2501.4877717494965,0.1127
7.0,2502.494322538376,0.1127
7.0,2503.5008845329285,0.1127
7.0,2504.509383916855,0.1127
7.0,2505.510868549347,0.10849999999999999
7.0,2506.5174663066864,0.1127
7.0,2507.519159078598,0.10849999999999999
7.0,2508.5312304496765,0.10849999999999999
7.0,2509.5373561382294,0.10849999999999999
7.0,2510.538949728012,0.10849999999999999
7.0,2511.545313358307,0.10849999999999999
7.0,2513.553236246109,0.10849999999999999
7.0,2514.560034275055,0.10849999999999999
7.0,2515.566884279251,0.10849999999999999
7.0,2516.5733122825623,0.10849999999999999
7.0,2517.580092906952,0.10849999999999999
7.0,2518.5868196487427,0.10849999999999999
7.0,2519.5932779312134,0.10849999999999999
7.0,2520.600084066391,0.10849999999999999
7.0,2521.6118853092194,0.10849999999999999
7.0,2522.61776804924,0.10849999999999999
7.0,2523.6293857097626,0.10849999999999999
7.0,2524.6360955238342,0.10849999999999999
7.0,2525.6428616046906,0.10849999999999999
7.0,2526.6545622348785,0.10849999999999999
7.0,2527.665380001068,0.10509999999999999
7.0,2528.672078371048,0.10509999999999999
7.0,2529.67888379097,0.10509999999999999
7.0,2530.690601348877,0.10509999999999999
7.0,2531.697327375412,0.10509999999999999
7.0,2533.7051696777344,0.10509999999999999
7.0,2534.717110157013,0.10509999999999999
7.0,2535.728848218918,0.10509999999999999
7.0,2536.7407467365265,0.10509999999999999
7.0,2537.747441291809,0.10509999999999999
7.0,2538.759180545807,0.10509999999999999
7.0,2539.7652866840363,0.10509999999999999
7.0,2540.772119283676,0.10509999999999999
7.0,2541.7789680957794,0.10509999999999999
7.0,2542.7933478355408,0.10509999999999999
7.0,2543.800153017044,0.10509999999999999
7.0,2544.80682516098,0.1093
7.0,2545.8185625076294,0.1093
7.0,2546.8253316879272,0.1093
7.0,2547.8371860980988,0.1093
7.0,2548.8438789844513,0.1093
7.0,2549.855600118637,0.1093
7.0,2550.8624012470245,0.1093
7.0,2551.8690576553345,0.1093
7.0,2553.876856327057,0.1093
7.0,2554.8835623264313,0.1093
7.0,2555.898619890213,0.1093
7.0,2556.910495042801,0.1093
7.0,2557.9171981811523,0.1093
7.0,2558.9290335178375,0.1093
7.0,2559.9357969760895,0.1093
7.0,2560.947562932968,0.1093
7.0,2561.95437335968,0.1093
7.0,2562.9653527736664,0.1093
7.0,2563.978694677353,0.1093
7.0,2564.990423679352,0.1093
7.0,2565.9971656799316,0.1093
7.0,2567.0089497566223,0.1093
7.0,2568.015097141266,0.1093
7.0,2569.026848077774,0.1093
7.0,2570.0332927703857,0.1093
7.0,2571.0450432300568,0.1093
7.0,2572.051808834076,0.11359999999999999
7.0,2574.059508562088,0.11359999999999999
7.0,2575.066334247589,0.11359999999999999
7.0,2576.0773022174835,0.11359999999999999
7.0,2577.0840311050415,0.11359999999999999
7.0,2578.0958392620087,0.11359999999999999
7.0,2579.1093513965607,0.11359999999999999
7.0,2580.116089105606,0.11359999999999999
7.0,2581.1332845687866,0.11359999999999999
7.0,2582.1400649547577,0.11359999999999999
7.0,2583.146721839905,0.11359999999999999
7.0,2584.153301715851,0.11359999999999999
7.0,2585.159901380539,0.11359999999999999
7.0,2586.1667127609253,0.11359999999999999
7.0,2587.181324005127,0.11359999999999999
7.0,2588.1932747364044,0.11359999999999999
7.0,2589.200009584427,0.11359999999999999
7.0,2590.206754207611,0.11359999999999999
7.0,2591.213321685791,0.11359999999999999
7.0,2592.22527384758,0.11359999999999999
7.0,2594.233216047287,0.11359999999999999
7.0,2595.2399621009827,0.11359999999999999
7.0,2596.241375207901,0.11359999999999999
7.0,2597.256604194641,0.11359999999999999
7.0,2598.2683176994324,0.11359999999999999
7.0,2599.275223016739,0.11359999999999999
7.0,2600.2812688350677,0.11359999999999999
7.0,2601.2953560352325,0.11359999999999999
7.0,2602.3070797920227,0.11359999999999999
7.0,2603.3134381771088,0.11359999999999999
7.0,2604.325500011444,0.11359999999999999
7.0,2605.3322994709015,0.1093
7.0,2606.3389847278595,0.1093
7.0,2607.345296382904,0.1093
7.0,2608.3613045215607,0.1093
7.0,2609.3628163337708,0.1093
7.0,2610.364381790161,0.1093
7.0,2611.365364551544,0.1093
7.0,2612.3669328689575,0.1093
7.0,2614.37970161438,0.1093
7.0,2615.38911318779,0.1093
7.0,2616.395843029022,0.1093
7.0,2617.3973207473755,0.1093
7.0,2618.408350467682,0.1093
7.0,2619.4149601459503,0.1093
7.0,2620.4213120937347,0.1093
7.0,2621.4281022548676,0.1093
7.0,2622.4348175525665,0.1093
7.0,2623.4414427280426,0.1093
7.0,2624.4481337070465,0.1093
7.0,2625.459852218628,0.1093
7.0,2626.466571331024,0.1059
7.0,2627.473320245743,0.1059
7.0,2628.4800770282745,0.1059
7.0,2629.4813225269318,0.1059
7.0,2630.4880154132843,0.1059
7.0,2631.4945640563965,0.1059
7.0,2632.501277446747,0.1059
7.0,2634.5091059207916,0.11019999999999999
7.0,2635.510669231415,0.11019999999999999
7.0,2636.517331838608,0.11019999999999999
7.0,2637.5189068317413,0.11019999999999999
7.0,2638.5204784870148,0.11019999999999999
7.0,2639.527283668518,0.11019999999999999
7.0,2640.5332827568054,0.11019999999999999
7.0,2641.540043592453,0.11019999999999999
7.0,2642.5468118190765,0.11019999999999999
7.0,2643.5532987117767,0.11019999999999999
7.0,2644.5650391578674,0.11019999999999999
7.0,2645.5768325328827,0.11019999999999999
7.0,2646.583519935608,0.11019999999999999
7.0,2648.014502763748,0.11019999999999999
7.0,2649.0212140083313,0.11019999999999999
7.0,2650.036229133606,0.11019999999999999
7.0,2651.047665834427,0.11019999999999999
7.0,2652.0493273735046,0.11019999999999999
7.0,2653.056189775467,0.11019999999999999
7.0,2655.0640621185303,0.11019999999999999
7.0,2656.0707087516785,0.11019999999999999
7.0,2657.085229873657,0.11019999999999999
7.0,2658.0919053554535,0.11019999999999999
7.0,2659.09347820282,0.11019999999999999
7.0,2660.1001846790314,0.11019999999999999
7.0,2661.111925125122,0.11019999999999999
7.0,2662.118640422821,0.11019999999999999
7.0,2663.1253266334534,0.11019999999999999
7.0,2664.1320803165436,0.11019999999999999
7.0,2665.133582353592,0.11019999999999999
7.0,2666.1393299102783,0.11019999999999999
7.0,2667.1510915756226,0.11019999999999999
7.0,2668.1628365516663,0.11019999999999999
7.0,2669.16956114769,0.11019999999999999
7.0,2670.1762325763702,0.11019999999999999
7.0,2671.18793797493,0.11019999999999999
7.0,2672.1997447013855,0.11439999999999999
7.0,2673.205557823181,0.11439999999999999
7.0,2675.2133786678314,0.11439999999999999
7.0,2676.2201306819916,0.1146
7.0,2677.2266981601715,0.1146
7.0,2678.2282750606537,0.11439999999999999
7.0,2679.2350029945374,0.11439999999999999
7.0,2680.241567850113,0.11439999999999999
7.0,2681.248079061508,0.11439999999999999
7.0,2682.2496342658997,0.1146
7.0,2683.2561519145966,0.11439999999999999
7.0,2684.2681057453156,0.1146
7.0,2685.2750146389008,0.11439999999999999
7.0,2686.2863714694977,0.11439999999999999
7.0,2687.293136358261,0.11439999999999999
7.0,2688.2998328208923,0.11439999999999999
7.0,2689.3115479946136,0.1146
7.0,2690.3283064365387,0.11439999999999999
7.0,2691.34273147583,0.1146
7.0,2692.3494851589203,0.11439999999999999
7.0,2693.3644120693207,0.11019999999999999
7.0,2695.377343416214,0.11019999999999999
7.0,2696.3841712474823,0.11019999999999999
7.0,2697.3960325717926,0.11019999999999999
7.0,2698.4027132987976,0.11019999999999999
7.0,2699.414802789688,0.11019999999999999
7.0,2700.426589012146,0.11019999999999999
7.0,2701.432957649231,0.11019999999999999
7.0,2702.4448294639587,0.11019999999999999
7.0,2703.4516394138336,0.11019999999999999
7.0,2704.463441133499,0.11019999999999999
7.0,2705.4696204662323,0.11019999999999999
7.0,2706.476295232773,0.11019999999999999
7.0,2707.4832208156586,0.11019999999999999
7.0,2708.494927883148,0.11019999999999999
7.0,2709.5015077590942,0.11019999999999999
7.0,2710.508088350296,0.11019999999999999
7.0,2711.517467737198,0.11019999999999999
7.0,2712.5240840911865,0.11019999999999999
7.0,2713.530719280243,0.10679999999999999
7.0,2715.5375974178314,0.11019999999999999
7.0,2716.5442559719086,0.11019999999999999
7.0,2717.5574028491974,0.11019999999999999
7.0,2718.5641481876373,0.10679999999999999
7.0,2719.5707755088806,0.10679999999999999
7.0,2720.572334051132,0.11019999999999999
7.0,2721.5789983272552,0.11019999999999999
7.0,2722.5856046676636,0.11019999999999999
7.0,2723.592286348343,0.10679999999999999
7.0,2724.599031686783,0.11019999999999999
7.0,2725.6107511520386,0.10679999999999999
7.0,2726.612335920334,0.11019999999999999
7.0,2727.6189625263214,0.10679999999999999
7.0,2728.628441810608,0.10679999999999999
7.0,2729.6426124572754,0.10679999999999999
7.0,2730.6689689159393,0.10679999999999999
7.0,2731.6936235427856,0.10679999999999999
7.0,2732.712522983551,0.10679999999999999
7.0,2733.7188959121704,0.10679999999999999
7.0,2735.7232370376587,0.11099999999999999
7.0,2736.7270398139954,0.10679999999999999
7.0,2737.730929851532,0.10679999999999999
7.0,2738.7594814300537,0.11099999999999999
7.0,2739.7769796848297,0.10679999999999999
7.0,2740.7802102565765,0.11099999999999999
7.0,2741.7863132953644,0.10679999999999999
7.0,2742.7927751541138,0.10679999999999999
7.0,2743.7985723018646,0.10679999999999999
7.0,2744.8016271591187,0.10679999999999999
7.0,2745.804629087448,0.10679999999999999
7.0,2746.805428504944,0.11099999999999999
7.0,2747.814621925354,0.11099999999999999
7.0,2748.824167251587,0.11099999999999999
7.0,2749.833434343338,0.11099999999999999
7.0,2750.844105243683,0.11099999999999999
7.0,2751.857016801834,0.11099999999999999
7.0,2752.8637487888336,0.11099999999999999
7.0,2753.869553089142,0.11099999999999999
7.0,2755.8774292469025,0.11099999999999999
7.0,2756.8891413211823,0.11099999999999999
7.0,2757.900921344757,0.11099999999999999
7.0,2758.916079521179,0.11099999999999999
7.0,2759.932320833206,0.11099999999999999
7.0,2760.9443032741547,0.11099999999999999
7.0,2761.956117630005,0.11099999999999999
7.0,2762.962711572647,0.11099999999999999
7.0,2763.969562292099,0.11099999999999999
7.0,2764.985557794571,0.11099999999999999
7.0,2765.992376089096,0.11099999999999999
7.0,2766.999069929123,0.11099999999999999
7.0,2768.0055601596832,0.11099999999999999
7.0,2769.01228928566,0.11099999999999999
7.0,2770.025563955307,0.11099999999999999
7.0,2771.0322852134705,0.11099999999999999
7.0,2772.0388259887695,0.11099999999999999
7.0,2773.049612045288,0.11099999999999999
7.0,2774.0564506053925,0.11099999999999999
7.0,2776.0695650577545,0.11099999999999999
7.0,2777.081389904022,0.11099999999999999
7.0,2778.088142633438,0.11099999999999999
7.0,2779.09473323822,0.11099999999999999
7.0,2780.1015362739563,0.11099999999999999
7.0,2781.1082050800323,0.11099999999999999
7.0,2782.115005016327,0.11099999999999999
7.0,2783.1215291023254,0.11099999999999999
7.0,2784.1281945705414,0.11099999999999999
7.0,2785.134924888611,0.11099999999999999
7.0,2786.1415021419525,0.11099999999999999
7.0,2787.148115873337,0.11099999999999999
7.0,2788.1598975658417,0.11099999999999999
7.0,2789.1735441684723,0.11099999999999999
7.0,2790.185359954834,0.11099999999999999
7.0,2791.192148923874,0.11099999999999999
7.0,2792.1988549232483,0.1153
7.0,2793.2055554389954,0.1153
7.0,2794.21231007576,0.11099999999999999
7.0,2796.2243752479553,0.1153
7.0,2797.235447406769,0.1153
7.0,2798.247140645981,0.1153
7.0,2799.258861064911,0.1153
7.0,2800.265588283539,0.1153
7.0,2801.272161245346,0.1153
7.0,2802.281559944153,0.1153
7.0,2803.2831156253815,0.1153
7.0,2804.2949917316437,0.1153
7.0,2805.3066985607147,0.1153
7.0,2806.3134038448334,0.1153
7.0,2807.3200919628143,0.1153
7.0,2808.3267703056335,0.1153
7.0,2809.33358836174,0.1153
7.0,2810.340320110321,0.1153
7.0,2811.347007751465,0.1153
7.0,2812.3579602241516,0.1153
7.0,2813.364799261093,0.1153
7.0,2814.3765947818756,0.1153
7.0,2816.3895127773285,0.1153
7.0,2817.3963565826416,0.1153
7.0,2818.4030706882477,0.11539999999999999
7.0,2819.4148280620575,0.1153
7.0,2820.4215393066406,0.1153
7.0,2821.428286552429,0.1153
7.0,2822.435083627701,0.1153
7.0,2823.436739206314,0.1153
7.0,2824.45237660408,0.1153
7.0,2825.458964109421,0.1153
7.0,2826.46555685997,0.1153
7.0,2827.4721553325653,0.1153
7.0,2828.473549604416,0.1153
7.0,2829.4802780151367,0.1153
7.0,2830.4869635105133,0.1153
7.0,2831.493582725525,0.1153
7.0,2832.5003871917725,0.11099999999999999
7.0,2833.512225151062,0.1153
7.0,2834.5188891887665,0.1153
7.0,2836.5266835689545,0.1153
7.0,2837.5336010456085,0.1153
7.0,2838.5453667640686,0.1153
7.0,2839.5521442890167,0.1153
7.0,2840.5587491989136,0.1153
7.0,2841.565535068512,0.1153
7.0,2842.5722846984863,0.1153
7.0,2843.579050064087,0.1153
7.0,2844.5856080055237,0.1153
7.0,2845.5922436714172,0.1153
7.0,2846.5990495681763,0.1153
7.0,2847.6055748462677,0.1153
7.0,2848.6124737262726,0.11539999999999999
7.0,2849.619266986847,0.1153
7.0,2850.6333606243134,0.1153
7.0,2851.6401283740997,0.11099999999999999
7.0,2852.654681444168,0.11099999999999999
7.0,2853.6615467071533,0.11099999999999999
7.0,2854.6683580875397,0.11099999999999999
7.0,2856.6762313842773,0.11099999999999999
7.0,2857.677538394928,0.11099999999999999
7.0,2858.6843655109406,0.11099999999999999
7.0,2859.691212415695,0.11099999999999999
7.0,2860.6975767612457,0.11099999999999999
7.0,2861.704371213913,0.11099999999999999
7.0,2862.7161235809326,0.11099999999999999
7.0,2863.7230315208435,0.11099999999999999
7.0,2864.7245984077454,0.11099999999999999
7.0,2865.731277704239,0.11099999999999999
7.0,2866.737557888031,0.11099999999999999
7.0,2867.749571323395,0.11099999999999999
7.0,2868.7563111782074,0.11099999999999999
7.0,2869.769653081894,0.11099999999999999
7.0,2870.785637140274,0.11099999999999999
7.0,2871.792400598526,0.11099999999999999
7.0,2872.7991194725037,0.11099999999999999
7.0,2873.813532590866,0.11099999999999999
7.0,2874.8253712654114,0.11099999999999999
7.0,2876.840742588043,0.11099999999999999
7.0,2877.852574825287,0.11099999999999999
7.0,2878.8956611156464,0.11099999999999999
7.0,2879.8990647792816,0.11099999999999999
7.0,2880.913674354553,0.11099999999999999
7.0,2881.9172377586365,0.11099999999999999
7.0,2882.921062231064,0.11099999999999999
7.0,2883.9322135448456,0.11099999999999999
7.0,2884.933558702469,0.11099999999999999
7.0,2885.935439348221,0.11099999999999999
7.0,2886.9382395744324,0.11099999999999999
7.0,2887.942029953003,0.11099999999999999
7.0,2888.9446868896484,0.11099999999999999
7.0,2889.95467543602,0.11099999999999999
7.0,2890.960348367691,0.11099999999999999
7.0,2891.974874973297,0.11099999999999999
7.0,2892.9763507843018,0.10759999999999999
7.0,2893.9880855083466,0.11099999999999999
7.0,2894.994885444641,0.11099999999999999
7.0,2897.0027253627777,0.10759999999999999
7.0,2898.0175704956055,0.10759999999999999
7.0,2899.024236679077,0.11099999999999999
7.0,2900.031126022339,0.10759999999999999
7.0,2901.037568807602,0.10759999999999999
7.0,2902.049306869507,0.10759999999999999
7.0,2903.061174631119,0.10759999999999999
7.0,2904.068077802658,0.10759999999999999
7.0,2905.074742078781,0.10759999999999999
7.0,2906.081604719162,0.10759999999999999
7.0,2907.0883464813232,0.10759999999999999
7.0,2908.095047712326,0.10759999999999999
7.0,2909.1015605926514,0.10759999999999999
7.0,2910.108293056488,0.10759999999999999
7.0,2911.1149668693542,0.10759999999999999
7.0,2912.1215369701385,0.10759999999999999
7.0,2913.1333327293396,0.10759999999999999
7.0,2914.140148162842,0.11189999999999999
7.0,2915.1468267440796,0.11189999999999999
7.0,2917.154623746872,0.11189999999999999
7.0,2918.161316394806,0.11189999999999999
7.0,2919.168039083481,0.11189999999999999
7.0,2920.1747903823853,0.11189999999999999
7.0,2921.1815779209137,0.11189999999999999
7.0,2922.1883597373962,0.11189999999999999
7.0,2923.195072889328,0.11189999999999999
7.0,2924.206791162491,0.11189999999999999
7.0,2925.213565826416,0.11189999999999999
7.0,2926.2203283309937,0.11189999999999999
7.0,2927.2269744873047,0.11189999999999999
7.0,2928.228135585785,0.11189999999999999
7.0,2929.2429463863373,0.11189999999999999
7.0,2930.244637966156,0.11189999999999999
7.0,2931.25639128685,0.11189999999999999
7.0,2932.257569551468,0.11189999999999999
7.0,2933.2643251419067,0.11189999999999999
7.0,2934.2656116485596,0.11189999999999999
7.0,2935.2722194194794,0.11189999999999999
7.0,2937.2800014019012,0.11189999999999999
7.0,2938.286689519882,0.11189999999999999
7.0,2939.301094055176,0.11189999999999999
7.0,2940.3161652088165,0.11189999999999999
7.0,2941.3295454978943,0.11189999999999999
7.0,2942.341024875641,0.11189999999999999
7.0,2943.357052087784,0.11189999999999999
7.0,2944.358637571335,0.11189999999999999
7.0,2945.365434885025,0.11189999999999999
7.0,2946.3721482753754,0.11189999999999999
7.0,2947.3790230751038,0.11189999999999999
7.0,2948.3855612277985,0.11189999999999999
7.0,2949.410885810852,0.11189999999999999
7.0,2950.4337525367737,0.11189999999999999
7.0,2951.436030626297,0.11189999999999999
7.0,2952.4422159194946,0.11189999999999999
7.0,2953.4865667819977,0.11189999999999999
7.0,2954.488457918167,0.11189999999999999
7.0,2955.4949939250946,0.11189999999999999
7.0,2957.50266957283,0.11189999999999999
7.0,2958.5041761398315,0.11189999999999999
7.0,2959.5175852775574,0.11189999999999999
7.0,2960.5242924690247,0.11629999999999999
7.0,2961.530955553055,0.11629999999999999
7.0,2962.53254365921,0.11629999999999999
7.0,2963.539130449295,0.11189999999999999
7.0,2964.5455598831177,0.11629999999999999
7.0,2965.552243709564,0.11189999999999999
7.0,2966.55886220932,0.11629999999999999
7.0,2967.565563440323,0.11189999999999999
7.0,2968.5722703933716,0.11629999999999999
7.0,2969.573552131653,0.11629999999999999
7.0,2970.584729194641,0.11629999999999999
7.0,2971.591563940048,0.11629999999999999
7.0,2972.5975596904755,0.11609999999999998
7.0,2973.604306459427,0.11629999999999999
7.0,2974.6111130714417,0.11629999999999999
7.0,2975.6175968647003,0.11629999999999999
7.0,2977.6295504570007,0.11629999999999999
7.0,2978.641343355179,0.11629999999999999
7.0,2979.648004770279,0.11629999999999999
7.0,2980.6546511650085,0.11629999999999999
7.0,2981.661363363266,0.11629999999999999
7.0,2982.6681184768677,0.11629999999999999
7.0,2983.674894809723,0.11629999999999999
7.0,2984.6816804409027,0.11629999999999999
7.0,2985.688399553299,0.11609999999999998
7.0,2986.7001276016235,0.11629999999999999
7.0,2987.7156512737274,0.11629999999999999
7.0,2988.727517604828,0.11629999999999999
7.0,2989.733546733856,0.11629999999999999
7.0,2990.740217447281,0.11629999999999999
7.0,2991.746901035309,0.11629999999999999
7.0,2992.7586364746094,0.11629999999999999
7.0,2993.7653114795685,0.11609999999999998
7.0,2994.7719688415527,0.11629999999999999
7.0,2995.7786169052124,0.11629999999999999
7.0,2997.7906351089478,0.11609999999999998
7.0,2998.7974133491516,0.11629999999999999
7.0,2999.8042044639587,0.11629999999999999
7.0,3000.8154442310333,0.11629999999999999
7.0,3001.8215639591217,0.11609999999999998
7.0,3002.8283245563507,0.11629999999999999
7.0,3003.8350405693054,0.11629999999999999
7.0,3004.841560602188,0.11629999999999999
7.0,3005.8483443260193,0.11629999999999999
7.0,3006.854970932007,0.11629999999999999
7.0,3007.8616013526917,0.11629999999999999
7.0,3008.868344783783,0.11629999999999999
7.0,3009.875285387039,0.11629999999999999
7.0,3010.8815472126007,0.11629999999999999
7.0,3011.8882780075073,0.11629999999999999
7.0,3012.894896507263,0.11629999999999999
7.0,3013.9016015529633,0.11629999999999999
7.0,3014.9082856178284,0.11629999999999999
7.0,3015.909621477127,0.11629999999999999
7.0,3017.9174773693085,0.11629999999999999
7.0,3018.919029712677,0.11629999999999999
7.0,3019.925634622574,0.11629999999999999
7.0,3020.932392835617,0.11629999999999999
7.0,3021.9390666484833,0.11629999999999999
7.0,3022.9456071853638,0.11629999999999999
7.0,3023.9522984027863,0.11629999999999999
7.0,3024.9590227603912,0.11629999999999999
7.0,3025.9655301570892,0.11629999999999999
7.0,3026.972290992737,0.11629999999999999
7.0,3027.9735159873962,0.11629999999999999
7.0,3028.980400800705,0.11629999999999999
7.0,3029.9949407577515,0.11629999999999999
7.0,3031.0050632953644,0.11629999999999999
7.0,3032.0167927742004,0.11629999999999999
7.0,3033.0235257148743,0.11629999999999999
7.0,3034.0295417308807,0.11629999999999999
7.0,3035.031105041504,0.11629999999999999
7.0,3036.037628173828,0.11629999999999999
7.0,3038.0546882152557,0.11629999999999999
7.0,3039.0614981651306,0.11629999999999999
7.0,3040.068124294281,0.11629999999999999
7.0,3041.080016851425,0.11629999999999999
7.0,3042.091891527176,0.11629999999999999
7.0,3043.1080980300903,0.11629999999999999
7.0,3044.1148278713226,0.11629999999999999
7.0,3045.121469259262,0.11629999999999999
7.0,3046.1276013851166,0.11609999999999998
7.0,3047.1425924301147,0.11629999999999999
7.0,3048.144280433655,0.11629999999999999
7.0,3049.1559772491455,0.11629999999999999
7.0,3050.162722349167,0.11629999999999999
7.0,3051.16947889328,0.11609999999999998
7.0,3052.1763491630554,0.11629999999999999
7.0,3053.187567472458,0.11629999999999999
7.0,3054.1936094760895,0.11629999999999999
7.0,3055.205373764038,0.11629999999999999
7.0,3056.2124280929565,0.11609999999999998
7.0,3058.224736213684,0.11629999999999999
7.0,3059.22567820549,0.11609999999999998
7.0,3060.2323782444,0.11629999999999999
7.0,3061.2390105724335,0.11629999999999999
7.0,3062.245584487915,0.11629999999999999
7.0,3063.259930372238,0.11609999999999998
7.0,3064.2716524600983,0.11629999999999999
7.0,3065.28338098526,0.11629999999999999
7.0,3066.295156955719,0.11629999999999999
7.0,3067.3068537712097,0.11629999999999999
7.0,3068.3135764598846,0.11629999999999999
7.0,3069.3203427791595,0.11629999999999999
7.0,3070.3320841789246,0.11629999999999999
7.0,3071.3388204574585,0.11629999999999999
7.0,3072.3536019325256,0.11629999999999999
7.0,3073.3604254722595,0.11629999999999999
7.0,3074.367082595825,0.11629999999999999
7.0,3075.373573064804,0.11629999999999999
7.0,3076.3803203105927,0.11629999999999999
7.0,3078.394921541214,0.11629999999999999
7.0,3079.4067437648773,0.11629999999999999
7.0,3080.413606405258,0.11629999999999999
7.0,3081.4202303886414,0.11629999999999999
5.0,3082.4269473552704,0.11609999999999998
5.0,3083.4375355243683,0.11629999999999999
5.0,3084.4443049430847,0.11629999999999999
5.0,3085.456304550171,0.11629999999999999
5.0,3086.4630308151245,0.11629999999999999
5.0,3087.469591856003,0.11629999999999999
5.0,3088.4763798713684,0.11629999999999999
5.0,3089.4830520153046,0.11629999999999999
5.0,3090.4948420524597,0.11629999999999999
5.0,3091.5015182495117,0.11609999999999998
5.0,3092.5082540512085,0.11189999999999999
5.0,3093.520124912262,0.11099999999999999
5.0,3094.5268013477325,0.11099999999999999
5.0,3095.533541917801,0.11019999999999999
5.0,3096.5453724861145,0.11019999999999999
5.0,3098.553160905838,0.1059
5.0,3099.565066099167,0.1093
5.0,3100.5717318058014,0.11359999999999999
5.0,3101.5775878429413,0.11359999999999999
5.0,3102.5894005298615,0.11359999999999999
5.0,3103.596124649048,0.11359999999999999
5.0,3104.6111557483673,0.11359999999999999
5.0,3105.612646341324,0.11359999999999999
5.0,3106.6193096637726,0.11359999999999999
5.0,3107.6255066394806,0.11359999999999999
5.0,3108.636971950531,0.11359999999999999
5.0,3109.651046514511,0.1093
5.0,3110.6631972789764,0.10849999999999999
5.0,3111.6696152687073,0.10849999999999999
5.0,3112.681438922882,0.10759999999999999
5.0,3113.6932809352875,0.11189999999999999
5.0,3114.7050034999847,0.10759999999999999
5.0,3115.7167477607727,0.10679999999999999
5.0,3116.728467941284,0.10679999999999999
5.0,3118.7363781929016,0.1025
5.0,3119.7430198192596,0.1059
5.0,3120.7496037483215,0.1059
5.0,3121.7563412189484,0.1059
5.0,3122.771985769272,0.1059
5.0,3123.7786717414856,0.11019999999999999
5.0,3124.7895567417145,0.1059
5.0,3125.7962238788605,0.1059
5.0,3126.8115532398224,0.11019999999999999
5.0,3127.8233098983765,0.11019999999999999
5.0,3128.829550266266,0.11019999999999999
5.0,3129.8362929821014,0.1059
5.0,3130.842995405197,0.10509999999999999
5.0,3131.8495755195618,0.1093
5.0,3132.856249332428,0.10509999999999999
5.0,3133.8679370880127,0.10419999999999999
5.0,3134.874738931656,0.10419999999999999
5.0,3135.8866126537323,0.10419999999999999
5.0,3136.8975434303284,0.10339999999999999
5.0,3138.9053893089294,0.10339999999999999
5.0,3139.917227268219,0.10339999999999999
5.0,3140.9240968227386,0.10339999999999999
5.0,3141.9308121204376,0.10339999999999999
5.0,3142.9375460147858,0.10339999999999999
5.0,3143.9442641735077,0.0991
5.0,3144.951008081436,0.09889999999999999
5.0,3145.962679862976,0.10339999999999999
5.0,3146.969494819641,0.09889999999999999
5.0,3147.9761991500854,0.0991
5.0,3148.9828712940216,0.09889999999999999
5.0,3149.989512681961,0.10679999999999999
5.0,3150.995922088623,0.1025
5.0,3152.0026094913483,0.09809999999999999
5.0,3153.0093035697937,0.1059
5.0,3154.0210950374603,0.1017
5.0,3155.032873392105,0.09729999999999998
5.0,3156.044627904892,0.10509999999999999
5.0,3157.056390762329,0.1008
5.0,3159.064402103424,0.09639999999999999
5.0,3160.0711011886597,0.09979999999999999
5.0,3161.0887837409973,0.09559999999999999
5.0,3162.0955109596252,0.09559999999999999
5.0,3163.101406812668,0.09979999999999999
5.0,3164.108033657074,0.09979999999999999
5.0,3165.113954782486,0.09979999999999999
5.0,3166.1201474666595,0.09979999999999999
5.0,3167.1318879127502,0.09999999999999999
5.0,3168.138698577881,0.09979999999999999
5.0,3169.1800220012665,0.09999999999999999
5.0,3170.1832208633423,0.09979999999999999
5.0,3171.1860666275024,0.09559999999999999
5.0,3172.206723213196,0.09889999999999999
5.0,3173.213395833969,0.09889999999999999
5.0,3174.21679186821,0.0991
5.0,3175.21866607666,0.09389999999999998
5.0,3176.220554590225,0.09809999999999999
5.0,3177.2242743968964,0.09809999999999999
5.0,3179.2282288074493,0.09389999999999998
5.0,3180.2300641536713,0.09729999999999998
5.0,3181.259933948517,0.09299999999999999
5.0,3182.2641665935516,0.09729999999999998
5.0,3183.269735097885,0.09739999999999999
5.0,3184.2863109111786,0.1017
5.0,3185.2881894111633,0.09729999999999998
5.0,3186.292341709137,0.1017
5.0,3187.3008058071136,0.1017
5.0,3188.3039586544037,0.09729999999999998
5.0,3189.317531347275,0.1017
5.0,3190.3194148540497,0.09729999999999998
5.0,3191.3278257846832,0.09299999999999999
5.0,3192.3369550704956,0.09659999999999999
5.0,3193.348955631256,0.09659999999999999
5.0,3194.3558642864227,0.09659999999999999
5.0,3195.3625917434692,0.09209999999999999
5.0,3196.369436979294,0.09979999999999999
5.0,3197.3811366558075,0.09559999999999999
5.0,3199.3891065120697,0.09559999999999999
5.0,3200.395817041397,0.09129999999999999
5.0,3201.407527446747,0.09129999999999999
5.0,3202.4136061668396,0.09129999999999999
5.0,3203.4203498363495,0.09129999999999999
5.0,3204.4321031570435,0.09129999999999999
5.0,3205.438220500946,0.09129999999999999
5.0,3206.450073003769,0.09129999999999999
5.0,3207.4615774154663,0.09129999999999999
5.0,3208.4684221744537,0.0904
5.0,3209.480263233185,0.09129999999999999
5.0,3210.487057209015,0.09469999999999999
5.0,3211.493670463562,0.09469999999999999
5.0,3212.500470638275,0.0904
5.0,3213.5072445869446,0.09389999999999998
5.0,3214.5135967731476,0.09389999999999998
5.0,3215.5203745365143,0.09389999999999998
5.0,3216.5320909023285,0.0896
5.0,3217.5387663841248,0.09299999999999999
5.0,3219.550751686096,0.09729999999999998
5.0,3220.5625393390656,0.09299999999999999
5.0,3221.5693893432617,0.09299999999999999
5.0,3222.5844650268555,0.09299999999999999
5.0,3223.5911967754364,0.09299999999999999
5.0,3224.6029891967773,0.09299999999999999
5.0,3225.609614610672,0.09299999999999999
5.0,3226.616377592087,0.09299999999999999
5.0,3227.628172636032,0.09299999999999999
5.0,3228.635043144226,0.09299999999999999
5.0,3229.6415672302246,0.09299999999999999
5.0,3230.6481833457947,0.0887
5.0,3231.654804468155,0.09209999999999999
5.0,3232.6615500450134,0.09659999999999999
5.0,3233.6682710647583,0.09209999999999999
5.0,3234.6750853061676,0.08789999999999999
5.0,3235.681577682495,0.09129999999999999
5.0,3236.688295841217,0.09559999999999999
5.0,3237.6949923038483,0.09129999999999999
5.0,3239.707775592804,0.09129999999999999
5.0,3240.713561296463,0.0904
5.0,3241.7204110622406,0.087
5.0,3242.7272033691406,0.087
5.0,3243.7335608005524,0.0904
5.0,3244.740154027939,0.0904
5.0,3245.7519431114197,0.0904
5.0,3246.7587337493896,0.087
5.0,3247.760328054428,0.087
5.0,3248.7671267986298,0.0904
5.0,3249.778869867325,0.0904
5.0,3250.7906744480133,0.09469999999999999
5.0,3251.7974972724915,0.0904
5.0,3252.8042073249817,0.0904
5.0,3253.8108203411102,0.08199999999999999
5.0,3254.8175535202026,0.0896
5.0,3255.819107055664,0.0896
5.0,3256.825565814972,0.0896
5.0,3257.832387447357,0.08109999999999999
5.0,3259.8452246189117,0.08109999999999999
5.0,3260.851959466934,0.0887
5.0,3261.858744621277,0.0887
5.0,3262.8695392608643,0.08109999999999999
5.0,3263.875294446945,0.0887
5.0,3264.8816998004913,0.0887
5.0,3265.888569831848,0.09299999999999999
5.0,3266.895297050476,0.0887
5.0,3267.901638507843,0.0887
5.0,3268.908298254013,0.09299999999999999
5.0,3269.9149885177612,0.09299999999999999
5.0,3270.9295904636383,0.0887
5.0,3271.9363803863525,0.0887
5.0,3272.947826862335,0.0801
5.0,3273.954570055008,0.0801
5.0,3274.961358308792,0.09209999999999999
5.0,3275.9680688381195,0.08789999999999999
5.0,3276.9747207164764,0.08789999999999999
5.0,3277.981502056122,0.0828
5.0,3279.9935982227325,0.087
5.0,3281.0054500102997,0.087
5.0,3282.0173313617706,0.087
5.0,3283.031513929367,0.087
5.0,3284.0455656051636,0.087
5.0,3285.061554670334,0.087
5.0,3286.0757751464844,0.087
5.0,3287.081554889679,0.087
5.0,3288.088367462158,0.087
5.0,3289.0952157974243,0.087
5.0,3290.1015441417694,0.087
5.0,3291.108282804489,0.09129999999999999
5.0,3292.123534679413,0.087
5.0,3293.137600183487,0.087
5.0,3294.149514198303,0.0828
5.0,3295.1562354564667,0.08199999999999999
5.0,3296.1630697250366,0.0836
5.0,3297.169554233551,0.0818
5.0,3298.181429386139,0.0836
5.0,3300.1975853443146,0.08199999999999999
5.0,3301.209532737732,0.08199999999999999
5.0,3302.216269016266,0.08199999999999999
5.0,3303.228187084198,0.08199999999999999
5.0,3304.2349166870117,0.08199999999999999
5.0,3305.2497510910034,0.08199999999999999
5.0,3306.261548280716,0.08199999999999999
5.0,3307.2788531780243,0.08199999999999999
5.0,3308.285544872284,0.08199999999999999
5.0,3309.292237997055,0.08109999999999999
5.0,3310.29883313179,0.08109999999999999
5.0,3311.313106060028,0.08109999999999999
5.0,3312.328157186508,0.08109999999999999
5.0,3313.334962129593,0.08109999999999999
5.0,3314.336502790451,0.08109999999999999
5.0,3315.348567008972,0.08109999999999999
5.0,3316.3553051948547,0.0803
5.0,3317.361547470093,0.0803
5.0,3318.368343114853,0.0801
5.0,3320.418618917465,0.0801
5.0,3321.4374005794525,0.0801
5.0,3322.44815325737,0.0801
5.0,3323.450029850006,0.0801
5.0,3324.452950000763,0.0801
5.0,3325.4564414024353,0.0801
5.0,3326.457549571991,0.0801
5.0,3327.4614911079407,0.0801
5.0,3328.463695526123,0.0801
5.0,3329.473473548889,0.0801
5.0,3330.4800403118134,0.0801
5.0,3331.4815080165863,0.0801
5.0,3332.488130569458,0.07919999999999998
5.0,3333.494896888733,0.07919999999999998
5.0,3334.501583337784,0.07919999999999998
5.0,3335.508330345154,0.0836
5.0,3336.515040397644,0.07919999999999998
5.0,3337.526862382889,0.07919999999999998
5.0,3338.541559934616,0.07919999999999998
5.0,3340.5575890541077,0.07839999999999998
5.0,3341.564287185669,0.0828
5.0,3342.5709166526794,0.0828
5.0,3343.5826551914215,0.0828
5.0,3344.589305639267,0.087
5.0,3345.5960013866425,0.0828
5.0,3346.6029098033905,0.087
5.0,3347.614678144455,0.0828
5.0,3348.6295557022095,0.087
5.0,3349.636372089386,0.0828
5.0,3350.6375679969788,0.087
5.0,3351.651843070984,0.087
5.0,3352.6575560569763,0.0828
5.0,3353.664295911789,0.0828
5.0,3354.676024913788,0.07839999999999998
5.0,3355.682688474655,0.07839999999999998
5.0,3356.68940448761,0.07749999999999999
5.0,3357.696143388748,0.08199999999999999
5.0,3358.702940225601,0.0818
5.0,3360.715791463852,0.08199999999999999
5.0,3361.721594810486,0.08199999999999999
5.0,3362.728320837021,0.08199999999999999
5.0,3363.7296662330627,0.0818
5.0,3364.741491317749,0.08199999999999999
5.0,3365.748227119446,0.08199999999999999
5.0,3366.7549896240234,0.08199999999999999
5.0,3367.761572122574,0.08199999999999999
5.0,3368.7682139873505,0.0818
5.0,3369.775006055832,0.08199999999999999
5.0,3370.7815792560577,0.08199999999999999
5.0,3371.7883546352386,0.07749999999999999
5.0,3372.79505610466,0.07749999999999999
5.0,3373.801586866379,0.07669999999999999
5.0,3374.808489561081,0.07669999999999999
5.0,3375.815192461014,0.08109999999999999
5.0,3376.826939344406,0.08109999999999999
5.0,3377.833602666855,0.08109999999999999
5.0,3378.8403873443604,0.07669999999999999
5.0,3380.853368282318,0.07669999999999999
5.0,3381.860127925873,0.07669999999999999
5.0,3382.8668608665466,0.07669999999999999
5.0,3383.8735518455505,0.07669999999999999
5.0,3384.8802959918976,0.07669999999999999
5.0,3385.886957168579,0.07669999999999999
5.0,3386.8986735343933,0.07579999999999998
5.0,3387.905511379242,0.07669999999999999
5.0,3388.9123079776764,0.07579999999999998
5.0,3389.919049978256,0.07579999999999998
5.0,3390.925579071045,0.07579999999999998
5.0,3391.932340860367,0.07579999999999998
5.0,3392.9390280246735,0.07579999999999998
5.0,3393.9455552101135,0.0803
5.0,3394.952262401581,0.0801
5.0,3395.959016561508,0.0801
5.0,3396.970832824707,0.0801
5.0,3397.977571964264,0.07579999999999998
5.0,3398.984385251999,0.07579999999999998
5.0,3400.9922049045563,0.07919999999999998
5.0,3402.006359577179,0.07499999999999998
5.0,3403.0211040973663,0.0794
5.0,3404.027729988098,0.07499999999999998
5.0,3405.0396196842194,0.07919999999999998
5.0,3406.088420152664,0.07919999999999998
5.0,3407.0921671390533,0.07499999999999998
5.0,3408.1122760772705,0.07919999999999998
5.0,3409.114738225937,0.0836
5.0,3410.122716665268,0.0794
5.0,3411.1249210834503,0.0794
5.0,3412.1255962848663,0.07919999999999998
5.0,3413.128261566162,0.07919999999999998
5.0,3414.1314554214478,0.0794
5.0,3415.135462999344,0.0794
5.0,3416.14506316185,0.07499999999999998
5.0,3417.153468608856,0.07499999999999998
5.0,3418.162485599518,0.07839999999999998
5.0,3419.172702550888,0.07839999999999998
5.0,3421.1856400966644,0.07839999999999998
5.0,3422.1922957897186,0.07839999999999998
5.0,3423.2040548324585,0.0828
5.0,3424.210713148117,0.07839999999999998
5.0,3425.224464893341,0.07839999999999998
5.0,3426.231021642685,0.0828
5.0,3427.237558364868,0.07409999999999999
5.0,3428.2535655498505,0.0828
5.0,3429.2654004096985,0.0828
5.0,3430.272198200226,0.0828
5.0,3431.2788457870483,0.07839999999999998
5.0,3432.285692214966,0.07839999999999998
5.0,3433.292393684387,0.07839999999999998
5.0,3434.304327726364,0.07839999999999998
5.0,3435.316108226776,0.07839999999999998
5.0,3436.317608833313,0.07839999999999998
5.0,3437.3234395980835,0.07409999999999999
5.0,3438.3296093940735,0.07409999999999999
5.0,3439.3362283706665,0.07329999999999999
5.0,3441.35284614563,0.07749999999999999
5.0,3442.3646104335785,0.07749999999999999
5.0,3443.3713676929474,0.07749999999999999
5.0,3444.3831837177277,0.07329999999999999
5.0,3445.389547109604,0.07329999999999999
5.0,3446.401363134384,0.07749999999999999
5.0,3447.41685795784,0.07749999999999999
5.0,3448.4235663414,0.07329999999999999
5.0,3449.43031167984,0.07749999999999999
5.0,3450.437102794647,0.07749999999999999
5.0,3451.449035167694,0.07749999999999999
5.0,3452.4506616592407,0.07749999999999999
5.0,3453.457467317581,0.07749999999999999
5.0,3454.464213848114,0.07749999999999999
5.0,3455.4711253643036,0.07749999999999999
5.0,3456.4866099357605,0.07749999999999999
5.0,3457.498572587967,0.07749999999999999
5.0,3458.5053629875183,0.07329999999999999
5.0,3459.5121080875397,0.07329999999999999
5.0,3461.5200457572937,0.07329999999999999
5.0,3462.5353062152863,0.07329999999999999
5.0,3463.5415766239166,0.07669999999999999
5.0,3464.5561757087708,0.07239999999999999
5.0,3465.5706079006195,0.07239999999999999
5.0,3466.5856306552887,0.07239999999999999
5.0,3467.600769519806,0.07239999999999999
5.0,3468.643828392029,0.07239999999999999
5.0,3469.6799731254578,0.07239999999999999
5.0,3470.682820081711,0.07239999999999999
5.0,3471.6847519874573,0.07239999999999999
5.0,3472.690021753311,0.07239999999999999
5.0,3473.6941390037537,0.07239999999999999
5.0,3474.6963787078857,0.07669999999999999
5.0,3475.698886156082,0.07669999999999999
5.0,3476.7094604969025,0.07669999999999999
5.0,3477.7108938694,0.07669999999999999
5.0,3478.714865207672,0.07669999999999999
5.0,3479.7159101963043,0.07669999999999999
5.0,3481.726635694504,0.07239999999999999
5.0,3482.7333903312683,0.07239999999999999
5.0,3483.7451050281525,0.07239999999999999
5.0,3484.7518842220306,0.07239999999999999
5.0,3485.7636444568634,0.07239999999999999
5.0,3486.769603252411,0.07239999999999999
5.0,3487.7839028835297,0.07239999999999999
5.0,3488.7957804203033,0.07239999999999999
5.0,3489.8095829486847,0.07239999999999999
5.0,3490.81635594368,0.07239999999999999
5.0,3491.823094367981,0.07159999999999998
5.0,3492.829606771469,0.07159999999999998
5.0,3493.8414404392242,0.07159999999999998
5.0,3494.84818315506,0.07159999999999998
5.0,3495.85497546196,0.07579999999999998
5.0,3496.8618216514587,0.07579999999999998
5.0,3497.8686616420746,0.07579999999999998
5.0,3498.8803973197937,0.07579999999999998
5.0,3500.888284921646,0.07579999999999998
5.0,3501.889580965042,0.07579999999999998
5.0,3502.896355867386,0.07579999999999998
5.0,3503.897521018982,0.07579999999999998
5.0,3504.909346818924,0.07579999999999998
5.0,3505.9160742759705,0.07579999999999998
5.0,3506.927888393402,0.07579999999999998
5.0,3507.934602499008,0.07579999999999998
5.0,3508.9413084983826,0.07579999999999998
5.0,3509.9481241703033,0.07579999999999998
5.0,3510.954871892929,0.07579999999999998
5.0,3511.961660385132,0.07159999999999998
5.0,3512.9685785770416,0.07159999999999998
5.0,3513.9753320217133,0.07159999999999998
5.0,3514.9815595149994,0.07159999999999998
5.0,3515.988269805908,0.07159999999999998
5.0,3516.989589691162,0.07069999999999999
5.0,3518.0013284683228,0.07499999999999998
5.0,3519.0080845355988,0.07919999999999998
5.0,3521.015879869461,0.0794
5.0,3522.02156662941,0.0794
5.0,3523.028345823288,0.07499999999999998
5.0,3524.040028810501,0.07919999999999998
5.0,3525.054835796356,0.07919999999999998
5.0,3526.0616323947906,0.07499999999999998
5.0,3527.0735347270966,0.07499999999999998
5.0,3528.0803825855255,0.07919999999999998
5.0,3529.0870809555054,0.07919999999999998
5.0,3530.093641281128,0.07919999999999998
5.0,3531.1003651618958,0.07499999999999998
5.0,3532.1070396900177,0.07919999999999998
5.0,3533.1135647296906,0.07499999999999998
5.0,3534.120226621628,0.07499999999999998
5.0,3535.126960039139,0.07499999999999998
5.0,3536.1335468292236,0.07499999999999998
5.0,3537.140349149704,0.07499999999999998
5.0,3538.1471614837646,0.07069999999999999
5.0,3539.1535778045654,0.07069999999999999
5.0,3541.161539077759,0.07069999999999999
5.0,3542.1683254241943,0.07069999999999999
5.0,3543.1751022338867,0.07409999999999999
5.0,3544.1816408634186,0.07069999999999999
5.0,3545.1928918361664,0.07069999999999999
5.0,3546.2045788764954,0.07069999999999999
5.0,3547.2113835811615,0.07069999999999999
5.0,3548.217564344406,0.07409999999999999
5.0,3549.2242588996887,0.07069999999999999
5.0,3550.22554564476,0.07069999999999999
5.0,3551.231657266617,0.07409999999999999
5.0,3552.2408940792084,0.07409999999999999
5.0,3553.2423017024994,0.07409999999999999
5.0,3554.257360935211,0.07839999999999998
5.0,3555.264102458954,0.07839999999999998
5.0,3556.275899410248,0.07839999999999998
5.0,3557.2895472049713,0.07839999999999998
5.0,3558.2962357997894,0.07839999999999998
5.0,3559.307915210724,0.07409999999999999
5.0,3561.3095486164093,0.07409999999999999
5.0,3562.32386302948,0.07409999999999999
5.0,3563.3375811576843,0.07409999999999999
5.0,3564.344310760498,0.07409999999999999
5.0,3565.3510324954987,0.07409999999999999
5.0,3566.3575780391693,0.07409999999999999
5.0,3567.359123468399,0.07409999999999999
5.0,3568.365558862686,0.07409999999999999
5.0,3569.3722002506256,0.07409999999999999
5.0,3570.3993253707886,0.07409999999999999
5.0,3571.423214673996,0.07409999999999999
5.0,3572.4295330047607,0.07409999999999999
5.0,3573.444308757782,0.07409999999999999
5.0,3574.447751522064,0.07409999999999999
5.0,3575.457361459732,0.07409999999999999
5.0,3576.459570646286,0.06989999999999999
5.0,3577.4616708755493,0.06989999999999999
5.0,3578.463323354721,0.07329999999999999
5.0,3579.4668555259705,0.06989999999999999
5.0,3581.470150232315,0.06989999999999999
5.0,3582.4723200798035,0.07329999999999999
5.0,3583.4825241565704,0.07329999999999999
5.0,3584.489134788513,0.07329999999999999
5.0,3585.4957082271576,0.07329999999999999
5.0,3586.5054140090942,0.07329999999999999
5.0,3587.5119771957397,0.07329999999999999
5.0,3588.5135617256165,0.06899999999999999
5.0,3589.524196624756,0.07329999999999999
5.0,3590.5335459709167,0.07329999999999999
5.0,3591.539314031601,0.07329999999999999
5.0,3592.549560546875,0.07749999999999999
5.0,3593.55623793602,0.06899999999999999
5.0,3594.5680491924286,0.07329999999999999
5.0,3595.5748538970947,0.07329999999999999
5.0,3596.581540584564,0.07329999999999999
5.0,3597.5883569717407,0.07749999999999999
5.0,3599.5959544181824,0.07329999999999999
5.0,3600.6055324077606,0.07329999999999999
5.0,3601.6118636131287,0.07329999999999999
5.0,3602.625608444214,0.07329999999999999
5.0,3603.6323018074036,0.07329999999999999
5.0,3604.639155626297,0.07329999999999999
5.0,3605.6508836746216,0.07329999999999999
5.0,3606.6575949192047,0.07329999999999999
5.0,3607.6591386795044,0.07329999999999999
5.0,3608.665603160858,0.07329999999999999
5.0,3609.6722614765167,0.07329999999999999
5.0,3610.6840794086456,0.07329999999999999
5.0,3611.690800666809,0.07329999999999999
5.0,3612.697592496872,0.07329999999999999
5.0,3613.7043809890747,0.07329999999999999
5.0,3614.7110681533813,0.07329999999999999
5.0,3615.722850561142,0.07329999999999999
5.0,3616.729565382004,0.06899999999999999
5.0,3617.7364530563354,0.06899999999999999
5.0,3619.744159221649,0.06899999999999999
5.0,3620.750807762146,0.06899999999999999
5.0,3621.7575731277466,0.07239999999999999
5.0,3622.7642409801483,0.06899999999999999
5.0,3623.770909547806,0.06819999999999998
5.0,3624.7826442718506,0.06899999999999999
5.0,3625.789459466934,0.06899999999999999
5.0,3626.7962214946747,0.06899999999999999
5.0,3627.8030474185944,0.06899999999999999
5.0,3628.8095955848694,0.06899999999999999
5.0,3629.8163232803345,0.06899999999999999
5.0,3630.822643995285,0.06899999999999999
5.0,3631.82945561409,0.06819999999999998
5.0,3632.836230993271,0.06819999999999998
5.0,3633.8428831100464,0.06819999999999998
5.0,3634.8495988845825,0.07239999999999999
5.0,3635.8613436222076,0.06819999999999998
5.0,3636.8681588172913,0.07239999999999999
5.0,3637.8749232292175,0.07239999999999999
5.0,3639.877230167389,0.07239999999999999
5.0,3640.8915650844574,0.07239999999999999
5.0,3641.9055609703064,0.07239999999999999
5.0,3642.912348985672,0.07239999999999999
5.0,3643.9189627170563,0.07239999999999999
5.0,3644.930809736252,0.07239999999999999
5.0,3645.9376533031464,0.07239999999999999
5.0,3646.9444603919983,0.07239999999999999
5.0,3647.951314687729,0.07239999999999999
5.0,3648.957614183426,0.07239999999999999
5.0,3649.964318037033,0.07239999999999999
5.0,3650.971039056778,0.07239999999999999
5.0,3651.985671520233,0.07239999999999999
5.0,3652.9924976825714,0.07239999999999999
5.0,3653.9994909763336,0.07239999999999999
5.0,3655.011344432831,0.07239999999999999
5.0,3656.0223977565765,0.07239999999999999
5.0,3657.029098033905,0.07239999999999999
5.0,3658.035555124283,0.07239999999999999
5.0,3660.042627811432,0.07239999999999999
5.0,3661.053573846817,0.07239999999999999
5.0,3662.0603954792023,0.07239999999999999
5.0,3663.0670669078827,0.07239999999999999
5.0,3664.073554754257,0.07239999999999999
5.0,3665.080340385437,0.07239999999999999
5.0,3666.0870027542114,0.07239999999999999
5.0,3667.093569755554,0.06819999999999998
5.0,3668.1002974510193,0.07239999999999999
5.0,3669.1069939136505,0.06819999999999998
5.0,3670.1186697483063,0.07239999999999999
5.0,3671.125517129898,0.07239999999999999
5.0,3672.132399082184,0.06819999999999998
5.0,3673.1441280841827,0.06819999999999998
5.0,3674.1509971618652,0.06819999999999998
5.0,3675.1578772068024,0.06819999999999998
5.0,3676.16411113739,0.06729999999999998
5.0,3677.1709039211273,0.06819999999999998
5.0,3678.1820418834686,0.06729999999999998
5.0,3680.194720029831,0.06729999999999998
5.0,3681.2015714645386,0.06729999999999998
5.0,3682.2083723545074,0.06729999999999998
5.0,3683.2095289230347,0.06729999999999998
5.0,3684.2154293060303,0.06729999999999998
5.0,3685.227194070816,0.07159999999999998
5.0,3686.233511209488,0.06729999999999998
5.0,3687.245495557785,0.06729999999999998
5.0,3688.2522151470184,0.06729999999999998
5.0,3689.264139175415,0.07159999999999998
5.0,3690.270793914795,0.06729999999999998
5.0,3691.2855648994446,0.06729999999999998
5.0,3692.292375564575,0.06729999999999998
5.0,3693.306660413742,0.06729999999999998
5.0,3694.3213284015656,0.07159999999999998
5.0,3695.328164100647,0.06729999999999998
5.0,3696.3348300457,0.07159999999999998
5.0,3697.341612100601,0.07159999999999998
5.0,3698.3534853458405,0.06729999999999998
5.0,3700.3614258766174,0.06729999999999998
5.0,3701.368226289749,0.07159999999999998
5.0,3702.369612932205,0.07579999999999998
5.0,3703.3847138881683,0.07579999999999998
5.0,3704.3913617134094,0.07159999999999998
5.0,3705.3976833820343,0.07159999999999998
5.0,3706.404452562332,0.07159999999999998
5.0,3707.4056112766266,0.07159999999999998
5.0,3708.412443637848,0.07159999999999998
5.0,3709.4191360473633,0.07159999999999998
5.0,3710.4255650043488,0.07159999999999998
5.0,3711.4322929382324,0.07159999999999998
5.0,3712.444015979767,0.07159999999999998
5.0,3713.450698375702,0.07159999999999998
5.0,3714.457400560379,0.07159999999999998
5.0,3715.4641993045807,0.07159999999999998
5.0,3716.475897550583,0.07159999999999998
5.0,3717.477444410324,0.07159999999999998
5.0,3718.4936332702637,0.07159999999999998
5.0,3720.501622200012,0.07159999999999998
5.0,3721.5083994865417,0.07159999999999998
5.0,3722.520190477371,0.07159999999999998
5.0,3723.5269796848297,0.07159999999999998
5.0,3724.5285799503326,0.07159999999999998
5.0,3725.5295400619507,0.07159999999999998
5.0,3726.5311183929443,0.07159999999999998
5.0,3727.5327155590057,0.07159999999999998
5.0,3728.5444362163544,0.07159999999999998
5.0,3729.55627989769,0.07159999999999998
5.0,3730.557603120804,0.07159999999999998
5.0,3731.56432056427,0.07159999999999998
5.0,3732.5710549354553,0.07159999999999998
5.0,3733.582792520523,0.07159999999999998
5.0,3734.5895524024963,0.07159999999999998
5.0,3735.596443414688,0.07159999999999998
5.0,3736.6122422218323,0.07159999999999998
5.0,3737.618980407715,0.07159999999999998
5.0,3738.6255671977997,0.06729999999999998
5.0,3740.6376507282257,0.06729999999999998
5.0,3741.6495308876038,0.06729999999999998
5.0,3742.6563642024994,0.06729999999999998
5.0,3743.6576290130615,0.06729999999999998
5.0,3744.6642961502075,0.06729999999999998
5.0,3745.6655399799347,0.06729999999999998
5.0,3746.677330970764,0.06729999999999998
5.0,3747.6840794086456,0.06729999999999998
5.0,3748.690694332123,0.06729999999999998
5.0,3749.697449207306,0.06729999999999998
5.0,3750.7042138576508,0.06729999999999998
5.0,3751.715965986252,0.06729999999999998
5.0,3752.7277624607086,0.06729999999999998
5.0,3753.734594106674,0.06729999999999998
5.0,3754.74139213562,0.06729999999999998
5.0,3755.7481729984283,0.06729999999999998
5.0,3756.7547907829285,0.07069999999999999
5.0,3757.7615513801575,0.06649999999999999
5.0,3758.768281698227,0.06729999999999998
5.0,3760.7761793136597,0.06729999999999998
5.0,3761.788029193878,0.06729999999999998
5.0,3762.7946498394012,0.07069999999999999
5.0,3763.8013186454773,0.06649999999999999
5.0,3764.810664176941,0.07069999999999999
5.0,3765.817586183548,0.06649999999999999
5.0,3766.824389696121,0.06649999999999999
5.0,3767.8311002254486,0.06649999999999999
5.0,3768.8375647068024,0.06649999999999999
5.0,3769.8443393707275,0.06649999999999999
5.0,3770.856040239334,0.07069999999999999
5.0,3771.8575983047485,0.06649999999999999
5.0,3772.8643293380737,0.07069999999999999
5.0,3773.8710079193115,0.07069999999999999
5.0,3774.8775873184204,0.07069999999999999
5.0,3775.8842449188232,0.07069999999999999
5.0,3776.890939950943,0.07499999999999998
5.0,3777.897574186325,0.07069999999999999
5.0,3778.904363632202,0.07069999999999999
5.0,3780.917355775833,0.07499999999999998
5.0,3781.9291067123413,0.07499999999999998
5.0,3782.935772418976,0.07499999999999998
5.0,3783.9415481090546,0.07499999999999998
5.0,3784.9483635425568,0.07069999999999999
5.0,3785.9550516605377,0.07069999999999999
5.0,3786.961596727371,0.07499999999999998
5.0,3787.9683804512024,0.07499999999999998
5.0,3788.9800860881805,0.07069999999999999
5.0,3789.9868988990784,0.07069999999999999
5.0,3790.9987046718597,0.07069999999999999
5.0,3792.0055570602417,0.07069999999999999
5.0,3793.0175104141235,0.07499999999999998
5.0,3794.0242516994476,0.07069999999999999
5.0,3795.0359897613525,0.07069999999999999
5.0,3796.0478909015656,0.07499999999999998
5.0,3797.0546815395355,0.07069999999999999
5.0,3798.061447620392,0.07069999999999999
5.0,3799.0682113170624,0.07069999999999999
5.0,3801.0707647800446,0.07499999999999998
5.0,3802.0855491161346,0.07069999999999999
5.0,3803.097386598587,0.07069999999999999
5.0,3804.1041321754456,0.07069999999999999
5.0,3805.115961790085,0.07069999999999999
5.0,3806.1226472854614,0.07499999999999998
5.0,3807.1335809230804,0.07069999999999999
5.0,3808.1403839588165,0.07069999999999999
5.0,3809.1553163528442,0.07069999999999999
5.0,3810.161455631256,0.07069999999999999
5.0,3811.168162584305,0.07069999999999999
5.0,3812.174894094467,0.07069999999999999
5.0,3813.1815915107727,0.07069999999999999
5.0,3814.1883697509766,0.07499999999999998
5.0,3815.204230070114,0.07069999999999999
5.0,3816.210844516754,0.07069999999999999
5.0,3817.217647790909,0.07069999999999999
5.0,3818.2244901657104,0.07069999999999999
5.0,3819.23126578331,0.07069999999999999
5.0,3821.2386345863342,0.07069999999999999
5.0,3822.245332956314,0.07069999999999999
5.0,3823.2514731884003,0.07069999999999999
5.0,3824.2575855255127,0.07069999999999999
5.0,3825.2694556713104,0.07069999999999999
5.0,3826.2761392593384,0.07069999999999999
5.0,3827.287913799286,0.07069999999999999
5.0,3828.301694393158,0.07499999999999998
5.0,3829.308500766754,0.07069999999999999
5.0,3830.3151247501373,0.07069999999999999
5.0,3831.326866388321,0.07069999999999999
5.0,3832.333596229553,0.07069999999999999
5.0,3833.3403701782227,0.07069999999999999
5.0,3834.355773448944,0.07069999999999999
5.0,3835.3616485595703,0.07069999999999999
5.0,3836.3684384822845,0.07069999999999999
5.0,3837.3752040863037,0.07069999999999999
5.0,3838.3817298412323,0.07069999999999999
5.0,3839.3885819911957,0.07069999999999999
5.0,3841.40155172348,0.07069999999999999
5.0,3842.408284664154,0.07069999999999999
5.0,3843.420070171356,0.07069999999999999
5.0,3844.4319183826447,0.07069999999999999
5.0,3845.4387505054474,0.07069999999999999
5.0,3846.4454929828644,0.07069999999999999
5.0,3847.452173471451,0.07069999999999999
5.0,3848.4589207172394,0.07069999999999999
5.0,3849.4655826091766,0.07069999999999999
5.0,3850.4723570346832,0.07069999999999999
5.0,3851.4790530204773,0.07069999999999999
5.0,3852.485578775406,0.07069999999999999
5.0,3853.4923079013824,0.07069999999999999
5.0,3854.4990470409393,0.07069999999999999
5.0,3855.505585193634,0.07069999999999999
5.0,3856.512390613556,0.07069999999999999
5.0,3857.519142627716,0.07069999999999999
5.0,3858.5256192684174,0.07069999999999999
5.0,3859.5324873924255,0.07069999999999999
5.0,3861.540279150009,0.07069999999999999
5.0,3862.5469427108765,0.07069999999999999
5.0,3863.558674097061,0.07069999999999999
5.0,3864.5653836727142,0.07069999999999999
5.0,3865.5715692043304,0.07069999999999999
5.0,3866.583334684372,0.07069999999999999
5.0,3867.589551925659,0.07069999999999999
5.0,3868.5963745117188,0.07069999999999999
5.0,3869.60808134079,0.07069999999999999
5.0,3870.624326467514,0.07069999999999999
5.0,3871.630989551544,0.07069999999999999
5.0,3872.6374554634094,0.07069999999999999
5.0,3873.6490902900696,0.07069999999999999
5.0,3874.660840988159,0.06649999999999999
5.0,3875.6676001548767,0.06649999999999999
5.0,3876.6839344501495,0.06649999999999999
5.0,3877.690689563751,0.06649999999999999
5.0,3878.6974778175354,0.07069999999999999
5.0,3879.704267978668,0.06649999999999999
5.0,3881.716184616089,0.06649999999999999
5.0,3882.727922439575,0.06989999999999999
5.0,3883.734146595001,0.06649999999999999
5.0,3884.7455513477325,0.06649999999999999
5.0,3885.7573585510254,0.06649999999999999
5.0,3886.7640323638916,0.06649999999999999
5.0,3887.7708020210266,0.06649999999999999
5.0,3888.781632900238,0.06649999999999999
5.0,3889.802763938904,0.06649999999999999
5.0,3890.8560247421265,0.06649999999999999
5.0,3891.8610882759094,0.06649999999999999
5.0,3892.8643782138824,0.06649999999999999
5.0,3893.8668084144592,0.06649999999999999
5.0,3894.8690333366394,0.06649999999999999
5.0,3895.8716564178467,0.06649999999999999
5.0,3896.8738384246826,0.06649999999999999
5.0,3897.8859322071075,0.06989999999999999
5.0,3898.936210155487,0.06989999999999999
5.0,3899.9432575702667,0.06649999999999999
5.0,3901.9475100040436,0.06989999999999999
5.0,3902.950441122055,0.06989999999999999
5.0,3903.955093860626,0.06649999999999999
5.0,3904.964455127716,0.06649999999999999
5.0,3905.9709856510162,0.06989999999999999
5.0,3906.9797925949097,0.06649999999999999
5.0,3907.990557909012,0.06989999999999999
5.0,3908.9998874664307,0.06649999999999999
5.0,3910.013624191284,0.06649999999999999
5.0,3911.028469324112,0.06649999999999999
5.0,3912.0352127552032,0.06649999999999999
5.0,3913.051107645035,0.06649999999999999
5.0,3914.057628393173,0.06649999999999999
5.0,3915.0643162727356,0.06989999999999999
5.0,3916.0656242370605,0.06989999999999999
5.0,3917.0805897712708,0.06649999999999999
5.0,3918.0817136764526,0.06989999999999999
5.0,3919.0935530662537,0.06649999999999999
5.0,3921.101459503174,0.06649999999999999
5.0,3922.1133136749268,0.06559999999999999
5.0,3923.124664545059,0.06649999999999999
5.0,3924.130799293518,0.06649999999999999
5.0,3925.142125606537,0.06559999999999999
5.0,3926.1488893032074,0.06989999999999999
5.0,3927.1605916023254,0.06649999999999999
5.0,3928.167272567749,0.06989999999999999
5.0,3929.17378950119,0.06649999999999999
5.0,3930.180510997772,0.06649999999999999
5.0,3931.1895616054535,0.06989999999999999
5.0,3932.1963374614716,0.06649999999999999
5.0,3933.197570323944,0.06649999999999999
5.0,3934.204382419586,0.06989999999999999
5.0,3935.2185497283936,0.06989999999999999
5.0,3936.227893590927,0.06559999999999999
5.0,3937.237597465515,0.06989999999999999
5.0,3938.24840760231,0.06989999999999999
5.0,3939.257486104965,0.06989999999999999
5.0,3941.259975194931,0.06649999999999999
5.0,3942.2716455459595,0.06559999999999999
5.0,3943.2833771705627,0.06989999999999999
5.0,3944.296110391617,0.06649999999999999
5.0,3945.3115305900574,0.06989999999999999
5.0,3946.3132145404816,0.06989999999999999
5.0,3947.3198716640472,0.06559999999999999
5.0,3948.3214547634125,0.06649999999999999
5.0,3949.3282363414764,0.06989999999999999
5.0,3950.3295199871063,0.06559999999999999
5.0,3951.3361852169037,0.06989999999999999
5.0,3952.3484947681427,0.06989999999999999
5.0,3953.360231399536,0.06989999999999999
5.0,3954.366862297058,0.06989999999999999
5.0,3955.3735513687134,0.06559999999999999
5.0,3956.3802490234375,0.06989999999999999
5.0,3957.3870480060577,0.06989999999999999
5.0,3958.3936054706573,0.06989999999999999
5.0,3960.4055848121643,0.06989999999999999
5.0,3961.412214279175,0.06989999999999999
5.0,3962.4240021705627,0.06989999999999999
5.0,3963.435924053192,0.06989999999999999
5.0,3964.4375092983246,0.06989999999999999
5.0,3965.444267272949,0.06989999999999999
5.0,3966.4560236930847,0.06989999999999999
5.0,3967.4627437591553,0.06989999999999999
5.0,3968.4735929965973,0.06559999999999999
5.0,3969.4751510620117,0.06989999999999999
5.0,3970.4767134189606,0.06989999999999999
5.0,3971.483331680298,0.06989999999999999
5.0,3972.4849183559418,0.06989999999999999
5.0,3973.4917285442352,0.07409999999999999
5.0,3974.4975867271423,0.06989999999999999
5.0,3975.504364013672,0.07409999999999999
5.0,3976.51100564003,0.07409999999999999
5.0,3977.522758245468,0.06989999999999999
5.0,3978.529569387436,0.06989999999999999
5.0,3980.537616252899,0.07409999999999999
5.0,3981.549386739731,0.07409999999999999
5.0,3982.5561423301697,0.07409999999999999
5.0,3983.562808275223,0.07409999999999999
5.0,3984.577207326889,0.07409999999999999
5.0,3985.5839393138885,0.07409999999999999
5.0,3986.5905928611755,0.07409999999999999
5.0,3987.5972862243652,0.07409999999999999
5.0,3988.603935480118,0.07409999999999999
5.0,3989.615711212158,0.06559999999999999
5.0,3990.617292881012,0.07409999999999999
5.0,3991.6239972114563,0.06989999999999999
5.0,3992.630702495575,0.07409999999999999
5.0,3993.637450695038,0.06989999999999999
5.0,3994.643742799759,0.07409999999999999
5.0,3995.6554777622223,0.06989999999999999
5.0,3996.6672439575195,0.07409999999999999
5.0,3997.6735711097717,0.07409999999999999
5.0,3998.685429573059,0.07409999999999999
5.0,4000.6976115703583,0.07409999999999999
5.0,4001.704581975937,0.06989999999999999
5.0,4002.7164857387543,0.06989999999999999
5.0,4003.7231681346893,0.06989999999999999
5.0,4004.729555130005,0.07409999999999999
5.0,4005.736406803131,0.07409999999999999
5.0,4006.7496337890625,0.06989999999999999
5.0,4007.756423473358,0.07409999999999999
5.0,4008.7630574703217,0.06989999999999999
5.0,4009.7637968063354,0.07409999999999999
5.0,4010.7755901813507,0.07409999999999999
5.0,4011.7818281650543,0.07409999999999999
5.0,4012.792923927307,0.07409999999999999
5.0,4013.7997324466705,0.07409999999999999
5.0,4014.806552886963,0.06989999999999999
5.0,4015.8080682754517,0.07409999999999999
5.0,4016.8148148059845,0.07409999999999999
5.0,4017.829329967499,0.07409999999999999
5.0,4018.836015224457,0.06989999999999999
5.0,4020.8438494205475,0.07409999999999999
5.0,4021.8575932979584,0.06989999999999999
5.0,4022.869612455368,0.06989999999999999
5.0,4023.885383605957,0.06989999999999999
5.0,4024.892109632492,0.06989999999999999
5.0,4025.8988523483276,0.07409999999999999
5.0,4026.9056458473206,0.07409999999999999
5.0,4027.9175837039948,0.06989999999999999
5.0,4028.924322128296,0.07409999999999999
5.0,4029.9310262203217,0.07409999999999999
5.0,4030.937611579895,0.06989999999999999
5.0,4031.9442522525787,0.07409999999999999
5.0,4032.9508814811707,0.06989999999999999
5.0,4033.9576287269592,0.07409999999999999
5.0,4034.9644606113434,0.07409999999999999
5.0,4035.9713304042816,0.07409999999999999
5.0,4036.9855563640594,0.07409999999999999
5.0,4037.99751162529,0.06989999999999999
5.0,4039.0135757923126,0.06989999999999999
5.0,4041.021343946457,0.07409999999999999
5.0,4042.0331604480743,0.06989999999999999
5.0,4043.04491686821,0.06989999999999999
5.0,4044.0515496730804,0.07409999999999999
5.0,4045.0531651973724,0.07409999999999999
5.0,4046.0650804042816,0.07409999999999999
5.0,4047.0666873455048,0.06989999999999999
5.0,4048.0734820365906,0.06989999999999999
5.0,4049.0852661132812,0.07409999999999999
5.0,4050.0918440818787,0.07409999999999999
5.0,4051.098546028137,0.07409999999999999
5.0,4052.109429836273,0.07409999999999999
5.0,4053.1162440776825,0.07409999999999999
5.0,4054.122951745987,0.07409999999999999
5.0,4055.1336262226105,0.06989999999999999
5.0,4056.1405024528503,0.07409999999999999
5.0,4057.1415708065033,0.06989999999999999
5.0,4058.1483147144318,0.06989999999999999
5.0,4059.1495654582977,0.07409999999999999
5.0,4061.157335281372,0.07409999999999999
5.0,4062.164056777954,0.06989999999999999
5.0,4063.175849676132,0.06989999999999999
5.0,4064.1825654506683,0.06989999999999999
5.0,4065.1894245147705,0.07409999999999999
5.0,4066.196309328079,0.07409999999999999
5.0,4067.203031539917,0.06989999999999999
5.0,4068.209573030472,0.06989999999999999
5.0,4069.2214090824127,0.07409999999999999
5.0,4070.2280859947205,0.06989999999999999
5.0,4071.2347741127014,0.07409999999999999
5.0,4072.2415523529053,0.07409999999999999
5.0,4073.252931833267,0.06989999999999999
5.0,4074.2648496627808,0.07409999999999999
5.0,4075.276715517044,0.07409999999999999
5.0,4076.2884624004364,0.06989999999999999
5.0,4077.300205230713,0.06989999999999999
5.0,4078.311934709549,0.07409999999999999
5.0,4080.319826602936,0.06989999999999999
5.0,4081.3353254795074,0.06989999999999999
5.0,4082.3456263542175,0.07409999999999999
5.0,4083.3471763134003,0.06989999999999999
5.0,4084.3536553382874,0.06989999999999999
5.0,4085.3603823184967,0.06989999999999999
5.0,4086.367086172104,0.07409999999999999
5.0,4087.3815858364105,0.06989999999999999
5.0,4088.39733171463,0.06989999999999999
5.0,4089.404090166092,0.06989999999999999
5.0,4090.4158232212067,0.06989999999999999
5.0,4091.4275965690613,0.06989999999999999
5.0,4092.433578014374,0.06989999999999999
5.0,4093.4483189582825,0.06989999999999999
5.0,4094.46316242218,0.06989999999999999
5.0,4095.477578163147,0.06989999999999999
5.0,4096.484366893768,0.06989999999999999
5.0,4097.496167421341,0.06989999999999999
5.0,4098.503048181534,0.06989999999999999
5.0,4100.515358448029,0.06989999999999999
5.0,4101.521574497223,0.06989999999999999
5.0,4102.535030841827,0.07409999999999999
5.0,4103.541580200195,0.06989999999999999
5.0,4104.557500362396,0.06989999999999999
5.0,4105.569447517395,0.06989999999999999
5.0,4106.585438251495,0.06989999999999999
5.0,4107.592194080353,0.07409999999999999
5.0,4108.593699455261,0.06989999999999999
5.0,4109.60045003891,0.06989999999999999
5.0,4110.612380743027,0.07409999999999999
5.0,4111.619188308716,0.06989999999999999
5.0,4112.6256403923035,0.06989999999999999
5.0,4113.631795167923,0.06989999999999999
5.0,4114.643243789673,0.06989999999999999
5.0,4115.649727344513,0.06989999999999999
5.0,4116.661496400833,0.07409999999999999
5.0,4117.668321847916,0.06989999999999999
5.0,4118.683562755585,0.06989999999999999
5.0,4120.699227571487,0.06989999999999999
5.0,4121.710979938507,0.06989999999999999
5.0,4122.725614070892,0.06989999999999999
5.0,4123.7324595451355,0.06989999999999999
5.0,4124.73920917511,0.06989999999999999
5.0,4125.745562791824,0.06989999999999999
5.0,4126.752367019653,0.06989999999999999
5.0,4127.764216899872,0.07409999999999999
5.0,4128.7797956466675,0.06989999999999999
5.0,4129.791560649872,0.06989999999999999
5.0,4130.7975380420685,0.06989999999999999
5.0,4131.811760902405,0.06989999999999999
5.0,4132.81757068634,0.06989999999999999
5.0,4133.824184179306,0.06989999999999999
5.0,4134.831017494202,0.06989999999999999
5.0,4135.842812776566,0.06989999999999999
5.0,4136.849472284317,0.06989999999999999
5.0,4137.8563113212585,0.06989999999999999
5.0,4138.8630175590515,0.06989999999999999
5.0,4140.875832796097,0.06989999999999999
5.0,4141.881552934647,0.06989999999999999
5.0,4142.8933227062225,0.06989999999999999
5.0,4143.900066614151,0.06989999999999999
5.0,4144.901586532593,0.06989999999999999
5.0,4145.913465023041,0.06989999999999999
5.0,4146.928661584854,0.06989999999999999
5.0,4147.93528676033,0.06989999999999999
5.0,4148.9470801353455,0.06989999999999999
5.0,4149.986883878708,0.06989999999999999
5.0,4150.993265390396,0.06989999999999999
5.0,4152.007349491119,0.06989999999999999
5.0,4153.011796236038,0.06989999999999999
5.0,4154.020071029663,0.06989999999999999
5.0,4155.022786617279,0.06989999999999999
5.0,4156.025498867035,0.06989999999999999
5.0,4157.028508424759,0.06989999999999999
5.0,4158.031268596649,0.06989999999999999
5.0,4159.033144712448,0.06989999999999999
5.0,4161.03709602356,0.06989999999999999
5.0,4162.038663625717,0.06989999999999999
5.0,4163.063724994659,0.06989999999999999
5.0,4164.068581104279,0.06989999999999999
5.0,4165.083658218384,0.06989999999999999
5.0,4166.088772773743,0.06989999999999999
5.0,4167.094817638397,0.06989999999999999
5.0,4168.101303100586,0.06989999999999999
5.0,4169.105262041092,0.06989999999999999
5.0,4170.108732461929,0.06989999999999999
5.0,4171.1101496219635,0.06989999999999999
5.0,4172.116785526276,0.06989999999999999
5.0,4173.123267173767,0.06989999999999999
5.0,4174.129445314407,0.06989999999999999
5.0,4175.136206150055,0.06989999999999999
5.0,4176.14794421196,0.06989999999999999
5.0,4177.157636642456,0.06989999999999999
5.0,4179.165596246719,0.06989999999999999
5.0,4180.172345161438,0.06989999999999999
5.0,4181.184121131897,0.06989999999999999
5.0,4182.191000461578,0.06989999999999999
5.0,4183.197560548782,0.06989999999999999
5.0,4184.2043199539185,0.06989999999999999
5.0,4185.210968971252,0.06989999999999999
5.0,4186.222596645355,0.06989999999999999
5.0,4187.229266881943,0.06989999999999999
5.0,4188.235993862152,0.06989999999999999
5.0,4189.242686986923,0.06989999999999999
5.0,4190.253558397293,0.06989999999999999
5.0,4191.260346412659,0.06989999999999999
5.0,4192.2721655368805,0.06989999999999999
5.0,4193.2788898944855,0.06989999999999999
5.0,4194.290667057037,0.06989999999999999
5.0,4195.297362804413,0.06989999999999999
5.0,4196.309257984161,0.06989999999999999
5.0,4197.315943241119,0.06989999999999999
5.0,4199.323890209198,0.06989999999999999
5.0,4200.330688714981,0.06989999999999999
5.0,4201.337541103363,0.06989999999999999
5.0,4202.349434375763,0.06989999999999999
5.0,4203.356192827225,0.06989999999999999
5.0,4204.362960100174,0.06989999999999999
5.0,4205.374685049057,0.06989999999999999
5.0,4206.381392002106,0.06989999999999999
5.0,4207.388179063797,0.06989999999999999
5.0,4208.394762516022,0.06989999999999999
5.0,4209.405572652817,0.06989999999999999
5.0,4210.412334442139,0.06989999999999999
5.0,4211.4240527153015,0.06989999999999999
5.0,4212.430720090866,0.06989999999999999
5.0,4213.437532424927,0.06989999999999999
5.0,4214.443537712097,0.06989999999999999
5.0,4215.457559108734,0.06989999999999999
5.0,4216.4643766880035,0.06989999999999999
5.0,4217.470518350601,0.06989999999999999
5.0,4219.477601051331,0.06989999999999999
5.0,4220.493556499481,0.06989999999999999
5.0,4221.500423669815,0.06989999999999999
5.0,4222.507144212723,0.06989999999999999
5.0,4223.513604640961,0.06989999999999999
5.0,4224.525360107422,0.06989999999999999
5.0,4225.537300825119,0.06989999999999999
5.0,4226.552250862122,0.06989999999999999
5.0,4227.563956260681,0.06989999999999999
5.0,4228.577578306198,0.06989999999999999
5.0,4229.584290266037,0.06989999999999999
5.0,4230.599214315414,0.06989999999999999
5.0,4231.605540513992,0.06989999999999999
5.0,4232.61226272583,0.06989999999999999
5.0,4233.619096755981,0.06989999999999999
5.0,4234.625551223755,0.06989999999999999
5.0,4235.632282733917,0.06989999999999999
5.0,4236.639120817184,0.06989999999999999
5.0,4237.645569801331,0.06989999999999999
5.0,4239.653125286102,0.06989999999999999
5.0,4240.6597583293915,0.06989999999999999
5.0,4241.665714025497,0.06989999999999999
5.0,4242.67249584198,0.06989999999999999
5.0,4243.688982248306,0.06989999999999999
5.0,4244.695672273636,0.06989999999999999
5.0,4245.7016224861145,0.06989999999999999
5.0,4246.708376169205,0.06989999999999999
5.0,4247.720082521439,0.06989999999999999
5.0,4248.726804971695,0.06989999999999999
5.0,4249.733696222305,0.06989999999999999
5.0,4250.740535736084,0.06989999999999999
5.0,4251.75629901886,0.06989999999999999
5.0,4252.7630443573,0.06989999999999999
5.0,4253.777561903,0.06989999999999999
5.0,4254.784226894379,0.06989999999999999
5.0,4255.790371894836,0.06989999999999999
5.0,4256.804724931717,0.06989999999999999
5.0,4257.811405658722,0.06989999999999999
5.0,4259.818687438965,0.06989999999999999
5.0,4260.825465917587,0.06989999999999999
5.0,4261.832195520401,0.06989999999999999
5.0,4262.838986158371,0.06989999999999999
5.0,4263.845586299896,0.06989999999999999
5.0,4264.857349872589,0.06989999999999999
5.0,4265.864134311676,0.06989999999999999
5.0,4266.8708119392395,0.06989999999999999
5.0,4267.885631084442,0.06989999999999999
5.0,4268.892455816269,0.06989999999999999
5.0,4269.899220705032,0.06989999999999999
5.0,4270.905601024628,0.06989999999999999
5.0,4271.917415857315,0.06989999999999999
5.0,4272.9292204380035,0.06989999999999999
5.0,4273.935987949371,0.06989999999999999
5.0,4274.951267719269,0.06989999999999999
5.0,4275.965337514877,0.06989999999999999
5.0,4276.9720940589905,0.06989999999999999
5.0,4277.983892917633,0.06559999999999999
5.0,4279.996894836426,0.06559999999999999
5.0,4281.003580093384,0.06989999999999999
5.0,4282.015491724014,0.06989999999999999
5.0,4283.017063856125,0.06989999999999999
5.0,4284.02889752388,0.06989999999999999
5.0,4285.029525756836,0.06989999999999999
5.0,4286.036269426346,0.06989999999999999
5.0,4287.051496267319,0.06989999999999999
5.0,4288.05756020546,0.06989999999999999
5.0,4289.064319372177,0.06559999999999999
5.0,4290.076047182083,0.06989999999999999
5.0,4291.082666635513,0.06989999999999999
5.0,4292.089430570602,0.06989999999999999
5.0,4293.096329450607,0.06989999999999999
5.0,4294.108060121536,0.06989999999999999
5.0,4295.114788770676,0.06559999999999999
5.0,4296.1215903759,0.06559999999999999
5.0,4297.1285281181335,0.06559999999999999
5.0,4298.135435581207,0.06559999999999999
5.0,4300.153348207474,0.06899999999999999
5.0,4301.165142774582,0.06559999999999999
5.0,4302.176910638809,0.06989999999999999
5.0,4303.18362569809,0.06559999999999999
5.0,4304.195357322693,0.06989999999999999
5.0,4305.209672927856,0.06559999999999999
5.0,4306.224273443222,0.06559999999999999
5.0,4307.233560085297,0.06559999999999999
5.0,4308.265318632126,0.06559999999999999
5.0,4309.286370277405,0.06559999999999999
5.0,4310.303443908691,0.06559999999999999
5.0,4311.311526060104,0.06559999999999999
5.0,4312.328146457672,0.06559999999999999
5.0,4313.513556718826,0.06559999999999999
5.0,4314.519777059555,0.06559999999999999
5.0,4315.531491279602,0.06559999999999999
5.0,4316.543236017227,0.06559999999999999
5.0,4317.549565553665,0.06559999999999999
5.0,4318.561370134354,0.06559999999999999
5.0,4319.567719936371,0.06559999999999999
5.0,4320.5794978141785,0.06559999999999999
5.0,4322.5866792202,0.06899999999999999
5.0,4323.59362077713,0.06559999999999999
5.0,4324.600340843201,0.06559999999999999
5.0,4325.607233762741,0.06559999999999999
5.0,4326.621616601944,0.06559999999999999
5.0,4327.635694265366,0.06559999999999999
5.0,4328.641580104828,0.06559999999999999
5.0,4329.657021999359,0.06559999999999999
5.0,4330.6687932014465,0.06559999999999999
5.0,4331.675382137299,0.06899999999999999
5.0,4332.687130689621,0.06559999999999999
5.0,4333.693566799164,0.06559999999999999
5.0,4334.700306177139,0.06899999999999999
5.0,4335.706982374191,0.06559999999999999
5.0,4336.713618278503,0.06559999999999999
5.0,4337.719780445099,0.06559999999999999
5.0,4338.733887910843,0.06559999999999999
5.0,4339.745583534241,0.06559999999999999
5.0,4340.751443386078,0.06559999999999999
5.0,4342.7586789131165,0.06899999999999999
5.0,4343.7654020786285,0.06559999999999999
5.0,4344.781576395035,0.06559999999999999
5.0,4345.788249731064,0.06899999999999999
5.0,4346.794898033142,0.06559999999999999
5.0,4347.796449661255,0.06559999999999999
5.0,4348.797620296478,0.06899999999999999
5.0,4349.804301738739,0.06559999999999999
5.0,4350.810989141464,0.06559999999999999
5.0,4351.817711591721,0.06559999999999999
5.0,4352.834260463715,0.06899999999999999
5.0,4353.8493502140045,0.06899999999999999
5.0,4354.861109018326,0.06559999999999999
5.0,4355.8728947639465,0.06559999999999999
5.0,4356.884714841843,0.06559999999999999
5.0,4357.891416549683,0.06899999999999999
5.0,4358.892986536026,0.06559999999999999
5.0,4359.893604278564,0.06559999999999999
5.0,4361.896277427673,0.06559999999999999
5.0,4362.90309715271,0.06559999999999999
5.0,4363.91654419899,0.06899999999999999
5.0,4364.928479909897,0.06559999999999999
5.0,4365.929578304291,0.06559999999999999
5.0,4366.936290979385,0.06559999999999999
5.0,4367.948176383972,0.06559999999999999
5.0,4368.949599504471,0.06559999999999999
5.0,4369.9613745212555,0.06559999999999999
5.0,4370.968132257462,0.06559999999999999
5.0,4371.969466686249,0.06559999999999999
5.0,4372.978844165802,0.06899999999999999
5.0,4373.990845680237,0.06899999999999999
5.0,4375.0021324157715,0.06559999999999999
5.0,4376.013651132584,0.06559999999999999
5.0,4377.025530338287,0.06899999999999999
5.0,4378.032341718674,0.06899999999999999
5.0,4379.043786287308,0.06559999999999999
5.0,4381.05082154274,0.06899999999999999
5.0,4382.0524253845215,0.06479999999999998
5.0,4383.066677093506,0.06559999999999999
5.0,4384.06830739975,0.06559999999999999
5.0,4385.080078601837,0.06559999999999999
5.0,4386.081577062607,0.06559999999999999
5.0,4387.097299575806,0.06899999999999999
5.0,4388.113591432571,0.06559999999999999
5.0,4389.128306627274,0.06559999999999999
5.0,4390.141594171524,0.06899999999999999
5.0,4391.148355007172,0.06559999999999999
5.0,4392.15501666069,0.06559999999999999
5.0,4393.1615691185,0.06899999999999999
5.0,4394.168399572372,0.06899999999999999
5.0,4395.182978630066,0.06899999999999999
5.0,4396.189621686935,0.06899999999999999
5.0,4397.196449041367,0.06559999999999999
5.0,4398.1975173950195,0.06899999999999999
5.0,4399.204185247421,0.06559999999999999
5.0,4401.212109804153,0.06559999999999999
5.0,4402.229219198227,0.06559999999999999
5.0,4403.240936756134,0.06559999999999999
5.0,4404.246621608734,0.06559999999999999
5.0,4405.2533593177795,0.06559999999999999
5.0,4406.26006269455,0.06899999999999999
5.0,4407.2667672634125,0.06559999999999999
5.0,4408.281648397446,0.06899999999999999
5.0,4409.292471170425,0.06559999999999999
5.0,4410.2992470264435,0.06559999999999999
5.0,4411.305569887161,0.06559999999999999
5.0,4412.3203365802765,0.06899999999999999
5.0,4413.335219621658,0.06559999999999999
5.0,4414.341593027115,0.06559999999999999
5.0,4415.343173027039,0.06899999999999999
5.0,4416.349545955658,0.06559999999999999
5.0,4417.355890750885,0.06899999999999999
5.0,4418.362602710724,0.06559999999999999
5.0,4419.377725362778,0.06559999999999999
5.0,4421.390651702881,0.06559999999999999
5.0,4422.397486448288,0.06559999999999999
5.0,4423.4040467739105,0.06559999999999999
5.0,4424.413696527481,0.061399999999999996
5.0,4425.428426980972,0.06559999999999999
5.0,4426.440204143524,0.06479999999999998
5.0,4427.452023267746,0.06559999999999999
5.0,4428.453574419022,0.06479999999999998
5.0,4429.460304737091,0.06559999999999999
5.0,4430.461634635925,0.06899999999999999
5.0,4431.47704577446,0.06559999999999999
5.0,4432.488795518875,0.06559999999999999
5.0,4433.504178285599,0.06559999999999999
5.0,4434.510783672333,0.06479999999999998
5.0,4435.525110960007,0.06559999999999999
5.0,4436.539745569229,0.06559999999999999
5.0,4437.550661563873,0.06559999999999999
5.0,4438.557458162308,0.06559999999999999
5.0,4439.5643854141235,0.06559999999999999
5.0,4441.583505153656,0.06899999999999999
5.0,4442.606780767441,0.06899999999999999
5.0,4443.652210712433,0.06559999999999999
5.0,4444.666619062424,0.06559999999999999
5.0,4445.67103767395,0.06899999999999999
5.0,4446.687175989151,0.06899999999999999
5.0,4447.693811893463,0.06479999999999998
5.0,4448.700801610947,0.06559999999999999
5.0,4449.70482134819,0.06899999999999999
5.0,4450.706198215485,0.06559999999999999
5.0,4451.708249807358,0.06559999999999999
5.0,4452.72073507309,0.06559999999999999
5.0,4453.723132610321,0.06479999999999998
5.0,4454.729418754578,0.06559999999999999
5.0,4455.737469434738,0.06559999999999999
5.0,4456.744062423706,0.06559999999999999
5.0,4457.755504608154,0.06479999999999998
5.0,4458.761583805084,0.06559999999999999
5.0,4459.768248558044,0.06899999999999999
5.0,4461.780914306641,0.06479999999999998
5.0,4462.787567138672,0.06559999999999999
5.0,4463.793704509735,0.06559999999999999
5.0,4464.809527873993,0.06559999999999999
5.0,4465.816269636154,0.06559999999999999
5.0,4466.823039054871,0.06899999999999999
5.0,4467.82958984375,0.06559999999999999
5.0,4468.83651137352,0.06559999999999999
5.0,4469.853634357452,0.06559999999999999
5.0,4470.859575748444,0.06559999999999999
5.0,4471.865603923798,0.06899999999999999
5.0,4472.872330665588,0.06559999999999999
5.0,4473.878959417343,0.06559999999999999
5.0,4474.885674238205,0.06899999999999999
5.0,4475.892414093018,0.06899999999999999
5.0,4476.904137134552,0.06899999999999999
5.0,4477.9159507751465,0.06559999999999999
5.0,4478.922635793686,0.06559999999999999
5.0,4479.929396390915,0.06479999999999998
5.0,4481.941521406174,0.06559999999999999
5.0,4482.94819355011,0.06559999999999999
5.0,4483.954903841019,0.06899999999999999
5.0,4484.961564779282,0.06899999999999999
5.0,4485.968370437622,0.06559999999999999
5.0,4486.9750435352325,0.06479999999999998
5.0,4487.976637601852,0.06479999999999998
5.0,4488.9884576797485,0.06899999999999999
5.0,4489.989619255066,0.06479999999999998
5.0,4490.991183280945,0.06559999999999999
5.0,4491.997566461563,0.06899999999999999
5.0,4493.004274129868,0.06899999999999999
5.0,4494.015974283218,0.06899999999999999
5.0,4495.022651672363,0.06559999999999999
5.0,4496.029486179352,0.06559999999999999
5.0,4497.0363211631775,0.06559999999999999
5.0,4498.048139333725,0.06479999999999998
5.0,4499.054917573929,0.06479999999999998
5.0,4500.061557292938,0.06899999999999999
5.0,4502.069498538971,0.06899999999999999
5.0,4503.08130812645,0.06899999999999999
5.0,4504.0881180763245,0.06479999999999998
5.0,4505.09489941597,0.06479999999999998
5.0,4506.106755018234,0.06479999999999998
5.0,4507.113499164581,0.06479999999999998
5.0,4508.127661943436,0.06899999999999999
5.0,4509.139353990555,0.06479999999999998
5.0,4510.15055680275,0.06899999999999999
5.0,4511.156592607498,0.06479999999999998
5.0,4512.168480634689,0.06479999999999998
5.0,4513.175178050995,0.06479999999999998
5.0,4514.186954498291,0.06899999999999999
5.0,4515.193565368652,0.06899999999999999
5.0,4516.200315713882,0.06899999999999999
5.0,4517.206895828247,0.06899999999999999
5.0,4518.2187333106995,0.06479999999999998
5.0,4519.225610256195,0.06899999999999999
5.0,4520.2322561740875,0.06479999999999998
5.0,4522.2400896549225,0.06479999999999998
5.0,4523.251761436462,0.06479999999999998
5.0,4524.2575805187225,0.06479999999999998
5.0,4525.264338493347,0.06899999999999999
5.0,4526.2710864543915,0.06899999999999999
5.0,4527.285591602325,0.06899999999999999
5.0,4528.297394037247,0.06899999999999999
7.0,4529.304383516312,0.06479999999999998
7.0,4530.316097974777,0.06479999999999998
7.0,4531.317624092102,0.06479999999999998
7.0,4532.324355125427,0.06899999999999999
7.0,4533.325557231903,0.06479999999999998
7.0,4534.327108383179,0.06899999999999999
7.0,4535.3286554813385,0.06479999999999998
7.0,4536.329576730728,0.06479999999999998
7.0,4537.336305618286,0.06479999999999998
7.0,4538.351537704468,0.06989999999999999
7.0,4539.366674184799,0.06559999999999999
7.0,4540.373569726944,0.06989999999999999
7.0,4542.385624408722,0.07069999999999999
7.0,4543.397567272186,0.07499999999999998
7.0,4544.409314393997,0.06649999999999999
7.0,4545.416099786758,0.06649999999999999
7.0,4546.4228410720825,0.07069999999999999
7.0,4547.434588193893,0.07069999999999999
7.0,4548.441281795502,0.07069999999999999
7.0,4549.448054552078,0.06309999999999999
7.0,4550.461582660675,0.07069999999999999
7.0,4551.476114034653,0.06649999999999999
7.0,4552.482794284821,0.07069999999999999
7.0,4553.4895396232605,0.07159999999999998
7.0,4554.496569633484,0.06729999999999998
7.0,4555.508410692215,0.07239999999999999
7.0,4556.5201535224915,0.07669999999999999
7.0,4557.526924610138,0.06899999999999999
7.0,4558.533593177795,0.07329999999999999
7.0,4559.540384531021,0.06899999999999999
7.0,4560.5555300712585,0.06989999999999999
7.0,4562.5630235672,0.07409999999999999
7.0,4563.569571971893,0.07839999999999998
7.0,4564.581346988678,0.07839999999999998
7.0,4565.588250875473,0.07839999999999998
7.0,4566.594841957092,0.07839999999999998
7.0,4567.60152220726,0.0786
7.0,4568.613404989243,0.07839999999999998
7.0,4569.619838476181,0.07409999999999999
7.0,4570.625663518906,0.0786
7.0,4571.632416725159,0.07409999999999999
7.0,4572.648308753967,0.0786
7.0,4573.6631643772125,0.07069999999999999
7.0,4574.674915075302,0.07499999999999998
7.0,4575.686691522598,0.07069999999999999
7.0,4576.700463056564,0.07579999999999998
7.0,4577.712185144424,0.0803
7.0,4578.727964639664,0.07159999999999998
7.0,4579.734605789185,0.07669999999999999
7.0,4580.745548725128,0.07239999999999999
7.0,4582.753454446793,0.07329999999999999
7.0,4583.760220527649,0.07329999999999999
7.0,4584.766961336136,0.07749999999999999
7.0,4585.7787120342255,0.07329999999999999
7.0,4586.793572425842,0.07769999999999999
7.0,4587.809312343597,0.07329999999999999
7.0,4588.841016530991,0.07769999999999999
7.0,4589.87673830986,0.07329999999999999
7.0,4590.882535934448,0.07769999999999999
7.0,4591.89111828804,0.07769999999999999
7.0,4592.894612789154,0.07769999999999999
7.0,4593.8964285850525,0.07769999999999999
7.0,4594.897878408432,0.07749999999999999
7.0,4595.901020288467,0.07839999999999998
7.0,4596.905379533768,0.0828
7.0,4597.907643556595,0.07409999999999999
7.0,4598.915386915207,0.0794
7.0,4599.936362028122,0.0836
7.0,4600.950819015503,0.0794
7.0,4602.96461725235,0.076
7.0,4603.972324132919,0.076
7.0,4604.973955154419,0.0803
7.0,4605.976768016815,0.0803
7.0,4606.979933977127,0.0803
7.0,4607.986570358276,0.0803
7.0,4609.000690460205,0.0803
7.0,4610.002545595169,0.0803
7.0,4611.0126230716705,0.0803
7.0,4612.019268274307,0.0803
7.0,4613.029659509659,0.0803
7.0,4614.036231994629,0.07159999999999998
7.0,4615.051597356796,0.07669999999999999
7.0,4616.063425779343,0.08109999999999999
7.0,4617.069691419601,0.08109999999999999
7.0,4618.081557035446,0.0769
7.0,4619.088362693787,0.07769999999999999
7.0,4620.095046758652,0.08199999999999999
7.0,4621.101814031601,0.08199999999999999
7.0,4623.114698171616,0.07839999999999998
7.0,4624.121468067169,0.0786
7.0,4625.136199712753,0.0828
7.0,4626.150561571121,0.0828
7.0,4627.157328128815,0.0828
7.0,4628.171102285385,0.0828
7.0,4629.185601234436,0.0828
7.0,4630.192318916321,0.0828
7.0,4631.199096918106,0.0828
7.0,4632.205524921417,0.0828
7.0,4633.21731877327,0.0828
7.0,4634.224105834961,0.087
7.0,4635.230729341507,0.087
7.0,4636.245740652084,0.0794
7.0,4637.261590719223,0.0794
7.0,4638.273370027542,0.0794
7.0,4639.280160188675,0.0794
7.0,4640.291831970215,0.0803
7.0,4641.297557115555,0.0803
7.0,4643.305309295654,0.0803
7.0,4644.320676803589,0.0803
7.0,4645.32737994194,0.0803
7.0,4646.333617687225,0.0803
7.0,4647.340306520462,0.0803
7.0,4648.352216959,0.0803
7.0,4649.3587963581085,0.0803
7.0,4650.365643978119,0.07669999999999999
7.0,4651.377540588379,0.0803
7.0,4652.3887820243835,0.0803
7.0,4653.401546955109,0.0769
7.0,4654.403013706207,0.08109999999999999
7.0,4655.4135937690735,0.08109999999999999
7.0,4656.425275325775,0.08109999999999999
7.0,4657.426790714264,0.08109999999999999
7.0,4658.438675880432,0.08199999999999999
7.0,4659.450538635254,0.0836
7.0,4660.457230091095,0.08199999999999999
7.0,4661.463914871216,0.08199999999999999
7.0,4663.47699379921,0.0828
7.0,4664.491811037064,0.087
7.0,4665.498559474945,0.087
7.0,4666.50958108902,0.087
7.0,4667.516301393509,0.087
7.0,4668.523134231567,0.087
7.0,4669.529537677765,0.087
7.0,4670.531092166901,0.087
7.0,4671.537543296814,0.087
7.0,4672.549470424652,0.087
7.0,4673.556200265884,0.087
7.0,4674.567916631699,0.09129999999999999
7.0,4675.574631929398,0.087
7.0,4676.581545352936,0.0828
7.0,4677.588290691376,0.08789999999999999
7.0,4678.594697475433,0.08789999999999999
7.0,4679.601448297501,0.09209999999999999
7.0,4680.608267784119,0.0836
7.0,4681.614317655563,0.0803
7.0,4683.6306710243225,0.0887
7.0,4684.64155960083,0.0887
7.0,4685.653312206268,0.0887
7.0,4686.659413099289,0.0887
7.0,4687.665547609329,0.0887
7.0,4688.672270059586,0.0887
7.0,4689.678940534592,0.0887
7.0,4690.685591459274,0.0887
7.0,4691.692282438278,0.0887
7.0,4692.699004173279,0.0887
7.0,4693.705539941788,0.0887
7.0,4694.712285280228,0.0887
7.0,4695.719056606293,0.08109999999999999
7.0,4696.72566318512,0.08109999999999999
7.0,4697.732403278351,0.0896
7.0,4698.738454580307,0.0896
7.0,4699.745233535767,0.0896
7.0,4700.751971244812,0.08199999999999999
7.0,4701.7587077617645,0.08199999999999999
7.0,4703.765727996826,0.0904
7.0,4704.772537946701,0.0904
7.0,4705.773645877838,0.0904
7.0,4706.788791418076,0.0904
7.0,4707.7955911159515,0.0904
7.0,4708.809541225433,0.0904
7.0,4709.816234588623,0.0904
7.0,4710.8228328228,0.0904
7.0,4711.829611301422,0.0904
7.0,4712.836456775665,0.0904
7.0,4713.848495960236,0.0904
7.0,4714.860308170319,0.0904
7.0,4715.867027282715,0.0904
7.0,4716.8735456466675,0.087
7.0,4717.880149364471,0.09129999999999999
7.0,4718.8918199539185,0.09129999999999999
7.0,4719.898601770401,0.09129999999999999
7.0,4720.9053382873535,0.09129999999999999
7.0,4721.9120280742645,0.08789999999999999
7.0,4723.919762849808,0.08789999999999999
7.0,4724.925593137741,0.09209999999999999
7.0,4725.93230175972,0.09209999999999999
7.0,4726.939016819,0.09209999999999999
7.0,4727.940673828125,0.09209999999999999
7.0,4728.95227599144,0.09209999999999999
7.0,4729.953535795212,0.09209999999999999
7.0,4730.96027135849,0.09209999999999999
7.0,4731.967028617859,0.09209999999999999
7.0,4732.973610401154,0.09209999999999999
7.0,4733.985223531723,0.09209999999999999
7.0,4734.991783380508,0.09209999999999999
7.0,4736.00154042244,0.09659999999999999
7.0,4737.0169677734375,0.08789999999999999
7.0,4738.028869867325,0.0887
7.0,4739.040607690811,0.09299999999999999
7.0,4740.052331447601,0.09319999999999999
7.0,4741.064046859741,0.09299999999999999
7.0,4742.070853471756,0.0887
7.0,4744.083844900131,0.0887
7.0,4745.100805044174,0.0896
7.0,4746.107541799545,0.0896
7.0,4747.1136264801025,0.0896
7.0,4748.125499248505,0.0896
7.0,4749.132253885269,0.0896
7.0,4750.139044284821,0.0896
7.0,4751.145592927933,0.0896
7.0,4752.157051324844,0.0896
7.0,4753.16894698143,0.0896
7.0,4754.180437326431,0.0896
7.0,4755.1921644210815,0.09389999999999998
7.0,4756.198909282684,0.09399999999999999
7.0,4757.20556306839,0.09389999999999998
7.0,4758.212287425995,0.0896
7.0,4759.224191188812,0.0904
7.0,4760.238733530045,0.0904
7.0,4761.253598451614,0.09489999999999998
7.0,4762.276706695557,0.09469999999999999
7.0,4764.316121339798,0.09489999999999998
7.0,4765.348837852478,0.09489999999999998
7.0,4766.377259016037,0.09489999999999998
7.0,4767.395956277847,0.09489999999999998
7.0,4768.4087772369385,0.09489999999999998
7.0,4769.409878015518,0.09489999999999998
7.0,4770.412779092789,0.09489999999999998
7.0,4771.413570404053,0.09489999999999998
7.0,4772.415805578232,0.09489999999999998
7.0,4773.419301509857,0.09489999999999998
7.0,4774.423786878586,0.09469999999999999
7.0,4775.425285577774,0.0904
7.0,4776.435880422592,0.09129999999999999
7.0,4777.445468425751,0.0957
7.0,4778.452233314514,0.0957
7.0,4779.458953142166,0.0957
7.0,4780.4655776023865,0.0957
7.0,4781.472354888916,0.0957
7.0,4782.4735407829285,0.09129999999999999
7.0,4784.485606908798,0.09209999999999999
7.0,4785.497425079346,0.09209999999999999
7.0,4786.50412940979,0.09659999999999999
7.0,4787.505589723587,0.09209999999999999
7.0,4788.507113695145,0.09659999999999999
7.0,4789.513550519943,0.09659999999999999
7.0,4790.52027463913,0.09209999999999999
7.0,4791.526988983154,0.09659999999999999
7.0,4792.533600330353,0.09659999999999999
7.0,4793.545402765274,0.09659999999999999
7.0,4794.552253246307,0.09659999999999999
7.0,4795.558882236481,0.09659999999999999
7.0,4796.565555810928,0.09659999999999999
7.0,4797.572236776352,0.1008
7.0,4798.583995103836,0.09659999999999999
7.0,4799.59573674202,0.09659999999999999
7.0,4800.601564884186,0.09319999999999999
7.0,4801.613328933716,0.09299999999999999
7.0,4802.620097875595,0.09739999999999999
7.0,4804.627966165543,0.09739999999999999
7.0,4805.634724617004,0.09739999999999999
7.0,4806.645565271378,0.09739999999999999
7.0,4807.647137403488,0.09739999999999999
7.0,4808.6487464904785,0.09739999999999999
7.0,4809.655417203903,0.09739999999999999
7.0,4810.661602020264,0.09739999999999999
7.0,4811.668450832367,0.09739999999999999
7.0,4812.6840443611145,0.09739999999999999
7.0,4813.6907839775085,0.09739999999999999
7.0,4814.697552919388,0.09739999999999999
7.0,4815.704252243042,0.09739999999999999
7.0,4816.715981960297,0.09739999999999999
7.0,4817.72269153595,0.09389999999999998
7.0,4818.729467153549,0.09389999999999998
7.0,4819.73620891571,0.0983
7.0,4820.74299287796,0.0983
7.0,4821.749611377716,0.0983
7.0,4822.761403560638,0.0983
7.0,4824.76929974556,0.0983
7.0,4825.775983572006,0.09809999999999999
7.0,4826.7775065898895,0.0983
7.0,4827.784364461899,0.0983
7.0,4828.796060800552,0.0983
7.0,4829.802803277969,0.0983
7.0,4830.814551591873,0.0983
7.0,4831.825565576553,0.09389999999999998
7.0,4832.83241891861,0.0983
7.0,4833.833638429642,0.09389999999999998
7.0,4834.840344905853,0.0983
7.0,4835.852081537247,0.09489999999999998
7.0,4836.8587210178375,0.09489999999999998
7.0,4837.865542888641,0.0991
7.0,4838.877308368683,0.0991
7.0,4839.883846759796,0.0991
7.0,4840.890639305115,0.0991
7.0,4841.897717475891,0.0991
7.0,4842.904376745224,0.0991
7.0,4844.917290687561,0.09559999999999999
7.0,4845.924043893814,0.09559999999999999
7.0,4846.930812835693,0.09559999999999999
7.0,4847.937539100647,0.0957
7.0,4848.944232940674,0.0957
7.0,4849.95095539093,0.09559999999999999
7.0,4850.957594156265,0.0957
7.0,4851.964374303818,0.09559999999999999
7.0,4852.976257562637,0.0957
7.0,4853.987967967987,0.0957
7.0,4854.994661569595,0.0957
7.0,4856.001451730728,0.09999999999999999
7.0,4857.017405033112,0.09999999999999999
7.0,4858.024307727814,0.09999999999999999
7.0,4859.03101849556,0.09999999999999999
7.0,4860.037683725357,0.10419999999999999
7.0,4861.0529062747955,0.10419999999999999
7.0,4862.05975317955,0.09999999999999999
7.0,4863.065553426743,0.09999999999999999
7.0,4865.073498725891,0.09999999999999999
7.0,4866.080296993256,0.09659999999999999
7.0,4867.092064619064,0.09659999999999999
7.0,4868.098806381226,0.09659999999999999
7.0,4869.105556726456,0.09659999999999999
7.0,4870.112543582916,0.09659999999999999
7.0,4871.1243019104,0.09659999999999999
7.0,4872.136085271835,0.09659999999999999
7.0,4873.147993564606,0.09659999999999999
7.0,4874.149572610855,0.09659999999999999
7.0,4875.164263725281,0.09659999999999999
7.0,4876.170696973801,0.1008
7.0,4877.185604095459,0.1008
7.0,4878.197416543961,0.1008
7.0,4879.211988687515,0.10509999999999999
7.0,4880.223746538162,0.10509999999999999
7.0,4881.230708599091,0.1008
7.0,4882.237560033798,0.1008
7.0,4883.249388217926,0.09739999999999999
7.0,4885.257160902023,0.09739999999999999
7.0,4886.267976284027,0.09739999999999999
7.0,4887.274631977081,0.09739999999999999
7.0,4888.285356998444,0.09739999999999999
7.0,4889.29185628891,0.09739999999999999
7.0,4890.303540468216,0.09739999999999999
7.0,4891.309532880783,0.09739999999999999
7.0,4892.311223268509,0.09739999999999999
7.0,4893.325545310974,0.09739999999999999
7.0,4894.33229637146,0.09739999999999999
7.0,4895.333649635315,0.1017
7.0,4896.340518474579,0.1017
7.0,4897.347230195999,0.1017
7.0,4898.353561162949,0.1017
7.0,4899.365331888199,0.1059
7.0,4900.371970653534,0.1059
7.0,4901.3735246658325,0.1059
7.0,4902.375065565109,0.1017
7.0,4903.381573438644,0.1017
7.0,4905.388743400574,0.0983
7.0,4906.400472640991,0.0983
7.0,4907.401540994644,0.0983
7.0,4908.413259983063,0.0983
7.0,4909.419928073883,0.0983
7.0,4910.426634550095,0.0983
7.0,4911.4375784397125,0.0983
7.0,4912.444237232208,0.0983
7.0,4913.450848817825,0.09809999999999999
7.0,4914.4576280117035,0.0983
7.0,4915.464328050613,0.09809999999999999
7.0,4916.476042509079,0.1025
7.0,4917.492699146271,0.1025
7.0,4918.499391794205,0.1025
7.0,4919.511128902435,0.1025
7.0,4920.522938966751,0.10679999999999999
7.0,4921.529561281204,0.10679999999999999
7.0,4922.536346673965,0.1025
7.0,4923.543169498444,0.1025
7.0,4925.550714015961,0.0991
7.0,4926.557540178299,0.0991
7.0,4927.564188718796,0.0991
7.0,4928.565658569336,0.0991
7.0,4929.572336912155,0.0991
7.0,4930.5735421180725,0.0991
7.0,4931.57518196106,0.0991
7.0,4932.586616039276,0.0991
7.0,4933.5934154987335,0.0991
7.0,4934.605160474777,0.0991
7.0,4935.61191701889,0.0991
7.0,4936.618676185608,0.0991
7.0,4937.6253871917725,0.10339999999999999
7.0,4938.63201880455,0.10339999999999999
7.0,4939.638869047165,0.10339999999999999
7.0,4940.645595788956,0.10339999999999999
7.0,4941.652505397797,0.10759999999999999
7.0,4942.65932393074,0.10759999999999999
7.0,4943.665633440018,0.10339999999999999
7.0,4945.677565097809,0.10339999999999999
7.0,4946.6791841983795,0.10339999999999999
7.0,4947.685523509979,0.10339999999999999
7.0,4948.6921055316925,0.10339999999999999
7.0,4949.698731660843,0.10339999999999999
7.0,4950.705435991287,0.10339999999999999
7.0,4951.717262506485,0.09999999999999999
7.0,4952.729043245316,0.0991
7.0,4953.735722541809,0.0991
7.0,4954.741545677185,0.0991
7.0,4955.748516321182,0.0991
7.0,4956.755202054977,0.09999999999999999
7.0,4957.761538982391,0.09999999999999999
7.0,4958.768301486969,0.10419999999999999
7.0,4959.775096416473,0.10419999999999999
7.0,4960.781569957733,0.10419999999999999
7.0,4961.793358802795,0.10419999999999999
7.0,4962.80507850647,0.10849999999999999
7.0,4963.816873550415,0.10849999999999999
7.0,4965.829550266266,0.10849999999999999
7.0,4966.83638381958,0.10849999999999999
7.0,4967.8481566905975,0.10849999999999999
7.0,4968.859951496124,0.10849999999999999
7.0,4969.871724128723,0.10849999999999999
7.0,4970.88683795929,0.10849999999999999
7.0,4971.8935713768005,0.10849999999999999
7.0,4972.900306940079,0.10849999999999999
7.0,4973.907096385956,0.10849999999999999
7.0,4974.918815135956,0.10849999999999999
7.0,4975.925507307053,0.10849999999999999
7.0,4976.932296514511,0.10419999999999999
7.0,4977.9390387535095,0.10419999999999999
7.0,4978.945569515228,0.10419999999999999
7.0,4979.9522705078125,0.10419999999999999
7.0,4980.9588758945465,0.10509999999999999
7.0,4981.965541601181,0.10509999999999999
7.0,4982.972279310226,0.10509999999999999
7.0,4983.979006767273,0.10509999999999999
7.0,4985.986735343933,0.10509999999999999
7.0,4986.998603820801,0.10509999999999999
7.0,4988.005163192749,0.10509999999999999
7.0,4989.011878252029,0.10509999999999999
7.0,4990.023665189743,0.10509999999999999
7.0,4991.030467033386,0.10509999999999999
7.0,4992.044626712799,0.10509999999999999
7.0,4993.05135178566,0.10509999999999999
7.0,4994.0655682086945,0.1093
7.0,4995.072215557098,0.10509999999999999
7.0,4996.07882809639,0.1093
7.0,4997.085536241531,0.1093
7.0,4998.097482919693,0.1093
7.0,4999.104350090027,0.1093
7.0,5000.116078853607,0.10509999999999999
7.0,5001.122665405273,0.10509999999999999
7.0,5002.137599229813,0.10509999999999999
7.0,5003.153653860092,0.1017
7.0,5004.165554761887,0.1017
7.0,5006.17341542244,0.1017
7.0,5007.180111169815,0.1059
7.0,5008.18155670166,0.1059
7.0,5009.1882882118225,0.1059
7.0,5010.19501543045,0.1059
7.0,5011.201411962509,0.1059
7.0,5012.211156606674,0.1059
7.0,5013.228175878525,0.1059
7.0,5014.248220205307,0.1059
7.0,5015.251150608063,0.1059
7.0,5016.264924287796,0.1059
7.0,5017.2744953632355,0.1059
7.0,5018.282987117767,0.1059
7.0,5019.2863240242,0.1059
7.0,5020.288053274155,0.1059
7.0,5021.290017604828,0.11019999999999999
7.0,5022.294450521469,0.11019999999999999
7.0,5023.2961485385895,0.11019999999999999
7.0,5024.298624992371,0.11019999999999999
7.0,5026.326694726944,0.1059
7.0,5027.329734325409,0.1059
7.0,5028.33250617981,0.1059
7.0,5029.3356211185455,0.1059
7.0,5030.351880073547,0.1059
7.0,5031.357708454132,0.1059
7.0,5032.370517730713,0.1059
7.0,5033.374202489853,0.1059
7.0,5034.37726855278,0.1059
7.0,5035.3792107105255,0.1059
7.0,5036.381428718567,0.1059
7.0,5037.391518115997,0.1059
7.0,5038.400681257248,0.1025
7.0,5039.410942316055,0.1025
7.0,5040.421733617783,0.1025
7.0,5041.433640241623,0.10679999999999999
7.0,5042.440176963806,0.10679999999999999
7.0,5043.446810245514,0.10679999999999999
7.0,5044.448355436325,0.10679999999999999
7.0,5046.46112537384,0.10679999999999999
7.0,5047.4677476882935,0.10679999999999999
7.0,5048.478529930115,0.10679999999999999
7.0,5049.489575624466,0.10679999999999999
7.0,5050.504217624664,0.11099999999999999
7.0,5051.510944843292,0.11099999999999999
7.0,5052.517540216446,0.10679999999999999
7.0,5053.524188280106,0.11099999999999999
7.0,5054.530151844025,0.11099999999999999
7.0,5055.536221981049,0.11099999999999999
7.0,5056.548005819321,0.11099999999999999
7.0,5057.554672002792,0.11099999999999999
7.0,5058.561404705048,0.11099999999999999
7.0,5059.568264245987,0.11099999999999999
7.0,5060.5800359249115,0.10679999999999999
7.0,5061.586768627167,0.10679999999999999
7.0,5062.593469142914,0.10679999999999999
7.0,5063.594279527664,0.10679999999999999
7.0,5064.600395679474,0.10339999999999999
7.0,5066.608203172684,0.10339999999999999
7.0,5067.619976043701,0.10339999999999999
7.0,5068.626656770706,0.10339999999999999
7.0,5069.633438587189,0.10339999999999999
7.0,5070.640126943588,0.10339999999999999
7.0,5071.646860837936,0.10339999999999999
7.0,5072.661338567734,0.10339999999999999
7.0,5073.668128967285,0.10339999999999999
7.0,5074.684770345688,0.10339999999999999
7.0,5075.691532611847,0.10339999999999999
7.0,5076.697587251663,0.10339999999999999
7.0,5077.709319591522,0.10759999999999999
7.0,5078.723112821579,0.10759999999999999
7.0,5079.729589939117,0.10759999999999999
7.0,5080.741507291794,0.10759999999999999
7.0,5081.748237133026,0.10759999999999999
7.0,5082.760155916214,0.10759999999999999
7.0,5083.76694726944,0.11189999999999999
7.0,5084.7827208042145,0.11189999999999999
7.0,5086.790627717972,0.11189999999999999
7.0,5087.796904802322,0.11189999999999999
7.0,5088.8086495399475,0.11189999999999999
7.0,5089.80957198143,0.11189999999999999
7.0,5090.820380687714,0.11189999999999999
7.0,5091.827056884766,0.11189999999999999
7.0,5092.833580255508,0.11189999999999999
7.0,5093.840355157852,0.11189999999999999
7.0,5094.85213303566,0.11189999999999999
7.0,5095.863847732544,0.11189999999999999
7.0,5096.869564533234,0.11189999999999999
7.0,5097.876208305359,0.11189999999999999
7.0,5098.882847547531,0.11189999999999999
7.0,5099.889573335648,0.10759999999999999
7.0,5100.896353006363,0.10759999999999999
7.0,5101.902768373489,0.10759999999999999
7.0,5102.9094824790955,0.10759999999999999
7.0,5103.915244817734,0.10759999999999999
7.0,5104.926961660385,0.10419999999999999
7.0,5106.9346396923065,0.10419999999999999
7.0,5107.94139289856,0.10419999999999999
7.0,5108.953072071075,0.10419999999999999
7.0,5109.959731578827,0.10849999999999999
7.0,5110.971515893936,0.10419999999999999
7.0,5111.977548837662,0.10849999999999999
7.0,5112.989258289337,0.10849999999999999
7.0,5113.9908220767975,0.10849999999999999
7.0,5114.997591972351,0.10849999999999999
7.0,5116.009383678436,0.10849999999999999
7.0,5117.016084432602,0.10849999999999999
7.0,5118.0228633880615,0.10849999999999999
7.0,5119.029569387436,0.10849999999999999
7.0,5120.03116440773,0.10849999999999999
7.0,5121.037620544434,0.10849999999999999
7.0,5122.0444576740265,0.10849999999999999
7.0,5123.0562880039215,0.10849999999999999
7.0,5124.063139438629,0.1127
7.0,5125.0749168396,0.1127
7.0,5127.082652807236,0.1127
7.0,5128.089415073395,0.1129
7.0,5129.096193790436,0.1127
7.0,5130.102855205536,0.1127
7.0,5131.114598989487,0.1129
7.0,5132.125537633896,0.1129
7.0,5133.132342338562,0.1127
7.0,5134.147191286087,0.1127
7.0,5135.162029027939,0.1127
7.0,5136.176625490189,0.1129
7.0,5137.190793991089,0.1127
7.0,5138.205563783646,0.1129
7.0,5139.217381954193,0.1127
7.0,5140.224054098129,0.1127
7.0,5141.230667829514,0.10849999999999999
7.0,5142.232172966003,0.10849999999999999
7.0,5143.238849878311,0.10849999999999999
7.0,5144.2506148815155,0.10849999999999999
7.0,5145.257429122925,0.10849999999999999
7.0,5147.265407085419,0.10849999999999999
7.0,5148.267146587372,0.10849999999999999
7.0,5149.282067298889,0.10509999999999999
7.0,5150.293524980545,0.10849999999999999
7.0,5151.308472394943,0.10849999999999999
7.0,5152.3095808029175,0.10849999999999999
7.0,5153.311151266098,0.10509999999999999
7.0,5154.312295436859,0.10849999999999999
7.0,5155.318917751312,0.10849999999999999
7.0,5156.32567358017,0.10849999999999999
7.0,5157.337303161621,0.10849999999999999
7.0,5158.34901881218,0.10509999999999999
7.0,5159.350558042526,0.1093
7.0,5160.357282876968,0.1093
7.0,5161.363960027695,0.1093
7.0,5162.3655569553375,0.1093
7.0,5163.372274160385,0.1093
7.0,5164.383992910385,0.1093
7.0,5165.39089512825,0.1093
7.0,5167.3987555503845,0.1093
7.0,5168.405606269836,0.1093
7.0,5169.411951780319,0.1093
7.0,5170.4237649440765,0.1093
7.0,5171.430456876755,0.1093
7.0,5172.441529273987,0.1093
7.0,5173.453399181366,0.1093
7.0,5174.460071563721,0.1093
7.0,5175.466731071472,0.1093
7.0,5176.477642536163,0.1093
7.0,5177.484406232834,0.1093
7.0,5178.491220474243,0.11359999999999999
7.0,5179.503037691116,0.1137
7.0,5180.509627580643,0.1137
7.0,5181.516264200211,0.11359999999999999
7.0,5182.527986764908,0.11359999999999999
7.0,5183.534645557404,0.11359999999999999
7.0,5184.544391155243,0.1137
7.0,5185.551139593124,0.1137
7.0,5187.56400346756,0.1093
7.0,5188.570680379868,0.1093
7.0,5189.5774710178375,0.1093
7.0,5190.5843596458435,0.1093
7.0,5191.596139192581,0.1093
7.0,5192.597554683685,0.1093
7.0,5193.604179143906,0.1093
7.0,5194.615919828415,0.1093
7.0,5195.617564201355,0.1093
7.0,5196.629375696182,0.1093
7.0,5197.6361129283905,0.1093
7.0,5198.642826795578,0.1093
7.0,5199.649561166763,0.1093
7.0,5200.661325216293,0.1093
7.0,5201.668039560318,0.1093
7.0,5202.674601793289,0.1059
7.0,5203.681412696838,0.1093
7.0,5204.6932027339935,0.1059
7.0,5205.705041646957,0.1059
7.0,5207.712857723236,0.11019999999999999
7.0,5208.72461605072,0.11019999999999999
7.0,5209.731317520142,0.11019999999999999
7.0,5210.737597703934,0.11019999999999999
7.0,5211.749433517456,0.11019999999999999
7.0,5212.751043796539,0.11019999999999999
7.0,5213.762786865234,0.11019999999999999
7.0,5214.76953291893,0.11019999999999999
7.0,5215.776204586029,0.11019999999999999
7.0,5216.782801151276,0.11019999999999999
7.0,5217.789566278458,0.11019999999999999
7.0,5218.801353931427,0.11019999999999999
7.0,5219.807996273041,0.11019999999999999
7.0,5220.81458568573,0.11019999999999999
7.0,5221.820954799652,0.11019999999999999
7.0,5222.827664375305,0.11019999999999999
7.0,5223.83939242363,0.11019999999999999
7.0,5224.853299379349,0.11019999999999999
7.0,5225.865294933319,0.11019999999999999
7.0,5227.873072862625,0.1146
7.0,5228.884998559952,0.1146
7.0,5229.896906614304,0.1146
7.0,5230.903517484665,0.1146
7.0,5231.909565448761,0.1146
7.0,5232.921383142471,0.1146
7.0,5233.933074474335,0.1146
7.0,5234.944824695587,0.1146
7.0,5235.95893740654,0.1146
7.0,5236.9731476306915,0.1146
7.0,5237.987156391144,0.1146
7.0,5238.998854875565,0.1146
7.0,5240.013616323471,0.1146
7.0,5241.020393610001,0.1146
7.0,5242.071428775787,0.1146
7.0,5243.085738658905,0.11019999999999999
7.0,5244.090633392334,0.1146
7.0,5245.100907802582,0.11019999999999999
7.0,5246.104663610458,0.11019999999999999
7.0,5248.106985569,0.11019999999999999
7.0,5249.109975337982,0.11019999999999999
7.0,5250.113755941391,0.11019999999999999
7.0,5251.1153774261475,0.11019999999999999
7.0,5252.125571489334,0.11019999999999999
7.0,5253.144301176071,0.11019999999999999
7.0,5254.153830528259,0.11019999999999999
7.0,5255.163805007935,0.11019999999999999
7.0,5256.168215751648,0.11019999999999999
7.0,5257.171329498291,0.10679999999999999
7.0,5258.182692050934,0.11019999999999999
7.0,5259.185255050659,0.11019999999999999
7.0,5260.188481092453,0.11019999999999999
7.0,5261.189777851105,0.11019999999999999
7.0,5262.197724342346,0.10679999999999999
7.0,5263.20054602623,0.10679999999999999
7.0,5264.207102537155,0.10679999999999999
7.0,5265.2134647369385,0.10679999999999999
7.0,5266.220054388046,0.11099999999999999
7.0,5268.227630853653,0.11099999999999999
7.0,5269.237544536591,0.11099999999999999
7.0,5270.244243383408,0.11099999999999999
7.0,5271.250767946243,0.11099999999999999
7.0,5272.252383947372,0.11099999999999999
7.0,5273.259103298187,0.11099999999999999
7.0,5274.2655436992645,0.11099999999999999
7.0,5275.280987977982,0.11099999999999999
7.0,5276.281589746475,0.11099999999999999
7.0,5277.2882878780365,0.11099999999999999
7.0,5278.294914484024,0.11099999999999999
7.0,5279.3016629219055,0.11099999999999999
7.0,5280.308352231979,0.11099999999999999
7.0,5281.309557437897,0.11099999999999999
7.0,5282.311077594757,0.11099999999999999
7.0,5283.317553758621,0.11099999999999999
7.0,5284.324423551559,0.11099999999999999
7.0,5285.325560808182,0.1112
7.0,5286.332444906235,0.11099999999999999
7.0,5288.345407009125,0.1153
7.0,5289.351922750473,0.11099999999999999
7.0,5290.363709926605,0.11099999999999999
7.0,5291.365438938141,0.1153
7.0,5292.372108459473,0.11099999999999999
7.0,5293.383756875992,0.1153
7.0,5294.394860982895,0.11099999999999999
7.0,5295.406582832336,0.11539999999999999
7.0,5296.413339853287,0.11099999999999999
7.0,5297.419903039932,0.1153
7.0,5298.4317445755005,0.11539999999999999
7.0,5299.437561273575,0.11099999999999999
7.0,5300.444208145142,0.11539999999999999
7.0,5301.450901269913,0.11539999999999999
7.0,5302.457565069199,0.11539999999999999
7.0,5303.4642786979675,0.1153
7.0,5304.474894285202,0.11539999999999999
7.0,5305.486579179764,0.11539999999999999
7.0,5306.493394613266,0.1153
7.0,5308.501210927963,0.1153
7.0,5309.5131142139435,0.11539999999999999
7.0,5310.527114868164,0.1153
7.0,5311.533579349518,0.11539999999999999
7.0,5312.548638820648,0.11539999999999999
7.0,5313.560498952866,0.11539999999999999
7.0,5314.577039480209,0.11539999999999999
7.0,5315.592027902603,0.11099999999999999
7.0,5316.598676681519,0.11539999999999999
7.0,5317.605388402939,0.11539999999999999
7.0,5318.619662761688,0.11539999999999999
7.0,5319.625409603119,0.11539999999999999
7.0,5320.635427951813,0.11099999999999999
7.0,5321.64156794548,0.11099999999999999
7.0,5322.648336648941,0.11099999999999999
7.0,5323.660276651382,0.11099999999999999
7.0,5324.671317577362,0.1112
7.0,5325.683062553406,0.11099999999999999
7.0,5326.697590589523,0.11099999999999999
7.0,5328.705464363098,0.11099999999999999
7.0,5329.712330341339,0.11099999999999999
7.0,5330.721615791321,0.11099999999999999
7.0,5331.7284462451935,0.11099999999999999
7.0,5332.7352504730225,0.11099999999999999
7.0,5333.741552114487,0.11099999999999999
7.0,5334.748217582703,0.11099999999999999
7.0,5335.755019903183,0.11099999999999999
7.0,5336.761560678482,0.11099999999999999
7.0,5337.768306016922,0.11099999999999999
7.0,5338.774987220764,0.11099999999999999
7.0,5339.786709308624,0.11099999999999999
7.0,5340.797616481781,0.11099999999999999
7.0,5341.804356098175,0.11099999999999999
7.0,5342.819286346436,0.11099999999999999
7.0,5343.825551986694,0.11099999999999999
7.0,5344.832238912582,0.10759999999999999
7.0,5345.839021921158,0.10759999999999999
7.0,5346.845447540283,0.11189999999999999
7.0,5348.857561349869,0.10759999999999999
7.0,5349.859097957611,0.11189999999999999
7.0,5350.865555524826,0.11189999999999999
7.0,5351.872250080109,0.11189999999999999
7.0,5352.8788731098175,0.11189999999999999
7.0,5353.890656471252,0.11189999999999999
7.0,5354.8974578380585,0.11189999999999999
7.0,5355.904256820679,0.11189999999999999
7.0,5356.915940999985,0.11189999999999999
7.0,5357.922619342804,0.11189999999999999
7.0,5358.929442167282,0.11189999999999999
7.0,5359.936376810074,0.11189999999999999
7.0,5360.953031301498,0.11189999999999999
7.0,5361.959753990173,0.11189999999999999
7.0,5362.971519470215,0.11189999999999999
7.0,5363.985596656799,0.11189999999999999
7.0,5364.992292165756,0.11189999999999999
7.0,5365.993629455566,0.11189999999999999
7.0,5367.0002274513245,0.11189999999999999
7.0,5369.002806186676,0.11189999999999999
7.0,5370.017611980438,0.11189999999999999
7.0,5371.024404525757,0.11189999999999999
7.0,5372.031115531921,0.11189999999999999
7.0,5373.04282951355,0.11189999999999999
7.0,5374.054722070694,0.11189999999999999
7.0,5375.061511993408,0.11189999999999999
7.0,5376.068209409714,0.11189999999999999
7.0,5377.06956911087,0.11189999999999999
7.0,5378.076205253601,0.11189999999999999
7.0,5379.0878937244415,0.11189999999999999
7.0,5380.094559431076,0.11189999999999999
7.0,5381.101277351379,0.11189999999999999
7.0,5382.1079621315,0.11199999999999999
7.0,5383.122972488403,0.11199999999999999
7.0,5384.1347007751465,0.11189999999999999
7.0,5385.14959192276,0.11629999999999999
7.0,5386.155857086182,0.11629999999999999
7.0,5387.1676206588745,0.11629999999999999
7.0,5389.174620628357,0.11629999999999999
7.0,5390.181341648102,0.11629999999999999
7.0,5391.193206310272,0.11629999999999999
7.0,5392.199862003326,0.11629999999999999
7.0,5393.201429843903,0.11629999999999999
7.0,5394.213191747665,0.11629999999999999
7.0,5395.2199029922485,0.11629999999999999
7.0,5396.226620435715,0.11629999999999999
7.0,5397.237447500229,0.11629999999999999
7.0,5398.24445939064,0.11629999999999999
7.0,5399.256269693375,0.11629999999999999
7.0,5400.26301407814,0.11629999999999999
7.0,5401.269572019577,0.11629999999999999
7.0,5402.276340961456,0.11629999999999999
7.0,5403.2831881046295,0.11629999999999999
7.0,5404.289640903473,0.11629999999999999
7.0,5405.2993178367615,0.11629999999999999
7.0,5406.310959100723,0.11629999999999999
7.0,5407.312339782715,0.11629999999999999
7.0,5409.326647758484,0.11629999999999999
7.0,5410.340535402298,0.11629999999999999
7.0,5411.349543809891,0.11629999999999999
7.0,5412.356370687485,0.11629999999999999
7.0,5413.363182783127,0.11629999999999999
7.0,5414.3696031570435,0.11629999999999999
7.0,5415.385541677475,0.11629999999999999
7.0,5416.400621891022,0.11629999999999999
7.0,5417.416575193405,0.11629999999999999
7.0,5418.423361778259,0.11629999999999999
7.0,5419.429691553116,0.11629999999999999
7.0,5420.440588474274,0.11629999999999999
7.0,5421.452292203903,0.11629999999999999
7.0,5422.458909749985,0.11189999999999999
7.0,5423.465555667877,0.11189999999999999
7.0,5424.472450256348,0.11189999999999999
7.0,5425.479098320007,0.11189999999999999
7.0,5426.490852355957,0.11189999999999999
7.0,5427.505548715591,0.11189999999999999
7.0,5429.513324022293,0.11189999999999999
7.0,5430.520186424255,0.11189999999999999
7.0,5431.532155275345,0.11189999999999999
7.0,5432.538935661316,0.11189999999999999
7.0,5433.545583724976,0.11189999999999999
7.0,5434.552271366119,0.11189999999999999
7.0,5435.559079408646,0.11189999999999999
7.0,5436.565598487854,0.11189999999999999
7.0,5437.581556797028,0.11189999999999999
7.0,5438.58843255043,0.11189999999999999
7.0,5439.589642047882,0.11189999999999999
7.0,5440.591191291809,0.11189999999999999
7.0,5441.597589492798,0.11189999999999999
7.0,5442.6043219566345,0.11189999999999999
7.0,5443.616201162338,0.11189999999999999
7.0,5444.622992515564,0.11189999999999999
7.0,5445.629625558853,0.11189999999999999
7.0,5446.636511802673,0.11189999999999999
7.0,5447.687649488449,0.11189999999999999
7.0,5449.7072930336,0.11189999999999999
7.0,5450.715568304062,0.1129
7.0,5451.721298217773,0.11189999999999999
7.0,5452.724022388458,0.11189999999999999
7.0,5453.725864887238,0.10849999999999999
7.0,5454.729745388031,0.11189999999999999
7.0,5455.731668710709,0.10849999999999999
7.0,5456.733693122864,0.10849999999999999
7.0,5457.736406326294,0.11189999999999999
7.0,5458.766102552414,0.11189999999999999
7.0,5459.76960682869,0.11189999999999999
7.0,5460.788825035095,0.1129
7.0,5461.79347038269,0.10849999999999999
7.0,5462.798628330231,0.1129
7.0,5463.80270409584,0.1127
7.0,5464.80807185173,0.1127
7.0,5465.80948638916,0.1129
7.0,5466.811135530472,0.1129
7.0,5467.8140280246735,0.1129
7.0,5469.819918870926,0.1127
7.0,5470.82134270668,0.1129
7.0,5471.827977180481,0.1129
7.0,5472.829427957535,0.1129
7.0,5473.835891962051,0.1129
7.0,5474.8455312252045,0.1129
7.0,5475.852321624756,0.1127
7.0,5476.864292621613,0.1129
7.0,5477.870899200439,0.1129
7.0,5478.8826694488525,0.1127
7.0,5479.889358282089,0.1129
7.0,5480.901154994965,0.1129
7.0,5481.9129366874695,0.1129
7.0,5482.919646978378,0.1129
7.0,5483.925413131714,0.1129
7.0,5484.932136058807,0.1129
7.0,5485.9388954639435,0.1129
7.0,5486.950623750687,0.1127
7.0,5487.9615614414215,0.1129
7.0,5489.969514846802,0.1129
7.0,5490.981507539749,0.1127
7.0,5491.988285779953,0.1129
7.0,5493.0000331401825,0.1129
7.0,5494.00670170784,0.1129
7.0,5495.013386487961,0.1127
7.0,5496.027958393097,0.1129
7.0,5497.034677743912,0.1129
7.0,5498.0456001758575,0.1127
7.0,5499.052397489548,0.1129
7.0,5500.066736459732,0.1129
7.0,5501.081573963165,0.1129
7.0,5502.0966901779175,0.1129
7.0,5503.103365659714,0.1129
7.0,5504.117664813995,0.1129
7.0,5505.119285821915,0.1127
7.0,5506.125571966171,0.1129
7.0,5507.132609844208,0.1127
7.0,5508.139269590378,0.1127
7.0,5510.14647269249,0.1129
7.0,5511.153141736984,0.1127
7.0,5512.159867525101,0.1171
7.0,5513.161515951157,0.1171
7.0,5514.168288946152,0.1127
7.0,5515.183286190033,0.1171
7.0,5516.195036172867,0.1129
7.0,5517.196686267853,0.1129
7.0,5518.197559595108,0.1127
7.0,5519.204266309738,0.1127
7.0,5520.216082572937,0.1129
7.0,5521.23236989975,0.1129
7.0,5522.2335729599,0.1171
7.0,5523.235209703445,0.1127
7.0,5524.249555110931,0.1127
7.0,5525.264587640762,0.1127
7.0,5526.2763431072235,0.1171
7.0,5527.27756357193,0.1171
7.0,5528.2894122600555,0.1171
7.0,5530.292067050934,0.1171
7.0,5531.298801898956,0.1171
7.0,5532.305615186691,0.1171
7.0,5533.3123898506165,0.1171
7.0,5534.3289794921875,0.1171
7.0,5535.34086060524,0.1171
7.0,5536.352570533752,0.1171
7.0,5537.353590250015,0.1171
7.0,5538.360238313675,0.1171
7.0,5539.366978883743,0.1171
7.0,5540.37352180481,0.1171
7.0,5541.380364656448,0.1171
7.0,5542.396010160446,0.1171
7.0,5543.410984277725,0.1171
7.0,5544.417593955994,0.1171
7.0,5545.424388170242,0.1171
7.0,5546.436182975769,0.1171
7.0,5547.451554775238,0.1171
7.0,5548.463338375092,0.1171
7.0,5550.476135015488,0.1171
7.0,5551.482688188553,0.1171
7.0,5552.489375829697,0.1171
7.0,5553.501105546951,0.1171
7.0,5554.507736682892,0.1171
7.0,5555.5137231349945,0.1171
7.0,5556.52047586441,0.1171
7.0,5557.532198905945,0.1171
7.0,5558.538862943649,0.1171
7.0,5559.54554605484,0.1171
7.0,5560.557502031326,0.1171
7.0,5561.55909204483,0.1171
7.0,5562.570841789246,0.1171
7.0,5563.577708244324,0.1171
7.0,5564.592968702316,0.1171
7.0,5565.593577384949,0.1171
7.0,5566.600292682648,0.1171
7.0,5567.601547956467,0.1171
7.0,5568.608262062073,0.1171
7.0,5570.610681056976,0.1171
7.0,5571.61740398407,0.1171
7.0,5572.624095916748,0.1171
7.0,5573.63082242012,0.1171
7.0,5574.637629747391,0.1171
7.0,5575.644344329834,0.1171
7.0,5576.651022911072,0.1171
7.0,5577.65754199028,0.1171
7.0,5578.663870811462,0.1171
7.0,5579.673595428467,0.1171
7.0,5580.684253454208,0.1171
7.0,5581.695958614349,0.1171
7.0,5582.7095515728,0.1171
7.0,5583.720408201218,0.1171
7.0,5584.732182264328,0.1127
7.0,5585.733581781387,0.1171
7.0,5586.740302801132,0.1171
7.0,5587.741570234299,0.1171
7.0,5588.7482879161835,0.1171
7.0,5590.761078119278,0.1171
7.0,5591.767788171768,0.1171
7.0,5592.779522418976,0.1171
7.0,5593.7934217453,0.1171
7.0,5594.802837371826,0.1171
7.0,5595.809590101242,0.1171
7.0,5596.816323041916,0.1171
7.0,5597.829560756683,0.1171
7.0,5598.843554258347,0.1171
7.0,5599.8576028347015,0.1171
7.0,5600.8643753528595,0.1171
7.0,5601.870898723602,0.1171
7.0,5602.881219863892,0.1171
7.0,5603.894865036011,0.1129
7.0,5604.905554533005,0.1129
7.0,5605.907227516174,0.1129
7.0,5606.918944120407,0.1127
7.0,5607.925530910492,0.1129
7.0,5608.932328701019,0.1129
7.0,5610.940228462219,0.1127
7.0,5611.9468331336975,0.1129
7.0,5612.953567028046,0.1129
7.0,5613.960216760635,0.1127
7.0,5614.966836214066,0.1129
7.0,5615.973561763763,0.1127
7.0,5616.9880194664,0.1129
7.0,5617.994688272476,0.1127
7.0,5619.005590200424,0.1129
7.0,5620.017402410507,0.1129
7.0,5621.029102087021,0.1127
7.0,5622.044118404388,0.1129
7.0,5623.059390544891,0.1127
7.0,5624.0735330581665,0.1129
7.0,5625.092764377594,0.1127
7.0,5626.096354484558,0.1129
7.0,5627.121857881546,0.1127
7.0,5628.141130924225,0.1129
7.0,5629.149044752121,0.1129
7.0,5631.153953790665,0.1127
7.0,5632.156793832779,0.1129
7.0,5633.157548666,0.1127
7.0,5634.159307479858,0.1129
7.0,5635.162383556366,0.1127
7.0,5636.164769649506,0.1129
7.0,5637.1764523983,0.1129
7.0,5638.19878578186,0.1127
7.0,5639.214627504349,0.1129
7.0,5640.221993684769,0.1129
7.0,5641.229686260223,0.1127
7.0,5642.235127925873,0.1129
7.0,5643.2387952804565,0.1127
7.0,5644.2409772872925,0.1127
7.0,5645.242545843124,0.1127
7.0,5646.245921373367,0.1129
7.0,5647.247339248657,0.1129
7.0,5648.253459453583,0.1127
7.0,5649.262811660767,0.1129
7.0,5651.27344751358,0.1129
7.0,5652.284553289413,0.1129
7.0,5653.295674800873,0.1129
7.0,5654.3016974925995,0.1129
7.0,5655.303226470947,0.1129
7.0,5656.309644460678,0.1129
7.0,5657.316316366196,0.1129
7.0,5658.317613840103,0.1127
7.0,5659.33207654953,0.1129
7.0,5660.338728427887,0.1129
7.0,5661.340315103531,0.1127
7.0,5662.3520584106445,0.1127
7.0,5663.358741760254,0.1127
7.0,5664.365552186966,0.1129
7.0,5665.3723130226135,0.1127
7.0,5666.384240627289,0.1129
7.0,5667.3959929943085,0.1129
7.0,5668.407155752182,0.1127
7.0,5669.413617372513,0.1127
7.0,5671.421337842941,0.1129
7.0,5672.4303522109985,0.1129
7.0,5673.431887388229,0.1129
7.0,5674.438590288162,0.1127
7.0,5675.44958615303,0.1127
7.0,5676.451184988022,0.1129
7.0,5677.462886333466,0.1129
7.0,5678.464425086975,0.1129
7.0,5679.465569734573,0.1129
7.0,5680.472227334976,0.1129
7.0,5681.487905502319,0.1129
7.0,5682.499619722366,0.1129
7.0,5683.505679130554,0.1129
7.0,5684.517028331757,0.1129
7.0,5685.523897647858,0.1127
7.0,5686.53567481041,0.1129
7.0,5687.541536092758,0.1127
7.0,5688.555406570435,0.1127
7.0,5689.56156373024,0.1127
7.0,5691.564208745956,0.1129
7.0,5692.571131706238,0.1127
7.0,5693.5861847400665,0.1129
7.0,5694.592934131622,0.1127
7.0,5695.5997149944305,0.1129
7.0,5696.606585025787,0.1129
7.0,5697.61337351799,0.1129
7.0,5698.6202120780945,0.1127
7.0,5699.62163901329,0.1129
7.0,5700.628422021866,0.1129
7.0,5701.6295738220215,0.1127
7.0,5702.645569086075,0.1127
7.0,5703.652273416519,0.1093
7.0,5704.658233880997,0.1127
7.0,5705.664961099625,0.1129
7.0,5706.671654224396,0.1127
7.0,5707.683014392853,0.1129
7.0,5708.684581041336,0.1093
7.0,5709.697580575943,0.1093
7.0,5711.713582515717,0.1127
7.0,5712.7202389240265,0.1127
7.0,5713.731974840164,0.1093
7.0,5714.743682384491,0.1093
7.0,5715.749553203583,0.1093
7.0,5716.764102935791,0.1093
7.0,5717.7775230407715,0.1093
7.0,5718.784222841263,0.1093
7.0,5719.785557508469,0.1093
7.0,5720.787088632584,0.1093
7.0,5721.793569564819,0.1093
7.0,5722.805346727371,0.1093
7.0,5723.817094564438,0.1093
7.0,5724.828861951828,0.1129
7.0,5725.840599536896,0.1093
7.0,5726.841550827026,0.1093
7.0,5727.848310470581,0.1137
7.0,5728.854896068573,0.11359999999999999
7.0,5729.861659049988,0.11359999999999999
7.0,5731.869739532471,0.11359999999999999
7.0,5732.885583400726,0.1093
7.0,5733.8922209739685,0.11359999999999999
7.0,5734.899101257324,0.1093
7.0,5735.905589342117,0.1129
7.0,5736.912371635437,0.11359999999999999
7.0,5737.91915345192,0.1093
7.0,5738.925640821457,0.1093
7.0,5739.932471036911,0.1137
7.0,5740.946888446808,0.11359999999999999
7.0,5741.95358133316,0.11359999999999999
7.0,5742.968857526779,0.1093
7.0,5743.983214378357,0.1137
7.0,5744.998442411423,0.11359999999999999
7.0,5746.0095953941345,0.11359999999999999
7.0,5747.016406536102,0.11359999999999999
7.0,5748.02300620079,0.11359999999999999
7.0,5749.034760951996,0.11359999999999999
7.0,5750.04155755043,0.11359999999999999
7.0,5752.049487829208,0.11359999999999999
7.0,5753.061254739761,0.1137
7.0,5754.067906141281,0.11359999999999999
7.0,5755.079688072205,0.11359999999999999
7.0,5756.0856766700745,0.11359999999999999
7.0,5757.097575187683,0.11359999999999999
7.0,5758.104273080826,0.11359999999999999
7.0,5759.11611533165,0.11359999999999999
7.0,5760.122784137726,0.11359999999999999
7.0,5761.129575014114,0.11359999999999999
7.0,5762.136334657669,0.11359999999999999
7.0,5763.14745593071,0.11359999999999999
7.0,5764.153626441956,0.1137
7.0,5765.160385131836,0.11359999999999999
7.0,5766.161422967911,0.11359999999999999
7.0,5767.168152809143,0.1137
7.0,5768.179915904999,0.11359999999999999
7.0,5769.186762571335,0.1137
7.0,5770.193460702896,0.11359999999999999
7.0,5772.201462030411,0.11359999999999999
7.0,5773.213596343994,0.11359999999999999
7.0,5774.220057010651,0.11359999999999999
7.0,5775.2266726493835,0.1137
7.0,5776.233426094055,0.1137
7.0,5777.245237112045,0.11359999999999999
7.0,5778.252047777176,0.1137
7.0,5779.258715629578,0.1137
7.0,5780.2646515369415,0.11359999999999999
7.0,5781.271462440491,0.1137
7.0,5782.277543544769,0.11359999999999999
7.0,5783.28428030014,0.11359999999999999
7.0,5784.285687685013,0.1137
7.0,5785.292427539825,0.11359999999999999
7.0,5786.29905629158,0.11359999999999999
7.0,5787.30567240715,0.1137
7.0,5788.312375545502,0.11359999999999999
7.0,5789.318826913834,0.11359999999999999
7.0,5790.333150625229,0.1137
7.0,5792.348960638046,0.11359999999999999
7.0,5793.364889383316,0.1137
7.0,5794.371644258499,0.11359999999999999
7.0,5795.383409023285,0.1137
7.0,5796.395152330399,0.11359999999999999
7.0,5797.401557683945,0.1137
7.0,5798.408273458481,0.1137
7.0,5799.420030117035,0.11359999999999999
7.0,5800.431835412979,0.11359999999999999
7.0,5801.443600654602,0.11359999999999999
7.0,5802.449575185776,0.11359999999999999
7.0,5803.456313371658,0.11359999999999999
7.0,5804.463159322739,0.11359999999999999
7.0,5805.477459192276,0.11359999999999999
7.0,5806.4842166900635,0.11359999999999999
7.0,5807.4907331466675,0.1137
7.0,5808.497559309006,0.1137
7.0,5809.509436368942,0.11359999999999999
7.0,5810.525254011154,0.1137
7.0,5812.541273832321,0.11359999999999999
7.0,5813.5480172634125,0.11359999999999999
7.0,5814.559668779373,0.11359999999999999
7.0,5815.568890333176,0.1137
7.0,5816.575491666794,0.1137
7.0,5817.588701963425,0.11359999999999999
7.0,5818.595347166061,0.1137
7.0,5819.6015503406525,0.1137
7.0,5820.613313674927,0.1137
7.0,5821.626256942749,0.1137
7.0,5822.6375432014465,0.11359999999999999
7.0,5823.64937376976,0.11359999999999999
7.0,5824.656084775925,0.11359999999999999
7.0,5825.662950992584,0.1137
7.0,5826.669561862946,0.1129
7.0,5827.684938430786,0.1137
7.0,5828.6966960430145,0.1137
7.0,5829.703484296799,0.1093
7.0,5830.719514369965,0.1093
7.0,5832.72737288475,0.1129
7.0,5833.733538866043,0.1093
7.0,5834.740353107452,0.1093
7.0,5835.747105121613,0.1093
7.0,5836.774984836578,0.1093
7.0,5837.800554990768,0.1093
7.0,5838.819105863571,0.1093
7.0,5839.830394983292,0.1093
7.0,5840.832563877106,0.1093
7.0,5841.833532810211,0.1093
7.0,5842.837401151657,0.1093
7.0,5843.840412139893,0.1129
7.0,5844.843277931213,0.1129
7.0,5845.868204116821,0.1129
7.0,5846.882656574249,0.1127
7.0,5847.902447938919,0.1129
7.0,5848.907914400101,0.1129
7.0,5849.912933349609,0.1127
7.0,5850.914622545242,0.1129
7.0,5852.918887853622,0.1129
7.0,5853.921844005585,0.1127
7.0,5854.9235870838165,0.1129
7.0,5855.927347421646,0.1127
7.0,5856.928927659988,0.1129
7.0,5857.940730571747,0.1129
7.0,5858.942613363266,0.1129
7.0,5859.949249505997,0.1129
7.0,5860.958705425262,0.1129
7.0,5861.969619989395,0.1127
7.0,5862.976236581802,0.1129
7.0,5863.977551460266,0.1129
7.0,5864.98416519165,0.1129
7.0,5865.990864515305,0.1129
7.0,5866.99760389328,0.1129
7.0,5868.00438284874,0.1129
7.0,5869.011109828949,0.1127
7.0,5870.02556848526,0.1129
7.0,5871.032228946686,0.1129
7.0,5873.039892911911,0.1127
7.0,5874.046682596207,0.1129
7.0,5875.053475141525,0.1129
7.0,5876.060263633728,0.1127
7.0,5877.071976900101,0.1129
7.0,5878.083736896515,0.1127
7.0,5879.089592695236,0.1129
7.0,5880.096256017685,0.1129
7.0,5881.103099346161,0.1129
7.0,5882.109541654587,0.1129
7.0,5883.116213321686,0.1129
7.0,5884.122803688049,0.1129
7.0,5885.1295001506805,0.1129
7.0,5886.1362562179565,0.1129
7.0,5887.1479778289795,0.1129
7.0,5888.1546976566315,0.1129
7.0,5889.161419868469,0.1127
7.0,5890.168242931366,0.1129
7.0,5891.174942493439,0.1129
7.0,5893.177570343018,0.1129
7.0,5894.184344291687,0.1129
7.0,5895.197552919388,0.1129
7.0,5896.212279081345,0.1127
7.0,5897.2215740680695,0.1129
7.0,5898.235776185989,0.1127
7.0,5899.247477531433,0.1127
7.0,5900.261611223221,0.1129
7.0,5901.2755534648895,0.1129
7.0,5902.287375688553,0.1129
7.0,5903.2991399765015,0.1129
7.0,5904.305587530136,0.1127
7.0,5905.312378883362,0.1129
7.0,5906.313585281372,0.1127
7.0,5907.320335626602,0.1129
7.0,5908.331944465637,0.1129
7.0,5909.33859872818,0.1129
7.0,5910.353650569916,0.1129
7.0,5911.365497112274,0.1129
7.0,5913.3733587265015,0.1127
7.0,5914.380059957504,0.1129
7.0,5915.3866674900055,0.1127
7.0,5916.397561311722,0.1129
7.0,5917.411795139313,0.1129
7.0,5918.423753023148,0.1129
7.0,5919.435585737228,0.1129
7.0,5920.450884103775,0.1129
7.0,5921.457623720169,0.1129
7.0,5922.464290142059,0.1127
7.0,5923.475308895111,0.1129
7.0,5924.487030267715,0.1129
7.0,5925.4935567379,0.1129
7.0,5926.505326271057,0.1129
7.0,5927.517139911652,0.1129
7.0,5928.523881673813,0.1129
7.0,5929.538635015488,0.1129
7.0,5930.545463323593,0.1129
7.0,5931.552260875702,0.1129
7.0,5933.56010055542,0.1129
7.0,5934.566847324371,0.1129
7.0,5935.573619127274,0.1129
7.0,5936.588806152344,0.1129
7.0,5937.595493078232,0.1129
7.0,5938.5970203876495,0.1129
7.0,5939.603720188141,0.1129
7.0,5940.609620094299,0.1129
7.0,5941.616426229477,0.1129
7.0,5942.628202199936,0.1129
7.0,5943.634989023209,0.1129
7.0,5944.641726732254,0.1127
7.0,5945.648547410965,0.1129
7.0,5946.655292510986,0.1129
7.0,5947.661552906036,0.1127
7.0,5948.668351173401,0.1129
7.0,5949.669556617737,0.1129
7.0,5950.676273345947,0.1129
7.0,5951.682998180389,0.1129
7.0,5953.690661907196,0.1129
7.0,5954.702554225922,0.1129
7.0,5955.713571310043,0.1129
7.0,5956.715167760849,0.1127
7.0,5957.72155380249,0.1129
7.0,5958.728328466415,0.1129
7.0,5959.735070228577,0.1129
7.0,5960.7415635585785,0.1129
7.0,5961.755822181702,0.1129
7.0,5962.7676792144775,0.1127
7.0,5963.773538827896,0.1127
7.0,5964.789087295532,0.1129
7.0,5965.804086923599,0.1129
7.0,5966.818803548813,0.1129
7.0,5967.8254272937775,0.1129
7.0,5968.83159995079,0.1127
7.0,5969.837527275085,0.1129
7.0,5970.84423327446,0.1129
7.0,5971.850850582123,0.1129
7.0,5973.8586983680725,0.1129
7.0,5974.865464448929,0.1127
7.0,5975.872200489044,0.1129
7.0,5976.883895397186,0.1129
7.0,5977.889726161957,0.1129
7.0,5978.896440505981,0.1129
7.0,5979.9032871723175,0.1129
7.0,5980.909573793411,0.1129
7.0,5981.916296720505,0.1129
7.0,5982.928353309631,0.1129
7.0,5983.935047626495,0.1127
7.0,5984.941573858261,0.1129
7.0,5985.953361988068,0.1129
7.0,5986.965099334717,0.1129
7.0,5987.976827383041,0.1129
7.0,5988.983571529388,0.1127
7.0,5989.989563465118,0.1127
7.0,5990.996300935745,0.1129
7.0,5992.003054380417,0.1127
7.0,5994.010656118393,0.1127
7.0,5995.021561861038,0.1129
7.0,5996.028453588486,0.1129
7.0,5997.039573192596,0.1127
7.0,5998.045622348785,0.1129
7.0,5999.057549953461,0.1129
7.0,6000.064302206039,0.1127
7.0,6001.0760316848755,0.1129
7.0,6002.0827169418335,0.1129
7.0,6003.088653564453,0.1129
7.0,6004.095502376556,0.1127
7.0,6005.101565122604,0.1129
7.0,6006.113479614258,0.1127
7.0,6007.120178461075,0.1171
7.0,6008.126842737198,0.1127
7.0,6009.133560419083,0.1129
7.0,6010.1403641700745,0.1129
7.0,6011.146990299225,0.1129
7.0,6012.153551578522,0.1129
7.0,6014.161481142044,0.1129
7.0,6015.176692724228,0.1129
7.0,6016.191344499588,0.1129
7.0,6017.1975774765015,0.1171
7.0,6018.199109077454,0.1171
7.0,6019.209398031235,0.1129
7.0,6020.215567350388,0.1171
7.0,6021.221572637558,0.1129
7.0,6022.235376834869,0.1171
7.0,6023.2415726184845,0.1127
7.0,6024.248503684998,0.1129
7.0,6025.255160331726,0.1171
7.0,6026.266953229904,0.1127
7.0,6027.281669616699,0.1129
7.0,6028.296969413757,0.1129
7.0,6029.303725004196,0.1129
7.0,6030.317548274994,0.1093
7.0,6031.324274778366,0.1171
7.0,6032.325705289841,0.10849999999999999
7.0,6034.338596343994,0.1129
7.0,6035.345354557037,0.1171
7.0,6036.352181434631,0.1171
7.0,6037.367437124252,0.1129
7.0,6038.379152059555,0.1171
7.0,6039.390828847885,0.1171
7.0,6040.40270113945,0.1171
7.0,6041.413599491119,0.1171
7.0,6042.420287370682,0.1171
7.0,6043.432105541229,0.1171
7.0,6044.438810586929,0.1171
7.0,6045.445458650589,0.1171
7.0,6046.457590103149,0.1171
7.0,6047.472055912018,0.1171
7.0,6048.481596708298,0.1171
7.0,6049.493288040161,0.1171
7.0,6050.504987478256,0.1171
7.0,6051.505534172058,0.1171
7.0,6052.515273571014,0.1171
7.0,6054.530611515045,0.1171
7.0,6055.537661314011,0.1171
7.0,6056.549593925476,0.1171
7.0,6057.556311130524,0.1171
7.0,6058.5629942417145,0.1171
7.0,6059.569667100906,0.1171
7.0,6060.584267616272,0.1171
7.0,6061.590870380402,0.1171
7.0,6062.597582578659,0.1171
7.0,6063.604514360428,0.1171
7.0,6064.619452238083,0.1171
7.0,6065.631215810776,0.1171
7.0,6066.637660503387,0.1171
7.0,6067.649615287781,0.1171
7.0,6068.656308174133,0.1129
7.0,6069.663058042526,0.1129
7.0,6070.669609546661,0.1129
7.0,6071.684968709946,0.1129
7.0,6072.697100877762,0.1129
7.0,6074.70485162735,0.1129
7.0,6075.728656053543,0.1129
7.0,6076.748438119888,0.1129
7.0,6077.75186920166,0.1129
7.0,6078.757660627365,0.1129
7.0,6079.773496866226,0.1129
7.0,6080.785007953644,0.1129
7.0,6081.787420511246,0.1129
7.0,6082.789475440979,0.1129
7.0,6083.792125940323,0.1129
7.0,6084.795700550079,0.1129
7.0,6085.799038648605,0.1129
7.0,6086.808931112289,0.1129
7.0,6087.812794923782,0.1129
7.0,6088.832991361618,0.1129
7.0,6089.834970474243,0.1129
7.0,6090.841004610062,0.1129
7.0,6091.851513624191,0.1129
7.0,6092.884338617325,0.1129
7.0,6094.886496782303,0.1129
7.0,6095.895636320114,0.11189999999999999
7.0,6096.905196905136,0.11189999999999999
7.0,6097.915973901749,0.11189999999999999
7.0,6098.928280591965,0.1129
7.0,6099.935063123703,0.11199999999999999
7.0,6100.946776866913,0.10849999999999999
7.0,6101.957673549652,0.11189999999999999
7.0,6102.969434976578,0.11189999999999999
7.0,6103.9761962890625,0.11189999999999999
7.0,6104.977620840073,0.11189999999999999
7.0,6105.9843056201935,0.11189999999999999
7.0,6106.98557639122,0.11189999999999999
7.0,6107.987130403519,0.11189999999999999
7.0,6108.988687038422,0.11189999999999999
7.0,6109.989541053772,0.11189999999999999
7.0,6111.001440048218,0.11189999999999999
7.0,6112.0030019283295,0.11189999999999999
7.0,6113.009544610977,0.11189999999999999
7.0,6115.016729831696,0.11189999999999999
7.0,6116.028469800949,0.11189999999999999
7.0,6117.044506788254,0.11189999999999999
7.0,6118.05933713913,0.11189999999999999
7.0,6119.073537349701,0.11189999999999999
7.0,6120.088972091675,0.11189999999999999
7.0,6121.100759267807,0.11189999999999999
7.0,6122.101629018784,0.11189999999999999
7.0,6123.114792585373,0.11189999999999999
7.0,6124.121621847153,0.11189999999999999
7.0,6125.123187541962,0.11199999999999999
7.0,6126.124690532684,0.11189999999999999
7.0,6127.136633634567,0.11189999999999999
7.0,6128.14873623848,0.11199999999999999
7.0,6129.1605541706085,0.11189999999999999
7.0,6130.161540746689,0.11189999999999999
7.0,6131.1683213710785,0.11189999999999999
7.0,6132.17506814003,0.11189999999999999
7.0,6133.181574821472,0.11189999999999999
7.0,6135.184202194214,0.11199999999999999
7.0,6136.190980195999,0.11199999999999999
7.0,6137.197558641434,0.11189999999999999
7.0,6138.20408987999,0.11199999999999999
7.0,6139.205544948578,0.11189999999999999
7.0,6140.217303752899,0.11189999999999999
7.0,6141.224055767059,0.11189999999999999
7.0,6142.2307913303375,0.11189999999999999
7.0,6143.237585783005,0.11189999999999999
7.0,6144.244346857071,0.11199999999999999
7.0,6145.25103020668,0.11189999999999999
7.0,6146.262768268585,0.11629999999999999
7.0,6147.277054786682,0.11629999999999999
7.0,6148.287556648254,0.11629999999999999
7.0,6149.289097070694,0.11629999999999999
7.0,6150.300849676132,0.11629999999999999
7.0,6151.301556348801,0.11629999999999999
7.0,6152.303089857101,0.11629999999999999
7.0,6153.318676948547,0.11629999999999999
7.0,6155.334636926651,0.11629999999999999
7.0,6156.345578193665,0.11629999999999999
7.0,6157.360501766205,0.11629999999999999
7.0,6158.372241735458,0.11629999999999999
7.0,6159.378908634186,0.11629999999999999
7.0,6160.389813899994,0.11629999999999999
7.0,6161.396486997604,0.11629999999999999
7.0,6162.397553443909,0.11629999999999999
7.0,6163.404234170914,0.11629999999999999
7.0,6164.419151306152,0.11629999999999999
7.0,6165.425614356995,0.11629999999999999
7.0,6166.437351942062,0.11629999999999999
7.0,6167.444084644318,0.11629999999999999
7.0,6168.4558801651,0.11629999999999999
7.0,6169.462566375732,0.11629999999999999
7.0,6170.469391107559,0.11629999999999999
7.0,6171.476189374924,0.11629999999999999
7.0,6172.482793569565,0.11629999999999999
7.0,6173.489650964737,0.11629999999999999
7.0,6175.50160741806,0.11629999999999999
7.0,6176.502353668213,0.11629999999999999
7.0,6177.509252309799,0.11629999999999999
7.0,6178.521224021912,0.11629999999999999
7.0,6179.522813796997,0.11629999999999999
7.0,6180.529666423798,0.11629999999999999
7.0,6181.53621673584,0.11629999999999999
7.0,6182.551456928253,0.11629999999999999
7.0,6183.557553768158,0.11629999999999999
7.0,6184.559126615524,0.11629999999999999
7.0,6185.565555810928,0.11629999999999999
7.0,6186.57227897644,0.11629999999999999
7.0,6187.5839874744415,0.11629999999999999
7.0,6188.5907237529755,0.11629999999999999
7.0,6189.5975732803345,0.11629999999999999
7.0,6190.604331493378,0.11629999999999999
7.0,6191.61101102829,0.11629999999999999
7.0,6192.62277841568,0.11629999999999999
7.0,6193.633542776108,0.11629999999999999
7.0,6195.645560741425,0.11629999999999999
7.0,6196.652194023132,0.11629999999999999
7.0,6197.659043073654,0.11629999999999999
7.0,6198.6708261966705,0.11629999999999999
7.0,6199.682635068893,0.11629999999999999
7.0,6200.693549871445,0.11629999999999999
7.0,6201.700366258621,0.11629999999999999
7.0,6202.707031726837,0.11629999999999999
7.0,6203.713618278503,0.11629999999999999
7.0,6204.720381975174,0.11629999999999999
7.0,6205.727126598358,0.11629999999999999
7.0,6206.738877296448,0.11629999999999999
7.0,6207.745551586151,0.11629999999999999
7.0,6208.757317066193,0.11629999999999999
7.0,6209.76907324791,0.11629999999999999
7.0,6210.775938749313,0.11629999999999999
7.0,6211.782598495483,0.11629999999999999
7.0,6212.789279699326,0.11629999999999999
7.0,6213.795961380005,0.11629999999999999
7.0,6215.809558391571,0.11629999999999999
7.0,6216.816318273544,0.11629999999999999
7.0,6217.82267832756,0.11629999999999999
7.0,6218.8294270038605,0.11629999999999999
7.0,6219.836277484894,0.11629999999999999
7.0,6220.848095417023,0.11629999999999999
7.0,6221.855044603348,0.11629999999999999
7.0,6222.8615889549255,0.11629999999999999
7.0,6223.868389129639,0.11629999999999999
7.0,6224.880221605301,0.11629999999999999
7.0,6225.893533706665,0.11629999999999999
7.0,6226.908096790314,0.11629999999999999
7.0,6227.920031785965,0.11629999999999999
7.0,6228.926707029343,0.11629999999999999
7.0,6229.950544834137,0.11629999999999999
7.0,6230.972043275833,0.11629999999999999
7.0,6231.97447013855,0.11629999999999999
7.0,6232.979211807251,0.11629999999999999
7.0,6233.994948148727,0.11189999999999999
7.0,6236.010625362396,0.11629999999999999
7.0,6237.013165950775,0.11629999999999999
7.0,6238.01696228981,0.11629999999999999
7.0,6239.0183572769165,0.11629999999999999
7.0,6240.020745515823,0.11629999999999999
7.0,6241.021692276001,0.11629999999999999
7.0,6242.024570465088,0.11629999999999999
7.0,6243.026257991791,0.11629999999999999
5.0,6244.032728672028,0.11629999999999999
5.0,6245.0334186553955,0.11629999999999999
5.0,6246.039919376373,0.11189999999999999
5.0,6247.0585334300995,0.11189999999999999
5.0,6248.060322523117,0.11629999999999999
5.0,6249.067061185837,0.11189999999999999
5.0,6250.073538541794,0.11189999999999999
5.0,6251.080192804337,0.11189999999999999
5.0,6252.086853504181,0.1112
5.0,6253.0935525894165,0.11539999999999999
5.0,6254.100380182266,0.10679999999999999
5.0,6256.1082582473755,0.1146
5.0,6257.114864587784,0.11019999999999999
5.0,6258.1215736866,0.11019999999999999
5.0,6259.128308534622,0.11019999999999999
5.0,6260.135034322739,0.11019999999999999
5.0,6261.141611099243,0.11019999999999999
5.0,6262.143158197403,0.11019999999999999
5.0,6263.1496369838715,0.11019999999999999
5.0,6264.156430006027,0.11019999999999999
5.0,6265.170547008514,0.11019999999999999
5.0,6266.185575246811,0.11019999999999999
5.0,6267.192314147949,0.1137
5.0,6268.199038267136,0.1093
5.0,6269.210721254349,0.10849999999999999
5.0,6270.217445135117,0.1129
5.0,6271.229123592377,0.10419999999999999
5.0,6272.235851049423,0.11189999999999999
5.0,6273.23746919632,0.10759999999999999
5.0,6274.244042634964,0.10679999999999999
5.0,6276.251673936844,0.10679999999999999
5.0,6277.26137137413,0.10679999999999999
5.0,6278.268057823181,0.10679999999999999
5.0,6279.283480644226,0.10679999999999999
5.0,6280.297645568848,0.10679999999999999
5.0,6281.309555530548,0.10679999999999999
5.0,6282.315802812576,0.1025
5.0,6283.327495098114,0.1025
5.0,6284.333527326584,0.1025
5.0,6285.345225095749,0.1025
5.0,6286.346761465073,0.1025
5.0,6287.34850525856,0.11019999999999999
5.0,6288.355148553848,0.1059
5.0,6289.356694459915,0.10509999999999999
5.0,6290.3575963974,0.1093
5.0,6291.36442399025,0.1008
5.0,6292.3761620521545,0.10849999999999999
5.0,6293.391809463501,0.10419999999999999
5.0,6294.398588418961,0.10339999999999999
5.0,6296.405601263046,0.10759999999999999
5.0,6297.412296295166,0.10339999999999999
5.0,6298.419087171555,0.10339999999999999
5.0,6299.425547122955,0.10339999999999999
5.0,6300.432307958603,0.10339999999999999
5.0,6301.43893456459,0.10339999999999999
5.0,6302.4506096839905,0.10339999999999999
5.0,6303.457319498062,0.10339999999999999
5.0,6304.464069843292,0.10339999999999999
5.0,6305.470786809921,0.10339999999999999
5.0,6306.482644081116,0.10339999999999999
5.0,6307.493607521057,0.1025
5.0,6308.507699251175,0.1025
5.0,6309.513651847839,0.0983
5.0,6310.525401353836,0.1017
5.0,6311.5322024822235,0.1017
5.0,6312.533560037613,0.09739999999999999
5.0,6313.5403175354,0.10509999999999999
5.0,6314.546965122223,0.1008
5.0,6316.554647684097,0.09659999999999999
5.0,6317.561562299728,0.09999999999999999
5.0,6318.568310976028,0.09999999999999999
5.0,6319.583810329437,0.09999999999999999
5.0,6320.599702358246,0.09999999999999999
5.0,6321.605555772781,0.09999999999999999
5.0,6322.617434978485,0.09999999999999999
5.0,6323.629101037979,0.09999999999999999
5.0,6324.635872840881,0.09999999999999999
5.0,6325.647579431534,0.09999999999999999
5.0,6326.653589010239,0.09999999999999999
5.0,6327.6602284908295,0.09999999999999999
5.0,6328.666971921921,0.0957
5.0,6329.673570632935,0.0991
5.0,6330.685220956802,0.0991
5.0,6331.691974878311,0.09489999999999998
5.0,6332.698678970337,0.0983
5.0,6333.705454349518,0.0983
5.0,6334.7070145606995,0.0983
5.0,6336.71923995018,0.09739999999999999
5.0,6337.730965852737,0.1017
5.0,6338.747287988663,0.1017
5.0,6339.759024381638,0.1017
5.0,6340.770743131638,0.1017
5.0,6341.777451992035,0.1017
5.0,6342.784147977829,0.1017
5.0,6343.798686504364,0.1017
5.0,6344.805451869965,0.1017
5.0,6345.812179803848,0.1017
5.0,6346.8187828063965,0.09739999999999999
5.0,6347.833318710327,0.09739999999999999
5.0,6348.849591255188,0.09659999999999999
5.0,6349.856303215027,0.1008
5.0,6350.867997407913,0.09659999999999999
5.0,6351.874675273895,0.09209999999999999
5.0,6352.881463527679,0.0957
5.0,6353.888278961182,0.0957
5.0,6354.899566650391,0.09559999999999999
5.0,6356.912395477295,0.09129999999999999
5.0,6357.919118642807,0.09489999999999998
5.0,6358.930980205536,0.09489999999999998
5.0,6359.937587022781,0.09489999999999998
5.0,6360.980149507523,0.09489999999999998
5.0,6361.983820199966,0.09489999999999998
5.0,6362.994216680527,0.09489999999999998
5.0,6364.003428936005,0.09489999999999998
5.0,6365.033944368362,0.0991
5.0,6366.035794019699,0.0991
5.0,6367.04144692421,0.0991
5.0,6368.048099517822,0.09489999999999998
5.0,6369.057594537735,0.09489999999999998
5.0,6370.064373016357,0.09389999999999998
5.0,6371.071128129959,0.0983
5.0,6372.077679872513,0.09399999999999999
5.0,6373.084418058395,0.0896
5.0,6374.090921640396,0.09319999999999999
5.0,6375.097534894943,0.09739999999999999
5.0,6377.105366706848,0.09319999999999999
5.0,6378.1121208667755,0.09319999999999999
5.0,6379.113557100296,0.0887
5.0,6380.1151378154755,0.0887
5.0,6381.121650218964,0.0887
5.0,6382.12836432457,0.0887
5.0,6383.1351137161255,0.0887
5.0,6384.141522407532,0.0887
5.0,6385.148198127747,0.0887
5.0,6386.14958190918,0.0887
5.0,6387.156385421753,0.0887
5.0,6388.15755033493,0.09209999999999999
5.0,6389.164113283157,0.09659999999999999
5.0,6390.178871870041,0.09209999999999999
5.0,6391.1935958862305,0.09129999999999999
5.0,6392.205384254456,0.09129999999999999
5.0,6393.220943450928,0.0957
5.0,6394.221709728241,0.09129999999999999
5.0,6395.228405237198,0.087
5.0,6397.236283779144,0.0904
5.0,6398.247991800308,0.09489999999999998
5.0,6399.254731655121,0.09489999999999998
5.0,6400.256331682205,0.09489999999999998
5.0,6401.270727157593,0.09489999999999998
5.0,6402.280762910843,0.09489999999999998
5.0,6403.295121192932,0.09489999999999998
5.0,6404.309558391571,0.09489999999999998
5.0,6405.32421541214,0.09489999999999998
5.0,6406.336047172546,0.09489999999999998
5.0,6407.352627277374,0.09489999999999998
5.0,6408.359439373016,0.0904
5.0,6409.360964775085,0.0836
5.0,6410.361542463303,0.08979999999999999
5.0,6411.368235588074,0.09399999999999999
5.0,6412.374887943268,0.0896
5.0,6413.38153719902,0.0896
5.0,6414.387938976288,0.08109999999999999
5.0,6415.399878978729,0.0887
5.0,6417.416953325272,0.0887
5.0,6418.417533636093,0.0887
5.0,6419.424341201782,0.0887
5.0,6420.4309895038605,0.0887
5.0,6421.437526464462,0.0887
5.0,6422.449455499649,0.0887
5.0,6423.469939947128,0.0887
5.0,6424.49262547493,0.0887
5.0,6425.495754241943,0.0887
5.0,6426.500687122345,0.0887
5.0,6427.516756057739,0.0887
5.0,6428.520221710205,0.0803
5.0,6429.529567956924,0.08789999999999999
5.0,6430.53314948082,0.0923
5.0,6431.536412239075,0.08789999999999999
5.0,6432.539685964584,0.08789999999999999
5.0,6433.542065620422,0.0828
5.0,6434.546105384827,0.0828
5.0,6435.554596662521,0.09129999999999999
5.0,6437.571281909943,0.087
5.0,6438.573308944702,0.087
5.0,6439.579328298569,0.087
5.0,6440.5910568237305,0.087
5.0,6441.5974316596985,0.087
5.0,6442.607594013214,0.087
5.0,6443.613532781601,0.087
5.0,6444.620206594467,0.087
5.0,6445.627027511597,0.087
5.0,6446.633558750153,0.087
5.0,6447.640177726746,0.087
5.0,6448.649543523788,0.0828
5.0,6449.650938272476,0.08199999999999999
5.0,6450.652541875839,0.0836
5.0,6451.653563499451,0.08199999999999999
5.0,6452.65518450737,0.0836
5.0,6453.666930198669,0.08199999999999999
5.0,6454.673646450043,0.08109999999999999
5.0,6455.688569784164,0.08109999999999999
5.0,6457.701540470123,0.08109999999999999
5.0,6458.708168268204,0.08109999999999999
5.0,6459.7149567604065,0.08109999999999999
5.0,6460.7215831279755,0.08109999999999999
5.0,6461.728334188461,0.08109999999999999
5.0,6462.735006809235,0.08109999999999999
5.0,6463.7415997982025,0.08109999999999999
5.0,6464.753511428833,0.08109999999999999
5.0,6465.760182142258,0.08109999999999999
5.0,6466.771864414215,0.08109999999999999
5.0,6467.7836327552795,0.08109999999999999
5.0,6468.789592027664,0.08109999999999999
5.0,6469.796348810196,0.08109999999999999
5.0,6470.797558307648,0.0803
5.0,6471.804373025894,0.0803
5.0,6472.805648326874,0.0803
5.0,6473.81231880188,0.0803
5.0,6474.8239760398865,0.0803
5.0,6475.830651760101,0.0794
5.0,6477.837555885315,0.0836
5.0,6478.844315767288,0.0794
5.0,6479.856067657471,0.0836
5.0,6480.862717866898,0.0794
5.0,6481.869428873062,0.08789999999999999
5.0,6482.876130580902,0.0794
5.0,6483.882699728012,0.08789999999999999
5.0,6484.889323234558,0.08789999999999999
5.0,6485.895975351334,0.08789999999999999
5.0,6486.902752161026,0.0836
5.0,6487.909530878067,0.0794
5.0,6488.924915790558,0.0836
5.0,6489.936643362045,0.0794
5.0,6490.949590921402,0.0794
5.0,6491.956374883652,0.0828
5.0,6492.968127012253,0.0828
5.0,6493.974891424179,0.087
5.0,6494.989428758621,0.0828
5.0,6496.001200199127,0.0828
5.0,6498.009008169174,0.0828
5.0,6499.020843505859,0.0786
5.0,6500.027523517609,0.0786
5.0,6501.0290586948395,0.0786
5.0,6502.030623435974,0.0786
5.0,6503.037383556366,0.0786
5.0,6504.055036783218,0.0786
5.0,6505.06681394577,0.0786
5.0,6506.073547124863,0.0786
5.0,6507.085498094559,0.0786
5.0,6508.092270851135,0.0786
5.0,6509.098969936371,0.07769999999999999
5.0,6510.105570077896,0.08199999999999999
5.0,6511.117475748062,0.08199999999999999
5.0,6512.1292283535,0.08199999999999999
5.0,6513.135879278183,0.08199999999999999
5.0,6514.147582769394,0.07769999999999999
5.0,6515.1535522937775,0.07769999999999999
5.0,6516.1603400707245,0.0769
5.0,6518.162739515305,0.08109999999999999
5.0,6519.16953420639,0.08109999999999999
5.0,6520.181364059448,0.08109999999999999
5.0,6521.195503950119,0.08109999999999999
5.0,6522.206645727158,0.08109999999999999
5.0,6523.227659702301,0.08109999999999999
5.0,6524.255799770355,0.08109999999999999
5.0,6525.259929180145,0.08109999999999999
5.0,6526.276261329651,0.08109999999999999
5.0,6527.286175251007,0.08109999999999999
5.0,6528.290189504623,0.08109999999999999
5.0,6529.299325466156,0.08109999999999999
5.0,6530.301361083984,0.08109999999999999
5.0,6531.303968429565,0.07669999999999999
5.0,6532.305897474289,0.07669999999999999
5.0,6533.309026956558,0.076
5.0,6534.3123462200165,0.0803
5.0,6535.313678026199,0.0803
5.0,6536.323297739029,0.0803
5.0,6538.325553417206,0.0803
5.0,6539.332094907761,0.0803
5.0,6540.333484888077,0.0803
5.0,6541.334059476852,0.0803
5.0,6542.3354749679565,0.0803
5.0,6543.341550350189,0.0803
5.0,6544.342970371246,0.076
5.0,6545.353554487228,0.0803
5.0,6546.360262870789,0.076
5.0,6547.371943235397,0.0803
5.0,6548.38934469223,0.0803
5.0,6549.400716781616,0.076
5.0,6550.407389640808,0.0752
5.0,6551.421549797058,0.07499999999999998
5.0,6552.428277492523,0.0794
5.0,6553.429562568665,0.0794
5.0,6554.436309337616,0.0794
5.0,6555.443071365356,0.0794
5.0,6556.444712400436,0.0752
5.0,6558.4524030685425,0.07499999999999998
5.0,6559.458474636078,0.07499999999999998
5.0,6560.469640493393,0.0752
5.0,6561.481445074081,0.0752
5.0,6562.488085985184,0.0786
5.0,6563.494737625122,0.07499999999999998
5.0,6564.501528501511,0.07499999999999998
5.0,6565.513249158859,0.0752
5.0,6566.528165340424,0.0786
5.0,6567.534831047058,0.0743
5.0,6568.5415296554565,0.0752
5.0,6569.548319578171,0.0786
5.0,6570.555053472519,0.0786
5.0,6571.5615775585175,0.0828
5.0,6572.573326349258,0.0786
5.0,6573.585048913956,0.0786
5.0,6574.591697692871,0.0786
5.0,6575.603611469269,0.07409999999999999
5.0,6577.616439819336,0.07409999999999999
5.0,6578.623105764389,0.07769999999999999
5.0,6579.629585504532,0.07769999999999999
5.0,6580.63649225235,0.0743
5.0,6581.651766300201,0.07769999999999999
5.0,6582.653207540512,0.07769999999999999
5.0,6583.6655604839325,0.0743
5.0,6584.672325849533,0.0735
5.0,6585.6873524188995,0.0735
5.0,6586.693609714508,0.07769999999999999
5.0,6587.700312376022,0.07769999999999999
5.0,6588.712055206299,0.07769999999999999
5.0,6589.713572025299,0.08199999999999999
5.0,6590.715106725693,0.08199999999999999
5.0,6591.721528053284,0.07769999999999999
5.0,6592.728272438049,0.07769999999999999
5.0,6593.73499083519,0.07769999999999999
5.0,6594.746751308441,0.0735
5.0,6595.753475666046,0.0735
5.0,6597.761351585388,0.0735
5.0,6598.768109798431,0.07239999999999999
5.0,6599.77472448349,0.0726
5.0,6600.785577058792,0.07239999999999999
5.0,6601.792270183563,0.0769
5.0,6602.804119586945,0.0769
5.0,6603.81591129303,0.0726
5.0,6604.822683811188,0.0769
5.0,6605.829405784607,0.0726
5.0,6606.836133480072,0.07239999999999999
5.0,6607.842855215073,0.0769
5.0,6608.84965634346,0.0769
5.0,6609.8649826049805,0.0769
5.0,6610.881539583206,0.0769
5.0,6611.888218164444,0.0769
5.0,6612.9046194553375,0.0769
5.0,6613.920318603516,0.0769
5.0,6614.946712255478,0.0726
5.0,6615.97235751152,0.07239999999999999
5.0,6617.989419221878,0.07239999999999999
5.0,6618.995373010635,0.07159999999999998
5.0,6620.004915714264,0.07169999999999999
5.0,6621.008230686188,0.07159999999999998
5.0,6622.011445522308,0.07169999999999999
5.0,6623.014938831329,0.07159999999999998
5.0,6624.019579410553,0.07239999999999999
5.0,6625.02143406868,0.076
5.0,6626.028065443039,0.07169999999999999
5.0,6627.037405014038,0.07169999999999999
5.0,6628.044019937515,0.07169999999999999
5.0,6629.045477390289,0.07159999999999998
5.0,6630.052190542221,0.0803
5.0,6631.064427614212,0.076
5.0,6632.071013450623,0.076
5.0,6633.081092834473,0.076
5.0,6634.092829465866,0.076
5.0,6635.099522352219,0.076
5.0,6636.105551481247,0.076
5.0,6638.113460063934,0.07169999999999999
5.0,6639.120232582092,0.07169999999999999
5.0,6640.127077579498,0.07159999999999998
5.0,6641.133581876755,0.07159999999999998
5.0,6642.140348672867,0.07169999999999999
5.0,6643.141597032547,0.07159999999999998
5.0,6644.148364782333,0.07169999999999999
5.0,6645.16011095047,0.07159999999999998
5.0,6646.16684627533,0.07159999999999998
5.0,6647.173629522324,0.07169999999999999
5.0,6648.18027305603,0.07159999999999998
5.0,6649.19198679924,0.0752
5.0,6650.198694467545,0.0752
5.0,6651.205298662186,0.0752
5.0,6652.2206444740295,0.07069999999999999
5.0,6653.2326810359955,0.07499999999999998
5.0,6654.2393014431,0.0752
5.0,6655.245561122894,0.0752
5.0,6656.2573618888855,0.0752
5.0,6658.265241622925,0.0752
5.0,6659.276948690414,0.07499999999999998
5.0,6660.288737297058,0.0752
5.0,6661.289694786072,0.0752
5.0,6662.296364307404,0.07499999999999998
5.0,6663.297873258591,0.0752
5.0,6664.304665565491,0.07499999999999998
5.0,6665.316380977631,0.0752
5.0,6666.323145151138,0.0752
5.0,6667.32953286171,0.0752
5.0,6668.336233139038,0.0752
5.0,6669.348104476929,0.07499999999999998
5.0,6670.354731321335,0.07089999999999998
5.0,6671.360542058945,0.07069999999999999
5.0,6672.37224316597,0.06989999999999999
5.0,6673.373558282852,0.06989999999999999
5.0,6674.385322570801,0.0743
5.0,6675.3970239162445,0.0786
5.0,6676.408936738968,0.0786
5.0,6678.421554803848,0.0786
5.0,6679.428304195404,0.0786
5.0,6680.440033912659,0.0786
5.0,6681.441638708115,0.0786
5.0,6682.457344532013,0.0786
5.0,6683.485276222229,0.0786
5.0,6684.507879257202,0.0786
5.0,6685.509418964386,0.0786
5.0,6686.512315273285,0.0743
5.0,6687.516808986664,0.0743
5.0,6688.529719352722,0.0786
5.0,6689.536368131638,0.07409999999999999
5.0,6690.5446100234985,0.07409999999999999
5.0,6691.547993659973,0.0743
5.0,6692.550410985947,0.0743
5.0,6693.55401134491,0.0743
5.0,6694.557458400726,0.0735
5.0,6695.560569286346,0.06989999999999999
5.0,6696.564113378525,0.06989999999999999
5.0,6698.56675195694,0.06899999999999999
5.0,6699.573275566101,0.0735
5.0,6700.583976984024,0.0735
5.0,6701.590469121933,0.0735
5.0,6702.597164392471,0.0735
5.0,6703.609256267548,0.06899999999999999
5.0,6704.610841989517,0.06899999999999999
5.0,6705.612595319748,0.0735
5.0,6706.625557899475,0.0735
5.0,6707.632236480713,0.0735
5.0,6708.643928050995,0.0735
5.0,6709.650451660156,0.07769999999999999
5.0,6710.6641318798065,0.07769999999999999
5.0,6711.670864105225,0.07769999999999999
5.0,6712.677614688873,0.0735
5.0,6713.689373970032,0.0735
5.0,6714.70134139061,0.0735
5.0,6715.70805644989,0.0735
5.0,6717.725679397583,0.0735
5.0,6718.73753118515,0.0735
5.0,6719.744225025177,0.0735
5.0,6720.7560341358185,0.0735
5.0,6721.757627487183,0.0735
5.0,6722.76428771019,0.0735
5.0,6723.770982980728,0.0735
5.0,6724.782709598541,0.0735
5.0,6725.789537668228,0.0735
5.0,6726.805062055588,0.0735
5.0,6727.8118369579315,0.0735
5.0,6728.8186202049255,0.06899999999999999
5.0,6729.8201677799225,0.06899999999999999
5.0,6730.8215618133545,0.06899999999999999
5.0,6731.828341245651,0.06899999999999999
5.0,6732.840122461319,0.06819999999999998
5.0,6733.846871614456,0.07239999999999999
5.0,6734.858635187149,0.07239999999999999
5.0,6735.865417957306,0.07239999999999999
5.0,6737.873346567154,0.07239999999999999
5.0,6738.880024433136,0.07239999999999999
5.0,6739.886714696884,0.07239999999999999
5.0,6740.897934913635,0.07239999999999999
5.0,6741.90465092659,0.0726
5.0,6742.9163517951965,0.07239999999999999
5.0,6743.928078889847,0.07239999999999999
5.0,6744.943942308426,0.07239999999999999
5.0,6745.958865404129,0.07239999999999999
5.0,6746.970756292343,0.07239999999999999
5.0,6747.977482318878,0.07239999999999999
5.0,6748.992213010788,0.07239999999999999
5.0,6750.00883102417,0.07239999999999999
5.0,6751.015812158585,0.0726
5.0,6752.027512788773,0.07239999999999999
5.0,6753.04159617424,0.07239999999999999
5.0,6754.053484201431,0.07239999999999999
5.0,6755.060324668884,0.06819999999999998
5.0,6756.075246810913,0.06819999999999998
5.0,6758.093284845352,0.06819999999999998
5.0,6759.105048894882,0.06819999999999998
5.0,6760.116790533066,0.06819999999999998
5.0,6761.123113393784,0.06819999999999998
5.0,6762.13486623764,0.06819999999999998
5.0,6763.141472578049,0.06819999999999998
5.0,6764.153470516205,0.07169999999999999
5.0,6765.1603307724,0.06819999999999998
5.0,6766.172323703766,0.06819999999999998
5.0,6767.173536062241,0.06819999999999998
5.0,6768.180301427841,0.06819999999999998
5.0,6769.186878681183,0.06819999999999998
5.0,6770.19344830513,0.06729999999999998
5.0,6771.200140476227,0.07169999999999999
5.0,6772.206746101379,0.07169999999999999
5.0,6773.21759057045,0.07169999999999999
5.0,6774.224321603775,0.07159999999999998
5.0,6775.234626531601,0.07159999999999998
5.0,6776.241261959076,0.07169999999999999
5.0,6778.253578186035,0.07159999999999998
5.0,6779.268955945969,0.07159999999999998
5.0,6780.285480737686,0.07159999999999998
5.0,6781.292358160019,0.07169999999999999
5.0,6782.299203634262,0.07159999999999998
5.0,6783.305546045303,0.07169999999999999
5.0,6784.31237244606,0.07159999999999998
5.0,6785.34047794342,0.07169999999999999
5.0,6786.36608171463,0.07159999999999998
5.0,6787.385860443115,0.07169999999999999
5.0,6788.396816253662,0.07169999999999999
5.0,6789.400631904602,0.07169999999999999
5.0,6790.4027400016785,0.07169999999999999
5.0,6791.410148143768,0.07159999999999998
5.0,6792.412897348404,0.07159999999999998
5.0,6793.415061712265,0.07159999999999998
5.0,6794.417640924454,0.07169999999999999
5.0,6795.42418718338,0.06729999999999998
5.0,6796.430782794952,0.06729999999999998
5.0,6798.438452005386,0.06729999999999998
5.0,6799.446329593658,0.06729999999999998
5.0,6800.447935581207,0.06729999999999998
5.0,6801.454626083374,0.06729999999999998
5.0,6802.46147108078,0.06729999999999998
5.0,6803.468235254288,0.06729999999999998
5.0,6804.469780921936,0.06729999999999998
5.0,6805.476547718048,0.06729999999999998
5.0,6806.488459348679,0.06729999999999998
5.0,6807.495225429535,0.07069999999999999
5.0,6808.501620531082,0.06729999999999998
5.0,6809.513308286667,0.06729999999999998
5.0,6810.5215673446655,0.06729999999999998
5.0,6811.528302907944,0.06649999999999999
5.0,6812.54004073143,0.06649999999999999
5.0,6813.551906585693,0.07069999999999999
5.0,6814.557686805725,0.07069999999999999
5.0,6815.564479589462,0.07499999999999998
5.0,6816.565560340881,0.07069999999999999
5.0,6818.57355093956,0.0752
5.0,6819.585338115692,0.07069999999999999
5.0,6820.592094182968,0.07069999999999999
5.0,6821.598890542984,0.0752
5.0,6822.60560798645,0.07499999999999998
5.0,6823.607352972031,0.07499999999999998
5.0,6824.624489307404,0.07499999999999998
5.0,6825.6256494522095,0.0752
5.0,6826.637544393539,0.07499999999999998
5.0,6827.648041725159,0.07499999999999998
5.0,6828.654720783234,0.07069999999999999
5.0,6829.665578365326,0.07499999999999998
5.0,6830.67126250267,0.07069999999999999
5.0,6831.681044101715,0.07069999999999999
5.0,6832.692766427994,0.0752
5.0,6833.699647188187,0.07069999999999999
5.0,6834.705646514893,0.07069999999999999
5.0,6835.712351799011,0.07069999999999999
5.0,6837.720145225525,0.07069999999999999
5.0,6838.726909637451,0.07069999999999999
5.0,6839.733573675156,0.07069999999999999
5.0,6840.745332241058,0.07069999999999999
5.0,6841.757045269012,0.07069999999999999
5.0,6842.763700723648,0.07069999999999999
5.0,6843.7705755233765,0.07069999999999999
5.0,6844.7773361206055,0.07069999999999999
5.0,6845.783823013306,0.07069999999999999
5.0,6846.795468091965,0.07069999999999999
5.0,6847.807170629501,0.07069999999999999
5.0,6848.8189516067505,0.07069999999999999
5.0,6849.830660104752,0.07069999999999999
5.0,6850.837374210358,0.07069999999999999
5.0,6851.8489818573,0.07069999999999999
5.0,6852.859638214111,0.06989999999999999
5.0,6853.865534067154,0.06649999999999999
5.0,6854.872440099716,0.06649999999999999
5.0,6855.886983633041,0.06649999999999999
5.0,6857.89460682869,0.06649999999999999
5.0,6858.905563116074,0.06649999999999999
5.0,6859.917384147644,0.06989999999999999
5.0,6860.924360275269,0.06649999999999999
5.0,6861.930999279022,0.06649999999999999
5.0,6862.937577724457,0.06989999999999999
5.0,6863.9453139305115,0.06649999999999999
5.0,6864.952080011368,0.06649999999999999
5.0,6865.958782196045,0.06989999999999999
5.0,6866.960461854935,0.06649999999999999
5.0,6867.972200870514,0.06649999999999999
5.0,6868.983917236328,0.06989999999999999
5.0,6869.990512132645,0.06989999999999999
5.0,6870.997203826904,0.06999999999999998
5.0,6872.004017114639,0.06989999999999999
5.0,6873.015780448914,0.06989999999999999
5.0,6874.021597623825,0.06989999999999999
5.0,6875.028370141983,0.06989999999999999
5.0,6876.035108566284,0.06989999999999999
5.0,6878.047956466675,0.07409999999999999
5.0,6879.054736614227,0.0743
5.0,6880.061428308487,0.0743
5.0,6881.068292617798,0.0743
5.0,6882.079533576965,0.0743
5.0,6883.091287612915,0.0743
5.0,6884.097608566284,0.06989999999999999
5.0,6885.104451656342,0.0743
5.0,6886.116193532944,0.07409999999999999
5.0,6887.117789268494,0.07409999999999999
5.0,6888.124557495117,0.0743
5.0,6889.125613927841,0.07409999999999999
5.0,6890.132350921631,0.0743
5.0,6891.13902926445,0.0743
5.0,6892.145623683929,0.0743
5.0,6893.147216558456,0.0743
5.0,6894.153586626053,0.07409999999999999
5.0,6895.160364866257,0.07409999999999999
5.0,6896.1670842170715,0.0743
5.0,6898.174649953842,0.0743
5.0,6899.1815712451935,0.06989999999999999
5.0,6900.188323974609,0.06989999999999999
5.0,6901.195034503937,0.07409999999999999
5.0,6902.2015545368195,0.06989999999999999
5.0,6903.208443880081,0.06989999999999999
5.0,6904.215221166611,0.06989999999999999
5.0,6905.2269587516785,0.07409999999999999
5.0,6906.233476400375,0.07409999999999999
5.0,6907.245361804962,0.0743
5.0,6908.2572700977325,0.06989999999999999
5.0,6909.264009475708,0.07409999999999999
5.0,6910.270810127258,0.06989999999999999
5.0,6911.27738904953,0.06989999999999999
5.0,6912.287658929825,0.06989999999999999
5.0,6913.301565885544,0.06989999999999999
5.0,6914.316569566727,0.06989999999999999
5.0,6915.328480005264,0.06989999999999999
5.0,6916.340335607529,0.06989999999999999
5.0,6918.3638734817505,0.06989999999999999
5.0,6919.3873727321625,0.06989999999999999
5.0,6920.390551328659,0.06989999999999999
5.0,6921.4092173576355,0.06989999999999999
5.0,6922.4155740737915,0.06989999999999999
5.0,6923.417666435242,0.06989999999999999
5.0,6924.424939393997,0.06989999999999999
5.0,6925.427934408188,0.06989999999999999
5.0,6926.432665109634,0.06989999999999999
5.0,6927.434909105301,0.06989999999999999
5.0,6928.436482667923,0.06989999999999999
5.0,6929.438408374786,0.06989999999999999
5.0,6930.441540718079,0.06989999999999999
5.0,6931.444424152374,0.06989999999999999
5.0,6932.446909189224,0.06899999999999999
5.0,6933.453442811966,0.06559999999999999
5.0,6934.454831838608,0.06559999999999999
5.0,6935.461387395859,0.06559999999999999
5.0,6936.4709441661835,0.06559999999999999
5.0,6938.478578567505,0.06899999999999999
5.0,6939.485271930695,0.06559999999999999
5.0,6940.497099399567,0.06559999999999999
5.0,6941.508877038956,0.06559999999999999
5.0,6942.515556573868,0.06559999999999999
5.0,6943.5273287296295,0.06559999999999999
5.0,6944.539058923721,0.06559999999999999
5.0,6945.545588731766,0.06559999999999999
5.0,6946.552366018295,0.06559999999999999
5.0,6947.559214830399,0.06559999999999999
5.0,6948.565561294556,0.06559999999999999
5.0,6949.572271823883,0.06559999999999999
5.0,6950.573542356491,0.06559999999999999
5.0,6951.580357313156,0.06559999999999999
5.0,6952.592109441757,0.06899999999999999
5.0,6953.603944540024,0.06479999999999998
5.0,6954.615715503693,0.06899999999999999
5.0,6955.627509593964,0.06899999999999999
5.0,6956.639286994934,0.06899999999999999
5.0,6958.652146816254,0.06899999999999999
5.0,6959.6588044166565,0.06899999999999999
5.0,6960.670704126358,0.06899999999999999
5.0,6961.677510261536,0.06899999999999999
5.0,6962.692467927933,0.06479999999999998
5.0,6963.7063665390015,0.06899999999999999
5.0,6964.730691194534,0.06899999999999999
5.0,6965.752692222595,0.06479999999999998
5.0,6966.758491516113,0.06899999999999999
5.0,6967.772695064545,0.06899999999999999
5.0,6968.7784197330475,0.06479999999999998
5.0,6969.79084944725,0.06899999999999999
5.0,6970.80303645134,0.06899999999999999
5.0,6971.80517411232,0.06899999999999999
5.0,6972.815536260605,0.07329999999999999
5.0,6973.821476221085,0.0735
5.0,6974.828156232834,0.06899999999999999
5.0,6975.834853887558,0.0735
5.0,6976.841567277908,0.06899999999999999
5.0,6978.849539279938,0.06899999999999999
5.0,6979.856141328812,0.07329999999999999
5.0,6980.862485408783,0.07329999999999999
5.0,6981.869209051132,0.06479999999999998
5.0,6982.876020908356,0.06899999999999999
5.0,6983.882780790329,0.0735
5.0,6984.894492387772,0.07329999999999999
5.0,6985.908887386322,0.07329999999999999
5.0,6986.924354791641,0.06899999999999999
5.0,6987.936097383499,0.0735
5.0,6988.952561855316,0.0735
5.0,6989.959046125412,0.0735
5.0,6990.965559720993,0.06899999999999999
5.0,6991.972274541855,0.06899999999999999
5.0,6992.984073162079,0.07329999999999999
5.0,6993.990794420242,0.06899999999999999
5.0,6994.997538566589,0.07329999999999999
5.0,6996.004340171814,0.07329999999999999
5.0,6997.011024236679,0.06899999999999999
5.0,6999.018652677536,0.07329999999999999
5.0,7000.0254418849945,0.06899999999999999
5.0,7001.037315368652,0.0735
5.0,7002.049054145813,0.06899999999999999
5.0,7003.063772678375,0.06899999999999999
5.0,7004.069655418396,0.06899999999999999
5.0,7005.0763511657715,0.06899999999999999
5.0,7006.083038806915,0.06899999999999999
5.0,7007.097601890564,0.06899999999999999
5.0,7008.1095495224,0.06899999999999999
5.0,7009.116273164749,0.06899999999999999
5.0,7010.1229655742645,0.06899999999999999
5.0,7011.129599094391,0.06899999999999999
5.0,7012.136285543442,0.06899999999999999
5.0,7013.142911672592,0.06899999999999999
5.0,7014.149550676346,0.06899999999999999
5.0,7015.15621471405,0.06899999999999999
5.0,7016.162923574448,0.06899999999999999
5.0,7017.174657821655,0.06899999999999999
5.0,7019.181560277939,0.06899999999999999
5.0,7020.188347101212,0.06899999999999999
5.0,7021.195125341415,0.06899999999999999
5.0,7022.201538324356,0.06899999999999999
5.0,7023.213376283646,0.06899999999999999
5.0,7024.220143795013,0.06899999999999999
5.0,7025.226768493652,0.06899999999999999
5.0,7026.236873149872,0.06899999999999999
5.0,7027.25111579895,0.06899999999999999
5.0,7028.2613916397095,0.06899999999999999
5.0,7029.27658200264,0.06899999999999999
5.0,7030.286816120148,0.06899999999999999
5.0,7031.293550729752,0.06899999999999999
5.0,7032.300350427628,0.06899999999999999
5.0,7033.301584243774,0.06899999999999999
5.0,7034.308355808258,0.06899999999999999
5.0,7035.3150725364685,0.06899999999999999
5.0,7036.321587085724,0.06899999999999999
5.0,7037.328387022018,0.06899999999999999
5.0,7039.341384649277,0.06899999999999999
5.0,7040.348069906235,0.06899999999999999
5.0,7041.349584817886,0.06899999999999999
5.0,7042.356422901154,0.06899999999999999
5.0,7043.363136768341,0.06899999999999999
5.0,7044.3749849796295,0.06899999999999999
5.0,7045.386738777161,0.06899999999999999
5.0,7046.393360376358,0.06899999999999999
5.0,7047.400032281876,0.06899999999999999
5.0,7048.406741857529,0.06899999999999999
5.0,7049.413503170013,0.06899999999999999
5.0,7050.4253969192505,0.06899999999999999
5.0,7051.437262773514,0.06899999999999999
5.0,7052.444057703018,0.06899999999999999
5.0,7053.450732707977,0.06899999999999999
5.0,7054.4615840911865,0.06899999999999999
5.0,7055.468438863754,0.06899999999999999
5.0,7056.480189800262,0.06899999999999999
5.0,7057.4929728508,0.06899999999999999
5.0,7059.505620479584,0.06899999999999999
5.0,7060.517427206039,0.06899999999999999
5.0,7061.533556222916,0.06899999999999999
5.0,7062.540313720703,0.06899999999999999
5.0,7063.541637659073,0.06899999999999999
5.0,7064.557335138321,0.06899999999999999
5.0,7065.5689063072205,0.06899999999999999
5.0,7066.580710887909,0.06899999999999999
5.0,7067.592525482178,0.06899999999999999
5.0,7068.604553461075,0.06479999999999998
5.0,7069.610419511795,0.06899999999999999
5.0,7070.625581264496,0.06479999999999998
5.0,7071.6322066783905,0.06899999999999999
5.0,7072.638798952103,0.06899999999999999
5.0,7073.6455619335175,0.06899999999999999
5.0,7074.652288675308,0.06899999999999999
5.0,7075.659192800522,0.06899999999999999
5.0,7076.6655650138855,0.06479999999999998
5.0,7077.672375917435,0.06899999999999999
5.0,7079.685201406479,0.06899999999999999
5.0,7080.69695019722,0.06479999999999998
5.0,7081.703857898712,0.06479999999999998
5.0,7082.71067237854,0.06479999999999998
5.0,7083.717494487762,0.06479999999999998
5.0,7084.733589887619,0.06479999999999998
5.0,7085.740387916565,0.06899999999999999
5.0,7086.741559267044,0.06479999999999998
5.0,7087.753541946411,0.06479999999999998
5.0,7088.755167484283,0.06899999999999999
5.0,7089.756814241409,0.06479999999999998
5.0,7090.768545150757,0.06479999999999998
5.0,7091.769562482834,0.06479999999999998
5.0,7092.785515785217,0.06479999999999998
5.0,7093.787110328674,0.06479999999999998
5.0,7094.793556213379,0.06479999999999998
5.0,7095.800196886063,0.06479999999999998
5.0,7096.801620006561,0.06479999999999998
5.0,7097.803234100342,0.06479999999999998
5.0,7099.810120582581,0.06479999999999998
5.0,7100.825084209442,0.06479999999999998
5.0,7101.839630365372,0.06479999999999998
5.0,7102.851356267929,0.06479999999999998
5.0,7103.865553379059,0.06479999999999998
5.0,7104.872243881226,0.06479999999999998
5.0,7105.883948326111,0.06479999999999998
5.0,7106.907387495041,0.06479999999999998
5.0,7107.931594610214,0.06479999999999998
5.0,7108.937213182449,0.06479999999999998
5.0,7109.950553894043,0.06479999999999998
5.0,7110.957879066467,0.06479999999999998
5.0,7111.969022035599,0.06479999999999998
5.0,7112.971272945404,0.06479999999999998
5.0,7113.975208997726,0.06479999999999998
5.0,7114.9796006679535,0.06479999999999998
5.0,7115.981481790543,0.06479999999999998
5.0,7116.983371257782,0.06479999999999998
5.0,7117.9859211444855,0.06389999999999998
5.0,7119.9935002326965,0.06479999999999998
5.0,7121.00329208374,0.06479999999999998
5.0,7122.013338804245,0.06479999999999998
5.0,7123.022744417191,0.06819999999999998
5.0,7124.029482841492,0.06479999999999998
5.0,7125.0412130355835,0.06479999999999998
5.0,7126.047820568085,0.06479999999999998
5.0,7127.0535933971405,0.06479999999999998
5.0,7128.060329198837,0.06479999999999998
5.0,7129.067071437836,0.06819999999999998
5.0,7130.073585271835,0.06479999999999998
5.0,7131.075130701065,0.06479999999999998
5.0,7132.081573963165,0.06479999999999998
5.0,7133.083136558533,0.06819999999999998
5.0,7134.084690570831,0.06819999999999998
5.0,7135.0913236141205,0.06389999999999998
5.0,7136.092951059341,0.06389999999999998
5.0,7137.09357213974,0.06389999999999998
5.0,7138.105424880981,0.06389999999999998
5.0,7140.108109235764,0.06389999999999998
5.0,7141.11478471756,0.06389999999999998
5.0,7142.121493577957,0.06819999999999998
5.0,7143.133291482925,0.06389999999999998
5.0,7144.139951944351,0.06389999999999998
5.0,7145.151695966721,0.06389999999999998
5.0,7146.153231859207,0.06819999999999998
5.0,7147.160021066666,0.06389999999999998
5.0,7148.172011137009,0.06389999999999998
5.0,7149.185590028763,0.06819999999999998
5.0,7150.1975564956665,0.06389999999999998
5.0,7151.204162597656,0.06389999999999998
5.0,7152.2108726501465,0.06389999999999998
5.0,7153.217643499374,0.06389999999999998
5.0,7154.224437236786,0.06819999999999998
5.0,7155.231310606003,0.06389999999999998
5.0,7156.237436294556,0.06819999999999998
5.0,7157.244145870209,0.06389999999999998
5.0,7158.250931739807,0.06389999999999998
5.0,7160.258836984634,0.06389999999999998
5.0,7161.273605585098,0.06819999999999998
5.0,7162.28896856308,0.06389999999999998
5.0,7163.295739173889,0.06389999999999998
5.0,7164.3016057014465,0.06389999999999998
5.0,7165.308306932449,0.06819999999999998
5.0,7166.320130586624,0.06389999999999998
5.0,7167.326781272888,0.06819999999999998
5.0,7168.332865715027,0.06389999999999998
5.0,7169.3395183086395,0.06389999999999998
5.0,7170.345585107803,0.06819999999999998
5.0,7171.352399110794,0.06819999999999998
5.0,7172.359069347382,0.06819999999999998
5.0,7173.365581035614,0.06389999999999998
5.0,7174.372312068939,0.06389999999999998
5.0,7175.378883361816,0.06389999999999998
5.0,7176.385638952255,0.06819999999999998
5.0,7177.397442817688,0.06389999999999998
5.0,7178.404242038727,0.06389999999999998
5.0,7180.406645059586,0.06819999999999998
5.0,7181.413464784622,0.06389999999999998
5.0,7182.42024230957,0.06389999999999998
5.0,7183.427010297775,0.06819999999999998
5.0,7184.433572769165,0.06819999999999998
5.0,7185.445381164551,0.06389999999999998
5.0,7186.452175617218,0.06819999999999998
5.0,7187.458899021149,0.06389999999999998
5.0,7188.465553283691,0.06819999999999998
5.0,7189.472359418869,0.06819999999999998
5.0,7190.4735407829285,0.06819999999999998
5.0,7191.480178594589,0.06389999999999998
5.0,7192.491877317429,0.06819999999999998
5.0,7193.498630523682,0.06819999999999998
5.0,7194.505368947983,0.06819999999999998
5.0,7195.512024879456,0.06819999999999998
5.0,7196.521551132202,0.06819999999999998
5.0,7197.528410434723,0.06389999999999998
5.0,7199.535537958145,0.06389999999999998
5.0,7200.547281265259,0.06819999999999998
5.0,7201.553603887558,0.06819999999999998
5.0,7202.560401678085,0.06389999999999998
5.0,7203.567168951035,0.06819999999999998
5.0,7204.5735540390015,0.06819999999999998
5.0,7205.585290670395,0.06819999999999998
5.0,7206.592048883438,0.06819999999999998
5.0,7207.598804235458,0.06819999999999998
5.0,7208.609570741653,0.06819999999999998
5.0,7209.616258859634,0.06819999999999998
5.0,7210.622967004776,0.06819999999999998
5.0,7211.62960267067,0.06389999999999998
5.0,7212.6312074661255,0.06819999999999998
5.0,7213.637571334839,0.06819999999999998
5.0,7214.639126062393,0.06819999999999998
5.0,7215.640718221664,0.06819999999999998
5.0,7216.652436494827,0.06819999999999998
5.0,7217.659128189087,0.06389999999999998
5.0,7219.666668653488,0.06819999999999998
5.0,7220.673475265503,0.06819999999999998
5.0,7221.680247306824,0.06389999999999998
5.0,7222.69197845459,0.06819999999999998
5.0,7223.6987388134,0.06819999999999998
5.0,7224.709601402283,0.06819999999999998
5.0,7225.716288089752,0.06819999999999998
5.0,7226.717599391937,0.06819999999999998
5.0,7227.719237327576,0.06819999999999998
5.0,7228.733558654785,0.06819999999999998
5.0,7229.748585224152,0.06819999999999998
5.0,7230.760337591171,0.06819999999999998
5.0,7231.775240659714,0.06819999999999998
5.0,7232.786962509155,0.06819999999999998
5.0,7233.793553352356,0.07239999999999999
5.0,7234.800296783447,0.06819999999999998
5.0,7235.807034492493,0.06819999999999998
5.0,7236.81355547905,0.06819999999999998
5.0,7237.820203781128,0.06819999999999998
5.0,7239.827905416489,0.06819999999999998
5.0,7240.842947721481,0.06819999999999998
5.0,7241.84952044487,0.06819999999999998
5.0,7242.859653711319,0.06819999999999998
5.0,7243.865560770035,0.06819999999999998
5.0,7244.8722269535065,0.06819999999999998
5.0,7245.883939027786,0.06819999999999998
5.0,7246.895688056946,0.06819999999999998
5.0,7247.9016280174255,0.06819999999999998
5.0,7248.908360958099,0.06819999999999998
5.0,7249.915122509003,0.06819999999999998
5.0,7250.921966552734,0.06819999999999998
5.0,7251.928758621216,0.06819999999999998
5.0,7252.935567617416,0.06819999999999998
5.0,7253.941711187363,0.06819999999999998
5.0,7254.948405981064,0.06819999999999998
5.0,7255.9604575634,0.06819999999999998
5.0,7256.9724135398865,0.06819999999999998
5.0,7257.98401427269,0.06819999999999998
5.0,7259.9918093681335,0.06819999999999998
5.0,7261.003572702408,0.06819999999999998
5.0,7262.015280485153,0.06819999999999998
5.0,7263.030560255051,0.06819999999999998
5.0,7264.037405967712,0.06819999999999998
5.0,7265.049152135849,0.06819999999999998
5.0,7266.060907363892,0.06819999999999998
5.0,7267.072663784027,0.06819999999999998
5.0,7268.079057455063,0.06819999999999998
5.0,7269.093548774719,0.06819999999999998
5.0,7270.100335359573,0.06819999999999998
5.0,7271.107118368149,0.06819999999999998
5.0,7272.113589763641,0.06819999999999998
5.0,7273.12030005455,0.06819999999999998
5.0,7274.127153873444,0.06819999999999998
5.0,7275.133625268936,0.06819999999999998
5.0,7276.140376091003,0.06819999999999998
5.0,7277.141578435898,0.06819999999999998
5.0,7278.143146038055,0.06819999999999998
5.0,7280.158730983734,0.06819999999999998
5.0,7281.1706802845,0.06819999999999998
5.0,7282.181577920914,0.06819999999999998
5.0,7283.188400745392,0.06819999999999998
5.0,7284.195072650909,0.06819999999999998
5.0,7285.2067539691925,0.06819999999999998
5.0,7286.213537931442,0.06819999999999998
5.0,7287.220296382904,0.06819999999999998
5.0,7288.227169275284,0.06819999999999998
5.0,7289.233611822128,0.06819999999999998
5.0,7290.24037194252,0.06819999999999998
5.0,7291.241590261459,0.06819999999999998
5.0,7292.2483422756195,0.06819999999999998
5.0,7293.255086898804,0.06819999999999998
5.0,7294.256671190262,0.06819999999999998
5.0,7295.263489246368,0.06819999999999998
5.0,7296.269572734833,0.06819999999999998
5.0,7297.271146059036,0.06819999999999998
5.0,7298.277755737305,0.06819999999999998
5.0,7300.29088807106,0.06819999999999998
5.0,7301.305557966232,0.06819999999999998
5.0,7302.321561574936,0.06819999999999998
5.0,7303.328246593475,0.06819999999999998
5.0,7304.339935064316,0.06819999999999998
5.0,7305.346636772156,0.06819999999999998
5.0,7306.361567020416,0.06819999999999998
5.0,7307.373579263687,0.06819999999999998
5.0,7308.385515213013,0.06819999999999998
5.0,7309.39222741127,0.06819999999999998
5.0,7310.398848056793,0.06819999999999998
5.0,7311.405583381653,0.06819999999999998
5.0,7312.417347192764,0.06819999999999998
5.0,7313.424053668976,0.06819999999999998
5.0,7314.430758476257,0.06819999999999998
5.0,7315.437497615814,0.06819999999999998
5.0,7316.443816184998,0.06819999999999998
5.0,7317.455580949783,0.06819999999999998
5.0,7318.461631298065,0.06819999999999998
5.0,7320.469574689865,0.06819999999999998
5.0,7321.476320266724,0.06819999999999998
5.0,7322.488078355789,0.06819999999999998
5.0,7323.494693517685,0.06819999999999998
5.0,7324.501399040222,0.06819999999999998
5.0,7325.508230686188,0.06819999999999998
5.0,7326.514958143234,0.06819999999999998
5.0,7327.521563529968,0.06819999999999998
5.0,7328.528353214264,0.06819999999999998
5.0,7329.529563188553,0.06819999999999998
5.0,7330.531141757965,0.06819999999999998
5.0,7331.5376517772675,0.06819999999999998
5.0,7332.544485330582,0.06819999999999998
5.0,7333.5511906147,0.06819999999999998
5.0,7334.55756020546,0.06819999999999998
5.0,7335.564286708832,0.06819999999999998
5.0,7336.571079015732,0.06819999999999998
5.0,7337.582800626755,0.06819999999999998
5.0,7338.589564085007,0.06819999999999998
5.0,7340.602799654007,0.06819999999999998
5.0,7341.609588384628,0.06819999999999998
5.0,7342.620675802231,0.06819999999999998
5.0,7343.632424354553,0.06819999999999998
5.0,7344.644156455994,0.06819999999999998
5.0,7345.655981063843,0.06819999999999998
5.0,7346.671456575394,0.06819999999999998
5.0,7347.6824452877045,0.06819999999999998
5.0,7348.689149141312,0.06819999999999998
5.0,7349.701105117798,0.06819999999999998
5.0,7350.712918996811,0.06819999999999998
5.0,7351.719718694687,0.06819999999999998
5.0,7352.725412607193,0.06819999999999998
5.0,7353.737416267395,0.06819999999999998
5.0,7354.752750873566,0.06819999999999998
5.0,7355.759505271912,0.06819999999999998
5.0,7356.765614271164,0.06819999999999998
5.0,7357.767250776291,0.06819999999999998
5.0,7358.7688047885895,0.06819999999999998
5.0,7360.776690006256,0.06819999999999998
5.0,7361.789072036743,0.06819999999999998
5.0,7362.809812307358,0.06819999999999998
5.0,7363.834956169128,0.06819999999999998
5.0,7364.838322877884,0.06819999999999998
5.0,7365.85743188858,0.06819999999999998
5.0,7366.863373994827,0.06819999999999998
5.0,7367.873108386993,0.06819999999999998
5.0,7368.875139951706,0.06819999999999998
5.0,7369.876732349396,0.06819999999999998
5.0,7370.877952575684,0.06819999999999998
5.0,7371.880028247833,0.06819999999999998
5.0,7372.882271766663,0.06819999999999998
5.0,7373.886297941208,0.06819999999999998
5.0,7374.888315200806,0.06819999999999998
5.0,7375.896888494492,0.06819999999999998
5.0,7376.95246386528,0.06819999999999998
5.0,7377.960446834564,0.06819999999999998
5.0,7379.962993621826,0.06819999999999998
5.0,7380.965252876282,0.06819999999999998
5.0,7381.9677522182465,0.06819999999999998
5.0,7382.969825744629,0.06819999999999998
5.0,7383.971432685852,0.06819999999999998
5.0,7384.973710536957,0.06819999999999998
5.0,7385.990754842758,0.06819999999999998
5.0,7386.992578029633,0.06819999999999998
5.0,7387.9935874938965,0.06819999999999998
5.0,7389.002866029739,0.06819999999999998
5.0,7390.009625673294,0.06819999999999998
5.0,7391.0201461315155,0.06819999999999998
5.0,7392.026762485504,0.06819999999999998
5.0,7393.038593530655,0.06819999999999998
5.0,7394.045189380646,0.06819999999999998
5.0,7395.05472946167,0.06819999999999998
5.0,7396.06152510643,0.06819999999999998
5.0,7397.068383693695,0.06819999999999998
5.0,7399.076166629791,0.06819999999999998
5.0,7400.082900524139,0.06819999999999998
5.0,7401.089593410492,0.06819999999999998
5.0,7402.104243516922,0.06819999999999998
5.0,7403.116119861603,0.06819999999999998
5.0,7404.122836351395,0.06819999999999998
5.0,7405.137722730637,0.06819999999999998
5.0,7406.144559621811,0.06819999999999998
5.0,7407.151229858398,0.06819999999999998
5.0,7408.157545089722,0.06819999999999998
5.0,7409.1642973423,0.06819999999999998
5.0,7410.171094894409,0.06819999999999998
5.0,7411.186639308929,0.06819999999999998
5.0,7412.193361520767,0.06819999999999998
5.0,7413.200108766556,0.06819999999999998
5.0,7414.206765651703,0.06819999999999998
5.0,7415.221565723419,0.06819999999999998
5.0,7416.236150503159,0.06819999999999998
5.0,7417.251526594162,0.06819999999999998
5.0,7419.258638381958,0.06819999999999998
5.0,7420.26966714859,0.06819999999999998
5.0,7421.276262521744,0.06819999999999998
5.0,7422.2775819301605,0.06819999999999998
5.0,7423.284159660339,0.06819999999999998
5.0,7424.291038274765,0.06819999999999998
5.0,7425.302855968475,0.06819999999999998
5.0,7426.3200669288635,0.06819999999999998
5.0,7427.321531057358,0.06819999999999998
5.0,7428.333377122879,0.06819999999999998
5.0,7429.348608970642,0.06819999999999998
5.0,7430.362741947174,0.06819999999999998
5.0,7431.377578258514,0.06819999999999998
5.0,7432.391874790192,0.06819999999999998
5.0,7433.405611038208,0.06819999999999998
5.0,7434.420706510544,0.06819999999999998
5.0,7435.435455083847,0.06819999999999998
5.0,7436.447199106216,0.06819999999999998
5.0,7437.453567743301,0.06819999999999998
5.0,7439.461488246918,0.06819999999999998
5.0,7440.468326330185,0.06819999999999998
5.0,7441.480181694031,0.06819999999999998
5.0,7442.491943359375,0.06819999999999998
5.0,7443.493501186371,0.06819999999999998
5.0,7444.508106946945,0.06819999999999998
5.0,7445.514715433121,0.06819999999999998
5.0,7446.521449565887,0.06819999999999998
5.0,7447.533152341843,0.06819999999999998
5.0,7448.544190168381,0.06819999999999998
5.0,7449.5509078502655,0.06819999999999998
5.0,7450.55756187439,0.06819999999999998
5.0,7451.564316034317,0.06819999999999998
5.0,7452.5709800720215,0.06819999999999998
5.0,7453.577543020248,0.06819999999999998
5.0,7454.584300279617,0.06819999999999998
5.0,7455.590948820114,0.06819999999999998
5.0,7456.606719970703,0.06819999999999998
5.0,7457.613452196121,0.06819999999999998
5.0,7459.621292829514,0.06819999999999998
5.0,7460.636684417725,0.06819999999999998
5.0,7461.648506164551,0.06819999999999998
5.0,7462.660284042358,0.06819999999999998
5.0,7463.666994810104,0.06819999999999998
5.0,7464.673545122147,0.06819999999999998
5.0,7465.68524813652,0.06819999999999998
5.0,7466.696973562241,0.06819999999999998
5.0,7467.708729028702,0.06819999999999998
5.0,7468.715311288834,0.06819999999999998
5.0,7469.7168781757355,0.06819999999999998
5.0,7470.72362112999,0.06819999999999998
5.0,7471.735397815704,0.06819999999999998
5.0,7472.741630315781,0.06819999999999998
5.0,7473.748318433762,0.06819999999999998
5.0,7474.7548661231995,0.06819999999999998
5.0,7475.761567354202,0.06819999999999998
5.0,7476.768265962601,0.06819999999999998
5.0,7477.769571304321,0.06819999999999998
5.0,7479.777410268784,0.06819999999999998
5.0,7480.784249782562,0.06819999999999998
5.0,7481.790961265564,0.06819999999999998
5.0,7482.802814483643,0.06819999999999998
5.0,7483.809554815292,0.06819999999999998
5.0,7484.821444272995,0.06819999999999998
5.0,7485.828065633774,0.06819999999999998
5.0,7486.834716320038,0.06819999999999998
5.0,7487.841537952423,0.06819999999999998
5.0,7488.848396778107,0.06819999999999998
5.0,7489.855144262314,0.06819999999999998
5.0,7490.861618518829,0.06819999999999998
5.0,7491.86838889122,0.06819999999999998
5.0,7492.87514257431,0.06819999999999998
5.0,7493.886299610138,0.06819999999999998
5.0,7494.8975994586945,0.06819999999999998
5.0,7495.909348487854,0.06819999999999998
5.0,7496.916011333466,0.06819999999999998
5.0,7498.9287168979645,0.06819999999999998
5.0,7499.929596662521,0.06819999999999998
5.0,7500.936436653137,0.06819999999999998
5.0,7501.948323011398,0.06819999999999998
5.0,7502.954989910126,0.06819999999999998
5.0,7503.961572408676,0.06819999999999998
5.0,7504.968381643295,0.06819999999999998
5.0,7505.975158214569,0.06819999999999998
5.0,7506.976751565933,0.06819999999999998
5.0,7507.9884605407715,0.06819999999999998
5.0,7508.995185613632,0.06819999999999998
5.0,7510.001564741135,0.06819999999999998
5.0,7511.00315618515,0.06819999999999998
5.0,7512.004709243774,0.06819999999999998
5.0,7513.020309686661,0.06819999999999998
5.0,7514.02707695961,0.06819999999999998
5.0,7515.033621549606,0.06819999999999998
5.0,7516.040391206741,0.06819999999999998
5.0,7517.055352926254,0.06819999999999998
5.0,7519.068213224411,0.06819999999999998
5.0,7520.075013637543,0.06819999999999998
5.0,7521.08159160614,0.06819999999999998
5.0,7522.108638286591,0.06819999999999998
5.0,7523.132173299789,0.06819999999999998
5.0,7524.135056972504,0.06819999999999998
5.0,7525.137230873108,0.06819999999999998
5.0,7526.141572713852,0.06819999999999998
5.0,7527.160082817078,0.06819999999999998
5.0,7528.16316986084,0.06819999999999998
5.0,7529.172181606293,0.06819999999999998
5.0,7530.173692703247,0.06819999999999998
5.0,7531.176459312439,0.06819999999999998
5.0,7532.178647994995,0.06819999999999998
5.0,7533.181885004044,0.06819999999999998
5.0,7534.1840879917145,0.06819999999999998
5.0,7535.187441587448,0.06819999999999998
5.0,7536.197394371033,0.06819999999999998
5.0,7537.203866243362,0.06819999999999998
5.0,7539.210590839386,0.06819999999999998
5.0,7540.217210531235,0.06819999999999998
5.0,7541.227833032608,0.06819999999999998
5.0,7542.229259490967,0.06819999999999998
5.0,7543.236027479172,0.06819999999999998
5.0,7544.247734069824,0.06819999999999998
5.0,7545.259522676468,0.06819999999999998
5.0,7546.27139043808,0.06819999999999998
5.0,7547.282160758972,0.06819999999999998
5.0,7548.289055109024,0.06819999999999998
5.0,7549.301072835922,0.06819999999999998
5.0,7550.312891483307,0.06819999999999998
5.0,7551.324622154236,0.06819999999999998
5.0,7552.33637213707,0.06819999999999998
5.0,7553.348151922226,0.06819999999999998
5.0,7554.35987329483,0.06819999999999998
5.0,7555.371631383896,0.06819999999999998
5.0,7556.383382797241,0.06819999999999998
5.0,7557.395119905472,0.06819999999999998
5.0,7559.402786254883,0.06819999999999998
5.0,7560.409442663193,0.06819999999999998
5.0,7561.416154623032,0.06819999999999998
5.0,7562.427957773209,0.06819999999999998
5.0,7563.4345989227295,0.06819999999999998
5.0,7564.449551820755,0.06819999999999998
5.0,7565.46431851387,0.06819999999999998
5.0,7566.470987319946,0.06819999999999998
5.0,7567.48272395134,0.06819999999999998
5.0,7568.4894070625305,0.06819999999999998
5.0,7569.496070623398,0.06819999999999998
5.0,7570.50776720047,0.06819999999999998
5.0,7571.513548374176,0.06819999999999998
5.0,7572.520307540894,0.06819999999999998
5.0,7573.527055025101,0.06819999999999998
5.0,7574.533686876297,0.06819999999999998
5.0,7575.540490150452,0.06819999999999998
5.0,7576.54722070694,0.06819999999999998
5.0,7577.561602592468,0.06819999999999998
5.0,7579.569550275803,0.06819999999999998
5.0,7580.576313972473,0.06819999999999998
5.0,7581.583136320114,0.06819999999999998
5.0,7582.589600324631,0.06819999999999998
5.0,7583.59645485878,0.06819999999999998
5.0,7584.603239774704,0.06819999999999998
5.0,7585.609606742859,0.06819999999999998
5.0,7586.616303682327,0.06819999999999998
5.0,7587.622983932495,0.06819999999999998
5.0,7588.634719848633,0.06819999999999998
5.0,7589.641542673111,0.06819999999999998
5.0,7590.648336172104,0.06819999999999998
5.0,7591.655023813248,0.06819999999999998
5.0,7592.661589384079,0.06819999999999998
5.0,7593.668398857117,0.06819999999999998
5.0,7594.675063371658,0.06819999999999998
5.0,7595.681552648544,0.06819999999999998
5.0,7596.688329219818,0.06819999999999998
5.0,7597.695023298264,0.06819999999999998
5.0,7599.710694313049,0.06819999999999998
5.0,7600.72158741951,0.06819999999999998
5.0,7601.7333879470825,0.06819999999999998
5.0,7602.740166425705,0.06819999999999998
5.0,7603.746822357178,0.06819999999999998
5.0,7604.758691310883,0.06819999999999998
5.0,7605.76530456543,0.06819999999999998
5.0,7606.7669134140015,0.06819999999999998
5.0,7607.77356672287,0.06819999999999998
5.0,7608.785401582718,0.06819999999999998
5.0,7609.800602912903,0.06819999999999998
5.0,7610.81187582016,0.06819999999999998
5.0,7611.825608491898,0.06819999999999998
5.0,7612.8373856544495,0.06819999999999998
5.0,7613.849320888519,0.06819999999999998
5.0,7614.850882530212,0.06819999999999998
5.0,7615.857604026794,0.06819999999999998
5.0,7616.864312887192,0.06819999999999998
5.0,7617.871214866638,0.06819999999999998
5.0,7619.889576435089,0.06819999999999998
5.0,7620.896271705627,0.06819999999999998
5.0,7621.902444601059,0.06819999999999998
5.0,7622.9092564582825,0.06819999999999998
5.0,7623.915901660919,0.06819999999999998
5.0,7624.922285556793,0.06819999999999998
5.0,7625.933564186096,0.06389999999999998
5.0,7626.949394464493,0.06819999999999998
5.0,7627.95627117157,0.06819999999999998
5.0,7628.963104724884,0.06819999999999998
5.0,7629.969917297363,0.06819999999999998
5.0,7630.98163151741,0.06819999999999998
5.0,7631.988055467606,0.06819999999999998
5.0,7632.994762659073,0.06819999999999998
5.0,7634.0015478134155,0.06819999999999998
5.0,7635.008284807205,0.06819999999999998
5.0,7636.0095365047455,0.06819999999999998
5.0,7637.021321058273,0.06819999999999998
5.0,7638.033120393753,0.06819999999999998
5.0,7640.0409252643585,0.06819999999999998
5.0,7641.052707910538,0.06819999999999998
5.0,7642.066839933395,0.06819999999999998
5.0,7643.083546161652,0.06819999999999998
5.0,7644.09756731987,0.06819999999999998
5.0,7645.112916231155,0.06819999999999998
5.0,7646.157688379288,0.06819999999999998
5.0,7647.164954900742,0.06819999999999998
5.0,7648.19308590889,0.06819999999999998
5.0,7649.195102214813,0.06389999999999998
5.0,7650.1984333992,0.06819999999999998
5.0,7651.2019736766815,0.06819999999999998
5.0,7652.203800439835,0.06389999999999998
5.0,7653.206485748291,0.06819999999999998
5.0,7654.208964586258,0.06819999999999998
5.0,7655.211894750595,0.06819999999999998
5.0,7656.217436552048,0.06389999999999998
5.0,7657.224010705948,0.06819999999999998
5.0,7658.230591535568,0.06389999999999998
5.0,7660.237452507019,0.06389999999999998
5.0,7661.248477458954,0.06389999999999998
5.0,7662.260269880295,0.06389999999999998
5.0,7663.2615694999695,0.06389999999999998
5.0,7664.2682547569275,0.06389999999999998
5.0,7665.269436836243,0.06389999999999998
5.0,7666.282600879669,0.06819999999999998
5.0,7667.289345264435,0.06819999999999998
5.0,7668.296114206314,0.06389999999999998
5.0,7669.302909612656,0.06819999999999998
5.0,7670.314753293991,0.06389999999999998
5.0,7671.321430444717,0.06389999999999998
5.0,7672.337164402008,0.06819999999999998
5.0,7673.343919992447,0.06389999999999998
5.0,7674.350724935532,0.06389999999999998
5.0,7675.357592344284,0.06389999999999998
5.0,7676.364446640015,0.06389999999999998
5.0,7677.371385812759,0.06389999999999998
5.0,7678.383224964142,0.06389999999999998
5.0,7680.396054267883,0.06389999999999998
5.0,7681.402475357056,0.06389999999999998
5.0,7682.413549900055,0.06389999999999998
5.0,7683.4199759960175,0.06389999999999998
5.0,7684.4266793727875,0.06389999999999998
5.0,7685.433566570282,0.06389999999999998
5.0,7686.440396308899,0.06389999999999998
5.0,7687.452133178711,0.06389999999999998
5.0,7688.453626871109,0.06389999999999998
5.0,7689.460303544998,0.06389999999999998
5.0,7690.4670033454895,0.06389999999999998
5.0,7691.4736342430115,0.06389999999999998
5.0,7692.488311767578,0.06389999999999998
5.0,7693.489589691162,0.06389999999999998
5.0,7694.496297597885,0.06389999999999998
5.0,7695.503032684326,0.06389999999999998
5.0,7696.519702196121,0.06389999999999998
5.0,7697.525554180145,0.06389999999999998
5.0,7698.532438755035,0.06389999999999998
5.0,7700.540282487869,0.06389999999999998
5.0,7701.546884536743,0.06389999999999998
5.0,7702.553586483002,0.06389999999999998
5.0,7703.565299272537,0.06389999999999998
5.0,7704.580650806427,0.06389999999999998
5.0,7705.587327480316,0.06389999999999998
5.0,7706.599102973938,0.06389999999999998
5.0,7707.605632543564,0.06389999999999998
5.0,7708.612360239029,0.06389999999999998
5.0,7709.619328022003,0.06389999999999998
5.0,7710.63356757164,0.06389999999999998
5.0,7711.640321493149,0.06389999999999998
5.0,7712.646922826767,0.06389999999999998
5.0,7713.653556585312,0.06389999999999998
5.0,7714.668083667755,0.06389999999999998
5.0,7715.683536052704,0.06389999999999998
5.0,7716.6896007061005,0.06309999999999999
5.0,7717.696418046951,0.0595
5.0,7718.703290939331,0.06309999999999999
5.0,7720.720014810562,0.05969999999999999
5.0,7721.734747409821,0.0595
5.0,7722.74569773674,0.06309999999999999
5.0,7723.7526512146,0.06309999999999999
5.0,7724.764411687851,0.06309999999999999
5.0,7725.771268129349,0.06309999999999999
5.0,7726.785564184189,0.06309999999999999
5.0,7727.796350002289,0.0595
5.0,7728.80313539505,0.06389999999999998
5.0,7729.8148856163025,0.06729999999999998
5.0,7730.821568489075,0.06389999999999998
5.0,7731.8283569812775,0.06309999999999999
5.0,7732.840093135834,0.06309999999999999
5.0,7733.846891641617,0.06309999999999999
5.0,7734.85359120369,0.06309999999999999
5.0,7735.865560770035,0.06309999999999999
5.0,7736.872371673584,0.06729999999999998
5.0,7737.873562812805,0.06309999999999999
5.0,7738.885283231735,0.06309999999999999
5.0,7740.89307808876,0.06309999999999999
5.0,7741.8998510837555,0.06309999999999999
5.0,7742.906593799591,0.06309999999999999
5.0,7743.917413949966,0.06309999999999999
5.0,7744.924077033997,0.06309999999999999
5.0,7745.9356989860535,0.06309999999999999
5.0,7746.945627212524,0.06729999999999998
5.0,7747.961676836014,0.06309999999999999
5.0,7748.977592945099,0.06309999999999999
5.0,7749.989424943924,0.06309999999999999
5.0,7750.996230125427,0.06309999999999999
5.0,7751.997543811798,0.06309999999999999
5.0,7753.00376534462,0.06309999999999999
5.0,7754.03209066391,0.06309999999999999
5.0,7755.05632686615,0.06309999999999999
5.0,7756.059941291809,0.06309999999999999
5.0,7757.064342021942,0.06309999999999999
5.0,7758.080759763718,0.06309999999999999
5.0,7759.093012571335,0.06729999999999998
5.0,7761.09944319725,0.06309999999999999
5.0,7762.101603269577,0.06309999999999999
5.0,7763.104470252991,0.06729999999999998
5.0,7764.10672211647,0.06309999999999999
5.0,7765.111542224884,0.0595
5.0,7766.117460489273,0.06309999999999999
5.0,7767.128801584244,0.06309999999999999
5.0,7768.129432439804,0.06729999999999998
5.0,7769.130743980408,0.06729999999999998
5.0,7770.137344837189,0.06309999999999999
5.0,7771.147139549255,0.06309999999999999
5.0,7772.159811258316,0.06309999999999999
5.0,7773.16553235054,0.06729999999999998
5.0,7774.172109365463,0.06309999999999999
5.0,7775.184038639069,0.06309999999999999
5.0,7776.190718650818,0.06309999999999999
5.0,7777.19757771492,0.06309999999999999
5.0,7778.204338550568,0.06729999999999998
5.0,7779.210972547531,0.06309999999999999
5.0,7781.218744277954,0.06309999999999999
5.0,7782.229572057724,0.06309999999999999
5.0,7783.236173868179,0.06309999999999999
5.0,7784.246577262878,0.06309999999999999
5.0,7785.252781629562,0.06309999999999999
5.0,7786.264400720596,0.06309999999999999
5.0,7787.276081085205,0.06729999999999998
5.0,7788.286644220352,0.06309999999999999
5.0,7789.293374538422,0.06309999999999999
5.0,7790.3001391887665,0.06729999999999998
5.0,7791.315483570099,0.06729999999999998
5.0,7792.3306267261505,0.06309999999999999
5.0,7793.345581769943,0.06309999999999999
5.0,7794.352383852005,0.06309999999999999
5.0,7795.364181756973,0.06309999999999999
5.0,7796.3759689331055,0.06309999999999999
5.0,7797.382739543915,0.06729999999999998
5.0,7798.389445066452,0.06309999999999999
5.0,7799.401250839233,0.06309999999999999
5.0,7801.41414642334,0.06729999999999998
5.0,7802.420930862427,0.05869999999999999
5.0,7803.4275505542755,0.06309999999999999
5.0,7804.433581113815,0.06729999999999998
5.0,7805.44534277916,0.06309999999999999
5.0,7806.456220626831,0.06309999999999999
5.0,7807.468036174774,0.06729999999999998
5.0,7808.469710111618,0.06309999999999999
5.0,7809.47641658783,0.06729999999999998
5.0,7810.483196258545,0.06729999999999998
5.0,7811.489581108093,0.06309999999999999
5.0,7812.496351957321,0.05969999999999999
5.0,7813.508229970932,0.07159999999999998
5.0,7814.514986991882,0.07159999999999998
5.0,7815.526526927948,0.06309999999999999
5.0,7816.533260345459,0.06729999999999998
5.0,7817.540021419525,0.06729999999999998
5.0,7818.546727657318,0.06729999999999998
5.0,7819.553592681885,0.06729999999999998
5.0,7821.561437368393,0.06729999999999998
5.0,7822.577577352524,0.06309999999999999
5.0,7823.58931183815,0.06729999999999998
5.0,7824.595978021622,0.06729999999999998
5.0,7825.609552145004,0.06729999999999998
5.0,7826.616267442703,0.06309999999999999
5.0,7827.62797498703,0.06729999999999998
5.0,7828.634621620178,0.06309999999999999
5.0,7829.641401767731,0.06729999999999998
5.0,7830.648102283478,0.06729999999999998
5.0,7831.657583236694,0.06729999999999998
5.0,7832.664285182953,0.06309999999999999
5.0,7833.671169996262,0.06309999999999999
5.0,7834.672718763351,0.06729999999999998
5.0,7835.673456430435,0.06729999999999998
5.0,7836.680327415466,0.06729999999999998
5.0,7837.687089204788,0.06309999999999999
5.0,7838.698865175247,0.06729999999999998
5.0,7839.705597639084,0.06729999999999998
5.0,7841.7135672569275,0.06729999999999998
5.0,7842.728408336639,0.06729999999999998
5.0,7843.743003129959,0.06729999999999998
5.0,7844.754684209824,0.06729999999999998
5.0,7845.763555526733,0.06309999999999999
5.0,7846.778762102127,0.06729999999999998
5.0,7847.794233322144,0.06729999999999998
5.0,7848.801044464111,0.06729999999999998
5.0,7849.812873840332,0.06729999999999998
5.0,7850.824594974518,0.06729999999999998
5.0,7851.831363201141,0.06729999999999998
5.0,7852.837555885315,0.06729999999999998
5.0,7853.8446044921875,0.06729999999999998
5.0,7854.851265192032,0.06729999999999998
5.0,7855.862983226776,0.06729999999999998
5.0,7856.86961555481,0.06729999999999998
5.0,7857.884426116943,0.06309999999999999
5.0,7858.896370649338,0.06729999999999998
5.0,7859.903271436691,0.06729999999999998
5.0,7861.916261672974,0.06729999999999998
5.0,7862.9230716228485,0.06729999999999998
5.0,7863.929554462433,0.06309999999999999
5.0,7864.936286211014,0.06729999999999998
5.0,7865.94290137291,0.07159999999999998
5.0,7866.949625015259,0.06729999999999998
5.0,7867.956392288208,0.06729999999999998
5.0,7868.9630563259125,0.06309999999999999
5.0,7869.969724655151,0.06729999999999998
5.0,7870.985221624374,0.06309999999999999
5.0,7871.991919994354,0.06729999999999998
5.0,7872.998675823212,0.06729999999999998
5.0,7874.005552768707,0.06729999999999998
5.0,7875.02038359642,0.06729999999999998
5.0,7876.034530162811,0.06729999999999998
5.0,7877.049663543701,0.06729999999999998
5.0,7878.0642783641815,0.06729999999999998
5.0,7879.079521656036,0.06729999999999998
5.0,7880.085565090179,0.06729999999999998
5.0,7882.093416452408,0.06729999999999998
5.0,7883.094947338104,0.06729999999999998
5.0,7884.101544618607,0.06729999999999998
5.0,7885.108250379562,0.06729999999999998
5.0,7886.114930868149,0.06729999999999998
5.0,7887.121608257294,0.06729999999999998
5.0,7888.128433704376,0.06729999999999998
5.0,7889.1350972652435,0.06309999999999999
5.0,7890.141628980637,0.06729999999999998
5.0,7891.19149518013,0.06729999999999998
5.0,7892.196362257004,0.06729999999999998
5.0,7893.213358640671,0.06729999999999998
5.0,7894.218209505081,0.06729999999999998
5.0,7895.253752708435,0.06729999999999998
5.0,7896.26025557518,0.06729999999999998
5.0,7897.283447027206,0.06729999999999998
5.0,7898.285286426544,0.06729999999999998
5.0,7899.288432598114,0.06729999999999998
5.0,7900.300469875336,0.06309999999999999
5.0,7902.3246483802795,0.06729999999999998
5.0,7903.325625658035,0.06729999999999998
5.0,7904.329122066498,0.06729999999999998
5.0,7905.33150267601,0.06729999999999998
5.0,7906.334796905518,0.06729999999999998
5.0,7907.337936162949,0.06729999999999998
5.0,7908.33961391449,0.06729999999999998
5.0,7909.341332912445,0.06729999999999998
5.0,7910.344216823578,0.06729999999999998
5.0,7911.353428602219,0.06729999999999998
5.0,7912.362388134003,0.06729999999999998
5.0,7913.363826274872,0.06729999999999998
5.0,7914.369433879852,0.06729999999999998
5.0,7915.375984430313,0.06729999999999998
5.0,7916.387666225433,0.06729999999999998
5.0,7917.393676280975,0.06729999999999998
5.0,7918.400503158569,0.06729999999999998
5.0,7919.412286281586,0.06729999999999998
5.0,7920.419077634811,0.06729999999999998
5.0,7922.426617383957,0.06729999999999998
5.0,7923.433435916901,0.06729999999999998
5.0,7924.440076112747,0.06729999999999998
5.0,7925.45197057724,0.06729999999999998
5.0,7926.458646774292,0.06729999999999998
5.0,7927.465524196625,0.06729999999999998
5.0,7928.472432374954,0.06729999999999998
5.0,7929.48565363884,0.06729999999999998
5.0,7930.49244761467,0.06729999999999998
5.0,7931.499294519424,0.06729999999999998
5.0,7932.500936746597,0.06729999999999998
5.0,7933.5124180316925,0.06729999999999998
5.0,7934.513585090637,0.06729999999999998
5.0,7935.519749879837,0.06729999999999998
5.0,7936.525595664978,0.06729999999999998
5.0,7937.537500858307,0.06729999999999998
5.0,7938.549524068832,0.06729999999999998
5.0,7939.556287765503,0.06729999999999998
5.0,7940.5678679943085,0.06729999999999998
5.0,7942.575747966766,0.06729999999999998
5.0,7943.582682847977,0.06729999999999998
5.0,7944.593577384949,0.06729999999999998
5.0,7945.600553035736,0.06729999999999998
5.0,7946.61732840538,0.06729999999999998
5.0,7947.624137401581,0.06729999999999998
5.0,7948.630885839462,0.06729999999999998
5.0,7949.6375460624695,0.06729999999999998
5.0,7950.649332046509,0.06729999999999998
5.0,7951.661110401154,0.06729999999999998
5.0,7952.675163507462,0.06729999999999998
5.0,7953.689574241638,0.06729999999999998
5.0,7954.696233034134,0.06729999999999998
5.0,7955.702763557434,0.06729999999999998
5.0,7956.721489191055,0.06729999999999998
5.0,7957.728157758713,0.06729999999999998
5.0,7958.729577064514,0.06729999999999998
5.0,7959.7363612651825,0.06729999999999998
5.0,7960.748243808746,0.06729999999999998
5.0,7962.750639200211,0.06729999999999998
5.0,7963.757404327393,0.06729999999999998
5.0,7964.764223575592,0.06729999999999998
5.0,7965.765652179718,0.06729999999999998
5.0,7966.767258167267,0.06729999999999998
5.0,7967.773704767227,0.06729999999999998
5.0,7968.789060354233,0.06729999999999998
5.0,7969.800725221634,0.06729999999999998
5.0,7970.812483787537,0.06729999999999998
5.0,7971.813605546951,0.06729999999999998
5.0,7972.820338487625,0.06729999999999998
5.0,7973.827028512955,0.06729999999999998
5.0,7974.83372759819,0.06729999999999998
5.0,7975.84042596817,0.06729999999999998
5.0,7976.852149486542,0.06729999999999998
5.0,7977.853581905365,0.06729999999999998
5.0,7978.860367059708,0.06729999999999998
5.0,7979.867085933685,0.06729999999999998
5.0,7981.879975795746,0.06729999999999998
5.0,7982.886593103409,0.06729999999999998
5.0,7983.902899026871,0.06729999999999998
5.0,7984.9146609306335,0.06729999999999998
5.0,7985.929562330246,0.06729999999999998
5.0,7986.941349506378,0.06729999999999998
5.0,7987.948092699051,0.06729999999999998
5.0,7988.954704761505,0.06729999999999998
5.0,7989.96147942543,0.06729999999999998
5.0,7990.968195438385,0.06729999999999998
5.0,7991.974869251251,0.06729999999999998
5.0,7992.981560230255,0.06729999999999998
5.0,7993.988224029541,0.06729999999999998
5.0,7994.995026111603,0.06729999999999998
5.0,7996.001592874527,0.06729999999999998
5.0,7997.0133497715,0.06729999999999998
5.0,7998.019976139069,0.06729999999999998
5.0,7999.026614904404,0.06729999999999998
5.0,8000.032752752304,0.06729999999999998
5.0,8002.049218893051,0.06729999999999998
5.0,8003.064637899399,0.06729999999999998
5.0,8004.065552711487,0.06729999999999998
5.0,8005.077367305756,0.06729999999999998
5.0,8006.089081048965,0.06729999999999998
5.0,8007.100832462311,0.06729999999999998
5.0,8008.107529163361,0.06729999999999998
5.0,8009.114262342453,0.06729999999999998
5.0,8010.120940923691,0.06729999999999998
5.0,8011.132779598236,0.06729999999999998
5.0,8012.139488220215,0.06729999999999998
5.0,8013.151479721069,0.06729999999999998
5.0,8014.157554149628,0.06729999999999998
5.0,8015.164346456528,0.06729999999999998
5.0,8016.170097112656,0.06729999999999998
5.0,8017.185200452805,0.06729999999999998
5.0,8018.197063922882,0.06729999999999998
5.0,8019.212561607361,0.06729999999999998
5.0,8020.219267368317,0.06729999999999998
5.0,8022.23211312294,0.06729999999999998
5.0,8023.243822336197,0.06729999999999998
5.0,8024.250696182251,0.06729999999999998
5.0,8025.2655377388,0.06729999999999998
5.0,8026.272164344788,0.06729999999999998
5.0,8027.284598112106,0.06729999999999998
5.0,8028.296346902847,0.06729999999999998
5.0,8029.303165197372,0.06729999999999998
5.0,8030.317685365677,0.06729999999999998
5.0,8031.319110631943,0.06729999999999998
5.0,8032.328541278839,0.06729999999999998
5.0,8033.33528470993,0.06729999999999998
5.0,8034.347120523453,0.06729999999999998
5.0,8035.353547811508,0.06729999999999998
5.0,8036.365298032761,0.06729999999999998
5.0,8037.371893167496,0.06729999999999998
5.0,8038.37282371521,0.06729999999999998
5.0,8039.379440307617,0.06729999999999998
5.0,8040.385688781738,0.06729999999999998
5.0,8042.393520832062,0.06729999999999998
5.0,8043.400319337845,0.06729999999999998
5.0,8044.412102222443,0.06729999999999998
5.0,8045.41886639595,0.06729999999999998
5.0,8046.430736780167,0.06729999999999998
5.0,8047.431571960449,0.06729999999999998
5.0,8048.437550544739,0.06729999999999998
5.0,8049.444225549698,0.06729999999999998
5.0,8050.451071977615,0.06729999999999998
5.0,8051.465543270111,0.06729999999999998
5.0,8052.4774079322815,0.06729999999999998
5.0,8053.484277963638,0.06729999999999998
5.0,8054.491089344025,0.06729999999999998
5.0,8055.497606515884,0.06729999999999998
5.0,8056.504351139069,0.06729999999999998
5.0,8057.519305229187,0.06729999999999998
5.0,8058.525613069534,0.06729999999999998
5.0,8059.532461166382,0.06729999999999998
5.0,8060.539336204529,0.06729999999999998
5.0,8062.546779155731,0.06729999999999998
5.0,8063.55344080925,0.06729999999999998
5.0,8064.565367937088,0.06729999999999998
5.0,8065.572094917297,0.06729999999999998
5.0,8066.578807353973,0.06729999999999998
5.0,8067.585573196411,0.06729999999999998
5.0,8068.592308521271,0.06729999999999998
5.0,8069.607766151428,0.06729999999999998
5.0,8070.619533777237,0.06729999999999998
5.0,8071.62557888031,0.06729999999999998
5.0,8072.632334470749,0.06729999999999998
5.0,8073.644033670425,0.06729999999999998
5.0,8074.655789136887,0.06729999999999998
5.0,8075.66157746315,0.06729999999999998
5.0,8076.668275594711,0.06729999999999998
5.0,8077.680177688599,0.06729999999999998
5.0,8078.691933393478,0.06729999999999998
5.0,8079.697772741318,0.06729999999999998
5.0,8080.709570407867,0.06309999999999999
5.0,8082.717442274094,0.06309999999999999
5.0,8083.719035387039,0.06729999999999998
5.0,8084.720646619797,0.06729999999999998
5.0,8085.721578836441,0.06309999999999999
5.0,8086.728324890137,0.06729999999999998
5.0,8087.729679822922,0.06309999999999999
5.0,8088.736320257187,0.06309999999999999
5.0,8089.742969989777,0.06729999999999998
5.0,8090.749582529068,0.06729999999999998
5.0,8091.756365060806,0.06729999999999998
5.0,8092.763101816177,0.06309999999999999
5.0,8093.774856805801,0.06309999999999999
5.0,8094.781541824341,0.06729999999999998
5.0,8095.783117055893,0.06309999999999999
5.0,8096.794838190079,0.06309999999999999
5.0,8097.801579475403,0.06309999999999999
5.0,8098.808325052261,0.06309999999999999
5.0,8099.815217733383,0.06309999999999999
5.0,8100.821564435959,0.06309999999999999
5.0,8102.829441070557,0.06309999999999999
5.0,8103.841383218765,0.06309999999999999
5.0,8104.8481595516205,0.06309999999999999
5.0,8105.854875326157,0.06309999999999999
5.0,8106.861570358276,0.06729999999999998
5.0,8107.873335599899,0.06309999999999999
5.0,8108.880175590515,0.06309999999999999
5.0,8109.886860370636,0.06309999999999999
5.0,8110.893644809723,0.06309999999999999
5.0,8111.900403261185,0.06309999999999999
5.0,8112.912133216858,0.06309999999999999
5.0,8113.918871879578,0.06309999999999999
5.0,8114.925670385361,0.06309999999999999
5.0,8115.9325132369995,0.06309999999999999
5.0,8116.94434928894,0.06309999999999999
5.0,8117.95099568367,0.06309999999999999
5.0,8118.957657337189,0.06309999999999999
5.0,8119.964480638504,0.06309999999999999
5.0,8120.971146821976,0.06309999999999999
5.0,8122.973556280136,0.06309999999999999
5.0,8123.980492591858,0.06309999999999999
5.0,8124.992471933365,0.06309999999999999
5.0,8125.999174833298,0.06309999999999999
5.0,8127.00555562973,0.06309999999999999
5.0,8128.01252412796,0.06309999999999999
5.0,8129.024289608002,0.06309999999999999
5.0,8130.031061887741,0.06309999999999999
5.0,8131.0376060009,0.06309999999999999
5.0,8132.044393062592,0.06309999999999999
5.0,8133.056341409683,0.06309999999999999
5.0,8134.063115358353,0.06309999999999999
5.0,8135.07484126091,0.06309999999999999
5.0,8136.086594581604,0.06309999999999999
5.0,8137.09342622757,0.06309999999999999
5.0,8138.100170850754,0.06309999999999999
5.0,8139.101575136185,0.06309999999999999
5.0,8140.108283519745,0.06309999999999999
5.0,8142.116112470627,0.06309999999999999
5.0,8143.127881765366,0.06309999999999999
5.0,8144.139637231827,0.06309999999999999
5.0,8145.141199350357,0.06649999999999999
5.0,8146.147922754288,0.06309999999999999
5.0,8147.154703617096,0.06309999999999999
5.0,8148.165577411652,0.06309999999999999
5.0,8149.172256231308,0.06309999999999999
5.0,8150.183979511261,0.06309999999999999
5.0,8151.195744752884,0.06309999999999999
5.0,8152.197347640991,0.06309999999999999
5.0,8153.2041029930115,0.06309999999999999
5.0,8154.210706233978,0.06309999999999999
5.0,8155.221531867981,0.06219999999999999
5.0,8156.228246450424,0.06219999999999999
5.0,8157.2350907325745,0.06309999999999999
5.0,8158.241635799408,0.06309999999999999
5.0,8159.247431755066,0.06309999999999999
5.0,8160.261578083038,0.06309999999999999
5.0,8162.26939702034,0.06309999999999999
5.0,8163.284972667694,0.06309999999999999
5.0,8164.299501657486,0.06309999999999999
5.0,8165.315657377243,0.06309999999999999
5.0,8166.32742357254,0.06309999999999999
5.0,8167.333535194397,0.06309999999999999
5.0,8168.345383167267,0.06309999999999999
5.0,8169.357116937637,0.06309999999999999
5.0,8170.363733768463,0.06309999999999999
5.0,8171.375438928604,0.06309999999999999
5.0,8172.387176990509,0.06309999999999999
5.0,8173.393429040909,0.06309999999999999
5.0,8174.404035568237,0.06219999999999999
5.0,8175.42021894455,0.06649999999999999
5.0,8176.426870107651,0.06649999999999999
5.0,8177.4336013793945,0.06219999999999999
5.0,8178.44038939476,0.06219999999999999
5.0,8179.441449642181,0.06219999999999999
5.0,8180.452379703522,0.06309999999999999
5.0,8182.460160017014,0.06209999999999999
5.0,8183.46666264534,0.06309999999999999
5.0,8184.473488807678,0.06309999999999999
5.0,8185.480188131332,0.06219999999999999
5.0,8186.491769313812,0.06219999999999999
5.0,8187.498540878296,0.06309999999999999
5.0,8188.505265235901,0.06219999999999999
5.0,8189.512093305588,0.06649999999999999
5.0,8190.518749237061,0.06309999999999999
5.0,8191.525549173355,0.06309999999999999
5.0,8192.532347679138,0.06649999999999999
5.0,8193.539023399353,0.06649999999999999
5.0,8194.545601844788,0.06219999999999999
5.0,8195.552238464355,0.06219999999999999
5.0,8196.55909204483,0.05869999999999999
5.0,8197.56559586525,0.06219999999999999
5.0,8198.572395563126,0.06219999999999999
5.0,8199.578665018082,0.06219999999999999
5.0,8200.589617967606,0.05869999999999999
5.0,8202.601595878601,0.06219999999999999
5.0,8203.616936683655,0.05869999999999999
5.0,8204.631262540817,0.06219999999999999
5.0,8205.657559871674,0.06219999999999999
5.0,8206.68254160881,0.06309999999999999
5.0,8207.686326742172,0.06219999999999999
5.0,8208.698386669159,0.06309999999999999
5.0,8209.707203149796,0.06219999999999999
5.0,8210.738973855972,0.06219999999999999
5.0,8211.743525981903,0.06219999999999999
5.0,8212.768588781357,0.06309999999999999
5.0,8213.773479700089,0.06219999999999999
5.0,8214.777260780334,0.06219999999999999
5.0,8215.779437541962,0.06219999999999999
5.0,8216.789365053177,0.06219999999999999
5.0,8217.79254102707,0.06649999999999999
5.0,8218.794731378555,0.06209999999999999
5.0,8219.799598455429,0.06209999999999999
5.0,8220.802352428436,0.06209999999999999
5.0,8222.805919885635,0.06309999999999999
5.0,8223.817145824432,0.05869999999999999
5.0,8224.823812961578,0.06649999999999999
5.0,8225.829556465149,0.06209999999999999
5.0,8226.836312770844,0.06219999999999999
5.0,8227.850611925125,0.05869999999999999
5.0,8228.857248306274,0.06209999999999999
5.0,8229.865572214127,0.06649999999999999
5.0,8230.872241735458,0.06219999999999999
5.0,8231.87887954712,0.06209999999999999
5.0,8232.890597343445,0.06649999999999999
5.0,8233.897441387177,0.06219999999999999
5.0,8234.899011850357,0.06649999999999999
5.0,8235.90558052063,0.06219999999999999
5.0,8236.920622587204,0.06309999999999999
5.0,8237.92746257782,0.05869999999999999
5.0,8238.944245815277,0.06219999999999999
5.0,8239.945563316345,0.06209999999999999
5.0,8241.95345044136,0.06309999999999999
5.0,8242.955111026764,0.06219999999999999
5.0,8243.961485862732,0.06219999999999999
5.0,8244.97138261795,0.06219999999999999
5.0,8245.983080387115,0.06219999999999999
5.0,8246.992230176926,0.05869999999999999
5.0,8247.999007701874,0.06219999999999999
5.0,8249.005734443665,0.06649999999999999
5.0,8250.012450695038,0.06309999999999999
5.0,8251.01357793808,0.06649999999999999
5.0,8252.020385026932,0.06309999999999999
5.0,8253.02716088295,0.06219999999999999
5.0,8254.033584356308,0.06309999999999999
5.0,8255.04032754898,0.05869999999999999
5.0,8256.047119140625,0.06649999999999999
5.0,8257.058914661407,0.06219999999999999
5.0,8258.065615415573,0.06219999999999999
5.0,8260.073477506638,0.06219999999999999
5.0,8261.085376024246,0.06309999999999999
5.0,8262.086987018585,0.06219999999999999
5.0,8263.09342122078,0.06309999999999999
5.0,8264.100049257278,0.05869999999999999
5.0,8265.106778860092,0.06309999999999999
5.0,8266.113660812378,0.06649999999999999
5.0,8267.12553524971,0.06309999999999999
5.0,8268.132368087769,0.06309999999999999
5.0,8269.139106035233,0.06309999999999999
5.0,8270.145531892776,0.06649999999999999
5.0,8271.152216911316,0.05869999999999999
5.0,8272.163931131363,0.06309999999999999
5.0,8273.170772790909,0.06309999999999999
5.0,8274.185639619827,0.06309999999999999
5.0,8275.197425365448,0.06219999999999999
5.0,8276.203548192978,0.06219999999999999
5.0,8277.21881556511,0.06309999999999999
5.0,8278.225548744202,0.06309999999999999
5.0,8280.233391284943,0.05869999999999999
5.0,8281.240143060684,0.06309999999999999
5.0,8282.246875047684,0.06309999999999999
5.0,8283.248434305191,0.06219999999999999
5.0,8284.255156040192,0.06309999999999999
5.0,8285.266921281815,0.06219999999999999
5.0,8286.273576259613,0.06219999999999999
5.0,8287.279941558838,0.06309999999999999
5.0,8288.291734218597,0.06309999999999999
5.0,8289.293333768845,0.06649999999999999
5.0,8290.294902324677,0.06309999999999999
5.0,8291.306694984436,0.06309999999999999
5.0,8292.321568965912,0.06309999999999999
5.0,8293.328323364258,0.06309999999999999
5.0,8294.335078954697,0.06309999999999999
5.0,8295.346777677536,0.06309999999999999
5.0,8296.353411436081,0.06309999999999999
5.0,8297.360276937485,0.06219999999999999
5.0,8298.371245384216,0.06309999999999999
5.0,8300.385944843292,0.06309999999999999
5.0,8301.39258980751,0.06309999999999999
5.0,8302.404329776764,0.06309999999999999
5.0,8303.410951137543,0.06309999999999999
5.0,8304.422866821289,0.06309999999999999
5.0,8305.429614782333,0.06309999999999999
5.0,8306.441534042358,0.06309999999999999
5.0,8307.448367357254,0.06309999999999999
5.0,8308.454990386963,0.06309999999999999
5.0,8309.461530447006,0.06309999999999999
5.0,8310.468430519104,0.05879999999999999
5.0,8311.47515821457,0.06309999999999999
5.0,8312.481608867645,0.06309999999999999
5.0,8313.488342761993,0.06309999999999999
5.0,8314.489578485489,0.06309999999999999
5.0,8315.49636054039,0.06309999999999999
5.0,8316.5082757473,0.06309999999999999
5.0,8317.509565114975,0.06309999999999999
5.0,8318.516215801239,0.06309999999999999
5.0,8320.529076099396,0.06309999999999999
5.0,8321.53582906723,0.06309999999999999
5.0,8322.547744512558,0.05869999999999999
5.0,8323.553730249405,0.06309999999999999
5.0,8324.560461759567,0.06309999999999999
5.0,8325.567152738571,0.06309999999999999
5.0,8326.5735809803,0.06309999999999999
5.0,8327.58534026146,0.06309999999999999
5.0,8328.592082738876,0.06219999999999999
5.0,8329.598708152771,0.06309999999999999
5.0,8330.605597734451,0.06309999999999999
5.0,8331.61751127243,0.06309999999999999
5.0,8332.631686925888,0.06309999999999999
5.0,8333.637533187866,0.06309999999999999
5.0,8334.644275426865,0.06309999999999999
5.0,8335.645597457886,0.06309999999999999
5.0,8336.652240753174,0.06309999999999999
5.0,8337.659049987793,0.06309999999999999
5.0,8338.670818090439,0.06309999999999999
5.0,8340.678618907928,0.06309999999999999
5.0,8341.685333967209,0.06309999999999999
5.0,8342.697071790695,0.06309999999999999
5.0,8343.708989858627,0.06309999999999999
5.0,8344.720740318298,0.06649999999999999
5.0,8345.727363348007,0.06309999999999999
5.0,8346.739045858383,0.06309999999999999
5.0,8347.745563745499,0.06309999999999999
5.0,8348.752361536026,0.06309999999999999
5.0,8349.764081001282,0.06309999999999999
5.0,8350.770781755447,0.06309999999999999
5.0,8351.781774759293,0.06309999999999999
5.0,8352.788541555405,0.06309999999999999
5.0,8353.800268173218,0.06309999999999999
5.0,8354.806942224503,0.06309999999999999
5.0,8355.818684339523,0.06309999999999999
5.0,8356.825537919998,0.06309999999999999
5.0,8357.837301492691,0.06309999999999999
5.0,8358.844097137451,0.06309999999999999
5.0,8360.852041959763,0.06309999999999999
5.0,8361.858892679214,0.06309999999999999
5.0,8362.870654344559,0.06309999999999999
5.0,8363.877412319183,0.06309999999999999
5.0,8364.889301300049,0.06309999999999999
5.0,8365.89600944519,0.06309999999999999
5.0,8366.90790772438,0.06309999999999999
5.0,8367.914791107178,0.06309999999999999
5.0,8368.929618120193,0.06309999999999999
5.0,8369.936576843262,0.06309999999999999
5.0,8370.95195555687,0.06309999999999999
5.0,8371.958651065826,0.06309999999999999
5.0,8372.965363502502,0.06309999999999999
5.0,8373.972056627274,0.06309999999999999
5.0,8374.973549604416,0.06309999999999999
5.0,8375.980137348175,0.06309999999999999
5.0,8376.990942001343,0.0629
5.0,8377.997587442398,0.06309999999999999
5.0,8379.004384279251,0.06309999999999999
5.0,8381.01206445694,0.06309999999999999
5.0,8382.01872754097,0.06309999999999999
5.0,8383.02547121048,0.06309999999999999
5.0,8384.037117004395,0.06309999999999999
5.0,8385.048118591309,0.06309999999999999
5.0,8386.054799556732,0.06309999999999999
5.0,8387.061565637589,0.06309999999999999
5.0,8388.0682990551,0.06309999999999999
5.0,8389.07497882843,0.06309999999999999
5.0,8390.081573724747,0.06309999999999999
5.0,8391.088292121887,0.06309999999999999
5.0,8392.094976902008,0.06309999999999999
5.0,8393.101583719254,0.06309999999999999
5.0,8394.10837507248,0.06309999999999999
5.0,8395.115147352219,0.06309999999999999
5.0,8396.1215634346,0.06309999999999999
5.0,8397.128322839737,0.06309999999999999
5.0,8398.135119438171,0.06309999999999999
5.0,8399.141557693481,0.06309999999999999
5.0,8401.1493871212,0.06309999999999999
5.0,8402.156045913696,0.06309999999999999
5.0,8403.162670373917,0.06309999999999999
5.0,8404.169533014297,0.06309999999999999
5.0,8405.175750494003,0.06309999999999999
5.0,8406.177426338196,0.06309999999999999
5.0,8407.184188127518,0.06729999999999998
5.0,8408.185630083084,0.06309999999999999
5.0,8409.192423820496,0.06309999999999999
5.0,8410.204295158386,0.06309999999999999
5.0,8411.216026306152,0.06309999999999999
5.0,8412.222792387009,0.06309999999999999
5.0,8413.228497743607,0.06309999999999999
5.0,8414.235123872757,0.06309999999999999
5.0,8415.241717100143,0.06309999999999999
5.0,8416.243402719498,0.06309999999999999
5.0,8417.257462978363,0.06309999999999999
5.0,8418.269400835037,0.06309999999999999
5.0,8419.271035432816,0.06309999999999999
5.0,8421.283878087997,0.06309999999999999
5.0,8422.29558968544,0.06309999999999999
5.0,8423.297137975693,0.06309999999999999
5.0,8424.308935165405,0.06309999999999999
5.0,8425.31525182724,0.06309999999999999
5.0,8426.325515270233,0.06309999999999999
5.0,8427.340315580368,0.06309999999999999
5.0,8428.341586112976,0.06309999999999999
5.0,8429.348198652267,0.06309999999999999
5.0,8430.354787349701,0.06309999999999999
5.0,8431.356330156326,0.06309999999999999
5.0,8432.36803984642,0.06309999999999999
5.0,8433.36960864067,0.06309999999999999
5.0,8434.381415128708,0.06309999999999999
5.0,8435.388198375702,0.06309999999999999
5.0,8436.389564752579,0.06309999999999999
5.0,8437.391184806824,0.06309999999999999
5.0,8438.39761686325,0.06309999999999999
5.0,8439.412950515747,0.06309999999999999
5.0,8441.4146566391,0.06309999999999999
5.0,8442.421453475952,0.06309999999999999
5.0,8443.428194284439,0.06309999999999999
5.0,8444.429567813873,0.06309999999999999
5.0,8445.436553001404,0.06309999999999999
5.0,8446.437571525574,0.06309999999999999
5.0,8447.444202423096,0.06309999999999999
5.0,8448.455894947052,0.06309999999999999
5.0,8449.462630987167,0.06309999999999999
5.0,8450.469651937485,0.06309999999999999
5.0,8451.476497650146,0.06309999999999999
5.0,8452.488374948502,0.06309999999999999
5.0,8453.495155334473,0.06309999999999999
5.0,8454.506865739822,0.06309999999999999
5.0,8455.518634319305,0.06309999999999999
5.0,8456.52541255951,0.06309999999999999
5.0,8457.532173871994,0.06309999999999999
5.0,8458.538126707077,0.06309999999999999
5.0,8460.545533418655,0.06309999999999999
5.0,8461.55736708641,0.06309999999999999
5.0,8462.564086198807,0.06649999999999999
5.0,8463.570788621902,0.06309999999999999
5.0,8464.577609062195,0.06309999999999999
5.0,8465.584407806396,0.06309999999999999
5.0,8466.591191291809,0.06309999999999999
5.0,8467.602992773056,0.06309999999999999
5.0,8468.609596252441,0.06309999999999999
5.0,8469.616221189499,0.06309999999999999
5.0,8470.62289404869,0.06309999999999999
5.0,8471.629536390305,0.06309999999999999
5.0,8472.636374950409,0.06309999999999999
5.0,8473.64802145958,0.06309999999999999
5.0,8474.654715776443,0.06309999999999999
5.0,8475.661511182785,0.06309999999999999
5.0,8476.668298006058,0.06309999999999999
5.0,8477.675190925598,0.06309999999999999
5.0,8478.6869597435,0.06309999999999999
5.0,8480.694660186768,0.06309999999999999
5.0,8481.70153260231,0.06309999999999999
5.0,8482.70829629898,0.06309999999999999
5.0,8483.714906692505,0.0629
5.0,8484.721557617188,0.06309999999999999
5.0,8485.73347234726,0.06309999999999999
5.0,8486.740208387375,0.06309999999999999
5.0,8487.751930952072,0.06309999999999999
5.0,8488.75870513916,0.06309999999999999
5.0,8489.76538324356,0.06309999999999999
5.0,8490.76705789566,0.06309999999999999
5.0,8491.773613452911,0.06309999999999999
5.0,8492.775230169296,0.06309999999999999
5.0,8493.787060022354,0.06309999999999999
5.0,8494.793590068817,0.06309999999999999
5.0,8495.800265550613,0.06309999999999999
5.0,8496.806958675385,0.06309999999999999
5.0,8497.821583271027,0.06309999999999999
5.0,8498.828418254852,0.06309999999999999
5.0,8500.83616900444,0.06309999999999999
5.0,8501.842817783356,0.06309999999999999
5.0,8502.849539756775,0.06309999999999999
5.0,8503.85639333725,0.06309999999999999
5.0,8504.868245363235,0.06309999999999999
5.0,8505.87501001358,0.06309999999999999
5.0,8506.88972043991,0.06309999999999999
5.0,8507.901552200317,0.06309999999999999
5.0,8508.913476228714,0.06309999999999999
5.0,8509.935890436172,0.06309999999999999
5.0,8510.957085609436,0.06309999999999999
5.0,8511.963133096695,0.06309999999999999
5.0,8512.977650165558,0.06309999999999999
5.0,8514.011849403381,0.06309999999999999
5.0,8515.031703948975,0.06309999999999999
5.0,8516.035598278046,0.06309999999999999
5.0,8517.046863079071,0.06309999999999999
5.0,8518.058502674103,0.06309999999999999
5.0,8519.070002794266,0.06309999999999999
5.0,8521.076079368591,0.06309999999999999
5.0,8522.078110456467,0.06309999999999999
5.0,8523.088539123535,0.06309999999999999
5.0,8524.091065645218,0.06309999999999999
5.0,8525.1018948555,0.06309999999999999
5.0,8526.108439207077,0.06309999999999999
5.0,8527.109460830688,0.06309999999999999
5.0,8528.116188526154,0.06309999999999999
5.0,8529.122862815857,0.06309999999999999
5.0,8530.129543542862,0.06309999999999999
5.0,8531.136335611343,0.06309999999999999
5.0,8532.148102283478,0.06309999999999999
5.0,8533.154809713364,0.06309999999999999
5.0,8534.156437158585,0.06309999999999999
5.0,8535.168246507645,0.06309999999999999
5.0,8536.169567346573,0.06309999999999999
5.0,8537.181449651718,0.06309999999999999
5.0,8538.1932015419,0.06309999999999999
5.0,8539.19999074936,0.06309999999999999
5.0,8541.202699899673,0.06309999999999999
5.0,8542.213614940643,0.06309999999999999
5.0,8543.220526218414,0.06309999999999999
5.0,8544.227256298065,0.06309999999999999
5.0,8545.233605861664,0.06309999999999999
5.0,8546.24533367157,0.06309999999999999
5.0,8547.252036571503,0.06309999999999999
5.0,8548.253574609756,0.06309999999999999
5.0,8549.268940925598,0.06309999999999999
5.0,8550.275341749191,0.06309999999999999
5.0,8551.276909828186,0.06309999999999999
5.0,8552.288771390915,0.06309999999999999
5.0,8553.304016828537,0.06309999999999999
5.0,8554.321077823639,0.06309999999999999
5.0,8555.327914476395,0.06309999999999999
5.0,8556.33469080925,0.06309999999999999
5.0,8557.34159731865,0.06309999999999999
5.0,8558.34830403328,0.06309999999999999
5.0,8559.355055093765,0.06309999999999999
5.0,8561.36791229248,0.06309999999999999
5.0,8562.38332414627,0.06309999999999999
5.0,8563.398066043854,0.06309999999999999
5.0,8564.399587154388,0.06309999999999999
5.0,8565.413607120514,0.06309999999999999
5.0,8566.425469636917,0.06309999999999999
5.0,8567.42702627182,0.06309999999999999
5.0,8568.43358039856,0.06309999999999999
5.0,8569.435147047043,0.06309999999999999
5.0,8570.446883916855,0.06309999999999999
5.0,8571.453677415848,0.06309999999999999
5.0,8572.45447230339,0.06309999999999999
5.0,8573.468639850616,0.06309999999999999
5.0,8574.48459982872,0.06309999999999999
5.0,8575.49640417099,0.06309999999999999
5.0,8576.503242969513,0.06309999999999999
5.0,8577.517564535141,0.06309999999999999
5.0,8578.532321929932,0.06309999999999999
5.0,8579.544078826904,0.06309999999999999
5.0,8581.55874490738,0.06309999999999999
5.0,8582.565452337265,0.06309999999999999
5.0,8583.572223424911,0.06309999999999999
5.0,8584.578925609589,0.06309999999999999
5.0,8585.590889930725,0.06309999999999999
5.0,8586.60264468193,0.06309999999999999
5.0,8587.60944724083,0.06309999999999999
5.0,8588.623036623001,0.06309999999999999
5.0,8589.634806632996,0.06309999999999999
5.0,8590.641542673111,0.06309999999999999
5.0,8591.65759396553,0.06309999999999999
5.0,8592.664361715317,0.06309999999999999
5.0,8593.671151161194,0.06309999999999999
5.0,8594.685558319092,0.06309999999999999
5.0,8595.692277669907,0.06309999999999999
5.0,8596.703849554062,0.06309999999999999
5.0,8597.715567827225,0.06309999999999999
5.0,8598.72741985321,0.06309999999999999
5.0,8599.733625411987,0.06309999999999999
5.0,8601.749540567398,0.06309999999999999
5.0,8602.765342950821,0.06309999999999999
5.0,8603.766879796982,0.06309999999999999
5.0,8604.781587839127,0.06309999999999999
5.0,8605.783120632172,0.06309999999999999
5.0,8606.789571762085,0.06309999999999999
5.0,8607.796353340149,0.06309999999999999
5.0,8608.802900791168,0.06309999999999999
5.0,8609.809569597244,0.06309999999999999
5.0,8610.816383361816,0.06309999999999999
5.0,8611.828000545502,0.06309999999999999
5.0,8612.829654216766,0.06309999999999999
5.0,8613.844727277756,0.06309999999999999
5.0,8614.859566926956,0.06309999999999999
5.0,8615.873696804047,0.06309999999999999
5.0,8616.887381792068,0.06309999999999999
5.0,8617.893556833267,0.06309999999999999
5.0,8618.895099401474,0.06309999999999999
5.0,8619.901550769806,0.06309999999999999
5.0,8621.909356355667,0.06309999999999999
5.0,8622.916071414948,0.06309999999999999
5.0,8623.927810907364,0.06309999999999999
5.0,8624.939543008804,0.06309999999999999
5.0,8625.945540904999,0.06309999999999999
5.0,8626.947090625763,0.06309999999999999
5.0,8627.95377421379,0.06309999999999999
5.0,8628.960479259491,0.06309999999999999
5.0,8629.967146873474,0.06309999999999999
5.0,8630.973561763763,0.06309999999999999
5.0,8631.985345840454,0.06309999999999999
5.0,8632.997114419937,0.06309999999999999
5.0,8634.003914117813,0.06309999999999999
5.0,8635.015751123428,0.06309999999999999
5.0,8636.021583557129,0.06309999999999999
5.0,8637.033356666565,0.06309999999999999
5.0,8638.040068626404,0.06309999999999999
5.0,8639.04156780243,0.06309999999999999
5.0,8640.048401117325,0.06309999999999999
5.0,8642.056210041046,0.06309999999999999
5.0,8643.071109771729,0.06309999999999999
5.0,8644.082842111588,0.06309999999999999
5.0,8645.084442853928,0.06309999999999999
5.0,8646.09113740921,0.06309999999999999
5.0,8647.097604513168,0.06309999999999999
5.0,8648.10941028595,0.06309999999999999
5.0,8649.116128444672,0.06309999999999999
5.0,8650.12227845192,0.06309999999999999
5.0,8651.133614778519,0.06309999999999999
5.0,8652.1454205513,0.06309999999999999
5.0,8653.152097463608,0.05869999999999999
5.0,8654.158752441406,0.06309999999999999
5.0,8655.165531396866,0.06309999999999999
5.0,8656.172440290451,0.06309999999999999
5.0,8657.188341856003,0.06309999999999999
5.0,8658.189658403397,0.06309999999999999
5.0,8659.204152584076,0.05869999999999999
5.0,8660.210817575455,0.06309999999999999
5.0,8662.21866440773,0.06309999999999999
5.0,8663.225331306458,0.0629
5.0,8664.231994628906,0.0629
5.0,8665.238733530045,0.06309999999999999
5.0,8666.250651359558,0.06309999999999999
5.0,8667.261635065079,0.06309999999999999
5.0,8668.273466825485,0.05869999999999999
5.0,8669.280320644379,0.06219999999999999
5.0,8670.286917448044,0.06209999999999999
5.0,8671.293617010117,0.06309999999999999
5.0,8672.295193910599,0.06209999999999999
5.0,8673.301570653915,0.06309999999999999
5.0,8674.312857151031,0.06309999999999999
5.0,8675.32462477684,0.06309999999999999
5.0,8676.331259965897,0.06209999999999999
5.0,8677.337706565857,0.06309999999999999
5.0,8678.353553056717,0.06309999999999999
5.0,8679.365376710892,0.05869999999999999
5.0,8680.371907711029,0.06209999999999999
5.0,8682.37959742546,0.06209999999999999
5.0,8683.381136417389,0.06209999999999999
5.0,8684.392889022827,0.06309999999999999
5.0,8685.399617910385,0.06309999999999999
5.0,8686.405598163605,0.06309999999999999
5.0,8687.412218093872,0.06309999999999999
5.0,8688.423978090286,0.06309999999999999
5.0,8689.430521249771,0.06309999999999999
5.0,8690.43202328682,0.06309999999999999
5.0,8691.438780784607,0.06309999999999999
5.0,8692.452599525452,0.06309999999999999
5.0,8693.464347600937,0.06209999999999999
5.0,8694.476040363312,0.06309999999999999
5.0,8695.482691287994,0.06309999999999999
5.0,8696.484236717224,0.06309999999999999
5.0,8697.490930080414,0.06309999999999999
5.0,8698.492541313171,0.06219999999999999
5.0,8699.493631362915,0.06219999999999999
5.0,8700.50033068657,0.06209999999999999
5.0,8702.50269317627,0.06309999999999999
5.0,8703.509482860565,0.06309999999999999
5.0,8704.520638942719,0.06209999999999999
5.0,8705.532400131226,0.06309999999999999
5.0,8706.538610219955,0.06219999999999999
5.0,8707.545281410217,0.06219999999999999
5.0,8708.552109003067,0.06309999999999999
5.0,8709.553565502167,0.06219999999999999
5.0,8710.560313940048,0.06309999999999999
5.0,8711.572041749954,0.06209999999999999
5.0,8712.57871723175,0.06209999999999999
5.0,8713.580246925354,0.06309999999999999
5.0,8714.59199476242,0.06219999999999999
5.0,8715.598664283752,0.06209999999999999
5.0,8716.605468034744,0.06219999999999999
5.0,8717.617214918137,0.06309999999999999
5.0,8718.628962039948,0.06309999999999999
5.0,8719.635747909546,0.06209999999999999
5.0,8721.64805650711,0.06209999999999999
5.0,8722.654644489288,0.06219999999999999
5.0,8723.661476612091,0.06209999999999999
5.0,8724.668345451355,0.06219999999999999
5.0,8725.67515039444,0.06209999999999999
5.0,8726.68156838417,0.06309999999999999
5.0,8727.693418979645,0.06209999999999999
5.0,8728.700107812881,0.06209999999999999
5.0,8729.701850175858,0.0629
5.0,8730.71361207962,0.06209999999999999
5.0,8731.720395803452,0.06219999999999999
5.0,8732.732138872147,0.06209999999999999
5.0,8733.738758325577,0.05869999999999999
5.0,8734.745471000671,0.06649999999999999
5.0,8735.752129077911,0.06219999999999999
5.0,8736.753564357758,0.06209999999999999
5.0,8737.760244607925,0.06219999999999999
5.0,8738.766920804977,0.06209999999999999
5.0,8739.77359199524,0.06219999999999999
5.0,8741.776361942291,0.06209999999999999
5.0,8742.788115978241,0.06219999999999999
5.0,8743.794935464859,0.06309999999999999
5.0,8744.801570415497,0.06219999999999999
5.0,8745.813381195068,0.06209999999999999
5.0,8746.820154190063,0.06219999999999999
5.0,8747.831933021545,0.06209999999999999
5.0,8748.838644266129,0.06309999999999999
5.0,8749.853610515594,0.06219999999999999
5.0,8750.86026930809,0.06309999999999999
5.0,8751.86158490181,0.06309999999999999
5.0,8752.86840415001,0.06209999999999999
5.0,8753.87509894371,0.06219999999999999
5.0,8754.886016368866,0.06219999999999999
5.0,8755.912752628326,0.06309999999999999
5.0,8756.933432102203,0.06309999999999999
5.0,8757.938979387283,0.06209999999999999
5.0,8758.957054138184,0.06209999999999999
5.0,8760.969133138657,0.06219999999999999
5.0,8761.972987413406,0.06209999999999999
5.0,8762.976847410202,0.06309999999999999
5.0,8763.979982376099,0.06209999999999999
5.0,8764.982167482376,0.06219999999999999
5.0,8765.98526096344,0.06309999999999999
5.0,8766.995374917984,0.06209999999999999
5.0,8768.017673969269,0.06309999999999999
5.0,8769.033004522324,0.06219999999999999
5.0,8770.041681528091,0.06309999999999999
5.0,8771.047842979431,0.06219999999999999
5.0,8772.054186344147,0.06219999999999999
5.0,8773.056972265244,0.06219999999999999
5.0,8774.060502052307,0.06219999999999999
5.0,8775.062327384949,0.06219999999999999
5.0,8776.065575122833,0.06309999999999999
5.0,8777.06698346138,0.06209999999999999
5.0,8778.071832180023,0.06209999999999999
5.0,8779.081457138062,0.06219999999999999
5.0,8781.091270446777,0.05869999999999999
5.0,8782.092748641968,0.05869999999999999
5.0,8783.099406719208,0.06649999999999999
5.0,8784.105563640594,0.06649999999999999
5.0,8785.11743760109,0.06209999999999999
5.0,8786.124121665955,0.06209999999999999
5.0,8787.130724668503,0.06209999999999999
5.0,8788.137475967407,0.06209999999999999
5.0,8789.149399280548,0.06649999999999999
5.0,8790.155313253403,0.06219999999999999
5.0,8791.167143821716,0.06209999999999999
5.0,8792.173460245132,0.06219999999999999
5.0,8793.180182695389,0.06219999999999999
5.0,8794.186894416809,0.06209999999999999
5.0,8795.193648338318,0.06209999999999999
5.0,8796.20045375824,0.06219999999999999
5.0,8797.207283973694,0.05869999999999999
5.0,8798.219163656235,0.06209999999999999
5.0,8799.225620269775,0.05869999999999999
5.0,8801.241430997849,0.05869999999999999
5.0,8802.248121738434,0.06209999999999999
5.0,8803.254747867584,0.06209999999999999
5.0,8804.266579389572,0.06209999999999999
5.0,8805.273464679718,0.06209999999999999
5.0,8806.285406589508,0.06209999999999999
5.0,8807.292203426361,0.06219999999999999
5.0,8808.293591499329,0.06649999999999999
5.0,8809.300477266312,0.06219999999999999
5.0,8810.301579713821,0.06209999999999999
5.0,8811.313391447067,0.06649999999999999
5.0,8812.320209503174,0.06209999999999999
5.0,8813.332247495651,0.06219999999999999
5.0,8814.339031457901,0.06649999999999999
7.0,8815.350774288177,0.06219999999999999
7.0,8816.352315425873,0.06219999999999999
7.0,8817.358979463577,0.06219999999999999
7.0,8818.360542297363,0.06649999999999999
7.0,8819.367421388626,0.06219999999999999
7.0,8821.384801149368,0.06729999999999998
7.0,8822.396588563919,0.06309999999999999
7.0,8823.403274536133,0.06729999999999998
7.0,8824.41501879692,0.06729999999999998
7.0,8825.42158651352,0.06729999999999998
7.0,8826.423156738281,0.06729999999999998
7.0,8827.424716711044,0.06729999999999998
7.0,8828.43660235405,0.06309999999999999
7.0,8829.448498249054,0.06309999999999999
7.0,8830.455300092697,0.06729999999999998
7.0,8831.461644172668,0.06309999999999999
7.0,8832.472555398941,0.06389999999999998
7.0,8833.48839521408,0.06389999999999998
7.0,8834.495020627975,0.06479999999999998
7.0,8835.501570940018,0.06899999999999999
7.0,8836.508233070374,0.06899999999999999
7.0,8837.51983499527,0.06559999999999999
7.0,8838.526497125626,0.06989999999999999
7.0,8839.54011297226,0.06989999999999999
7.0,8841.556383371353,0.07069999999999999
7.0,8842.563240766525,0.07069999999999999
7.0,8843.569545269012,0.07069999999999999
7.0,8844.576199293137,0.07069999999999999
7.0,8845.58704161644,0.07069999999999999
7.0,8846.593562602997,0.07499999999999998
7.0,8847.600445270538,0.07069999999999999
7.0,8848.615713596344,0.07069999999999999
7.0,8849.63046503067,0.07499999999999998
7.0,8850.647192955017,0.07069999999999999
7.0,8851.653598546982,0.07069999999999999
7.0,8852.665370225906,0.06729999999999998
7.0,8853.672154903412,0.07159999999999998
7.0,8854.683841705322,0.06729999999999998
7.0,8855.690616607666,0.07239999999999999
7.0,8856.69750404358,0.07239999999999999
7.0,8857.704289913177,0.06899999999999999
7.0,8858.716026067734,0.07329999999999999
7.0,8859.722829341888,0.07749999999999999
7.0,8861.735813379288,0.06989999999999999
7.0,8862.752509117126,0.07409999999999999
7.0,8863.764493227005,0.07409999999999999
7.0,8864.765624523163,0.07409999999999999
7.0,8865.772414445877,0.07409999999999999
7.0,8866.773534536362,0.07409999999999999
7.0,8867.775099754333,0.07409999999999999
7.0,8868.776678085327,0.07409999999999999
7.0,8869.777560710907,0.07409999999999999
7.0,8870.784301757812,0.07409999999999999
7.0,8871.790977239609,0.07409999999999999
7.0,8872.797545671463,0.07839999999999998
7.0,8873.804320573807,0.07069999999999999
7.0,8874.80560350418,0.07499999999999998
7.0,8875.812240123749,0.07919999999999998
7.0,8876.81900024414,0.07159999999999998
7.0,8877.830764770508,0.07579999999999998
7.0,8878.837568759918,0.07579999999999998
7.0,8879.839197397232,0.07239999999999999
7.0,8881.846713542938,0.07669999999999999
7.0,8882.853523015976,0.07669999999999999
7.0,8883.860323667526,0.07669999999999999
7.0,8884.866966962814,0.07669999999999999
7.0,8885.87355351448,0.07669999999999999
7.0,8886.880223035812,0.07669999999999999
7.0,8887.886895179749,0.07239999999999999
7.0,8888.893585443497,0.07669999999999999
7.0,8889.905376672745,0.07669999999999999
7.0,8890.912134885788,0.07669999999999999
7.0,8891.91882109642,0.07239999999999999
7.0,8892.925419807434,0.07329999999999999
7.0,8893.9371612072,0.07749999999999999
7.0,8894.943896055222,0.0818
7.0,8895.958928823471,0.07749999999999999
7.0,8896.970732450485,0.07839999999999998
7.0,8897.981516599655,0.0828
7.0,8898.99339222908,0.07839999999999998
7.0,8900.000049829483,0.07499999999999998
7.0,8902.010672092438,0.07919999999999998
7.0,8903.017614603043,0.0794
7.0,8904.01921916008,0.07919999999999998
7.0,8905.030966758728,0.0836
7.0,8906.037528514862,0.07919999999999998
7.0,8907.044231176376,0.07919999999999998
7.0,8908.061570167542,0.07919999999999998
7.0,8909.068244695663,0.07919999999999998
7.0,8910.075008630753,0.0836
7.0,8911.081610679626,0.0836
7.0,8912.09181714058,0.07919999999999998
7.0,8913.098715305328,0.07579999999999998
7.0,8914.105432271957,0.0803
7.0,8915.120354890823,0.0801
7.0,8916.121606588364,0.07579999999999998
7.0,8917.128353118896,0.07669999999999999
7.0,8918.135074853897,0.08089999999999999
7.0,8919.14756822586,0.08089999999999999
7.0,8920.153567790985,0.07749999999999999
7.0,8922.161402225494,0.0818
7.0,8923.175958156586,0.08199999999999999
7.0,8924.18956232071,0.0818
7.0,8925.191101312637,0.0818
7.0,8926.197561979294,0.0818
7.0,8927.209463357925,0.0818
7.0,8928.22424697876,0.0818
7.0,8929.239295959473,0.08199999999999999
7.0,8930.2505068779,0.08199999999999999
7.0,8931.26222872734,0.0818
7.0,8932.27757024765,0.08199999999999999
7.0,8933.28436088562,0.0818
7.0,8934.291047334671,0.08199999999999999
7.0,8935.292577505112,0.0828
7.0,8936.293585062027,0.0828
7.0,8937.300221681595,0.0828
7.0,8938.311967849731,0.07919999999999998
7.0,8939.318645715714,0.0836
7.0,8940.325609207153,0.07919999999999998
7.0,8942.333615779877,0.08789999999999999
7.0,8943.34543466568,0.07919999999999998
7.0,8944.352217435837,0.07919999999999998
7.0,8945.358788967133,0.07919999999999998
7.0,8946.365521669388,0.0794
7.0,8947.37222647667,0.07919999999999998
7.0,8948.378919363022,0.0794
7.0,8949.38556933403,0.0801
7.0,8950.392342805862,0.07919999999999998
7.0,8951.393537044525,0.0801
7.0,8952.400202989578,0.0801
7.0,8953.4069211483,0.0801
7.0,8954.418674230576,0.0803
7.0,8955.429572820663,0.0801
7.0,8956.441384077072,0.0803
7.0,8957.448296785355,0.08109999999999999
7.0,8958.454941749573,0.08109999999999999
7.0,8959.461558818817,0.08109999999999999
7.0,8960.468266248703,0.08109999999999999
7.0,8962.476048231125,0.08199999999999999
7.0,8963.48274564743,0.0836
7.0,8964.493548631668,0.0836
7.0,8965.49982213974,0.08199999999999999
7.0,8966.511575222015,0.0836
7.0,8967.523314237595,0.08199999999999999
7.0,8968.529550552368,0.0836
7.0,8969.536097764969,0.0836
7.0,8970.547782421112,0.0836
7.0,8971.553614139557,0.0836
7.0,8972.560502767563,0.0818
7.0,8973.567276239395,0.0836
7.0,8974.57358121872,0.0904
7.0,8975.580416440964,0.0828
7.0,8976.587236166,0.0828
7.0,8977.593544244766,0.087
7.0,8978.600256443024,0.087
7.0,8979.615359067917,0.087
7.0,8980.621584892273,0.0828
7.0,8982.633583068848,0.08789999999999999
7.0,8983.645353794098,0.08789999999999999
7.0,8984.65707206726,0.08789999999999999
7.0,8985.663978815079,0.08789999999999999
7.0,8986.670804977417,0.08789999999999999
7.0,8987.682784795761,0.08789999999999999
7.0,8988.689650058746,0.08789999999999999
7.0,8989.712401866913,0.08789999999999999
7.0,8990.734092235565,0.08789999999999999
7.0,8991.751683235168,0.08789999999999999
7.0,8992.757657766342,0.08789999999999999
7.0,8993.768109798431,0.09209999999999999
7.0,8994.771191835403,0.08789999999999999
7.0,8995.774498224258,0.0836
7.0,8996.776579380035,0.0887
7.0,8997.780085086823,0.0887
7.0,8998.783332586288,0.0887
7.0,8999.785553216934,0.08109999999999999
7.0,9000.79436659813,0.08109999999999999
7.0,9002.814347028732,0.0896
7.0,9003.818084001541,0.0896
7.0,9004.835389137268,0.0896
7.0,9005.843559026718,0.0896
7.0,9006.854381084442,0.0896
7.0,9007.857026576996,0.0896
7.0,9008.859570026398,0.0896
7.0,9009.862877607346,0.0896
7.0,9010.871574878693,0.0896
7.0,9011.873468637466,0.0896
7.0,9012.884477615356,0.0896
7.0,9013.885460853577,0.0896
7.0,9014.891949892044,0.0818
7.0,9015.898477554321,0.0836
7.0,9016.905166864395,0.0904
7.0,9017.920147895813,0.0904
7.0,9018.92690896988,0.09469999999999999
7.0,9019.933433055878,0.0904
7.0,9020.940044879913,0.087
7.0,9022.952850103378,0.087
7.0,9023.953588485718,0.09129999999999999
7.0,9024.96023440361,0.09129999999999999
7.0,9025.967029571533,0.09129999999999999
7.0,9026.97353720665,0.09129999999999999
7.0,9027.97515964508,0.09129999999999999
7.0,9028.993567943573,0.09129999999999999
7.0,9030.000352621078,0.09129999999999999
7.0,9031.012046575546,0.09129999999999999
7.0,9032.018767595291,0.09129999999999999
7.0,9033.029551744461,0.09129999999999999
7.0,9034.03604388237,0.09129999999999999
7.0,9035.045600175858,0.09559999999999999
7.0,9036.05224609375,0.09129999999999999
7.0,9037.0639295578,0.08789999999999999
7.0,9038.06565284729,0.09209999999999999
7.0,9039.07741189003,0.09209999999999999
7.0,9040.084167957306,0.09209999999999999
7.0,9041.095978975296,0.09659999999999999
7.0,9043.10386967659,0.09209999999999999
7.0,9044.119597196579,0.0887
7.0,9045.125587463379,0.0887
7.0,9046.13230419159,0.0887
7.0,9047.14399433136,0.0887
7.0,9048.15579032898,0.0887
7.0,9049.162666082382,0.0887
7.0,9050.168636798859,0.0887
7.0,9051.180526256561,0.0887
7.0,9052.19604921341,0.0887
7.0,9053.197629928589,0.0887
7.0,9054.204346895218,0.09299999999999999
7.0,9055.216094732285,0.09299999999999999
7.0,9056.22279882431,0.09299999999999999
7.0,9057.22436451912,0.09299999999999999
7.0,9058.225539207458,0.0887
7.0,9059.232383489609,0.0896
7.0,9060.244221687317,0.0896
7.0,9061.245655059814,0.09389999999999998
7.0,9063.258651733398,0.09389999999999998
7.0,9064.26523399353,0.09389999999999998
7.0,9065.277003526688,0.09389999999999998
7.0,9066.283583164215,0.09389999999999998
7.0,9067.296034574509,0.09389999999999998
7.0,9068.297504425049,0.09389999999999998
7.0,9069.304225206375,0.09389999999999998
7.0,9070.315955162048,0.09389999999999998
7.0,9071.327714920044,0.09389999999999998
7.0,9072.33353638649,0.09389999999999998
7.0,9073.34549999237,0.09389999999999998
7.0,9074.357216596603,0.0896
7.0,9075.363822937012,0.0904
7.0,9076.369593143463,0.0904
7.0,9077.376272439957,0.09469999999999999
7.0,9078.38799405098,0.09469999999999999
7.0,9079.399703979492,0.09469999999999999
7.0,9080.411416769028,0.09469999999999999
7.0,9081.417553663254,0.0904
7.0,9083.425531625748,0.09129999999999999
7.0,9084.432412147522,0.09129999999999999
7.0,9085.44806098938,0.09129999999999999
7.0,9086.462517499924,0.09129999999999999
7.0,9087.477575778961,0.09129999999999999
7.0,9088.484280586243,0.09129999999999999
7.0,9089.490974664688,0.09129999999999999
7.0,9090.497611761093,0.09129999999999999
7.0,9091.504011392593,0.09129999999999999
7.0,9092.51578259468,0.09129999999999999
7.0,9093.522619485855,0.09129999999999999
7.0,9094.529412031174,0.09559999999999999
7.0,9095.54116654396,0.09559999999999999
7.0,9096.54785823822,0.09559999999999999
7.0,9097.554605960846,0.09979999999999999
7.0,9098.561529636383,0.09559999999999999
7.0,9099.568295955658,0.09559999999999999
7.0,9100.583739042282,0.09209999999999999
7.0,9101.589537143707,0.09639999999999999
7.0,9103.597340345383,0.09639999999999999
7.0,9104.60906291008,0.09659999999999999
7.0,9105.620852470398,0.09639999999999999
7.0,9106.621548652649,0.09659999999999999
7.0,9107.628353357315,0.09639999999999999
7.0,9108.635006189346,0.09639999999999999
7.0,9109.641521692276,0.09639999999999999
7.0,9110.648288488388,0.09659999999999999
7.0,9111.654955625534,0.09639999999999999
7.0,9112.66160774231,0.09659999999999999
7.0,9113.668381214142,0.09639999999999999
7.0,9114.675148963928,0.09639999999999999
7.0,9115.686891555786,0.1008
7.0,9116.6935505867,0.09659999999999999
7.0,9117.700105905533,0.09659999999999999
7.0,9118.706710577011,0.09299999999999999
7.0,9119.717660188675,0.09739999999999999
7.0,9120.724377393723,0.09729999999999998
7.0,9121.731112003326,0.09739999999999999
7.0,9123.744037151337,0.09729999999999998
7.0,9124.745607614517,0.1017
7.0,9125.752225160599,0.1017
7.0,9126.753590583801,0.1017
7.0,9127.760223865509,0.1017
7.0,9128.767047405243,0.1017
7.0,9129.778856515884,0.1017
7.0,9130.790632486343,0.1017
7.0,9131.802473068237,0.1017
7.0,9132.813670635223,0.1017
7.0,9133.825556993484,0.1017
7.0,9134.841150283813,0.09729999999999998
7.0,9135.855725288391,0.09299999999999999
7.0,9136.86958193779,0.09389999999999998
7.0,9137.88466000557,0.09809999999999999
7.0,9138.89134645462,0.09809999999999999
7.0,9139.89758849144,0.0983
7.0,9140.909406423569,0.09809999999999999
7.0,9141.916179180145,0.1025
7.0,9143.923940896988,0.1025
7.0,9144.935549974442,0.09809999999999999
7.0,9145.94799232483,0.09809999999999999
7.0,9146.954514503479,0.09809999999999999
7.0,9147.964740514755,0.09809999999999999
7.0,9148.975751161575,0.09809999999999999
7.0,9149.985532045364,0.0983
7.0,9150.997405290604,0.0983
7.0,9152.009354352951,0.09809999999999999
7.0,9153.016057014465,0.09809999999999999
7.0,9154.022783279419,0.09809999999999999
7.0,9155.050956726074,0.09469999999999999
7.0,9156.071384906769,0.09469999999999999
7.0,9157.089788198471,0.09889999999999999
7.0,9158.094222068787,0.0991
7.0,9159.105935573578,0.0991
7.0,9160.109350204468,0.0991
7.0,9161.11213517189,0.10339999999999999
7.0,9162.113618135452,0.10339999999999999
7.0,9164.116168498993,0.0991
7.0,9165.120127677917,0.0991
7.0,9166.123284339905,0.0991
7.0,9167.130102872849,0.09889999999999999
7.0,9168.132548093796,0.0991
7.0,9169.139009952545,0.0991
7.0,9170.14037156105,0.0991
7.0,9171.150608301163,0.0991
7.0,9172.161546468735,0.0991
7.0,9173.168248653412,0.0991
7.0,9174.175069093704,0.09559999999999999
7.0,9175.181562185287,0.09559999999999999
7.0,9176.188302278519,0.09999999999999999
7.0,9177.195038318634,0.09999999999999999
7.0,9178.201538801193,0.09999999999999999
7.0,9179.208302259445,0.09979999999999999
7.0,9180.215056419373,0.10419999999999999
7.0,9181.221484422684,0.10419999999999999
7.0,9183.229348182678,0.10419999999999999
7.0,9184.241110086441,0.09999999999999999
7.0,9185.247772216797,0.09979999999999999
7.0,9186.259495019913,0.09999999999999999
7.0,9187.26563000679,0.09999999999999999
7.0,9188.272325515747,0.09999999999999999
7.0,9189.278951406479,0.09999999999999999
7.0,9190.285539388657,0.09999999999999999
7.0,9191.292251825333,0.09999999999999999
7.0,9192.304101705551,0.09999999999999999
7.0,9193.315853834152,0.09999999999999999
7.0,9194.330927848816,0.09979999999999999
7.0,9195.337597608566,0.09659999999999999
7.0,9196.353154182434,0.09639999999999999
7.0,9197.364909410477,0.1008
7.0,9198.376941680908,0.1008
7.0,9199.38363289833,0.1008
7.0,9200.411369800568,0.10509999999999999
7.0,9201.433318138123,0.10509999999999999
7.0,9203.452682733536,0.10509999999999999
7.0,9204.467921733856,0.10509999999999999
7.0,9205.471131324768,0.10509999999999999
7.0,9206.47335100174,0.10509999999999999
7.0,9207.476035356522,0.10509999999999999
7.0,9208.478940486908,0.10509999999999999
7.0,9209.489413261414,0.10509999999999999
7.0,9210.499427556992,0.1008
7.0,9211.509253501892,0.10509999999999999
7.0,9212.520766973495,0.10509999999999999
7.0,9213.532454252243,0.1008
7.0,9214.545569896698,0.1008
7.0,9215.552365779877,0.1008
7.0,9216.559001207352,0.09739999999999999
7.0,9217.565569162369,0.09729999999999998
7.0,9218.572283744812,0.1017
7.0,9219.579016685486,0.1017
7.0,9220.585615634918,0.1017
7.0,9221.60079050064,0.1017
7.0,9223.608616352081,0.1059
7.0,9224.623492002487,0.1059
7.0,9225.629933357239,0.1059
7.0,9226.645581483841,0.1059
7.0,9227.657343864441,0.1059
7.0,9228.664159059525,0.1059
7.0,9229.670916557312,0.1059
7.0,9230.677583694458,0.1059
7.0,9231.689374446869,0.1059
7.0,9232.696213245392,0.1059
7.0,9233.702937364578,0.1059
7.0,9234.714765310287,0.1059
7.0,9235.725617408752,0.1059
7.0,9236.732519388199,0.1017
7.0,9237.739315509796,0.1017
7.0,9238.745680332184,0.09809999999999999
7.0,9239.752370119095,0.09809999999999999
7.0,9240.75910949707,0.0983
7.0,9241.765554904938,0.1025
7.0,9243.773352384567,0.1025
7.0,9244.780326366425,0.1025
7.0,9245.787043571472,0.1025
7.0,9246.793565273285,0.1025
7.0,9247.800341844559,0.1025
7.0,9248.8071103096,0.1025
7.0,9249.813562393188,0.1025
7.0,9250.81980085373,0.1025
7.0,9251.825736522675,0.1025
7.0,9252.827347755432,0.1025
7.0,9253.833617448807,0.1025
7.0,9254.840366601944,0.1025
7.0,9255.847113847733,0.1025
7.0,9256.858834028244,0.10679999999999999
7.0,9257.865501642227,0.10679999999999999
7.0,9258.872388124466,0.1025
7.0,9259.879093170166,0.1025
7.0,9260.890808343887,0.0983
7.0,9261.897584915161,0.09889999999999999
7.0,9263.905463457108,0.0991
7.0,9264.91227054596,0.0991
7.0,9265.91902422905,0.0991
7.0,9266.925545692444,0.09889999999999999
7.0,9267.937365055084,0.09889999999999999
7.0,9268.949073076248,0.0991
7.0,9269.963391065598,0.0991
7.0,9270.975166797638,0.0991
7.0,9271.981578111649,0.0991
7.0,9272.993312120438,0.0991
7.0,9274.005005121231,0.0991
7.0,9275.020718336105,0.10339999999999999
7.0,9276.02741098404,0.10339999999999999
7.0,9277.039132118225,0.10339999999999999
7.0,9278.045518159866,0.10339999999999999
7.0,9279.05219912529,0.10339999999999999
7.0,9280.059055805206,0.10759999999999999
7.0,9281.070799827576,0.10759999999999999
7.0,9282.082598924637,0.10759999999999999
7.0,9284.094798088074,0.10759999999999999
7.0,9285.10659790039,0.10759999999999999
7.0,9286.113296985626,0.10339999999999999
7.0,9287.120007753372,0.10339999999999999
7.0,9288.126009464264,0.10339999999999999
7.0,9289.132715702057,0.10339999999999999
7.0,9290.138681411743,0.10339999999999999
7.0,9291.145367860794,0.10339999999999999
7.0,9292.15209722519,0.10339999999999999
7.0,9293.153557300568,0.10339999999999999
7.0,9294.1696164608,0.10339999999999999
7.0,9295.175938367844,0.10339999999999999
7.0,9296.191735982895,0.10339999999999999
7.0,9297.207849740982,0.10339999999999999
7.0,9298.21463727951,0.09999999999999999
7.0,9299.216182470322,0.09999999999999999
7.0,9300.228081941605,0.10419999999999999
7.0,9301.234709978104,0.10419999999999999
7.0,9302.241809606552,0.10419999999999999
7.0,9304.254714488983,0.10419999999999999
7.0,9305.26153421402,0.10419999999999999
7.0,9306.268303155899,0.10419999999999999
7.0,9307.279978513718,0.10419999999999999
7.0,9308.291770935059,0.10419999999999999
7.0,9309.297562599182,0.10419999999999999
7.0,9310.304337501526,0.10419999999999999
7.0,9311.31106877327,0.10419999999999999
7.0,9312.322821855545,0.10419999999999999
7.0,9313.329596757889,0.10419999999999999
7.0,9314.336505651474,0.10419999999999999
7.0,9315.348223686218,0.10849999999999999
7.0,9316.354962825775,0.10849999999999999
7.0,9317.361632347107,0.10849999999999999
7.0,9318.36832523346,0.10849999999999999
7.0,9319.374986171722,0.10849999999999999
7.0,9320.389617681503,0.10849999999999999
7.0,9321.401370763779,0.10419999999999999
7.0,9322.413110733032,0.10419999999999999
7.0,9324.420957803726,0.10419999999999999
7.0,9325.432789325714,0.10419999999999999
7.0,9326.439461708069,0.10419999999999999
7.0,9327.445566415787,0.10419999999999999
7.0,9328.452412128448,0.10419999999999999
7.0,9329.459119319916,0.10419999999999999
7.0,9330.470906972885,0.10419999999999999
7.0,9331.47754573822,0.10419999999999999
7.0,9332.484377384186,0.10419999999999999
7.0,9333.490429639816,0.10419999999999999
7.0,9334.50509095192,0.10419999999999999
7.0,9335.516792297363,0.10419999999999999
7.0,9336.523494243622,0.1008
7.0,9337.535289049149,0.10509999999999999
7.0,9338.541651010513,0.10509999999999999
7.0,9339.552508115768,0.10509999999999999
7.0,9340.553544998169,0.10509999999999999
7.0,9341.56036067009,0.10509999999999999
7.0,9342.575906991959,0.10509999999999999
7.0,9344.583850860596,0.10509999999999999
7.0,9345.59077835083,0.1093
7.0,9346.592349529266,0.1093
7.0,9347.604106426239,0.1093
7.0,9348.619269371033,0.1093
7.0,9349.631098985672,0.1093
7.0,9350.632748126984,0.1093
7.0,9351.633583307266,0.10509999999999999
7.0,9352.640360116959,0.1093
7.0,9353.64707827568,0.1093
7.0,9354.661484003067,0.1093
7.0,9355.677322149277,0.1093
7.0,9356.683969259262,0.1093
7.0,9357.73484659195,0.1093
7.0,9358.743958473206,0.1093
7.0,9359.759998321533,0.1093
7.0,9360.766614437103,0.10509999999999999
7.0,9361.777641534805,0.10509999999999999
7.0,9362.780963659286,0.10509999999999999
7.0,9364.7829246521,0.10509999999999999
7.0,9365.78540444374,0.10509999999999999
7.0,9366.787122964859,0.10509999999999999
7.0,9367.789393663406,0.10509999999999999
7.0,9368.792454242706,0.1017
7.0,9369.794320821762,0.1017
7.0,9370.804091453552,0.10509999999999999
7.0,9371.811382055283,0.10509999999999999
7.0,9372.82744216919,0.10509999999999999
7.0,9373.831974744797,0.10509999999999999
7.0,9374.847031831741,0.1017
7.0,9375.853920936584,0.10509999999999999
7.0,9376.86363530159,0.1017
7.0,9377.868829727173,0.1059
7.0,9378.869600057602,0.1059
7.0,9379.871063947678,0.1059
7.0,9380.874412536621,0.1059
7.0,9381.876102209091,0.1059
7.0,9382.877955913544,0.1059
7.0,9384.881512641907,0.1059
7.0,9385.88443851471,0.1059
7.0,9386.886315584183,0.1059
7.0,9387.900135278702,0.1059
7.0,9388.901419878006,0.1059
7.0,9389.907896280289,0.1059
7.0,9390.914558887482,0.1059
7.0,9391.92505645752,0.11019999999999999
7.0,9392.936853408813,0.1059
7.0,9393.951794147491,0.1059
7.0,9394.963548660278,0.1059
7.0,9395.969563245773,0.11019999999999999
7.0,9396.98150587082,0.11019999999999999
7.0,9397.993275880814,0.11019999999999999
7.0,9398.999985218048,0.11019999999999999
7.0,9400.017551898956,0.11019999999999999
7.0,9401.024375200272,0.11019999999999999
7.0,9402.031047821045,0.11019999999999999
7.0,9403.03758263588,0.1059
7.0,9405.05360507965,0.1059
7.0,9406.068258523941,0.1059
7.0,9407.074926137924,0.1059
7.0,9408.089773893356,0.1059
7.0,9409.101511716843,0.1059
7.0,9410.116908788681,0.1059
7.0,9411.123664855957,0.1059
7.0,9412.129569768906,0.1059
7.0,9413.135653734207,0.1059
7.0,9414.147365093231,0.1059
7.0,9415.153577327728,0.1059
7.0,9416.169303894043,0.1059
7.0,9417.183768033981,0.1025
7.0,9418.189555883408,0.1059
7.0,9419.201341867447,0.1025
7.0,9420.208030462265,0.1025
7.0,9421.21473288536,0.1025
7.0,9422.225670337677,0.10679999999999999
7.0,9423.232299089432,0.10679999999999999
7.0,9425.240195512772,0.10679999999999999
7.0,9426.241568088531,0.10679999999999999
7.0,9427.257007598877,0.10679999999999999
7.0,9428.271792411804,0.10679999999999999
7.0,9429.283650159836,0.10679999999999999
7.0,9430.298371315002,0.10679999999999999
7.0,9431.30513548851,0.10679999999999999
7.0,9432.311960458755,0.10679999999999999
7.0,9433.318712234497,0.10679999999999999
7.0,9434.325515031815,0.10679999999999999
7.0,9435.332121372223,0.10679999999999999
7.0,9436.338955879211,0.10679999999999999
7.0,9437.345574140549,0.10679999999999999
7.0,9438.3523375988,0.10679999999999999
7.0,9439.364094018936,0.10679999999999999
7.0,9440.370784282684,0.10679999999999999
7.0,9441.37244939804,0.11099999999999999
7.0,9442.384209394455,0.11099999999999999
7.0,9443.395955324173,0.11099999999999999
7.0,9445.403773784637,0.11099999999999999
7.0,9446.419407367706,0.11099999999999999
7.0,9447.425587177277,0.11099999999999999
7.0,9448.43237566948,0.11099999999999999
7.0,9449.43913269043,0.11099999999999999
7.0,9450.450878858566,0.11099999999999999
7.0,9451.457632303238,0.11099999999999999
7.0,9452.464298248291,0.11099999999999999
7.0,9453.470998764038,0.11099999999999999
7.0,9454.477430820465,0.11099999999999999
7.0,9455.484182596207,0.11099999999999999
7.0,9456.490126132965,0.11099999999999999
7.0,9457.496899843216,0.11099999999999999
7.0,9458.503718614578,0.10679999999999999
7.0,9459.517535686493,0.10679999999999999
7.0,9460.529336690903,0.10679999999999999
7.0,9461.544556617737,0.10679999999999999
7.0,9462.556186199188,0.10679999999999999
7.0,9463.568014621735,0.10679999999999999
7.0,9465.575855493546,0.10679999999999999
7.0,9466.585560560226,0.10679999999999999
7.0,9467.592373371124,0.10679999999999999
7.0,9468.599256277084,0.10679999999999999
7.0,9469.611028432846,0.10679999999999999
7.0,9470.626965045929,0.10679999999999999
7.0,9471.638690948486,0.10679999999999999
7.0,9472.64022731781,0.10679999999999999
7.0,9473.646923780441,0.10679999999999999
7.0,9474.653554439545,0.10679999999999999
7.0,9475.660293102264,0.10679999999999999
7.0,9476.666907310486,0.10339999999999999
7.0,9477.681579589844,0.10339999999999999
7.0,9478.693563222885,0.10679999999999999
7.0,9479.700271844864,0.10339999999999999
7.0,9480.70688700676,0.10339999999999999
7.0,9481.71353340149,0.10759999999999999
7.0,9482.725361347198,0.10759999999999999
7.0,9483.737128257751,0.10759999999999999
7.0,9485.753544569016,0.10759999999999999
7.0,9486.760338783264,0.10759999999999999
7.0,9487.767025470734,0.10759999999999999
7.0,9488.773544073105,0.10759999999999999
7.0,9489.780217647552,0.10759999999999999
7.0,9490.786956071854,0.10759999999999999
7.0,9491.801410675049,0.10759999999999999
7.0,9492.813238859177,0.10759999999999999
7.0,9493.81992983818,0.10759999999999999
7.0,9494.826604604721,0.10759999999999999
7.0,9495.833360671997,0.10759999999999999
7.0,9496.839794635773,0.10759999999999999
7.0,9497.85149383545,0.10759999999999999
7.0,9498.85757136345,0.10759999999999999
7.0,9499.864142894745,0.10759999999999999
7.0,9500.875977039337,0.10759999999999999
7.0,9501.877535581589,0.10759999999999999
7.0,9502.884301424026,0.10759999999999999
7.0,9503.88553905487,0.11189999999999999
7.0,9505.897565603256,0.11189999999999999
7.0,9506.904282331467,0.11189999999999999
7.0,9507.916154146194,0.11189999999999999
7.0,9508.922255277634,0.11189999999999999
7.0,9509.93359041214,0.11189999999999999
7.0,9510.94033741951,0.11189999999999999
7.0,9511.955925226212,0.11189999999999999
7.0,9512.962647676468,0.11189999999999999
7.0,9513.973591566086,0.11189999999999999
7.0,9514.980347156525,0.11189999999999999
7.0,9515.987118959427,0.11189999999999999
7.0,9516.993584156036,0.11189999999999999
7.0,9518.000443220139,0.11189999999999999
7.0,9519.007213115692,0.11189999999999999
7.0,9520.013612031937,0.11189999999999999
7.0,9521.01953125,0.11189999999999999
7.0,9522.025609970093,0.11189999999999999
7.0,9523.032317399979,0.11189999999999999
7.0,9524.038986682892,0.11189999999999999
7.0,9526.055914402008,0.11189999999999999
7.0,9527.067696094513,0.10759999999999999
7.0,9528.073601722717,0.10759999999999999
7.0,9529.080456972122,0.11189999999999999
7.0,9530.092218637466,0.11189999999999999
7.0,9531.099029064178,0.10759999999999999
7.0,9532.10554599762,0.10759999999999999
7.0,9533.10714507103,0.10759999999999999
7.0,9534.108714818954,0.11189999999999999
7.0,9535.1096367836,0.11189999999999999
7.0,9536.111273527145,0.11189999999999999
7.0,9537.122980594635,0.10759999999999999
7.0,9538.129564762115,0.10759999999999999
7.0,9539.141303062439,0.10759999999999999
7.0,9540.148100614548,0.10759999999999999
7.0,9541.154912948608,0.10759999999999999
7.0,9542.161547660828,0.10759999999999999
7.0,9543.17683672905,0.10759999999999999
7.0,9544.18358373642,0.10759999999999999
7.0,9546.19062924385,0.10759999999999999
7.0,9547.205574989319,0.10759999999999999
7.0,9548.212341070175,0.10759999999999999
7.0,9549.22687125206,0.10759999999999999
7.0,9550.241585969925,0.10759999999999999
7.0,9551.257453918457,0.10759999999999999
7.0,9552.264063835144,0.10759999999999999
7.0,9553.286833286285,0.10759999999999999
7.0,9554.308557510376,0.10759999999999999
7.0,9555.325908899307,0.10759999999999999
7.0,9556.330366373062,0.10759999999999999
7.0,9557.344169855118,0.10759999999999999
7.0,9558.345661640167,0.10759999999999999
7.0,9559.346576452255,0.10759999999999999
7.0,9560.348962306976,0.10419999999999999
7.0,9561.350591182709,0.10759999999999999
7.0,9562.354915618896,0.10419999999999999
7.0,9563.35746383667,0.10419999999999999
7.0,9564.360536813736,0.10849999999999999
7.0,9566.363032579422,0.10849999999999999
7.0,9567.366042613983,0.10849999999999999
7.0,9568.368742704391,0.10849999999999999
7.0,9569.381112337112,0.10849999999999999
7.0,9570.39924454689,0.10849999999999999
7.0,9571.439021587372,0.10849999999999999
7.0,9572.442598342896,0.10849999999999999
7.0,9573.446146726608,0.10849999999999999
7.0,9574.449299812317,0.10849999999999999
7.0,9575.455840826035,0.10849999999999999
7.0,9576.465433359146,0.10849999999999999
7.0,9577.472031831741,0.10849999999999999
7.0,9578.481496095657,0.10849999999999999
7.0,9579.493092775345,0.10849999999999999
7.0,9580.507809400558,0.10849999999999999
7.0,9581.51356458664,0.10849999999999999
7.0,9582.520361423492,0.10849999999999999
7.0,9583.532165050507,0.10849999999999999
7.0,9584.538837194443,0.10849999999999999
7.0,9586.546524763107,0.10849999999999999
7.0,9587.553341627121,0.10849999999999999
7.0,9588.565145254135,0.10849999999999999
7.0,9589.571848154068,0.10849999999999999
7.0,9590.58773469925,0.10849999999999999
7.0,9591.599613666534,0.10849999999999999
7.0,9592.60558438301,0.10849999999999999
7.0,9593.612325906754,0.10849999999999999
7.0,9594.613540410995,0.10849999999999999
7.0,9595.620227098465,0.10849999999999999
7.0,9596.636111974716,0.10849999999999999
7.0,9597.64280295372,0.10849999999999999
7.0,9598.654595851898,0.10849999999999999
7.0,9599.661330223083,0.1127
7.0,9600.668055772781,0.1127
7.0,9601.669453382492,0.1127
7.0,9602.676062822342,0.1127
7.0,9603.687746286392,0.1129
7.0,9604.688609838486,0.1129
7.0,9606.696377038956,0.1127
7.0,9607.7031686306,0.1127
7.0,9608.714885234833,0.1127
7.0,9609.716444969177,0.1127
7.0,9610.72303199768,0.1129
7.0,9611.729612350464,0.1127
7.0,9612.736375331879,0.1129
7.0,9613.743017673492,0.1127
7.0,9614.749595880508,0.1127
7.0,9615.751178741455,0.1127
7.0,9616.76555275917,0.1127
7.0,9617.780727148056,0.1127
7.0,9618.79552602768,0.1129
7.0,9619.807243824005,0.1127
7.0,9620.821546554565,0.1129
7.0,9621.828332424164,0.1127
7.0,9622.835107326508,0.1129
7.0,9623.841728448868,0.1127
7.0,9624.848447799683,0.1129
7.0,9626.850647211075,0.1129
7.0,9627.85225534439,0.10849999999999999
7.0,9628.864010810852,0.10849999999999999
7.0,9629.870734214783,0.10849999999999999
7.0,9630.885724544525,0.10849999999999999
7.0,9631.892488002777,0.10849999999999999
7.0,9632.89342212677,0.10849999999999999
7.0,9633.904061317444,0.10849999999999999
7.0,9634.919526815414,0.10849999999999999
7.0,9635.92931008339,0.10849999999999999
7.0,9636.936079740524,0.10849999999999999
7.0,9637.949610710144,0.10849999999999999
7.0,9638.956575155258,0.10849999999999999
7.0,9639.972268819809,0.10849999999999999
7.0,9640.984001398087,0.10849999999999999
7.0,9641.990657567978,0.10849999999999999
7.0,9642.997453927994,0.10849999999999999
7.0,9644.004090309143,0.10849999999999999
7.0,9645.017311096191,0.10849999999999999
7.0,9647.03362607956,0.10849999999999999
7.0,9648.04031252861,0.10849999999999999
7.0,9649.055253505707,0.10849999999999999
7.0,9650.06145644188,0.10849999999999999
7.0,9651.068113803864,0.10849999999999999
7.0,9652.074840068817,0.10849999999999999
7.0,9653.086581230164,0.10849999999999999
7.0,9654.097595214844,0.10849999999999999
7.0,9655.104417324066,0.10849999999999999
7.0,9656.116173744202,0.10849999999999999
7.0,9657.122980356216,0.10849999999999999
7.0,9658.129592180252,0.10849999999999999
7.0,9659.13646030426,0.10849999999999999
7.0,9660.152015209198,0.10849999999999999
7.0,9661.166736125946,0.10849999999999999
7.0,9662.177571058273,0.10849999999999999
7.0,9663.189325809479,0.10849999999999999
7.0,9664.201123714447,0.10849999999999999
7.0,9665.211956739426,0.10509999999999999
7.0,9667.224919557571,0.10849999999999999
7.0,9668.231668949127,0.10509999999999999
7.0,9669.24158358574,0.10509999999999999
7.0,9670.24312877655,0.10849999999999999
7.0,9671.254903793335,0.10849999999999999
7.0,9672.261547327042,0.10509999999999999
7.0,9673.268334627151,0.10509999999999999
7.0,9674.280227184296,0.1093
7.0,9675.286307573318,0.10849999999999999
7.0,9676.287285327911,0.10509999999999999
7.0,9677.29902458191,0.10509999999999999
7.0,9678.300671815872,0.10509999999999999
7.0,9679.301577091217,0.1093
7.0,9680.308248281479,0.1093
7.0,9681.314969778061,0.1093
7.0,9682.321526288986,0.1093
7.0,9683.328331947327,0.1093
7.0,9684.335060834885,0.1093
7.0,9685.346793413162,0.1093
7.0,9687.354589939117,0.1093
7.0,9688.365541219711,0.1093
7.0,9689.372361660004,0.1093
7.0,9690.38700056076,0.1093
7.0,9691.39873957634,0.1093
7.0,9692.409425497055,0.1093
7.0,9693.416231155396,0.1093
7.0,9694.427925348282,0.1093
7.0,9695.434718370438,0.1093
7.0,9696.441493988037,0.1093
7.0,9697.448266983032,0.1093
7.0,9698.454939842224,0.1093
7.0,9699.466664552689,0.1093
7.0,9700.47356748581,0.1093
7.0,9701.480446338654,0.1093
7.0,9702.49215555191,0.1093
7.0,9703.508038759232,0.1093
7.0,9704.524476528168,0.1093
7.0,9705.531170845032,0.1093
7.0,9707.538687705994,0.1093
7.0,9708.553574323654,0.1093
7.0,9709.565373659134,0.1093
7.0,9710.572116613388,0.1093
7.0,9711.578845739365,0.1093
7.0,9712.585571527481,0.1093
7.0,9713.59732723236,0.1093
7.0,9714.60402560234,0.1093
7.0,9715.610697746277,0.1093
7.0,9716.617655992508,0.1093
7.0,9717.619348049164,0.1093
7.0,9718.625641345978,0.1093
7.0,9719.632453680038,0.1093
7.0,9720.6392557621,0.1093
7.0,9721.645568609238,0.11359999999999999
7.0,9722.651471376419,0.11359999999999999
7.0,9723.663332939148,0.11359999999999999
7.0,9724.669595718384,0.11359999999999999
7.0,9725.676260232925,0.11359999999999999
7.0,9727.6841506958,0.11359999999999999
7.0,9728.695957422256,0.11359999999999999
7.0,9729.702735424042,0.11359999999999999
7.0,9730.717431306839,0.1137
7.0,9731.724014759064,0.11359999999999999
7.0,9732.733550548553,0.11359999999999999
7.0,9733.745545864105,0.11359999999999999
7.0,9734.752415657043,0.11359999999999999
7.0,9735.764129400253,0.11359999999999999
7.0,9736.770951032639,0.11359999999999999
7.0,9737.777594327927,0.11359999999999999
7.0,9738.784275531769,0.11359999999999999
7.0,9739.796157360077,0.11359999999999999
7.0,9740.797551870346,0.1137
7.0,9741.81231212616,0.11359999999999999
7.0,9742.824037313461,0.11359999999999999
7.0,9743.830514431,0.11359999999999999
7.0,9744.837301015854,0.11359999999999999
7.0,9745.843999147415,0.1137
7.0,9747.856912612915,0.11359999999999999
7.0,9748.86354470253,0.11359999999999999
7.0,9749.869641542435,0.11359999999999999
7.0,9750.88146018982,0.11359999999999999
7.0,9751.897554159164,0.11359999999999999
7.0,9752.904185056686,0.11359999999999999
7.0,9753.918967723846,0.11359999999999999
7.0,9754.925721406937,0.11359999999999999
7.0,9755.932547330856,0.11359999999999999
7.0,9756.944548130035,0.11359999999999999
7.0,9757.965383768082,0.11359999999999999
7.0,9758.988058328629,0.1137
7.0,9759.991500616074,0.11359999999999999
7.0,9760.998181581497,0.11359999999999999
7.0,9762.012192249298,0.11359999999999999
7.0,9763.024231433868,0.11359999999999999
7.0,9764.027960062027,0.11359999999999999
7.0,9765.0309112072,0.11359999999999999
7.0,9766.032393455505,0.1137
7.0,9768.03515291214,0.11359999999999999
7.0,9769.037450313568,0.11359999999999999
7.0,9770.038870573044,0.11359999999999999
7.0,9771.041212797165,0.11359999999999999
7.0,9772.04494690895,0.1137
7.0,9773.04767537117,0.1137
7.0,9774.058415651321,0.1137
7.0,9775.059764385223,0.1137
7.0,9776.06941318512,0.1137
7.0,9777.080304861069,0.1137
7.0,9778.08698105812,0.11359999999999999
7.0,9779.088532686234,0.11359999999999999
7.0,9780.09523320198,0.1093
7.0,9781.10157084465,0.11359999999999999
7.0,9782.108386993408,0.1093
7.0,9783.115260362625,0.1093
7.0,9784.12156033516,0.1093
7.0,9785.128420352936,0.1093
7.0,9787.136280536652,0.1093
7.0,9788.14299440384,0.1093
7.0,9789.149599790573,0.1093
7.0,9790.15641117096,0.1093
7.0,9791.15759730339,0.1093
7.0,9792.16433429718,0.1093
7.0,9793.16579246521,0.1093
7.0,9794.181545972824,0.1137
7.0,9795.183110237122,0.1093
7.0,9796.19484424591,0.1093
7.0,9797.20154261589,0.1093
7.0,9798.208238601685,0.1093
7.0,9799.219976902008,0.1093
7.0,9800.226765871048,0.1093
7.0,9801.233561038971,0.1093
7.0,9802.240318059921,0.1093
7.0,9803.247094154358,0.1093
7.0,9804.25359249115,0.1093
7.0,9805.260281801224,0.1093
7.0,9807.26803779602,0.1093
7.0,9808.283773899078,0.1093
7.0,9809.289566755295,0.1093
7.0,9810.296240329742,0.1093
7.0,9811.30305480957,0.1093
7.0,9812.318630933762,0.1093
7.0,9813.325372934341,0.1093
7.0,9814.332111358643,0.1093
7.0,9815.338748455048,0.1093
7.0,9816.345463991165,0.1093
7.0,9817.352212905884,0.1093
7.0,9818.358870744705,0.1093
7.0,9819.3655731678,0.1093
7.0,9820.372239112854,0.1093
7.0,9821.38310599327,0.1093
7.0,9822.401111125946,0.1093
7.0,9823.407761096954,0.1093
7.0,9824.409313440323,0.1093
7.0,9825.416012525558,0.1093
7.0,9827.428842306137,0.1093
7.0,9828.440017700195,0.1093
7.0,9829.446245908737,0.1093
7.0,9830.452956438065,0.1093
7.0,9831.467190504074,0.1093
7.0,9832.481427192688,0.1093
7.0,9833.493668079376,0.1093
7.0,9834.500388622284,0.1093
7.0,9835.50706744194,0.1093
7.0,9836.518788814545,0.1093
7.0,9837.525551080704,0.1093
7.0,9838.532333612442,0.1093
7.0,9839.544162988663,0.1093
7.0,9840.550813913345,0.1093
7.0,9841.557509422302,0.1093
7.0,9842.564323425293,0.1093
7.0,9843.576009511948,0.1093
7.0,9844.582665205002,0.1093
7.0,9845.589393377304,0.1093
7.0,9847.597593545914,0.1093
7.0,9848.613556146622,0.1093
7.0,9849.620457410812,0.1093
7.0,9850.626391887665,0.1093
7.0,9851.63327741623,0.1093
7.0,9852.645001411438,0.1093
7.0,9853.645730257034,0.1093
7.0,9854.657577753067,0.1093
7.0,9855.664249420166,0.1093
7.0,9856.679809331894,0.1093
7.0,9857.686569690704,0.1093
7.0,9858.693375587463,0.1093
7.0,9859.700271606445,0.1093
7.0,9860.71198630333,0.1093
7.0,9861.718685626984,0.1093
7.0,9862.72025346756,0.1093
7.0,9863.726994752884,0.1093
7.0,9864.733566761017,0.1093
7.0,9865.745297908783,0.1093
7.0,9867.75757932663,0.1059
7.0,9868.764289855957,0.1093
7.0,9869.770951986313,0.1059
7.0,9870.782738685608,0.1059
7.0,9871.789519071579,0.1093
7.0,9872.796184062958,0.1093
7.0,9873.802916288376,0.1059
7.0,9874.814504146576,0.1093
7.0,9875.824326515198,0.1093
7.0,9876.825555801392,0.1059
7.0,9877.832165718079,0.1093
7.0,9878.841664075851,0.1059
7.0,9879.848267316818,0.1059
7.0,9880.860305547714,0.1093
7.0,9881.867289304733,0.1093
7.0,9882.879468679428,0.1059
7.0,9883.885540008545,0.1059
7.0,9884.897347211838,0.1059
7.0,9885.90866279602,0.11019999999999999
7.0,9887.921563386917,0.11019999999999999
7.0,9888.928492307663,0.11019999999999999
7.0,9889.935185432434,0.11019999999999999
7.0,9890.941655397415,0.11019999999999999
7.0,9891.94855761528,0.11019999999999999
7.0,9892.955159425735,0.11019999999999999
7.0,9893.961550712585,0.11019999999999999
7.0,9894.963145971298,0.11019999999999999
7.0,9895.969588041306,0.11019999999999999
7.0,9896.985530376434,0.11019999999999999
7.0,9897.992317438126,0.11019999999999999
7.0,9898.99907207489,0.11019999999999999
7.0,9900.005579471588,0.11019999999999999
7.0,9901.012494802475,0.11019999999999999
7.0,9902.019220590591,0.11019999999999999
7.0,9903.025544166565,0.11019999999999999
7.0,9904.0374853611,0.11019999999999999
7.0,9905.049192905426,0.11019999999999999
7.0,9906.055819034576,0.11019999999999999
7.0,9908.062685966492,0.11019999999999999
7.0,9909.077580451965,0.11019999999999999
7.0,9910.092462301254,0.11019999999999999
7.0,9911.09355354309,0.11019999999999999
7.0,9912.100348472595,0.11019999999999999
7.0,9913.106966257095,0.11019999999999999
7.0,9914.118834495544,0.11019999999999999
7.0,9915.136954545975,0.11019999999999999
7.0,9916.159003973007,0.11019999999999999
7.0,9917.163132429123,0.11019999999999999
7.0,9918.178102016449,0.11019999999999999
7.0,9919.181557416916,0.11019999999999999
7.0,9920.19553399086,0.11019999999999999
7.0,9921.200466871262,0.11019999999999999
7.0,9922.2134141922,0.11019999999999999
7.0,9923.223794698715,0.11019999999999999
7.0,9924.233302593231,0.11019999999999999
7.0,9925.243797063828,0.11019999999999999
7.0,9926.256404161453,0.11019999999999999
7.0,9928.270751953125,0.11019999999999999
7.0,9929.285561561584,0.11019999999999999
7.0,9930.292234182358,0.11019999999999999
7.0,9931.298964500427,0.11019999999999999
7.0,9932.305564641953,0.11019999999999999
7.0,9933.312376499176,0.11019999999999999
7.0,9934.324087142944,0.11019999999999999
7.0,9935.330919504166,0.11019999999999999
7.0,9936.34269285202,0.11019999999999999
7.0,9937.349549531937,0.11019999999999999
7.0,9938.361466407776,0.11019999999999999
7.0,9939.377158164978,0.11019999999999999
7.0,9940.388888835907,0.11019999999999999
7.0,9941.389554977417,0.11019999999999999
7.0,9942.396475076675,0.11019999999999999
7.0,9943.397548913956,0.11019999999999999
7.0,9944.409425020218,0.11019999999999999
7.0,9945.41609454155,0.11019999999999999
7.0,9946.42275929451,0.11019999999999999
7.0,9948.43071269989,0.11019999999999999
7.0,9949.447546720505,0.11019999999999999
7.0,9950.448186635971,0.11019999999999999
7.0,9951.459929227829,0.11019999999999999
7.0,9952.466764211655,0.11019999999999999
7.0,9953.473504781723,0.11019999999999999
7.0,9954.480378866196,0.11019999999999999
7.0,9955.487193107605,0.11019999999999999
7.0,9956.493581533432,0.11019999999999999
7.0,9957.50534248352,0.11019999999999999
7.0,9958.512013912201,0.11019999999999999
7.0,9959.51874256134,0.11019999999999999
7.0,9960.525509357452,0.11019999999999999
7.0,9961.532326459885,0.11019999999999999
7.0,9962.544071912766,0.11019999999999999
7.0,9963.55058336258,0.11019999999999999
7.0,9964.557216882706,0.11019999999999999
7.0,9965.563995361328,0.11019999999999999
7.0,9966.575781583786,0.11019999999999999
7.0,9968.583726167679,0.11019999999999999
7.0,9969.589657783508,0.11019999999999999
7.0,9970.596456289291,0.11019999999999999
7.0,9971.60324048996,0.11019999999999999
7.0,9972.619266748428,0.11019999999999999
7.0,9973.63101696968,0.11019999999999999
7.0,9974.637669563293,0.11019999999999999
7.0,9975.651963949203,0.11019999999999999
7.0,9976.658677816391,0.11019999999999999
7.0,9977.665470123291,0.11019999999999999
7.0,9978.672230482101,0.11019999999999999
7.0,9979.67895579338,0.11019999999999999
7.0,9980.690721035004,0.11019999999999999
7.0,9981.70546913147,0.11019999999999999
7.0,9982.707020044327,0.11019999999999999
7.0,9983.718433856964,0.11019999999999999
7.0,9984.72514128685,0.11019999999999999
7.0,9985.731879472733,0.11019999999999999
7.0,9986.73864197731,0.11019999999999999
7.0,9988.746658325195,0.11019999999999999
7.0,9989.753485679626,0.11019999999999999
7.0,9990.760322332382,0.11019999999999999
7.0,9991.767038822174,0.11019999999999999
7.0,9992.778673410416,0.11019999999999999
7.0,9993.785345554352,0.11019999999999999
7.0,9994.792102575302,0.11019999999999999
7.0,9995.798738002777,0.11019999999999999
7.0,9996.805431365967,0.11019999999999999
7.0,9997.812208414078,0.11019999999999999
7.0,9998.823957920074,0.11019999999999999
7.0,9999.83068203926,0.09389999999999998
7.0,10000.837527990341,0.11019999999999999
7.0,10001.852344036102,0.11019999999999999
7.0,10002.864144563675,0.11019999999999999
7.0,10003.870862722397,0.11019999999999999
7.0,10004.882657527924,0.11019999999999999
7.0,10005.888814210892,0.11019999999999999
7.0,10006.889592170715,0.11019999999999999
7.0,10008.897462368011,0.11019999999999999
7.0,10009.904375314713,0.11019999999999999
7.0,10010.916258335114,0.11019999999999999
7.0,10011.923109769821,0.11019999999999999
7.0,10012.929564237595,0.11019999999999999
7.0,10013.936231136322,0.11019999999999999
7.0,10014.94297337532,0.11019999999999999
7.0,10015.95467042923,0.11019999999999999
7.0,10016.961492061615,0.11019999999999999
7.0,10017.968248844147,0.11019999999999999
7.0,10018.983506202698,0.11019999999999999
7.0,10019.997631549835,0.11019999999999999
7.0,10021.004323720932,0.11019999999999999
7.0,10022.011118412018,0.11019999999999999
7.0,10023.03908753395,0.11019999999999999
7.0,10024.062066793442,0.11019999999999999
7.0,10025.06607747078,0.11019999999999999
7.0,10026.082414388657,0.11019999999999999
7.0,10027.085886955261,0.11019999999999999
7.0,10029.100684165955,0.11019999999999999
7.0,10030.103169441223,0.11019999999999999
7.0,10031.104910612106,0.11019999999999999
7.0,10032.107739925385,0.11019999999999999
7.0,10033.11028933525,0.11019999999999999
7.0,10034.111910581589,0.11019999999999999
7.0,10035.113790035248,0.11019999999999999
7.0,10036.116092681885,0.11019999999999999
7.0,10037.118911027908,0.11019999999999999
7.0,10038.129460334778,0.11019999999999999
7.0,10039.139505386353,0.11019999999999999
7.0,10040.145545959473,0.11019999999999999
7.0,10041.1561896801,0.11019999999999999
7.0,10042.157674789429,0.11019999999999999
7.0,10043.164462089539,0.11019999999999999
7.0,10044.171009540558,0.11019999999999999
7.0,10045.177587985992,0.11019999999999999
7.0,10046.18907904625,0.11019999999999999
7.0,10047.197660684586,0.11019999999999999
7.0,10049.20957994461,0.11019999999999999
7.0,10050.21742773056,0.11019999999999999
7.0,10051.22943353653,0.11019999999999999
7.0,10052.237633228302,0.11019999999999999
7.0,10053.245408773422,0.11019999999999999
7.0,10054.25362277031,0.11019999999999999
7.0,10055.261459589005,0.11019999999999999
7.0,10056.265435934067,0.11019999999999999
7.0,10057.277757644653,0.11019999999999999
7.0,10058.297421216965,0.11019999999999999
7.0,10059.309596776962,0.11019999999999999
7.0,10060.313560247421,0.11019999999999999
7.0,10061.333593606949,0.11019999999999999
7.0,10062.341542243958,0.11019999999999999
7.0,10063.349624872208,0.11019999999999999
7.0,10064.361703157425,0.11019999999999999
7.0,10065.373609304428,0.11019999999999999
7.0,10066.383362293243,0.11019999999999999
7.0,10067.402816534042,0.11019999999999999
7.0,10069.415693044662,0.11019999999999999
7.0,10070.42158460617,0.11019999999999999
7.0,10071.43334531784,0.11019999999999999
7.0,10072.439997673035,0.11019999999999999
7.0,10073.446215867996,0.11019999999999999
7.0,10074.463282108307,0.11019999999999999
7.0,10075.477553606033,0.11019999999999999
7.0,10076.48425245285,0.11019999999999999
7.0,10077.491047859192,0.11019999999999999
7.0,10078.497531414032,0.11019999999999999
7.0,10079.504207372665,0.11019999999999999
7.0,10080.552104473114,0.11019999999999999
7.0,10081.554837703705,0.11019999999999999
7.0,10082.559095621109,0.11019999999999999
7.0,10083.573400497437,0.11019999999999999
7.0,10084.576637983322,0.11019999999999999
7.0,10085.582387208939,0.11019999999999999
7.0,10086.59000825882,0.11019999999999999
7.0,10087.594713687897,0.11019999999999999
7.0,10089.598031044006,0.11019999999999999
7.0,10090.601741075516,0.11019999999999999
7.0,10091.604577541351,0.11019999999999999
7.0,10092.607672691345,0.11019999999999999
7.0,10093.610572338104,0.11019999999999999
7.0,10094.612148046494,0.11019999999999999
7.0,10095.621436357498,0.11019999999999999
7.0,10096.631051778793,0.11019999999999999
7.0,10097.63743853569,0.11019999999999999
7.0,10098.644122600555,0.11019999999999999
7.0,10099.650802612305,0.11019999999999999
7.0,10100.657595157623,0.11019999999999999
7.0,10101.664359807968,0.11019999999999999
7.0,10102.671047210693,0.11019999999999999
7.0,10103.672590970993,0.11019999999999999
7.0,10104.684392929077,0.11019999999999999
7.0,10105.691063165665,0.11019999999999999
7.0,10106.697658061981,0.11019999999999999
7.0,10107.704388856888,0.11019999999999999
7.0,10109.717284679413,0.11019999999999999
7.0,10110.729194879532,0.11019999999999999
7.0,10111.74089050293,0.11019999999999999
7.0,10112.747665405273,0.11019999999999999
7.0,10113.75946855545,0.11019999999999999
7.0,10114.76554942131,0.11019999999999999
7.0,10115.77735042572,0.11019999999999999
7.0,10116.78942322731,0.11019999999999999
7.0,10117.796230316162,0.11019999999999999
7.0,10118.807971000671,0.11019999999999999
7.0,10119.809598445892,0.11019999999999999
7.0,10120.816280841827,0.11019999999999999
7.0,10121.8175740242,0.11019999999999999
7.0,10122.824382305145,0.11019999999999999
7.0,10123.836190223694,0.11019999999999999
7.0,10124.852693080902,0.11019999999999999
7.0,10125.859673261642,0.11019999999999999
7.0,10126.865624427795,0.11019999999999999
7.0,10127.872371196747,0.11019999999999999
7.0,10129.88019824028,0.11019999999999999
7.0,10130.88693523407,0.11019999999999999
7.0,10131.8936419487,0.11019999999999999
7.0,10132.900352954865,0.11019999999999999
7.0,10133.90706205368,0.11019999999999999
7.0,10134.9188580513,0.11019999999999999
7.0,10135.925652742386,0.11019999999999999
7.0,10136.937577962875,0.11019999999999999
7.0,10137.9446144104,0.11019999999999999
7.0,10138.956506490707,0.11019999999999999
7.0,10139.963222026825,0.11019999999999999
7.0,10140.969547510147,0.11019999999999999
7.0,10141.985575199127,0.11019999999999999
7.0,10142.991405248642,0.11019999999999999
7.0,10143.997587919235,0.11019999999999999
7.0,10145.004306793213,0.11019999999999999
7.0,10146.010993719101,0.11019999999999999
7.0,10147.023072004318,0.11019999999999999
7.0,10148.029574155807,0.11019999999999999
7.0,10150.037364721298,0.11019999999999999
7.0,10151.049032449722,0.11019999999999999
7.0,10152.06017255783,0.11019999999999999
7.0,10153.066789627075,0.11019999999999999
7.0,10154.073554515839,0.11019999999999999
7.0,10155.085307359695,0.11019999999999999
7.0,10156.092164516449,0.11019999999999999
7.0,10157.099016904831,0.11019999999999999
7.0,10158.105566263199,0.11019999999999999
7.0,10159.112240076065,0.11019999999999999
7.0,10160.11904001236,0.11019999999999999
7.0,10161.125576496124,0.11019999999999999
7.0,10162.137405633926,0.11019999999999999
7.0,10163.144190788269,0.11019999999999999
7.0,10164.150875329971,0.11019999999999999
7.0,10165.157670021057,0.11019999999999999
7.0,10166.169558048248,0.11019999999999999
7.0,10167.175830841064,0.11019999999999999
7.0,10168.187589883804,0.11019999999999999
7.0,10170.194712162018,0.11019999999999999
7.0,10171.201459169388,0.11019999999999999
7.0,10172.208384990692,0.11019999999999999
7.0,10173.220350980759,0.11019999999999999
7.0,10174.227092981339,0.11019999999999999
7.0,10175.233583450317,0.11019999999999999
7.0,10176.240313768387,0.11019999999999999
7.0,10177.246973514557,0.11019999999999999
7.0,10178.258931398392,0.11019999999999999
7.0,10179.27354502678,0.11019999999999999
7.0,10180.285419940948,0.11019999999999999
7.0,10181.292209625244,0.11019999999999999
7.0,10182.304162502289,0.11019999999999999
7.0,10183.311011075974,0.11019999999999999
7.0,10184.325561523438,0.11019999999999999
7.0,10185.340896606445,0.11019999999999999
7.0,10186.347632169724,0.11019999999999999
7.0,10187.359371900558,0.11019999999999999
7.0,10188.41148519516,0.11019999999999999
7.0,10190.42984199524,0.11019999999999999
7.0,10191.435176610947,0.11019999999999999
7.0,10192.445162057877,0.11019999999999999
7.0,10193.447623968124,0.11019999999999999
7.0,10194.449209213257,0.11019999999999999
7.0,10195.452120780945,0.11019999999999999
7.0,10196.456894636154,0.11019999999999999
7.0,10197.458333730698,0.11019999999999999
7.0,10198.460886240005,0.11019999999999999
7.0,10199.463641166687,0.11019999999999999
7.0,10200.474987745285,0.11019999999999999
7.0,10201.475999355316,0.11019999999999999
7.0,10202.485491037369,0.11019999999999999
7.0,10203.492039203644,0.11019999999999999
7.0,10204.502763271332,0.11019999999999999
7.0,10205.509453773499,0.11019999999999999
7.0,10206.524112939835,0.11019999999999999
7.0,10207.530928611755,0.11019999999999999
7.0,10208.537714958191,0.11019999999999999
7.0,10210.550657749176,0.11019999999999999
7.0,10211.5573554039,0.11019999999999999
7.0,10212.56414270401,0.11019999999999999
7.0,10213.58054947853,0.11019999999999999
7.0,10214.595011234283,0.11019999999999999
7.0,10215.601627349854,0.11019999999999999
7.0,10216.608425855637,0.11019999999999999
7.0,10217.620132684708,0.11019999999999999
7.0,10218.626541614532,0.11019999999999999
7.0,10219.63332247734,0.11019999999999999
7.0,10220.640100479126,0.11019999999999999
7.0,10221.655383110046,0.11019999999999999
7.0,10222.661577701569,0.11019999999999999
7.0,10223.668224096298,0.11019999999999999
7.0,10224.66958808899,0.11019999999999999
7.0,10225.670407295227,0.11019999999999999
7.0,10226.680791378021,0.11019999999999999
7.0,10227.687547445297,0.11019999999999999
7.0,10228.699373960495,0.11019999999999999
7.0,10230.70667052269,0.11019999999999999
7.0,10231.713477134705,0.11019999999999999
7.0,10232.720271348953,0.11019999999999999
7.0,10233.732192277908,0.11019999999999999
7.0,10234.739148139954,0.11019999999999999
7.0,10235.750871181488,0.11019999999999999
7.0,10236.752445220947,0.11019999999999999
7.0,10237.753599882126,0.11019999999999999
7.0,10238.760347127914,0.11019999999999999
7.0,10239.772054433823,0.11019999999999999
7.0,10240.7867872715,0.11019999999999999
7.0,10241.797552347183,0.11019999999999999
7.0,10242.803717851639,0.11019999999999999
7.0,10243.820582866669,0.11019999999999999
7.0,10244.821557283401,0.11019999999999999
7.0,10245.83331489563,0.11019999999999999
7.0,10246.840122699738,0.11019999999999999
7.0,10247.851831912994,0.11019999999999999
7.0,10248.863631725311,0.11019999999999999
7.0,10250.87075638771,0.11019999999999999
7.0,10251.881565093994,0.11019999999999999
7.0,10252.888395547867,0.11019999999999999
7.0,10253.904433727264,0.11019999999999999
7.0,10254.911081314087,0.11019999999999999
7.0,10255.917570590973,0.11019999999999999
7.0,10256.92438697815,0.11019999999999999
7.0,10257.931138277054,0.11019999999999999
7.0,10258.932719230652,0.11019999999999999
7.0,10259.933568000793,0.11019999999999999
7.0,10260.935118436813,0.11019999999999999
7.0,10261.9468562603,0.11019999999999999
7.0,10262.953556060791,0.11019999999999999
7.0,10263.960094213486,0.11019999999999999
7.0,10264.96163892746,0.11019999999999999
7.0,10265.963184595108,0.11019999999999999
7.0,10266.96965098381,0.11019999999999999
7.0,10267.98159480095,0.11019999999999999
7.0,10268.988285064697,0.11019999999999999
7.0,10270.996151208878,0.11019999999999999
7.0,10272.002940893173,0.11019999999999999
7.0,10273.014652967453,0.11019999999999999
7.0,10274.021449327469,0.11019999999999999
7.0,10275.033236265182,0.11019999999999999
7.0,10276.044967412949,0.11019999999999999
7.0,10277.056715965271,0.11019999999999999
7.0,10278.068417549133,0.11019999999999999
7.0,10279.075130462646,0.11019999999999999
7.0,10280.076758861542,0.11019999999999999
7.0,10281.088476419449,0.11019999999999999
7.0,10282.095115184784,0.11019999999999999
7.0,10283.10167503357,0.11019999999999999
7.0,10284.108357906342,0.11019999999999999
7.0,10285.115048885345,0.11019999999999999
7.0,10286.121554613113,0.11019999999999999
7.0,10287.133309602737,0.11019999999999999
7.0,10288.140030384064,0.11019999999999999
7.0,10289.146741867065,0.11019999999999999
7.0,10291.154692173004,0.11019999999999999
7.0,10292.16567850113,0.11019999999999999
7.0,10293.172525644302,0.11019999999999999
7.0,10294.179209947586,0.11019999999999999
7.0,10295.185427904129,0.11019999999999999
7.0,10296.192139148712,0.11019999999999999
7.0,10297.206845521927,0.11019999999999999
7.0,10298.213582754135,0.11019999999999999
7.0,10299.220412492752,0.11019999999999999
7.0,10300.227169275284,0.11019999999999999
7.0,10301.233524799347,0.11019999999999999
7.0,10302.240119457245,0.11019999999999999
7.0,10303.2518491745,0.11019999999999999
7.0,10304.258673667908,0.11019999999999999
7.0,10305.265547513962,0.11019999999999999
7.0,10306.267182350159,0.11019999999999999
7.0,10307.26871585846,0.11019999999999999
7.0,10308.280445098877,0.11019999999999999
7.0,10309.287167787552,0.11019999999999999
7.0,10311.294668674469,0.11019999999999999
7.0,10312.301450252533,0.11019999999999999
7.0,10313.308157205582,0.11019999999999999
7.0,10314.314752578735,0.11019999999999999
7.0,10315.329599142075,0.11019999999999999
7.0,10316.345597028732,0.11019999999999999
7.0,10317.360937595367,0.11019999999999999
7.0,10318.375945568085,0.11019999999999999
7.0,10319.382781505585,0.11019999999999999
7.0,10320.411947965622,0.11019999999999999
7.0,10321.4330432415,0.11019999999999999
7.0,10322.436191558838,0.11019999999999999
7.0,10323.439789295197,0.11019999999999999
7.0,10324.45771574974,0.11019999999999999
7.0,10325.462324857712,0.11019999999999999
7.0,10326.473062753677,0.11019999999999999
7.0,10327.476274251938,0.11019999999999999
7.0,10328.477934598923,0.11019999999999999
7.0,10329.479547977448,0.11019999999999999
7.0,10331.481627941132,0.11019999999999999
7.0,10332.484431028366,0.11019999999999999
7.0,10333.48548078537,0.11019999999999999
7.0,10334.489710569382,0.11019999999999999
7.0,10335.493292093277,0.11019999999999999
7.0,10336.504082202911,0.11019999999999999
7.0,10337.505543708801,0.11019999999999999
7.0,10338.512057304382,0.11019999999999999
7.0,10339.51862001419,0.11019999999999999
7.0,10340.525337219238,0.11019999999999999
7.0,10341.532088756561,0.11019999999999999
7.0,10342.538786888123,0.11019999999999999
7.0,10343.540300607681,0.11019999999999999
7.0,10344.552013158798,0.11019999999999999
7.0,10345.56562924385,0.11019999999999999
7.0,10346.572274208069,0.11019999999999999
7.0,10347.578829288483,0.11019999999999999
7.0,10348.580423593521,0.11019999999999999
7.0,10350.588171958923,0.11019999999999999
7.0,10351.59492444992,0.11019999999999999
7.0,10352.609566926956,0.11019999999999999
7.0,10353.625597715378,0.11019999999999999
7.0,10354.632373094559,0.11019999999999999
7.0,10355.648167610168,0.11019999999999999
7.0,10356.659904241562,0.11019999999999999
7.0,10357.666672945023,0.11019999999999999
7.0,10358.673440217972,0.11019999999999999
7.0,10359.68019413948,0.11019999999999999
7.0,10360.69197177887,0.11019999999999999
7.0,10361.6987221241,0.11019999999999999
7.0,10362.705462694168,0.11019999999999999
7.0,10363.712147951126,0.11019999999999999
7.0,10364.718803405762,0.11019999999999999
7.0,10365.725583791733,0.11019999999999999
7.0,10366.732274532318,0.11019999999999999
7.0,10367.738995313644,0.11019999999999999
7.0,10368.745574712753,0.11019999999999999
7.0,10370.753363847733,0.11019999999999999
7.0,10371.75999212265,0.11019999999999999
7.0,10372.766691446304,0.11019999999999999
7.0,10373.77344918251,0.11019999999999999
7.0,10374.784462451935,0.11019999999999999
7.0,10375.7911465168,0.11019999999999999
7.0,10376.801371574402,0.11019999999999999
7.0,10377.808319568634,0.11019999999999999
7.0,10378.821585416794,0.11019999999999999
7.0,10379.828354358673,0.11019999999999999
7.0,10380.843912363052,0.11019999999999999
7.0,10381.850677013397,0.11019999999999999
7.0,10382.857517004013,0.11019999999999999
7.0,10383.869470119476,0.11019999999999999
7.0,10384.885579109192,0.11019999999999999
7.0,10385.89639377594,0.11019999999999999
7.0,10386.90307712555,0.11019999999999999
7.0,10387.909550666809,0.11019999999999999
7.0,10388.916226625443,0.11019999999999999
7.0,10390.923949956894,0.11019999999999999
7.0,10391.930723905563,0.11019999999999999
7.0,10392.937505483627,0.11019999999999999
7.0,10393.964873790741,0.11019999999999999
7.0,10394.967097520828,0.11019999999999999
7.0,10395.990783452988,0.11019999999999999
7.0,10396.994863033295,0.11019999999999999
7.0,10398.010724782944,0.11019999999999999
7.0,10399.02515745163,0.11019999999999999
7.0,10400.028000116348,0.11019999999999999
7.0,10401.029643058777,0.11019999999999999
7.0,10402.034405469894,0.11019999999999999
7.0,10403.036669015884,0.11019999999999999
7.0,10404.041353940964,0.11019999999999999
7.0,10405.044758319855,0.11019999999999999
7.0,10406.054736375809,0.11019999999999999
7.0,10407.061225891113,0.11019999999999999
7.0,10408.067751646042,0.11019999999999999
7.0,10409.073533058167,0.11019999999999999
7.0,10411.081396579742,0.11019999999999999
7.0,10412.088222265244,0.11019999999999999
7.0,10413.094868659973,0.11019999999999999
7.0,10414.101553678513,0.11019999999999999
7.0,10415.113349437714,0.11019999999999999
7.0,10416.120185375214,0.11019999999999999
7.0,10417.12688279152,0.11019999999999999
7.0,10418.133524417877,0.11019999999999999
7.0,10419.140278100967,0.11019999999999999
7.0,10420.146949768066,0.11019999999999999
7.0,10421.153590917587,0.11019999999999999
7.0,10422.160211801529,0.11019999999999999
7.0,10423.161571979523,0.11019999999999999
7.0,10424.176240682602,0.11019999999999999
7.0,10425.187995910645,0.11019999999999999
7.0,10426.204217672348,0.11019999999999999
7.0,10427.215986967087,0.11019999999999999
7.0,10428.22276687622,0.11019999999999999
7.0,10429.233580589294,0.11019999999999999
7.0,10431.24562573433,0.11019999999999999
7.0,10432.252373456955,0.11019999999999999
7.0,10433.258993387222,0.11019999999999999
7.0,10434.270799398422,0.11019999999999999
7.0,10435.281573057175,0.11019999999999999
7.0,10436.293321609497,0.11019999999999999
7.0,10437.300182819366,0.11019999999999999
7.0,10438.30705165863,0.11019999999999999
7.0,10439.321591615677,0.11019999999999999
7.0,10440.333613872528,0.11019999999999999
7.0,10441.34015583992,0.11019999999999999
7.0,10442.341652154922,0.11019999999999999
7.0,10443.348371267319,0.11019999999999999
7.0,10444.355121135712,0.11019999999999999
7.0,10445.366838693619,0.11019999999999999
7.0,10446.373625516891,0.11019999999999999
7.0,10447.380264997482,0.11019999999999999
7.0,10448.386996984482,0.11019999999999999
7.0,10449.398752689362,0.11019999999999999
7.0,10451.406708478928,0.11019999999999999
7.0,10452.417439937592,0.11019999999999999
7.0,10453.430647850037,0.11019999999999999
7.0,10454.437505960464,0.11019999999999999
7.0,10455.453623771667,0.11019999999999999
7.0,10456.460322618484,0.11019999999999999
7.0,10457.46157169342,0.11019999999999999
7.0,10458.468274354935,0.11019999999999999
7.0,10459.469713687897,0.11019999999999999
7.0,10460.487032651901,0.11019999999999999
7.0,10461.48854470253,0.11019999999999999
7.0,10462.500271558762,0.11019999999999999
7.0,10463.506804704666,0.11019999999999999
7.0,10464.51859331131,0.11019999999999999
7.0,10465.52533864975,0.11019999999999999
7.0,10466.537254333496,0.11019999999999999
7.0,10467.55321264267,0.11019999999999999
7.0,10468.559884309769,0.11019999999999999
7.0,10469.566683769226,0.11019999999999999
7.0,10471.573546171188,0.11019999999999999
7.0,10472.585430145264,0.11019999999999999
7.0,10473.592184782028,0.11019999999999999
7.0,10474.603961467743,0.11019999999999999
7.0,10475.610700130463,0.11019999999999999
7.0,10476.617536783218,0.11019999999999999
7.0,10477.62431526184,0.11019999999999999
7.0,10478.63104557991,0.11019999999999999
7.0,10479.637660980225,0.11019999999999999
7.0,10480.644343852997,0.11019999999999999
7.0,10481.650998592377,0.11019999999999999
7.0,10482.657624959946,0.11019999999999999
7.0,10483.664413452148,0.11019999999999999
7.0,10484.671233654022,0.11019999999999999
7.0,10485.687824249268,0.11019999999999999
7.0,10486.693545818329,0.11019999999999999
7.0,10487.70037984848,0.11019999999999999
7.0,10488.707223653793,0.11019999999999999
7.0,10489.713559627533,0.11019999999999999
7.0,10491.721508026123,0.11019999999999999
7.0,10492.733505487442,0.11019999999999999
7.0,10493.740229845047,0.11019999999999999
7.0,10494.754868984222,0.11019999999999999
7.0,10495.766597747803,0.11019999999999999
7.0,10496.781617879868,0.11019999999999999
7.0,10497.793367385864,0.11019999999999999
7.0,10498.809101819992,0.11019999999999999
7.0,10499.82100391388,0.11019999999999999
7.0,10500.84503364563,0.11019999999999999
7.0,10501.865019083023,0.11019999999999999
7.0,10502.867806434631,0.11019999999999999
7.0,10503.87517285347,0.11019999999999999
7.0,10504.88865184784,0.11019999999999999
7.0,10505.893598794937,0.11019999999999999
7.0,10506.904469251633,0.11019999999999999
7.0,10507.910084486008,0.11019999999999999
7.0,10508.913423538208,0.11019999999999999
7.0,10509.917121648788,0.11019999999999999
7.0,10511.919599056244,0.11019999999999999
7.0,10512.921791791916,0.11019999999999999
7.0,10513.932653188705,0.11019999999999999
7.0,10514.933462619781,0.11019999999999999
7.0,10515.940019130707,0.11019999999999999
7.0,10516.949497461319,0.11019999999999999
7.0,10517.956209897995,0.11019999999999999
7.0,10518.962658166885,0.11019999999999999
7.0,10519.969535589218,0.11019999999999999
7.0,10520.976283788681,0.11019999999999999
7.0,10521.983007192612,0.11019999999999999
7.0,10522.984587192535,0.11019999999999999
7.0,10523.991371631622,0.11019999999999999
7.0,10524.992984056473,0.11019999999999999
7.0,10526.004711866379,0.11019999999999999
7.0,10527.016646385193,0.11019999999999999
7.0,10528.017574310303,0.11019999999999999
7.0,10529.02430176735,0.11019999999999999
7.0,10530.031092643738,0.11019999999999999
7.0,10532.038720607758,0.11019999999999999
7.0,10533.050606250763,0.11019999999999999
7.0,10534.057391881943,0.11019999999999999
7.0,10535.06416773796,0.11019999999999999
7.0,10536.071051836014,0.11019999999999999
7.0,10537.086937904358,0.11019999999999999
7.0,10538.093569040298,0.11019999999999999
7.0,10539.100269317627,0.11019999999999999
7.0,10540.106934070587,0.11019999999999999
7.0,10541.113649129868,0.11019999999999999
7.0,10542.120418787003,0.11019999999999999
7.0,10543.135369300842,0.11019999999999999
7.0,10544.141583681107,0.11019999999999999
7.0,10545.14835190773,0.11019999999999999
7.0,10546.155200481415,0.11019999999999999
7.0,10547.161570310593,0.11019999999999999
7.0,10548.168511629105,0.11019999999999999
7.0,10549.17514038086,0.11019999999999999
7.0,10550.186872005463,0.11019999999999999
7.0,10552.202796459198,0.11019999999999999
7.0,10553.213692188263,0.11019999999999999
7.0,10554.229714870453,0.11019999999999999
7.0,10555.236515045166,0.11019999999999999
7.0,10556.248262405396,0.11019999999999999
7.0,10557.255079507828,0.11019999999999999
7.0,10558.266806602478,0.11019999999999999
7.0,10559.273544073105,0.11019999999999999
7.0,10560.280318260193,0.11019999999999999
7.0,10561.287129878998,0.11019999999999999
7.0,10562.298946619034,0.11019999999999999
7.0,10563.30563879013,0.11019999999999999
7.0,10564.312304258347,0.11019999999999999
7.0,10565.31897187233,0.11019999999999999
7.0,10566.330704212189,0.11019999999999999
7.0,10567.33745765686,0.11019999999999999
7.0,10568.352614879608,0.11019999999999999
7.0,10569.368943452835,0.11019999999999999
7.0,10570.400912761688,0.11019999999999999
7.0,10572.404683351517,0.11019999999999999
7.0,10573.424621582031,0.11019999999999999
7.0,10574.427401065826,0.11019999999999999
7.0,10575.444531202316,0.11019999999999999
7.0,10576.45234298706,0.11019999999999999
7.0,10577.46371459961,0.11019999999999999
7.0,10578.46635055542,0.11019999999999999
7.0,10579.467876672745,0.11019999999999999
7.0,10580.469301462173,0.11019999999999999
7.0,10581.472272396088,0.11019999999999999
7.0,10582.474354743958,0.11019999999999999
7.0,10583.48212814331,0.11019999999999999
7.0,10584.488780975342,0.11019999999999999
7.0,10585.49536061287,0.11019999999999999
7.0,10586.501441717148,0.11019999999999999
7.0,10587.511261940002,0.11019999999999999
7.0,10588.512809038162,0.11019999999999999
7.0,10589.514093875885,0.11019999999999999
7.0,10590.520832538605,0.11019999999999999
7.0,10592.534526586533,0.11019999999999999
7.0,10593.544439554214,0.11019999999999999
7.0,10594.55895280838,0.11019999999999999
7.0,10595.570551872253,0.11019999999999999
7.0,10596.572099685669,0.11019999999999999
7.0,10597.58408331871,0.11019999999999999
7.0,10598.595829248428,0.11019999999999999
7.0,10599.59740972519,0.11019999999999999
7.0,10600.609025239944,0.11019999999999999
7.0,10601.615732908249,0.11019999999999999
7.0,10602.63004374504,0.11019999999999999
7.0,10603.6401181221,0.11019999999999999
7.0,10604.654419898987,0.11019999999999999
7.0,10605.66121506691,0.11019999999999999
7.0,10606.67748427391,0.11019999999999999
7.0,10607.69151520729,0.11019999999999999
7.0,10608.697576522827,0.11019999999999999
7.0,10609.70934009552,0.11019999999999999
7.0,10610.716204166412,0.11019999999999999
7.0,10612.724182844162,0.11019999999999999
7.0,10613.730963945389,0.11019999999999999
7.0,10614.742732286453,0.11019999999999999
7.0,10615.749649763107,0.11019999999999999
7.0,10616.764750003815,0.11019999999999999
7.0,10617.776651382446,0.11019999999999999
7.0,10618.783471822739,0.11019999999999999
7.0,10619.795285224915,0.11019999999999999
7.0,10620.801676273346,0.11019999999999999
7.0,10621.813434123993,0.11019999999999999
7.0,10622.820206165314,0.11019999999999999
7.0,10623.821570634842,0.11019999999999999
7.0,10624.833332061768,0.11019999999999999
7.0,10625.840083360672,0.11019999999999999
7.0,10626.846863269806,0.11019999999999999
7.0,10627.853631734848,0.11019999999999999
7.0,10628.86041021347,0.11019999999999999
7.0,10629.867149114609,0.11019999999999999
7.0,10630.873549222946,0.11019999999999999
7.0,10632.88154387474,0.11019999999999999
7.0,10633.893278837204,0.11019999999999999
7.0,10634.900133132935,0.11019999999999999
7.0,10635.911732673645,0.11019999999999999
7.0,10636.922860383987,0.11019999999999999
7.0,10637.937584161758,0.11019999999999999
7.0,10638.95239329338,0.11019999999999999
7.0,10639.964095830917,0.11019999999999999
7.0,10640.975832939148,0.11019999999999999
7.0,10641.982822656631,0.11019999999999999
7.0,10642.994733572006,0.11019999999999999
7.0,10644.001520633698,0.11019999999999999
7.0,10645.008197307587,0.11019999999999999
7.0,10646.023861169815,0.11019999999999999
7.0,10647.03071141243,0.11019999999999999
7.0,10648.037478208542,0.11019999999999999
7.0,10649.05345916748,0.11019999999999999
7.0,10650.060197353363,0.11019999999999999
7.0,10651.066956996918,0.11019999999999999
7.0,10653.06961607933,0.11019999999999999
7.0,10654.076372385025,0.1093
7.0,10655.083055019379,0.11019999999999999
5.0,10656.094832897186,0.11019999999999999
5.0,10657.106570482254,0.1059
5.0,10658.113357543945,0.11019999999999999
5.0,10659.128068208694,0.11019999999999999
5.0,10660.14287686348,0.1093
5.0,10661.149582386017,0.11019999999999999
5.0,10662.161365747452,0.11019999999999999
5.0,10663.167233228683,0.11019999999999999
5.0,10664.17897105217,0.1059
5.0,10665.190711736679,0.1059
5.0,10666.197516918182,0.1059
5.0,10667.204257965088,0.1137
5.0,10668.216213703156,0.1093
5.0,10669.227942943573,0.1129
5.0,10670.23984837532,0.10849999999999999
5.0,10671.251672744751,0.10759999999999999
5.0,10673.264614582062,0.10759999999999999
5.0,10674.271374940872,0.10759999999999999
5.0,10675.277535676956,0.10759999999999999
5.0,10676.284279346466,0.10339999999999999
5.0,10677.290947198868,0.10339999999999999
5.0,10678.297577857971,0.10339999999999999
5.0,10679.304376125336,0.10679999999999999
5.0,10680.320569515228,0.10679999999999999
5.0,10681.327240467072,0.10679999999999999
5.0,10682.339833259583,0.10679999999999999
5.0,10683.345575809479,0.10679999999999999
5.0,10684.357364177704,0.11099999999999999
5.0,10685.364090204239,0.1025
5.0,10686.370753526688,0.11019999999999999
5.0,10687.376923322678,0.1059
5.0,10688.388661623001,0.10509999999999999
5.0,10689.39532494545,0.1093
5.0,10690.401549577713,0.10419999999999999
5.0,10691.40836262703,0.10849999999999999
5.0,10693.41626214981,0.10419999999999999
5.0,10694.427958726883,0.09999999999999999
5.0,10695.439692258835,0.09999999999999999
5.0,10696.445584058762,0.10339999999999999
5.0,10697.457472801208,0.10339999999999999
5.0,10698.472680807114,0.10339999999999999
5.0,10699.479337215424,0.10339999999999999
5.0,10700.485602378845,0.10339999999999999
5.0,10701.492423534393,0.10339999999999999
5.0,10702.499193429947,0.10339999999999999
5.0,10703.505560874939,0.10339999999999999
5.0,10704.51738166809,0.10759999999999999
5.0,10705.524164676666,0.0991
5.0,10706.53087568283,0.10679999999999999
5.0,10707.537626028061,0.1025
5.0,10708.544300317764,0.1017
5.0,10709.551025629044,0.1059
5.0,10710.563118696213,0.1017
5.0,10711.569603443146,0.1008
5.0,10713.581671476364,0.10509999999999999
5.0,10714.593455553055,0.1008
5.0,10715.60015130043,0.1008
5.0,10716.606751441956,0.1008
5.0,10717.621576547623,0.1008
5.0,10718.628430366516,0.1008
5.0,10719.635301113129,0.1008
5.0,10720.641578674316,0.1008
5.0,10721.64845609665,0.1008
5.0,10722.655164718628,0.1008
5.0,10723.666453123093,0.1008
5.0,10724.682641029358,0.09999999999999999
5.0,10725.68940281868,0.10419999999999999
5.0,10726.696160554886,0.09999999999999999
5.0,10727.702953100204,0.0991
5.0,10728.714685201645,0.0991
5.0,10729.721479415894,0.09489999999999998
5.0,10730.728323936462,0.0983
5.0,10731.73504948616,0.0983
5.0,10733.742677927017,0.09389999999999998
5.0,10734.749539852142,0.09739999999999999
5.0,10735.756303548813,0.09319999999999999
5.0,10736.762991189957,0.09739999999999999
5.0,10737.769603967667,0.09739999999999999
5.0,10738.784929513931,0.09739999999999999
5.0,10739.791644096375,0.09739999999999999
5.0,10740.804204463959,0.09739999999999999
5.0,10741.819971323013,0.09739999999999999
5.0,10742.835377693176,0.09739999999999999
5.0,10743.841544866562,0.09739999999999999
5.0,10744.84842991829,0.09739999999999999
5.0,10745.849548578262,0.09319999999999999
5.0,10746.85623049736,0.09659999999999999
5.0,10747.862988471985,0.1008
5.0,10748.874762535095,0.09659999999999999
5.0,10749.881560325623,0.0957
5.0,10750.89337682724,0.09999999999999999
5.0,10751.900318145752,0.0957
5.0,10753.908100366592,0.09489999999999998
5.0,10754.914757966995,0.09489999999999998
5.0,10755.92661690712,0.09489999999999998
5.0,10756.933571577072,0.09489999999999998
5.0,10757.94045472145,0.09489999999999998
5.0,10758.94714474678,0.09489999999999998
5.0,10759.958890914917,0.0991
5.0,10760.965614557266,0.0991
5.0,10761.972366571426,0.0991
5.0,10762.979112386703,0.0991
5.0,10763.990822076797,0.0991
5.0,10764.997659683228,0.09489999999999998
5.0,10765.998727083206,0.0904
5.0,10767.013610124588,0.09399999999999999
5.0,10768.025370121002,0.09389999999999998
5.0,10769.037257194519,0.09399999999999999
5.0,10770.04300236702,0.09319999999999999
5.0,10771.04957318306,0.09739999999999999
5.0,10772.05629324913,0.09319999999999999
5.0,10774.081028461456,0.0887
5.0,10775.102971076965,0.09209999999999999
5.0,10776.106375694275,0.0923
5.0,10777.110122680664,0.09209999999999999
5.0,10778.123780727386,0.09209999999999999
5.0,10779.138364553452,0.09209999999999999
5.0,10780.141902446747,0.0923
5.0,10781.143564224243,0.09209999999999999
5.0,10782.145411252975,0.09209999999999999
5.0,10783.147519350052,0.09209999999999999
5.0,10784.149201869965,0.09209999999999999
5.0,10785.152115106583,0.09659999999999999
5.0,10786.154977560043,0.09209999999999999
5.0,10787.164427042007,0.09129999999999999
5.0,10788.189611911774,0.0957
5.0,10789.20088148117,0.0957
5.0,10790.21469783783,0.09129999999999999
5.0,10791.224271535873,0.0904
5.0,10792.228009939194,0.09489999999999998
5.0,10794.232781171799,0.0904
5.0,10795.235601186752,0.0904
5.0,10796.239282369614,0.0904
5.0,10797.241512537003,0.0904
5.0,10798.243140220642,0.0904
5.0,10799.2460501194,0.0904
5.0,10800.251789569855,0.0904
5.0,10801.257474184036,0.0904
5.0,10802.264016389847,0.0904
5.0,10803.274661540985,0.0904
5.0,10804.27807688713,0.0904
5.0,10805.279633522034,0.0896
5.0,10806.293265342712,0.09399999999999999
5.0,10807.305165529251,0.0896
5.0,10808.317156791687,0.0896
5.0,10809.328876018524,0.08109999999999999
5.0,10810.335536718369,0.09319999999999999
5.0,10811.347280979156,0.0887
5.0,10812.359028816223,0.0887
5.0,10814.366707801819,0.08789999999999999
5.0,10815.368270158768,0.08789999999999999
5.0,10816.380109786987,0.08789999999999999
5.0,10817.381589889526,0.08789999999999999
5.0,10818.388269662857,0.08789999999999999
5.0,10819.389602899551,0.08789999999999999
5.0,10820.391149520874,0.08789999999999999
5.0,10821.392709493637,0.08789999999999999
5.0,10822.399450302124,0.08789999999999999
5.0,10823.410998106003,0.08789999999999999
5.0,10824.412672281265,0.08789999999999999
5.0,10825.424639463425,0.0923
5.0,10826.440595388412,0.08789999999999999
5.0,10827.447227954865,0.0836
5.0,10828.463274478912,0.087
5.0,10829.469637393951,0.09149999999999998
5.0,10830.481510162354,0.087
5.0,10831.4882645607,0.087
5.0,10832.494934558868,0.0828
5.0,10834.503017425537,0.0836
5.0,10835.509622573853,0.0904
5.0,10836.51633477211,0.0904
5.0,10837.523062229156,0.0836
5.0,10838.529546260834,0.08199999999999999
5.0,10839.54512476921,0.0904
5.0,10840.561546087265,0.08199999999999999
5.0,10841.568316698074,0.0904
5.0,10842.583050727844,0.0904
5.0,10843.589572906494,0.08199999999999999
5.0,10844.596338748932,0.0904
5.0,10845.60314655304,0.0836
5.0,10846.609563350677,0.08199999999999999
5.0,10847.616380691528,0.08199999999999999
5.0,10848.62824845314,0.08109999999999999
5.0,10849.634994506836,0.08109999999999999
5.0,10850.646888494492,0.08109999999999999
5.0,10851.653616905212,0.08109999999999999
5.0,10852.665342330933,0.0803
5.0,10854.677555561066,0.0803
5.0,10855.689324855804,0.0803
5.0,10856.704751491547,0.0803
5.0,10857.711410522461,0.0803
5.0,10858.717647314072,0.0803
5.0,10859.724406719208,0.0803
5.0,10860.725571632385,0.0803
5.0,10861.732315301895,0.0803
5.0,10862.738933801651,0.0803
5.0,10863.74562740326,0.0803
5.0,10864.752543926239,0.0803
5.0,10865.764488458633,0.0803
5.0,10866.776275157928,0.0803
5.0,10867.78307723999,0.0794
5.0,10868.794819355011,0.08789999999999999
5.0,10869.805573225021,0.08789999999999999
5.0,10870.821336746216,0.0794
5.0,10871.828077793121,0.0836
5.0,10872.844007253647,0.0794
5.0,10874.846793413162,0.0828
5.0,10875.857593536377,0.087
5.0,10876.864428758621,0.087
5.0,10877.871033906937,0.087
5.0,10878.882853984833,0.087
5.0,10879.889448404312,0.087
5.0,10880.890975952148,0.087
5.0,10881.897560119629,0.087
5.0,10882.904255151749,0.087
5.0,10883.92057108879,0.087
5.0,10884.921610593796,0.087
5.0,10885.928377628326,0.0828
5.0,10886.940029621124,0.0828
5.0,10887.946735620499,0.0786
5.0,10888.953448534012,0.0786
5.0,10889.960273742676,0.08199999999999999
5.0,10890.966984987259,0.08199999999999999
5.0,10891.98155593872,0.08199999999999999
5.0,10892.99647140503,0.08199999999999999
5.0,10894.99865937233,0.07769999999999999
5.0,10896.005345106125,0.07769999999999999
5.0,10897.0120947361,0.07769999999999999
5.0,10898.018760919571,0.07769999999999999
5.0,10899.0295586586,0.0769
5.0,10900.04617857933,0.07769999999999999
5.0,10901.062693119049,0.0769
5.0,10902.073577404022,0.0769
5.0,10903.089599847794,0.0735
5.0,10904.09648513794,0.0769
5.0,10905.10827589035,0.0769
5.0,10906.115139245987,0.07669999999999999
5.0,10907.126874685287,0.08109999999999999
5.0,10908.13358592987,0.08109999999999999
5.0,10909.140366792679,0.08109999999999999
5.0,10910.147245645523,0.0769
5.0,10911.159056663513,0.0803
5.0,10912.160197734833,0.0803
5.0,10913.166953802109,0.0803
5.0,10915.17464542389,0.0803
5.0,10916.18151473999,0.0803
5.0,10917.193526744843,0.0803
5.0,10918.20022559166,0.0803
5.0,10919.206877470016,0.0803
5.0,10920.213561058044,0.0803
5.0,10921.225431203842,0.0803
5.0,10922.232103586197,0.0803
5.0,10923.24385356903,0.0803
5.0,10924.25560593605,0.0803
5.0,10925.261672496796,0.0803
5.0,10926.26834154129,0.076
5.0,10927.269625425339,0.07579999999999998
5.0,10928.276346206665,0.0794
5.0,10929.283056974411,0.0836
5.0,10930.289649248123,0.0794
5.0,10931.296328306198,0.0794
5.0,10932.308126211166,0.0794
5.0,10933.309587717056,0.07499999999999998
5.0,10935.3123087883,0.0786
5.0,10936.324012041092,0.0786
5.0,10937.330677747726,0.0786
5.0,10938.337376594543,0.0786
5.0,10939.344466924667,0.0786
5.0,10940.351108789444,0.0786
5.0,10941.362970352173,0.0743
5.0,10942.374698877335,0.0786
5.0,10943.381590604782,0.0786
5.0,10944.388360738754,0.0786
5.0,10945.389617681503,0.0786
5.0,10946.396274805069,0.0828
5.0,10947.408060073853,0.0786
5.0,10948.4147605896,0.0786
5.0,10949.425566911697,0.0786
5.0,10950.432334661484,0.07409999999999999
5.0,10951.438963890076,0.07409999999999999
5.0,10952.45066857338,0.07769999999999999
5.0,10953.457515478134,0.08199999999999999
5.0,10955.465468883514,0.07769999999999999
5.0,10956.472206830978,0.07769999999999999
5.0,10957.478952884674,0.07769999999999999
5.0,10958.49067401886,0.08199999999999999
5.0,10959.496979236603,0.07769999999999999
5.0,10960.508715867996,0.07769999999999999
5.0,10961.520481348038,0.07769999999999999
5.0,10962.527290582657,0.07769999999999999
5.0,10963.53360581398,0.07769999999999999
5.0,10964.540269136429,0.07769999999999999
5.0,10965.547061443329,0.07769999999999999
5.0,10966.553652524948,0.07769999999999999
5.0,10967.560516357422,0.07769999999999999
5.0,10968.572327136993,0.0735
5.0,10969.578982830048,0.07239999999999999
5.0,10970.590832471848,0.08109999999999999
5.0,10971.597391843796,0.0769
5.0,10972.604085206985,0.0769
5.0,10973.610105991364,0.0769
5.0,10975.622752428055,0.07669999999999999
5.0,10976.629512548447,0.07239999999999999
5.0,10977.636289596558,0.07669999999999999
5.0,10978.64307308197,0.07239999999999999
5.0,10979.654785633087,0.07669999999999999
5.0,10980.661546945572,0.0769
5.0,10981.676359891891,0.0769
5.0,10982.688378095627,0.07669999999999999
5.0,10983.68957233429,0.07239999999999999
5.0,10984.691133975983,0.07669999999999999
5.0,10985.697583913803,0.07239999999999999
5.0,10986.704319000244,0.07239999999999999
5.0,10987.711097478867,0.07159999999999998
5.0,10988.717596530914,0.076
5.0,10989.724403381348,0.076
5.0,10990.731214523315,0.076
5.0,10991.73758649826,0.076
5.0,10992.74936413765,0.076
5.0,10993.756101846695,0.076
5.0,10995.758684396744,0.07159999999999998
5.0,10996.765466213226,0.07159999999999998
5.0,10997.767121076584,0.07159999999999998
5.0,10998.778834819794,0.07159999999999998
5.0,10999.785585403442,0.07159999999999998
5.0,11000.797441005707,0.07159999999999998
5.0,11001.804275989532,0.07159999999999998
5.0,11002.819364070892,0.07499999999999998
5.0,11003.840245485306,0.07499999999999998
5.0,11004.863983154297,0.07169999999999999
5.0,11005.882144212723,0.07069999999999999
5.0,11006.888670444489,0.07499999999999998
5.0,11007.90204501152,0.0794
5.0,11008.904430627823,0.0794
5.0,11009.906864404678,0.07499999999999998
5.0,11010.908860206604,0.0752
5.0,11011.91469836235,0.07499999999999998
5.0,11012.91741013527,0.07409999999999999
5.0,11014.930047035217,0.07409999999999999
5.0,11015.938294649124,0.0743
5.0,11016.950368881226,0.07409999999999999
5.0,11017.953559160233,0.0743
5.0,11018.955700874329,0.07409999999999999
5.0,11019.975003242493,0.0743
5.0,11020.987137556076,0.07409999999999999
5.0,11021.99324464798,0.0743
5.0,11022.997599363327,0.0743
5.0,11024.001281023026,0.0743
5.0,11025.007281780243,0.06989999999999999
5.0,11026.009204864502,0.07409999999999999
5.0,11027.018977880478,0.0786
5.0,11028.028261899948,0.0786
5.0,11029.034952402115,0.0786
5.0,11030.041698217392,0.0786
5.0,11031.053664207458,0.0743
5.0,11032.06050825119,0.0743
5.0,11033.076291799545,0.0743
5.0,11035.084058046341,0.06989999999999999
5.0,11036.090941905975,0.07329999999999999
5.0,11037.097555875778,0.06999999999999998
5.0,11038.104392051697,0.06999999999999998
5.0,11039.111006736755,0.0735
5.0,11040.117613077164,0.0735
5.0,11041.124315738678,0.0735
5.0,11042.12559390068,0.0735
5.0,11043.137393712997,0.0735
5.0,11044.14421582222,0.0735
5.0,11045.150889396667,0.06989999999999999
5.0,11046.16551232338,0.0735
5.0,11047.181655168533,0.0735
5.0,11048.188478708267,0.07769999999999999
5.0,11049.195222139359,0.07769999999999999
5.0,11050.20164346695,0.07769999999999999
5.0,11051.208637237549,0.0735
5.0,11052.21540927887,0.0735
5.0,11053.22723531723,0.0735
5.0,11055.234686136246,0.06899999999999999
5.0,11056.241500377655,0.06899999999999999
5.0,11057.253361701965,0.06899999999999999
5.0,11058.260125875473,0.06899999999999999
5.0,11059.276110172272,0.06899999999999999
5.0,11060.28275179863,0.06899999999999999
5.0,11061.289442062378,0.07239999999999999
5.0,11062.296187877655,0.06899999999999999
5.0,11063.307955503464,0.06899999999999999
5.0,11064.321636915207,0.06899999999999999
5.0,11065.336437940598,0.06899999999999999
5.0,11066.35265660286,0.06899999999999999
5.0,11067.359423875809,0.07239999999999999
5.0,11068.375968694687,0.06819999999999998
5.0,11069.382668018341,0.0769
5.0,11070.393436193466,0.07239999999999999
5.0,11071.395143508911,0.07239999999999999
5.0,11072.405551671982,0.07239999999999999
5.0,11073.417436122894,0.07239999999999999
5.0,11075.425293684006,0.07239999999999999
5.0,11076.432057380676,0.07239999999999999
5.0,11077.438711881638,0.07239999999999999
5.0,11078.45443224907,0.06819999999999998
5.0,11079.469168663025,0.07239999999999999
5.0,11080.486158847809,0.07239999999999999
5.0,11081.493004083633,0.07239999999999999
5.0,11082.504746198654,0.0726
5.0,11083.51649570465,0.07239999999999999
5.0,11084.523170232773,0.07239999999999999
5.0,11085.529574871063,0.07239999999999999
5.0,11086.541325569153,0.06819999999999998
5.0,11087.547082185745,0.06819999999999998
5.0,11088.558888912201,0.07169999999999999
5.0,11089.560406446457,0.07169999999999999
5.0,11090.56713294983,0.07159999999999998
5.0,11091.573592185974,0.06729999999999998
5.0,11092.580395936966,0.06729999999999998
5.0,11093.58716750145,0.07159999999999998
5.0,11095.594732761383,0.07169999999999999
5.0,11096.601549863815,0.07169999999999999
5.0,11097.60822892189,0.07159999999999998
5.0,11098.614873886108,0.07169999999999999
5.0,11099.621555805206,0.07169999999999999
5.0,11100.628388643265,0.07169999999999999
5.0,11101.635115385056,0.07169999999999999
5.0,11102.641570329666,0.07159999999999998
5.0,11103.648386955261,0.07159999999999998
5.0,11104.655121088028,0.07169999999999999
5.0,11105.66159081459,0.07169999999999999
5.0,11106.668253421783,0.07159999999999998
5.0,11107.669661045074,0.07169999999999999
5.0,11108.68559718132,0.07159999999999998
5.0,11109.692396640778,0.06729999999999998
5.0,11110.704523324966,0.06729999999999998
5.0,11111.716365337372,0.06729999999999998
5.0,11112.72313952446,0.07069999999999999
5.0,11113.729571342468,0.07069999999999999
5.0,11115.737505197525,0.07499999999999998
5.0,11116.744180202484,0.07499999999999998
5.0,11117.745597362518,0.0752
5.0,11118.75735092163,0.07499999999999998
5.0,11119.764026641846,0.07069999999999999
5.0,11120.770658016205,0.07499999999999998
5.0,11121.781483888626,0.07069999999999999
5.0,11122.788564443588,0.07069999999999999
5.0,11123.801615715027,0.07499999999999998
5.0,11124.81335902214,0.07499999999999998
5.0,11125.819458246231,0.07069999999999999
5.0,11126.836418628693,0.0752
5.0,11127.851770401001,0.07499999999999998
5.0,11128.867775440216,0.0752
5.0,11129.8776242733,0.07069999999999999
5.0,11130.884385347366,0.07069999999999999
5.0,11131.891075134277,0.07069999999999999
5.0,11132.902805566788,0.07069999999999999
5.0,11133.914701223373,0.07069999999999999
5.0,11135.922482967377,0.07069999999999999
5.0,11136.929163455963,0.06649999999999999
5.0,11137.941027641296,0.07069999999999999
5.0,11138.956322669983,0.06649999999999999
5.0,11139.963010311127,0.07069999999999999
5.0,11140.969620466232,0.06649999999999999
5.0,11141.976498126984,0.06649999999999999
5.0,11142.988428354263,0.07069999999999999
5.0,11143.989550590515,0.06649999999999999
5.0,11144.991165876389,0.06649999999999999
5.0,11146.00557088852,0.06649999999999999
5.0,11147.021422863007,0.06649999999999999
5.0,11148.033214569092,0.06989999999999999
5.0,11149.056698083878,0.06649999999999999
5.0,11150.079410791397,0.06989999999999999
5.0,11151.08285689354,0.06559999999999999
5.0,11152.099331378937,0.06989999999999999
5.0,11153.102543592453,0.06989999999999999
5.0,11154.118117332458,0.0743
5.0,11156.121762037277,0.0743
5.0,11157.123863220215,0.0743
5.0,11158.125303983688,0.0743
5.0,11159.130204677582,0.07409999999999999
5.0,11160.133291959763,0.06989999999999999
5.0,11161.136575698853,0.0743
5.0,11162.146870851517,0.07409999999999999
5.0,11163.148296356201,0.07409999999999999
5.0,11164.157440185547,0.07409999999999999
5.0,11165.164151906967,0.0743
5.0,11166.170877456665,0.0743
5.0,11167.181657791138,0.07409999999999999
5.0,11168.188433170319,0.06989999999999999
5.0,11169.195077419281,0.06989999999999999
5.0,11170.20163154602,0.06989999999999999
5.0,11171.208258152008,0.06989999999999999
5.0,11172.21996998787,0.06989999999999999
5.0,11173.226693868637,0.06989999999999999
5.0,11175.242458105087,0.06989999999999999
5.0,11176.257526397705,0.06999999999999998
5.0,11177.264215946198,0.06559999999999999
5.0,11178.276109695435,0.06989999999999999
5.0,11179.292798757553,0.06989999999999999
5.0,11180.304521560669,0.06559999999999999
5.0,11181.316427230835,0.06999999999999998
5.0,11182.331101894379,0.06899999999999999
5.0,11183.33759021759,0.06989999999999999
5.0,11184.34438943863,0.06989999999999999
5.0,11185.351167917252,0.06989999999999999
5.0,11186.357760190964,0.06559999999999999
5.0,11187.364468336105,0.06559999999999999
5.0,11188.379390239716,0.06559999999999999
5.0,11189.394685983658,0.06899999999999999
5.0,11190.401453256607,0.06559999999999999
5.0,11191.408210515976,0.06479999999999998
5.0,11192.414841890335,0.06899999999999999
5.0,11193.429629087448,0.0735
5.0,11195.445363759995,0.0735
5.0,11196.460461378098,0.06899999999999999
5.0,11197.472200632095,0.0735
5.0,11198.48830318451,0.0735
5.0,11199.494990825653,0.06899999999999999
5.0,11200.501556873322,0.0735
5.0,11201.50841474533,0.06899999999999999
5.0,11202.524669647217,0.0735
5.0,11203.536412000656,0.06899999999999999
5.0,11204.543098449707,0.06899999999999999
5.0,11205.549566030502,0.06899999999999999
5.0,11206.561318159103,0.06899999999999999
5.0,11207.567978858948,0.06899999999999999
5.0,11208.573916196823,0.06899999999999999
5.0,11209.580667257309,0.06899999999999999
5.0,11210.592480897903,0.06899999999999999
5.0,11211.593583583832,0.06899999999999999
5.0,11212.600373983383,0.06899999999999999
5.0,11213.60713505745,0.06899999999999999
5.0,11215.614687919617,0.06899999999999999
5.0,11216.621497869492,0.06899999999999999
5.0,11217.628239631653,0.06899999999999999
5.0,11218.634887218475,0.06899999999999999
5.0,11219.641701459885,0.06899999999999999
5.0,11220.648499250412,0.06899999999999999
5.0,11221.655470848083,0.06899999999999999
5.0,11222.66161942482,0.06899999999999999
5.0,11223.673369646072,0.06899999999999999
5.0,11224.679990291595,0.06899999999999999
5.0,11225.69187426567,0.06899999999999999
5.0,11226.7037255764,0.06899999999999999
5.0,11227.7199614048,0.06899999999999999
5.0,11228.731838941574,0.06479999999999998
5.0,11229.746564626694,0.06479999999999998
5.0,11230.748213291168,0.06479999999999998
5.0,11231.7550573349,0.06479999999999998
5.0,11232.76161813736,0.06479999999999998
5.0,11233.793889522552,0.06819999999999998
5.0,11235.817734003067,0.06389999999999998
5.0,11236.821062326431,0.06819999999999998
5.0,11237.841630220413,0.06389999999999998
5.0,11238.852797746658,0.06819999999999998
5.0,11239.85505104065,0.06389999999999998
5.0,11240.856658935547,0.06389999999999998
5.0,11241.858730793,0.06389999999999998
5.0,11242.860446929932,0.06819999999999998
5.0,11243.86242055893,0.06389999999999998
5.0,11244.864048957825,0.06819999999999998
5.0,11245.865569591522,0.06389999999999998
5.0,11246.86938071251,0.06819999999999998
5.0,11247.874685764313,0.06389999999999998
5.0,11248.87736749649,0.06389999999999998
5.0,11249.888014793396,0.06819999999999998
5.0,11250.897447347641,0.06389999999999998
5.0,11251.904060602188,0.06819999999999998
5.0,11252.9159886837,0.06819999999999998
5.0,11253.922780275345,0.06819999999999998
5.0,11255.935642957687,0.06819999999999998
5.0,11256.941556453705,0.06819999999999998
5.0,11257.948256254196,0.06819999999999998
5.0,11258.954922676086,0.06819999999999998
5.0,11259.961570978165,0.06819999999999998
5.0,11260.968301773071,0.06819999999999998
5.0,11261.979702234268,0.06819999999999998
5.0,11262.981268644333,0.06819999999999998
5.0,11263.988139629364,0.06819999999999998
5.0,11264.995105743408,0.06819999999999998
5.0,11266.001569986343,0.06819999999999998
5.0,11267.008316755295,0.06819999999999998
5.0,11268.02285194397,0.06819999999999998
5.0,11269.03465294838,0.06819999999999998
5.0,11270.040929079056,0.06819999999999998
5.0,11271.05236363411,0.06819999999999998
5.0,11272.059180259705,0.06819999999999998
5.0,11273.065615653992,0.06819999999999998
5.0,11274.072421312332,0.06819999999999998
5.0,11276.0801820755,0.06819999999999998
5.0,11277.08682847023,0.06389999999999998
5.0,11278.09360575676,0.06819999999999998
5.0,11279.100331544876,0.06389999999999998
5.0,11280.101576566696,0.06819999999999998
5.0,11281.113358259201,0.06819999999999998
5.0,11282.120179891586,0.06819999999999998
5.0,11283.126911878586,0.06819999999999998
5.0,11284.133569002151,0.06819999999999998
5.0,11285.140273332596,0.06819999999999998
5.0,11286.14698266983,0.06389999999999998
5.0,11287.153581857681,0.06389999999999998
5.0,11288.160326719284,0.06389999999999998
5.0,11289.167018413544,0.06819999999999998
5.0,11290.173595666885,0.06389999999999998
5.0,11291.185418605804,0.06389999999999998
5.0,11292.192080259323,0.06389999999999998
5.0,11293.203936338425,0.06389999999999998
5.0,11294.217583656311,0.06389999999999998
5.0,11296.225311517715,0.06309999999999999
5.0,11297.236045598984,0.06389999999999998
5.0,11298.252501010895,0.06389999999999998
5.0,11299.259172677994,0.06309999999999999
5.0,11300.27119898796,0.06389999999999998
5.0,11301.282977342606,0.06309999999999999
5.0,11302.289654970169,0.05969999999999999
5.0,11303.301506996155,0.06309999999999999
5.0,11304.308308839798,0.06389999999999998
5.0,11305.320257663727,0.06309999999999999
5.0,11306.332173109055,0.06309999999999999
5.0,11307.339037895203,0.06309999999999999
5.0,11308.350841522217,0.06309999999999999
5.0,11309.357720136642,0.06309999999999999
5.0,11310.369547128677,0.06309999999999999
5.0,11311.381368398666,0.05969999999999999
5.0,11312.38819527626,0.06309999999999999
5.0,11313.399964809418,0.06309999999999999
5.0,11314.406939983368,0.06729999999999998
5.0,11316.422695875168,0.06729999999999998
5.0,11317.42943763733,0.06309999999999999
5.0,11318.44136595726,0.06729999999999998
5.0,11319.457624673843,0.06729999999999998
5.0,11320.469389915466,0.06309999999999999
5.0,11321.481221199036,0.06729999999999998
5.0,11322.488024950027,0.06729999999999998
5.0,11323.494676351547,0.06309999999999999
5.0,11324.501508712769,0.06729999999999998
5.0,11325.508415937424,0.06309999999999999
5.0,11326.515185117722,0.06729999999999998
5.0,11327.521692991257,0.06729999999999998
5.0,11328.533506631851,0.06729999999999998
5.0,11329.540451288223,0.06309999999999999
5.0,11330.55223274231,0.06729999999999998
5.0,11331.55911397934,0.06729999999999998
5.0,11332.566035032272,0.06729999999999998
5.0,11333.572844743729,0.06729999999999998
5.0,11334.589415073395,0.06729999999999998
5.0,11336.60159277916,0.06729999999999998
5.0,11337.613368272781,0.06729999999999998
5.0,11338.620245456696,0.06729999999999998
5.0,11339.627082109451,0.06729999999999998
5.0,11340.633596420288,0.06729999999999998
5.0,11341.64044880867,0.06729999999999998
5.0,11342.652262449265,0.06729999999999998
5.0,11343.659060239792,0.06729999999999998
5.0,11344.665648937225,0.06729999999999998
5.0,11345.672662973404,0.06729999999999998
5.0,11346.684432506561,0.06729999999999998
5.0,11347.685578107834,0.06729999999999998
5.0,11348.692372560501,0.06729999999999998
5.0,11349.699161052704,0.06729999999999998
5.0,11350.705770730972,0.06729999999999998
5.0,11351.712506532669,0.06729999999999998
5.0,11352.727208137512,0.06729999999999998
5.0,11353.739072322845,0.06729999999999998
5.0,11354.754108428955,0.06729999999999998
5.0,11356.761614322662,0.06729999999999998
5.0,11357.768617391586,0.06729999999999998
5.0,11358.775540590286,0.06729999999999998
5.0,11359.78160738945,0.06309999999999999
5.0,11360.7875623703,0.06729999999999998
5.0,11361.799397230148,0.06309999999999999
5.0,11362.805564165115,0.06309999999999999
5.0,11363.812306642532,0.06729999999999998
5.0,11364.819016456604,0.06729999999999998
5.0,11365.830749988556,0.06729999999999998
5.0,11366.837586641312,0.06309999999999999
5.0,11367.849459171295,0.06309999999999999
5.0,11368.856275320053,0.06729999999999998
5.0,11369.862981081009,0.06309999999999999
5.0,11370.869594812393,0.06309999999999999
5.0,11371.885644674301,0.06309999999999999
5.0,11372.897439479828,0.06309999999999999
5.0,11373.90421628952,0.06309999999999999
5.0,11374.916002750397,0.06309999999999999
5.0,11376.923860549927,0.06309999999999999
5.0,11377.930649995804,0.06309999999999999
5.0,11378.937492132187,0.06309999999999999
5.0,11379.944138765335,0.06309999999999999
5.0,11380.955612897873,0.06309999999999999
5.0,11381.961598396301,0.06309999999999999
5.0,11382.968304157257,0.06309999999999999
5.0,11383.969630002975,0.06309999999999999
5.0,11384.971221446991,0.06309999999999999
5.0,11385.977560043335,0.06309999999999999
5.0,11386.984315872192,0.06309999999999999
5.0,11387.985633611679,0.05879999999999999
5.0,11388.99753165245,0.06309999999999999
5.0,11390.00430560112,0.05879999999999999
5.0,11391.016112327576,0.05879999999999999
5.0,11392.022808790207,0.06309999999999999
5.0,11393.029588460922,0.05879999999999999
5.0,11394.03621172905,0.06219999999999999
5.0,11395.047938585281,0.06219999999999999
5.0,11397.05590891838,0.06219999999999999
5.0,11398.071695804596,0.06219999999999999
5.0,11399.083515882492,0.06219999999999999
5.0,11400.08963727951,0.06219999999999999
5.0,11401.111603498459,0.06219999999999999
5.0,11402.11877155304,0.06219999999999999
5.0,11403.122237205505,0.06219999999999999
5.0,11404.143770217896,0.06219999999999999
5.0,11405.160618066788,0.06219999999999999
5.0,11406.179116249084,0.06649999999999999
5.0,11407.181711435318,0.06649999999999999
5.0,11408.183444023132,0.06219999999999999
5.0,11409.1851644516,0.06219999999999999
5.0,11410.199744462967,0.06649999999999999
5.0,11411.201450109482,0.06219999999999999
5.0,11412.207926750183,0.06219999999999999
5.0,11413.209394454956,0.06219999999999999
5.0,11414.216028928757,0.07069999999999999
5.0,11415.222672700882,0.06649999999999999
5.0,11417.22965145111,0.06649999999999999
5.0,11418.236577033997,0.06649999999999999
5.0,11419.248433113098,0.06649999999999999
5.0,11420.255129814148,0.06649999999999999
5.0,11421.26167345047,0.06649999999999999
5.0,11422.273527145386,0.06649999999999999
5.0,11423.28534078598,0.06649999999999999
5.0,11424.301287651062,0.06649999999999999
5.0,11425.31766295433,0.06649999999999999
5.0,11426.329555034637,0.06219999999999999
5.0,11427.3364007473,0.06649999999999999
5.0,11428.34836101532,0.07069999999999999
5.0,11429.355234384537,0.07069999999999999
5.0,11430.361588001251,0.06649999999999999
5.0,11431.36838555336,0.07069999999999999
5.0,11432.380125045776,0.06649999999999999
5.0,11433.386849880219,0.06649999999999999
5.0,11434.397686958313,0.06649999999999999
5.0,11435.404472112656,0.06649999999999999
5.0,11437.417320489883,0.06649999999999999
5.0,11438.429111242294,0.06649999999999999
5.0,11439.435805559158,0.06649999999999999
5.0,11440.44158577919,0.06649999999999999
5.0,11441.44850564003,0.06649999999999999
5.0,11442.45522403717,0.06649999999999999
5.0,11443.461617708206,0.06649999999999999
5.0,11444.46841955185,0.06649999999999999
5.0,11445.475122451782,0.06649999999999999
5.0,11446.48164844513,0.06649999999999999
5.0,11447.493512630463,0.06649999999999999
5.0,11448.50027680397,0.06649999999999999
5.0,11449.507019281387,0.06649999999999999
5.0,11450.52189207077,0.06649999999999999
5.0,11451.528592586517,0.06649999999999999
5.0,11452.535300970078,0.06649999999999999
5.0,11453.54156923294,0.07069999999999999
5.0,11454.553297519684,0.06649999999999999
5.0,11455.560026884079,0.06649999999999999
5.0,11457.567908525467,0.06649999999999999
5.0,11458.579723358154,0.06649999999999999
5.0,11459.58554816246,0.06649999999999999
5.0,11460.601015329361,0.06649999999999999
5.0,11461.607764720917,0.06649999999999999
5.0,11462.619726419449,0.06649999999999999
5.0,11463.625613927841,0.06649999999999999
5.0,11464.632361650467,0.06649999999999999
5.0,11465.63899898529,0.06649999999999999
5.0,11466.650829315186,0.06649999999999999
5.0,11467.66164779663,0.06649999999999999
5.0,11468.668411493301,0.06649999999999999
5.0,11469.675103664398,0.06649999999999999
5.0,11470.686877250671,0.06649999999999999
5.0,11471.693666219711,0.06649999999999999
5.0,11472.700438976288,0.06649999999999999
5.0,11473.707199335098,0.06649999999999999
5.0,11474.713617801666,0.06649999999999999
5.0,11475.725419282913,0.06649999999999999
5.0,11477.733370065689,0.06649999999999999
5.0,11478.748181343079,0.06649999999999999
5.0,11479.763473272324,0.06649999999999999
5.0,11480.777607440948,0.06649999999999999
5.0,11481.793448925018,0.06649999999999999
5.0,11482.800298452377,0.06649999999999999
5.0,11483.807062864304,0.06649999999999999
5.0,11484.813775777817,0.06649999999999999
5.0,11485.825756072998,0.06649999999999999
5.0,11486.84904551506,0.06649999999999999
5.0,11487.872080564499,0.06649999999999999
5.0,11488.874427080154,0.06649999999999999
5.0,11489.880841255188,0.06649999999999999
5.0,11490.892500400543,0.06649999999999999
5.0,11491.898835420609,0.06649999999999999
5.0,11492.912075996399,0.06649999999999999
5.0,11493.9134349823,0.06649999999999999
5.0,11494.915038585663,0.06649999999999999
5.0,11495.9164249897,0.06649999999999999
5.0,11497.925721883774,0.06649999999999999
5.0,11498.928178548813,0.06649999999999999
5.0,11499.930100679398,0.06649999999999999
5.0,11500.932050943375,0.06649999999999999
5.0,11501.93473124504,0.06649999999999999
5.0,11502.936129331589,0.06649999999999999
5.0,11503.942687988281,0.06649999999999999
5.0,11504.949301719666,0.06649999999999999
5.0,11505.95580625534,0.06649999999999999
5.0,11506.963433742523,0.06649999999999999
5.0,11507.964998483658,0.06649999999999999
5.0,11508.971564769745,0.06649999999999999
5.0,11509.983337163925,0.06649999999999999
5.0,11510.989594221115,0.06649999999999999
5.0,11511.996387958527,0.06649999999999999
5.0,11512.997542858124,0.06649999999999999
5.0,11514.004308700562,0.06649999999999999
5.0,11515.016030550003,0.06649999999999999
5.0,11517.029091119766,0.06649999999999999
5.0,11518.040853023529,0.06649999999999999
5.0,11519.047721147537,0.06649999999999999
5.0,11520.061940670013,0.06219999999999999
5.0,11521.06869506836,0.06649999999999999
5.0,11522.075384140015,0.06649999999999999
5.0,11523.081583738327,0.06649999999999999
5.0,11524.088323831558,0.06649999999999999
5.0,11525.09492135048,0.06649999999999999
5.0,11526.101575374603,0.06649999999999999
5.0,11527.108299255371,0.06649999999999999
5.0,11528.115093708038,0.06649999999999999
5.0,11529.12159895897,0.06649999999999999
5.0,11530.128410577774,0.06649999999999999
5.0,11531.13509631157,0.06219999999999999
5.0,11532.141553401947,0.06649999999999999
5.0,11533.157726049423,0.06219999999999999
5.0,11534.164477348328,0.06219999999999999
5.0,11535.171196222305,0.06219999999999999
5.0,11537.178678035736,0.06219999999999999
5.0,11538.193509340286,0.06219999999999999
5.0,11539.208267211914,0.06219999999999999
5.0,11540.215010166168,0.06219999999999999
5.0,11541.230711221695,0.06219999999999999
5.0,11542.237508296967,0.06219999999999999
5.0,11543.23907995224,0.06219999999999999
5.0,11544.245432853699,0.06219999999999999
5.0,11545.256513357162,0.06219999999999999
5.0,11546.257591724396,0.06219999999999999
5.0,11547.264543056488,0.06219999999999999
5.0,11548.265612363815,0.06219999999999999
5.0,11549.27240228653,0.06219999999999999
5.0,11550.284333229065,0.06219999999999999
5.0,11551.29607629776,0.06219999999999999
5.0,11552.302861452103,0.06219999999999999
5.0,11553.314751625061,0.06219999999999999
5.0,11554.329577445984,0.06219999999999999
5.0,11555.341442584991,0.06219999999999999
5.0,11557.344102621078,0.06219999999999999
5.0,11558.355815410614,0.06219999999999999
5.0,11559.357495069504,0.06219999999999999
5.0,11560.364382266998,0.06219999999999999
5.0,11561.365661621094,0.06219999999999999
5.0,11562.372444152832,0.06219999999999999
5.0,11563.373566150665,0.06219999999999999
5.0,11564.38023686409,0.06219999999999999
5.0,11565.387022018433,0.06219999999999999
5.0,11566.393583536148,0.06219999999999999
5.0,11567.399817466736,0.06219999999999999
5.0,11568.406618833542,0.06219999999999999
5.0,11569.413462400436,0.06219999999999999
5.0,11570.420282363892,0.06219999999999999
5.0,11571.43209862709,0.06219999999999999
5.0,11572.444143533707,0.06219999999999999
5.0,11573.45605635643,0.06219999999999999
5.0,11574.462665557861,0.06219999999999999
5.0,11575.46943283081,0.06219999999999999
5.0,11577.486644029617,0.06219999999999999
5.0,11578.493474721909,0.06219999999999999
5.0,11579.50030374527,0.061399999999999996
5.0,11580.516817569733,0.06219999999999999
5.0,11581.532894134521,0.06559999999999999
5.0,11582.533668994904,0.06219999999999999
5.0,11583.540386915207,0.06219999999999999
5.0,11584.555389404297,0.06559999999999999
5.0,11585.569568872452,0.06219999999999999
5.0,11586.576349973679,0.06219999999999999
5.0,11587.577553749084,0.06219999999999999
5.0,11588.584316253662,0.06219999999999999
5.0,11589.591143131256,0.06219999999999999
5.0,11590.602792263031,0.061399999999999996
5.0,11591.609566688538,0.06219999999999999
5.0,11592.624601125717,0.06219999999999999
5.0,11593.631428956985,0.061399999999999996
5.0,11594.638145446777,0.06559999999999999
5.0,11595.644909143448,0.061399999999999996
5.0,11597.652665615082,0.06219999999999999
5.0,11598.663851737976,0.061399999999999996
5.0,11599.670662164688,0.06219999999999999
5.0,11600.685591220856,0.06559999999999999
5.0,11601.692358732224,0.06219999999999999
5.0,11602.699075937271,0.06559999999999999
5.0,11603.705538511276,0.06219999999999999
5.0,11604.712234973907,0.06559999999999999
5.0,11605.72396850586,0.06559999999999999
5.0,11606.735731840134,0.06219999999999999
5.0,11607.741631507874,0.06559999999999999
5.0,11608.753400087357,0.06559999999999999
5.0,11609.760253429413,0.061399999999999996
5.0,11610.766963481903,0.061399999999999996
5.0,11611.773553848267,0.06559999999999999
5.0,11612.780465364456,0.06559999999999999
5.0,11613.787255525589,0.06559999999999999
5.0,11614.799038648605,0.061399999999999996
5.0,11615.800589323044,0.06559999999999999
5.0,11617.813439369202,0.06559999999999999
5.0,11618.825258255005,0.061399999999999996
5.0,11619.832104206085,0.061399999999999996
5.0,11620.838760614395,0.06559999999999999
5.0,11621.840306043625,0.061399999999999996
5.0,11622.841571807861,0.06559999999999999
5.0,11623.856137275696,0.06559999999999999
5.0,11624.867847919464,0.061399999999999996
5.0,11625.882384061813,0.061399999999999996
5.0,11626.893603086472,0.061399999999999996
5.0,11627.90038228035,0.061399999999999996
5.0,11628.911962032318,0.06559999999999999
5.0,11629.923662424088,0.061399999999999996
5.0,11630.935446739197,0.06559999999999999
5.0,11631.95022559166,0.06559999999999999
5.0,11632.964867591858,0.06559999999999999
5.0,11633.979929447174,0.06559999999999999
5.0,11634.991757154465,0.061399999999999996
5.0,11636.003583431244,0.06559999999999999
5.0,11638.021430969238,0.06559999999999999
5.0,11639.02797794342,0.06559999999999999
5.0,11640.029528617859,0.06559999999999999
5.0,11641.03629899025,0.061399999999999996
5.0,11642.053233385086,0.06559999999999999
5.0,11643.068007469177,0.061399999999999996
5.0,11644.083826303482,0.06559999999999999
5.0,11645.099098443985,0.06559999999999999
5.0,11646.110801935196,0.06559999999999999
5.0,11647.12160205841,0.06559999999999999
5.0,11648.128403425217,0.061399999999999996
5.0,11649.13515162468,0.06559999999999999
5.0,11650.141624450684,0.061399999999999996
5.0,11651.173483133316,0.061399999999999996
5.0,11652.198435783386,0.061399999999999996
5.0,11653.203861236572,0.061399999999999996
5.0,11654.222254276276,0.061399999999999996
5.0,11655.253187179565,0.06559999999999999
5.0,11656.259845972061,0.061399999999999996
5.0,11658.28430056572,0.057999999999999996
5.0,11659.286973953247,0.061399999999999996
5.0,11660.29693865776,0.06999999999999998
5.0,11661.311383008957,0.06559999999999999
5.0,11662.323187112808,0.06559999999999999
5.0,11663.324558973312,0.06989999999999999
5.0,11664.32577753067,0.06559999999999999
5.0,11665.33125591278,0.06559999999999999
5.0,11666.332758188248,0.06559999999999999
5.0,11667.335904598236,0.061399999999999996
5.0,11668.340722799301,0.06559999999999999
5.0,11669.343139410019,0.061399999999999996
5.0,11670.344581604004,0.061399999999999996
5.0,11671.345469474792,0.061399999999999996
5.0,11672.35555100441,0.06559999999999999
5.0,11673.365433692932,0.061399999999999996
5.0,11674.377549648285,0.06999999999999998
5.0,11675.389411449432,0.06559999999999999
5.0,11676.396017074585,0.06989999999999999
5.0,11678.398779153824,0.06559999999999999
5.0,11679.40964770317,0.06559999999999999
5.0,11680.416520357132,0.061399999999999996
5.0,11681.432564020157,0.061399999999999996
5.0,11682.444322824478,0.06559999999999999
5.0,11683.451099157333,0.06559999999999999
5.0,11684.46286702156,0.06559999999999999
5.0,11685.47466802597,0.06559999999999999
5.0,11686.481501102448,0.061399999999999996
5.0,11687.4882209301,0.06559999999999999
5.0,11688.494869232178,0.06559999999999999
5.0,11689.501677036285,0.061399999999999996
5.0,11690.516513586044,0.06559999999999999
5.0,11691.517593860626,0.06559999999999999
5.0,11692.524363994598,0.06559999999999999
5.0,11693.531296730042,0.06559999999999999
5.0,11694.54307103157,0.06989999999999999
5.0,11695.549646615982,0.061399999999999996
5.0,11697.552471876144,0.06559999999999999
5.0,11698.559171915054,0.06989999999999999
5.0,11699.565663099289,0.06559999999999999
5.0,11700.581367731094,0.06999999999999998
5.0,11701.596680879593,0.06559999999999999
5.0,11702.603519916534,0.06559999999999999
5.0,11703.61945104599,0.06559999999999999
5.0,11704.625665903091,0.06559999999999999
5.0,11705.632381439209,0.06989999999999999
5.0,11706.647408485413,0.061399999999999996
5.0,11707.66155409813,0.06559999999999999
5.0,11708.676920413971,0.061399999999999996
5.0,11709.688663482666,0.06559999999999999
5.0,11710.700411319733,0.06559999999999999
5.0,11711.707163095474,0.06559999999999999
5.0,11712.713752746582,0.06999999999999998
5.0,11713.720589637756,0.06989999999999999
5.0,11714.727311849594,0.06999999999999998
5.0,11716.73953795433,0.06989999999999999
5.0,11717.745581626892,0.06559999999999999
5.0,11718.761157989502,0.06559999999999999
5.0,11719.772929906845,0.061399999999999996
5.0,11720.78909277916,0.06989999999999999
5.0,11721.80089688301,0.06999999999999998
5.0,11722.812627077103,0.06559999999999999
5.0,11723.81950545311,0.06559999999999999
5.0,11724.825552940369,0.06999999999999998
5.0,11725.832280397415,0.06989999999999999
5.0,11726.844007253647,0.06559999999999999
5.0,11727.85080909729,0.061399999999999996
5.0,11728.857566833496,0.06989999999999999
5.0,11729.864378929138,0.06559999999999999
5.0,11730.876241207123,0.06559999999999999
5.0,11731.88264966011,0.06989999999999999
5.0,11732.8935713768,0.06559999999999999
5.0,11733.90044260025,0.06999999999999998
5.0,11734.912196874619,0.06989999999999999
5.0,11736.920142173767,0.06999999999999998
5.0,11737.931903362274,0.06999999999999998
5.0,11738.948115825653,0.06559999999999999
5.0,11739.953921079636,0.06989999999999999
5.0,11740.955514669418,0.06989999999999999
5.0,11741.970865249634,0.06999999999999998
5.0,11742.972467660904,0.06989999999999999
5.0,11743.973598957062,0.06559999999999999
5.0,11744.980426073074,0.06999999999999998
5.0,11745.99216747284,0.06559999999999999
5.0,11746.998924016953,0.06989999999999999
5.0,11748.01499414444,0.06999999999999998
5.0,11749.031326055527,0.06989999999999999
5.0,11750.037570476532,0.061399999999999996
5.0,11751.044402599335,0.06989999999999999
5.0,11752.051164150238,0.06559999999999999
5.0,11753.057609081268,0.06989999999999999
5.0,11754.064395904541,0.06999999999999998
5.0,11755.076288700104,0.06559999999999999
5.0,11757.084142684937,0.06559999999999999
5.0,11758.09077835083,0.06559999999999999
5.0,11759.097602367401,0.06559999999999999
5.0,11760.10436463356,0.06999999999999998
5.0,11761.111047744751,0.06999999999999998
5.0,11762.117554426193,0.06989999999999999
5.0,11763.129354476929,0.06989999999999999
5.0,11764.136008501053,0.06559999999999999
5.0,11765.152213811874,0.06989999999999999
5.0,11766.158948421478,0.06559999999999999
5.0,11767.170829057693,0.06559999999999999
5.0,11768.182718276978,0.06999999999999998
5.0,11769.197607278824,0.06559999999999999
5.0,11770.204401016235,0.06989999999999999
5.0,11771.210352182388,0.061399999999999996
5.0,11772.22390294075,0.06559999999999999
5.0,11773.230700016022,0.06559999999999999
5.0,11774.237474679947,0.06559999999999999
5.0,11775.24433016777,0.06989999999999999
5.0,11777.252223968506,0.06989999999999999
5.0,11778.258776426315,0.06989999999999999
5.0,11779.265560150146,0.06989999999999999
5.0,11780.277263402939,0.06999999999999998
5.0,11781.28391957283,0.06559999999999999
5.0,11782.289764642715,0.06559999999999999
5.0,11783.29650425911,0.06559999999999999
5.0,11784.308282613754,0.06559999999999999
5.0,11785.315173387527,0.06989999999999999
5.0,11786.326932430267,0.06989999999999999
5.0,11787.333590984344,0.061399999999999996
5.0,11788.340400218964,0.06989999999999999
5.0,11789.34741473198,0.06989999999999999
5.0,11790.359130859375,0.06989999999999999
5.0,11791.36558175087,0.06559999999999999
5.0,11792.37238073349,0.06989999999999999
5.0,11793.384135723114,0.06999999999999998
5.0,11794.390977859497,0.061399999999999996
5.0,11795.397721767426,0.06559999999999999
5.0,11797.405587434769,0.06999999999999998
5.0,11798.412094116211,0.06559999999999999
5.0,11799.428669214249,0.06989999999999999
5.0,11800.440540790558,0.06989999999999999
5.0,11801.452266216278,0.06989999999999999
5.0,11802.458973884583,0.06989999999999999
5.0,11803.465583562851,0.06559999999999999
5.0,11804.472400426865,0.06559999999999999
5.0,11805.47908115387,0.06999999999999998
5.0,11806.491020679474,0.06989999999999999
5.0,11807.497771978378,0.06999999999999998
5.0,11808.50460934639,0.06989999999999999
5.0,11809.52689409256,0.06989999999999999
5.0,11810.550904273987,0.06999999999999998
5.0,11811.555137634277,0.06559999999999999
5.0,11812.570786952972,0.06999999999999998
5.0,11813.575725793839,0.06999999999999998
5.0,11814.58855175972,0.06559999999999999
5.0,11815.593309164047,0.061399999999999996
5.0,11817.598053693771,0.06989999999999999
5.0,11818.602561712265,0.06559999999999999
5.0,11819.605689764023,0.06559999999999999
5.0,11820.607625722885,0.06999999999999998
5.0,11821.61749625206,0.06989999999999999
5.0,11822.627272129059,0.06559999999999999
5.0,11823.633443593979,0.06999999999999998
5.0,11824.640288829803,0.06999999999999998
5.0,11825.647140979767,0.06559999999999999
5.0,11826.648759126663,0.06989999999999999
5.0,11827.649595737457,0.06989999999999999
5.0,11828.65639948845,0.06559999999999999
5.0,11829.657576322556,0.06559999999999999
5.0,11830.664301395416,0.06559999999999999
5.0,11831.665619373322,0.06989999999999999
5.0,11832.672349214554,0.06559999999999999
5.0,11833.683424949646,0.06999999999999998
5.0,11834.689634561539,0.06999999999999998
5.0,11836.697616815567,0.06999999999999998
5.0,11837.704352617264,0.06559999999999999
5.0,11838.711023807526,0.06559999999999999
5.0,11839.717573165894,0.06559999999999999
5.0,11840.724400520325,0.06559999999999999
5.0,11841.7312002182,0.06989999999999999
5.0,11842.74296450615,0.06559999999999999
5.0,11843.754822731018,0.06559999999999999
5.0,11844.761676073074,0.06559999999999999
5.0,11845.76846075058,0.06559999999999999
5.0,11846.775189638138,0.06559999999999999
5.0,11847.781623840332,0.06989999999999999
5.0,11848.788400650024,0.06999999999999998
5.0,11849.795100450516,0.06559999999999999
5.0,11850.806861639023,0.06559999999999999
5.0,11851.813638925552,0.06559999999999999
5.0,11852.825433254242,0.06559999999999999
5.0,11853.840492725372,0.06989999999999999
5.0,11854.857117891312,0.06999999999999998
5.0,11856.869615077972,0.06559999999999999
5.0,11857.876395702362,0.06989999999999999
5.0,11858.891399621964,0.06559999999999999
5.0,11859.897602081299,0.06999999999999998
5.0,11860.904274702072,0.06559999999999999
5.0,11861.916013479233,0.06559999999999999
5.0,11862.922737836838,0.06999999999999998
5.0,11863.929654836655,0.06989999999999999
5.0,11864.93645644188,0.06559999999999999
5.0,11865.947341442108,0.06559999999999999
5.0,11866.959122419357,0.06999999999999998
5.0,11867.960854291916,0.06989999999999999
5.0,11868.96152973175,0.06989999999999999
5.0,11869.96824836731,0.06559999999999999
5.0,11870.97489643097,0.06999999999999998
5.0,11871.986690998077,0.06989999999999999
5.0,11872.993410348892,0.06559999999999999
5.0,11874.000056028366,0.06559999999999999
5.0,11875.001627445221,0.06999999999999998
5.0,11877.009564876556,0.06989999999999999
5.0,11878.021458625793,0.06999999999999998
5.0,11879.035063028336,0.06989999999999999
5.0,11880.04160952568,0.06559999999999999
5.0,11881.048436641693,0.06989999999999999
5.0,11882.04956650734,0.06559999999999999
5.0,11883.060739278793,0.06559999999999999
5.0,11884.067517518997,0.06559999999999999
5.0,11885.073596715927,0.06999999999999998
5.0,11886.085452795029,0.06989999999999999
5.0,11887.092297315598,0.06559999999999999
5.0,11888.109453678131,0.06999999999999998
5.0,11889.12418270111,0.06559999999999999
5.0,11890.135988473892,0.06559999999999999
5.0,11891.15178990364,0.06559999999999999
5.0,11892.15861082077,0.06559999999999999
5.0,11893.165035963058,0.06559999999999999
5.0,11894.176867246628,0.06989999999999999
5.0,11895.183537960052,0.06999999999999998
5.0,11897.190707206726,0.06989999999999999
5.0,11898.197553157806,0.06559999999999999
5.0,11899.204356908798,0.06559999999999999
5.0,11900.230776548386,0.06559999999999999
5.0,11901.235098600388,0.06559999999999999
5.0,11902.260305166245,0.06999999999999998
5.0,11903.278798818588,0.06999999999999998
5.0,11904.293920993805,0.06989999999999999
5.0,11905.297587871552,0.06989999999999999
5.0,11906.300995588303,0.06559999999999999
5.0,11907.304517745972,0.06559999999999999
5.0,11908.305447816849,0.06989999999999999
5.0,11909.308275938034,0.06559999999999999
5.0,11910.311083555222,0.06989999999999999
5.0,11911.31614780426,0.06989999999999999
5.0,11912.317482709885,0.06559999999999999
5.0,11913.32022023201,0.06989999999999999
5.0,11914.331085681915,0.06559999999999999
5.0,11915.341445207596,0.06559999999999999
5.0,11917.34401345253,0.06559999999999999
5.0,11918.354512691498,0.06989999999999999
5.0,11919.36482167244,0.06999999999999998
5.0,11920.376688480377,0.06989999999999999
5.0,11921.392892599106,0.06989999999999999
5.0,11922.399514913559,0.06559999999999999
5.0,11923.40559220314,0.06559999999999999
5.0,11924.417343139648,0.06559999999999999
5.0,11925.4237678051,0.06999999999999998
5.0,11926.43980050087,0.06559999999999999
5.0,11927.453775882721,0.06559999999999999
5.0,11928.465554237366,0.06999999999999998
5.0,11929.472259044647,0.06999999999999998
5.0,11930.478855133057,0.06559999999999999
5.0,11931.485574245453,0.06999999999999998
5.0,11932.49239397049,0.06559999999999999
5.0,11933.499167203903,0.06559999999999999
5.0,11934.505601882935,0.06559999999999999
5.0,11935.521142482758,0.06559999999999999
5.0,11937.533582925797,0.06559999999999999
5.0,11938.549045562744,0.06999999999999998
5.0,11939.565262556076,0.06999999999999998
5.0,11940.581011533737,0.06559999999999999
5.0,11941.5957198143,0.06559999999999999
5.0,11942.611099243164,0.06999999999999998
5.0,11943.617556095123,0.06559999999999999
5.0,11944.6323158741,0.06559999999999999
5.0,11945.638976335526,0.06559999999999999
5.0,11946.645604848862,0.06559999999999999
5.0,11947.652419567108,0.06559999999999999
5.0,11948.659250497818,0.06999999999999998
5.0,11949.66556096077,0.06559999999999999
5.0,11950.67234134674,0.06559999999999999
5.0,11951.679045438766,0.06989999999999999
5.0,11952.690961837769,0.06559999999999999
5.0,11953.702156066895,0.06999999999999998
5.0,11954.713594913483,0.06999999999999998
5.0,11955.729115486145,0.06989999999999999
5.0,11957.746595144272,0.06559999999999999
5.0,11958.769580602646,0.06559999999999999
5.0,11959.793582201004,0.06989999999999999
5.0,11960.796186447144,0.06559999999999999
5.0,11961.812999725342,0.06559999999999999
5.0,11962.819098234177,0.06559999999999999
5.0,11963.833160877228,0.06559999999999999
5.0,11964.834810733795,0.06989999999999999
5.0,11965.83739233017,0.06989999999999999
5.0,11966.84158372879,0.06559999999999999
5.0,11967.846933841705,0.06989999999999999
5.0,11968.849354743958,0.06999999999999998
5.0,11969.851215839386,0.06559999999999999
5.0,11970.857471466064,0.06559999999999999
5.0,11971.867141962051,0.06559999999999999
5.0,11972.87734079361,0.06559999999999999
5.0,11973.888887882233,0.06559999999999999
5.0,11974.902124643326,0.06559999999999999
5.0,11975.913573503494,0.06559999999999999
5.0,11977.921379566193,0.06559999999999999
5.0,11978.928055524826,0.06999999999999998
5.0,11979.929553985596,0.06559999999999999
5.0,11980.936309576035,0.06999999999999998
5.0,11981.948125362396,0.06559999999999999
5.0,11982.963420629501,0.06559999999999999
5.0,11983.977565050125,0.06559999999999999
5.0,11984.993124008179,0.06559999999999999
5.0,11986.008051633835,0.06989999999999999
5.0,11987.009593248367,0.06999999999999998
5.0,11988.021336078644,0.06559999999999999
5.0,11989.033096075058,0.06559999999999999
5.0,11990.049066066742,0.06559999999999999
5.0,11991.065573215485,0.06559999999999999
5.0,11992.07238817215,0.06559999999999999
5.0,11993.073549509048,0.06989999999999999
5.0,11994.080338954926,0.06559999999999999
5.0,11995.081907272339,0.06559999999999999
5.0,11996.088716745377,0.06989999999999999
5.0,11998.096459627151,0.06999999999999998
5.0,11999.108180046082,0.06559999999999999
5.0,12000.114906787872,0.06559999999999999
5.0,12001.130672931671,0.06989999999999999
5.0,12002.137409210205,0.06999999999999998
5.0,12003.14416050911,0.06559999999999999
5.0,12004.15087556839,0.06559999999999999
5.0,12005.16265797615,0.06999999999999998
5.0,12006.169426202774,0.06559999999999999
5.0,12007.176186800003,0.06559999999999999
5.0,12008.17761874199,0.06559999999999999
5.0,12009.189383983612,0.06559999999999999
5.0,12010.19613981247,0.06999999999999998
5.0,12011.202989578247,0.06559999999999999
5.0,12012.209540605545,0.06999999999999998
5.0,12013.21116232872,0.06559999999999999
5.0,12014.217563867569,0.06999999999999998
5.0,12015.22939991951,0.06559999999999999
5.0,12016.236066818237,0.06559999999999999
5.0,12018.238647222519,0.06559999999999999
5.0,12019.25552725792,0.06559999999999999
5.0,12020.267258882523,0.06559999999999999
5.0,12021.268815279007,0.06999999999999998
5.0,12022.279750585556,0.06989999999999999
5.0,12023.285555362701,0.06559999999999999
5.0,12024.29229092598,0.06559999999999999
5.0,12025.304126501083,0.06989999999999999
5.0,12026.31594991684,0.06559999999999999
5.0,12027.322691202164,0.06559999999999999
5.0,12028.329544305801,0.06559999999999999
5.0,12029.33617901802,0.06559999999999999
5.0,12030.347934484482,0.06559999999999999
5.0,12031.36373758316,0.06559999999999999
5.0,12032.369565725327,0.06999999999999998
5.0,12033.37651848793,0.06559999999999999
5.0,12034.391246795654,0.06559999999999999
5.0,12035.403041124344,0.06559999999999999
5.0,12036.414838552475,0.06559999999999999
5.0,12038.430678844452,0.06559999999999999
5.0,12039.432228565216,0.06559999999999999
5.0,12040.438876390457,0.06559999999999999
5.0,12041.445586681366,0.06989999999999999
5.0,12042.457487344742,0.06559999999999999
5.0,12043.46921825409,0.06559999999999999
5.0,12044.475982904434,0.06559999999999999
5.0,12045.482820749283,0.06999999999999998
5.0,12046.494597196579,0.06999999999999998
5.0,12047.501556873322,0.06999999999999998
5.0,12048.508396863937,0.06559999999999999
5.0,12049.520123004913,0.06559999999999999
5.0,12050.526876926422,0.06559999999999999
5.0,12051.533591985703,0.06999999999999998
5.0,12052.540397882462,0.06559999999999999
5.0,12053.547082424164,0.06559999999999999
5.0,12054.553587675095,0.06559999999999999
5.0,12055.560313224792,0.06559999999999999
5.0,12056.56701874733,0.06989999999999999
5.0,12058.574745893478,0.06999999999999998
5.0,12059.576444864273,0.06999999999999998
5.0,12060.583102941513,0.06989999999999999
5.0,12061.589671373367,0.06559999999999999
5.0,12062.596591711044,0.06559999999999999
5.0,12063.603282928467,0.06559999999999999
5.0,12064.609570741653,0.06559999999999999
5.0,12065.616231918335,0.06999999999999998
5.0,12066.622912168503,0.06559999999999999
5.0,12067.629568099976,0.06559999999999999
5.0,12068.636214017868,0.06559999999999999
5.0,12069.647982358932,0.06559999999999999
5.0,12070.659743309021,0.06559999999999999
5.0,12071.66555070877,0.06559999999999999
5.0,12072.67237997055,0.06559999999999999
5.0,12073.6736972332,0.06559999999999999
5.0,12074.685588359833,0.06559999999999999
5.0,12075.692381620407,0.06559999999999999
5.0,12076.699024677277,0.06559999999999999
5.0,12078.706659317017,0.06559999999999999
5.0,12079.717555761337,0.06559999999999999
5.0,12080.724394321442,0.06559999999999999
5.0,12081.736155748367,0.06559999999999999
5.0,12082.753016710281,0.06999999999999998
5.0,12083.764834403992,0.06559999999999999
5.0,12084.771497249603,0.06559999999999999
5.0,12085.777595043182,0.06559999999999999
5.0,12086.784297943115,0.06559999999999999
5.0,12087.791063308716,0.06559999999999999
5.0,12088.79755949974,0.06559999999999999
5.0,12089.804297208786,0.06559999999999999
5.0,12090.811012029648,0.06559999999999999
5.0,12091.840342998505,0.06559999999999999
5.0,12092.865641355515,0.06559999999999999
5.0,12093.884460926056,0.06559999999999999
5.0,12094.889247655869,0.06999999999999998
5.0,12095.901834249496,0.06989999999999999
5.0,12096.906702518463,0.06559999999999999
5.0,12098.90957069397,0.06999999999999998
5.0,12099.926397323608,0.06559999999999999
5.0,12100.932042360306,0.06559999999999999
5.0,12101.93858218193,0.06559999999999999
5.0,12102.949589252472,0.06989999999999999
5.0,12103.956426858902,0.06999999999999998
5.0,12104.96312046051,0.06559999999999999
5.0,12105.969583749771,0.06559999999999999
5.0,12106.985602855682,0.06559999999999999
5.0,12107.992379188538,0.06559999999999999
5.0,12108.999069929123,0.06559999999999999
5.0,12110.005640745163,0.06559999999999999
5.0,12111.017471790314,0.06559999999999999
5.0,12112.024352788925,0.06559999999999999
5.0,12113.035724878311,0.06559999999999999
5.0,12114.041589021683,0.06559999999999999
5.0,12115.056812524796,0.06559999999999999
5.0,12116.06860756874,0.06999999999999998
5.0,12118.08564376831,0.06559999999999999
5.0,12119.092455863953,0.06559999999999999
5.0,12120.099325418472,0.06559999999999999
5.0,12121.105573415756,0.06999999999999998
5.0,12122.11224937439,0.06999999999999998
5.0,12123.123509645462,0.06559999999999999
5.0,12124.135443925858,0.06559999999999999
5.0,12125.141562223434,0.06559999999999999
5.0,12126.148339033127,0.06559999999999999
5.0,12127.160121679306,0.06559999999999999
5.0,12128.18292427063,0.06559999999999999
5.0,12129.206365346909,0.06999999999999998
5.0,12130.210986852646,0.06559999999999999
5.0,12131.230500936508,0.06559999999999999
5.0,12132.248362064362,0.06559999999999999
5.0,12133.25051188469,0.06559999999999999
5.0,12134.252373456955,0.06559999999999999
5.0,12135.256136417389,0.06559999999999999
5.0,12136.25895357132,0.06559999999999999
5.0,12138.262610912323,0.06559999999999999
5.0,12139.275252580643,0.06559999999999999
5.0,12140.277466058731,0.06559999999999999
5.0,12141.2909886837,0.06559999999999999
5.0,12142.302771806717,0.06559999999999999
5.0,12143.30958032608,0.06559999999999999
5.0,12144.321377515793,0.06559999999999999
5.0,12145.333479642868,0.06559999999999999
5.0,12146.335063934326,0.06559999999999999
5.0,12147.336640119553,0.06559999999999999
5.0,12148.337634325027,0.06559999999999999
5.0,12149.349482536316,0.06559999999999999
5.0,12150.351051330566,0.06559999999999999
5.0,12151.357578754425,0.06559999999999999
5.0,12152.372762203217,0.06559999999999999
5.0,12153.384650707245,0.06559999999999999
5.0,12154.396441936493,0.06559999999999999
5.0,12155.397584915161,0.06559999999999999
5.0,12157.400237083435,0.06999999999999998
5.0,12158.411569595337,0.06559999999999999
5.0,12159.423250198364,0.06559999999999999
5.0,12160.43357682228,0.06559999999999999
5.0,12161.440325498581,0.06559999999999999
5.0,12162.45444726944,0.06559999999999999
5.0,12163.461367845535,0.06989999999999999
5.0,12164.468085289001,0.06559999999999999
5.0,12165.474907636642,0.06559999999999999
5.0,12166.48669886589,0.06559999999999999
5.0,12167.493416786194,0.06559999999999999
5.0,12168.500160455704,0.06559999999999999
5.0,12169.507025003433,0.06559999999999999
5.0,12170.51803946495,0.06559999999999999
5.0,12171.5197057724,0.06559999999999999
5.0,12172.525571584702,0.06999999999999998
5.0,12173.532415628433,0.06559999999999999
5.0,12174.539123535156,0.06999999999999998
5.0,12176.552040100098,0.06559999999999999
5.0,12177.564034700394,0.06559999999999999
5.0,12178.57089471817,0.06559999999999999
5.0,12179.586698293686,0.06559999999999999
5.0,12180.597630262375,0.06559999999999999
5.0,12181.604609251022,0.06559999999999999
5.0,12182.616528987885,0.06559999999999999
5.0,12183.623329877853,0.06559999999999999
5.0,12184.63518333435,0.06559999999999999
5.0,12185.641622543335,0.06559999999999999
5.0,12186.64833021164,0.06559999999999999
5.0,12187.663285970688,0.06999999999999998
5.0,12188.675120592117,0.06559999999999999
5.0,12189.681556940079,0.06559999999999999
5.0,12190.688396215439,0.06559999999999999
5.0,12191.703681468964,0.06559999999999999
5.0,12192.720474481583,0.06999999999999998
5.0,12193.732313871384,0.06559999999999999
5.0,12194.733637571335,0.06559999999999999
5.0,12196.741497516632,0.06559999999999999
5.0,12197.748245716095,0.06559999999999999
5.0,12198.749613761902,0.06559999999999999
5.0,12199.756353616714,0.06559999999999999
5.0,12200.772047281265,0.06559999999999999
5.0,12201.783865690231,0.06559999999999999
5.0,12202.790664672852,0.06559999999999999
5.0,12203.79223561287,0.06559999999999999
5.0,12204.79355597496,0.06559999999999999
5.0,12205.805363178253,0.06559999999999999
5.0,12206.820633888245,0.06999999999999998
5.0,12207.827366352081,0.06559999999999999
5.0,12208.833658695221,0.06559999999999999
5.0,12209.840487003326,0.06559999999999999
5.0,12210.852293729782,0.06559999999999999
5.0,12211.853579759598,0.06559999999999999
5.0,12212.865619182587,0.06559999999999999
5.0,12213.872387647629,0.06989999999999999
5.0,12215.885325670242,0.06989999999999999
5.0,12216.89191031456,0.06999999999999998
5.0,12217.898629188538,0.06559999999999999
5.0,12218.915382146835,0.06559999999999999
5.0,12219.921614408493,0.06999999999999998
5.0,12220.93360543251,0.06559999999999999
5.0,12221.94049358368,0.06989999999999999
5.0,12222.952537536621,0.06559999999999999
5.0,12223.959337711334,0.06559999999999999
5.0,12224.966240167618,0.06999999999999998
5.0,12225.973110437393,0.06559999999999999
5.0,12226.987897396088,0.06559999999999999
5.0,12227.994656085968,0.06559999999999999
5.0,12229.001574516296,0.06559999999999999
5.0,12230.008378505707,0.06559999999999999
5.0,12231.015100955963,0.06989999999999999
5.0,12232.021615743637,0.06559999999999999
5.0,12233.03354883194,0.06559999999999999
5.0,12234.045366048813,0.06559999999999999
5.0,12236.061547517776,0.06559999999999999
5.0,12237.068420648575,0.06559999999999999
5.0,12238.080238103867,0.06559999999999999
5.0,12239.087006568909,0.06559999999999999
5.0,12240.093578100204,0.06559999999999999
5.0,12241.100493431091,0.06559999999999999
5.0,12242.107223510742,0.06559999999999999
5.0,12243.113625764847,0.06559999999999999
5.0,12244.12045288086,0.06559999999999999
5.0,12245.132345199585,0.06559999999999999
5.0,12246.13919210434,0.06989999999999999
5.0,12247.140770435333,0.06559999999999999
5.0,12248.151448249817,0.06559999999999999
5.0,12249.15761089325,0.06989999999999999
5.0,12250.164381980896,0.06559999999999999
5.0,12251.165649652481,0.06559999999999999
5.0,12252.172467708588,0.06559999999999999
5.0,12253.179149627686,0.06559999999999999
5.0,12254.185559749603,0.06559999999999999
5.0,12256.192620515823,0.06559999999999999
5.0,12257.193606853485,0.06559999999999999
5.0,12258.200392484665,0.06559999999999999
5.0,12259.207130908966,0.06559999999999999
5.0,12260.213549613953,0.06559999999999999
5.0,12261.220374822617,0.06559999999999999
5.0,12262.22703051567,0.06559999999999999
5.0,12263.23358130455,0.06559999999999999
5.0,12264.240369796753,0.06559999999999999
5.0,12265.241612195969,0.06559999999999999
5.0,12266.248382806778,0.06559999999999999
5.0,12267.25512290001,0.06559999999999999
5.0,12268.26160311699,0.06559999999999999
5.0,12269.268296957016,0.06559999999999999
5.0,12270.27487373352,0.06559999999999999
5.0,12271.281670331955,0.06559999999999999
5.0,12272.288533687592,0.06559999999999999
5.0,12273.300590276718,0.06989999999999999
5.0,12274.312356948853,0.06559999999999999
5.0,12276.320206165314,0.06559999999999999
5.0,12277.3317694664,0.06559999999999999
5.0,12278.34852361679,0.06559999999999999
5.0,12279.355435848236,0.06559999999999999
5.0,12280.361573457718,0.06559999999999999
5.0,12281.36826133728,0.06989999999999999
5.0,12282.37499165535,0.06559999999999999
5.0,12283.381550073624,0.06559999999999999
5.0,12284.388207912445,0.06559999999999999
5.0,12285.399970293045,0.06559999999999999
5.0,12286.415736913681,0.06559999999999999
5.0,12287.427241563797,0.06559999999999999
5.0,12288.439132928848,0.06559999999999999
5.0,12289.445574760437,0.06559999999999999
5.0,12290.452535867691,0.06999999999999998
5.0,12291.46460032463,0.06559999999999999
5.0,12292.471367120743,0.06559999999999999
5.0,12293.47758436203,0.06999999999999998
5.0,12294.489433050156,0.06559999999999999
5.0,12296.497358322144,0.06559999999999999
5.0,12297.504167079926,0.06989999999999999
5.0,12298.516090631485,0.06559999999999999
5.0,12299.527971506119,0.06989999999999999
5.0,12300.53463435173,0.06999999999999998
5.0,12301.541388511658,0.06559999999999999
5.0,12302.548268795013,0.06559999999999999
5.0,12303.56025338173,0.06559999999999999
5.0,12304.567086696625,0.06559999999999999
5.0,12305.573568105698,0.06559999999999999
5.0,12306.58037352562,0.06559999999999999
5.0,12307.586861133575,0.06559999999999999
5.0,12308.59866142273,0.06559999999999999
5.0,12309.605423212051,0.06559999999999999
5.0,12310.612328767776,0.06559999999999999
5.0,12311.619101047516,0.06559999999999999
5.0,12312.630912303925,0.06559999999999999
5.0,12313.637607336044,0.06559999999999999
5.0,12314.64948439598,0.06559999999999999
5.0,12316.657328367233,0.06559999999999999
5.0,12317.664145708084,0.06559999999999999
5.0,12318.670953512192,0.06559999999999999
5.0,12319.677607297897,0.06559999999999999
5.0,12320.683674573898,0.06559999999999999
5.0,12321.695467233658,0.06559999999999999
5.0,12322.701605558395,0.06999999999999998
5.0,12323.708323717117,0.06999999999999998
5.0,12324.709619045258,0.06559999999999999
5.0,12325.716386795044,0.06559999999999999
5.0,12326.723071336746,0.06559999999999999
5.0,12327.72964501381,0.06559999999999999
5.0,12328.736336231232,0.06559999999999999
5.0,12329.743036031723,0.06559999999999999
5.0,12330.749586105347,0.06559999999999999
5.0,12331.756274938583,0.06559999999999999
5.0,12332.762897253036,0.06559999999999999
5.0,12333.769748210907,0.06559999999999999
5.0,12334.785454511642,0.06559999999999999
5.0,12336.793294906616,0.06559999999999999
5.0,12337.800055980682,0.06559999999999999
5.0,12338.806756019592,0.06559999999999999
5.0,12339.813729763031,0.06559999999999999
5.0,12340.82560133934,0.06559999999999999
5.0,12341.832402467728,0.06559999999999999
5.0,12342.83911061287,0.06559999999999999
5.0,12343.845578670502,0.06559999999999999
5.0,12344.852430343628,0.06559999999999999
5.0,12345.867805719376,0.06559999999999999
5.0,12346.874654054642,0.06559999999999999
5.0,12347.881470441818,0.06559999999999999
5.0,12348.88825917244,0.06559999999999999
5.0,12349.895116567612,0.06559999999999999
5.0,12350.901603460312,0.06559999999999999
5.0,12351.913546323776,0.06559999999999999
5.0,12352.920322656631,0.06559999999999999
5.0,12353.927074670792,0.06559999999999999
5.0,12354.93364071846,0.06559999999999999
5.0,12356.94151520729,0.06559999999999999
5.0,12357.94817829132,0.06559999999999999
5.0,12358.9547996521,0.06559999999999999
5.0,12359.961582660675,0.06559999999999999
5.0,12360.973520755768,0.06559999999999999
5.0,12361.985216140747,0.06559999999999999
5.0,12362.991970300674,0.06559999999999999
5.0,12363.998741865158,0.06559999999999999
5.0,12365.005529165268,0.06559999999999999
5.0,12366.012229919434,0.06559999999999999
5.0,12367.024119615555,0.06559999999999999
5.0,12368.03890991211,0.06559999999999999
5.0,12369.050776958466,0.06559999999999999
5.0,12370.051990032196,0.06559999999999999
5.0,12371.063854694366,0.06559999999999999
5.0,12372.070702314377,0.06559999999999999
5.0,12373.082221746445,0.06559999999999999
5.0,12374.088809013367,0.06559999999999999
5.0,12375.100678443909,0.06559999999999999
5.0,12377.124799728394,0.06559999999999999
5.0,12378.127854824066,0.06559999999999999
5.0,12379.149934053421,0.06559999999999999
5.0,12380.154006958008,0.06559999999999999
5.0,12381.169475317001,0.06559999999999999
5.0,12382.175839424133,0.06559999999999999
5.0,12383.187599420547,0.06559999999999999
5.0,12384.192318439484,0.06559999999999999
5.0,12385.194347143173,0.06559999999999999
5.0,12386.19589972496,0.06559999999999999
5.0,12387.197551727295,0.06559999999999999
5.0,12388.200768232346,0.06559999999999999
5.0,12389.204201221466,0.06559999999999999
5.0,12390.2073636055,0.06559999999999999
5.0,12391.209612607956,0.06559999999999999
5.0,12392.247639894485,0.06559999999999999
5.0,12393.265091180801,0.06559999999999999
5.0,12394.268903255463,0.06559999999999999
5.0,12395.271607637405,0.06559999999999999
5.0,12397.290918588638,0.06559999999999999
5.0,12398.293577671051,0.06559999999999999
5.0,12399.296036958694,0.06559999999999999
5.0,12400.297587871552,0.06559999999999999
5.0,12401.300790309906,0.06559999999999999
5.0,12402.304242610931,0.06559999999999999
5.0,12403.307012796402,0.06559999999999999
5.0,12404.310454130173,0.06559999999999999
5.0,12405.312427520752,0.06559999999999999
5.0,12406.331327676773,0.06559999999999999
5.0,12407.332835197449,0.06559999999999999
5.0,12408.343060970306,0.06559999999999999
5.0,12409.353613615036,0.06559999999999999
5.0,12410.360209465027,0.06559999999999999
5.0,12411.367001056671,0.06559999999999999
5.0,12412.37359213829,0.06559999999999999
5.0,12413.375175476074,0.06559999999999999
5.0,12414.387011289597,0.06559999999999999
5.0,12415.393647909164,0.06559999999999999
5.0,12417.401708364487,0.06559999999999999
5.0,12418.413536787033,0.06559999999999999
5.0,12419.420356988907,0.06559999999999999
5.0,12420.427050590515,0.06559999999999999
5.0,12421.433796167374,0.06559999999999999
5.0,12422.435467004776,0.06559999999999999
5.0,12423.451180458069,0.06559999999999999
5.0,12424.457576036453,0.06559999999999999
5.0,12425.469590902328,0.06559999999999999
5.0,12426.481409788132,0.06559999999999999
5.0,12427.493329524994,0.06559999999999999
5.0,12428.500155210495,0.06559999999999999
5.0,12429.507058620453,0.06559999999999999
5.0,12430.513588666916,0.06559999999999999
5.0,12431.52033495903,0.06559999999999999
5.0,12432.527036905289,0.06559999999999999
5.0,12433.53357553482,0.06559999999999999
5.0,12434.535143852234,0.06559999999999999
5.0,12435.541591405869,0.06559999999999999
5.0,12437.549553632736,0.06559999999999999
5.0,12438.556369066238,0.06559999999999999
5.0,12439.563128948212,0.06559999999999999
5.0,12440.569561958313,0.06559999999999999
5.0,12441.576312303543,0.06559999999999999
5.0,12442.582924842834,0.06559999999999999
5.0,12443.589570045471,0.06559999999999999
5.0,12444.59646487236,0.06559999999999999
5.0,12445.597588062286,0.06559999999999999
5.0,12446.604313850403,0.06559999999999999
5.0,12447.616272211075,0.06559999999999999
5.0,12448.62306714058,0.06559999999999999
5.0,12449.629583835602,0.06559999999999999
5.0,12450.636350631714,0.06559999999999999
5.0,12451.653590917587,0.06559999999999999
5.0,12452.660375118256,0.06559999999999999
5.0,12453.667130708694,0.06559999999999999
5.0,12454.673592567444,0.06559999999999999
5.0,12455.68538594246,0.06559999999999999
5.0,12457.693264484406,0.06559999999999999
5.0,12458.699944496155,0.06559999999999999
5.0,12459.706351280212,0.06559999999999999
5.0,12460.718106508255,0.06559999999999999
5.0,12461.72485280037,0.06559999999999999
5.0,12462.72556257248,0.06559999999999999
5.0,12463.732358455658,0.06559999999999999
5.0,12464.739134073257,0.06559999999999999
5.0,12465.745578050613,0.06559999999999999
5.0,12466.752410173416,0.06559999999999999
5.0,12467.759145975113,0.06559999999999999
5.0,12468.765675067902,0.06559999999999999
5.0,12469.77239203453,0.06559999999999999
5.0,12470.779083967209,0.06559999999999999
5.0,12471.785611867905,0.06559999999999999
5.0,12472.7923579216,0.06559999999999999
5.0,12473.79920077324,0.06559999999999999
5.0,12474.810961961746,0.06559999999999999
5.0,12475.817548751831,0.06559999999999999
5.0,12477.825457334518,0.06559999999999999
5.0,12478.832240343094,0.06559999999999999
5.0,12479.838927984238,0.06559999999999999
5.0,12480.850784778595,0.06559999999999999
5.0,12481.857539176941,0.06559999999999999
5.0,12482.864324092865,0.06559999999999999
5.0,12483.871054410934,0.06559999999999999
5.0,12484.882889986038,0.06559999999999999
5.0,12485.889544725418,0.06559999999999999
5.0,12486.90094280243,0.06559999999999999
5.0,12487.901625394821,0.06559999999999999
5.0,12488.913281917572,0.06559999999999999
5.0,12489.927881002426,0.06559999999999999
5.0,12490.934676647186,0.06559999999999999
5.0,12491.94147324562,0.06559999999999999
5.0,12492.94827914238,0.06559999999999999
5.0,12493.954959154129,0.06559999999999999
5.0,12494.961591720581,0.06559999999999999
5.0,12495.968399524689,0.06559999999999999
5.0,12497.97062420845,0.06559999999999999
5.0,12498.987761497498,0.06559999999999999
5.0,12499.99359035492,0.06559999999999999
5.0,12501.00029206276,0.06559999999999999
5.0,12502.012044429779,0.06559999999999999
5.0,12503.018819332123,0.06559999999999999
5.0,12504.030575037003,0.06559999999999999
5.0,12505.036933422089,0.06559999999999999
5.0,12506.04876947403,0.06559999999999999
5.0,12507.055426836014,0.06559999999999999
5.0,12508.061619997025,0.06559999999999999
5.0,12509.068507432938,0.06559999999999999
5.0,12510.075284004211,0.06559999999999999
5.0,12511.076837062836,0.06559999999999999
5.0,12512.08356142044,0.06559999999999999
5.0,12513.085166931152,0.06559999999999999
5.0,12514.091899871826,0.06559999999999999
5.0,12515.098680257797,0.06559999999999999
5.0,12516.109599113464,0.06559999999999999
5.0,12518.1255569458,0.06559999999999999
5.0,12519.141214370728,0.06559999999999999
5.0,12520.14805841446,0.06559999999999999
5.0,12521.154918432236,0.06559999999999999
5.0,12522.16155052185,0.06559999999999999
5.0,12523.163096904755,0.06559999999999999
5.0,12524.169696569443,0.06559999999999999
5.0,12525.181551218033,0.06559999999999999
5.0,12526.188305854797,0.06559999999999999
5.0,12527.200067520142,0.06559999999999999
5.0,12528.201585292816,0.06559999999999999
5.0,12529.20837855339,0.06559999999999999
5.0,12530.209641456604,0.06559999999999999
5.0,12531.211249351501,0.06559999999999999
5.0,12532.21767115593,0.06559999999999999
5.0,12533.224484443665,0.06559999999999999
5.0,12534.231260299683,0.06559999999999999
5.0,12535.23760509491,0.06559999999999999
5.0,12536.244419574738,0.06559999999999999
5.0,12538.251164913177,0.06559999999999999
5.0,12539.262979745865,0.06559999999999999
5.0,12540.269554376602,0.06559999999999999
5.0,12541.276300907135,0.06559999999999999
5.0,12542.283055305481,0.06559999999999999
5.0,12543.294791221619,0.06559999999999999
5.0,12544.301592111588,0.06559999999999999
5.0,12545.308305740356,0.06559999999999999
5.0,12546.314943790436,0.06559999999999999
5.0,12547.32670545578,0.06559999999999999
5.0,12548.341557979584,0.06559999999999999
5.0,12549.348401784897,0.06559999999999999
5.0,12550.360214948654,0.06559999999999999
5.0,12551.366807222366,0.06559999999999999
5.0,12552.378653764725,0.06559999999999999
5.0,12553.384941577911,0.06559999999999999
5.0,12554.396747112274,0.06559999999999999
5.0,12555.40350151062,0.06559999999999999
5.0,12556.419743061066,0.06559999999999999
5.0,12558.426717281342,0.06559999999999999
5.0,12559.42835688591,0.06559999999999999
5.0,12560.42954492569,0.06559999999999999
5.0,12561.44042634964,0.06559999999999999
5.0,12562.44164609909,0.06559999999999999
5.0,12563.453600883484,0.06559999999999999
5.0,12564.460445404053,0.06559999999999999
5.0,12565.461589097977,0.06559999999999999
5.0,12566.46837425232,0.06559999999999999
5.0,12567.469575166702,0.06559999999999999
5.0,12568.475975751877,0.06559999999999999
5.0,12569.477600097656,0.06559999999999999
5.0,12570.47919178009,0.06559999999999999
5.0,12571.485589504242,0.06559999999999999
5.0,12572.492277383804,0.06559999999999999
5.0,12573.493610620499,0.06559999999999999
5.0,12574.500292539597,0.06559999999999999
5.0,12575.512055158615,0.06559999999999999
5.0,12576.518744945526,0.06559999999999999
5.0,12578.525565862656,0.06559999999999999
5.0,12579.537455797195,0.06559999999999999
5.0,12580.544286489487,0.06559999999999999
5.0,12581.545626401901,0.06559999999999999
5.0,12582.552451610565,0.06559999999999999
5.0,12583.55360531807,0.06559999999999999
5.0,12584.560474395752,0.06559999999999999
5.0,12585.56161403656,0.06559999999999999
5.0,12586.573373794556,0.06559999999999999
5.0,12587.580525159836,0.06559999999999999
5.0,12588.592260360718,0.06559999999999999
5.0,12589.593578338623,0.06559999999999999
5.0,12590.600355148315,0.06559999999999999
5.0,12591.607044696808,0.06559999999999999
5.0,12592.608600854874,0.06559999999999999
5.0,12593.609664201736,0.06559999999999999
5.0,12594.61633849144,0.06559999999999999
5.0,12595.62305855751,0.06559999999999999
5.0,12596.629690647125,0.06559999999999999
5.0,12598.63234949112,0.06559999999999999
5.0,12599.638390541077,0.06559999999999999
5.0,12600.639942884445,0.06559999999999999
5.0,12601.651722431183,0.06559999999999999
5.0,12602.66355395317,0.06559999999999999
5.0,12603.680418252945,0.06559999999999999
5.0,12604.692354440689,0.06559999999999999
5.0,12605.699059009552,0.06559999999999999
5.0,12606.725612163544,0.06559999999999999
5.0,12607.73068356514,0.06559999999999999
5.0,12608.752386569977,0.06559999999999999
5.0,12609.754385232925,0.06559999999999999
5.0,12610.764483213425,0.06559999999999999
5.0,12611.775091171265,0.06559999999999999
5.0,12612.789827346802,0.06559999999999999
5.0,12613.794380903244,0.06559999999999999
5.0,12614.795888662338,0.06559999999999999
5.0,12615.799892425537,0.06559999999999999
5.0,12617.802554607391,0.06559999999999999
5.0,12618.806568145752,0.06559999999999999
5.0,12619.808959245682,0.06559999999999999
5.0,12620.810722827911,0.06559999999999999
5.0,12621.813081026077,0.06559999999999999
5.0,12622.814860582352,0.06559999999999999
5.0,12623.827771425247,0.06559999999999999
5.0,12624.850160837173,0.06559999999999999
5.0,12625.85364818573,0.06559999999999999
5.0,12626.871975660324,0.06559999999999999
5.0,12627.87593626976,0.06559999999999999
5.0,12628.890713453293,0.06559999999999999
5.0,12629.894929885864,0.06559999999999999
5.0,12630.896785736084,0.06559999999999999
5.0,12631.900307178497,0.06559999999999999
5.0,12632.91135764122,0.06559999999999999
5.0,12633.914736509323,0.06559999999999999
5.0,12635.92648768425,0.06559999999999999
5.0,12636.933091640472,0.06559999999999999
5.0,12637.93974018097,0.06559999999999999
5.0,12638.9455909729,0.06559999999999999
5.0,12639.957350254059,0.06559999999999999
5.0,12640.964165210724,0.06559999999999999
5.0,12641.970827817917,0.06559999999999999
5.0,12642.977403879166,0.06559999999999999
5.0,12643.984069108963,0.06559999999999999
5.0,12644.990689992905,0.06559999999999999
5.0,12645.997471570969,0.06559999999999999
5.0,12647.004167795181,0.06559999999999999
5.0,12648.010752439499,0.06559999999999999
5.0,12649.01186823845,0.06559999999999999
5.0,12650.023691654205,0.06559999999999999
5.0,12651.029566049576,0.06559999999999999
5.0,12652.036400556564,0.06559999999999999
5.0,12653.043199062347,0.06559999999999999
5.0,12654.049597501755,0.06559999999999999
5.0,12656.061599254608,0.06559999999999999
5.0,12657.06830573082,0.06559999999999999
5.0,12658.074942827225,0.06559999999999999
5.0,12659.076600313187,0.06559999999999999
5.0,12660.077695608139,0.06559999999999999
5.0,12661.083726644516,0.06559999999999999
5.0,12662.09526848793,0.06559999999999999
5.0,12663.107209920883,0.06559999999999999
5.0,12664.11355805397,0.06559999999999999
5.0,12665.12026643753,0.06559999999999999
5.0,12666.12691783905,0.06559999999999999
5.0,12667.138653993607,0.06559999999999999
5.0,12668.140141487122,0.06559999999999999
5.0,12669.152173280716,0.06559999999999999
5.0,12670.158890008926,0.06559999999999999
5.0,12671.165559768677,0.06559999999999999
5.0,12672.172197580338,0.06559999999999999
5.0,12673.183902263641,0.06559999999999999
5.0,12674.19065451622,0.06559999999999999
5.0,12676.197618246078,0.06559999999999999
5.0,12677.213522195816,0.06559999999999999
5.0,12678.220381498337,0.06559999999999999
5.0,12679.227091312408,0.06559999999999999
5.0,12680.233585119247,0.06559999999999999
5.0,12681.240354776382,0.06559999999999999
5.0,12682.24700331688,0.06559999999999999
5.0,12683.253577947617,0.06559999999999999
5.0,12684.260302305222,0.06559999999999999
5.0,12685.267045974731,0.06559999999999999
5.0,12686.273586273193,0.06559999999999999
5.0,12687.280320644379,0.06559999999999999
5.0,12688.287051200867,0.06559999999999999
5.0,12689.293541193008,0.06559999999999999
5.0,12690.30026268959,0.06559999999999999
5.0,12691.312036514282,0.06559999999999999
5.0,12692.32391500473,0.06559999999999999
5.0,12693.330702543259,0.06559999999999999
5.0,12694.337516069412,0.06559999999999999
5.0,12696.345389842987,0.06559999999999999
5.0,12697.360621929169,0.06559999999999999
5.0,12698.367346048355,0.06559999999999999
5.0,12699.373585224152,0.06559999999999999
5.0,12700.380447864532,0.06559999999999999
5.0,12701.387126922607,0.06559999999999999
5.0,12702.393544912338,0.06559999999999999
5.0,12703.40532040596,0.06559999999999999
5.0,12704.412016868591,0.06559999999999999
5.0,12705.423790216446,0.06559999999999999
5.0,12706.430571317673,0.06559999999999999
5.0,12707.437362670898,0.06559999999999999
5.0,12708.448508024216,0.06559999999999999
5.0,12709.455193281174,0.06559999999999999
5.0,12710.46193599701,0.06559999999999999
5.0,12711.468831300735,0.06559999999999999
5.0,12712.480547904968,0.06559999999999999
5.0,12713.487237930298,0.06559999999999999
5.0,12714.488799095154,0.06559999999999999
5.0,12716.496170520782,0.06559999999999999
5.0,12717.502892017365,0.06559999999999999
5.0,12718.509575605392,0.06559999999999999
5.0,12719.520953416824,0.06559999999999999
5.0,12720.53266787529,0.06559999999999999
5.0,12721.544546604156,0.06559999999999999
5.0,12722.55117893219,0.06559999999999999
5.0,12723.557558298111,0.06559999999999999
5.0,12724.564255475998,0.06559999999999999
5.0,12725.570996284485,0.06559999999999999
5.0,12726.577593803406,0.06559999999999999
5.0,12727.589417934418,0.06559999999999999
5.0,12728.604133605957,0.06559999999999999
5.0,12729.615953207016,0.06559999999999999
5.0,12730.62266421318,0.06559999999999999
5.0,12731.629405975342,0.06559999999999999
5.0,12732.646238088608,0.06559999999999999
5.0,12733.661567926407,0.06559999999999999
5.0,12735.669519662857,0.06559999999999999
5.0,12736.681448698044,0.06559999999999999
5.0,12737.696353673935,0.06559999999999999
5.0,12738.703109025955,0.06559999999999999
5.0,12739.71865940094,0.06559999999999999
5.0,12740.733578681946,0.06559999999999999
5.0,12741.740359306335,0.06559999999999999
5.0,12742.747044801712,0.06559999999999999
5.0,12743.753658294678,0.06559999999999999
5.0,12744.760672092438,0.06559999999999999
5.0,12745.767476320267,0.06559999999999999
5.0,12746.783464193344,0.06559999999999999
5.0,12747.789559841156,0.06559999999999999
5.0,12748.796396970749,0.06559999999999999
5.0,12749.803129434586,0.06559999999999999
5.0,12750.809607982635,0.06559999999999999
5.0,12751.810814380646,0.06559999999999999
5.0,12752.823910951614,0.06559999999999999
5.0,12753.83063364029,0.06559999999999999
5.0,12755.842658042908,0.06559999999999999
5.0,12756.849453687668,0.06559999999999999
5.0,12757.855822563171,0.06559999999999999
5.0,12758.871307373047,0.06559999999999999
5.0,12759.883072853088,0.06559999999999999
5.0,12760.889567613602,0.06559999999999999
5.0,12761.896399736404,0.06559999999999999
5.0,12762.908135414124,0.06559999999999999
5.0,12763.91987323761,0.06559999999999999
5.0,12764.926622390747,0.06559999999999999
5.0,12765.933397054672,0.06559999999999999
5.0,12766.940229177475,0.06559999999999999
5.0,12767.951949596405,0.06559999999999999
5.0,12768.953374385834,0.06559999999999999
5.0,12769.96407866478,0.06559999999999999
5.0,12770.975693702698,0.06559999999999999
5.0,12771.98160624504,0.06559999999999999
5.0,12772.9831802845,0.06559999999999999
5.0,12773.994912862778,0.06559999999999999
5.0,12776.002741336823,0.06559999999999999
5.0,12777.00943517685,0.06559999999999999
5.0,12778.016248226166,0.06559999999999999
5.0,12779.02306485176,0.06559999999999999
5.0,12780.029625177383,0.06559999999999999
5.0,12781.036506414413,0.06559999999999999
5.0,12782.048495054245,0.06559999999999999
5.0,12783.055155038834,0.06559999999999999
5.0,12784.066905736923,0.06559999999999999
5.0,12785.073614120483,0.06559999999999999
5.0,12786.080374956131,0.06559999999999999
5.0,12787.09227514267,0.06559999999999999
5.0,12788.099056482315,0.06559999999999999
5.0,12789.110767364502,0.06559999999999999
5.0,12790.117532014847,0.06559999999999999
5.0,12791.12430024147,0.06559999999999999
5.0,12792.131047010422,0.06559999999999999
5.0,12793.132648706436,0.06559999999999999
5.0,12794.144450426102,0.06559999999999999
5.0,12796.161561727524,0.06559999999999999
5.0,12797.173332452774,0.06559999999999999
5.0,12798.180125713348,0.06559999999999999
5.0,12799.18690276146,0.06559999999999999
5.0,12800.193572282791,0.06559999999999999
5.0,12801.222680568695,0.06559999999999999
5.0,12802.246743917465,0.06559999999999999
5.0,12803.24913907051,0.06559999999999999
5.0,12804.267987012863,0.06559999999999999
5.0,12805.274668455124,0.06559999999999999
5.0,12806.288478374481,0.06559999999999999
5.0,12807.289545059204,0.06559999999999999
5.0,12808.293130636215,0.06559999999999999
5.0,12809.295061349869,0.06559999999999999
5.0,12810.296589374542,0.06559999999999999
5.0,12811.298397302628,0.06559999999999999
5.0,12812.300921916962,0.06559999999999999
5.0,12813.304196596146,0.061399999999999996
5.0,12814.306678533554,0.06559999999999999
5.0,12816.309455633163,0.06559999999999999
5.0,12817.319784879684,0.06559999999999999
5.0,12818.330610752106,0.06559999999999999
5.0,12819.337095022202,0.06559999999999999
5.0,12820.343691110611,0.06559999999999999
5.0,12821.3547270298,0.06559999999999999
5.0,12822.365545988083,0.06559999999999999
5.0,12823.377278804779,0.06559999999999999
5.0,12824.393120765686,0.06559999999999999
5.0,12825.399890184402,0.06559999999999999
5.0,12826.400941371918,0.061399999999999996
5.0,12827.407660722733,0.061399999999999996
5.0,12828.413589954376,0.061399999999999996
5.0,12829.420380353928,0.06559999999999999
5.0,12830.448801994324,0.061399999999999996
5.0,12831.473107337952,0.061399999999999996
5.0,12832.491313695908,0.06559999999999999
5.0,12833.49581193924,0.061399999999999996
5.0,12835.512668848038,0.061399999999999996
5.0,12836.513636350632,0.06559999999999999
5.0,12837.515352010727,0.06559999999999999
5.0,12838.519428491592,0.061399999999999996
5.0,12839.521232128143,0.06559999999999999
5.0,12840.534249782562,0.061399999999999996
5.0,12841.538925886154,0.061399999999999996
5.0,12842.54935503006,0.061399999999999996
5.0,12843.559681653976,0.061399999999999996
5.0,12844.575262069702,0.061399999999999996
5.0,12845.589715242386,0.06559999999999999
5.0,12846.596465349197,0.06559999999999999
5.0,12847.603155136108,0.061399999999999996
5.0,12848.609548807144,0.061399999999999996
5.0,12849.61625957489,0.06559999999999999
5.0,12850.61764383316,0.061399999999999996
5.0,12851.629437923431,0.06559999999999999
5.0,12852.636179447174,0.061399999999999996
5.0,12853.648107528687,0.061399999999999996
5.0,12855.6558842659,0.06559999999999999
5.0,12856.657505273819,0.061399999999999996
5.0,12857.664237737656,0.061399999999999996
5.0,12858.670905828476,0.06559999999999999
5.0,12859.677591323853,0.061399999999999996
5.0,12860.684296369553,0.06559999999999999
5.0,12861.696015119553,0.061399999999999996
5.0,12862.702727794647,0.06559999999999999
5.0,12863.709451913834,0.061399999999999996
5.0,12864.725642681122,0.061399999999999996
5.0,12865.732460737228,0.06559999999999999
5.0,12866.739203929901,0.061399999999999996
5.0,12867.74558711052,0.06559999999999999
5.0,12868.752388000488,0.06559999999999999
5.0,12869.759007453918,0.061399999999999996
5.0,12870.771080255508,0.061399999999999996
5.0,12871.782790899277,0.06479999999999998
5.0,12872.79463648796,0.06559999999999999
5.0,12873.80133676529,0.06559999999999999
5.0,12875.813569545746,0.061399999999999996
5.0,12876.820234537125,0.06559999999999999
5.0,12877.826984882355,0.061399999999999996
5.0,12878.83357000351,0.061399999999999996
5.0,12879.840291500092,0.06559999999999999
5.0,12880.84690117836,0.06559999999999999
5.0,12881.85358262062,0.061399999999999996
5.0,12882.860282182693,0.061399999999999996
5.0,12883.86694598198,0.06559999999999999
5.0,12884.873551368713,0.061399999999999996
5.0,12885.880253791809,0.061399999999999996
5.0,12886.886941194534,0.06559999999999999
5.0,12887.893535137177,0.06559999999999999
5.0,12888.895079612732,0.06559999999999999
5.0,12889.896633148193,0.06559999999999999
5.0,12890.903327941895,0.06559999999999999
5.0,12891.915111780167,0.061399999999999996
5.0,12892.921577692032,0.061399999999999996
5.0,12893.928278446198,0.06559999999999999
5.0,12895.936071634293,0.061399999999999996
5.0,12896.94228053093,0.06559999999999999
5.0,12897.953618526459,0.061399999999999996
5.0,12898.96030497551,0.06559999999999999
5.0,12899.966955900192,0.061399999999999996
5.0,12900.973670959473,0.06559999999999999
5.0,12901.98544049263,0.061399999999999996
5.0,12902.99220919609,0.061399999999999996
5.0,12904.00712275505,0.06559999999999999
5.0,12905.018851041794,0.061399999999999996
5.0,12906.025717020035,0.06559999999999999
5.0,12907.032432079315,0.061399999999999996
5.0,12908.039304494858,0.06559999999999999
5.0,12909.04575252533,0.061399999999999996
5.0,12910.05251455307,0.061399999999999996
5.0,12911.059282779694,0.061399999999999996
5.0,12912.065559864044,0.061399999999999996
5.0,12913.072313547134,0.06559999999999999
5.0,12914.084081888199,0.06559999999999999
5.0,12916.091449022293,0.061399999999999996
5.0,12917.097572088242,0.061399999999999996
5.0,12918.109303236008,0.061399999999999996
5.0,12919.121199846268,0.061399999999999996
5.0,12920.128002405167,0.061399999999999996
5.0,12921.139755487442,0.061399999999999996
5.0,12922.146594762802,0.06559999999999999
5.0,12923.153497695923,0.06559999999999999
5.0,12924.160449266434,0.06559999999999999
5.0,12925.167214632034,0.06559999999999999
5.0,12926.173654794693,0.061399999999999996
5.0,12927.189589500427,0.061399999999999996
5.0,12928.19640994072,0.06559999999999999
5.0,12929.202898979187,0.061399999999999996
5.0,12930.214613437653,0.06559999999999999
5.0,12931.221313238144,0.06559999999999999
5.0,12932.228002786636,0.06559999999999999
5.0,12933.243107557297,0.061399999999999996
5.0,12934.249622106552,0.06559999999999999
5.0,12936.257466077805,0.06559999999999999
5.0,12937.269095897675,0.061399999999999996
5.0,12938.275678157806,0.06559999999999999
5.0,12939.287385463715,0.061399999999999996
5.0,12940.293644428253,0.061399999999999996
5.0,12941.300393342972,0.06559999999999999
5.0,12942.307186603546,0.061399999999999996
5.0,12943.318923473358,0.061399999999999996
5.0,12944.325542449951,0.06559999999999999
5.0,12945.33188033104,0.06559999999999999
5.0,12946.343708753586,0.061399999999999996
5.0,12947.355484485626,0.061399999999999996
5.0,12948.36158156395,0.06559999999999999
5.0,12949.368524074554,0.061399999999999996
5.0,12950.37541604042,0.06559999999999999
5.0,12951.387172937393,0.061399999999999996
5.0,12952.393700838089,0.06559999999999999
5.0,12953.400444984436,0.06559999999999999
5.0,12954.401617765427,0.06559999999999999
7.0,12956.40857553482,0.06559999999999999
7.0,12957.420320987701,0.061399999999999996
7.0,12958.4215695858,0.06559999999999999
7.0,12959.428273439407,0.06559999999999999
7.0,12960.43488240242,0.061399999999999996
7.0,12961.441548585892,0.06559999999999999
7.0,12962.443223714828,0.06559999999999999
7.0,12963.45515036583,0.06559999999999999
7.0,12964.461556196213,0.06559999999999999
7.0,12965.468222856522,0.06559999999999999
7.0,12966.474939107895,0.06559999999999999
7.0,12967.481565713882,0.06999999999999998
7.0,12968.488359689713,0.06219999999999999
7.0,12969.495119333267,0.06649999999999999
7.0,12970.50159072876,0.06219999999999999
7.0,12971.508300542831,0.06729999999999998
7.0,12972.514960050583,0.06309999999999999
7.0,12973.521592617035,0.06389999999999998
7.0,12975.529513120651,0.06829999999999999
7.0,12976.536400556564,0.06389999999999998
7.0,12977.54825091362,0.06389999999999998
7.0,12978.549563884735,0.06819999999999998
7.0,12979.556383371353,0.06819999999999998
7.0,12980.563150405884,0.06389999999999998
7.0,12981.569654464722,0.06389999999999998
7.0,12982.576526165009,0.06479999999999998
7.0,12983.583152770996,0.06479999999999998
7.0,12984.584671258926,0.06389999999999998
7.0,12985.591525316238,0.06389999999999998
7.0,12986.60475897789,0.06919999999999998
7.0,12987.616475105286,0.06899999999999999
7.0,12988.62839794159,0.06559999999999999
7.0,12989.629570245743,0.06999999999999998
7.0,12990.636442899704,0.06559999999999999
7.0,12991.637569904327,0.07089999999999998
7.0,12992.65314912796,0.0752
7.0,12993.683222293854,0.06729999999999998
7.0,12995.705106258392,0.07169999999999999
7.0,12996.7087392807,0.07169999999999999
7.0,12997.711105823517,0.07169999999999999
7.0,12998.715745925903,0.07169999999999999
7.0,12999.762565374374,0.07169999999999999
7.0,13000.773200511932,0.06729999999999998
7.0,13001.782600402832,0.07169999999999999
7.0,13002.793570280075,0.07169999999999999
7.0,13003.8002743721,0.06729999999999998
7.0,13004.812767028809,0.06729999999999998
7.0,13005.81957578659,0.07169999999999999
7.0,13006.831312656403,0.06829999999999999
7.0,13007.837544679642,0.0726
7.0,13008.856230974197,0.0726
7.0,13009.857542991638,0.0735
7.0,13010.859094381332,0.07769999999999999
7.0,13011.86558842659,0.0735
7.0,13012.87223315239,0.0743
7.0,13013.873550891876,0.0786
7.0,13015.885583639145,0.0743
7.0,13016.887172460556,0.07089999999999998
7.0,13017.888941526413,0.0743
7.0,13018.900729179382,0.07089999999999998
7.0,13019.907449483871,0.0743
7.0,13020.919267177582,0.07069999999999999
7.0,13021.925590753555,0.07069999999999999
7.0,13022.93252658844,0.07089999999999998
7.0,13023.939358949661,0.07089999999999998
7.0,13024.956178665161,0.0752
7.0,13025.967933177948,0.07069999999999999
7.0,13026.974112033844,0.0752
7.0,13027.980763196945,0.0794
7.0,13028.987414836884,0.076
7.0,13029.988967895508,0.076
7.0,13030.995656251907,0.07169999999999999
7.0,13032.00760102272,0.0726
7.0,13033.019366979599,0.0769
7.0,13034.020210981369,0.0769
7.0,13036.027905702591,0.0735
7.0,13037.038880825043,0.07769999999999999
7.0,13038.050920724869,0.07769999999999999
7.0,13039.057647943497,0.07769999999999999
7.0,13040.064417600632,0.07769999999999999
7.0,13041.071214914322,0.07769999999999999
7.0,13042.072812795639,0.07769999999999999
7.0,13043.084659337997,0.07769999999999999
7.0,13044.091434240341,0.07769999999999999
7.0,13045.097620010376,0.07769999999999999
7.0,13046.109390497208,0.07769999999999999
7.0,13047.116254091263,0.08199999999999999
7.0,13048.123241901398,0.0743
7.0,13049.135031223297,0.0786
7.0,13050.136608600616,0.0828
7.0,13051.15322637558,0.0786
7.0,13052.159927368164,0.0752
7.0,13053.175126552582,0.0794
7.0,13054.181600093842,0.0794
7.0,13056.188607215881,0.0752
7.0,13057.195341587067,0.076
7.0,13058.20160984993,0.076
7.0,13059.208245515823,0.076
7.0,13060.214860916138,0.076
7.0,13061.221454620361,0.076
7.0,13062.233293056488,0.076
7.0,13063.240087270737,0.0803
7.0,13064.255962371826,0.076
7.0,13065.262493610382,0.0803
7.0,13066.273633003235,0.0803
7.0,13067.285619735718,0.0803
7.0,13068.291822195053,0.076
7.0,13069.307654857635,0.0769
7.0,13070.317587852478,0.08109999999999999
7.0,13071.324351787567,0.08109999999999999
7.0,13072.325591087341,0.0769
7.0,13073.334547758102,0.07769999999999999
7.0,13074.34149479866,0.08199999999999999
7.0,13076.349372625351,0.08199999999999999
7.0,13077.361120462418,0.08199999999999999
7.0,13078.367899179459,0.0836
7.0,13079.37961602211,0.08199999999999999
7.0,13080.39504647255,0.08199999999999999
7.0,13081.410995960236,0.08199999999999999
7.0,13082.417649745941,0.08199999999999999
7.0,13083.424381017685,0.08199999999999999
7.0,13084.43627524376,0.08199999999999999
7.0,13085.453272819519,0.08199999999999999
7.0,13086.459964513779,0.08199999999999999
7.0,13087.466681957245,0.0786
7.0,13088.473476171494,0.0828
7.0,13089.480186223984,0.087
7.0,13090.487030506134,0.0828
7.0,13091.498772621155,0.0794
7.0,13092.505579948425,0.0836
7.0,13093.51222729683,0.0794
7.0,13094.519079685211,0.08789999999999999
7.0,13096.526727676392,0.0803
7.0,13097.533525705338,0.0803
7.0,13098.54028749466,0.0803
7.0,13099.547049283981,0.0803
7.0,13100.553537607193,0.0803
7.0,13101.565321683884,0.0803
7.0,13102.572047710419,0.0803
7.0,13103.5787627697,0.0803
7.0,13104.585532426834,0.0803
7.0,13105.597385644913,0.0803
7.0,13106.604063749313,0.0803
7.0,13107.61067533493,0.0803
7.0,13108.61729645729,0.0803
7.0,13109.62409043312,0.0803
7.0,13110.630724430084,0.08109999999999999
7.0,13111.637528657913,0.08109999999999999
7.0,13112.653596639633,0.08109999999999999
7.0,13113.660376310349,0.08109999999999999
7.0,13114.667020559311,0.08199999999999999
7.0,13116.679823160172,0.08199999999999999
7.0,13117.686639785767,0.0836
7.0,13118.701578378677,0.0836
7.0,13119.708255290985,0.08199999999999999
7.0,13120.714886665344,0.0836
7.0,13121.71666097641,0.08199999999999999
7.0,13122.73307800293,0.0836
7.0,13123.7397813797,0.08199999999999999
7.0,13124.751699447632,0.0836
7.0,13125.757577180862,0.08199999999999999
7.0,13126.759158372879,0.0836
7.0,13127.765551328659,0.09059999999999999
7.0,13128.772283315659,0.08199999999999999
7.0,13129.77905511856,0.0828
7.0,13130.785680770874,0.087
7.0,13131.797530889511,0.087
7.0,13132.80431509018,0.09149999999999998
7.0,13133.821702241898,0.087
7.0,13134.833554506302,0.0828
7.0,13136.841526031494,0.08789999999999999
7.0,13137.848333358765,0.08809999999999998
7.0,13138.849573612213,0.08789999999999999
7.0,13139.861371040344,0.08809999999999998
7.0,13140.86814236641,0.08789999999999999
7.0,13141.869623422623,0.08809999999999998
7.0,13142.886730194092,0.08789999999999999
7.0,13143.888375997543,0.08809999999999998
7.0,13144.889555931091,0.08809999999999998
7.0,13145.896330833435,0.08809999999999998
7.0,13146.903098344803,0.08789999999999999
7.0,13147.91485118866,0.08789999999999999
7.0,13148.921545743942,0.0923
7.0,13149.928319215775,0.08789999999999999
7.0,13150.929609298706,0.0836
7.0,13151.936577558517,0.0887
7.0,13152.948364496231,0.0887
7.0,13153.964612483978,0.0887
7.0,13154.980606794357,0.08109999999999999
7.0,13156.98263502121,0.08109999999999999
7.0,13157.99354147911,0.08109999999999999
7.0,13159.00034236908,0.08109999999999999
7.0,13160.007070064545,0.08109999999999999
7.0,13161.013574838638,0.08109999999999999
7.0,13162.020458459854,0.08109999999999999
7.0,13163.032187223434,0.08109999999999999
7.0,13164.058068037033,0.08109999999999999
7.0,13165.077141046524,0.0896
7.0,13166.080550193787,0.08979999999999999
7.0,13167.102570056915,0.08979999999999999
7.0,13168.103687524796,0.08979999999999999
7.0,13169.116849184036,0.08979999999999999
7.0,13170.121503829956,0.0896
7.0,13171.123325109482,0.08199999999999999
7.0,13172.124985694885,0.0836
7.0,13173.127480745316,0.09059999999999999
7.0,13174.13294005394,0.09059999999999999
7.0,13175.13483452797,0.0904
7.0,13177.167610168457,0.09489999999999998
7.0,13178.172245979309,0.0904
7.0,13179.173736810684,0.0828
7.0,13180.18015217781,0.0904
7.0,13181.19071483612,0.0904
7.0,13182.197924613953,0.0904
7.0,13183.210659503937,0.0828
7.0,13184.216151714325,0.0904
7.0,13185.220526456833,0.09059999999999999
7.0,13186.236202955246,0.0836
7.0,13187.241416692734,0.0904
7.0,13188.248012781143,0.087
7.0,13189.259432554245,0.09149999999999998
7.0,13190.272425889969,0.09149999999999998
7.0,13191.28566288948,0.0957
7.0,13192.29743027687,0.0957
7.0,13193.303604364395,0.09149999999999998
7.0,13194.318869829178,0.09149999999999998
7.0,13195.330660104752,0.08789999999999999
7.0,13197.33754992485,0.0923
7.0,13198.344285964966,0.0923
7.0,13199.351063728333,0.0923
7.0,13200.357636213303,0.0923
7.0,13201.364398956299,0.0923
7.0,13202.365548610687,0.0923
7.0,13203.372405290604,0.0923
7.0,13204.383292913437,0.0923
7.0,13205.389569997787,0.0923
7.0,13206.396372556686,0.0923
7.0,13207.403247833252,0.0923
7.0,13208.419479131699,0.09659999999999999
7.0,13209.425577163696,0.09659999999999999
7.0,13210.432328939438,0.08789999999999999
7.0,13211.439018964767,0.0887
7.0,13212.440586805344,0.0887
7.0,13213.447259902954,0.09319999999999999
7.0,13214.45354962349,0.09319999999999999
7.0,13215.460292577744,0.09319999999999999
7.0,13217.46812415123,0.09739999999999999
7.0,13218.47497344017,0.09319999999999999
7.0,13219.481587171555,0.08889999999999999
7.0,13220.483156204224,0.09319999999999999
7.0,13221.4895632267,0.09319999999999999
7.0,13222.49622297287,0.09319999999999999
7.0,13223.506771326065,0.0887
7.0,13224.521438598633,0.09319999999999999
7.0,13225.533561706543,0.09319999999999999
7.0,13226.545290231705,0.0887
7.0,13227.557098150253,0.0887
7.0,13228.563798189163,0.08979999999999999
7.0,13229.575492858887,0.08979999999999999
7.0,13230.581575393677,0.09399999999999999
7.0,13231.588335037231,0.09399999999999999
7.0,13232.600096702576,0.09399999999999999
7.0,13233.606865406036,0.09399999999999999
7.0,13234.613556861877,0.08979999999999999
7.0,13235.620341300964,0.08979999999999999
7.0,13237.633084774017,0.0904
7.0,13238.639833688736,0.0904
7.0,13239.64662861824,0.09059999999999999
7.0,13240.653418302536,0.09059999999999999
7.0,13241.660281181335,0.0904
7.0,13242.6716401577,0.09059999999999999
7.0,13243.677614212036,0.09059999999999999
7.0,13244.68439078331,0.09059999999999999
7.0,13245.691167354584,0.09059999999999999
7.0,13246.702806472778,0.0904
7.0,13247.709638834,0.0904
7.0,13248.725425958633,0.09489999999999998
7.0,13249.73221707344,0.09489999999999998
7.0,13250.738998651505,0.09489999999999998
7.0,13251.745606660843,0.0991
7.0,13252.752357721329,0.09489999999999998
7.0,13253.758707523346,0.09489999999999998
7.0,13254.7695479393,0.09149999999999998
7.0,13255.77619433403,0.09149999999999998
7.0,13257.789018630981,0.0957
7.0,13258.800750732422,0.0957
7.0,13259.807506084442,0.0957
7.0,13260.813467979431,0.0957
7.0,13261.814960479736,0.0957
7.0,13262.82162809372,0.0957
7.0,13263.833511352539,0.0957
7.0,13264.845239639282,0.0957
7.0,13265.851238489151,0.0957
7.0,13266.865595579147,0.0957
7.0,13267.87734079361,0.0957
7.0,13268.884104251862,0.0957
7.0,13269.890065193176,0.09999999999999999
7.0,13270.896712064743,0.09999999999999999
7.0,13271.903514623642,0.0957
7.0,13272.918312549591,0.0957
7.0,13273.925093889236,0.0923
7.0,13274.93687748909,0.09659999999999999
7.0,13275.943608283997,0.09659999999999999
7.0,13277.950887918472,0.09659999999999999
7.0,13278.95767378807,0.09659999999999999
7.0,13279.969474554062,0.09659999999999999
7.0,13280.98124074936,0.09659999999999999
7.0,13281.988059520721,0.09659999999999999
7.0,13282.994705677032,0.09659999999999999
7.0,13284.00139284134,0.09659999999999999
7.0,13285.007997989655,0.1008
7.0,13286.014735221863,0.1008
7.0,13287.025582313538,0.09659999999999999
7.0,13288.03742480278,0.09659999999999999
7.0,13289.04416513443,0.1008
7.0,13290.055879592896,0.1008
7.0,13291.061675786972,0.09659999999999999
7.0,13292.0684633255,0.09659999999999999
7.0,13293.085320711136,0.09319999999999999
7.0,13294.097066164017,0.09319999999999999
7.0,13295.103848218918,0.09739999999999999
7.0,13296.10955119133,0.09739999999999999
7.0,13298.117406845093,0.09739999999999999
7.0,13299.124207019806,0.09739999999999999
7.0,13300.130960702896,0.09739999999999999
7.0,13301.137600421906,0.09739999999999999
7.0,13302.1495616436,0.09739999999999999
7.0,13303.156319141388,0.09739999999999999
7.0,13304.167447566986,0.1017
7.0,13305.183947324753,0.1017
7.0,13306.190627098083,0.1017
7.0,13307.19739317894,0.1017
7.0,13308.20412158966,0.09739999999999999
7.0,13309.215934038162,0.1017
7.0,13310.222675323486,0.1017
7.0,13311.234682559967,0.09739999999999999
7.0,13312.236344337463,0.09399999999999999
7.0,13313.252856254578,0.09399999999999999
7.0,13314.259656906128,0.09399999999999999
7.0,13315.265632867813,0.0983
7.0,13316.267172336578,0.0983
7.0,13318.27466917038,0.0983
7.0,13319.285571813583,0.0983
7.0,13320.300651788712,0.0983
7.0,13321.317634105682,0.0983
7.0,13322.332911491394,0.0983
7.0,13323.344681024551,0.0983
7.0,13324.351081848145,0.0983
7.0,13325.362848758698,0.0983
7.0,13326.36441898346,0.0983
7.0,13327.375277519226,0.0983
7.0,13328.376856327057,0.0983
7.0,13329.388595104218,0.1025
7.0,13330.400568246841,0.1025
7.0,13331.412319660187,0.0983
7.0,13332.424035310745,0.0983
7.0,13333.425547122955,0.09489999999999998
7.0,13334.43225312233,0.09489999999999998
7.0,13335.438997030258,0.0991
7.0,13336.445562839508,0.0991
7.0,13338.453425645828,0.0991
7.0,13339.46521782875,0.0991
7.0,13340.471911430359,0.0991
7.0,13341.483670949936,0.0991
7.0,13342.489572525024,0.0991
7.0,13343.496144294739,0.0991
7.0,13344.502789497375,0.0991
7.0,13345.509544372559,0.0991
7.0,13346.516273736954,0.0991
7.0,13347.528078079224,0.0991
7.0,13348.529648780823,0.0991
7.0,13349.545585155487,0.10339999999999999
7.0,13350.561567544937,0.10339999999999999
7.0,13351.568404436111,0.10339999999999999
7.0,13352.584550142288,0.0991
7.0,13353.591190338135,0.0991
7.0,13354.597946882248,0.0991
7.0,13355.604689836502,0.0957
7.0,13356.61654162407,0.0957
7.0,13358.634657621384,0.09999999999999999
7.0,13359.64554643631,0.09999999999999999
7.0,13360.652462244034,0.09999999999999999
7.0,13361.664511442184,0.09999999999999999
7.0,13362.671302080154,0.09999999999999999
7.0,13363.68237400055,0.09999999999999999
7.0,13364.689091444016,0.09999999999999999
7.0,13365.696074724197,0.09999999999999999
7.0,13366.703048229218,0.09999999999999999
7.0,13367.729344844818,0.09999999999999999
7.0,13368.754639863968,0.09999999999999999
7.0,13369.757671356201,0.09999999999999999
7.0,13370.76133108139,0.10419999999999999
7.0,13371.776967525482,0.10419999999999999
7.0,13372.781437635422,0.10419999999999999
7.0,13373.79615187645,0.10419999999999999
7.0,13374.798355579376,0.09999999999999999
7.0,13375.80284500122,0.09999999999999999
7.0,13376.805258750916,0.09999999999999999
7.0,13378.809061288834,0.09999999999999999
7.0,13379.810859203339,0.09999999999999999
7.0,13380.821193933487,0.09999999999999999
7.0,13381.826299905777,0.09999999999999999
7.0,13382.84671497345,0.09999999999999999
7.0,13383.855614185333,0.09999999999999999
7.0,13384.875097036362,0.09659999999999999
7.0,13385.88043832779,0.09659999999999999
7.0,13386.891434669495,0.09999999999999999
7.0,13387.896140813828,0.09999999999999999
7.0,13388.897818088531,0.09659999999999999
7.0,13389.901250600815,0.1008
7.0,13390.905462026596,0.1008
7.0,13391.908619880676,0.1008
7.0,13392.911425113678,0.1008
7.0,13393.926526069641,0.10509999999999999
7.0,13394.929301977158,0.10509999999999999
7.0,13395.935851573944,0.10509999999999999
7.0,13396.941534280777,0.10509999999999999
7.0,13398.949527263641,0.10509999999999999
7.0,13399.955394744873,0.1008
7.0,13400.962198495865,0.1008
7.0,13401.968530893326,0.1008
7.0,13402.975399017334,0.1008
7.0,13403.981583118439,0.1008
7.0,13404.992785930634,0.1008
7.0,13406.004630327225,0.1008
7.0,13407.011333942413,0.1008
7.0,13408.017629861832,0.1008
7.0,13409.029524087906,0.1008
7.0,13410.031102895737,0.1008
7.0,13411.037572145462,0.1008
7.0,13412.053483963013,0.1008
7.0,13413.060353517532,0.09739999999999999
7.0,13414.06712937355,0.1017
7.0,13415.073581933975,0.1017
7.0,13416.080420255661,0.1017
7.0,13417.087167978287,0.1017
7.0,13419.094187021255,0.1017
7.0,13420.101116418839,0.1059
7.0,13421.11725783348,0.1059
7.0,13422.123945236206,0.1059
7.0,13423.130613088608,0.1059
7.0,13424.137308597565,0.1059
7.0,13425.144027233124,0.1059
7.0,13426.150739908218,0.1059
7.0,13427.16155052185,0.1059
7.0,13428.168345689774,0.1059
7.0,13429.175093889236,0.1059
7.0,13430.181694984436,0.1059
7.0,13431.18842291832,0.1059
7.0,13432.195121765137,0.1059
7.0,13433.211044311523,0.1017
7.0,13434.217658758163,0.1017
7.0,13435.229465723038,0.1017
7.0,13436.236288309097,0.1017
7.0,13437.248188972473,0.0983
7.0,13439.261017560959,0.0983
7.0,13440.267675638199,0.0983
7.0,13441.269289255142,0.0983
7.0,13442.2823741436,0.0983
7.0,13443.298382282257,0.0983
7.0,13444.309572458267,0.0983
7.0,13445.316463947296,0.1025
7.0,13446.323163747787,0.0983
7.0,13447.329597949982,0.1025
7.0,13448.341354370117,0.1025
7.0,13449.353093147278,0.1025
7.0,13450.364950180054,0.1025
7.0,13451.376721143723,0.1025
7.0,13452.3828830719,0.1025
7.0,13453.389569997787,0.1025
7.0,13454.404592037201,0.1025
7.0,13455.416409015656,0.10679999999999999
7.0,13456.428354501724,0.10679999999999999
7.0,13457.435143947601,0.10679999999999999
7.0,13459.442674398422,0.10679999999999999
7.0,13460.449403047562,0.1025
7.0,13461.46116399765,0.1025
7.0,13462.467966079712,0.1025
7.0,13463.468764543533,0.1025
7.0,13464.48062968254,0.1025
7.0,13465.492549180984,0.1025
7.0,13466.499170064926,0.1025
7.0,13467.505583286285,0.1025
7.0,13468.50712442398,0.1025
7.0,13469.51371884346,0.1025
7.0,13470.525564432144,0.1025
7.0,13471.532372713089,0.1025
7.0,13472.548944711685,0.0991
7.0,13473.555561542511,0.0991
7.0,13474.56158566475,0.0991
7.0,13475.568364143372,0.10339999999999999
7.0,13476.58008813858,0.10339999999999999
7.0,13477.581666946411,0.10339999999999999
7.0,13479.594626426697,0.10339999999999999
7.0,13480.601332187653,0.10339999999999999
7.0,13481.608084917068,0.10339999999999999
7.0,13482.609579086304,0.10339999999999999
7.0,13483.611114263535,0.10339999999999999
7.0,13484.622833013535,0.10339999999999999
7.0,13485.629566192627,0.10339999999999999
7.0,13486.64133310318,0.10339999999999999
7.0,13487.647952079773,0.10339999999999999
7.0,13488.657613277435,0.10339999999999999
7.0,13489.664495706558,0.10339999999999999
7.0,13490.676254034042,0.10339999999999999
7.0,13491.677575349808,0.10759999999999999
7.0,13492.689576864243,0.10779999999999999
7.0,13493.696430206299,0.10759999999999999
7.0,13494.708470582962,0.10759999999999999
7.0,13495.71533370018,0.10759999999999999
7.0,13496.716947317123,0.10339999999999999
7.0,13497.723569869995,0.10339999999999999
7.0,13499.725615501404,0.10339999999999999
7.0,13500.732431650162,0.10339999999999999
7.0,13501.739218711853,0.10339999999999999
7.0,13502.74558210373,0.10339999999999999
7.0,13503.760522603989,0.10339999999999999
7.0,13504.776329517365,0.10339999999999999
7.0,13505.791741371155,0.10339999999999999
7.0,13506.80674648285,0.10339999999999999
7.0,13507.821561098099,0.10339999999999999
7.0,13508.837350606918,0.10339999999999999
7.0,13509.844168901443,0.10339999999999999
7.0,13510.86040186882,0.10339999999999999
7.0,13511.875744342804,0.10339999999999999
7.0,13512.881573438644,0.10339999999999999
7.0,13513.888283252716,0.10419999999999999
7.0,13514.914853572845,0.10419999999999999
7.0,13515.92012500763,0.10419999999999999
7.0,13516.940396308899,0.10419999999999999
7.0,13517.943996429443,0.10419999999999999
7.0,13519.948430538177,0.10419999999999999
7.0,13520.963380336761,0.10419999999999999
7.0,13521.968769073486,0.10419999999999999
7.0,13522.984795570374,0.10419999999999999
7.0,13523.986764192581,0.10419999999999999
7.0,13524.989744901657,0.10419999999999999
7.0,13525.9919257164,0.10419999999999999
7.0,13526.9927444458,0.10419999999999999
7.0,13527.99757361412,0.10419999999999999
7.0,13529.00036406517,0.10419999999999999
7.0,13530.003869056702,0.10419999999999999
7.0,13531.006686925888,0.10419999999999999
7.0,13532.018862962723,0.10849999999999999
7.0,13533.02037858963,0.10849999999999999
7.0,13534.029609680176,0.10849999999999999
7.0,13535.039758205414,0.10849999999999999
7.0,13536.053590536118,0.10849999999999999
7.0,13537.06039595604,0.10849999999999999
7.0,13538.06718301773,0.10849999999999999
7.0,13540.074677705765,0.10419999999999999
7.0,13541.081151485443,0.10419999999999999
7.0,13542.087794542313,0.10419999999999999
7.0,13543.094100952148,0.10419999999999999
7.0,13544.100860834122,0.10419999999999999
7.0,13545.112556934357,0.10419999999999999
7.0,13546.124388933182,0.10419999999999999
7.0,13547.131228685379,0.10419999999999999
7.0,13548.13753247261,0.10419999999999999
7.0,13549.144285440445,0.10419999999999999
7.0,13550.156011104584,0.10419999999999999
7.0,13551.162462234497,0.10419999999999999
7.0,13552.169334888458,0.10419999999999999
7.0,13553.175999879837,0.10419999999999999
7.0,13554.191524267197,0.10419999999999999
7.0,13555.203247070312,0.10419999999999999
7.0,13556.215058088303,0.1008
7.0,13557.221820116043,0.10509999999999999
7.0,13558.228590011597,0.10509999999999999
7.0,13560.24154496193,0.10509999999999999
7.0,13561.253322124481,0.10509999999999999
7.0,13562.26529288292,0.10509999999999999
7.0,13563.266999483109,0.10509999999999999
7.0,13564.273600578308,0.10509999999999999
7.0,13565.289561271667,0.10509999999999999
7.0,13566.301392316818,0.10509999999999999
7.0,13567.308111667633,0.10509999999999999
7.0,13568.319880008698,0.10509999999999999
7.0,13569.326501846313,0.10509999999999999
7.0,13570.333260774612,0.10509999999999999
7.0,13571.340019702911,0.10509999999999999
7.0,13572.345809936523,0.10509999999999999
7.0,13573.361583471298,0.10509999999999999
7.0,13574.373369932175,0.1095
7.0,13575.38002538681,0.1095
7.0,13576.391810417175,0.1093
7.0,13577.39868569374,0.1095
7.0,13578.40550494194,0.1095
7.0,13580.413390398026,0.1095
7.0,13581.420256614685,0.1095
7.0,13582.43192243576,0.1095
7.0,13583.43862915039,0.1095
7.0,13584.445321083069,0.1093
7.0,13585.457037448883,0.1095
7.0,13586.46291232109,0.1095
7.0,13587.474630594254,0.1095
7.0,13588.485606193542,0.1095
7.0,13589.492367267609,0.1095
7.0,13590.499061107635,0.1093
7.0,13591.505675077438,0.1095
7.0,13592.517462730408,0.1095
7.0,13593.524260044098,0.10509999999999999
7.0,13594.531004667282,0.10509999999999999
7.0,13595.537615299225,0.10509999999999999
7.0,13596.54428267479,0.10509999999999999
7.0,13597.551017522812,0.10509999999999999
7.0,13598.557577848434,0.10509999999999999
7.0,13600.565469264984,0.10509999999999999
7.0,13601.571964263916,0.10509999999999999
7.0,13602.578628063202,0.10509999999999999
7.0,13603.580190181732,0.1017
7.0,13604.586807727814,0.1017
7.0,13605.593574523926,0.1017
7.0,13606.600316524506,0.1017
7.0,13607.601578474045,0.10509999999999999
7.0,13608.613355636597,0.1017
7.0,13609.61996102333,0.10509999999999999
7.0,13610.626585006714,0.1017
7.0,13611.63331770897,0.1017
7.0,13612.640004873276,0.1059
7.0,13613.655872821808,0.1059
7.0,13614.662594556808,0.1059
7.0,13615.669309139252,0.1059
7.0,13616.68106007576,0.1059
7.0,13617.6878657341,0.1059
7.0,13618.69463801384,0.1059
7.0,13620.702601671219,0.1059
7.0,13621.709323883057,0.1059
7.0,13622.721280097961,0.1059
7.0,13623.733029127121,0.1059
7.0,13624.748424768448,0.1059
7.0,13625.763595581055,0.1059
7.0,13626.775353431702,0.1059
7.0,13627.77697134018,0.1059
7.0,13628.78879070282,0.1059
7.0,13629.810784101486,0.1059
7.0,13630.81851196289,0.1059
7.0,13631.8443338871,0.11019999999999999
7.0,13632.849713087082,0.11019999999999999
7.0,13633.863873243332,0.11019999999999999
7.0,13634.868768930435,0.11019999999999999
7.0,13635.882858037949,0.11019999999999999
7.0,13636.888680696487,0.1103
7.0,13637.889481067657,0.11019999999999999
7.0,13638.891123771667,0.11019999999999999
7.0,13640.908564567566,0.1059
7.0,13641.909537315369,0.1059
7.0,13642.916038274765,0.1059
7.0,13643.917457342148,0.1059
7.0,13644.918841123581,0.1059
7.0,13645.920217037201,0.1059
7.0,13646.921417951584,0.1059
7.0,13647.927823781967,0.1059
7.0,13648.939264774323,0.1059
7.0,13649.945550203323,0.1059
7.0,13650.952231168747,0.1059
7.0,13651.953565359116,0.1059
7.0,13652.960273981094,0.1059
7.0,13653.961726665497,0.1059
7.0,13654.973482847214,0.1059
7.0,13655.980162620544,0.1059
7.0,13656.98686337471,0.1059
7.0,13657.998301267624,0.1059
7.0,13659.013621807098,0.1059
7.0,13661.02133011818,0.1025
7.0,13662.02803850174,0.1025
7.0,13663.034860610962,0.1025
7.0,13664.048695087433,0.1025
7.0,13665.049588441849,0.1025
7.0,13666.056317567825,0.1025
7.0,13667.062240362167,0.1025
7.0,13668.06900048256,0.1025
7.0,13669.07058095932,0.1025
7.0,13670.08155632019,0.1025
7.0,13671.093325138092,0.10679999999999999
7.0,13672.105039834976,0.10679999999999999
7.0,13673.111295938492,0.10679999999999999
7.0,13674.11766076088,0.10679999999999999
7.0,13675.124447345734,0.10679999999999999
7.0,13676.131150245667,0.10679999999999999
7.0,13677.142738342285,0.10679999999999999
7.0,13678.149455785751,0.10679999999999999
7.0,13679.161223888397,0.10679999999999999
7.0,13681.173457860947,0.10679999999999999
7.0,13682.1799929142,0.10679999999999999
7.0,13683.18670296669,0.10679999999999999
7.0,13684.193582296371,0.10679999999999999
7.0,13685.195122241974,0.10679999999999999
7.0,13686.201574087143,0.10679999999999999
7.0,13687.21336221695,0.10679999999999999
7.0,13688.225101709366,0.10679999999999999
7.0,13689.231835365295,0.10679999999999999
7.0,13690.243592977524,0.10679999999999999
7.0,13691.249440431595,0.10679999999999999
7.0,13692.25610423088,0.1112
7.0,13693.26296210289,0.1112
7.0,13694.274913072586,0.1112
7.0,13695.281584501266,0.1112
7.0,13696.288277864456,0.1112
7.0,13697.295225143433,0.1112
7.0,13698.306879520416,0.1112
7.0,13699.308393001556,0.1112
7.0,13701.310767173767,0.1112
7.0,13702.321542739868,0.1112
7.0,13703.328274011612,0.1112
7.0,13704.340026855469,0.1112
7.0,13705.341576814651,0.1112
7.0,13706.353344202042,0.1112
7.0,13707.360092639923,0.1112
7.0,13708.375846147537,0.1112
7.0,13709.377561330795,0.1112
7.0,13710.389303207397,0.1112
7.0,13711.39601635933,0.1112
7.0,13712.402616262436,0.10679999999999999
7.0,13713.413580656052,0.10679999999999999
7.0,13714.415110588074,0.10679999999999999
7.0,13715.427170991898,0.10679999999999999
7.0,13716.433586120605,0.10679999999999999
7.0,13717.440371513367,0.10679999999999999
7.0,13718.441545009613,0.10679999999999999
7.0,13720.453531742096,0.10679999999999999
7.0,13721.455062866211,0.10679999999999999
7.0,13722.461544752121,0.10679999999999999
7.0,13723.468164682388,0.10679999999999999
7.0,13724.474952697754,0.10679999999999999
7.0,13725.486734867096,0.10679999999999999
7.0,13726.493553876877,0.10679999999999999
7.0,13727.500312328339,0.10679999999999999
7.0,13728.50712108612,0.10679999999999999
7.0,13729.518836975098,0.10679999999999999
7.0,13730.52561044693,0.10679999999999999
7.0,13731.53226852417,0.10679999999999999
7.0,13732.538968324661,0.10679999999999999
7.0,13733.545581102371,0.10679999999999999
7.0,13734.552297830582,0.10679999999999999
7.0,13735.559087991714,0.10679999999999999
7.0,13736.565570831299,0.10339999999999999
7.0,13737.572476148605,0.10339999999999999
7.0,13738.579149246216,0.10339999999999999
7.0,13740.586666345596,0.10759999999999999
7.0,13741.597567796707,0.10759999999999999
7.0,13742.604422569275,0.10759999999999999
7.0,13743.611268281937,0.10759999999999999
7.0,13744.628629922867,0.10759999999999999
7.0,13745.642722129822,0.10759999999999999
7.0,13746.653640031815,0.10779999999999999
7.0,13747.660348892212,0.10759999999999999
7.0,13748.672262907028,0.10759999999999999
7.0,13749.69746875763,0.10759999999999999
7.0,13750.719898700714,0.10759999999999999
7.0,13751.72214794159,0.10759999999999999
7.0,13752.724645137787,0.10759999999999999
7.0,13753.742565870285,0.10759999999999999
7.0,13754.746502637863,0.10779999999999999
7.0,13755.751747131348,0.10779999999999999
7.0,13756.763900518417,0.10779999999999999
7.0,13757.765909433365,0.10759999999999999
7.0,13758.769882202148,0.10759999999999999
7.0,13760.773629665375,0.10779999999999999
7.0,13761.775588035583,0.10759999999999999
7.0,13762.779392242432,0.10759999999999999
7.0,13763.782775878906,0.11189999999999999
7.0,13764.784274101257,0.10759999999999999
7.0,13765.787028551102,0.11199999999999999
7.0,13766.789511442184,0.10759999999999999
7.0,13767.796226501465,0.10759999999999999
7.0,13768.80278134346,0.10759999999999999
7.0,13769.809341192245,0.10759999999999999
7.0,13770.820136785507,0.11199999999999999
7.0,13771.826995134354,0.11199999999999999
7.0,13772.838782072067,0.11199999999999999
7.0,13773.845616579056,0.11189999999999999
7.0,13774.852269887924,0.11199999999999999
7.0,13775.858986616135,0.11199999999999999
7.0,13776.865582942963,0.11199999999999999
7.0,13777.87227845192,0.11199999999999999
7.0,13778.883626461029,0.11199999999999999
7.0,13780.890674114227,0.11199999999999999
7.0,13781.897492647171,0.11199999999999999
7.0,13782.909091711044,0.11199999999999999
7.0,13783.92087984085,0.11199999999999999
7.0,13784.927588701248,0.11199999999999999
7.0,13785.933600902557,0.11199999999999999
7.0,13786.940316677094,0.11199999999999999
7.0,13787.947036266327,0.11199999999999999
7.0,13788.963529348373,0.11189999999999999
7.0,13789.969720363617,0.11199999999999999
7.0,13790.976429700851,0.11199999999999999
7.0,13791.983143806458,0.11199999999999999
7.0,13792.999136686325,0.11199999999999999
7.0,13794.005546331406,0.11199999999999999
7.0,13795.007092237473,0.11199999999999999
7.0,13796.018785476685,0.11199999999999999
7.0,13797.020346164703,0.11199999999999999
7.0,13798.027074098587,0.11199999999999999
7.0,13799.0389149189,0.11199999999999999
7.0,13801.051841497421,0.10779999999999999
7.0,13802.063549518585,0.10759999999999999
7.0,13803.069606304169,0.10759999999999999
7.0,13804.076506853104,0.10759999999999999
7.0,13805.09267616272,0.10759999999999999
7.0,13806.099301576614,0.10759999999999999
7.0,13807.105596542358,0.10759999999999999
7.0,13808.117410421371,0.10759999999999999
7.0,13809.132680892944,0.10759999999999999
7.0,13810.139504909515,0.10759999999999999
7.0,13811.151287078857,0.10779999999999999
7.0,13812.165580034256,0.10759999999999999
7.0,13813.177353858948,0.10759999999999999
7.0,13814.18409204483,0.10759999999999999
7.0,13815.190839767456,0.10779999999999999
7.0,13816.197540283203,0.10759999999999999
7.0,13817.204172611237,0.10779999999999999
7.0,13818.21992278099,0.10759999999999999
7.0,13819.235184669495,0.10759999999999999
7.0,13821.242794036865,0.10759999999999999
7.0,13822.249603509903,0.10779999999999999
7.0,13823.255526781082,0.10759999999999999
7.0,13824.261593580246,0.10759999999999999
7.0,13825.268221616745,0.10779999999999999
7.0,13826.274933338165,0.10779999999999999
7.0,13827.281569957733,0.10759999999999999
7.0,13828.288349151611,0.10759999999999999
7.0,13829.289579629898,0.10759999999999999
7.0,13830.304924964905,0.10759999999999999
7.0,13831.321296930313,0.10759999999999999
7.0,13832.333094358444,0.10779999999999999
7.0,13833.339755535126,0.10759999999999999
7.0,13834.345566749573,0.10759999999999999
7.0,13835.3520860672,0.10759999999999999
7.0,13836.353481769562,0.10779999999999999
7.0,13837.360184192657,0.10759999999999999
7.0,13838.371899366379,0.10759999999999999
7.0,13839.378635644913,0.10759999999999999
7.0,13841.385692358017,0.10849999999999999
7.0,13842.392358541489,0.10849999999999999
7.0,13843.399038553238,0.10849999999999999
7.0,13844.405531644821,0.10849999999999999
7.0,13845.412239789963,0.10849999999999999
7.0,13846.419011831284,0.10849999999999999
7.0,13847.425534009933,0.10849999999999999
7.0,13848.437355041504,0.10849999999999999
7.0,13849.44413781166,0.10849999999999999
7.0,13850.450846195221,0.10849999999999999
7.0,13851.45243191719,0.10849999999999999
7.0,13852.453594446182,0.10849999999999999
7.0,13853.460495948792,0.10849999999999999
7.0,13854.472241640091,0.10849999999999999
7.0,13855.474048376083,0.10849999999999999
7.0,13856.485633134842,0.10849999999999999
7.0,13857.492374181747,0.10849999999999999
7.0,13858.50431227684,0.10849999999999999
7.0,13859.521511554718,0.10849999999999999
7.0,13861.524214029312,0.10849999999999999
7.0,13862.530892372131,0.10849999999999999
7.0,13863.537564992905,0.10849999999999999
7.0,13864.539161920547,0.10849999999999999
7.0,13865.550953149796,0.10849999999999999
7.0,13866.557622432709,0.10849999999999999
7.0,13867.559235572815,0.10849999999999999
7.0,13868.575195789337,0.10849999999999999
7.0,13869.58724284172,0.10849999999999999
7.0,13870.599084854126,0.10849999999999999
7.0,13871.614821910858,0.10849999999999999
7.0,13872.6215903759,0.10849999999999999
7.0,13873.633429288864,0.10859999999999999
7.0,13874.640357732773,0.10849999999999999
7.0,13875.657327890396,0.10849999999999999
7.0,13876.672917842865,0.10849999999999999
7.0,13877.688637971878,0.10849999999999999
7.0,13878.700426578522,0.10849999999999999
7.0,13879.717082738876,0.10849999999999999
7.0,13881.729594707489,0.10849999999999999
7.0,13882.736517429352,0.10849999999999999
7.0,13883.748346090317,0.10849999999999999
7.0,13884.755127429962,0.10849999999999999
7.0,13885.756703138351,0.1129
7.0,13886.768570661545,0.10849999999999999
7.0,13887.77542924881,0.10849999999999999
7.0,13888.781660556793,0.1129
7.0,13889.78841662407,0.10849999999999999
7.0,13890.800400972366,0.10849999999999999
7.0,13891.807294845581,0.10849999999999999
7.0,13892.81900548935,0.1129
7.0,13893.825600624084,0.1129
7.0,13894.83743929863,0.1129
7.0,13895.849318027496,0.1129
7.0,13896.8561065197,0.1129
7.0,13897.862849712372,0.1129
7.0,13898.869590759277,0.1129
7.0,13899.885565519333,0.1129
7.0,13901.893426656723,0.1129
7.0,13902.905313491821,0.1129
7.0,13903.917168617249,0.1129
7.0,13904.929037332535,0.1129
7.0,13905.935658454895,0.1129
7.0,13906.947518348694,0.1129
7.0,13907.953567028046,0.1129
7.0,13908.960424661636,0.1129
7.0,13909.96712398529,0.1129
7.0,13910.973581075668,0.1129
7.0,13911.984935998917,0.1129
7.0,13912.996760606766,0.1129
7.0,13913.997581005096,0.1129
7.0,13915.004286050797,0.1129
7.0,13916.016037464142,0.1129
7.0,13917.02286028862,0.1129
7.0,13918.034625530243,0.1129
7.0,13919.045599222183,0.1129
7.0,13920.052371501923,0.1129
7.0,13922.065354824066,0.1129
7.0,13923.080879449844,0.1129
7.0,13924.097578287125,0.1129
7.0,13925.104358911514,0.1129
7.0,13926.110983610153,0.1129
7.0,13927.122880458832,0.1129
7.0,13928.129559755325,0.1129
7.0,13929.135756492615,0.1129
7.0,13930.16222500801,0.1129
7.0,13931.171647071838,0.1129
7.0,13932.19526052475,0.1129
7.0,13933.214418411255,0.1129
7.0,13934.219958543777,0.1129
7.0,13935.231446743011,0.1129
7.0,13936.236265420914,0.1129
7.0,13937.254406452179,0.1129
7.0,13938.28386592865,0.1129
7.0,13939.287374973297,0.1129
7.0,13940.29031419754,0.10849999999999999
7.0,13942.308879852295,0.10849999999999999
7.0,13943.314980268478,0.10849999999999999
7.0,13944.321926355362,0.10849999999999999
7.0,13945.328602313995,0.10849999999999999
7.0,13946.334708690643,0.10849999999999999
7.0,13947.350808858871,0.10849999999999999
7.0,13948.35331940651,0.10849999999999999
7.0,13949.3598382473,0.10849999999999999
7.0,13950.369543075562,0.10849999999999999
7.0,13951.376154899597,0.10849999999999999
7.0,13952.382850408554,0.10849999999999999
7.0,13953.394627809525,0.10849999999999999
7.0,13954.40153503418,0.10849999999999999
7.0,13955.408256053925,0.10849999999999999
7.0,13956.414869070053,0.10849999999999999
7.0,13957.421581029892,0.10849999999999999
7.0,13958.433329105377,0.10849999999999999
7.0,13959.440176010132,0.10849999999999999
7.0,13960.446806669235,0.10849999999999999
7.0,13962.454793453217,0.10849999999999999
7.0,13963.466735363007,0.10849999999999999
7.0,13964.473399400711,0.10849999999999999
7.0,13965.48020362854,0.10849999999999999
7.0,13966.496836185455,0.10849999999999999
7.0,13967.503505945206,0.10849999999999999
7.0,13968.515253782272,0.10849999999999999
7.0,13969.521560192108,0.10849999999999999
7.0,13970.528255701065,0.10849999999999999
7.0,13971.53491139412,0.10849999999999999
7.0,13972.541567087173,0.10849999999999999
7.0,13973.548241615295,0.10849999999999999
7.0,13974.549629211426,0.10849999999999999
7.0,13975.556315422058,0.10849999999999999
7.0,13976.568173885345,0.10849999999999999
7.0,13977.574828147888,0.10849999999999999
7.0,13978.581433296204,0.10849999999999999
7.0,13979.588048934937,0.10849999999999999
7.0,13980.5895383358,0.10849999999999999
7.0,13982.601557016373,0.10859999999999999
7.0,13983.60830283165,0.10849999999999999
7.0,13984.615102052689,0.10849999999999999
7.0,13985.621590852737,0.10849999999999999
7.0,13986.633397817612,0.10849999999999999
7.0,13987.640217542648,0.10849999999999999
7.0,13988.646867752075,0.10849999999999999
7.0,13989.653619289398,0.10849999999999999
7.0,13990.66559791565,0.10849999999999999
7.0,13991.672253131866,0.10849999999999999
7.0,13992.684049367905,0.10849999999999999
7.0,13993.69966506958,0.10849999999999999
7.0,13994.711455106735,0.10849999999999999
7.0,13995.717588186264,0.10849999999999999
7.0,13996.729400634766,0.10849999999999999
7.0,13997.736222982407,0.10849999999999999
7.0,13998.753268957138,0.10849999999999999
7.0,13999.771469116211,0.10849999999999999
7.0,14000.783356428146,0.10849999999999999
7.0,14002.790661811829,0.1095
7.0,14003.797394275665,0.1093
7.0,14004.80412888527,0.1093
7.0,14005.805413722992,0.1093
7.0,14006.812164783478,0.1095
7.0,14007.818871498108,0.1095
7.0,14008.825636386871,0.1093
7.0,14009.832299232483,0.1093
7.0,14010.844103336334,0.1095
7.0,14011.850759744644,0.1095
7.0,14012.861616134644,0.1093
7.0,14013.873485088348,0.1095
7.0,14014.880300283432,0.1095
7.0,14015.88704752922,0.1095
7.0,14016.898804426193,0.1093
7.0,14017.90566945076,0.1093
7.0,14018.917417526245,0.1095
7.0,14019.929231882095,0.1095
7.0,14020.935971975327,0.1095
7.0,14022.943904876709,0.1093
7.0,14023.960329294205,0.1095
7.0,14024.967005252838,0.1095
7.0,14025.973615169525,0.1095
7.0,14026.980239868164,0.1095
7.0,14027.995664834976,0.1095
7.0,14029.001570224762,0.1095
7.0,14030.00830245018,0.1095
7.0,14031.015029668808,0.1095
7.0,14032.021539926529,0.1095
7.0,14033.037041902542,0.1095
7.0,14034.048879861832,0.1095
7.0,14035.060596466064,0.1095
7.0,14036.061607122421,0.1095
7.0,14037.06836605072,0.1093
7.0,14038.075043201447,0.1095
7.0,14039.08159661293,0.1095
7.0,14040.088261842728,0.1095
7.0,14041.094993114471,0.1093
7.0,14043.102708101273,0.1095
7.0,14044.109426259995,0.1095
7.0,14045.116134405136,0.1095
7.0,14046.122848510742,0.1095
7.0,14047.12961769104,0.1095
7.0,14048.136630535126,0.1095
7.0,14049.148475885391,0.1095
7.0,14050.154284477234,0.1093
7.0,14051.165612220764,0.1093
7.0,14052.17742729187,0.1095
7.0,14053.184157133102,0.1095
7.0,14054.191001653671,0.1095
7.0,14055.202773094177,0.1095
7.0,14056.209547042847,0.1095
7.0,14057.221335887909,0.1137
7.0,14058.228158950806,0.1137
7.0,14059.240166902542,0.1137
7.0,14060.251916885376,0.1137
7.0,14061.258653879166,0.1137
7.0,14063.265548706055,0.1137
7.0,14064.272399663925,0.1137
7.0,14065.287502765656,0.1137
7.0,14066.303986549377,0.1137
7.0,14067.31979751587,0.1137
7.0,14068.325553417206,0.1137
7.0,14069.332336902618,0.1137
7.0,14070.33911538124,0.1137
7.0,14071.350852966309,0.1137
7.0,14072.357572078705,0.1137
7.0,14073.369432926178,0.1137
7.0,14074.381253957748,0.1137
7.0,14075.387982606888,0.1137
7.0,14076.394723892212,0.1137
7.0,14077.401664733887,0.1137
7.0,14078.408441781998,0.1137
7.0,14079.42482829094,0.1137
7.0,14080.431591272354,0.1137
7.0,14081.43752193451,0.1137
7.0,14083.449568271637,0.1137
7.0,14084.46473312378,0.1137
7.0,14085.476533174515,0.1137
7.0,14086.487529039383,0.1137
7.0,14087.501537322998,0.1137
7.0,14088.517300128937,0.1137
7.0,14089.529011249542,0.1137
7.0,14090.575065612793,0.1137
7.0,14091.588466882706,0.1137
7.0,14092.592645406723,0.1137
7.0,14093.609626054764,0.1137
7.0,14094.613408088684,0.1137
7.0,14095.628385305405,0.1137
7.0,14096.631413698196,0.1137
7.0,14097.633408784866,0.1137
7.0,14098.636394023895,0.1137
7.0,14099.638136863708,0.1137
7.0,14100.640539169312,0.1137
7.0,14101.641390800476,0.1137
7.0,14103.647247076035,0.1137
7.0,14104.648883104324,0.1137
7.0,14105.64972782135,0.1137
7.0,14106.66074347496,0.1137
7.0,14107.684941768646,0.1137
7.0,14108.688719272614,0.1137
7.0,14109.691491127014,0.1137
7.0,14110.70784854889,0.1137
7.0,14111.712745904922,0.1137
7.0,14112.725471496582,0.1137
7.0,14113.730377674103,0.1137
7.0,14114.744062185287,0.1137
7.0,14115.747028827667,0.1137
7.0,14116.748376369476,0.1137
7.0,14117.754936695099,0.1095
7.0,14118.76143360138,0.1095
7.0,14119.767928361893,0.1095
7.0,14120.774451971054,0.1095
7.0,14121.78553390503,0.1093
7.0,14123.788208246231,0.1095
7.0,14124.79476261139,0.1095
7.0,14125.79641699791,0.1095
7.0,14126.80318403244,0.1093
7.0,14127.818860054016,0.1095
7.0,14128.825562477112,0.1093
7.0,14129.832301855087,0.1095
7.0,14130.838985919952,0.1093
7.0,14131.845553159714,0.1095
7.0,14132.852244138718,0.1095
7.0,14133.858930826187,0.1095
7.0,14134.860631465912,0.1095
7.0,14135.861632823944,0.1093
7.0,14136.86841058731,0.1095
7.0,14137.87520289421,0.1095
7.0,14138.881640434265,0.1095
7.0,14139.888494253159,0.1095
7.0,14140.900324821472,0.1093
7.0,14141.907116889954,0.1095
7.0,14143.919331789017,0.1095
7.0,14144.931186676025,0.1095
7.0,14145.937616109848,0.1095
7.0,14146.953255414963,0.1095
7.0,14147.960056066513,0.1095
7.0,14148.961568117142,0.1095
7.0,14149.963145971298,0.1095
7.0,14150.964761018753,0.1095
7.0,14151.965551137924,0.1095
7.0,14152.972316026688,0.1095
7.0,14153.973544836044,0.1095
7.0,14154.985350847244,0.1095
7.0,14155.992064476013,0.1095
7.0,14156.99885058403,0.1095
7.0,14158.005650281906,0.1093
7.0,14159.012302398682,0.1095
7.0,14160.019030570984,0.1095
7.0,14161.020621299744,0.1095
7.0,14162.027384519577,0.1095
7.0,14164.034669876099,0.1095
7.0,14165.045556545258,0.1095
7.0,14166.052389621735,0.1093
7.0,14167.05904006958,0.1095
7.0,14168.065593481064,0.1095
7.0,14169.072355031967,0.1095
7.0,14170.084154605865,0.1095
7.0,14171.08557343483,0.1093
7.0,14172.092242717743,0.1095
7.0,14173.098937273026,0.1095
7.0,14174.105587482452,0.1095
7.0,14175.117523908615,0.1095
7.0,14176.13271689415,0.1095
7.0,14177.14447760582,0.1095
7.0,14178.151258468628,0.1095
7.0,14179.15755200386,0.1095
7.0,14180.164484739304,0.1095
7.0,14181.171252965927,0.1095
7.0,14182.185567617416,0.1095
7.0,14184.197596788406,0.1093
7.0,14185.213414669037,0.1059
7.0,14186.225027561188,0.1095
7.0,14187.235499620438,0.1095
7.0,14188.241441965103,0.1095
7.0,14189.242986440659,0.1095
7.0,14190.249414682388,0.1059
7.0,14191.260797023773,0.1103
7.0,14192.26764369011,0.1095
7.0,14193.280467033386,0.1103
7.0,14194.28732585907,0.11019999999999999
7.0,14195.299062252045,0.11019999999999999
7.0,14196.305567741394,0.11019999999999999
7.0,14197.320852279663,0.11019999999999999
7.0,14198.332850456238,0.11019999999999999
7.0,14199.348196983337,0.11019999999999999
7.0,14200.35990357399,0.11019999999999999
7.0,14201.377574443817,0.1103
7.0,14202.392684936523,0.1103
7.0,14204.405562877655,0.11019999999999999
7.0,14205.422788619995,0.1103
7.0,14206.429537057877,0.1103
7.0,14207.431102752686,0.1103
7.0,14208.437617063522,0.11019999999999999
7.0,14209.444344043732,0.1103
7.0,14210.456065654755,0.11019999999999999
7.0,14211.462805509567,0.1103
7.0,14212.469578742981,0.1103
7.0,14213.47625207901,0.1103
7.0,14214.482922554016,0.11019999999999999
7.0,14215.489566802979,0.11019999999999999
7.0,14216.49627161026,0.11019999999999999
7.0,14217.502597808838,0.11019999999999999
7.0,14218.513570785522,0.1103
7.0,14219.520354747772,0.1103
7.0,14220.527060985565,0.11019999999999999
7.0,14221.533626794815,0.1103
7.0,14222.545467615128,0.11019999999999999
7.0,14224.553428411484,0.11019999999999999
7.0,14225.560155630112,0.1103
7.0,14226.575870275497,0.1103
7.0,14227.58271741867,0.1103
7.0,14228.589568376541,0.11019999999999999
7.0,14229.596286058426,0.1103
7.0,14230.603202104568,0.11019999999999999
7.0,14231.614963293076,0.11019999999999999
7.0,14232.621588468552,0.1103
7.0,14233.628428459167,0.1103
7.0,14234.634303569794,0.11019999999999999
7.0,14235.641049146652,0.11019999999999999
7.0,14236.641753673553,0.11019999999999999
7.0,14237.643330574036,0.1103
7.0,14238.655096054077,0.1103
7.0,14239.66157245636,0.11019999999999999
7.0,14240.668332576752,0.11019999999999999
7.0,14241.674966812134,0.11019999999999999
7.0,14242.676526784897,0.11019999999999999
7.0,14244.67874455452,0.1103
7.0,14245.685508966446,0.11019999999999999
7.0,14246.70317029953,0.11019999999999999
7.0,14247.709604263306,0.11019999999999999
7.0,14248.716262817383,0.11019999999999999
7.0,14249.722985506058,0.11019999999999999
7.0,14250.729653835297,0.11019999999999999
7.0,14251.736497163773,0.1103
7.0,14252.752631425858,0.1103
7.0,14253.759285926819,0.1103
7.0,14254.760854005814,0.1103
7.0,14255.772558450699,0.1103
7.0,14256.77920794487,0.11019999999999999
7.0,14257.785693407059,0.1103
7.0,14258.797615289688,0.1146
7.0,14259.8043551445,0.1103
7.0,14260.816173791885,0.1146
7.0,14261.82792043686,0.1146
7.0,14263.840759515762,0.1146
7.0,14264.847393989563,0.1146
7.0,14265.853601932526,0.1146
7.0,14266.86023926735,0.1146
7.0,14267.866979837418,0.1146
7.0,14268.878724336624,0.1146
7.0,14269.885526657104,0.1146
7.0,14270.892297744751,0.1146
7.0,14271.899062633514,0.1146
7.0,14272.91079735756,0.1146
7.0,14273.917739868164,0.1146
7.0,14274.929630279541,0.1146
7.0,14275.936356544495,0.1146
7.0,14276.948094367981,0.1146
7.0,14277.959878444672,0.1146
7.0,14278.96631193161,0.1146
7.0,14279.973044157028,0.1146
7.0,14280.979753017426,0.1146
7.0,14281.985555887222,0.1146
7.0,14283.993526220322,0.1146
7.0,14285.000267267227,0.1146
7.0,14286.006912231445,0.1146
7.0,14287.013625860214,0.1146
7.0,14288.020405769348,0.1146
7.0,14289.027175426483,0.1146
7.0,14290.03352689743,0.1146
7.0,14291.040276765823,0.1146
7.0,14292.0470662117,0.1146
7.0,14293.053540945053,0.1146
7.0,14294.06537938118,0.1146
7.0,14295.077142477036,0.1146
7.0,14296.089008331299,0.1146
7.0,14297.103714227676,0.1146
7.0,14298.119951963425,0.1146
7.0,14299.126754045486,0.1146
7.0,14300.132742881775,0.1146
7.0,14301.139353275299,0.1146
7.0,14302.14558672905,0.1146
7.0,14304.15758395195,0.1146
7.0,14305.181872844696,0.1146
7.0,14306.209343671799,0.1146
7.0,14307.211939811707,0.1146
7.0,14308.225706338882,0.1146
7.0,14309.232754468918,0.1146
7.0,14310.248090028763,0.1146
7.0,14311.249531507492,0.1146
7.0,14312.250968456268,0.1146
7.0,14313.252596616745,0.1146
7.0,14314.254470348358,0.1146
7.0,14315.256681203842,0.1146
7.0,14316.259528398514,0.1146
7.0,14317.2618765831,0.1146
7.0,14318.264757156372,0.1146
7.0,14319.268244504929,0.1146
7.0,14320.271494626999,0.1146
7.0,14321.284765005112,0.1146
7.0,14322.297846317291,0.1146
7.0,14324.31189417839,0.1146
7.0,14325.315281867981,0.1146
7.0,14326.322222709656,0.1146
7.0,14327.334629297256,0.1146
7.0,14328.339886903763,0.1146
7.0,14329.353689670563,0.1146
7.0,14330.355984687805,0.1146
7.0,14331.358286380768,0.1146
7.0,14332.375536680222,0.1146
7.0,14333.379127025604,0.1146
7.0,14334.389435529709,0.1146
7.0,14335.390825748444,0.1146
7.0,14336.392235040665,0.1146
7.0,14337.393435955048,0.1146
7.0,14338.399983882904,0.1146
7.0,14339.409487009048,0.1146
7.0,14340.41620349884,0.1103
7.0,14341.422926187515,0.11019999999999999
7.0,14342.429564714432,0.1103
7.0,14344.432313203812,0.11019999999999999
7.0,14345.438966035843,0.1103
7.0,14346.445776939392,0.1103
7.0,14347.452554702759,0.1103
7.0,14348.459273338318,0.1103
7.0,14349.460819721222,0.1103
7.0,14350.461989402771,0.1103
7.0,14351.468759059906,0.1103
7.0,14352.480494976044,0.1103
7.0,14353.48710346222,0.11019999999999999
7.0,14354.493654966354,0.1103
7.0,14355.500395774841,0.11019999999999999
7.0,14356.512347698212,0.11019999999999999
7.0,14357.513600349426,0.1103
7.0,14358.529266119003,0.11019999999999999
7.0,14359.5409989357,0.1103
7.0,14360.556750535965,0.1103
7.0,14361.572400569916,0.1103
7.0,14362.588308811188,0.1103
7.0,14364.596140146255,0.1103
7.0,14365.602964401245,0.1103
7.0,14366.619610071182,0.1103
7.0,14367.62560915947,0.1103
7.0,14368.632442474365,0.11019999999999999
7.0,14369.639245033264,0.1103
7.0,14370.645563840866,0.11019999999999999
7.0,14371.657307863235,0.1103
7.0,14372.664157390594,0.11019999999999999
7.0,14373.670904397964,0.11019999999999999
7.0,14374.677570581436,0.1103
7.0,14375.684356689453,0.1103
7.0,14376.691123485565,0.1103
7.0,14377.697561264038,0.1103
7.0,14378.709536790848,0.11019999999999999
7.0,14379.721323490143,0.1103
7.0,14380.72809958458,0.11019999999999999
7.0,14381.734694719315,0.1103
7.0,14382.741462230682,0.1103
7.0,14384.749351024628,0.11019999999999999
7.0,14385.756105661392,0.11019999999999999
7.0,14386.762872457504,0.1103
7.0,14387.769656658173,0.1103
7.0,14388.785568475723,0.11019999999999999
7.0,14389.797302007675,0.1103
7.0,14390.813607931137,0.1103
7.0,14391.829646110535,0.11019999999999999
7.0,14392.845607042313,0.11019999999999999
7.0,14393.852300405502,0.1103
7.0,14394.86555147171,0.11019999999999999
7.0,14395.880796670914,0.11019999999999999
7.0,14396.89561867714,0.11019999999999999
7.0,14397.911351680756,0.11019999999999999
7.0,14398.92694067955,0.1103
7.0,14399.933596372604,0.1103
7.0,14400.94047498703,0.1103
7.0,14401.947304964066,0.11019999999999999
7.0,14402.953672170639,0.11019999999999999
7.0,14404.961520195007,0.11019999999999999
7.0,14405.963058710098,0.1103
7.0,14406.969627380371,0.11019999999999999
7.0,14407.976419687271,0.11019999999999999
7.0,14408.988159418106,0.1103
7.0,14409.994887590408,0.11019999999999999
7.0,14411.001567602158,0.11019999999999999
7.0,14412.00832605362,0.11019999999999999
7.0,14413.020097970963,0.11019999999999999
7.0,14414.026919841766,0.1103
7.0,14415.033565044403,0.11019999999999999
7.0,14416.040291786194,0.11019999999999999
7.0,14417.057097434998,0.1103
7.0,14418.068866491318,0.11019999999999999
7.0,14419.08049607277,0.1103
7.0,14420.087148666382,0.11019999999999999
7.0,14421.093575716019,0.11019999999999999
7.0,14422.1003677845,0.1103
7.0,14423.107089996338,0.1103
7.0,14425.114666461945,0.1103
7.0,14426.121424674988,0.1103
7.0,14427.13316321373,0.1103
7.0,14428.139958143234,0.1103
7.0,14429.14649105072,0.11019999999999999
7.0,14430.157601356506,0.1103
7.0,14431.16440153122,0.1103
7.0,14432.171168327332,0.1103
7.0,14433.172784090042,0.11019999999999999
7.0,14434.17947936058,0.11019999999999999
7.0,14435.185578346252,0.11019999999999999
7.0,14436.20054936409,0.11019999999999999
7.0,14437.218305110931,0.1103
7.0,14438.224956512451,0.1103
7.0,14439.22587966919,0.11019999999999999
7.0,14440.232789039612,0.1103
7.0,14441.233475208282,0.1103
7.0,14442.243948459625,0.11019999999999999
7.0,14443.255739927292,0.1103
7.0,14445.272131681442,0.1103
7.0,14446.283749103546,0.1103
7.0,14447.285322666168,0.11019999999999999
7.0,14448.296996355057,0.1103
7.0,14449.308786392212,0.1103
7.0,14450.320480823517,0.11019999999999999
7.0,14451.321606874466,0.1103
7.0,14452.333400249481,0.1103
7.0,14453.349092721939,0.1103
7.0,14454.360912322998,0.11019999999999999
7.0,14455.372644901276,0.1103
7.0,14456.384425640106,0.1103
7.0,14457.401134729385,0.1103
7.0,14458.407891273499,0.1103
7.0,14459.413543224335,0.1103
7.0,14460.420191764832,0.11019999999999999
7.0,14461.426985025406,0.1103
7.0,14462.442621469498,0.1103
7.0,14463.457541942596,0.11019999999999999
7.0,14465.469555139542,0.11019999999999999
7.0,14466.481348276138,0.1103
7.0,14467.488040924072,0.1103
7.0,14468.4947245121,0.1103
7.0,14469.501363992691,0.11019999999999999
7.0,14470.507998943329,0.11019999999999999
7.0,14471.523977994919,0.11019999999999999
7.0,14472.530845165253,0.1103
7.0,14473.537561893463,0.1103
7.0,14474.544417142868,0.11019999999999999
7.0,14475.556145906448,0.11019999999999999
7.0,14476.56300830841,0.11019999999999999
7.0,14477.569615125656,0.1103
7.0,14478.576350927353,0.1103
7.0,14479.583168029785,0.1103
7.0,14480.594939231873,0.11019999999999999
7.0,14481.601560592651,0.1103
7.0,14482.608377456665,0.1103
7.0,14483.60955286026,0.1103
7.0,14485.617336511612,0.11019999999999999
7.0,14486.624108791351,0.1103
7.0,14487.625574111938,0.1103
7.0,14488.63226366043,0.11019999999999999
7.0,14489.633561849594,0.11019999999999999
7.0,14490.640329122543,0.1103
7.0,14491.652148008347,0.1103
7.0,14492.663612604141,0.1103
7.0,14493.669572591782,0.1103
7.0,14494.685633897781,0.1103
7.0,14495.687199354172,0.1103
7.0,14496.693974971771,0.1103
7.0,14497.700725793839,0.1103
7.0,14498.70740365982,0.1103
7.0,14499.722860097885,0.1103
7.0,14500.729554891586,0.1103
7.0,14501.731158733368,0.11019999999999999
7.0,14502.742926597595,0.11019999999999999
7.0,14503.74958729744,0.1103
7.0,14505.75742650032,0.11019999999999999
7.0,14506.764106035233,0.11019999999999999
7.0,14507.770673036575,0.1103
7.0,14508.781607627869,0.1103
7.0,14509.783175468445,0.11019999999999999
7.0,14510.789552688599,0.11019999999999999
7.0,14511.796204090118,0.11019999999999999
7.0,14512.802889585495,0.11019999999999999
7.0,14513.809645175934,0.1103
7.0,14514.816516160965,0.11019999999999999
7.0,14515.823207616806,0.1103
7.0,14516.829562187195,0.1103
7.0,14517.836059093475,0.1103
7.0,14518.842660427094,0.11019999999999999
7.0,14519.849406719208,0.1103
7.0,14520.85606956482,0.1103
7.0,14521.862742185593,0.1103
7.0,14522.869435071945,0.11019999999999999
7.0,14523.876042842865,0.1103
7.0,14525.883874416351,0.1103
7.0,14526.900510787964,0.10679999999999999
7.0,14527.911729574203,0.10679999999999999
7.0,14528.917623519897,0.1103
7.0,14529.929416179657,0.1103
7.0,14530.936163187027,0.1103
7.0,14531.947961807251,0.11019999999999999
7.0,14532.959743499756,0.10679999999999999
7.0,14533.96132349968,0.11019999999999999
7.0,14534.973093032837,0.1103
7.0,14535.979391336441,0.11019999999999999
7.0,14536.985563993454,0.11019999999999999
7.0,14537.992401123047,0.1112
7.0,14538.99363064766,0.1103
7.0,14540.000457286835,0.10679999999999999
7.0,14541.007121801376,0.1103
7.0,14542.018989086151,0.10679999999999999
7.0,14543.02560043335,0.1112
7.0,14544.032346487045,0.11019999999999999
7.0,14546.045171022415,0.1112
7.0,14547.061341285706,0.10679999999999999
7.0,14548.068067789078,0.1112
7.0,14549.074677944183,0.1112
7.0,14550.081424951553,0.1103
7.0,14551.088277101517,0.1112
7.0,14552.095134019852,0.11019999999999999
7.0,14553.106857776642,0.1112
7.0,14554.118693828583,0.1112
7.0,14555.125468492508,0.1112
7.0,14556.132188081741,0.1112
7.0,14557.144018173218,0.1103
7.0,14558.150791883469,0.1112
7.0,14559.161594629288,0.1112
7.0,14560.17336320877,0.1112
7.0,14561.180087804794,0.1112
7.0,14562.186814785004,0.1112
7.0,14563.188387870789,0.1112
7.0,14564.199315547943,0.1112
7.0,14566.206652641296,0.1112
7.0,14567.23906826973,0.10679999999999999
7.0,14568.242959976196,0.1112
7.0,14569.266782045364,0.10679999999999999
7.0,14570.273119449615,0.1112
7.0,14571.288852453232,0.1112
7.0,14572.294162511826,0.1112
7.0,14573.308326244354,0.1112
7.0,14574.312314033508,0.1112
7.0,14575.314036607742,0.1112
7.0,14576.317537784576,0.1112
7.0,14577.32183790207,0.1112
7.0,14578.324184894562,0.1112
7.0,14579.33925819397,0.1112
7.0,14580.342759609222,0.1112
7.0,14581.383757591248,0.1112
7.0,14582.389448165894,0.1112
7.0,14583.393294095993,0.1112
7.0,14584.407304286957,0.1112
7.0,14586.409802913666,0.1112
7.0,14587.411754608154,0.1112
7.0,14588.414277553558,0.1112
7.0,14589.430793762207,0.1112
7.0,14590.433329105377,0.1112
7.0,14591.443259716034,0.1112
7.0,14592.453508853912,0.1112
7.0,14593.460227966309,0.1112
7.0,14594.46688914299,0.1112
7.0,14595.473562717438,0.1112
7.0,14596.48530125618,0.1112
7.0,14597.492034435272,0.1112
7.0,14598.503962039948,0.1112
7.0,14599.518615722656,0.1112
7.0,14600.520156621933,0.1112
7.0,14601.52660369873,0.1112
7.0,14602.541598320007,0.1112
7.0,14603.556879520416,0.1112
7.0,14604.563616275787,0.1112
7.0,14606.576529741287,0.1112
7.0,14607.583283185959,0.1112
7.0,14608.584861040115,0.1112
7.0,14609.59590601921,0.1112
7.0,14610.613515138626,0.1112
7.0,14611.620146036148,0.1112
7.0,14612.621592283249,0.1112
7.0,14613.628320217133,0.1112
7.0,14614.629614591599,0.1112
7.0,14615.636349439621,0.1112
7.0,14616.643072128296,0.1112
7.0,14617.657586336136,0.1112
7.0,14618.671764850616,0.1112
7.0,14619.688325881958,0.1112
7.0,14620.695098638535,0.1112
7.0,14621.701573848724,0.1112
7.0,14622.703229427338,0.1112
7.0,14623.714936971664,0.1112
7.0,14624.726659536362,0.1112
7.0,14626.733579397202,0.1112
7.0,14627.74039053917,0.1112
7.0,14628.741589546204,0.1112
7.0,14629.74824166298,0.1112
7.0,14630.755033016205,0.1112
7.0,14631.761675834656,0.1112
7.0,14632.768453598022,0.1112
7.0,14633.775208473206,0.1112
7.0,14634.781571388245,0.1112
7.0,14635.788386821747,0.1112
7.0,14636.803260326385,0.1112
7.0,14637.818886995316,0.1112
7.0,14638.8255777359,0.1112
7.0,14639.83237028122,0.1112
7.0,14640.839132547379,0.1112
7.0,14641.84566116333,0.1112
7.0,14642.852416038513,0.1112
7.0,14643.85904955864,0.1112
7.0,14644.865579605103,0.1112
7.0,14646.873479366302,0.1112
7.0,14647.880271196365,0.1112
7.0,14648.886968374252,0.1112
7.0,14649.893532276154,0.1112
7.0,14650.900250673294,0.1112
7.0,14651.90701007843,0.1112
7.0,14652.913589000702,0.1112
7.0,14653.920345544815,0.1112
7.0,14654.92700791359,0.1112
7.0,14655.93359208107,0.1112
7.0,14656.940458536148,0.1112
7.0,14657.947172164917,0.1112
7.0,14658.958909034729,0.1112
7.0,14659.970076322556,0.1112
7.0,14660.976825475693,0.1112
7.0,14661.988605737686,0.1112
7.0,14662.995312929153,0.1112
7.0,14664.001603126526,0.1112
7.0,14665.008290052414,0.1112
7.0,14667.010649204254,0.1112
7.0,14668.017493963242,0.1112
7.0,14669.029322862625,0.1112
7.0,14670.045212745667,0.1112
7.0,14671.060992717743,0.1112
7.0,14672.067724704742,0.1112
7.0,14673.073589801788,0.1112
7.0,14674.085414648056,0.1112
7.0,14675.092063903809,0.1112
7.0,14676.108139514923,0.1112
7.0,14677.119886159897,0.1112
7.0,14678.12655210495,0.1112
7.0,14679.137604475021,0.1112
7.0,14680.144441604614,0.1112
7.0,14681.151059627533,0.1112
7.0,14682.157454252243,0.1112
7.0,14683.169162511826,0.1112
7.0,14684.184792280197,0.1112
7.0,14685.19495177269,0.1112
7.0,14687.202684402466,0.1112
7.0,14688.213570594788,0.1112
7.0,14689.220287322998,0.1112
7.0,14690.226986169815,0.1112
7.0,14691.233613014221,0.1112
7.0,14692.240404844284,0.1112
7.0,14693.252165079117,0.1112
7.0,14694.258922338486,0.1112
7.0,14695.270661115646,0.1112
7.0,14696.287952423096,0.1112
7.0,14697.29474234581,0.1112
7.0,14698.301489114761,0.1112
7.0,14699.308229923248,0.1112
7.0,14700.323434591293,0.1112
7.0,14701.333446264267,0.1112
7.0,14702.334948062897,0.1112
0.0,14703.341622829437,0.1112
0.0,14704.348315477371,0.1112
0.0,14705.355027675629,0.1112
0.0,14707.362693548203,0.1112
0.0,14708.369350194931,0.11019999999999999
0.0,14709.37609219551,0.1095
0.0,14710.388038635254,0.1095
0.0,14711.394765615463,0.1093
0.0,14712.411498785019,0.1095
0.0,14713.428325414658,0.1095
0.0,14714.435076475143,0.1137
0.0,14715.441544055939,0.1137
0.0,14716.44826221466,0.1137
0.0,14717.455035209656,0.1093
0.0,14718.461545228958,0.10759999999999999
0.0,14719.468263864517,0.10679999999999999
0.0,14720.475046157837,0.1095
0.0,14721.486787557602,0.10339999999999999
0.0,14722.49356675148,0.1025
0.0,14723.500360012054,0.1008
0.0,14724.507042646408,0.09999999999999999
0.0,14725.508568763733,0.0983
0.0,14727.521525382996,0.09739999999999999
0.0,14728.528294324875,0.1008
0.0,14729.535047531128,0.1008
0.0,14730.541550397873,0.09659999999999999
0.0,14731.54827928543,0.09659999999999999
0.0,14732.55498623848,0.09659999999999999
0.0,14733.561570167542,0.09659999999999999
0.0,14734.568340301514,0.09659999999999999
0.0,14735.575160264969,0.0923
0.0,14736.576703310013,0.0957
0.0,14737.583411931992,0.0957
0.0,14738.589503288269,0.0991
0.0,14739.60120844841,0.09319999999999999
0.0,14740.612986564636,0.09659999999999999
0.0,14741.624702215195,0.09149999999999998
0.0,14742.636533498764,0.08979999999999999
0.0,14743.643280267715,0.0887
0.0,14744.654799461365,0.087
0.0,14745.661577701569,0.09059999999999999
0.0,14747.67357969284,0.08109999999999999
0.0,14748.685371398926,0.0803
0.0,14749.692128181458,0.0803
0.0,14750.698853969574,0.0803
0.0,14751.711392641068,0.0803
0.0,14752.717562437057,0.0803
0.0,14753.724272727966,0.0803
0.0,14754.741480827332,0.0803
0.0,14755.748350143433,0.0803
0.0,14756.755146980286,0.0803
0.0,14757.761679887772,0.0836
0.0,14758.768379211426,0.087
0.0,14759.775089740753,0.08199999999999999
0.0,14760.786842107773,0.076
0.0,14761.79864358902,0.0794
0.0,14762.8003013134,0.0786
0.0,14763.801617622375,0.0769
0.0,14764.803240060806,0.076
0.0,14765.804854393005,0.0752
0.0,14767.81256055832,0.0735
0.0,14768.824341535568,0.0735
0.0,14769.830998659134,0.0735
0.0,14770.83764219284,0.0735
0.0,14771.844391345978,0.06919999999999998
0.0,14772.856159448624,0.06919999999999998
0.0,14773.862963199615,0.0726
0.0,14774.869676828384,0.0726
0.0,14775.881291627884,0.0726
0.0,14776.893217802048,0.0726
0.0,14777.8999710083,0.06829999999999999
0.0,14778.906695604324,0.0752
0.0,14779.913430213928,0.0743
0.0,14780.920119047165,0.06919999999999998
0.0,14781.926857948303,0.06389999999999998
0.0,14782.933583974838,0.06649999999999999
0.0,14783.945349216461,0.06999999999999998
0.0,14784.961139678955,0.06479999999999998
0.0,14786.977578878403,0.05969999999999999
0.0,14787.989456653595,0.06309999999999999
0.0,14789.001443624496,0.06309999999999999
0.0,14790.05829501152,0.06309999999999999
0.0,14791.061820030212,0.06309999999999999
0.0,14792.06439447403,0.05879999999999999
0.0,14793.081091880798,0.05879999999999999
0.0,14794.089025735855,0.05879999999999999
0.0,14795.101837396622,0.05879999999999999
0.0,14796.106008291245,0.057999999999999996
0.0,14797.107907533646,0.057999999999999996
0.0,14798.111030101776,0.06559999999999999
0.0,14799.115961313248,0.0605
0.0,14800.118491888046,0.05539999999999999
0.0,14801.131612300873,0.0537
0.0,14802.135414361954,0.061399999999999996
0.0,14803.157004356384,0.05629999999999999
0.0,14804.16045498848,0.05539999999999999
0.0,14805.164129972458,0.050299999999999984
0.0,14807.18044924736,0.04849999999999999
0.0,14808.191096544266,0.048600000000000004
0.0,14809.203150987625,0.048600000000000004
0.0,14810.205492019653,0.048600000000000004
0.0,14811.207069635391,0.04780000000000001
0.0,14812.208656311035,0.04780000000000001
0.0,14813.210016727448,0.0476
0.0,14814.213156461716,0.0476
0.0,14815.214747428894,0.05199999999999999
0.0,14816.235295295715,0.05199999999999999
0.0,14817.237460136414,0.05199999999999999
0.0,14818.244050741196,0.051199999999999996
0.0,14819.250597953796,0.0461
0.0,14820.263230085373,0.03999999999999998
0.0,14821.269595384598,0.043399999999999994
0.0,14822.281445026398,0.04680000000000001
0.0,14823.288126945496,0.03739999999999999
0.0,14824.294823646545,0.03739999999999999
0.0,14825.301533460617,0.0451
0.0,14827.304228067398,0.0451
0.0,14828.316097736359,0.036599999999999994
0.0,14829.331735134125,0.03999999999999998
0.0,14830.337550878525,0.036599999999999994
0.0,14831.34951376915,0.03999999999999998
0.0,14832.361502885818,0.03999999999999998
0.0,14833.37746477127,0.03999999999999998
0.0,14834.384200811386,0.03999999999999998
0.0,14835.390926122665,0.03999999999999998
0.0,14836.39759850502,0.03999999999999998
0.0,14837.4042532444,0.03999999999999998
0.0,14838.41095161438,0.04419999999999999
0.0,14839.417563199997,0.04419999999999999
0.0,14840.42445731163,0.03999999999999998
0.0,14841.431167602539,0.03999999999999998
0.0,14842.437573194504,0.039099999999999996
0.0,14843.44960141182,0.039099999999999996
0.0,14844.456451654434,0.043399999999999994
0.0,14845.468278884888,0.040799999999999975
0.0,14847.489424705505,0.043399999999999994
