voltage,time,height
0.0,2.034571886062622,0.036599999999999994
0.0,3.0373620986938477,0.036599999999999994
0.0,4.044064283370972,0.036599999999999994
0.0,5.059474468231201,0.036599999999999994
0.0,6.065337181091309,0.036599999999999994
0.0,7.068833827972412,0.036599999999999994
0.0,8.073598623275757,0.036599999999999994
0.0,9.075747013092041,0.036599999999999994
0.0,10.09655499458313,0.036599999999999994
0.0,11.127352237701416,0.036599999999999994
0.0,12.135374307632446,0.036599999999999994
0.0,13.137869834899902,0.036599999999999994
0.0,14.140570640563965,0.036599999999999994
0.0,15.144266128540039,0.036599999999999994
0.0,16.15000081062317,0.036599999999999994
0.0,17.152512550354004,0.036599999999999994
0.0,18.154147624969482,0.036599999999999994
0.0,19.17566227912903,0.036599999999999994
0.0,20.195600271224976,0.036599999999999994
0.0,22.198023080825806,0.036599999999999994
0.0,23.204457998275757,0.036599999999999994
0.0,24.23115110397339,0.036599999999999994
0.0,25.232783555984497,0.036599999999999994
4.0,26.24453091621399,0.036599999999999994
4.0,27.27078676223755,0.036599999999999994
4.0,28.276963233947754,0.036599999999999994
4.0,29.28872513771057,0.036599999999999994
4.0,30.295517206192017,0.036599999999999994
4.0,31.30214524269104,0.036599999999999994
4.0,32.30896973609924,0.036599999999999994
4.0,33.315688610076904,0.036599999999999994
4.0,34.322468280792236,0.036599999999999994
4.0,35.3337984085083,0.036599999999999994
4.0,36.34008431434631,0.03739999999999999
4.0,37.35192060470581,0.039099999999999996
4.0,38.363686323165894,0.03999999999999998
4.0,39.37552309036255,0.04519999999999999
4.0,40.38227152824402,0.0461
4.0,42.38992691040039,0.03829999999999997
4.0,43.39649939537048,0.04780000000000001
4.0,44.40822720527649,0.04680000000000001
4.0,45.41993808746338,0.04780000000000001
4.0,46.4459969997406,0.04680000000000001
4.0,47.46706986427307,0.04100000000000001
4.0,48.49230241775513,0.0469
4.0,49.49895668029785,0.04350000000000001
4.0,50.50484490394592,0.04100000000000001
4.0,51.511513471603394,0.04100000000000001
4.0,52.518367528915405,0.044399999999999995
4.0,53.54419016838074,0.044399999999999995
4.0,54.55104088783264,0.0461
4.0,55.57925081253052,0.051199999999999996
4.0,56.604987144470215,0.05199999999999999
4.0,57.629059076309204,0.0529
4.0,58.635844230651855,0.0529
4.0,59.642497301101685,0.0529
4.0,60.64892792701721,0.0529
4.0,62.65628457069397,0.0529
4.0,63.67879676818848,0.0529
4.0,64.68509364128113,0.0529
4.0,65.69169449806213,0.0529
4.0,66.69835495948792,0.0529
4.0,67.70494174957275,0.0529
4.0,68.70648241043091,0.0529
4.0,69.7129328250885,0.0529
4.0,70.71967554092407,0.0529
4.0,71.73140954971313,0.0529
4.0,72.75676918029785,0.0529
4.0,73.7635509967804,0.0529
4.0,74.77016496658325,0.0529
4.0,75.77693462371826,0.048600000000000004
4.0,76.78281688690186,0.048099999999999976
4.0,77.79467964172363,0.05199999999999999
4.0,78.80633091926575,0.05199999999999999
4.0,79.83166670799255,0.04780000000000001
4.0,80.83298087120056,0.05199999999999999
4.0,82.86101698875427,0.04780000000000001
4.0,83.87280416488647,0.05629999999999999
4.0,84.87944984436035,0.04100000000000001
4.0,85.88534164428711,0.0469
4.0,86.94300365447998,0.05199999999999999
4.0,87.9648118019104,0.04680000000000001
4.0,88.97282099723816,0.05199999999999999
4.0,89.99689507484436,0.05199999999999999
4.0,91.00488948822021,0.05629999999999999
4.0,92.01289176940918,0.05199999999999999
4.0,93.02082395553589,0.05199999999999999
4.0,94.02900958061218,0.04780000000000001
4.0,95.03284192085266,0.05629999999999999
4.0,96.04086685180664,0.056499999999999995
4.0,97.06891322135925,0.05199999999999999
4.0,98.07836198806763,0.05199999999999999
4.0,99.08881282806396,0.05199999999999999
4.0,100.0968189239502,0.05199999999999999
4.0,101.10484576225281,0.05199999999999999
4.0,103.1128900051117,0.05199999999999999
4.0,104.12898111343384,0.05199999999999999
4.0,105.1419129371643,0.05199999999999999
4.0,106.1690046787262,0.04680000000000001
4.0,107.18339800834656,0.05199999999999999
4.0,108.24175453186035,0.05199999999999999
4.0,109.24660468101501,0.05199999999999999
4.0,110.2554337978363,0.05199999999999999
4.0,111.27266311645508,0.05199999999999999
4.0,112.28012418746948,0.05199999999999999
4.0,113.29072332382202,0.05199999999999999
4.0,114.30354690551758,0.05199999999999999
4.0,115.3092257976532,0.04780000000000001
4.0,116.31714606285095,0.052199999999999996
4.0,117.32131028175354,0.04780000000000001
4.0,118.32740020751953,0.04780000000000001
4.0,119.33281946182251,0.04350000000000001
4.0,120.36089134216309,0.04350000000000001
4.0,121.36892676353455,0.0469
4.0,123.38093447685242,0.0469
4.0,124.3909797668457,0.051199999999999996
4.0,125.40491962432861,0.046599999999999975
4.0,126.41294932365417,0.04780000000000001
4.0,127.4210216999054,0.04680000000000001
4.0,128.42893028259277,0.04680000000000001
4.0,129.43694019317627,0.04680000000000001
4.0,130.44495153427124,0.04100000000000001
4.0,131.45293426513672,0.04780000000000001
4.0,132.4809284210205,0.04680000000000001
4.0,133.4889576435089,0.051199999999999996
4.0,134.4969699382782,0.051199999999999996
4.0,135.5049638748169,0.04780000000000001
4.0,136.53474950790405,0.0469
4.0,137.55069208145142,0.0469
4.0,138.56092977523804,0.0469
4.0,139.56896805763245,0.0469
4.0,140.57697343826294,0.051199999999999996
4.0,141.58485388755798,0.051199999999999996
4.0,143.649099111557,0.051199999999999996
4.0,144.6562979221344,0.051199999999999996
4.0,145.66249632835388,0.051199999999999996
4.0,146.6700782775879,0.05559999999999998
4.0,147.69370579719543,0.046599999999999975
4.0,148.6985137462616,0.05559999999999998
4.0,149.7072458267212,0.051199999999999996
4.0,150.717187166214,0.046599999999999975
4.0,151.72302412986755,0.051199999999999996
4.0,152.72789525985718,0.046599999999999975
4.0,153.7359972000122,0.051199999999999996
4.0,154.74181294441223,0.051199999999999996
4.0,155.74647903442383,0.051199999999999996
4.0,156.75005984306335,0.051199999999999996
4.0,157.75411248207092,0.0469
4.0,158.75936365127563,0.0469
4.0,159.7654731273651,0.051199999999999996
4.0,160.76907992362976,0.051199999999999996
4.0,161.78480410575867,0.051199999999999996
4.0,163.81693530082703,0.051199999999999996
4.0,164.83986401557922,0.051199999999999996
4.0,165.84898900985718,0.051199999999999996
4.0,166.85824131965637,0.051199999999999996
4.0,167.86892414093018,0.051199999999999996
4.0,168.90096497535706,0.051199999999999996
4.0,169.9089479446411,0.051199999999999996
4.0,170.91700315475464,0.051199999999999996
4.0,171.9290008544922,0.051199999999999996
4.0,172.93697929382324,0.051199999999999996
4.0,173.94493699073792,0.051199999999999996
4.0,174.9529161453247,0.051199999999999996
4.0,175.96479678153992,0.051199999999999996
4.0,176.9728126525879,0.051199999999999996
4.0,177.98082733154297,0.051199999999999996
4.0,179.0089168548584,0.051199999999999996
4.0,180.01697492599487,0.051199999999999996
4.0,181.03299403190613,0.051199999999999996
4.0,182.04494333267212,0.051199999999999996
4.0,184.05679869651794,0.051199999999999996
4.0,185.0869812965393,0.051199999999999996
4.0,186.10255908966064,0.051199999999999996
4.0,187.112943649292,0.051199999999999996
4.0,188.1208188533783,0.051199999999999996
4.0,189.1489772796631,0.051199999999999996
4.0,190.16093754768372,0.04680000000000001
4.0,191.1689920425415,0.051199999999999996
4.0,192.177006483078,0.051199999999999996
4.0,193.1849627494812,0.051199999999999996
4.0,194.192791223526,0.051199999999999996
4.0,195.22095322608948,0.0469
4.0,196.24902606010437,0.051199999999999996
4.0,197.2689664363861,0.051199999999999996
4.0,198.27696299552917,0.0469
4.0,199.28786969184875,0.0469
4.0,200.2975208759308,0.051199999999999996
4.0,201.30495166778564,0.051199999999999996
4.0,202.31293511390686,0.051199999999999996
4.0,204.324786901474,0.051199999999999996
4.0,205.3501307964325,0.0469
4.0,206.36495304107666,0.04680000000000001
4.0,207.38074803352356,0.04680000000000001
4.0,208.3888235092163,0.051199999999999996
4.0,209.3969624042511,0.04680000000000001
4.0,210.4048204421997,0.051199999999999996
4.0,211.41294813156128,0.046599999999999975
4.0,212.4208106994629,0.046599999999999975
4.0,213.44493794441223,0.051199999999999996
4.0,214.45279121398926,0.0469
4.0,215.48099374771118,0.051199999999999996
4.0,216.48894500732422,0.0469
4.0,217.49697995185852,0.0461
4.0,218.50483918190002,0.0469
4.0,219.51303100585938,0.0469
4.0,220.52172827720642,0.0461
4.0,221.55310344696045,0.0469
4.0,222.58093237876892,0.0469
4.0,224.5969398021698,0.0461
4.0,225.60365867614746,0.0461
6.0,226.6101372241974,0.03839999999999999
6.0,227.62095475196838,0.046599999999999975
6.0,228.64627313613892,0.0461
6.0,229.6580491065979,0.04680000000000001
6.0,230.66468453407288,0.04680000000000001
6.0,231.6765170097351,0.04680000000000001
6.0,232.70431923866272,0.03839999999999999
6.0,233.71097898483276,0.0461
6.0,234.71710801124573,0.04519999999999999
6.0,235.7427113056183,0.0461
6.0,236.74889087677002,0.0461
6.0,237.7606110572815,0.051199999999999996
6.0,238.76729226112366,0.04780000000000001
6.0,239.82640266418457,0.05629999999999999
6.0,240.8432240486145,0.048099999999999976
6.0,241.85063767433167,0.0529
6.0,242.85801649093628,0.0537
6.0,244.863454580307,0.0537
6.0,245.86606669425964,0.0537
6.0,246.87033891677856,0.050299999999999984
6.0,247.87295413017273,0.050299999999999984
6.0,248.89290618896484,0.050299999999999984
6.0,249.89958381652832,0.050299999999999984
6.0,250.90620398521423,0.050299999999999984
6.0,251.9077446460724,0.050299999999999984
6.0,252.90897846221924,0.054599999999999996
6.0,253.91561198234558,0.05479999999999999
6.0,254.93969702720642,0.054599999999999996
6.0,255.9463233947754,0.04930000000000001
6.0,256.9529330730438,0.051199999999999996
6.0,257.9597759246826,0.05559999999999998
6.0,258.96627736091614,0.05199999999999999
6.0,259.97820377349854,0.05629999999999999
6.0,260.9849479198456,0.0529
6.0,261.9865050315857,0.05729999999999999
6.0,262.9929709434509,0.0529
6.0,265.00081062316895,0.0537
6.0,266.00750946998596,0.057999999999999996
6.0,267.0141680240631,0.057999999999999996
6.0,268.0209312438965,0.057999999999999996
6.0,269.0277132987976,0.05819999999999999
6.0,270.0345175266266,0.05819999999999999
6.0,271.04095554351807,0.0537
6.0,272.0425567626953,0.05819999999999999
6.0,273.0489616394043,0.05819999999999999
6.0,274.0608971118927,0.05819999999999999
6.0,275.0869207382202,0.057999999999999996
6.0,276.0929431915283,0.054599999999999996
6.0,277.0996651649475,0.05899999999999998
6.0,278.13717007637024,0.05539999999999999
6.0,279.1440453529358,0.05989999999999998
6.0,280.14970111846924,0.05539999999999999
6.0,281.15215277671814,0.05629999999999999
6.0,282.1663296222687,0.06489999999999999
6.0,283.1845347881317,0.06069999999999999
6.0,285.18849325180054,0.061499999999999985
6.0,286.19500279426575,0.061499999999999985
6.0,287.19647312164307,0.061499999999999985
6.0,288.2029457092285,0.061499999999999985
6.0,289.2088294029236,0.06579999999999998
6.0,290.2209289073944,0.061499999999999985
6.0,291.2224793434143,0.061499999999999985
6.0,292.2289328575134,0.061499999999999985
6.0,293.24069237709045,0.06579999999999998
6.0,294.24772930145264,0.06579999999999998
6.0,295.25437688827515,0.05729999999999999
6.0,296.25596046447754,0.057999999999999996
6.0,297.2626533508301,0.06239999999999998
6.0,298.2689805030823,0.05819999999999999
6.0,299.27571964263916,0.06319999999999999
6.0,300.2820463180542,0.06319999999999999
6.0,301.2887976169586,0.05969999999999999
6.0,302.2956008911133,0.06409999999999999
6.0,303.30233883857727,0.06409999999999999
6.0,305.31005358695984,0.05989999999999998
6.0,306.3167004585266,0.06069999999999999
6.0,307.323379278183,0.06069999999999999
6.0,308.3351147174835,0.06069999999999999
6.0,309.3419740200043,0.06489999999999999
6.0,310.34877610206604,0.06489999999999999
6.0,311.35539627075195,0.06489999999999999
6.0,312.36215806007385,0.06489999999999999
6.0,313.3689467906952,0.06489999999999999
6.0,314.3758087158203,0.06489999999999999
6.0,315.38214683532715,0.06489999999999999
6.0,316.38891530036926,0.06919999999999998
6.0,317.39560294151306,0.06069999999999999
6.0,318.4074776172638,0.06579999999999998
6.0,319.4142003059387,0.061499999999999985
6.0,320.4249448776245,0.057999999999999996
6.0,321.4265103340149,0.06219999999999999
6.0,322.4281837940216,0.06659999999999999
6.0,323.42894220352173,0.06239999999999998
6.0,325.4368088245392,0.06319999999999999
6.0,326.44367241859436,0.06749999999999999
6.0,327.45010685920715,0.06749999999999999
6.0,328.4618670940399,0.06749999999999999
6.0,329.4686212539673,0.06749999999999999
6.0,330.47544169425964,0.06749999999999999
6.0,331.48216819763184,0.06749999999999999
6.0,332.4889464378357,0.06749999999999999
6.0,333.4953336715698,0.06749999999999999
6.0,334.50715589523315,0.06749999999999999
6.0,335.51398730278015,0.06749999999999999
6.0,336.52508425712585,0.05989999999999998
6.0,337.5312533378601,0.06829999999999999
6.0,338.5379662513733,0.06829999999999999
6.0,339.54476618766785,0.06829999999999999
6.0,340.5712504386902,0.06489999999999999
6.0,341.5969886779785,0.06919999999999998
6.0,342.60361218452454,0.06919999999999998
6.0,344.61145424842834,0.06919999999999998
6.0,345.64136362075806,0.06579999999999998
6.0,346.6429088115692,0.06489999999999999
6.0,347.64896726608276,0.06579999999999998
6.0,348.6607654094696,0.061499999999999985
6.0,349.66746497154236,0.06489999999999999
6.0,350.6742367744446,0.06579999999999998
6.0,351.6809883117676,0.06579999999999998
6.0,352.7028453350067,0.06919999999999998
6.0,353.7089502811432,0.06579999999999998
6.0,354.71562004089355,0.06579999999999998
6.0,355.7274830341339,0.06999999999999998
6.0,356.74717259407043,0.06999999999999998
6.0,357.77460956573486,0.0743
6.0,358.7809410095215,0.06659999999999999
6.0,359.7927415370941,0.07089999999999998
6.0,360.79940390586853,0.07089999999999998
6.0,361.8060050010681,0.06659999999999999
6.0,362.812659740448,0.06749999999999999
6.0,364.8203794956207,0.07169999999999999
6.0,365.8210310935974,0.07169999999999999
6.0,366.827752828598,0.07169999999999999
6.0,367.83438992500305,0.06749999999999999
6.0,368.83589696884155,0.07169999999999999
6.0,369.8476836681366,0.07169999999999999
6.0,370.8749830722809,0.07169999999999999
6.0,371.88090419769287,0.07169999999999999
6.0,372.8876235485077,0.07169999999999999
6.0,373.8943622112274,0.06749999999999999
6.0,374.9009618759155,0.07169999999999999
6.0,375.9068877696991,0.06749999999999999
6.0,376.93294739723206,0.06829999999999999
6.0,377.9397249221802,0.0726
6.0,378.9464735984802,0.0726
6.0,379.9529354572296,0.06829999999999999
6.0,380.9597895145416,0.06919999999999998
6.0,381.9664695262909,0.0735
6.0,382.9729838371277,0.0735
6.0,384.9809060096741,0.07769999999999999
6.0,385.9877116680145,0.0735
6.0,386.99455285072327,0.06919999999999998
6.0,388.00089740753174,0.0735
6.0,389.00761914253235,0.06919999999999998
6.0,390.0142865180969,0.0735
6.0,391.0259997844696,0.06919999999999998
6.0,392.0327842235565,0.06919999999999998
6.0,393.0395131111145,0.06919999999999998
6.0,394.04626536369324,0.06919999999999998
6.0,395.04783034324646,0.0735
6.0,396.0544376373291,0.06999999999999998
6.0,397.06094098091125,0.0743
6.0,398.0677089691162,0.0743
6.0,399.0745584964752,0.06999999999999998
6.0,400.08090233802795,0.06999999999999998
6.0,401.09264492988586,0.07089999999999998
6.0,402.1044285297394,0.0752
6.0,403.1161730289459,0.0752
6.0,405.12893772125244,0.0752
6.0,406.1356317996979,0.07089999999999998
6.0,407.1370394229889,0.07089999999999998
6.0,408.14371514320374,0.07089999999999998
6.0,409.1449456214905,0.07089999999999998
6.0,410.1567704677582,0.06749999999999999
6.0,411.16342067718506,0.07089999999999998
6.0,412.17515873908997,0.07089999999999998
6.0,413.1767430305481,0.07089999999999998
6.0,414.18340253829956,0.07089999999999998
6.0,415.2100751399994,0.07089999999999998
6.0,416.2169704437256,0.07169999999999999
6.0,417.27490735054016,0.076
6.0,418.28165459632874,0.076
6.0,419.29466485977173,0.07169999999999999
6.0,420.29854011535645,0.0726
6.0,421.30502700805664,0.0726
6.0,422.30876994132996,0.0769
6.0,423.3122344017029,0.0769
6.0,425.31547451019287,0.0769
6.0,426.3169720172882,0.0726
6.0,427.3193383216858,0.0726
6.0,428.3219497203827,0.0726
6.0,429.3237602710724,0.0726
6.0,430.33025574684143,0.0726
6.0,431.3392050266266,0.0726
6.0,432.3426387310028,0.0769
6.0,433.34886145591736,0.0726
6.0,434.3555600643158,0.0726
6.0,435.3674101829529,0.0735
6.0,436.3741810321808,0.07769999999999999
6.0,437.38094997406006,0.07769999999999999
6.0,438.3876304626465,0.07769999999999999
6.0,439.38892936706543,0.07769999999999999
6.0,440.3955900669098,0.0743
6.0,441.4022500514984,0.0743
6.0,443.4100914001465,0.0786
6.0,444.4359586238861,0.0786
6.0,445.4427728652954,0.0786
6.0,446.44892501831055,0.07869999999999999
6.0,447.45565390586853,0.0786
6.0,448.46167159080505,0.0786
6.0,449.46836590766907,0.0786
6.0,450.4749984741211,0.0786
6.0,451.4809799194336,0.0786
6.0,452.4877026081085,0.0786
6.0,453.4995627403259,0.0786
6.0,454.50623750686646,0.0828
6.0,455.51299238204956,0.0786
6.0,456.5197892189026,0.07089999999999998
6.0,457.531525850296,0.0752
6.0,458.5381896495819,0.0794
6.0,459.5398004055023,0.0794
6.0,460.546368598938,0.0794
6.0,461.558057308197,0.0794
6.0,463.5650475025177,0.0752
6.0,464.5710778236389,0.076
6.0,465.57698798179626,0.076
6.0,466.58322072029114,0.076
6.0,467.5848491191864,0.076
6.0,468.59163546562195,0.076
6.0,469.59837198257446,0.076
6.0,470.62692952156067,0.076
6.0,471.6387939453125,0.076
6.0,472.6449353694916,0.076
6.0,473.6514992713928,0.076
6.0,474.6579689979553,0.0803
6.0,475.68685960769653,0.0803
6.0,476.6929702758789,0.0803
6.0,477.6995828151703,0.0803
6.0,478.7143294811249,0.076
6.0,479.71574783325195,0.0769
6.0,480.73693680763245,0.0769
6.0,481.7716906070709,0.08109999999999999
6.0,483.78034496307373,0.08109999999999999
6.0,484.8012115955353,0.08109999999999999
6.0,485.813556432724,0.08109999999999999
6.0,486.8162624835968,0.08109999999999999
6.0,487.818106174469,0.08109999999999999
6.0,488.82006216049194,0.08109999999999999
6.0,489.8401737213135,0.08109999999999999
6.0,490.8529050350189,0.08109999999999999
6.0,491.8594925403595,0.08109999999999999
6.0,492.88507556915283,0.08109999999999999
6.0,493.8967490196228,0.08109999999999999
6.0,494.9033627510071,0.08109999999999999
6.0,495.9101026058197,0.0769
6.0,496.93069863319397,0.07769999999999999
6.0,497.9368989467621,0.08209999999999999
6.0,498.9580888748169,0.08209999999999999
6.0,499.96467757225037,0.08209999999999999
6.0,500.99011969566345,0.08379999999999999
6.0,501.9967646598816,0.08199999999999999
6.0,504.0044584274292,0.08209999999999999
6.0,505.0166594982147,0.08209999999999999
6.0,506.0234160423279,0.07769999999999999
6.0,507.03008913993835,0.08199999999999999
6.0,508.03676104545593,0.07769999999999999
6.0,509.0434219837189,0.08209999999999999
6.0,510.0501368045807,0.0786
6.0,511.0609042644501,0.08209999999999999
6.0,512.0625324249268,0.08209999999999999
6.0,513.0742783546448,0.0786
6.0,514.0809798240662,0.07769999999999999
6.0,515.0877406597137,0.0786
6.0,516.0943870544434,0.0828
6.0,517.1053676605225,0.0828
6.0,518.1121826171875,0.08299999999999999
6.0,519.1393401622772,0.08719999999999999
6.0,520.1511595249176,0.0828
6.0,521.1569311618805,0.0828
6.0,522.1636471748352,0.0786
6.0,524.190025806427,0.0794
6.0,525.204169511795,0.0794
6.0,526.210866689682,0.0836
6.0,527.2225768566132,0.0794
6.0,528.2289605140686,0.0836
6.0,529.2409365177155,0.0794
6.0,530.247644662857,0.0794
6.0,531.2541871070862,0.0836
6.0,532.2608499526978,0.0794
6.0,533.2728517055511,0.0794
6.0,534.284722328186,0.0836
6.0,535.2914199829102,0.0836
6.0,536.2981374263763,0.0794
6.0,537.3049325942993,0.0836
6.0,538.3117196559906,0.0836
6.0,539.3263006210327,0.0794
6.0,540.3379118442535,0.0803
6.0,541.3519175052643,0.0803
6.0,542.3670272827148,0.0804
6.0,544.3798742294312,0.0803
6.0,545.3935394287109,0.0803
6.0,546.4002659320831,0.0803
6.0,547.4069335460663,0.0803
6.0,548.4186234474182,0.0803
6.0,549.4295630455017,0.0803
6.0,550.4409198760986,0.0803
6.0,551.4476747512817,0.0803
6.0,552.4543316364288,0.0803
6.0,553.4609858989716,0.0803
6.0,554.4727227687836,0.0804
6.0,555.4794299602509,0.0803
6.0,556.4862222671509,0.0803
6.0,557.4929237365723,0.0803
6.0,558.4995677471161,0.0803
6.0,559.5089886188507,0.08109999999999999
6.0,560.520720243454,0.08109999999999999
6.0,561.5357925891876,0.08109999999999999
6.0,562.5426013469696,0.08109999999999999
6.0,564.5448951721191,0.08109999999999999
6.0,565.5606963634491,0.0813
6.0,566.5672969818115,0.0813
6.0,567.5740389823914,0.08109999999999999
6.0,568.5755662918091,0.0813
6.0,569.5822839736938,0.08109999999999999
6.0,570.5839104652405,0.08109999999999999
6.0,571.5957767963409,0.08109999999999999
6.0,572.6074831485748,0.08109999999999999
6.0,573.6089038848877,0.08109999999999999
6.0,574.6155948638916,0.08109999999999999
6.0,575.622255563736,0.08109999999999999
6.0,576.6289336681366,0.08109999999999999
6.0,577.6356425285339,0.08109999999999999
6.0,578.6369309425354,0.08109999999999999
6.0,579.6436178684235,0.08199999999999999
6.0,580.6503508090973,0.08199999999999999
6.0,581.662013053894,0.0836
6.0,582.6729185581207,0.08209999999999999
6.0,584.6849400997162,0.0836
6.0,585.6916790008545,0.0836
6.0,586.6984369754791,0.0836
6.0,587.7049112319946,0.0836
6.0,588.7064373493195,0.08209999999999999
6.0,589.7129306793213,0.0836
6.0,590.7144916057587,0.08199999999999999
6.0,591.7262375354767,0.08379999999999999
6.0,592.737943649292,0.0836
6.0,593.74476146698,0.08209999999999999
6.0,594.7566187381744,0.09059999999999999
6.0,595.7632892131805,0.09059999999999999
6.0,596.7751958370209,0.09059999999999999
6.0,597.7809407711029,0.0836
6.0,598.7876825332642,0.08209999999999999
6.0,599.794492483139,0.0836
6.0,600.8009262084961,0.0828
6.0,601.8077845573425,0.0828
6.0,602.814466714859,0.08719999999999999
6.0,604.822046995163,0.08719999999999999
6.0,605.8288941383362,0.08719999999999999
6.0,606.8356096744537,0.087
6.0,607.8423964977264,0.08719999999999999
6.0,608.8579711914062,0.08719999999999999
6.0,609.8644654750824,0.08719999999999999
6.0,610.8763675689697,0.087
6.0,611.8831202983856,0.08719999999999999
6.0,612.8889489173889,0.08719999999999999
6.0,613.8957405090332,0.087
6.0,614.9074623584747,0.08719999999999999
6.0,615.9140768051147,0.09149999999999998
6.0,616.920770406723,0.09149999999999998
6.0,617.9275460243225,0.09149999999999998
6.0,618.9393298625946,0.09149999999999998
6.0,619.9460291862488,0.087
6.0,620.9527158737183,0.08719999999999999
6.0,621.9595530033112,0.0828
6.0,622.9662137031555,0.0836
6.0,624.9740107059479,0.0828
6.0,625.9808490276337,0.0794
6.0,626.9926719665527,0.08809999999999998
6.0,627.9994304180145,0.08809999999999998
6.0,629.0062384605408,0.08809999999999998
6.0,630.0129201412201,0.08809999999999998
6.0,631.0196561813354,0.08809999999999998
6.0,632.0262672901154,0.08809999999999998
6.0,633.0380275249481,0.08809999999999998
6.0,634.0448577404022,0.08809999999999998
6.0,635.0515785217285,0.08809999999999998
6.0,636.0582983493805,0.08809999999999998
6.0,637.0649325847626,0.08809999999999998
6.0,638.0717189311981,0.08809999999999998
6.0,639.0785160064697,0.08809999999999998
6.0,640.0849289894104,0.08809999999999998
6.0,641.0918371677399,0.0923
6.0,642.1037068367004,0.08809999999999998
6.0,643.1049892902374,0.08809999999999998
6.0,645.1077115535736,0.0803
6.0,646.1089067459106,0.0836
6.0,647.1155486106873,0.0836
6.0,648.1222634315491,0.0803
6.0,649.1289143562317,0.0836
6.0,650.1357371807098,0.0803
6.0,651.1423397064209,0.0836
6.0,652.1489279270172,0.0803
6.0,653.1555726528168,0.0803
6.0,654.1623017787933,0.0803
6.0,655.1769371032715,0.0836
6.0,656.1834061145782,0.0803
6.0,657.1951818466187,0.08889999999999999
6.0,658.2047836780548,0.08889999999999999
6.0,659.2188382148743,0.08889999999999999
6.0,660.2329702377319,0.08889999999999999
6.0,661.274186372757,0.08889999999999999
6.0,662.2814304828644,0.08889999999999999
6.0,664.2995810508728,0.08889999999999999
6.0,665.3088700771332,0.08889999999999999
6.0,666.3119833469391,0.08889999999999999
6.0,667.3138740062714,0.08889999999999999
6.0,668.3178703784943,0.08889999999999999
6.0,669.3205072879791,0.08889999999999999
6.0,670.3264064788818,0.08889999999999999
6.0,671.3365004062653,0.08889999999999999
6.0,672.343101978302,0.08889999999999999
6.0,673.3639004230499,0.08889999999999999
6.0,674.3889534473419,0.08889999999999999
6.0,675.4397070407867,0.08109999999999999
6.0,676.4475729465485,0.08109999999999999
6.0,677.4626095294952,0.08109999999999999
6.0,678.4687728881836,0.08109999999999999
6.0,679.4722421169281,0.08109999999999999
6.0,680.4731750488281,0.08109999999999999
6.0,681.4749343395233,0.08979999999999999
6.0,682.4765162467957,0.08979999999999999
6.0,684.4831249713898,0.08979999999999999
6.0,685.4858388900757,0.08979999999999999
6.0,686.4874455928802,0.08979999999999999
6.0,687.4888942241669,0.08979999999999999
6.0,688.5148687362671,0.08979999999999999
6.0,689.5209214687347,0.08979999999999999
6.0,690.5276300907135,0.08979999999999999
6.0,691.534227848053,0.08979999999999999
6.0,692.5409760475159,0.08979999999999999
6.0,693.5476243495941,0.08979999999999999
6.0,694.548995256424,0.08979999999999999
6.0,695.5556795597076,0.08979999999999999
6.0,696.5624585151672,0.08979999999999999
6.0,697.5689532756805,0.08979999999999999
6.0,698.5756282806396,0.08979999999999999
6.0,699.5873222351074,0.08979999999999999
6.0,700.5940492153168,0.08979999999999999
6.0,701.605908870697,0.08199999999999999
6.0,702.6127686500549,0.08209999999999999
6.0,704.6206429004669,0.08199999999999999
6.0,705.6266832351685,0.08199999999999999
6.0,706.638480424881,0.0836
6.0,707.6449534893036,0.08199999999999999
6.0,708.6516222953796,0.0836
6.0,709.6633358001709,0.08199999999999999
6.0,710.6750502586365,0.0836
6.0,711.68678855896,0.0836
6.0,712.6929788589478,0.08199999999999999
6.0,713.6996858119965,0.0836
6.0,714.7112493515015,0.08199999999999999
6.0,715.7169854640961,0.0836
6.0,716.7287383079529,0.08209999999999999
6.0,717.7405350208282,0.0836
6.0,718.7472121715546,0.09059999999999999
6.0,719.748782157898,0.09059999999999999
6.0,720.7555725574493,0.09059999999999999
6.0,721.7674670219421,0.09059999999999999
6.0,722.7689120769501,0.09059999999999999
6.0,724.7764625549316,0.09059999999999999
6.0,725.7881910800934,0.09059999999999999
6.0,726.7890057563782,0.09059999999999999
6.0,727.8009400367737,0.09059999999999999
6.0,728.8075966835022,0.09489999999999998
6.0,729.8192734718323,0.09059999999999999
6.0,730.8310053348541,0.09489999999999998
6.0,731.8369116783142,0.09489999999999998
6.0,732.843542098999,0.09489999999999998
6.0,733.8503255844116,0.09489999999999998
6.0,734.8621232509613,0.09489999999999998
6.0,735.8688986301422,0.09489999999999998
6.0,736.875862121582,0.09489999999999998
6.0,737.8825681209564,0.09489999999999998
6.0,738.8841335773468,0.09059999999999999
6.0,739.8958098888397,0.09059999999999999
6.0,740.8968193531036,0.09059999999999999
6.0,741.9034039974213,0.09059999999999999
6.0,742.9101030826569,0.09059999999999999
6.0,744.922012090683,0.08719999999999999
6.0,745.9287073612213,0.08719999999999999
6.0,746.9404819011688,0.087
6.0,747.947149515152,0.087
6.0,748.9529588222504,0.087
6.0,749.9596371650696,0.087
6.0,750.9709243774414,0.087
6.0,751.9826505184174,0.087
6.0,752.9889342784882,0.08719999999999999
6.0,753.9901707172394,0.08719999999999999
6.0,755.0020258426666,0.08719999999999999
6.0,756.0087752342224,0.08719999999999999
6.0,757.015508890152,0.08719999999999999
6.0,758.0222871303558,0.08719999999999999
6.0,759.0340054035187,0.09149999999999998
6.0,760.0406565666199,0.09149999999999998
6.0,761.0503628253937,0.09149999999999998
6.0,762.0568840503693,0.09149999999999998
6.0,763.0707864761353,0.09149999999999998
6.0,765.0836880207062,0.09149999999999998
6.0,766.090362071991,0.09149999999999998
6.0,767.1058220863342,0.0957
6.0,768.120934009552,0.09149999999999998
6.0,769.1276233196259,0.0957
6.0,770.1342930793762,0.0957
6.0,771.1409096717834,0.09149999999999998
6.0,772.1477708816528,0.0957
6.0,773.1545610427856,0.0957
6.0,774.1664664745331,0.0957
6.0,775.1729824542999,0.0957
6.0,776.179671049118,0.0957
6.0,777.1864058971405,0.0957
6.0,778.1981463432312,0.0957
6.0,779.2049171924591,0.0957
6.0,780.216682434082,0.0957
6.0,781.2284188270569,0.0957
6.0,782.2351126670837,0.09149999999999998
6.0,783.2409658432007,0.09149999999999998
6.0,785.2488486766815,0.09149999999999998
6.0,786.2556080818176,0.09149999999999998
6.0,787.2622489929199,0.09149999999999998
6.0,788.2739863395691,0.09149999999999998
6.0,789.2807493209839,0.09149999999999998
6.0,790.287517786026,0.09149999999999998
6.0,791.2993698120117,0.09149999999999998
6.0,792.306054353714,0.09149999999999998
6.0,793.3169722557068,0.09149999999999998
6.0,794.3236780166626,0.09149999999999998
6.0,795.3303196430206,0.09149999999999998
6.0,796.3369274139404,0.09149999999999998
6.0,797.3437814712524,0.09149999999999998
6.0,798.3449862003326,0.08809999999999998
6.0,799.3517272472382,0.08809999999999998
6.0,800.3584296703339,0.08809999999999998
6.0,801.3701505661011,0.08809999999999998
6.0,802.3769028186798,0.08809999999999998
6.0,803.3834419250488,0.0923
6.0,805.3912065029144,0.0923
6.0,806.4029211997986,0.0923
6.0,807.4098000526428,0.0923
6.0,808.4165835380554,0.0923
6.0,809.4289011955261,0.0923
6.0,810.4356441497803,0.0923
6.0,811.4424779415131,0.0923
6.0,812.4489798545837,0.0923
6.0,813.4556224346161,0.0923
6.0,814.4802875518799,0.0923
6.0,815.4870474338531,0.0923
6.0,816.4929702281952,0.0923
6.0,817.4996049404144,0.0923
6.0,818.5009200572968,0.0923
6.0,819.5126929283142,0.0923
6.0,820.5194697380066,0.0923
6.0,821.5311920642853,0.0923
6.0,822.5379984378815,0.0923
6.0,823.5499105453491,0.09659999999999999
6.0,825.5569636821747,0.09659999999999999
6.0,826.5585396289825,0.09659999999999999
6.0,827.5649502277374,0.09659999999999999
6.0,828.5717585086823,0.09659999999999999
6.0,829.5868825912476,0.09659999999999999
6.0,830.5986638069153,0.09659999999999999
6.0,831.6048827171326,0.09659999999999999
6.0,832.6165232658386,0.09659999999999999
6.0,833.6181242465973,0.09659999999999999
6.0,834.6196689605713,0.09659999999999999
6.0,835.6314187049866,0.09659999999999999
6.0,836.6379826068878,0.09659999999999999
6.0,837.6395561695099,0.09659999999999999
6.0,838.6461687088013,0.09659999999999999
6.0,839.6529099941254,0.09659999999999999
6.0,840.6596643924713,0.0923
6.0,841.6713969707489,0.0923
6.0,842.6782412528992,0.0923
6.0,843.684928894043,0.0923
6.0,845.6928930282593,0.0923
6.0,846.6996262073517,0.0923
6.0,847.7063400745392,0.0923
6.0,848.7129528522491,0.0923
6.0,849.724711894989,0.0923
6.0,850.731372833252,0.0923
6.0,851.7431457042694,0.08809999999999998
6.0,852.7489314079285,0.0923
6.0,853.7504594326019,0.08809999999999998
6.0,854.7570199966431,0.0923
6.0,855.7688732147217,0.0923
6.0,856.7755224704742,0.0923
6.0,857.7821254730225,0.08809999999999998
6.0,858.7837264537811,0.08809999999999998
6.0,859.790463924408,0.08889999999999999
6.0,860.7919769287109,0.08889999999999999
6.0,861.798712015152,0.08889999999999999
6.0,862.8103857040405,0.08889999999999999
6.0,863.8119180202484,0.08889999999999999
6.0,865.8248732089996,0.08889999999999999
6.0,866.8316152095795,0.08889999999999999
6.0,867.8465213775635,0.08889999999999999
6.0,868.8582289218903,0.08889999999999999
6.0,869.8649373054504,0.08889999999999999
6.0,870.8767328262329,0.08889999999999999
6.0,871.8884165287018,0.08889999999999999
6.0,872.8951051235199,0.08889999999999999
6.0,873.9009218215942,0.08889999999999999
6.0,874.9128220081329,0.08889999999999999
6.0,875.9196894168854,0.08889999999999999
6.0,876.9315648078918,0.08889999999999999
6.0,877.9432780742645,0.09319999999999999
6.0,878.9500687122345,0.09319999999999999
6.0,879.9568569660187,0.09319999999999999
6.0,880.9637680053711,0.09319999999999999
6.0,881.9649426937103,0.09319999999999999
6.0,882.976772069931,0.09319999999999999
6.0,883.9834368228912,0.09319999999999999
6.0,885.9911630153656,0.09319999999999999
6.0,886.9969861507416,0.09319999999999999
6.0,888.003693819046,0.09319999999999999
6.0,889.0049319267273,0.09319999999999999
6.0,890.0117855072021,0.09319999999999999
6.0,891.018453836441,0.09319999999999999
6.0,892.0304012298584,0.09319999999999999
6.0,893.0369398593903,0.09319999999999999
6.0,894.0436651706696,0.09319999999999999
6.0,895.0504913330078,0.09319999999999999
6.0,896.0649070739746,0.09319999999999999
6.0,897.0666213035583,0.09319999999999999
6.0,898.0729746818542,0.09319999999999999
6.0,899.0797555446625,0.09319999999999999
6.0,900.0864956378937,0.09319999999999999
6.0,901.0982370376587,0.09319999999999999
6.0,902.1049036979675,0.09319999999999999
6.0,903.1167573928833,0.09319999999999999
6.0,904.1286263465881,0.09739999999999999
6.0,906.1365189552307,0.09319999999999999
6.0,907.1431798934937,0.09739999999999999
6.0,908.1499865055084,0.09739999999999999
6.0,909.17662358284,0.09739999999999999
6.0,910.1833891868591,0.09739999999999999
6.0,911.1951479911804,0.09739999999999999
6.0,912.2009472846985,0.09319999999999999
6.0,913.2077348232269,0.09739999999999999
6.0,914.2143933773041,0.09739999999999999
6.0,915.2209084033966,0.09739999999999999
6.0,916.2277109622955,0.09739999999999999
6.0,917.244030714035,0.09739999999999999
6.0,918.256979227066,0.09739999999999999
6.0,919.2688057422638,0.09739999999999999
6.0,920.3066029548645,0.09739999999999999
6.0,921.3238623142242,0.09739999999999999
6.0,922.3300216197968,0.09739999999999999
6.0,923.3358745574951,0.09319999999999999
6.0,924.3377497196198,0.09739999999999999
6.0,926.3428220748901,0.09319999999999999
6.0,927.3458430767059,0.09739999999999999
6.0,928.3481056690216,0.09319999999999999
6.0,929.3512523174286,0.09319999999999999
6.0,930.353969335556,0.09319999999999999
6.0,931.3793909549713,0.09319999999999999
6.0,932.3870966434479,0.09319999999999999
6.0,933.4025206565857,0.09319999999999999
6.0,934.4095785617828,0.09319999999999999
6.0,935.4133179187775,0.09319999999999999
6.0,936.4157197475433,0.09319999999999999
6.0,937.4190106391907,0.09319999999999999
6.0,938.4215202331543,0.09319999999999999
6.0,939.4234707355499,0.09319999999999999
6.0,940.4488887786865,0.08889999999999999
6.0,941.4555895328522,0.08889999999999999
6.0,942.4621803760529,0.09319999999999999
6.0,943.4689300060272,0.08889999999999999
6.0,944.4755487442017,0.08889999999999999
6.0,946.4833498001099,0.08889999999999999
6.0,947.4900271892548,0.08979999999999999
6.0,948.4968390464783,0.08979999999999999
6.0,949.5035591125488,0.08889999999999999
6.0,950.5102746486664,0.08979999999999999
6.0,951.516978263855,0.08889999999999999
6.0,952.5185904502869,0.08979999999999999
6.0,953.530308008194,0.08979999999999999
6.0,954.536924123764,0.08979999999999999
6.0,955.5487911701202,0.08979999999999999
6.0,956.555739402771,0.08979999999999999
6.0,957.5689656734467,0.08979999999999999
6.0,958.5827648639679,0.08979999999999999
6.0,959.594521522522,0.08979999999999999
6.0,960.6084182262421,0.08979999999999999
6.0,961.6151010990143,0.08979999999999999
6.0,962.6210007667542,0.08979999999999999
6.0,963.6276371479034,0.08979999999999999
6.0,964.6409196853638,0.08979999999999999
6.0,966.6436126232147,0.08979999999999999
6.0,967.6450009346008,0.08979999999999999
6.0,968.651843547821,0.09399999999999999
6.0,969.6529762744904,0.08979999999999999
6.0,970.6677966117859,0.08979999999999999
6.0,971.6745660305023,0.08979999999999999
6.0,972.6809787750244,0.08979999999999999
6.0,973.6878521442413,0.08979999999999999
6.0,974.6997182369232,0.08979999999999999
6.0,975.7129549980164,0.08979999999999999
6.0,976.727028131485,0.08979999999999999
6.0,977.752338886261,0.08979999999999999
6.0,978.767418384552,0.09399999999999999
6.0,979.774222612381,0.09399999999999999
6.0,980.7852993011475,0.09399999999999999
6.0,981.7922229766846,0.09399999999999999
6.0,982.804123878479,0.09399999999999999
6.0,983.8048198223114,0.09399999999999999
6.0,984.8113598823547,0.09399999999999999
6.0,986.8181328773499,0.09399999999999999
6.0,987.8289656639099,0.09399999999999999
6.0,988.8357388973236,0.09399999999999999
6.0,989.8423383235931,0.09399999999999999
6.0,990.8489210605621,0.09399999999999999
6.0,991.8505914211273,0.09399999999999999
6.0,992.862334728241,0.09399999999999999
6.0,993.8689298629761,0.09399999999999999
6.0,994.8808131217957,0.09399999999999999
6.0,995.8875017166138,0.09399999999999999
6.0,996.900933265686,0.09399999999999999
6.0,997.9076085090637,0.09399999999999999
6.0,998.9088985919952,0.09399999999999999
6.0,999.9156610965729,0.09399999999999999
6.0,1000.9223186969757,0.09399999999999999
6.0,1001.9289100170135,0.09399999999999999
6.0,1002.9357151985168,0.09399999999999999
6.0,1003.9424419403076,0.09399999999999999
6.0,1004.948962688446,0.09399999999999999
6.0,1006.9567530155182,0.09399999999999999
6.0,1007.9685215950012,0.09399999999999999
6.0,1008.9804186820984,0.09399999999999999
6.0,1009.9871261119843,0.09399999999999999
6.0,1010.9929714202881,0.09399999999999999
6.0,1011.9999084472656,0.09399999999999999
6.0,1013.006617307663,0.09399999999999999
6.0,1014.012980222702,0.09399999999999999
6.0,1015.0282185077667,0.09399999999999999
6.0,1016.0348155498505,0.09399999999999999
6.0,1017.0415127277374,0.09399999999999999
6.0,1018.0482504367828,0.09399999999999999
6.0,1019.0543575286865,0.09399999999999999
6.0,1020.0682907104492,0.09399999999999999
6.0,1021.0824408531189,0.0983
6.0,1022.0969655513763,0.09399999999999999
6.0,1023.1036765575409,0.0983
6.0,1024.1104502677917,0.0983
6.0,1025.1170048713684,0.0983
6.0,1027.1245057582855,0.0983
6.0,1028.1363368034363,0.0983
6.0,1029.148163318634,0.0983
6.0,1030.1550087928772,0.0983
6.0,1031.160949230194,0.0983
6.0,1032.167674779892,0.0983
6.0,1033.1689007282257,0.0983
6.0,1034.1756494045258,0.0983
6.0,1035.1815214157104,0.0983
6.0,1036.1881580352783,0.0983
6.0,1037.2029287815094,0.0983
6.0,1038.2089521884918,0.0983
6.0,1039.2157518863678,0.0983
6.0,1040.2226314544678,0.0983
6.0,1041.236648797989,0.0983
6.0,1042.243435382843,0.0983
6.0,1043.244990825653,0.0983
6.0,1044.2510178089142,0.0983
6.0,1045.2620718479156,0.0983
6.0,1047.269936323166,0.0983
6.0,1048.2767746448517,0.0983
6.0,1049.2837042808533,0.0983
6.0,1050.3104169368744,0.09399999999999999
6.0,1051.3170082569122,0.0983
6.0,1052.323772907257,0.0983
6.0,1053.3303854465485,0.0983
6.0,1054.3370535373688,0.0983
6.0,1055.3437824249268,0.0983
6.0,1056.350534439087,0.0983
6.0,1057.3622903823853,0.0983
6.0,1058.3690123558044,0.0983
6.0,1059.380928993225,0.09399999999999999
6.0,1060.3876559734344,0.09399999999999999
6.0,1061.3889377117157,0.09399999999999999
6.0,1062.4043655395508,0.09399999999999999
6.0,1063.416137933731,0.09399999999999999
6.0,1064.427892446518,0.09399999999999999
6.0,1065.442046403885,0.09399999999999999
6.0,1067.450006723404,0.09399999999999999
6.0,1068.460932970047,0.09399999999999999
6.0,1069.4625248908997,0.09399999999999999
6.0,1070.4762616157532,0.09399999999999999
6.0,1071.4914593696594,0.09399999999999999
6.0,1072.504917383194,0.09399999999999999
6.0,1073.5117633342743,0.09399999999999999
6.0,1074.5262515544891,0.09399999999999999
6.0,1075.5404748916626,0.09399999999999999
6.0,1076.5525183677673,0.09399999999999999
6.0,1077.5644743442535,0.09399999999999999
6.0,1078.5711405277252,0.09399999999999999
6.0,1079.5727269649506,0.09399999999999999
6.0,1080.5796229839325,0.09399999999999999
6.0,1081.580943107605,0.09399999999999999
6.0,1082.5927760601044,0.09399999999999999
6.0,1083.606820344925,0.09399999999999999
6.0,1084.6220755577087,0.09399999999999999
6.0,1085.6288158893585,0.08979999999999999
6.0,1087.6366691589355,0.08979999999999999
6.0,1088.6485180854797,0.08979999999999999
6.0,1089.6606059074402,0.09399999999999999
6.0,1090.6943502426147,0.09399999999999999
6.0,1091.7148377895355,0.09399999999999999
6.0,1092.721736907959,0.08979999999999999
6.0,1093.7253861427307,0.08979999999999999
6.0,1094.729635477066,0.09399999999999999
6.0,1095.7322053909302,0.09399999999999999
6.0,1096.7341756820679,0.09399999999999999
6.0,1097.737280368805,0.09399999999999999
6.0,1098.7400846481323,0.08979999999999999
6.0,1099.7521784305573,0.09399999999999999
6.0,1100.7722561359406,0.09059999999999999
6.0,1101.79296708107,0.08979999999999999
6.0,1102.8009214401245,0.09399999999999999
6.0,1103.803043603897,0.09399999999999999
6.0,1104.8049008846283,0.08979999999999999
6.0,1105.820246219635,0.09059999999999999
6.0,1107.825884103775,0.09059999999999999
6.0,1108.827304840088,0.09059999999999999
6.0,1109.8287262916565,0.09059999999999999
6.0,1110.8352904319763,0.09059999999999999
6.0,1111.8408570289612,0.09059999999999999
6.0,1112.8474214076996,0.09059999999999999
6.0,1113.8489899635315,0.09399999999999999
6.0,1114.8607151508331,0.09059999999999999
6.0,1115.8704798221588,0.09059999999999999
6.0,1116.8769347667694,0.09059999999999999
6.0,1117.8836414813995,0.09059999999999999
6.0,1118.898191690445,0.09059999999999999
6.0,1119.9049563407898,0.09059999999999999
6.0,1120.9190888404846,0.09059999999999999
6.0,1121.9307923316956,0.09059999999999999
6.0,1122.9324162006378,0.09059999999999999
6.0,1123.9473023414612,0.09059999999999999
6.0,1124.9488861560822,0.09059999999999999
6.0,1125.960785627365,0.09059999999999999
6.0,1127.9687492847443,0.09059999999999999
6.0,1128.9820160865784,0.09059999999999999
6.0,1129.988816022873,0.09059999999999999
6.0,1130.9903662204742,0.09059999999999999
6.0,1131.9969673156738,0.09059999999999999
6.0,1133.011825799942,0.09059999999999999
6.0,1134.0186157226562,0.09059999999999999
6.0,1135.0303773880005,0.09059999999999999
6.0,1136.0369148254395,0.09059999999999999
6.0,1137.0435893535614,0.09059999999999999
6.0,1138.0503051280975,0.09059999999999999
6.0,1139.0649619102478,0.09059999999999999
6.0,1140.076694726944,0.09059999999999999
6.0,1141.0833005905151,0.09059999999999999
6.0,1142.0949375629425,0.09059999999999999
6.0,1143.100965976715,0.09059999999999999
6.0,1144.107723236084,0.09059999999999999
6.0,1145.1143996715546,0.09059999999999999
6.0,1146.11580824852,0.09059999999999999
6.0,1148.123497724533,0.09059999999999999
6.0,1149.1301863193512,0.09059999999999999
6.0,1150.1368856430054,0.09059999999999999
6.0,1151.1435461044312,0.09059999999999999
6.0,1152.1503281593323,0.09059999999999999
6.0,1153.1620965003967,0.09059999999999999
6.0,1154.1684477329254,0.09059999999999999
6.0,1155.1750564575195,0.09059999999999999
6.0,1156.1809384822845,0.09059999999999999
6.0,1157.1928238868713,0.09059999999999999
6.0,1158.1990687847137,0.09059999999999999
6.0,1159.2108426094055,0.09059999999999999
6.0,1160.2169783115387,0.09059999999999999
6.0,1161.2318494319916,0.09059999999999999
6.0,1162.2385215759277,0.09059999999999999
6.0,1163.2449431419373,0.09059999999999999
6.0,1164.2517974376678,0.09059999999999999
6.0,1165.263271331787,0.09059999999999999
6.0,1166.2700164318085,0.09059999999999999
6.0,1168.2780723571777,0.09059999999999999
6.0,1169.284809589386,0.09059999999999999
6.0,1170.2916107177734,0.09059999999999999
6.0,1171.2984838485718,0.09059999999999999
6.0,1172.3122520446777,0.09059999999999999
6.0,1173.3189272880554,0.09059999999999999
6.0,1174.3249700069427,0.09059999999999999
6.0,1175.3317534923553,0.09059999999999999
6.0,1176.3383774757385,0.09059999999999999
6.0,1177.3449420928955,0.09059999999999999
6.0,1178.3516609668732,0.09059999999999999
6.0,1179.3634433746338,0.09489999999999998
6.0,1180.3700268268585,0.09059999999999999
6.0,1181.376850605011,0.09059999999999999
6.0,1182.3836801052094,0.09489999999999998
6.0,1183.3957109451294,0.09059999999999999
6.0,1184.4074876308441,0.09489999999999998
6.0,1185.414161682129,0.09059999999999999
6.0,1186.4208600521088,0.09059999999999999
6.0,1188.428831577301,0.09489999999999998
6.0,1189.4441771507263,0.09059999999999999
6.0,1190.4560523033142,0.09489999999999998
6.0,1191.4628295898438,0.09489999999999998
6.0,1192.4688425064087,0.09059999999999999
6.0,1193.4755599498749,0.09059999999999999
6.0,1194.4823243618011,0.09489999999999998
6.0,1195.4890110492706,0.09489999999999998
6.0,1196.4957873821259,0.09489999999999998
6.0,1197.507628440857,0.09489999999999998
6.0,1198.5142850875854,0.09489999999999998
6.0,1199.5246851444244,0.09489999999999998
6.0,1200.5396819114685,0.09489999999999998
6.0,1201.5464189052582,0.09489999999999998
6.0,1202.5529000759125,0.09489999999999998
6.0,1203.559681892395,0.09059999999999999
6.0,1204.5664167404175,0.09489999999999998
6.0,1205.5782268047333,0.09489999999999998
6.0,1206.5848834514618,0.09489999999999998
6.0,1208.5926840305328,0.09489999999999998
6.0,1209.5994741916656,0.09489999999999998
6.0,1210.6060914993286,0.09489999999999998
6.0,1211.6076171398163,0.09489999999999998
6.0,1212.61421084404,0.09489999999999998
6.0,1213.6260046958923,0.09489999999999998
6.0,1214.632740497589,0.09489999999999998
6.0,1215.6394400596619,0.09059999999999999
6.0,1216.6511392593384,0.09489999999999998
6.0,1217.6569986343384,0.09489999999999998
6.0,1218.6636736392975,0.09059999999999999
6.0,1219.6649117469788,0.09489999999999998
6.0,1220.6715981960297,0.09489999999999998
6.0,1221.6832327842712,0.09489999999999998
6.0,1222.6926279067993,0.09489999999999998
6.0,1223.6992399692535,0.09489999999999998
6.0,1224.7129657268524,0.09489999999999998
6.0,1225.7250008583069,0.09489999999999998
6.0,1226.7316534519196,0.09489999999999998
6.0,1228.739394903183,0.09489999999999998
6.0,1229.7511413097382,0.09489999999999998
6.0,1230.762367963791,0.09489999999999998
6.0,1231.768928527832,0.09489999999999998
6.0,1232.775722503662,0.09489999999999998
6.0,1233.791972875595,0.09489999999999998
6.0,1234.8037765026093,0.09489999999999998
6.0,1235.810545682907,0.09489999999999998
6.0,1236.8169574737549,0.09489999999999998
6.0,1237.8236272335052,0.09489999999999998
6.0,1238.830415725708,0.09489999999999998
6.0,1239.8421640396118,0.09489999999999998
6.0,1240.848864555359,0.09489999999999998
6.0,1241.8555500507355,0.09489999999999998
6.0,1242.8569650650024,0.09489999999999998
6.0,1243.8636214733124,0.09489999999999998
6.0,1244.875411272049,0.09489999999999998
6.0,1245.8889200687408,0.09489999999999998
6.0,1246.9006893634796,0.09489999999999998
6.0,1248.9085776805878,0.09489999999999998
6.0,1249.914954662323,0.09489999999999998
6.0,1250.9209959506989,0.09489999999999998
6.0,1251.9277775287628,0.09489999999999998
6.0,1252.9344692230225,0.09489999999999998
6.0,1253.9409475326538,0.09489999999999998
6.0,1254.9476990699768,0.09489999999999998
6.0,1255.9544162750244,0.09489999999999998
6.0,1256.9609277248383,0.09489999999999998
6.0,1257.9727120399475,0.09489999999999998
6.0,1258.9847118854523,0.09489999999999998
6.0,1259.9999723434448,0.09489999999999998
6.0,1261.0452885627747,0.09489999999999998
6.0,1262.047881603241,0.09489999999999998
6.0,1263.0511710643768,0.09489999999999998
6.0,1264.0701735019684,0.09489999999999998
6.0,1265.073656320572,0.09489999999999998
6.0,1266.083312034607,0.09489999999999998
6.0,1267.08558011055,0.09489999999999998
6.0,1269.0998435020447,0.09489999999999998
6.0,1270.1023349761963,0.09489999999999998
6.0,1271.1112451553345,0.09489999999999998
6.0,1272.1179349422455,0.09489999999999998
6.0,1273.1273748874664,0.09489999999999998
6.0,1274.1383955478668,0.09489999999999998
6.0,1275.1448998451233,0.09489999999999998
6.0,1276.1515173912048,0.09489999999999998
6.0,1277.157588005066,0.09489999999999998
6.0,1278.1642575263977,0.09489999999999998
6.0,1279.1708929538727,0.09489999999999998
6.0,1280.17698097229,0.09489999999999998
6.0,1281.183797121048,0.09489999999999998
6.0,1282.1991357803345,0.09489999999999998
6.0,1283.2129120826721,0.09489999999999998
6.0,1284.2289967536926,0.09489999999999998
6.0,1285.235741853714,0.09489999999999998
6.0,1286.2475364208221,0.09489999999999998
6.0,1287.2592351436615,0.09489999999999998
6.0,1289.2721304893494,0.09489999999999998
6.0,1290.2834537029266,0.09489999999999998
6.0,1291.2901866436005,0.09489999999999998
6.0,1292.3009843826294,0.09489999999999998
6.0,1293.3126993179321,0.09489999999999998
6.0,1294.3193657398224,0.09489999999999998
6.0,1295.3261210918427,0.09489999999999998
6.0,1296.3329248428345,0.09489999999999998
6.0,1297.3396847248077,0.09489999999999998
6.0,1298.3462750911713,0.09489999999999998
6.0,1299.3581049442291,0.09489999999999998
6.0,1300.3647553920746,0.09489999999999998
6.0,1301.3713927268982,0.09489999999999998
6.0,1302.3782629966736,0.09489999999999998
6.0,1303.3849077224731,0.09489999999999998
6.0,1304.391660451889,0.09489999999999998
6.0,1305.3983297348022,0.09489999999999998
6.0,1306.4049091339111,0.09489999999999998
6.0,1307.4192926883698,0.09489999999999998
6.0,1309.4264760017395,0.09489999999999998
6.0,1310.4381792545319,0.09489999999999998
6.0,1311.4523222446442,0.09489999999999998
6.0,1312.4589369297028,0.09489999999999998
6.0,1313.464904308319,0.09489999999999998
6.0,1314.4716696739197,0.09489999999999998
6.0,1315.4849865436554,0.09489999999999998
6.0,1316.499939918518,0.09489999999999998
6.0,1317.5066905021667,0.09489999999999998
6.0,1318.5130474567413,0.09489999999999998
6.0,1319.5198183059692,0.09489999999999998
6.0,1320.5265049934387,0.09489999999999998
6.0,1321.532984495163,0.09489999999999998
6.0,1322.5397934913635,0.09489999999999998
6.0,1323.5465579032898,0.09489999999999998
6.0,1324.5529205799103,0.09489999999999998
6.0,1325.554571390152,0.09489999999999998
6.0,1326.5611817836761,0.09489999999999998
6.0,1327.572963476181,0.09489999999999998
6.0,1329.5809125900269,0.09489999999999998
6.0,1330.5877017974854,0.09489999999999998
6.0,1331.594566822052,0.09489999999999998
6.0,1332.6013398170471,0.09489999999999998
6.0,1333.6081020832062,0.09489999999999998
6.0,1334.6148397922516,0.09489999999999998
6.0,1335.62655210495,0.09489999999999998
6.0,1336.6329729557037,0.09489999999999998
6.0,1337.6397848129272,0.09489999999999998
6.0,1338.6465573310852,0.09489999999999998
6.0,1339.6626136302948,0.09489999999999998
6.0,1340.6743524074554,0.09489999999999998
6.0,1341.6809334754944,0.09489999999999998
6.0,1342.6875472068787,0.09489999999999998
6.0,1343.694363117218,0.09489999999999998
6.0,1344.7085011005402,0.09489999999999998
6.0,1345.7202379703522,0.09489999999999998
6.0,1346.731989145279,0.09489999999999998
6.0,1347.7438271045685,0.09489999999999998
6.0,1349.7566604614258,0.09489999999999998
6.0,1350.7633550167084,0.09489999999999998
6.0,1351.7700638771057,0.09489999999999998
6.0,1352.7768518924713,0.09489999999999998
6.0,1353.7784674167633,0.09489999999999998
6.0,1354.7798204421997,0.09489999999999998
6.0,1355.7915470600128,0.09489999999999998
6.0,1356.8076560497284,0.09489999999999998
6.0,1357.8144779205322,0.09489999999999998
6.0,1358.8261895179749,0.09489999999999998
6.0,1359.8329224586487,0.09489999999999998
6.0,1360.8486995697021,0.09489999999999998
6.0,1361.8637144565582,0.09489999999999998
6.0,1362.870309829712,0.09489999999999998
6.0,1363.8769054412842,0.09489999999999998
6.0,1364.8994052410126,0.09489999999999998
6.0,1365.925369977951,0.09489999999999998
6.0,1366.9369187355042,0.09489999999999998
6.0,1367.9485239982605,0.09489999999999998
6.0,1369.95809841156,0.0991
4.0,1370.9623057842255,0.09489999999999998
4.0,1371.964364528656,0.09489999999999998
4.0,1372.9662218093872,0.09489999999999998
4.0,1373.9684538841248,0.09489999999999998
4.0,1374.9704382419586,0.09489999999999998
4.0,1375.972810268402,0.09489999999999998
4.0,1376.975251197815,0.09489999999999998
4.0,1377.9774196147919,0.09489999999999998
4.0,1378.979560136795,0.09489999999999998
4.0,1379.9812428951263,0.09489999999999998
4.0,1380.9833648204803,0.09489999999999998
4.0,1381.9928231239319,0.09489999999999998
4.0,1383.0030043125153,0.09399999999999999
4.0,1384.009062051773,0.09399999999999999
4.0,1385.0158352851868,0.08979999999999999
4.0,1386.0225167274475,0.09739999999999999
4.0,1387.0289397239685,0.08889999999999999
4.0,1388.0356783866882,0.09659999999999999
4.0,1390.0380809307098,0.08809999999999998
4.0,1391.0448560714722,0.09149999999999998
4.0,1392.0515444278717,0.09149999999999998
4.0,1393.0632829666138,0.09149999999999998
4.0,1394.0738966464996,0.09149999999999998
4.0,1395.0844502449036,0.09149999999999998
4.0,1396.0963325500488,0.09149999999999998
4.0,1397.103021144867,0.0957
4.0,1398.1089413166046,0.0957
4.0,1399.1159210205078,0.0957
4.0,1400.1276500225067,0.0957
4.0,1401.1393418312073,0.09149999999999998
4.0,1402.1460292339325,0.0904
4.0,1403.152738571167,0.09059999999999999
4.0,1404.159506559372,0.08979999999999999
4.0,1405.1662364006042,0.09399999999999999
4.0,1406.1777079105377,0.08109999999999999
4.0,1407.1929812431335,0.09319999999999999
4.0,1408.19975066185,0.0887
4.0,1410.2020196914673,0.08809999999999998
4.0,1411.2083587646484,0.0923
4.0,1412.2149894237518,0.0923
4.0,1413.2209482192993,0.0923
4.0,1414.2327222824097,0.0923
4.0,1415.2394721508026,0.08809999999999998
4.0,1416.2462229728699,0.0923
4.0,1417.2529470920563,0.08809999999999998
4.0,1418.2545206546783,0.08809999999999998
4.0,1419.2662363052368,0.08809999999999998
4.0,1420.2729144096375,0.08809999999999998
4.0,1421.2744884490967,0.087
4.0,1422.2809221744537,0.09149999999999998
4.0,1423.2928822040558,0.087
4.0,1424.3047041893005,0.08199999999999999
4.0,1425.3114347457886,0.0836
4.0,1426.3181025981903,0.08199999999999999
4.0,1427.3248796463013,0.08979999999999999
4.0,1428.3316473960876,0.08109999999999999
4.0,1430.3394167423248,0.0803
4.0,1431.346074104309,0.08889999999999999
4.0,1432.352885723114,0.08889999999999999
4.0,1433.3596708774567,0.0803
4.0,1434.366379737854,0.0803
4.0,1435.3730475902557,0.0803
4.0,1436.379857301712,0.0803
4.0,1437.3957703113556,0.0803
4.0,1438.4025416374207,0.0803
4.0,1439.4089424610138,0.0803
4.0,1440.4157259464264,0.0803
4.0,1441.4223704338074,0.0803
4.0,1442.43408203125,0.08809999999999998
4.0,1443.440903186798,0.0794
4.0,1444.4476556777954,0.0828
4.0,1445.4538397789001,0.087
4.0,1446.463429927826,0.0828
4.0,1447.4700193405151,0.08199999999999999
4.0,1448.4715723991394,0.08199999999999999
4.0,1450.4794385433197,0.07769999999999999
4.0,1451.4913833141327,0.08109999999999999
4.0,1452.4981739521027,0.0769
4.0,1453.5099413394928,0.0769
4.0,1454.5168447494507,0.08109999999999999
4.0,1455.5232603549957,0.0769
4.0,1456.5369143486023,0.08109999999999999
4.0,1457.5436952114105,0.08109999999999999
4.0,1458.5504138469696,0.08109999999999999
4.0,1459.5623211860657,0.08109999999999999
4.0,1460.5740094184875,0.08109999999999999
4.0,1461.580579996109,0.08109999999999999
4.0,1462.587245464325,0.0769
4.0,1463.588873386383,0.0803
4.0,1464.5954530239105,0.0803
4.0,1465.6047813892365,0.076
4.0,1466.6115169525146,0.0794
4.0,1467.618108510971,0.0794
4.0,1468.624293088913,0.0752
4.0,1470.6321604251862,0.0828
4.0,1471.643930196762,0.0828
4.0,1472.6450123786926,0.0828
4.0,1473.6517326831818,0.0828
4.0,1474.6634948253632,0.0786
4.0,1475.6752696037292,0.0828
4.0,1476.6820151805878,0.0828
4.0,1477.6888060569763,0.0786
4.0,1478.6903536319733,0.0786
4.0,1479.6969714164734,0.0786
4.0,1480.7036123275757,0.0786
4.0,1481.7103967666626,0.0743
4.0,1482.7120044231415,0.07769999999999999
4.0,1483.7186150550842,0.07769999999999999
4.0,1484.7250156402588,0.0735
4.0,1485.7368988990784,0.0769
4.0,1486.743649482727,0.0769
4.0,1487.7589094638824,0.0726
4.0,1488.7706978321075,0.07169999999999999
4.0,1490.7780764102936,0.076
4.0,1491.7849299907684,0.076
4.0,1492.7919113636017,0.076
4.0,1493.8037021160126,0.076
4.0,1494.8104710578918,0.076
4.0,1495.8224136829376,0.076
4.0,1496.8289699554443,0.076
4.0,1497.8409328460693,0.076
4.0,1498.8425118923187,0.076
4.0,1499.8542375564575,0.076
4.0,1500.8610088825226,0.076
4.0,1501.8677053451538,0.07089999999999998
4.0,1502.8689501285553,0.0752
4.0,1503.8756701946259,0.0752
4.0,1504.8823585510254,0.07089999999999998
4.0,1505.8889400959015,0.0743
4.0,1506.8957362174988,0.0786
4.0,1507.9024183750153,0.0743
4.0,1508.908986568451,0.06919999999999998
4.0,1510.9209883213043,0.07769999999999999
4.0,1511.9278180599213,0.0735
4.0,1512.9404537677765,0.0735
4.0,1513.9542353153229,0.0735
4.0,1514.9689497947693,0.0735
4.0,1515.9756951332092,0.0735
4.0,1516.9823248386383,0.0735
4.0,1517.9889860153198,0.0735
4.0,1518.9957342147827,0.0735
4.0,1519.9969413280487,0.0735
4.0,1521.0037121772766,0.0735
4.0,1522.0049676895142,0.06919999999999998
4.0,1523.0062177181244,0.06829999999999999
4.0,1524.0129573345184,0.0726
4.0,1525.0198085308075,0.0726
4.0,1526.034378528595,0.06829999999999999
4.0,1527.0489740371704,0.06729999999999998
4.0,1528.0608067512512,0.07169999999999999
4.0,1529.075347185135,0.07169999999999999
4.0,1531.083255290985,0.06309999999999999
4.0,1532.0900423526764,0.06659999999999999
4.0,1533.096740245819,0.06659999999999999
4.0,1534.1107227802277,0.06659999999999999
4.0,1535.1224772930145,0.06659999999999999
4.0,1536.1289949417114,0.06659999999999999
4.0,1537.1357834339142,0.06659999999999999
4.0,1538.151480436325,0.06649999999999999
4.0,1539.1580748558044,0.06659999999999999
4.0,1540.164771080017,0.06659999999999999
4.0,1541.1714622974396,0.06659999999999999
4.0,1542.178317785263,0.07089999999999998
4.0,1543.1849365234375,0.07089999999999998
4.0,1544.1916604042053,0.06649999999999999
4.0,1545.1982707977295,0.06999999999999998
4.0,1546.2049505710602,0.06999999999999998
4.0,1547.2116448879242,0.06999999999999998
4.0,1548.2182817459106,0.06559999999999999
4.0,1549.2301893234253,0.06489999999999999
4.0,1551.2461333274841,0.06919999999999998
4.0,1552.252784729004,0.06919999999999998
4.0,1553.2625675201416,0.06899999999999999
4.0,1554.2769937515259,0.06919999999999998
4.0,1555.2910907268524,0.06919999999999998
4.0,1556.2968156337738,0.06919999999999998
4.0,1557.3029506206512,0.06919999999999998
4.0,1558.3089067935944,0.06919999999999998
4.0,1559.320944070816,0.06919999999999998
4.0,1560.3276839256287,0.06919999999999998
4.0,1561.3344249725342,0.06919999999999998
4.0,1562.3409280776978,0.06489999999999999
4.0,1563.3477227687836,0.06489999999999999
4.0,1564.3544898033142,0.06389999999999998
4.0,1565.3609509468079,0.06829999999999999
4.0,1566.3727915287018,0.06829999999999999
4.0,1567.3847239017487,0.06389999999999998
4.0,1568.3914804458618,0.05969999999999999
4.0,1569.3929636478424,0.06319999999999999
4.0,1571.4009182453156,0.06749999999999999
4.0,1572.4076924324036,0.06749999999999999
4.0,1573.4090220928192,0.06749999999999999
4.0,1574.4157514572144,0.06749999999999999
4.0,1575.422477722168,0.06729999999999998
4.0,1576.4487566947937,0.06749999999999999
4.0,1577.47359085083,0.06729999999999998
4.0,1578.476496219635,0.06749999999999999
4.0,1579.4807522296906,0.06749999999999999
4.0,1580.4979667663574,0.06749999999999999
4.0,1581.5042088031769,0.06319999999999999
4.0,1582.506974697113,0.05879999999999999
4.0,1583.5111012458801,0.06219999999999999
4.0,1584.5168862342834,0.06659999999999999
4.0,1585.5187540054321,0.06659999999999999
4.0,1586.5206727981567,0.06219999999999999
4.0,1587.5225791931152,0.057999999999999996
4.0,1588.5242366790771,0.061399999999999996
4.0,1590.5278568267822,0.06579999999999998
4.0,1591.5298359394073,0.06559999999999999
4.0,1592.5332367420197,0.06559999999999999
4.0,1593.5651469230652,0.06579999999999998
4.0,1594.5681655406952,0.06559999999999999
4.0,1595.5731506347656,0.06559999999999999
4.0,1596.5978796482086,0.06559999999999999
4.0,1597.6018257141113,0.06579999999999998
4.0,1598.604952096939,0.06579999999999998
4.0,1599.6066093444824,0.06579999999999998
4.0,1600.6084179878235,0.06559999999999999
4.0,1601.6101083755493,0.061399999999999996
4.0,1602.612449645996,0.06489999999999999
4.0,1603.6149270534515,0.06489999999999999
4.0,1604.6164088249207,0.06489999999999999
4.0,1605.6201660633087,0.06479999999999998
4.0,1606.6210312843323,0.0605
4.0,1608.6353130340576,0.0605
4.0,1609.6368441581726,0.05969999999999999
4.0,1610.6464593410492,0.05969999999999999
4.0,1611.6561930179596,0.05969999999999999
4.0,1612.6576783657074,0.05969999999999999
4.0,1613.6642951965332,0.05969999999999999
4.0,1614.6658437252045,0.05969999999999999
4.0,1615.6726441383362,0.06389999999999998
4.0,1616.6883466243744,0.05969999999999999
4.0,1617.703689813614,0.05969999999999999
4.0,1618.7178530693054,0.06389999999999998
4.0,1619.724505662918,0.06389999999999998
4.0,1620.736308336258,0.06389999999999998
4.0,1621.7480905056,0.06389999999999998
4.0,1622.7547614574432,0.05969999999999999
4.0,1623.760943889618,0.05879999999999999
4.0,1624.7677462100983,0.05879999999999999
4.0,1625.7741434574127,0.06309999999999999
4.0,1626.780912399292,0.06309999999999999
4.0,1628.7929289340973,0.06309999999999999
4.0,1629.7996940612793,0.05879999999999999
4.0,1630.8065133094788,0.05879999999999999
4.0,1631.8080751895905,0.05879999999999999
4.0,1632.8090016841888,0.05879999999999999
4.0,1633.815768957138,0.05879999999999999
4.0,1634.8169860839844,0.05879999999999999
4.0,1635.8236720561981,0.05879999999999999
4.0,1636.8369538784027,0.05879999999999999
4.0,1637.8436229228973,0.05879999999999999
4.0,1638.8503148555756,0.05879999999999999
4.0,1639.8621280193329,0.057999999999999996
4.0,1640.8689382076263,0.06219999999999999
4.0,1641.8757722377777,0.06219999999999999
4.0,1642.8908824920654,0.06219999999999999
4.0,1643.8969576358795,0.06219999999999999
4.0,1644.903790473938,0.057999999999999996
4.0,1645.91059923172,0.0571
4.0,1646.9170768260956,0.061399999999999996
4.0,1648.9290025234222,0.06559999999999999
4.0,1649.9305062294006,0.061399999999999996
4.0,1650.9409744739532,0.061399999999999996
4.0,1651.9425349235535,0.061399999999999996
4.0,1652.9441406726837,0.061399999999999996
4.0,1653.9449572563171,0.061399999999999996
4.0,1654.951667547226,0.06559999999999999
4.0,1655.9529638290405,0.061399999999999996
4.0,1656.9647839069366,0.061399999999999996
4.0,1657.9716827869415,0.061399999999999996
4.0,1658.9785985946655,0.061399999999999996
4.0,1659.9904007911682,0.061399999999999996
4.0,1660.9970321655273,0.061399999999999996
4.0,1662.0038568973541,0.0571
4.0,1663.010603427887,0.0605
4.0,1664.0170929431915,0.06489999999999999
4.0,1665.0319154262543,0.06489999999999999
4.0,1666.0388193130493,0.0605
4.0,1667.045571088791,0.0605
4.0,1669.052941083908,0.0605
4.0,1670.0596749782562,0.0605
4.0,1671.0730159282684,0.0605
4.0,1672.087270975113,0.05629999999999999
4.0,1673.0990946292877,0.05629999999999999
4.0,1674.1108796596527,0.05629999999999999
4.0,1675.1170439720154,0.05629999999999999
4.0,1676.132954120636,0.05629999999999999
4.0,1677.1396505832672,0.05629999999999999
4.0,1678.146247625351,0.05629999999999999
4.0,1679.152985572815,0.05629999999999999
4.0,1680.1598694324493,0.05629999999999999
4.0,1681.1609947681427,0.05969999999999999
4.0,1682.1677451133728,0.05969999999999999
4.0,1683.1794745922089,0.05969999999999999
4.0,1684.1861188411713,0.05969999999999999
4.0,1685.1928298473358,0.05969999999999999
4.0,1686.1995759010315,0.05969999999999999
4.0,1687.206175327301,0.05539999999999999
4.0,1689.219041109085,0.05539999999999999
4.0,1690.2250254154205,0.054599999999999996
4.0,1691.2391335964203,0.054599999999999996
4.0,1692.250854730606,0.054599999999999996
4.0,1693.2649593353271,0.054599999999999996
4.0,1694.280089378357,0.054599999999999996
4.0,1695.2867534160614,0.054599999999999996
4.0,1696.2884182929993,0.054599999999999996
4.0,1697.3001942634583,0.054599999999999996
4.0,1698.3068850040436,0.054599999999999996
4.0,1699.312982559204,0.054599999999999996
4.0,1700.3196601867676,0.05879999999999999
4.0,1701.3209574222565,0.05879999999999999
4.0,1702.3327238559723,0.05879999999999999
4.0,1703.339426279068,0.05879999999999999
4.0,1704.3409938812256,0.05879999999999999
4.0,1705.3476843833923,0.054599999999999996
4.0,1706.3545031547546,0.054599999999999996
4.0,1707.366221666336,0.0537
4.0,1709.374027967453,0.0537
4.0,1710.3803224563599,0.0537
4.0,1711.3922102451324,0.057999999999999996
4.0,1712.3929316997528,0.0537
4.0,1713.3997859954834,0.057999999999999996
4.0,1714.4064383506775,0.057999999999999996
4.0,1715.4080066680908,0.057999999999999996
4.0,1716.4147419929504,0.057999999999999996
4.0,1717.4209547042847,0.057999999999999996
4.0,1718.4327311515808,0.057999999999999996
4.0,1719.4445102214813,0.0537
4.0,1720.456434249878,0.057999999999999996
4.0,1721.4631385803223,0.057999999999999996
4.0,1722.4690062999725,0.057999999999999996
4.0,1723.475869178772,0.057999999999999996
4.0,1724.4825901985168,0.0537
4.0,1725.4889261722565,0.04949999999999999
4.0,1726.495772600174,0.061399999999999996
4.0,1727.5025660991669,0.061399999999999996
4.0,1729.509331703186,0.0571
4.0,1730.5244193077087,0.0571
4.0,1731.531284570694,0.0571
4.0,1732.537836074829,0.0529
4.0,1733.5517735481262,0.061399999999999996
4.0,1734.5584700107574,0.061399999999999996
4.0,1735.5651171207428,0.061399999999999996
4.0,1736.5717799663544,0.0571
4.0,1737.582328081131,0.061399999999999996
4.0,1738.5889179706573,0.061399999999999996
4.0,1739.595680475235,0.0571
4.0,1740.6024069786072,0.0571
4.0,1741.6089534759521,0.0571
4.0,1742.615727186203,0.0571
4.0,1743.6223738193512,0.0571
4.0,1744.629019498825,0.0571
4.0,1745.6407763957977,0.0529
4.0,1746.647539615631,0.05629999999999999
4.0,1747.6542460918427,0.05199999999999999
4.0,1749.667079925537,0.05199999999999999
4.0,1750.6730406284332,0.0605
4.0,1751.6798164844513,0.05629999999999999
4.0,1752.681075334549,0.05199999999999999
4.0,1753.682629585266,0.05199999999999999
4.0,1754.6842105388641,0.05629999999999999
4.0,1755.6996273994446,0.05629999999999999
4.0,1756.7064163684845,0.05629999999999999
4.0,1757.7209441661835,0.05199999999999999
4.0,1758.7328181266785,0.0605
4.0,1759.7396428585052,0.05629999999999999
4.0,1760.7513556480408,0.0605
4.0,1761.7580473423004,0.0605
4.0,1762.7647700309753,0.05629999999999999
4.0,1763.771416425705,0.05629999999999999
4.0,1764.77809715271,0.05629999999999999
4.0,1765.7847876548767,0.05629999999999999
4.0,1766.7914593219757,0.05629999999999999
4.0,1767.8032970428467,0.05199999999999999
4.0,1769.8111069202423,0.051199999999999996
4.0,1770.8126063346863,0.051199999999999996
4.0,1771.819471359253,0.051199999999999996
4.0,1772.82630443573,0.051199999999999996
4.0,1773.83820271492,0.051199999999999996
4.0,1774.849969625473,0.05199999999999999
4.0,1775.8567550182343,0.051199999999999996
4.0,1776.8634219169617,0.051199999999999996
4.0,1777.8701002597809,0.051199999999999996
4.0,1778.8716995716095,0.051199999999999996
4.0,1779.8784592151642,0.051199999999999996
4.0,1780.8849713802338,0.051199999999999996
4.0,1781.8916809558868,0.051199999999999996
4.0,1782.8929653167725,0.05539999999999999
4.0,1783.8996586799622,0.05539999999999999
4.0,1784.9114043712616,0.05539999999999999
4.0,1785.9181191921234,0.05539999999999999
4.0,1786.9357614517212,0.05539999999999999
4.0,1787.947597026825,0.05539999999999999
4.0,1789.9889657497406,0.05539999999999999
4.0,1790.9934153556824,0.05539999999999999
4.0,1792.0126581192017,0.05539999999999999
4.0,1793.0189011096954,0.051199999999999996
4.0,1794.022289276123,0.051199999999999996
4.0,1795.0266659259796,0.051199999999999996
4.0,1796.0302011966705,0.051199999999999996
4.0,1797.0327336788177,0.05539999999999999
4.0,1798.0500462055206,0.051199999999999996
4.0,1799.052045583725,0.051199999999999996
4.0,1800.060822725296,0.051199999999999996
4.0,1801.067501783371,0.051199999999999996
4.0,1802.0742402076721,0.050299999999999984
4.0,1803.0809471607208,0.050299999999999984
4.0,1804.0876536369324,0.050299999999999984
4.0,1805.0994446277618,0.04930000000000001
4.0,1806.1061589717865,0.054599999999999996
4.0,1807.112931728363,0.04930000000000001
4.0,1808.1197242736816,0.054599999999999996
4.0,1810.1326520442963,0.054599999999999996
4.0,1811.1394243240356,0.054599999999999996
4.0,1812.1461551189423,0.054599999999999996
4.0,1813.1529695987701,0.054599999999999996
4.0,1814.159648656845,0.054599999999999996
4.0,1815.1716663837433,0.054599999999999996
4.0,1816.1784121990204,0.054599999999999996
4.0,1817.18497133255,0.054599999999999996
4.0,1818.191781282425,0.054599999999999996
4.0,1819.2036712169647,0.054599999999999996
4.0,1820.2104516029358,0.054599999999999996
4.0,1821.2170135974884,0.054599999999999996
4.0,1822.223717212677,0.054599999999999996
4.0,1823.2355184555054,0.054599999999999996
4.0,1824.242112159729,0.050299999999999984
4.0,1825.2566697597504,0.050299999999999984
4.0,1826.26855134964,0.050299999999999984
4.0,1827.275327205658,0.04930000000000001
4.0,1828.282026052475,0.045899999999999996
4.0,1830.2889394760132,0.04909999999999998
4.0,1831.2955589294434,0.04949999999999999
4.0,1832.3023900985718,0.04949999999999999
4.0,1833.3088192939758,0.0537
4.0,1834.3154454231262,0.04949999999999999
4.0,1835.3221559524536,0.04949999999999999
4.0,1836.3288938999176,0.04949999999999999
4.0,1837.3357155323029,0.04949999999999999
4.0,1838.3424806594849,0.04949999999999999
4.0,1839.3489563465118,0.04949999999999999
4.0,1840.3557879924774,0.04949999999999999
4.0,1841.367583990097,0.0537
4.0,1842.368991136551,0.0537
4.0,1843.3756992816925,0.0537
4.0,1844.3824229240417,0.0537
4.0,1845.389104604721,0.0537
4.0,1846.3958954811096,0.0537
4.0,1847.406902551651,0.0537
4.0,1848.4209756851196,0.0537
4.0,1850.432968378067,0.0537
4.0,1851.4397633075714,0.0537
4.0,1852.4409823417664,0.0537
4.0,1853.4477574825287,0.0537
4.0,1854.449336528778,0.0537
4.0,1855.4561812877655,0.0537
4.0,1856.4570724964142,0.0537
4.0,1857.4638757705688,0.0537
4.0,1858.4706017971039,0.0537
4.0,1859.4824459552765,0.0537
4.0,1860.4889206886292,0.0537
4.0,1861.4957156181335,0.0537
4.0,1862.5024013519287,0.0537
4.0,1863.5141372680664,0.0537
4.0,1864.5209202766418,0.04949999999999999
4.0,1865.5329530239105,0.04930000000000001
4.0,1866.5396358966827,0.04949999999999999
4.0,1867.5463557243347,0.04930000000000001
4.0,1868.5570459365845,0.04829999999999998
4.0,1870.5649201869965,0.0529
4.0,1871.576759815216,0.0529
4.0,1872.5834555625916,0.0529
4.0,1873.6000127792358,0.048600000000000004
4.0,1874.611941576004,0.0529
4.0,1875.6129958629608,0.0529
4.0,1876.6282312870026,0.048600000000000004
4.0,1877.6289479732513,0.0529
4.0,1878.6357743740082,0.0529
4.0,1879.647558927536,0.0529
4.0,1880.6546094417572,0.0529
4.0,1881.6663575172424,0.0529
4.0,1882.6729819774628,0.0571
4.0,1883.6796298027039,0.0571
4.0,1884.6914465427399,0.0571
4.0,1885.7066025733948,0.0571
4.0,1886.718383550644,0.0529
4.0,1887.7330651283264,0.0529
4.0,1888.7398285865784,0.0529
4.0,1890.7476468086243,0.0529
4.0,1891.7489643096924,0.0529
4.0,1892.7556421756744,0.0529
4.0,1893.7622637748718,0.0529
4.0,1894.7689204216003,0.0529
4.0,1895.775595664978,0.0529
4.0,1896.7769479751587,0.0529
4.0,1897.783462047577,0.0529
4.0,1898.7901401519775,0.0529
4.0,1899.7969303131104,0.0529
4.0,1900.8036835193634,0.0529
4.0,1901.8103966712952,0.0529
4.0,1902.8169708251953,0.0529
4.0,1903.832930803299,0.0529
4.0,1904.834475517273,0.0529
4.0,1905.8409352302551,0.0529
4.0,1906.8827993869781,0.0529
4.0,1907.8866791725159,0.048600000000000004
4.0,1908.9051575660706,0.04829999999999998
4.0,1910.9111771583557,0.0529
4.0,1911.918454170227,0.048600000000000004
4.0,1912.924245595932,0.0529
4.0,1913.9267666339874,0.048600000000000004
4.0,1914.9301126003265,0.048600000000000004
4.0,1915.9323146343231,0.048600000000000004
4.0,1916.9338116645813,0.048600000000000004
4.0,1917.9355680942535,0.048600000000000004
4.0,1918.937152147293,0.048600000000000004
4.0,1919.9436790943146,0.048600000000000004
4.0,1920.9503166675568,0.048600000000000004
4.0,1921.9568116664886,0.048600000000000004
4.0,1922.9651832580566,0.048099999999999976
4.0,1923.9667303562164,0.048600000000000004
4.0,1924.9729323387146,0.04780000000000001
4.0,1925.9797372817993,0.04780000000000001
4.0,1926.9864773750305,0.04780000000000001
4.0,1927.9983603954315,0.04780000000000001
4.0,1929.004925251007,0.05199999999999999
4.0,1931.0178711414337,0.04780000000000001
4.0,1932.0245928764343,0.05629999999999999
4.0,1933.0313827991486,0.04680000000000001
4.0,1934.0464358329773,0.05629999999999999
4.0,1935.0581812858582,0.04680000000000001
4.0,1936.0649354457855,0.04680000000000001
4.0,1937.071624994278,0.05199999999999999
4.0,1938.0729506015778,0.04680000000000001
4.0,1939.0796625614166,0.05199999999999999
4.0,1940.0812957286835,0.05199999999999999
4.0,1941.0880932807922,0.05199999999999999
4.0,1942.0942287445068,0.04780000000000001
4.0,1943.1059803962708,0.05199999999999999
4.0,1944.11718583107,0.05199999999999999
4.0,1945.1289310455322,0.05199999999999999
4.0,1946.1356399059296,0.05199999999999999
4.0,1947.1423830986023,0.05199999999999999
4.0,1948.1489355564117,0.05199999999999999
4.0,1949.1556692123413,0.05199999999999999
4.0,1951.16357088089,0.05199999999999999
4.0,1952.170226573944,0.05199999999999999
4.0,1953.1820530891418,0.05199999999999999
4.0,1954.188779592514,0.05199999999999999
4.0,1955.195500612259,0.05199999999999999
4.0,1956.202269077301,0.05199999999999999
4.0,1957.208996772766,0.05199999999999999
4.0,1958.2159554958344,0.05199999999999999
4.0,1959.2227761745453,0.05199999999999999
4.0,1960.228970527649,0.05199999999999999
4.0,1961.2352004051208,0.05199999999999999
4.0,1962.2414269447327,0.05199999999999999
4.0,1963.2482764720917,0.05199999999999999
4.0,1964.2600333690643,0.05199999999999999
4.0,1965.2615859508514,0.05199999999999999
4.0,1966.2683596611023,0.05199999999999999
4.0,1967.2800500392914,0.05199999999999999
4.0,1968.288949728012,0.05199999999999999
4.0,1969.295803308487,0.05199999999999999
4.0,1971.3037838935852,0.05199999999999999
4.0,1972.3105318546295,0.05199999999999999
4.0,1973.3170156478882,0.05199999999999999
4.0,1974.328943490982,0.05199999999999999
4.0,1975.335730791092,0.05199999999999999
4.0,1976.3425786495209,0.05199999999999999
4.0,1977.3548884391785,0.05199999999999999
4.0,1978.3609910011292,0.05199999999999999
4.0,1979.3676993846893,0.05199999999999999
4.0,1980.379623413086,0.05199999999999999
4.0,1981.3863606452942,0.05199999999999999
4.0,1982.3878989219666,0.04780000000000001
4.0,1983.3997225761414,0.05199999999999999
4.0,1984.4114377498627,0.0476
4.0,1985.4232668876648,0.04780000000000001
4.0,1986.4248483181,0.0476
4.0,1987.43155503273,0.04780000000000001
4.0,1988.4435131549835,0.0476
4.0,1989.4502501487732,0.0476
4.0,1991.4634556770325,0.0469
4.0,1992.4700508117676,0.04780000000000001
4.0,1993.4768319129944,0.040799999999999975
4.0,1994.4836480617523,0.04680000000000001
4.0,1995.5002648830414,0.04680000000000001
4.0,1996.5068707466125,0.043399999999999994
4.0,1997.5129761695862,0.04680000000000001
4.0,1998.5197217464447,0.04780000000000001
4.0,1999.5339648723602,0.04680000000000001
4.0,2000.5408051013947,0.04680000000000001
4.0,2001.5468995571136,0.0469
4.0,2002.5530540943146,0.04780000000000001
4.0,2003.5598211288452,0.0469
4.0,2004.5850322246552,0.0469
4.0,2005.6110162734985,0.0469
4.0,2006.6264402866364,0.0469
4.0,2007.6339268684387,0.0469
4.0,2008.6430401802063,0.0469
4.0,2009.6465890407562,0.0469
4.0,2011.6489551067352,0.0469
4.0,2012.6521875858307,0.051199999999999996
4.0,2013.6550750732422,0.046599999999999975
4.0,2014.65788936615,0.051199999999999996
4.0,2015.6601526737213,0.04680000000000001
4.0,2016.6748781204224,0.04680000000000001
4.0,2017.6767580509186,0.051199999999999996
4.0,2018.6829068660736,0.051199999999999996
4.0,2019.688891172409,0.04680000000000001
4.0,2020.6956276893616,0.051199999999999996
4.0,2021.7022354602814,0.051199999999999996
4.0,2022.713947057724,0.051199999999999996
4.0,2023.7207736968994,0.051199999999999996
4.0,2024.7327353954315,0.051199999999999996
4.0,2025.7447419166565,0.051199999999999996
4.0,2026.751496553421,0.051199999999999996
4.0,2027.7634420394897,0.051199999999999996
4.0,2029.7763648033142,0.051199999999999996
4.0,2030.7832245826721,0.05049999999999999
4.0,2031.7899827957153,0.051199999999999996
4.0,2032.7966957092285,0.051199999999999996
4.0,2033.808420419693,0.051199999999999996
4.0,2034.8201670646667,0.051199999999999996
4.0,2035.8209383487701,0.051199999999999996
4.0,2036.827607870102,0.051199999999999996
4.0,2037.8342897891998,0.051199999999999996
4.0,2038.8409514427185,0.051199999999999996
4.0,2039.842544078827,0.051199999999999996
4.0,2040.8490090370178,0.051199999999999996
4.0,2041.8556725978851,0.051199999999999996
4.0,2042.8570041656494,0.051199999999999996
4.0,2043.8636963367462,0.051199999999999996
4.0,2044.8756330013275,0.051199999999999996
4.0,2045.876957654953,0.051199999999999996
4.0,2046.8836951255798,0.051199999999999996
4.0,2047.8903205394745,0.051199999999999996
4.0,2049.898153066635,0.051199999999999996
4.0,2050.8996913433075,0.051199999999999996
4.0,2051.9009912014008,0.051199999999999996
4.0,2052.916328430176,0.051199999999999996
4.0,2053.923007249832,0.051199999999999996
4.0,2054.934718847275,0.051199999999999996
4.0,2055.9410116672516,0.051199999999999996
4.0,2056.947791814804,0.051199999999999996
4.0,2057.9544649124146,0.051199999999999996
4.0,2058.966216802597,0.051199999999999996
4.0,2059.972888946533,0.051199999999999996
4.0,2060.974450826645,0.051199999999999996
4.0,2061.976013660431,0.051199999999999996
4.0,2062.9769871234894,0.051199999999999996
4.0,2063.983722448349,0.051199999999999996
4.0,2064.9996321201324,0.051199999999999996
4.0,2066.006341457367,0.051199999999999996
4.0,2067.0129594802856,0.051199999999999996
4.0,2068.0196595191956,0.051199999999999996
4.0,2070.027381658554,0.051199999999999996
4.0,2071.039131641388,0.04680000000000001
4.0,2072.045008420944,0.0469
4.0,2073.0516743659973,0.051199999999999996
4.0,2074.063377380371,0.051199999999999996
4.0,2075.076917409897,0.051199999999999996
4.0,2076.083480358124,0.051199999999999996
4.0,2077.0953888893127,0.051199999999999996
4.0,2078.102086544037,0.051199999999999996
4.0,2079.113031387329,0.051199999999999996
4.0,2080.1197135448456,0.051199999999999996
4.0,2081.1264777183533,0.0469
4.0,2082.138237476349,0.0469
4.0,2083.1449267864227,0.0469
4.0,2084.1516602039337,0.0469
4.0,2085.158465385437,0.0469
4.0,2086.1600563526154,0.04680000000000001
4.0,2087.1609756946564,0.0469
4.0,2088.1676938533783,0.04680000000000001
4.0,2090.1807339191437,0.04680000000000001
4.0,2091.19247841835,0.04680000000000001
4.0,2092.206338405609,0.0469
4.0,2093.253138780594,0.04680000000000001
4.0,2094.2730910778046,0.046599999999999975
4.0,2095.2813432216644,0.0469
4.0,2096.2835302352905,0.04680000000000001
4.0,2097.2903351783752,0.04680000000000001
4.0,2098.293820619583,0.04680000000000001
4.0,2099.296670436859,0.04680000000000001
4.0,2100.3069517612457,0.0469
4.0,2101.3128893375397,0.03829999999999997
4.0,2102.319344997406,0.0469
4.0,2103.325919151306,0.04680000000000001
4.0,2104.3368306159973,0.0469
4.0,2105.3449862003326,0.04680000000000001
4.0,2106.351812362671,0.0469
4.0,2107.3584067821503,0.03829999999999997
4.0,2108.359966278076,0.03829999999999997
4.0,2110.3752875328064,0.03829999999999997
4.0,2111.3820147514343,0.045899999999999996
4.0,2112.3887844085693,0.045899999999999996
4.0,2113.4040989875793,0.045899999999999996
4.0,2114.410784959793,0.045899999999999996
4.0,2115.4170141220093,0.03829999999999997
4.0,2116.4236879348755,0.045899999999999996
4.0,2117.435438156128,0.046599999999999975
4.0,2118.442091703415,0.045899999999999996
4.0,2119.4529173374176,0.0461
4.0,2120.459582090378,0.045399999999999996
4.0,2121.4713022708893,0.0469
4.0,2122.472859621048,0.03829999999999997
4.0,2123.479578733444,0.045899999999999996
4.0,2124.486260175705,0.03829999999999997
4.0,2125.4878203868866,0.045899999999999996
4.0,2126.488960504532,0.045899999999999996
4.0,2127.4906089305878,0.045899999999999996
4.0,2128.5044293403625,0.045899999999999996
4.0,2130.5122599601746,0.045899999999999996
4.0,2131.5190420150757,0.04949999999999999
4.0,2132.524933576584,0.045899999999999996
4.0,2133.5400063991547,0.0461
4.0,2134.5468142032623,0.045899999999999996
4.0,2135.552939414978,0.03829999999999997
4.0,2136.559772014618,0.045899999999999996
4.0,2137.571789264679,0.045899999999999996
4.0,2138.578538417816,0.045899999999999996
4.0,2139.585479259491,0.045899999999999996
4.0,2140.5969302654266,0.0456
4.0,2141.6080887317657,0.045899999999999996
4.0,2142.6147611141205,0.045899999999999996
4.0,2143.6209115982056,0.045899999999999996
4.0,2144.6276531219482,0.045899999999999996
4.0,2145.634454727173,0.045899999999999996
4.0,2146.641018152237,0.045899999999999996
4.0,2147.6527528762817,0.045899999999999996
4.0,2148.668091773987,0.045899999999999996
4.0,2150.6758081912994,0.045899999999999996
4.0,2151.6825544834137,0.045899999999999996
4.0,2152.6942534446716,0.045899999999999996
4.0,2153.7009332180023,0.050299999999999984
4.0,2154.707729578018,0.0461
4.0,2155.714397907257,0.050299999999999984
4.0,2156.7261312007904,0.050299999999999984
4.0,2157.727689743042,0.0461
4.0,2158.7343690395355,0.0461
4.0,2159.7409374713898,0.050299999999999984
4.0,2160.7477107048035,0.045399999999999996
4.0,2161.7595448493958,0.045899999999999996
4.0,2162.760979413986,0.050299999999999984
4.0,2163.7677681446075,0.0461
4.0,2164.7796976566315,0.045899999999999996
4.0,2165.786367893219,0.04930000000000001
4.0,2166.792955636978,0.045899999999999996
4.0,2167.799749135971,0.045899999999999996
4.0,2168.8064160346985,0.0461
4.0,2170.814105272293,0.04930000000000001
4.0,2171.8249537944794,0.04949999999999999
4.0,2172.8315966129303,0.050299999999999984
4.0,2173.8382065296173,0.050299999999999984
4.0,2174.8449556827545,0.050299999999999984
4.0,2175.8517417907715,0.050299999999999984
4.0,2176.858398914337,0.050299999999999984
4.0,2177.8649826049805,0.050299999999999984
4.0,2178.880281686783,0.050299999999999984
4.0,2179.892045736313,0.050299999999999984
4.0,2180.89875125885,0.050299999999999984
4.0,2181.904957294464,0.050299999999999984
4.0,2182.916988134384,0.050299999999999984
4.0,2183.932950735092,0.04930000000000001
4.0,2184.9448642730713,0.050299999999999984
4.0,2185.9516158103943,0.04930000000000001
4.0,2186.9665381908417,0.050299999999999984
4.0,2187.973117828369,0.04930000000000001
4.0,2188.9800980091095,0.050299999999999984
4.0,2190.9954466819763,0.04930000000000001
4.0,2192.007158279419,0.04949999999999999
4.0,2193.02099943161,0.050299999999999984
4.0,2194.0351321697235,0.050299999999999984
4.0,2195.0409739017487,0.050299999999999984
4.0,2196.0477912425995,0.050299999999999984
4.0,2197.054487466812,0.050299999999999984
4.0,2198.060956954956,0.050299999999999984
4.0,2199.067708969116,0.050299999999999984
4.0,2200.0744371414185,0.050299999999999984
4.0,2201.08101272583,0.050299999999999984
4.0,2202.0877809524536,0.04930000000000001
4.0,2203.09455037117,0.050299999999999984
4.0,2204.1009333133698,0.04930000000000001
4.0,2205.1078069210052,0.050299999999999984
4.0,2206.1147813796997,0.04930000000000001
4.0,2207.1209802627563,0.050299999999999984
4.0,2208.1320531368256,0.04930000000000001
4.0,2209.1388144493103,0.050299999999999984
4.0,2211.1454071998596,0.04930000000000001
4.0,2212.152158021927,0.04949999999999999
4.0,2213.163741827011,0.050299999999999984
4.0,2214.1754472255707,0.050299999999999984
4.0,2215.1911537647247,0.050299999999999984
4.0,2216.1970949172974,0.050299999999999984
4.0,2217.1986966133118,0.050299999999999984
4.0,2218.2104227542877,0.050299999999999984
4.0,2219.217072725296,0.050299999999999984
4.0,2220.22381734848,0.050299999999999984
4.0,2221.2305698394775,0.050299999999999984
4.0,2222.232141017914,0.04930000000000001
4.0,2223.243980884552,0.050299999999999984
4.0,2224.2450683116913,0.050299999999999984
4.0,2225.2516827583313,0.050299999999999984
4.0,2226.2583808898926,0.04949999999999999
4.0,2227.2653064727783,0.050299999999999984
4.0,2228.272136926651,0.04930000000000001
4.0,2229.27881360054,0.050299999999999984
4.0,2231.29163312912,0.050299999999999984
4.0,2232.3060579299927,0.04949999999999999
4.0,2233.3209326267242,0.050299999999999984
4.0,2234.3361914157867,0.050299999999999984
4.0,2235.3429498672485,0.050299999999999984
4.0,2236.348910331726,0.050299999999999984
4.0,2237.3555562496185,0.050299999999999984
4.0,2238.3569614887238,0.050299999999999984
4.0,2239.3585357666016,0.050299999999999984
4.0,2240.3601627349854,0.050299999999999984
4.0,2241.3609688282013,0.050299999999999984
4.0,2242.3676450252533,0.050299999999999984
4.0,2243.374247789383,0.050299999999999984
4.0,2244.3810443878174,0.04930000000000001
4.0,2245.3876950740814,0.050299999999999984
4.0,2246.3994204998016,0.04930000000000001
4.0,2247.411144256592,0.050299999999999984
4.0,2248.4228677749634,0.04930000000000001
4.0,2249.4289135932922,0.050299999999999984
4.0,2251.4368257522583,0.050299999999999984
4.0,2252.443529844284,0.04949999999999999
4.0,2253.45028591156,0.050299999999999984
4.0,2254.4615750312805,0.050299999999999984
4.0,2255.4683091640472,0.050299999999999984
4.0,2256.4801590442657,0.050299999999999984
4.0,2257.4869022369385,0.050299999999999984
4.0,2258.492971420288,0.050299999999999984
4.0,2259.4995772838593,0.050299999999999984
4.0,2260.510434150696,0.050299999999999984
4.0,2261.5168800354004,0.045399999999999996
4.0,2262.526330947876,0.04930000000000001
4.0,2263.537925720215,0.050299999999999984
4.0,2264.5394637584686,0.04930000000000001
4.0,2265.546180486679,0.050299999999999984
4.0,2266.5610485076904,0.0461
4.0,2267.57280087471,0.0461
4.0,2268.579498767853,0.045899999999999996
4.0,2269.591402053833,0.0461
4.0,2271.5940310955048,0.045899999999999996
4.0,2272.5954961776733,0.04949999999999999
4.0,2273.6069078445435,0.045899999999999996
4.0,2274.6084990501404,0.050299999999999984
4.0,2275.6151864528656,0.0461
4.0,2276.6168537139893,0.0461
4.0,2277.6235411167145,0.050299999999999984
4.0,2278.636966228485,0.045899999999999996
4.0,2279.6438586711884,0.045899999999999996
4.0,2280.6555740833282,0.050299999999999984
4.0,2281.662162542343,0.04949999999999999
4.0,2282.6689484119415,0.0461
4.0,2283.675710439682,0.045899999999999996
4.0,2284.6823346614838,0.0461
4.0,2285.6890387535095,0.045899999999999996
4.0,2286.6957330703735,0.0461
4.0,2287.7074720859528,0.0461
4.0,2289.7152981758118,0.0461
4.0,2290.7220163345337,0.0461
4.0,2291.7287578582764,0.04519999999999999
4.0,2292.7355024814606,0.0461
4.0,2293.7369587421417,0.0461
4.0,2294.7437052726746,0.0461
4.0,2295.7449822425842,0.0461
4.0,2296.7516391277313,0.0461
4.0,2297.7584433555603,0.0461
4.0,2298.765009880066,0.045899999999999996
4.0,2299.7769486904144,0.03739999999999999
4.0,2300.7886996269226,0.0461
4.0,2301.795443534851,0.0461
4.0,2302.8074610233307,0.045899999999999996
4.0,2303.8209714889526,0.045899999999999996
4.0,2304.82754611969,0.04519999999999999
4.0,2305.8385620117188,0.04519999999999999
4.0,2306.8452548980713,0.04519999999999999
4.0,2307.85187625885,0.0461
4.0,2309.8540189266205,0.045899999999999996
4.0,2310.860894680023,0.0461
4.0,2311.867619037628,0.04519999999999999
4.0,2312.874424934387,0.0461
4.0,2313.8809621334076,0.0461
4.0,2314.88774394989,0.04519999999999999
4.0,2315.8944857120514,0.045899999999999996
4.0,2316.90628862381,0.045899999999999996
4.0,2317.9130148887634,0.045899999999999996
4.0,2318.9247636795044,0.0461
4.0,2319.9398832321167,0.045899999999999996
4.0,2320.9467566013336,0.0461
4.0,2321.9529190063477,0.04519999999999999
4.0,2322.964714050293,0.04519999999999999
4.0,2324.0042016506195,0.0451
4.0,2325.0233051776886,0.04519999999999999
4.0,2326.0318496227264,0.0451
4.0,2327.037760734558,0.045899999999999996
4.0,2329.0408687591553,0.0461
4.0,2330.04336643219,0.04519999999999999
4.0,2331.0466001033783,0.045899999999999996
4.0,2332.0488724708557,0.045899999999999996
4.0,2333.059942007065,0.04519999999999999
4.0,2334.080266237259,0.0461
4.0,2335.0996146202087,0.0451
4.0,2336.106110572815,0.045899999999999996
4.0,2337.1122708320618,0.0461
4.0,2338.1155128479004,0.04519999999999999
4.0,2339.118100166321,0.0451
4.0,2340.1213574409485,0.04519999999999999
4.0,2341.132868528366,0.04519999999999999
4.0,2342.1342318058014,0.045899999999999996
4.0,2343.135625600815,0.04519999999999999
4.0,2344.1368083953857,0.04519999999999999
4.0,2345.1432297229767,0.0451
4.0,2347.1529066562653,0.045899999999999996
4.0,2348.1596958637238,0.0461
4.0,2349.1712980270386,0.04519999999999999
4.0,2350.1775331497192,0.0451
4.0,2351.1889703273773,0.045899999999999996
4.0,2352.195667028427,0.04519999999999999
4.0,2353.2023808956146,0.0451
4.0,2354.2039585113525,0.0461
4.0,2355.2049634456635,0.04519999999999999
4.0,2356.206521511078,0.04519999999999999
4.0,2357.2129456996918,0.0456
4.0,2358.2196209430695,0.0461
4.0,2359.2263112068176,0.0461
4.0,2360.227886199951,0.0461
4.0,2361.239633321762,0.0461
4.0,2362.246330976486,0.04519999999999999
4.0,2363.2529768943787,0.04519999999999999
4.0,2364.2596912384033,0.0461
4.0,2365.266186237335,0.04519999999999999
4.0,2367.268833398819,0.045899999999999996
4.0,2368.2759585380554,0.0461
4.0,2369.2878489494324,0.04519999999999999
4.0,2370.294630765915,0.0451
4.0,2371.305562734604,0.0461
4.0,2372.312324285507,0.0451
4.0,2373.324033498764,0.04519999999999999
4.0,2374.335768699646,0.0461
4.0,2375.342495203018,0.04519999999999999
4.0,2376.3489656448364,0.04519999999999999
4.0,2377.3557147979736,0.045899999999999996
4.0,2378.3623836040497,0.04519999999999999
4.0,2379.374204158783,0.04519999999999999
4.0,2380.380922794342,0.04519999999999999
4.0,2381.38769698143,0.0461
4.0,2382.394467830658,0.04519999999999999
4.0,2383.406269788742,0.04519999999999999
4.0,2384.4129605293274,0.0451
4.0,2386.420800924301,0.04519999999999999
4.0,2387.42764544487,0.04519999999999999
4.0,2388.434252023697,0.045899999999999996
4.0,2389.4409458637238,0.04519999999999999
4.0,2390.4526891708374,0.04519999999999999
4.0,2391.459494829178,0.045899999999999996
4.0,2392.4713220596313,0.045899999999999996
4.0,2393.478066444397,0.045899999999999996
4.0,2394.484892845154,0.0461
4.0,2395.4915585517883,0.04519999999999999
4.0,2396.5033843517303,0.045399999999999996
4.0,2397.5095109939575,0.045899999999999996
4.0,2398.5162992477417,0.045899999999999996
4.0,2399.5169813632965,0.0461
4.0,2400.5237276554108,0.045899999999999996
4.0,2401.5354981422424,0.045899999999999996
4.0,2402.537011861801,0.04519999999999999
4.0,2403.5386674404144,0.04930000000000001
4.0,2404.5449476242065,0.04519999999999999
4.0,2406.54763507843,0.04519999999999999
4.0,2407.5542480945587,0.03739999999999999
4.0,2408.561002254486,0.04519999999999999
4.0,2409.562568664551,0.04519999999999999
4.0,2410.5640456676483,0.03739999999999999
4.0,2411.5757434368134,0.04519999999999999
4.0,2412.587577342987,0.04519999999999999
4.0,2413.588963985443,0.04519999999999999
4.0,2414.6049671173096,0.0451
4.0,2415.606561422348,0.045899999999999996
4.0,2416.6081619262695,0.04519999999999999
4.0,2417.6149230003357,0.04519999999999999
4.0,2418.620935678482,0.04519999999999999
4.0,2419.62762594223,0.0451
4.0,2420.634318590164,0.04519999999999999
4.0,2421.6411209106445,0.0451
4.0,2422.6427404880524,0.04519999999999999
4.0,2423.65447974205,0.04519999999999999
4.0,2425.656943798065,0.04519999999999999
4.0,2426.668225288391,0.04519999999999999
4.0,2427.6799609661102,0.04519999999999999
4.0,2428.6916840076447,0.04519999999999999
4.0,2429.7034521102905,0.04519999999999999
4.0,2430.704789161682,0.04519999999999999
4.0,2431.711465358734,0.04519999999999999
4.0,2432.718193769455,0.04519999999999999
4.0,2433.7249121665955,0.04519999999999999
4.0,2434.736892223358,0.04519999999999999
4.0,2435.7435727119446,0.04519999999999999
4.0,2436.7587671279907,0.03739999999999999
4.0,2437.7704916000366,0.04519999999999999
4.0,2438.772036790848,0.04519999999999999
4.0,2439.7787568569183,0.04519999999999999
4.0,2440.790692806244,0.04519999999999999
4.0,2441.8046798706055,0.04519999999999999
4.0,2442.8190488815308,0.04519999999999999
4.0,2443.8249700069427,0.04519999999999999
4.0,2445.8375420570374,0.04519999999999999
4.0,2446.849010705948,0.03739999999999999
4.0,2447.8641560077667,0.04519999999999999
4.0,2448.8787541389465,0.04519999999999999
4.0,2449.8849647045135,0.045899999999999996
4.0,2450.8916528224945,0.04519999999999999
4.0,2451.893065929413,0.04519999999999999
4.0,2452.907021522522,0.03739999999999999
4.0,2453.9130761623383,0.04519999999999999
4.0,2454.9195787906647,0.03739999999999999
4.0,2455.935005426407,0.04519999999999999
4.0,2456.940979242325,0.04519999999999999
4.0,2457.9527101516724,0.04519999999999999
4.0,2458.9664249420166,0.04519999999999999
4.0,2459.972932100296,0.04519999999999999
4.0,2460.9847614765167,0.04519999999999999
4.0,2462.000952720642,0.03739999999999999
4.0,2463.007915019989,0.04519999999999999
4.0,2464.01443195343,0.03739999999999999
4.0,2466.0220606327057,0.04519999999999999
4.0,2467.0365438461304,0.04519999999999999
4.0,2468.0502638816833,0.04519999999999999
4.0,2469.062208175659,0.0461
4.0,2470.068907022476,0.03739999999999999
4.0,2471.07568192482,0.0451
4.0,2472.0824580192566,0.045899999999999996
4.0,2473.0889785289764,0.04519999999999999
4.0,2474.100920677185,0.04519999999999999
4.0,2475.107633113861,0.045899999999999996
4.0,2476.114269256592,0.0451
4.0,2477.1209881305695,0.04519999999999999
4.0,2478.1329267024994,0.04519999999999999
4.0,2479.139724969864,0.0461
4.0,2480.1464784145355,0.0461
4.0,2481.1529698371887,0.045899999999999996
4.0,2482.1598806381226,0.0461
4.0,2483.166442632675,0.04519999999999999
4.0,2484.167999267578,0.0451
4.0,2486.1700236797333,0.04519999999999999
4.0,2487.1715013980865,0.045899999999999996
4.0,2488.1782064437866,0.04519999999999999
4.0,2489.1851279735565,0.0461
4.0,2490.1919531822205,0.04519999999999999
4.0,2491.198731660843,0.04519999999999999
4.0,2492.2050244808197,0.045899999999999996
4.0,2493.2118039131165,0.04519999999999999
4.0,2494.2185628414154,0.04519999999999999
4.0,2495.2303552627563,0.0461
4.0,2496.23690533638,0.0461
4.0,2497.2437477111816,0.0461
4.0,2498.258304834366,0.045899999999999996
4.0,2499.272971868515,0.0461
4.0,2500.286898136139,0.0461
4.0,2501.2986845970154,0.03739999999999999
4.0,2502.305020093918,0.04519999999999999
4.0,2504.3129155635834,0.04519999999999999
4.0,2505.319767475128,0.0451
4.0,2506.3344209194183,0.0461
4.0,2507.340966463089,0.045899999999999996
4.0,2508.3477668762207,0.04519999999999999
4.0,2509.3489723205566,0.0461
4.0,2510.3643481731415,0.04519999999999999
4.0,2511.378662109375,0.0461
4.0,2512.3849489688873,0.0461
4.0,2513.3916335105896,0.04519999999999999
4.0,2514.3982408046722,0.04519999999999999
4.0,2515.404941558838,0.045899999999999996
4.0,2516.411751270294,0.0461
4.0,2517.418493270874,0.0461
4.0,2518.4302122592926,0.045899999999999996
4.0,2519.4318296909332,0.0461
4.0,2520.4385306835175,0.0461
4.0,2521.440135240555,0.04519999999999999
4.0,2522.446926355362,0.0461
4.0,2524.453996181488,0.0461
4.0,2525.467975139618,0.04519999999999999
4.0,2526.479839324951,0.045899999999999996
4.0,2527.4809277057648,0.04519999999999999
4.0,2528.4876227378845,0.0461
4.0,2529.4943029880524,0.0461
4.0,2530.501080751419,0.04519999999999999
4.0,2531.5129647254944,0.04519999999999999
4.0,2532.5196902751923,0.045899999999999996
4.0,2533.526383638382,0.0451
4.0,2534.5329632759094,0.0456
4.0,2535.5397074222565,0.0461
4.0,2536.546464443207,0.04519999999999999
4.0,2537.552932024002,0.045899999999999996
4.0,2538.559683561325,0.0461
4.0,2539.5663392543793,0.0461
4.0,2540.5729916095734,0.045899999999999996
4.0,2541.5797312259674,0.0461
4.0,2542.5864503383636,0.0461
4.0,2544.5992357730865,0.045899999999999996
4.0,2545.6110208034515,0.045899999999999996
4.0,2546.612007379532,0.0461
4.0,2547.6264610290527,0.04519999999999999
4.0,2548.640509366989,0.045899999999999996
4.0,2549.6524801254272,0.0461
4.0,2550.6591873168945,0.04519999999999999
4.0,2551.666102409363,0.0461
4.0,2552.6728224754333,0.0461
4.0,2553.6794838905334,0.04519999999999999
4.0,2554.6862161159515,0.045399999999999996
4.0,2555.6929433345795,0.0461
4.0,2556.6995639801025,0.0461
4.0,2557.706374645233,0.04519999999999999
4.0,2558.718116044998,0.04519999999999999
4.0,2559.7249040603638,0.04519999999999999
4.0,2560.7401292324066,0.04519999999999999
4.0,2561.7467856407166,0.04519999999999999
4.0,2562.758628845215,0.045899999999999996
4.0,2564.766027212143,0.0461
4.0,2565.780937194824,0.04519999999999999
4.0,2566.7824969291687,0.045899999999999996
4.0,2567.788898229599,0.0461
4.0,2568.8002808094025,0.04519999999999999
4.0,2569.844707965851,0.0461
4.0,2570.8470566272736,0.04519999999999999
4.0,2571.8523576259613,0.04519999999999999
4.0,2572.8538885116577,0.0461
4.0,2573.8706419467926,0.04519999999999999
4.0,2574.875468969345,0.045399999999999996
4.0,2575.9032282829285,0.0461
4.0,2576.918520450592,0.0451
4.0,2577.921058177948,0.0461
4.0,2578.9390811920166,0.0461
4.0,2579.9443798065186,0.0461
4.0,2580.953072786331,0.045899999999999996
4.0,2581.9574995040894,0.045899999999999996
4.0,2582.9601831436157,0.045899999999999996
4.0,2584.9716370105743,0.0461
4.0,2585.9741067886353,0.0461
4.0,2586.9806566238403,0.045899999999999996
4.0,2587.9871990680695,0.04519999999999999
4.0,2588.9886977672577,0.04519999999999999
4.0,2589.9989426136017,0.03739999999999999
4.0,2591.000498533249,0.04519999999999999
4.0,2592.0074520111084,0.045899999999999996
4.0,2593.0141530036926,0.04519999999999999
4.0,2594.020909547806,0.04519999999999999
4.0,2595.02778172493,0.045399999999999996
4.0,2596.0394628047943,0.04519999999999999
4.0,2597.056081056595,0.0451
4.0,2598.0569024086,0.04519999999999999
4.0,2599.0718865394592,0.04519999999999999
4.0,2600.0786101818085,0.04519999999999999
4.0,2601.084963798523,0.04519999999999999
4.0,2602.091661453247,0.04519999999999999
4.0,2603.103467941284,0.045899999999999996
4.0,2605.1112682819366,0.045899999999999996
4.0,2606.1129322052,0.04519999999999999
4.0,2607.114488840103,0.0461
4.0,2608.1211054325104,0.04949999999999999
4.0,2609.1329436302185,0.0461
4.0,2610.13973236084,0.04519999999999999
4.0,2611.146397590637,0.04519999999999999
4.0,2612.1529281139374,0.045899999999999996
4.0,2613.1544468402863,0.04519999999999999
4.0,2614.166224718094,0.04519999999999999
4.0,2615.1729505062103,0.03739999999999999
4.0,2616.1796674728394,0.0461
4.0,2617.180955886841,0.03739999999999999
4.0,2618.1877472400665,0.0451
4.0,2619.1935410499573,0.04519999999999999
4.0,2620.2003302574158,0.04519999999999999
4.0,2621.215537548065,0.04519999999999999
4.0,2622.222300052643,0.04930000000000001
4.0,2623.229172229767,0.04519999999999999
4.0,2625.237046957016,0.04519999999999999
4.0,2626.2437360286713,0.04519999999999999
4.0,2627.255439043045,0.04519999999999999
4.0,2628.262190103531,0.04519999999999999
4.0,2629.26896071434,0.03739999999999999
4.0,2630.275702238083,0.0451
4.0,2631.28240609169,0.04519999999999999
4.0,2632.2889425754547,0.0451
4.0,2633.3041281700134,0.04519999999999999
4.0,2634.3108739852905,0.0451
4.0,2635.32497215271,0.04519999999999999
4.0,2636.331839323044,0.0461
4.0,2637.3385610580444,0.04519999999999999
4.0,2638.344898700714,0.04519999999999999
4.0,2639.3516306877136,0.04949999999999999
4.0,2640.363449573517,0.04519999999999999
4.0,2641.3769538402557,0.04949999999999999
4.0,2642.3887119293213,0.04519999999999999
4.0,2643.403369665146,0.04519999999999999
4.0,2645.411126613617,0.04519999999999999
4.0,2646.4249737262726,0.04519999999999999
4.0,2647.4316449165344,0.04519999999999999
4.0,2648.438428401947,0.04519999999999999
4.0,2649.444915533066,0.04519999999999999
4.0,2650.4516932964325,0.0451
4.0,2651.4583568573,0.04519999999999999
4.0,2652.4649510383606,0.04519999999999999
4.0,2653.466498374939,0.04949999999999999
4.0,2654.472932100296,0.04519999999999999
4.0,2655.4793050289154,0.0451
4.0,2656.4860033988953,0.04519999999999999
4.0,2657.4973754882812,0.04519999999999999
4.0,2658.504084587097,0.04519999999999999
4.0,2659.5107746124268,0.04519999999999999
4.0,2660.5169548988342,0.0451
4.0,2661.5237324237823,0.04519999999999999
4.0,2662.5304923057556,0.04519999999999999
4.0,2663.537164926529,0.04519999999999999
4.0,2665.5448019504547,0.04519999999999999
4.0,2666.5514566898346,0.04949999999999999
4.0,2667.5679342746735,0.04519999999999999
4.0,2668.5689868927,0.04519999999999999
4.0,2669.5756373405457,0.04949999999999999
4.0,2670.5824184417725,0.04519999999999999
4.0,2671.5890402793884,0.04519999999999999
4.0,2672.5957810878754,0.04949999999999999
4.0,2673.6024339199066,0.04519999999999999
4.0,2674.6089346408844,0.04519999999999999
4.0,2675.6157500743866,0.04519999999999999
4.0,2676.622218847275,0.04930000000000001
4.0,2677.6326525211334,0.0451
4.0,2678.6393530368805,0.04519999999999999
4.0,2679.6511754989624,0.04519999999999999
4.0,2680.6629359722137,0.04519999999999999
4.0,2681.668952703476,0.0451
4.0,2682.6807312965393,0.04519999999999999
4.0,2683.6875240802765,0.04519999999999999
4.0,2685.700335741043,0.04519999999999999
4.0,2686.714444875717,0.04949999999999999
4.0,2687.7250401973724,0.04519999999999999
4.0,2688.736839056015,0.04519999999999999
4.0,2689.747577190399,0.04949999999999999
4.0,2690.7544453144073,0.04519999999999999
4.0,2691.770049095154,0.04519999999999999
4.0,2692.7715935707092,0.04949999999999999
4.0,2693.7784337997437,0.04519999999999999
4.0,2694.7849419116974,0.04519999999999999
4.0,2695.7915720939636,0.04949999999999999
4.0,2696.7983639240265,0.04519999999999999
4.0,2697.804965019226,0.04949999999999999
4.0,2698.8117735385895,0.0451
4.0,2699.8184871673584,0.04979999999999998
4.0,2700.8302516937256,0.04879999999999998
4.0,2701.844156742096,0.04879999999999998
4.0,2702.859169483185,0.04899999999999999
4.0,2703.8708839416504,0.045899999999999996
4.0,2705.883889913559,0.045899999999999996
4.0,2706.890669822693,0.045899999999999996
4.0,2707.9025435447693,0.045899999999999996
4.0,2708.9142842292786,0.04999999999999999
4.0,2709.9209265708923,0.049600000000000005
4.0,2710.9326882362366,0.049600000000000005
4.0,2711.939274072647,0.049600000000000005
4.0,2712.9511013031006,0.04999999999999999
4.0,2713.95693731308,0.04999999999999999
4.0,2714.9713141918182,0.04999999999999999
4.0,2715.985007286072,0.04999999999999999
4.0,2716.997072458267,0.04999999999999999
4.0,2718.0039134025574,0.04930000000000001
4.0,2719.0157628059387,0.049600000000000005
4.0,2720.022437810898,0.049600000000000005
4.0,2721.034155845642,0.049600000000000005
4.0,2722.040944814682,0.049600000000000005
4.0,2723.047703742981,0.049600000000000005
4.0,2724.054429769516,0.04979999999999998
4.0,2726.0673727989197,0.04979999999999998
4.0,2727.0741782188416,0.04979999999999998
4.0,2728.0757875442505,0.04979999999999998
4.0,2729.0825345516205,0.04979999999999998
4.0,2730.0842146873474,0.04979999999999998
4.0,2731.095903158188,0.04979999999999998
4.0,2732.10244345665,0.04979999999999998
4.0,2733.1089692115784,0.04979999999999998
4.0,2734.1157643795013,0.045899999999999996
4.0,2735.1225578784943,0.049600000000000005
4.0,2736.134288787842,0.049600000000000005
4.0,2737.135908842087,0.04949999999999999
4.0,2738.1425228118896,0.04979999999999998
4.0,2739.1489946842194,0.04949999999999999
4.0,2740.1607580184937,0.04979999999999998
4.0,2741.167553424835,0.04930000000000001
4.0,2742.1792800426483,0.0451
4.0,2743.1909759044647,0.0451
4.0,2744.196990966797,0.04930000000000001
4.0,2746.2049584388733,0.04930000000000001
4.0,2747.211683988571,0.0451
4.0,2748.218483686447,0.04930000000000001
4.0,2749.2352702617645,0.04930000000000001
4.0,2750.242015361786,0.0451
4.0,2751.24888753891,0.04930000000000001
4.0,2752.255721092224,0.0451
4.0,2753.267466068268,0.0451
4.0,2754.274214744568,0.053599999999999995
4.0,2755.2809658050537,0.0451
4.0,2756.287939786911,0.04930000000000001
4.0,2757.302191257477,0.0451
4.0,2758.313937187195,0.0451
4.0,2759.3286652565002,0.0451
4.0,2760.335500717163,0.0451
4.0,2761.3422219753265,0.0451
4.0,2762.3489866256714,0.0451
4.0,2763.355717897415,0.0451
4.0,2764.3623554706573,0.0451
4.0,2766.370062828064,0.04930000000000001
4.0,2767.3819456100464,0.0451
4.0,2768.4136238098145,0.0451
4.0,2769.4249255657196,0.0451
4.0,2770.4303612709045,0.04949999999999999
4.0,2771.4500646591187,0.0451
4.0,2772.456654548645,0.04949999999999999
4.0,2773.459858894348,0.04930000000000001
4.0,2774.461420059204,0.0451
4.0,2775.475891828537,0.0451
4.0,2776.4948258399963,0.04949999999999999
4.0,2777.499440908432,0.04930000000000001
4.0,2778.5080528259277,0.0451
4.0,2779.5107243061066,0.0451
4.0,2780.5243322849274,0.0451
4.0,2781.532606601715,0.04930000000000001
4.0,2782.5364570617676,0.04949999999999999
4.0,2783.5456895828247,0.04909999999999998
4.0,2784.547252178192,0.0451
4.0,2786.5489060878754,0.04930000000000001
4.0,2787.55145406723,0.04949999999999999
4.0,2788.560737133026,0.0451
4.0,2789.567314386368,0.0451
4.0,2790.5687482357025,0.04949999999999999
4.0,2791.575309753418,0.0451
4.0,2792.581950187683,0.0451
4.0,2793.5833518505096,0.04930000000000001
4.0,2794.592912197113,0.0451
4.0,2795.5996112823486,0.04949999999999999
4.0,2796.6063606739044,0.0451
4.0,2797.6130106449127,0.0451
4.0,2798.619071006775,0.0451
4.0,2799.6321806907654,0.0451
4.0,2800.638952732086,0.04930000000000001
4.0,2801.6508717536926,0.04949999999999999
4.0,2802.6626603603363,0.04930000000000001
4.0,2804.66921710968,0.04949999999999999
4.0,2805.67596578598,0.04519999999999999
4.0,2806.6769897937775,0.04949999999999999
4.0,2807.683780670166,0.0451
4.0,2808.6955614089966,0.0451
4.0,2809.7016401290894,0.0537
4.0,2810.716982603073,0.0451
4.0,2811.728847503662,0.04949999999999999
4.0,2812.735533952713,0.04949999999999999
4.0,2813.74733710289,0.04949999999999999
4.0,2814.7488956451416,0.04949999999999999
4.0,2815.7637281417847,0.04909999999999998
4.0,2816.770476579666,0.0451
4.0,2817.7823321819305,0.0451
4.0,2818.7941222190857,0.04949999999999999
4.0,2819.8008172512054,0.04930000000000001
4.0,2820.8075098991394,0.04949999999999999
4.0,2821.814194917679,0.04930000000000001
4.0,2822.820948123932,0.04949999999999999
4.0,2824.8329207897186,0.04879999999999998
4.0,2825.8447585105896,0.04949999999999999
4.0,2826.8514335155487,0.04949999999999999
4.0,2827.863237142563,0.04949999999999999
4.0,2828.868965625763,0.04949999999999999
4.0,2829.880818605423,0.04949999999999999
4.0,2830.8874673843384,0.04519999999999999
4.0,2831.8941020965576,0.0451
4.0,2832.9009552001953,0.04949999999999999
4.0,2833.9076783657074,0.04519999999999999
4.0,2834.908960342407,0.04949999999999999
4.0,2835.915739774704,0.04519999999999999
4.0,2836.922414779663,0.04949999999999999
4.0,2837.9291574954987,0.04930000000000001
4.0,2838.93590593338,0.04519999999999999
4.0,2839.936977624893,0.04519999999999999
4.0,2840.9436588287354,0.04519999999999999
4.0,2841.9501547813416,0.0451
4.0,2842.964605808258,0.04519999999999999
4.0,2844.9724683761597,0.04519999999999999
4.0,2845.9792466163635,0.04930000000000001
4.0,2846.9849412441254,0.04949999999999999
4.0,2847.991683959961,0.04949999999999999
4.0,2848.99836397171,0.0451
4.0,2850.004964351654,0.04949999999999999
4.0,2851.0117497444153,0.04949999999999999
4.0,2852.018487215042,0.04519999999999999
4.0,2853.03054022789,0.04949999999999999
4.0,2854.0369696617126,0.04949999999999999
4.0,2855.0436866283417,0.04949999999999999
4.0,2856.0449538230896,0.04930000000000001
4.0,2857.051599264145,0.0451
4.0,2858.058261871338,0.04519999999999999
4.0,2859.0651268959045,0.04519999999999999
4.0,2860.0769135951996,0.04930000000000001
4.0,2861.083583831787,0.04519999999999999
4.0,2862.090214252472,0.04519999999999999
4.0,2863.097007036209,0.04519999999999999
4.0,2865.104012966156,0.04519999999999999
4.0,2866.1049575805664,0.04949999999999999
4.0,2867.1117537021637,0.04519999999999999
4.0,2868.118494272232,0.04949999999999999
4.0,2869.1303696632385,0.04949999999999999
4.0,2870.142094373703,0.04519999999999999
4.0,2871.148857355118,0.04949999999999999
4.0,2872.1555733680725,0.0451
4.0,2873.1623380184174,0.04519999999999999
4.0,2874.1639020442963,0.04949999999999999
4.0,2875.1756603717804,0.04519999999999999
4.0,2876.17702960968,0.04930000000000001
4.0,2877.1785702705383,0.04949999999999999
4.0,2878.184916496277,0.04519999999999999
4.0,2879.1994342803955,0.04949999999999999
4.0,2880.20623588562,0.04519999999999999
4.0,2881.2129843235016,0.04949999999999999
4.0,2882.2197074890137,0.04930000000000001
4.0,2883.231701374054,0.04949999999999999
4.0,2885.2438504695892,0.04519999999999999
4.0,2886.2504501342773,0.04949999999999999
4.0,2887.264988183975,0.04519999999999999
4.0,2888.2717134952545,0.04949999999999999
4.0,2889.283596277237,0.04949999999999999
4.0,2890.2902653217316,0.04519999999999999
4.0,2891.296970129013,0.04949999999999999
4.0,2892.3088035583496,0.04949999999999999
4.0,2893.3156445026398,0.0451
4.0,2894.3223593235016,0.04519999999999999
4.0,2895.3289432525635,0.0451
4.0,2896.3407366275787,0.04519999999999999
4.0,2897.3475613594055,0.04519999999999999
4.0,2898.35431265831,0.0451
4.0,2899.3660678863525,0.04519999999999999
4.0,2900.372832298279,0.04519999999999999
4.0,2901.3878149986267,0.04519999999999999
4.0,2902.394599199295,0.04519999999999999
4.0,2903.3962495326996,0.04519999999999999
4.0,2905.4041566848755,0.04519999999999999
4.0,2906.410861492157,0.04519999999999999
4.0,2907.4170434474945,0.04519999999999999
4.0,2908.4288885593414,0.04949999999999999
4.0,2909.435580253601,0.04519999999999999
4.0,2910.4423928260803,0.04949999999999999
4.0,2911.44895195961,0.04949999999999999
4.0,2912.455664873123,0.04949999999999999
4.0,2913.4624853134155,0.04519999999999999
4.0,2914.469004869461,0.04949999999999999
4.0,2915.4705715179443,0.04930000000000001
4.0,2916.47692322731,0.04949999999999999
4.0,2917.483662843704,0.04930000000000001
4.0,2918.4955167770386,0.04949999999999999
4.0,2919.4968864917755,0.04930000000000001
4.0,2920.506922006607,0.04949999999999999
4.0,2921.508469104767,0.04930000000000001
4.0,2922.5201971530914,0.04949999999999999
4.0,2924.5329740047455,0.04930000000000001
4.0,2925.53972697258,0.04519999999999999
4.0,2926.546526670456,0.04949999999999999
4.0,2927.5529363155365,0.04519999999999999
4.0,2928.558984041214,0.04519999999999999
4.0,2929.56494140625,0.04949999999999999
4.0,2930.5716326236725,0.04519999999999999
4.0,2931.5781042575836,0.04949999999999999
4.0,2932.5848639011383,0.04949999999999999
4.0,2933.591806411743,0.04519999999999999
4.0,2934.603528738022,0.04949999999999999
4.0,2935.6152527332306,0.0537
4.0,2936.627005338669,0.04949999999999999
4.0,2937.6387424468994,0.04930000000000001
4.0,2938.6449258327484,0.04519999999999999
4.0,2939.651803970337,0.04519999999999999
4.0,2940.6638312339783,0.04519999999999999
4.0,2941.6834869384766,0.04519999999999999
4.0,2942.7066657543182,0.0451
4.0,2944.7109723091125,0.04519999999999999
4.0,2945.716456890106,0.04519999999999999
4.0,2946.7338542938232,0.04949999999999999
4.0,2947.73881816864,0.04519999999999999
4.0,2948.746587753296,0.04519999999999999
4.0,2949.750146627426,0.04519999999999999
4.0,2950.7531814575195,0.04519999999999999
4.0,2951.754860162735,0.04519999999999999
4.0,2952.7647778987885,0.04949999999999999
4.0,2953.7713050842285,0.04519999999999999
4.0,2954.779238462448,0.04949999999999999
4.0,2955.7807393074036,0.04519999999999999
4.0,2956.7873888015747,0.04519999999999999
4.0,2957.793998479843,0.04930000000000001
4.0,2958.804901599884,0.04519999999999999
4.0,2959.8065650463104,0.04519999999999999
4.0,2960.8129377365112,0.04519999999999999
4.0,2961.819675207138,0.04519999999999999
4.0,2962.831425189972,0.04519999999999999
4.0,2964.8444516658783,0.04519999999999999
4.0,2965.8512122631073,0.04519999999999999
4.0,2966.8605506420135,0.04519999999999999
4.0,2967.8673214912415,0.04519999999999999
4.0,2968.8689115047455,0.04519999999999999
4.0,2969.880697488785,0.04519999999999999
4.0,2970.887419462204,0.04519999999999999
4.0,2971.8941655158997,0.04519999999999999
4.0,2972.905960559845,0.04949999999999999
4.0,2973.917058944702,0.04519999999999999
4.0,2974.932951450348,0.04519999999999999
4.0,2975.9397270679474,0.04930000000000001
4.0,2976.951656103134,0.04949999999999999
4.0,2977.95845246315,0.04949999999999999
4.0,2978.9702713489532,0.04519999999999999
4.0,2979.976943731308,0.04519999999999999
4.0,2980.9918274879456,0.04519999999999999
4.0,2981.9984657764435,0.04519999999999999
4.0,2983.0000393390656,0.04519999999999999
4.0,2985.0021097660065,0.04519999999999999
4.0,2986.0088999271393,0.04519999999999999
4.0,2987.0153765678406,0.04519999999999999
4.0,2988.02210021019,0.04949999999999999
4.0,2989.0369460582733,0.04519999999999999
4.0,2990.0511527061462,0.04519999999999999
4.0,2991.0673489570618,0.04519999999999999
4.0,2992.0740213394165,0.04519999999999999
4.0,2993.080885410309,0.04519999999999999
4.0,2994.0926740169525,0.04519999999999999
4.0,2995.104544878006,0.04519999999999999
4.0,2996.1113827228546,0.04519999999999999
4.0,2997.1181921958923,0.04519999999999999
4.0,2998.1197798252106,0.04519999999999999
4.0,2999.1263937950134,0.03739999999999999
4.0,3000.127952337265,0.04519999999999999
4.0,3001.1346549987793,0.04519999999999999
4.0,3003.1420991420746,0.04519999999999999
4.0,3004.14369225502,0.04519999999999999
4.0,3005.1453170776367,0.04519999999999999
4.0,3006.1470804214478,0.04519999999999999
4.0,3007.148689508438,0.04519999999999999
4.0,3008.1646955013275,0.04519999999999999
4.0,3009.171474456787,0.04519999999999999
4.0,3010.183307170868,0.04949999999999999
4.0,3011.1991379261017,0.03739999999999999
4.0,3012.2049391269684,0.04949999999999999
4.0,3013.211673259735,0.04519999999999999
4.0,3014.218398332596,0.04519999999999999
4.0,3015.230120897293,0.04519999999999999
4.0,3016.2368626594543,0.04519999999999999
4.0,3017.2383999824524,0.04519999999999999
4.0,3018.244992494583,0.04519999999999999
4.0,3019.246593475342,0.04949999999999999
4.0,3020.252927303314,0.04930000000000001
4.0,3021.2595682144165,0.04519999999999999
4.0,3023.267421245575,0.0451
4.0,3024.274156808853,0.04519999999999999
4.0,3025.2810146808624,0.04519999999999999
4.0,3026.292835712433,0.04519999999999999
4.0,3027.2995250225067,0.04519999999999999
4.0,3028.3131148815155,0.04519999999999999
4.0,3029.327650308609,0.04519999999999999
4.0,3030.328957796097,0.04519999999999999
4.0,3031.334903717041,0.04519999999999999
4.0,3032.3409390449524,0.04519999999999999
4.0,3033.3469359874725,0.04519999999999999
4.0,3034.3609642982483,0.04519999999999999
4.0,3035.402377128601,0.04519999999999999
4.0,3036.4058635234833,0.04519999999999999
4.0,3037.4293377399445,0.04519999999999999
4.0,3038.4357879161835,0.04519999999999999
4.0,3039.439266681671,0.0461
4.0,3040.442480802536,0.04519999999999999
4.0,3041.4454724788666,0.04519999999999999
4.0,3043.4489629268646,0.04519999999999999
4.0,3044.4512977600098,0.04519999999999999
6.0,3045.453511953354,0.0461
6.0,3046.467179775238,0.04519999999999999
6.0,3047.468878507614,0.04519999999999999
6.0,3048.4754281044006,0.0461
6.0,3049.481993198395,0.04519999999999999
6.0,3050.4886214733124,0.04519999999999999
6.0,3051.495300769806,0.04519999999999999
6.0,3052.496882200241,0.04519999999999999
6.0,3053.5085451602936,0.04519999999999999
6.0,3054.5154707431793,0.04519999999999999
6.0,3055.5221247673035,0.04930000000000001
6.0,3056.529002428055,0.0469
6.0,3057.540937423706,0.051199999999999996
6.0,3058.547786951065,0.04780000000000001
6.0,3059.554571866989,0.05199999999999999
6.0,3061.562031507492,0.048099999999999976
6.0,3062.5688259601593,0.0529
6.0,3063.57563328743,0.0529
6.0,3064.582448720932,0.0529
6.0,3065.5889763832092,0.0529
6.0,3066.5956869125366,0.0529
6.0,3067.6023960113525,0.0571
6.0,3068.609078168869,0.0529
6.0,3069.6157581806183,0.0529
6.0,3070.622453927994,0.0529
6.0,3071.634265899658,0.0529
6.0,3072.6358165740967,0.04930000000000001
6.0,3073.6369671821594,0.0537
6.0,3074.6437067985535,0.04930000000000001
6.0,3075.6503553390503,0.054599999999999996
6.0,3076.6569588184357,0.051199999999999996
6.0,3077.6716701984406,0.05539999999999999
6.0,3078.6783826351166,0.051199999999999996
6.0,3079.685212612152,0.05629999999999999
6.0,3081.7010049819946,0.05199999999999999
6.0,3082.707818508148,0.05629999999999999
6.0,3083.7147285938263,0.0571
6.0,3084.7265186309814,0.0529
6.0,3085.73295712471,0.0529
6.0,3086.7396352291107,0.0571
6.0,3087.7465076446533,0.0529
6.0,3088.7610001564026,0.0571
6.0,3089.775871515274,0.0529
6.0,3090.790774822235,0.0571
6.0,3091.8025920391083,0.0571
6.0,3092.8089389801025,0.0571
6.0,3093.815479516983,0.0537
6.0,3094.8220715522766,0.057999999999999996
6.0,3095.8289835453033,0.054599999999999996
6.0,3096.844157218933,0.05879999999999999
6.0,3097.859034538269,0.054599999999999996
6.0,3098.870773792267,0.05969999999999999
6.0,3099.8982689380646,0.05969999999999999
6.0,3101.9252791404724,0.05539999999999999
6.0,3102.9421446323395,0.0605
6.0,3103.94921875,0.0605
6.0,3104.954976081848,0.0605
6.0,3105.9565415382385,0.0605
6.0,3106.958256006241,0.0605
6.0,3107.9600915908813,0.0605
6.0,3108.961992263794,0.0605
6.0,3109.9656023979187,0.0605
6.0,3110.9674994945526,0.0605
6.0,3111.9696123600006,0.0605
6.0,3112.9721653461456,0.0605
6.0,3113.975284099579,0.0571
6.0,3114.9773025512695,0.061399999999999996
6.0,3115.978780031204,0.061399999999999996
6.0,3116.9808864593506,0.06219999999999999
6.0,3117.990462064743,0.06219999999999999
6.0,3118.996874332428,0.057999999999999996
6.0,3120.0034720897675,0.06319999999999999
6.0,3122.0112512111664,0.05879999999999999
6.0,3123.022753715515,0.05879999999999999
6.0,3124.029044866562,0.05879999999999999
6.0,3125.0407967567444,0.05879999999999999
6.0,3126.054630756378,0.05879999999999999
6.0,3127.0670773983,0.05539999999999999
6.0,3128.078813314438,0.05879999999999999
6.0,3129.0940783023834,0.05969999999999999
6.0,3130.1086037158966,0.05969999999999999
6.0,3131.1243257522583,0.05969999999999999
6.0,3132.1307604312897,0.05969999999999999
6.0,3133.142582178116,0.06389999999999998
6.0,3134.1489429473877,0.06409999999999999
6.0,3135.155641555786,0.0605
6.0,3136.156958580017,0.06489999999999999
6.0,3137.163674354553,0.06489999999999999
6.0,3138.1702983379364,0.061399999999999996
6.0,3139.182198047638,0.06559999999999999
6.0,3140.1827569007874,0.06579999999999998
6.0,3142.192948102951,0.061399999999999996
6.0,3143.2066128253937,0.06219999999999999
6.0,3144.208215236664,0.06219999999999999
6.0,3145.2149674892426,0.06219999999999999
6.0,3146.2209441661835,0.06219999999999999
6.0,3147.227781057358,0.06219999999999999
6.0,3148.234529733658,0.06219999999999999
6.0,3149.2409694194794,0.06219999999999999
6.0,3150.247766017914,0.06219999999999999
6.0,3151.259705066681,0.06659999999999999
6.0,3152.2664341926575,0.06659999999999999
6.0,3153.2729403972626,0.06659999999999999
6.0,3154.2795674800873,0.06219999999999999
6.0,3155.2913434505463,0.06309999999999999
6.0,3156.2981667518616,0.06749999999999999
6.0,3157.30495762825,0.06749999999999999
6.0,3158.3118493556976,0.06389999999999998
6.0,3159.3184514045715,0.06829999999999999
6.0,3160.3303349018097,0.06829999999999999
6.0,3162.3435089588165,0.06389999999999998
6.0,3163.3502464294434,0.06489999999999999
6.0,3164.356940984726,0.06489999999999999
6.0,3165.363949775696,0.06489999999999999
6.0,3166.370595216751,0.06489999999999999
6.0,3167.3769376277924,0.06479999999999998
6.0,3168.3837168216705,0.06489999999999999
6.0,3169.3954730033875,0.06489999999999999
6.0,3170.4070932865143,0.06489999999999999
6.0,3171.412959098816,0.06919999999999998
6.0,3172.41988158226,0.06479999999999998
6.0,3173.4264993667603,0.06919999999999998
6.0,3174.4329545497894,0.0735
6.0,3175.4447333812714,0.06489999999999999
6.0,3176.4568021297455,0.06999999999999998
6.0,3177.463540315628,0.06999999999999998
6.0,3178.4752383232117,0.0743
6.0,3179.485018491745,0.06219999999999999
6.0,3180.49192738533,0.06659999999999999
6.0,3182.4995741844177,0.07089999999999998
6.0,3183.5062170028687,0.07089999999999998
6.0,3184.512977361679,0.07089999999999998
6.0,3185.5198006629944,0.07089999999999998
6.0,3186.5266160964966,0.07089999999999998
6.0,3187.538549184799,0.07089999999999998
6.0,3188.5449397563934,0.07089999999999998
6.0,3189.551730632782,0.06659999999999999
6.0,3190.5584337711334,0.07089999999999998
6.0,3191.5650894641876,0.06659999999999999
6.0,3192.570864915848,0.06659999999999999
6.0,3193.5826325416565,0.06319999999999999
6.0,3194.5889558792114,0.06749999999999999
6.0,3195.5957334041595,0.07169999999999999
6.0,3196.6102035045624,0.07169999999999999
6.0,3197.6220786571503,0.06389999999999998
6.0,3198.6288805007935,0.06829999999999999
6.0,3199.6426639556885,0.0726
6.0,3200.6443107128143,0.0726
6.0,3202.652316093445,0.06829999999999999
6.0,3203.6589856147766,0.06919999999999998
6.0,3204.6708810329437,0.06919999999999998
6.0,3205.677662372589,0.06919999999999998
6.0,3206.688933134079,0.06919999999999998
6.0,3207.70330786705,0.06919999999999998
6.0,3208.716957092285,0.06919999999999998
6.0,3209.7287950515747,0.06919999999999998
6.0,3210.7356560230255,0.06919999999999998
6.0,3211.74245762825,0.06919999999999998
6.0,3212.7489290237427,0.0735
6.0,3213.7556850910187,0.0735
6.0,3214.756945371628,0.0735
6.0,3215.763614654541,0.06919999999999998
6.0,3216.7754611968994,0.06999999999999998
6.0,3217.7922914028168,0.0743
6.0,3218.8393247127533,0.0743
6.0,3219.845356464386,0.0743
6.0,3221.8483531475067,0.07089999999999998
6.0,3222.8539521694183,0.07089999999999998
6.0,3223.870313644409,0.07089999999999998
6.0,3224.8820519447327,0.07089999999999998
6.0,3225.8844106197357,0.07089999999999998
6.0,3226.899250984192,0.07089999999999998
6.0,3227.9020507335663,0.07089999999999998
6.0,3228.9036622047424,0.07089999999999998
6.0,3229.905831336975,0.07089999999999998
6.0,3230.907575368881,0.07089999999999998
6.0,3231.9098603725433,0.0752
6.0,3232.9164476394653,0.0752
6.0,3233.917860031128,0.07089999999999998
6.0,3234.9245223999023,0.07089999999999998
6.0,3235.9316098690033,0.07169999999999999
6.0,3236.932845592499,0.076
6.0,3237.939430475235,0.076
6.0,3239.942105770111,0.07169999999999999
6.0,3240.9490575790405,0.07169999999999999
6.0,3241.955665588379,0.07169999999999999
6.0,3242.956937789917,0.06829999999999999
6.0,3243.963689804077,0.07169999999999999
6.0,3244.9648671150208,0.07169999999999999
6.0,3245.97158908844,0.07169999999999999
6.0,3246.978357076645,0.07169999999999999
6.0,3247.984938144684,0.07169999999999999
6.0,3248.9916734695435,0.06829999999999999
6.0,3249.9983274936676,0.0726
6.0,3251.0051774978638,0.0726
6.0,3252.016936779022,0.0769
6.0,3253.023625612259,0.0769
6.0,3254.0302476882935,0.0726
6.0,3255.0369515419006,0.06919999999999998
6.0,3256.0433979034424,0.0735
6.0,3257.0501737594604,0.07769999999999999
6.0,3259.0631790161133,0.07769999999999999
6.0,3260.0699820518494,0.07769999999999999
6.0,3261.0818722248077,0.07769999999999999
6.0,3262.0886816978455,0.07769999999999999
6.0,3263.0954325199127,0.07769999999999999
6.0,3264.096946001053,0.07769999999999999
6.0,3265.1037039756775,0.07769999999999999
6.0,3266.1099219322205,0.07769999999999999
6.0,3267.1196763515472,0.07769999999999999
6.0,3268.1360766887665,0.07769999999999999
6.0,3269.1430292129517,0.07769999999999999
6.0,3270.1489820480347,0.08209999999999999
6.0,3271.1557347774506,0.07769999999999999
6.0,3272.16237282753,0.0743
6.0,3273.168938398361,0.0743
6.0,3274.1756653785706,0.0786
6.0,3275.1769666671753,0.0828
6.0,3276.18372797966,0.0786
6.0,3277.1954658031464,0.0786
6.0,3279.2391147613525,0.0752
6.0,3280.2415738105774,0.0752
6.0,3281.2610952854156,0.0752
6.0,3282.2641882896423,0.0752
6.0,3283.2739481925964,0.0752
6.0,3284.2783126831055,0.0752
6.0,3285.280126810074,0.0752
6.0,3286.2812576293945,0.0752
6.0,3287.2832787036896,0.0752
6.0,3288.2849247455597,0.0794
6.0,3289.286855697632,0.0794
6.0,3290.2897024154663,0.0794
6.0,3291.2914686203003,0.0794
6.0,3292.293752670288,0.0794
6.0,3293.2953836917877,0.0794
6.0,3294.297181367874,0.0752
6.0,3295.299097299576,0.076
6.0,3296.3012454509735,0.0803
6.0,3297.3053522109985,0.0803
6.0,3299.308922767639,0.0804
6.0,3300.315449953079,0.0803
6.0,3301.322009563446,0.076
6.0,3302.3234026432037,0.0803
6.0,3303.332838535309,0.0803
6.0,3304.334286928177,0.076
6.0,3305.3409340381622,0.0803
6.0,3306.347669363022,0.0803
6.0,3307.3492300510406,0.076
6.0,3308.356031179428,0.0803
6.0,3309.3687307834625,0.076
6.0,3310.3807170391083,0.076
6.0,3311.3953807353973,0.0769
6.0,3312.407155752182,0.0769
6.0,3313.42280960083,0.08109999999999999
6.0,3314.4380156993866,0.08109999999999999
6.0,3315.444857120514,0.0769
6.0,3316.4516468048096,0.0769
6.0,3318.464346885681,0.0769
6.0,3319.4760749340057,0.07769999999999999
6.0,3320.4827148914337,0.07769999999999999
6.0,3321.4889776706696,0.07769999999999999
6.0,3322.5009667873383,0.07769999999999999
6.0,3323.5078387260437,0.07769999999999999
6.0,3324.5145120620728,0.07769999999999999
6.0,3325.5209789276123,0.07769999999999999
6.0,3326.5327310562134,0.07769999999999999
6.0,3327.539428472519,0.07769999999999999
6.0,3328.5460476875305,0.07769999999999999
6.0,3329.55291557312,0.08199999999999999
6.0,3330.5595870018005,0.08199999999999999
6.0,3331.5715272426605,0.08209999999999999
6.0,3332.5782656669617,0.08199999999999999
6.0,3333.584981918335,0.08199999999999999
6.0,3334.6031954288483,0.08199999999999999
6.0,3335.6090710163116,0.07769999999999999
6.0,3336.620897293091,0.0786
6.0,3338.6358003616333,0.0786
6.0,3339.6417775154114,0.0828
6.0,3340.6571159362793,0.0828
6.0,3341.668911933899,0.0828
6.0,3342.6756477355957,0.0828
6.0,3343.682370901108,0.0828
6.0,3344.6889045238495,0.0828
6.0,3345.6956012248993,0.0828
6.0,3346.707436800003,0.0828
6.0,3347.71417927742,0.0828
6.0,3348.7209367752075,0.0828
6.0,3349.7277195453644,0.0828
6.0,3350.7343142032623,0.0828
6.0,3351.746022939682,0.08719999999999999
6.0,3352.752884864807,0.08719999999999999
6.0,3353.759579896927,0.0828
6.0,3354.766204595566,0.0794
6.0,3355.7729675769806,0.0794
6.0,3356.7797708511353,0.0836
6.0,3358.7823238372803,0.0794
6.0,3359.7915160655975,0.0836
6.0,3360.7980835437775,0.0794
6.0,3361.8090012073517,0.0794
6.0,3362.820768594742,0.0836
6.0,3363.827454805374,0.0794
6.0,3364.8391604423523,0.0836
6.0,3365.844945907593,0.0836
6.0,3366.8517532348633,0.0794
6.0,3367.8673033714294,0.0836
6.0,3368.8740553855896,0.0794
6.0,3369.8808782100677,0.0836
6.0,3370.887663602829,0.0794
6.0,3371.8943688869476,0.0794
6.0,3372.9009466171265,0.0794
6.0,3373.9072716236115,0.0794
6.0,3374.920944929123,0.0803
6.0,3375.9277172088623,0.0803
6.0,3376.9343178272247,0.0803
6.0,3378.9419107437134,0.0803
6.0,3379.956995010376,0.0803
6.0,3380.96879196167,0.0803
6.0,3381.9755091667175,0.0803
6.0,3382.9822356700897,0.0803
6.0,3383.98895406723,0.0803
6.0,3384.9956393241882,0.0803
6.0,3386.0023958683014,0.0803
6.0,3387.0091757774353,0.0803
6.0,3388.015938282013,0.0803
6.0,3389.0276334285736,0.0803
6.0,3390.03427529335,0.0803
6.0,3391.040935277939,0.0803
6.0,3392.047625541687,0.0803
6.0,3393.054393053055,0.0803
6.0,3394.061048269272,0.0803
6.0,3395.0678782463074,0.0803
6.0,3396.07452917099,0.08109999999999999
6.0,3397.08100605011,0.08109999999999999
6.0,3399.0969319343567,0.08109999999999999
6.0,3400.103646993637,0.08109999999999999
6.0,3401.1103932857513,0.08109999999999999
6.0,3402.11194729805,0.08109999999999999
6.0,3403.1185913085938,0.08109999999999999
6.0,3404.1249186992645,0.08109999999999999
6.0,3405.136737346649,0.08109999999999999
6.0,3406.143495321274,0.08109999999999999
6.0,3407.144915342331,0.08109999999999999
6.0,3408.1566557884216,0.08109999999999999
6.0,3409.1634600162506,0.08109999999999999
6.0,3410.170053243637,0.08109999999999999
6.0,3411.1768226623535,0.08109999999999999
6.0,3412.183575630188,0.08109999999999999
6.0,3413.190259218216,0.08109999999999999
6.0,3414.1969735622406,0.08109999999999999
6.0,3415.198608636856,0.08109999999999999
6.0,3416.210346698761,0.08109999999999999
6.0,3417.222050189972,0.08199999999999999
6.0,3419.2299869060516,0.08199999999999999
6.0,3420.2315027713776,0.08199999999999999
6.0,3421.23810839653,0.0836
6.0,3422.2449491024017,0.08199999999999999
6.0,3423.251731157303,0.0836
6.0,3424.263169527054,0.0836
6.0,3425.274992465973,0.08199999999999999
6.0,3426.2809591293335,0.08199999999999999
6.0,3427.2877078056335,0.08199999999999999
6.0,3428.294328689575,0.08199999999999999
6.0,3429.300926208496,0.0836
6.0,3430.3077476024628,0.0836
6.0,3431.314512491226,0.0836
6.0,3432.320976495743,0.08199999999999999
6.0,3433.3277485370636,0.0836
6.0,3434.334454059601,0.09059999999999999
6.0,3435.340951681137,0.09059999999999999
6.0,3436.3555603027344,0.0836
6.0,3437.3699860572815,0.08199999999999999
6.0,3439.384978532791,0.0836
6.0,3440.39995098114,0.0836
6.0,3441.414849281311,0.0828
6.0,3442.4209208488464,0.08199999999999999
6.0,3443.447547674179,0.08199999999999999
6.0,3444.470624446869,0.0836
6.0,3445.475620031357,0.08199999999999999
6.0,3446.4782869815826,0.08199999999999999
6.0,3447.492224931717,0.0828
6.0,3448.4954817295074,0.08199999999999999
6.0,3449.501075744629,0.08199999999999999
6.0,3450.503323316574,0.0828
6.0,3451.5077118873596,0.0828
6.0,3452.510132074356,0.087
6.0,3453.5120146274567,0.087
6.0,3454.5136420726776,0.087
6.0,3455.51526427269,0.087
6.0,3456.517362356186,0.087
6.0,3457.5192272663116,0.09149999999999998
6.0,3459.521812915802,0.09149999999999998
6.0,3460.5233232975006,0.09149999999999998
6.0,3461.5250191688538,0.09149999999999998
6.0,3462.526799440384,0.09149999999999998
6.0,3463.5286338329315,0.09149999999999998
6.0,3464.5314605236053,0.09149999999999998
6.0,3465.5332901477814,0.09149999999999998
6.0,3466.535168170929,0.09149999999999998
6.0,3467.537024497986,0.09149999999999998
6.0,3468.5385160446167,0.09149999999999998
6.0,3469.540330171585,0.09149999999999998
6.0,3470.5408477783203,0.087
6.0,3471.5426161289215,0.087
6.0,3472.5443160533905,0.087
6.0,3473.545100927353,0.0828
6.0,3474.5467026233673,0.0836
6.0,3475.5496439933777,0.0828
6.0,3476.551733493805,0.08789999999999999
6.0,3478.5557765960693,0.08809999999999998
6.0,3479.584885120392,0.08809999999999998
6.0,3480.588350057602,0.08809999999999998
6.0,3481.592801809311,0.08809999999999998
6.0,3482.613379716873,0.08809999999999998
6.0,3483.6227571964264,0.08809999999999998
6.0,3484.625832796097,0.08789999999999999
6.0,3485.627672433853,0.08809999999999998
6.0,3486.629780292511,0.08809999999999998
6.0,3487.631298303604,0.08809999999999998
6.0,3488.6333963871,0.08809999999999998
6.0,3489.636585712433,0.08809999999999998
6.0,3490.6384868621826,0.08789999999999999
6.0,3491.6391530036926,0.08789999999999999
6.0,3492.641879081726,0.08809999999999998
6.0,3493.643618822098,0.08809999999999998
6.0,3494.6452436447144,0.0923
6.0,3495.6468770504,0.0923
6.0,3496.6482961177826,0.08789999999999999
6.0,3498.652665376663,0.0836
6.0,3499.6554687023163,0.0836
6.0,3500.6570830345154,0.0803
6.0,3501.6593792438507,0.0836
6.0,3502.6658651828766,0.0836
6.0,3503.67231464386,0.0803
6.0,3504.6808109283447,0.0836
6.0,3505.6822049617767,0.0803
6.0,3506.683599472046,0.0836
6.0,3507.6928384304047,0.0803
6.0,3508.6995334625244,0.0803
6.0,3509.7063052654266,0.0803
6.0,3510.721044778824,0.0803
6.0,3511.727736711502,0.0803
6.0,3512.7392926216125,0.0803
6.0,3513.745972633362,0.0803
6.0,3514.7569856643677,0.08889999999999999
6.0,3515.7718091011047,0.08889999999999999
6.0,3516.778440952301,0.08889999999999999
6.0,3518.7860927581787,0.0887
6.0,3519.7928602695465,0.08889999999999999
6.0,3520.799504995346,0.08889999999999999
6.0,3521.806319475174,0.0887
6.0,3522.8180248737335,0.0887
6.0,3523.8246750831604,0.08889999999999999
6.0,3524.8314220905304,0.08889999999999999
6.0,3525.8378677368164,0.0887
6.0,3526.8499517440796,0.0887
6.0,3527.8565986156464,0.0887
6.0,3528.8633658885956,0.0887
6.0,3529.8701004981995,0.08889999999999999
6.0,3530.877027273178,0.0887
6.0,3531.8839387893677,0.08889999999999999
6.0,3532.9003279209137,0.0887
6.0,3533.9070587158203,0.08889999999999999
6.0,3534.9129292964935,0.08109999999999999
6.0,3535.9195919036865,0.08109999999999999
6.0,3536.926237821579,0.08109999999999999
6.0,3538.92893910408,0.08109999999999999
6.0,3539.935724258423,0.08109999999999999
6.0,3540.9424364566803,0.08109999999999999
6.0,3541.9489452838898,0.08109999999999999
6.0,3542.9645850658417,0.08109999999999999
6.0,3543.9763135910034,0.08109999999999999
6.0,3544.991950035095,0.08109999999999999
6.0,3546.0039145946503,0.08109999999999999
6.0,3547.0180838108063,0.08109999999999999
6.0,3548.03297829628,0.08109999999999999
6.0,3549.0397176742554,0.08109999999999999
6.0,3550.051400899887,0.08109999999999999
6.0,3551.063292503357,0.08109999999999999
6.0,3552.0702028274536,0.08109999999999999
6.0,3553.084949493408,0.08109999999999999
6.0,3554.0918288230896,0.08979999999999999
6.0,3555.1035981178284,0.08979999999999999
6.0,3556.1154956817627,0.08979999999999999
6.0,3557.12242269516,0.08979999999999999
6.0,3559.130044698715,0.08979999999999999
6.0,3560.140947818756,0.08979999999999999
6.0,3561.147613763809,0.08979999999999999
6.0,3562.1489882469177,0.08979999999999999
6.0,3563.155711889267,0.08979999999999999
6.0,3564.1676013469696,0.08979999999999999
6.0,3565.174240589142,0.08979999999999999
6.0,3566.180956840515,0.08979999999999999
6.0,3567.187910556793,0.08979999999999999
6.0,3568.1997468471527,0.08979999999999999
6.0,3569.206401348114,0.08979999999999999
6.0,3570.2130002975464,0.0896
6.0,3571.2197737693787,0.08979999999999999
6.0,3572.2264330387115,0.08979999999999999
6.0,3573.2279872894287,0.08979999999999999
6.0,3574.2347185611725,0.08979999999999999
6.0,3575.240921974182,0.08979999999999999
6.0,3576.2476139068604,0.08979999999999999
6.0,3577.2542717456818,0.08109999999999999
6.0,3579.2620346546173,0.08979999999999999
6.0,3580.268808364868,0.08199999999999999
6.0,3581.2755165100098,0.08199999999999999
6.0,3582.2822427749634,0.08199999999999999
6.0,3583.288970708847,0.08199999999999999
6.0,3584.295642375946,0.08979999999999999
6.0,3585.302433490753,0.08979999999999999
6.0,3586.3089463710785,0.08199999999999999
6.0,3587.310545682907,0.08199999999999999
6.0,3588.3169343471527,0.08199999999999999
6.0,3589.3236496448517,0.08199999999999999
6.0,3590.330446958542,0.08199999999999999
6.0,3591.3369796276093,0.08199999999999999
6.0,3592.348956346512,0.08199999999999999
6.0,3593.355808496475,0.0836
6.0,3594.362607717514,0.0836
6.0,3595.3689506053925,0.08199999999999999
6.0,3596.3757178783417,0.0836
6.0,3597.38649559021,0.08199999999999999
6.0,3599.3995339870453,0.09059999999999999
6.0,3600.4063727855682,0.09059999999999999
6.0,3601.4079637527466,0.09059999999999999
6.0,3602.408978700638,0.09059999999999999
6.0,3603.415354013443,0.09059999999999999
6.0,3604.4221012592316,0.09059999999999999
6.0,3605.436683177948,0.0904
6.0,3606.4434077739716,0.09059999999999999
6.0,3607.4449515342712,0.09059999999999999
6.0,3608.451821088791,0.0904
6.0,3609.4637262821198,0.09059999999999999
6.0,3610.464954137802,0.09059999999999999
6.0,3611.4717271327972,0.09059999999999999
6.0,3612.4784672260284,0.09059999999999999
6.0,3613.484985589981,0.09059999999999999
6.0,3614.496890306473,0.09059999999999999
6.0,3615.5087049007416,0.09059999999999999
6.0,3616.5155370235443,0.09059999999999999
6.0,3617.522206544876,0.09059999999999999
6.0,3619.530119419098,0.09059999999999999
6.0,3620.5409655570984,0.09059999999999999
6.0,3621.547764778137,0.09059999999999999
6.0,3622.5490131378174,0.0904
6.0,3623.555670976639,0.09059999999999999
6.0,3624.5621008872986,0.09059999999999999
6.0,3625.5688037872314,0.09059999999999999
6.0,3626.5753421783447,0.09059999999999999
6.0,3627.584579229355,0.09059999999999999
6.0,3628.5861661434174,0.0904
6.0,3629.5969457626343,0.09059999999999999
6.0,3630.6035916805267,0.09489999999999998
6.0,3631.610203027725,0.09059999999999999
6.0,3632.616819381714,0.09489999999999998
6.0,3633.6287865638733,0.09489999999999998
6.0,3634.6355872154236,0.09489999999999998
6.0,3635.6421937942505,0.09489999999999998
6.0,3636.6488761901855,0.09489999999999998
6.0,3637.6555194854736,0.09059999999999999
6.0,3639.6632211208344,0.09059999999999999
6.0,3640.6740770339966,0.09059999999999999
6.0,3641.685010910034,0.0904
6.0,3642.695240020752,0.09059999999999999
6.0,3643.702013731003,0.09059999999999999
6.0,3644.7129542827606,0.09059999999999999
6.0,3645.7197313308716,0.09059999999999999
6.0,3646.7315061092377,0.09059999999999999
6.0,3647.7383136749268,0.0904
6.0,3648.744968652725,0.09059999999999999
6.0,3649.751796245575,0.09059999999999999
6.0,3650.7636091709137,0.09059999999999999
6.0,3651.7703828811646,0.09059999999999999
6.0,3652.7846643924713,0.0836
6.0,3653.79958820343,0.087
6.0,3654.8061809539795,0.087
6.0,3655.8128514289856,0.087
6.0,3656.828211069107,0.087
6.0,3657.842733860016,0.08719999999999999
6.0,3659.855560064316,0.087
6.0,3660.867362499237,0.087
6.0,3661.8792040348053,0.087
6.0,3662.885948896408,0.087
6.0,3663.8927116394043,0.087
6.0,3664.8995792865753,0.087
6.0,3665.9061980247498,0.087
6.0,3666.9129643440247,0.087
6.0,3667.919703245163,0.087
6.0,3668.926385641098,0.087
6.0,3669.93292927742,0.087
6.0,3670.9395456314087,0.087
6.0,3671.9462928771973,0.087
6.0,3672.952944755554,0.09149999999999998
6.0,3673.9597482681274,0.09149999999999998
6.0,3674.9714891910553,0.09149999999999998
6.0,3675.978118419647,0.09149999999999998
6.0,3676.9849383831024,0.09149999999999998
6.0,3677.9968178272247,0.09149999999999998
6.0,3680.0040900707245,0.09149999999999998
6.0,3681.0107469558716,0.09149999999999998
6.0,3682.01229095459,0.09149999999999998
6.0,3683.0190675258636,0.09149999999999998
6.0,3684.024978160858,0.09149999999999998
6.0,3685.031844139099,0.09149999999999998
6.0,3686.038530111313,0.09149999999999998
6.0,3687.0502631664276,0.09149999999999998
6.0,3688.0622296333313,0.09149999999999998
6.0,3689.0689537525177,0.09149999999999998
6.0,3690.080729007721,0.09149999999999998
6.0,3691.124171257019,0.09149999999999998
6.0,3692.1300694942474,0.09149999999999998
6.0,3693.145848751068,0.09149999999999998
6.0,3694.149051427841,0.09149999999999998
6.0,3695.154929161072,0.09149999999999998
6.0,3696.1573247909546,0.09149999999999998
6.0,3697.163021326065,0.0957
6.0,3698.1658856868744,0.0957
6.0,3700.16863656044,0.0957
6.0,3701.1701300144196,0.0957
6.0,3702.1886389255524,0.0957
6.0,3703.1964139938354,0.0957
6.0,3704.220641374588,0.0957
6.0,3705.227105140686,0.0957
6.0,3706.229290008545,0.0957
6.0,3707.24369096756,0.0957
6.0,3708.2502710819244,0.0957
6.0,3709.256038427353,0.0957
6.0,3710.2828261852264,0.0957
6.0,3711.2842161655426,0.0957
6.0,3712.292825937271,0.0957
6.0,3713.2984426021576,0.0957
6.0,3714.307467699051,0.0957
6.0,3715.313989162445,0.0957
6.0,3716.3207619190216,0.0957
6.0,3717.327527999878,0.09149999999999998
6.0,3718.3289070129395,0.09149999999999998
6.0,3720.344801902771,0.09149999999999998
6.0,3721.3566601276398,0.09149999999999998
6.0,3722.363331079483,0.09149999999999998
6.0,3723.3750309944153,0.09149999999999998
6.0,3724.38094496727,0.09149999999999998
6.0,3725.3876950740814,0.09149999999999998
6.0,3726.3889348506927,0.09149999999999998
6.0,3727.3957602977753,0.09149999999999998
6.0,3728.4075407981873,0.09149999999999998
6.0,3729.414274454117,0.09149999999999998
6.0,3730.420925140381,0.09149999999999998
6.0,3731.4276921749115,0.09149999999999998
6.0,3732.4344384670258,0.09149999999999998
6.0,3733.440983057022,0.09149999999999998
6.0,3734.4477269649506,0.09149999999999998
6.0,3735.4545669555664,0.087
6.0,3736.4609401226044,0.087
6.0,3737.4717931747437,0.08809999999999998
6.0,3738.4835288524628,0.08809999999999998
6.0,3740.5000536441803,0.08809999999999998
6.0,3741.511743068695,0.08809999999999998
6.0,3742.518446445465,0.08809999999999998
6.0,3743.532969713211,0.08809999999999998
6.0,3744.5447239875793,0.08789999999999999
6.0,3745.551590681076,0.08809999999999998
6.0,3746.558075428009,0.08789999999999999
6.0,3747.5689313411713,0.08809999999999998
6.0,3748.5757150650024,0.08809999999999998
6.0,3749.582440137863,0.08809999999999998
6.0,3750.5889554023743,0.08809999999999998
6.0,3751.5957124233246,0.08809999999999998
6.0,3752.607482433319,0.08809999999999998
6.0,3753.6196460723877,0.0923
6.0,3754.6263761520386,0.08809999999999998
6.0,3755.6382904052734,0.0923
6.0,3756.644917011261,0.0923
6.0,3757.651645898819,0.0923
6.0,3758.667231321335,0.0923
6.0,3760.6796782016754,0.0923
6.0,3761.6863129138947,0.0923
6.0,3762.6980521678925,0.0923
6.0,3763.7048647403717,0.0923
6.0,3764.7114565372467,0.0923
6.0,3765.7181401252747,0.0923
6.0,3766.7329456806183,0.0923
6.0,3767.7345321178436,0.0923
6.0,3768.740923166275,0.0923
6.0,3769.747756958008,0.0923
6.0,3770.7544898986816,0.0923
6.0,3771.766267299652,0.0923
6.0,3772.773000717163,0.0923
6.0,3773.7847833633423,0.0923
6.0,3774.791454076767,0.0923
6.0,3775.7981514930725,0.0923
6.0,3776.8129136562347,0.0923
6.0,3777.8196794986725,0.0923
6.0,3778.8262972831726,0.0923
6.0,3780.839166164398,0.0923
6.0,3781.85294175148,0.0923
6.0,3782.8544981479645,0.0923
6.0,3783.860845565796,0.0923
6.0,3784.866847038269,0.0923
6.0,3785.8729100227356,0.0923
6.0,3786.8830695152283,0.0923
6.0,3787.8948802948,0.0923
6.0,3788.906566143036,0.0923
6.0,3789.9129362106323,0.0923
6.0,3790.9196903705597,0.0923
6.0,3791.931534051895,0.0923
6.0,3792.943366765976,0.0923
6.0,3793.950056552887,0.0923
6.0,3794.9649908542633,0.09659999999999999
6.0,3795.9666032791138,0.09659999999999999
6.0,3796.9783647060394,0.09659999999999999
6.0,3797.984937429428,0.09659999999999999
6.0,3799.000543117523,0.0923
6.0,3801.0134518146515,0.09659999999999999
6.0,3802.0202453136444,0.09659999999999999
6.0,3803.0217854976654,0.09659999999999999
6.0,3804.0233104228973,0.09659999999999999
6.0,3805.024902820587,0.09659999999999999
6.0,3806.0319187641144,0.09659999999999999
6.0,3807.0387806892395,0.09659999999999999
6.0,3808.040289878845,0.09659999999999999
6.0,3809.0520162582397,0.09659999999999999
6.0,3810.058846473694,0.09659999999999999
6.0,3811.064972639084,0.09659999999999999
6.0,3812.0716631412506,0.09659999999999999
6.0,3813.078314781189,0.09659999999999999
6.0,3814.084978580475,0.09659999999999999
6.0,3815.091690301895,0.09659999999999999
6.0,3816.098364830017,0.09659999999999999
6.0,3817.105111837387,0.0923
6.0,3818.1118292808533,0.0923
6.0,3819.123557329178,0.0923
6.0,3821.131340265274,0.0923
6.0,3822.1379714012146,0.0923
6.0,3823.1442215442657,0.0923
6.0,3824.1509680747986,0.0923
6.0,3825.1627838611603,0.0923
6.0,3826.1689369678497,0.0923
6.0,3827.175545692444,0.0923
6.0,3828.1822638511658,0.0923
6.0,3829.194005250931,0.0923
6.0,3830.200794696808,0.0923
6.0,3831.2153367996216,0.0923
6.0,3832.2169432640076,0.0923
6.0,3833.223696708679,0.08809999999999998
6.0,3834.2304394245148,0.0923
6.0,3835.2370359897614,0.08809999999999998
6.0,3836.248791694641,0.08809999999999998
6.0,3837.2605080604553,0.08809999999999998
6.0,3838.2724752426147,0.08789999999999999
6.0,3839.2842416763306,0.08889999999999999
6.0,3841.296933889389,0.0887
6.0,3842.3037073612213,0.08889999999999999
6.0,3843.3103806972504,0.0887
6.0,3844.3169026374817,0.08889999999999999
6.0,3845.323656797409,0.08889999999999999
6.0,3846.3353686332703,0.08889999999999999
6.0,3847.3420779705048,0.08809999999999998
6.0,3848.3488731384277,0.08889999999999999
6.0,3849.3556587696075,0.0887
6.0,3850.362257003784,0.0887
6.0,3851.36913728714,0.0887
6.0,3852.375944375992,0.0887
6.0,3853.3827714920044,0.0887
6.0,3854.3889439105988,0.08889999999999999
6.0,3855.395723104477,0.08889999999999999
6.0,3856.40247297287,0.08889999999999999
6.0,3857.408931493759,0.08889999999999999
6.0,3858.4152777194977,0.08889999999999999
6.0,3859.4270565509796,0.08889999999999999
6.0,3861.428971529007,0.08889999999999999
6.0,3862.435672044754,0.08889999999999999
6.0,3863.447424888611,0.08889999999999999
6.0,3864.4489517211914,0.0887
6.0,3865.4606959819794,0.08889999999999999
6.0,3866.4724128246307,0.08889999999999999
6.0,3867.473994255066,0.08889999999999999
6.0,3868.4800839424133,0.08889999999999999
6.0,3869.496136188507,0.0887
6.0,3870.502816915512,0.08889999999999999
6.0,3871.504385948181,0.0887
6.0,3872.516088485718,0.0887
6.0,3873.522822380066,0.08889999999999999
6.0,3874.528958797455,0.0887
6.0,3875.535831451416,0.09319999999999999
6.0,3876.542593717575,0.09319999999999999
6.0,3877.5489270687103,0.09319999999999999
6.0,3878.5556468963623,0.09319999999999999
6.0,3879.5622510910034,0.09319999999999999
6.0,3881.569923877716,0.09319999999999999
6.0,3882.5766072273254,0.09319999999999999
6.0,3883.588391304016,0.09319999999999999
6.0,3884.6001789569855,0.09319999999999999
6.0,3885.6121027469635,0.09319999999999999
6.0,3886.6188447475433,0.09319999999999999
6.0,3887.63299703598,0.09319999999999999
6.0,3888.6447763442993,0.09319999999999999
6.0,3889.6515913009644,0.09319999999999999
6.0,3890.6633837223053,0.09319999999999999
6.0,3891.6700687408447,0.09319999999999999
6.0,3892.676941394806,0.09319999999999999
6.0,3893.6838586330414,0.09319999999999999
6.0,3894.695776939392,0.09319999999999999
6.0,3895.702431201935,0.09319999999999999
6.0,3896.70893907547,0.09319999999999999
6.0,3897.715800046921,0.09319999999999999
6.0,3898.7223341464996,0.09319999999999999
6.0,3899.723823070526,0.09319999999999999
6.0,3901.731564283371,0.09319999999999999
6.0,3902.732983112335,0.09319999999999999
6.0,3903.739675760269,0.09319999999999999
6.0,3904.740956068039,0.09319999999999999
6.0,3905.74764585495,0.09319999999999999
6.0,3906.7594232559204,0.09319999999999999
6.0,3907.7662088871,0.09319999999999999
6.0,3908.778007030487,0.09319999999999999
6.0,3909.784696340561,0.09319999999999999
6.0,3910.7967483997345,0.09319999999999999
6.0,3911.8034262657166,0.09319999999999999
6.0,3912.8101069927216,0.09319999999999999
6.0,3913.8167312145233,0.09319999999999999
6.0,3914.8285551071167,0.09319999999999999
6.0,3915.840292453766,0.09319999999999999
6.0,3916.8520197868347,0.09319999999999999
6.0,3917.853009223938,0.09319999999999999
6.0,3918.859652519226,0.09319999999999999
6.0,3919.8662939071655,0.09319999999999999
6.0,3921.868975877762,0.09319999999999999
6.0,3922.8758046627045,0.09319999999999999
6.0,3923.8827793598175,0.09319999999999999
6.0,3924.8889286518097,0.09319999999999999
6.0,3925.8958446979523,0.09319999999999999
6.0,3926.9025995731354,0.09319999999999999
6.0,3927.9041905403137,0.09319999999999999
6.0,3928.9159359931946,0.09319999999999999
6.0,3929.9169595241547,0.09319999999999999
6.0,3930.9285950660706,0.09319999999999999
6.0,3931.940489292145,0.09319999999999999
6.0,3932.9473016262054,0.09319999999999999
6.0,3933.9541354179382,0.09319999999999999
6.0,3934.961061000824,0.09319999999999999
6.0,3935.9678361415863,0.09739999999999999
6.0,3936.979588031769,0.09319999999999999
6.0,3937.9862592220306,0.09319999999999999
6.0,3938.9980268478394,0.09319999999999999
6.0,3940.0048582553864,0.09739999999999999
6.0,3942.016952753067,0.09739999999999999
6.0,3943.0236151218414,0.09319999999999999
6.0,3944.030442237854,0.09319999999999999
6.0,3945.036938905716,0.09319999999999999
6.0,3946.0429260730743,0.09739999999999999
6.0,3947.0488991737366,0.09319999999999999
6.0,3948.060984134674,0.09739999999999999
6.0,3949.072716474533,0.09319999999999999
6.0,3950.0871300697327,0.09319999999999999
6.0,3951.1027858257294,0.09739999999999999
6.0,3952.1519553661346,0.09739999999999999
6.0,3953.154783964157,0.09739999999999999
6.0,3954.161787509918,0.09739999999999999
6.0,3955.177901506424,0.09739999999999999
6.0,3956.181300640106,0.09319999999999999
6.0,3957.1851563453674,0.09739999999999999
6.0,3958.194098711014,0.09739999999999999
6.0,3959.195638656616,0.09739999999999999
6.0,3960.1970653533936,0.09739999999999999
6.0,3962.200171470642,0.09739999999999999
6.0,3963.201191663742,0.09739999999999999
6.0,3964.202959060669,0.09319999999999999
6.0,3965.204668045044,0.09319999999999999
6.0,3966.20627117157,0.09739999999999999
6.0,3967.2203900814056,0.09739999999999999
6.0,3968.229594707489,0.09739999999999999
6.0,3969.2538957595825,0.09739999999999999
6.0,3970.25785112381,0.09319999999999999
6.0,3971.276257276535,0.09739999999999999
6.0,3972.2810571193695,0.09739999999999999
6.0,3973.287136077881,0.09739999999999999
6.0,3974.290263414383,0.09739999999999999
6.0,3975.3105363845825,0.09739999999999999
6.0,3976.3131325244904,0.09739999999999999
6.0,3977.3149251937866,0.09739999999999999
6.0,3978.3179833889008,0.09739999999999999
6.0,3979.3203961849213,0.09739999999999999
6.0,3981.329915046692,0.09739999999999999
6.0,3982.340392112732,0.09739999999999999
6.0,3983.3408875465393,0.09739999999999999
6.0,3984.348020553589,0.09739999999999999
6.0,3985.3489146232605,0.09739999999999999
6.0,3986.36088180542,0.09739999999999999
6.0,3987.3675684928894,0.09739999999999999
6.0,3988.3689661026,0.09739999999999999
6.0,3989.375659227371,0.09739999999999999
6.0,3990.3873670101166,0.09739999999999999
6.0,3991.3889656066895,0.09739999999999999
6.0,3992.3955965042114,0.09739999999999999
6.0,3993.406713962555,0.09739999999999999
6.0,3994.4129614830017,0.09739999999999999
6.0,3995.424712896347,0.09739999999999999
6.0,3996.431533575058,0.09739999999999999
6.0,3997.4381341934204,0.09739999999999999
6.0,3998.444935321808,0.09319999999999999
6.0,3999.4516258239746,0.09319999999999999
6.0,4001.4593884944916,0.09319999999999999
6.0,4002.46622633934,0.09319999999999999
6.0,4003.472918987274,0.09319999999999999
6.0,4004.4787912368774,0.09319999999999999
6.0,4005.4930176734924,0.08889999999999999
6.0,4006.508090734482,0.09319999999999999
6.0,4007.522597551346,0.09319999999999999
6.0,4008.536920070648,0.09319999999999999
6.0,4009.551952123642,0.09739999999999999
6.0,4010.558479785919,0.09319999999999999
6.0,4011.564947128296,0.09319999999999999
6.0,4012.5716936588287,0.09319999999999999
6.0,4013.583433866501,0.09319999999999999
6.0,4014.595393180847,0.09319999999999999
6.0,4015.6071989536285,0.09319999999999999
6.0,4016.6139805316925,0.09319999999999999
6.0,4017.620796442032,0.0887
6.0,4018.62761759758,0.09319999999999999
6.0,4019.639568567276,0.09319999999999999
6.0,4021.6461861133575,0.08889999999999999
6.0,4022.658014535904,0.0887
6.0,4023.6647765636444,0.09319999999999999
6.0,4024.671520471573,0.08889999999999999
6.0,4025.6729068756104,0.08889999999999999
6.0,4026.679688692093,0.09319999999999999
6.0,4027.691759824753,0.09319999999999999
6.0,4028.692951440811,0.09319999999999999
6.0,4029.7086346149445,0.0887
6.0,4030.7231166362762,0.09319999999999999
6.0,4031.7290489673615,0.08889999999999999
6.0,4032.740946531296,0.08889999999999999
6.0,4033.747699022293,0.09319999999999999
6.0,4034.7544026374817,0.0887
6.0,4035.761169910431,0.09319999999999999
6.0,4036.7677936553955,0.08889999999999999
6.0,4037.774269580841,0.0887
6.0,4038.785991191864,0.0887
6.0,4039.7969830036163,0.08889999999999999
6.0,4041.81157374382,0.0887
6.0,4042.823310613632,0.08889999999999999
6.0,4043.8351590633392,0.0887
6.0,4044.8418946266174,0.0887
6.0,4045.8487269878387,0.08889999999999999
6.0,4046.8640792369843,0.0887
6.0,4047.8707637786865,0.0887
6.0,4048.8769075870514,0.0887
6.0,4049.8837444782257,0.0887
6.0,4050.895672082901,0.0887
6.0,4051.9023427963257,0.0896
6.0,4052.9089732170105,0.0887
6.0,4053.9209146499634,0.0887
6.0,4054.92769241333,0.08979999999999999
6.0,4055.942685842514,0.08889999999999999
6.0,4056.9569330215454,0.0887
6.0,4057.9635281562805,0.08979999999999999
6.0,4058.9649527072906,0.08889999999999999
6.0,4059.971871614456,0.08979999999999999
6.0,4061.979895591736,0.08979999999999999
6.0,4062.9917204380035,0.08979999999999999
6.0,4063.9984109401703,0.08979999999999999
6.0,4065.0049493312836,0.08979999999999999
6.0,4066.011751651764,0.08979999999999999
6.0,4067.0235402584076,0.08979999999999999
6.0,4068.0301015377045,0.08979999999999999
6.0,4069.0369169712067,0.08979999999999999
6.0,4070.0436730384827,0.08979999999999999
6.0,4071.05024766922,0.08979999999999999
6.0,4072.056933403015,0.08979999999999999
6.0,4073.0637032985687,0.08979999999999999
6.0,4074.070467233658,0.08979999999999999
6.0,4075.076936483383,0.08979999999999999
6.0,4076.0836832523346,0.08979999999999999
6.0,4077.090529680252,0.08979999999999999
6.0,4078.1022593975067,0.08979999999999999
6.0,4079.1089327335358,0.08979999999999999
6.0,4080.1206645965576,0.08979999999999999
6.0,4082.128407716751,0.08979999999999999
6.0,4083.1402003765106,0.08979999999999999
6.0,4084.147041797638,0.08979999999999999
6.0,4085.1529371738434,0.08979999999999999
6.0,4086.1597757339478,0.08979999999999999
6.0,4087.1716985702515,0.0896
6.0,4088.178406238556,0.08979999999999999
6.0,4089.1849086284637,0.08979999999999999
6.0,4090.1917011737823,0.08979999999999999
6.0,4091.1929240226746,0.0896
6.0,4092.199632883072,0.08979999999999999
6.0,4093.2064464092255,0.08979999999999999
6.0,4094.213003873825,0.08979999999999999
6.0,4095.219641685486,0.08979999999999999
6.0,4096.226408481598,0.08979999999999999
6.0,4097.236952781677,0.08979999999999999
6.0,4098.243682384491,0.08979999999999999
6.0,4099.258665084839,0.08979999999999999
6.0,4100.2703902721405,0.08979999999999999
6.0,4102.2780418396,0.08979999999999999
6.0,4103.293016195297,0.08979999999999999
6.0,4104.304805755615,0.08979999999999999
6.0,4105.31149148941,0.08979999999999999
6.0,4106.317172288895,0.08979999999999999
6.0,4107.328946113586,0.08979999999999999
6.0,4108.334832906723,0.08979999999999999
6.0,4109.348969221115,0.08979999999999999
6.0,4110.364118337631,0.08979999999999999
6.0,4111.370931625366,0.08979999999999999
6.0,4112.376914024353,0.08979999999999999
6.0,4113.415157079697,0.08979999999999999
6.0,4114.441191673279,0.08979999999999999
6.0,4115.4483551979065,0.08979999999999999
6.0,4116.456261396408,0.08979999999999999
6.0,4117.458248615265,0.08979999999999999
6.0,4118.460712432861,0.08979999999999999
6.0,4119.462388038635,0.08979999999999999
6.0,4120.464217185974,0.08979999999999999
6.0,4122.466390371323,0.08979999999999999
6.0,4123.468248128891,0.08979999999999999
6.0,4124.47022652626,0.08979999999999999
6.0,4125.47194814682,0.08979999999999999
6.0,4126.472939729691,0.08979999999999999
6.0,4127.474547624588,0.08979999999999999
6.0,4128.476184129715,0.08979999999999999
6.0,4129.4781584739685,0.08979999999999999
6.0,4130.479772806168,0.08979999999999999
6.0,4131.480820655823,0.08979999999999999
6.0,4132.483401298523,0.08979999999999999
6.0,4133.48486161232,0.08979999999999999
6.0,4134.486395359039,0.08979999999999999
6.0,4135.488206863403,0.08979999999999999
6.0,4136.49149107933,0.08979999999999999
6.0,4137.49365401268,0.08979999999999999
6.0,4138.498468160629,0.08979999999999999
6.0,4139.499851226807,0.09399999999999999
6.0,4141.502175331116,0.08979999999999999
6.0,4142.511250257492,0.08979999999999999
6.0,4143.520472764969,0.08979999999999999
6.0,4144.526923656464,0.08979999999999999
6.0,4145.537023067474,0.08979999999999999
6.0,4146.551353931427,0.08979999999999999
6.0,4147.566100358963,0.08979999999999999
6.0,4148.577052116394,0.08979999999999999
6.0,4149.591965198517,0.08979999999999999
6.0,4150.598723649979,0.09399999999999999
6.0,4151.604931592941,0.08979999999999999
6.0,4152.610764503479,0.08979999999999999
6.0,4153.616943836212,0.09399999999999999
6.0,4154.623709440231,0.08979999999999999
6.0,4155.6303589344025,0.08979999999999999
6.0,4156.636925935745,0.09399999999999999
6.0,4157.643532514572,0.09399999999999999
6.0,4158.6553275585175,0.09399999999999999
6.0,4159.662039041519,0.08979999999999999
6.0,4161.669820547104,0.09399999999999999
6.0,4162.6764879226685,0.09399999999999999
6.0,4163.688317537308,0.08979999999999999
6.0,4164.702613830566,0.08979999999999999
6.0,4165.71432518959,0.09399999999999999
6.0,4166.72581577301,0.09399999999999999
6.0,4167.74015879631,0.09399999999999999
6.0,4168.751877784729,0.09399999999999999
6.0,4169.766698598862,0.09399999999999999
6.0,4170.772949695587,0.09399999999999999
6.0,4171.779830694199,0.09399999999999999
6.0,4172.786458969116,0.09399999999999999
6.0,4173.788083553314,0.08979999999999999
6.0,4174.803033828735,0.09399999999999999
6.0,4175.814872503281,0.09399999999999999
6.0,4176.82096862793,0.09399999999999999
6.0,4177.849902153015,0.08979999999999999
6.0,4178.869247436523,0.09399999999999999
6.0,4179.873999834061,0.09399999999999999
6.0,4181.894292593002,0.09399999999999999
6.0,4182.898832559586,0.09399999999999999
6.0,4183.906865119934,0.09399999999999999
6.0,4184.908437252045,0.09399999999999999
6.0,4185.910335302353,0.09399999999999999
6.0,4186.91192483902,0.09399999999999999
6.0,4187.913253068924,0.09399999999999999
6.0,4188.91477060318,0.09399999999999999
6.0,4189.9164083004,0.09399999999999999
6.0,4190.916943788528,0.09399999999999999
6.0,4191.919083356857,0.09399999999999999
6.0,4192.920567274094,0.09399999999999999
6.0,4193.923658132553,0.09399999999999999
6.0,4194.925035238266,0.09399999999999999
6.0,4195.927299976349,0.09399999999999999
6.0,4196.9299030303955,0.09399999999999999
6.0,4197.93200969696,0.09399999999999999
6.0,4198.933192491531,0.09399999999999999
6.0,4199.934883594513,0.09399999999999999
6.0,4201.936921596527,0.09399999999999999
6.0,4202.940304517746,0.09399999999999999
6.0,4203.943571805954,0.09399999999999999
6.0,4204.9456651210785,0.09399999999999999
6.0,4205.94757604599,0.09399999999999999
6.0,4206.950001955032,0.09399999999999999
6.0,4207.960084915161,0.09399999999999999
6.0,4208.968861341476,0.09399999999999999
6.0,4209.975623130798,0.09399999999999999
6.0,4210.976872205734,0.09399999999999999
6.0,4211.988779306412,0.09399999999999999
6.0,4212.9955377578735,0.09399999999999999
6.0,4214.002406835556,0.09399999999999999
6.0,4215.009141206741,0.09399999999999999
6.0,4216.015979766846,0.09399999999999999
6.0,4217.022630214691,0.09399999999999999
6.0,4218.028919696808,0.09399999999999999
6.0,4219.035737514496,0.09399999999999999
6.0,4221.043554067612,0.09399999999999999
6.0,4222.050316572189,0.09399999999999999
6.0,4223.056946754456,0.09399999999999999
6.0,4224.063599348068,0.09399999999999999
6.0,4225.0703337192535,0.09399999999999999
6.0,4226.0718994140625,0.09399999999999999
6.0,4227.078590393066,0.09399999999999999
6.0,4228.084933996201,0.09399999999999999
6.0,4229.086483716965,0.09399999999999999
6.0,4230.08802318573,0.09399999999999999
6.0,4231.088941812515,0.09399999999999999
6.0,4232.100771665573,0.09399999999999999
6.0,4233.10763669014,0.09399999999999999
6.0,4234.109000682831,0.09399999999999999
6.0,4235.120844125748,0.09399999999999999
6.0,4236.12767124176,0.09399999999999999
6.0,4237.142184972763,0.09399999999999999
6.0,4238.155873537064,0.09399999999999999
6.0,4239.162716627121,0.09399999999999999
6.0,4241.169617176056,0.09399999999999999
6.0,4242.184430360794,0.09399999999999999
6.0,4243.199159622192,0.09399999999999999
6.0,4244.210985422134,0.09399999999999999
6.0,4245.216993570328,0.09399999999999999
6.0,4246.228790521622,0.09399999999999999
6.0,4247.235534667969,0.09399999999999999
6.0,4248.24143576622,0.09399999999999999
6.0,4249.2563326358795,0.09399999999999999
6.0,4250.27127623558,0.09399999999999999
6.0,4251.2848999500275,0.09399999999999999
6.0,4252.299172639847,0.09399999999999999
6.0,4253.312962770462,0.09399999999999999
6.0,4254.324741363525,0.09399999999999999
6.0,4255.339099884033,0.09399999999999999
6.0,4256.344942808151,0.09399999999999999
6.0,4257.351735830307,0.09399999999999999
6.0,4258.363502264023,0.09399999999999999
6.0,4259.370251893997,0.09399999999999999
6.0,4261.378012180328,0.09399999999999999
6.0,4262.384740352631,0.09399999999999999
6.0,4263.3914403915405,0.09399999999999999
6.0,4264.403325557709,0.09399999999999999
6.0,4265.409993886948,0.09399999999999999
6.0,4266.4167721271515,0.09399999999999999
6.0,4267.423525571823,0.09399999999999999
6.0,4268.42494225502,0.09399999999999999
6.0,4269.426625013351,0.09399999999999999
6.0,4270.432953596115,0.09399999999999999
6.0,4271.444778203964,0.09399999999999999
6.0,4272.451420545578,0.09399999999999999
6.0,4273.463200330734,0.09399999999999999
6.0,4274.474295139313,0.09399999999999999
6.0,4275.486017465591,0.09399999999999999
6.0,4276.492890357971,0.09399999999999999
6.0,4277.499701976776,0.09399999999999999
6.0,4278.500910758972,0.09399999999999999
6.0,4279.515250444412,0.09399999999999999
6.0,4281.523133516312,0.09399999999999999
6.0,4282.5291204452515,0.09399999999999999
6.0,4283.5357184410095,0.09399999999999999
6.0,4284.53693652153,0.09399999999999999
6.0,4285.543826341629,0.09399999999999999
6.0,4286.55055475235,0.09399999999999999
6.0,4287.5569949150085,0.09399999999999999
6.0,4288.5687618255615,0.09399999999999999
6.0,4289.575506925583,0.09399999999999999
6.0,4290.582249879837,0.09399999999999999
6.0,4291.588967561722,0.09399999999999999
6.0,4292.604965925217,0.09399999999999999
6.0,4293.620993375778,0.09399999999999999
6.0,4294.627692461014,0.09399999999999999
6.0,4295.6395399570465,0.09399999999999999
6.0,4296.646298646927,0.09399999999999999
6.0,4297.6529405117035,0.09399999999999999
6.0,4298.658966302872,0.09399999999999999
6.0,4299.665429830551,0.09399999999999999
6.0,4301.67338013649,0.09399999999999999
6.0,4302.684952735901,0.09399999999999999
6.0,4303.691402196884,0.09399999999999999
6.0,4304.698138475418,0.09399999999999999
6.0,4305.704915046692,0.09399999999999999
6.0,4306.711683034897,0.09399999999999999
6.0,4307.718398332596,0.09399999999999999
6.0,4308.730093717575,0.09399999999999999
6.0,4309.740937709808,0.09399999999999999
6.0,4310.747689962387,0.09399999999999999
6.0,4311.754420757294,0.09399999999999999
6.0,4312.761064291,0.09399999999999999
6.0,4313.7678644657135,0.09399999999999999
6.0,4314.774660110474,0.09399999999999999
6.0,4315.786452770233,0.09399999999999999
6.0,4316.792989253998,0.09399999999999999
6.0,4317.79961848259,0.09399999999999999
6.0,4318.811359405518,0.09399999999999999
6.0,4319.818232536316,0.09399999999999999
6.0,4321.826020002365,0.09399999999999999
6.0,4322.832818508148,0.09399999999999999
6.0,4323.839635848999,0.09399999999999999
6.0,4324.846230268478,0.09399999999999999
6.0,4325.852931022644,0.09399999999999999
6.0,4326.85983133316,0.09399999999999999
6.0,4327.866491794586,0.09399999999999999
6.0,4328.872968912125,0.09399999999999999
6.0,4329.879752874374,0.09399999999999999
6.0,4330.886448144913,0.09399999999999999
6.0,4331.892942428589,0.09399999999999999
6.0,4332.9080674648285,0.09399999999999999
6.0,4333.92263841629,0.09399999999999999
6.0,4334.936959266663,0.09399999999999999
6.0,4335.943701982498,0.09399999999999999
6.0,4336.955441236496,0.09399999999999999
6.0,4337.967129468918,0.09399999999999999
6.0,4338.968716144562,0.09399999999999999
6.0,4339.980423688889,0.09399999999999999
6.0,4341.98824429512,0.0983
6.0,4343.0002183914185,0.0983
6.0,4344.00092124939,0.09399999999999999
6.0,4345.007610797882,0.09399999999999999
6.0,4346.009008646011,0.0983
6.0,4347.015686750412,0.09399999999999999
6.0,4348.025017976761,0.09399999999999999
6.0,4349.034469604492,0.09399999999999999
6.0,4350.048917531967,0.09399999999999999
6.0,4351.0555629730225,0.09399999999999999
6.0,4352.062299728394,0.09399999999999999
6.0,4353.068831443787,0.0983
6.0,4354.075075864792,0.09399999999999999
6.0,4355.088992357254,0.09399999999999999
6.0,4356.095764160156,0.0983
6.0,4357.107546806335,0.0983
6.0,4358.114005565643,0.0983
6.0,4359.120645046234,0.0983
6.0,4360.127286672592,0.09399999999999999
6.0,4362.1408705711365,0.0983
6.0,4363.150094985962,0.0983
6.0,4364.156959295273,0.0983
6.0,4365.157978773117,0.0983
6.0,4366.164514064789,0.0983
6.0,4367.17430472374,0.09399999999999999
6.0,4368.180953264236,0.0983
6.0,4369.192919969559,0.0983
6.0,4370.204949140549,0.0983
6.0,4371.2118175029755,0.09399999999999999
6.0,4372.218688011169,0.09399999999999999
6.0,4373.230443239212,0.09399999999999999
6.0,4374.236979961395,0.0983
6.0,4375.243690252304,0.0983
6.0,4376.250426530838,0.0983
6.0,4377.256983995438,0.0983
6.0,4378.268802165985,0.0983
6.0,4379.275575876236,0.0983
6.0,4380.282249212265,0.0983
6.0,4382.290115594864,0.0983
6.0,4383.301113843918,0.0983
6.0,4384.308060884476,0.0983
6.0,4385.314724445343,0.0983
6.0,4386.321068525314,0.0983
6.0,4387.327781915665,0.09399999999999999
6.0,4388.339551448822,0.0983
6.0,4389.352945327759,0.09399999999999999
6.0,4390.359598875046,0.09399999999999999
6.0,4391.366275310516,0.09399999999999999
6.0,4392.372920513153,0.0983
6.0,4393.379613399506,0.0983
6.0,4394.380933761597,0.0983
6.0,4395.3876984119415,0.0983
6.0,4396.388874769211,0.0983
6.0,4397.403915643692,0.0983
6.0,4398.410528898239,0.0983
6.0,4399.417092323303,0.0983
6.0,4400.4289219379425,0.0983
6.0,4402.452785730362,0.0983
6.0,4403.486172437668,0.0983
6.0,4404.494876384735,0.0983
6.0,4405.502634525299,0.0983
6.0,4406.507766723633,0.0983
6.0,4407.509111881256,0.0983
6.0,4408.510683774948,0.0983
6.0,4409.512269973755,0.0983
6.0,4410.512937068939,0.0983
6.0,4411.514872789383,0.0983
6.0,4412.516344547272,0.0983
6.0,4413.517097234726,0.0983
6.0,4414.518753528595,0.0983
6.0,4415.52187037468,0.0983
6.0,4416.523836612701,0.0983
6.0,4417.5258436203,0.0983
6.0,4418.527325391769,0.0983
6.0,4419.528964757919,0.0983
6.0,4420.531266212463,0.0983
6.0,4422.534083604813,0.0983
6.0,4423.5355405807495,0.0983
6.0,4424.5370128154755,0.0983
6.0,4425.538378238678,0.0983
6.0,4426.540660619736,0.0983
6.0,4427.542819738388,0.0983
6.0,4428.545856714249,0.0983
6.0,4429.548477172852,0.0983
6.0,4430.559841156006,0.0983
6.0,4431.577403783798,0.0983
6.0,4432.583149433136,0.0983
6.0,4433.59860086441,0.0983
6.0,4434.602726221085,0.0983
6.0,4435.608193874359,0.0983
6.0,4436.612530469894,0.0983
6.0,4437.616113424301,0.0983
6.0,4438.6195731163025,0.0983
6.0,4439.620851755142,0.0983
6.0,4440.621512413025,0.0983
6.0,4442.6249623298645,0.0983
6.0,4443.626585960388,0.0983
6.0,4444.628202676773,0.0983
6.0,4445.6289966106415,0.0983
6.0,4446.630607128143,0.0983
6.0,4447.632122516632,0.0983
6.0,4448.633038043976,0.0983
6.0,4449.635385513306,0.0983
6.0,4450.636821269989,0.0983
6.0,4451.638449907303,0.0983
6.0,4452.641404390335,0.0983
6.0,4453.643176794052,0.0983
6.0,4454.645345449448,0.0983
6.0,4455.650261878967,0.0983
6.0,4456.654110431671,0.0983
6.0,4457.656730175018,0.0983
6.0,4458.659517765045,0.0983
6.0,4459.660835027695,0.0983
6.0,4461.663262844086,0.0983
6.0,4462.668803930283,0.0983
6.0,4463.6753141880035,0.0983
6.0,4464.684398889542,0.0983
6.0,4465.694969892502,0.0983
6.0,4466.701057672501,0.0983
6.0,4467.712815523148,0.0983
6.0,4468.719752550125,0.0983
6.0,4469.726365804672,0.0983
6.0,4470.727930307388,0.0983
6.0,4471.728934764862,0.0983
6.0,4472.735741615295,0.0983
6.0,4473.747721672058,0.0983
6.0,4474.754324913025,0.0983
6.0,4475.7688601017,0.0983
6.0,4476.775643587112,0.0983
6.0,4477.782246589661,0.0983
6.0,4478.788941860199,0.0983
6.0,4480.801016569138,0.0983
6.0,4481.812883615494,0.0983
6.0,4482.819539070129,0.09399999999999999
6.0,4483.835951805115,0.0983
6.0,4484.842603683472,0.0983
6.0,4485.848942518234,0.09399999999999999
6.0,4486.855730772018,0.09399999999999999
6.0,4487.862467288971,0.09399999999999999
6.0,4488.868950128555,0.0983
6.0,4489.870596885681,0.09399999999999999
6.0,4490.882437467575,0.09399999999999999
6.0,4491.889033317566,0.0983
6.0,4492.900780200958,0.0983
6.0,4493.907594919205,0.0983
6.0,4494.914358615875,0.0983
6.0,4495.920949220657,0.0983
6.0,4496.932967185974,0.0983
6.0,4497.944765806198,0.0983
6.0,4498.951582431793,0.09399999999999999
6.0,4500.968975067139,0.0983
6.0,4501.975667953491,0.0983
6.0,4502.9873921871185,0.09399999999999999
6.0,4503.9940984249115,0.0983
6.0,4505.000932216644,0.09399999999999999
6.0,4506.007582187653,0.09399999999999999
6.0,4507.014185190201,0.09399999999999999
6.0,4508.020882606506,0.09399999999999999
6.0,4509.027575016022,0.09399999999999999
6.0,4510.028958320618,0.0983
6.0,4511.035651445389,0.0983
6.0,4512.04247379303,0.0983
6.0,4513.048958539963,0.0983
6.0,4514.055748701096,0.0983
6.0,4515.067495346069,0.0983
6.0,4516.074334859848,0.0983
6.0,4517.081060171127,0.0983
6.0,4518.087752342224,0.0983
6.0,4519.088929414749,0.0983
6.0,4521.0968289375305,0.0983
6.0,4522.10365319252,0.0983
6.0,4523.1102912425995,0.0983
6.0,4524.116989374161,0.0983
6.0,4525.132957935333,0.0983
6.0,4526.139618396759,0.0983
6.0,4527.14613699913,0.09399999999999999
6.0,4528.147653579712,0.09399999999999999
6.0,4529.1593725681305,0.0983
6.0,4530.166090250015,0.09399999999999999
6.0,4531.172948598862,0.09399999999999999
6.0,4532.17965054512,0.0983
6.0,4533.186449766159,0.09399999999999999
6.0,4534.192948818207,0.0983
6.0,4535.199959278107,0.0983
6.0,4536.2119307518005,0.0983
6.0,4537.218628644943,0.0983
6.0,4538.224929094315,0.0983
6.0,4539.2360961437225,0.0983
6.0,4541.248919248581,0.0983
6.0,4542.255620956421,0.0983
6.0,4543.267342805862,0.0983
6.0,4544.274010181427,0.0983
6.0,4545.280785083771,0.0983
6.0,4546.287513971329,0.0983
6.0,4547.30211687088,0.0983
6.0,4548.3088319301605,0.09399999999999999
6.0,4549.315545082092,0.0983
6.0,4550.322208404541,0.0983
6.0,4551.328909397125,0.09399999999999999
6.0,4552.33566236496,0.0983
6.0,4553.342300653458,0.09399999999999999
6.0,4554.348948955536,0.0983
6.0,4555.359902620316,0.0983
6.0,4556.374990463257,0.0983
6.0,4557.386696577072,0.0983
6.0,4558.4009211063385,0.0983
6.0,4559.407734632492,0.0983
6.0,4561.415537595749,0.0983
6.0,4562.422199487686,0.0983
6.0,4563.428865671158,0.09399999999999999
6.0,4564.440427780151,0.0983
6.0,4565.447183847427,0.0983
6.0,4566.458948135376,0.0983
6.0,4567.465008974075,0.09399999999999999
6.0,4568.471812725067,0.0983
6.0,4569.478496551514,0.0983
6.0,4570.490267276764,0.0983
6.0,4571.500044584274,0.0983
6.0,4572.506778001785,0.0983
6.0,4573.5129635334015,0.0983
6.0,4574.519762039185,0.0983
6.0,4575.526479721069,0.0983
6.0,4576.5329349040985,0.0983
6.0,4577.544791936874,0.0983
6.0,4578.559766054153,0.0983
6.0,4579.566458463669,0.0983
6.0,4581.573936223984,0.0983
6.0,4582.575436115265,0.0983
6.0,4583.576945066452,0.09399999999999999
6.0,4584.583730697632,0.0983
6.0,4585.598260402679,0.0983
6.0,4586.604931592941,0.0983
6.0,4587.616827249527,0.0983
6.0,4588.63294506073,0.0983
6.0,4589.644243955612,0.0983
6.0,4590.664174795151,0.0983
6.0,4591.667553186417,0.0983
6.0,4592.68493103981,0.09389999999999998
6.0,4593.686496019363,0.0983
6.0,4594.690414428711,0.0983
6.0,4595.708140134811,0.09809999999999999
6.0,4596.7140555381775,0.0983
6.0,4597.722450971603,0.09809999999999999
6.0,4598.72401881218,0.09809999999999999
6.0,4599.72501039505,0.0983
6.0,4601.740317106247,0.09809999999999999
6.0,4602.741297006607,0.09809999999999999
6.0,4603.743271350861,0.09809999999999999
6.0,4604.752413988113,0.0983
6.0,4605.753832578659,0.09809999999999999
6.0,4606.759534597397,0.0983
6.0,4607.770110607147,0.09389999999999998
6.0,4608.776700735092,0.0983
6.0,4609.79124379158,0.0983
6.0,4610.796947479248,0.0983
6.0,4611.803645610809,0.0983
6.0,4612.815509319305,0.09809999999999999
6.0,4613.822333812714,0.0983
6.0,4614.828948259354,0.0983
6.0,4615.835801362991,0.09809999999999999
6.0,4616.846871614456,0.0983
6.0,4617.852988958359,0.09809999999999999
6.0,4618.859797716141,0.0983
6.0,4619.871566772461,0.0983
6.0,4621.879430055618,0.09809999999999999
6.0,4622.886224746704,0.09809999999999999
6.0,4623.892965078354,0.09809999999999999
6.0,4624.907682657242,0.0983
6.0,4625.914446353912,0.09809999999999999
6.0,4626.916023492813,0.09809999999999999
6.0,4627.9170644283295,0.09809999999999999
6.0,4628.928942680359,0.09809999999999999
6.0,4629.930532693863,0.0983
6.0,4630.93695640564,0.0983
6.0,4631.943764925003,0.09809999999999999
6.0,4632.955581665039,0.09809999999999999
6.0,4633.967305660248,0.0983
6.0,4634.979144334793,0.09809999999999999
6.0,4635.984910726547,0.0983
6.0,4636.991523265839,0.0983
6.0,4638.00327706337,0.0983
6.0,4639.01501083374,0.09809999999999999
6.0,4640.026772975922,0.09809999999999999
6.0,4642.034020900726,0.0983
6.0,4643.048220396042,0.0983
6.0,4644.055000066757,0.0983
6.0,4645.0565440654755,0.09809999999999999
6.0,4646.06319975853,0.0983
6.0,4647.06999373436,0.09389999999999998
6.0,4648.076704978943,0.0983
6.0,4649.083710432053,0.09809999999999999
6.0,4650.095573663712,0.09389999999999998
6.0,4651.102402925491,0.0983
6.0,4652.108938455582,0.0983
6.0,4653.115545511246,0.0983
6.0,4654.124940872192,0.0983
6.0,4655.139480352402,0.0983
6.0,4656.151198148727,0.09809999999999999
6.0,4657.164951324463,0.0983
6.0,4658.179134607315,0.0983
4.0,4659.190868377686,0.0983
4.0,4660.196959257126,0.09809999999999999
4.0,4662.19962978363,0.0983
4.0,4663.200949907303,0.09389999999999998
4.0,4664.206771373749,0.0983
4.0,4665.221957445145,0.0983
4.0,4666.228722810745,0.09389999999999998
4.0,4667.235539197922,0.0983
4.0,4668.242383003235,0.09389999999999998
4.0,4669.249014854431,0.09399999999999999
4.0,4670.255782365799,0.09389999999999998
4.0,4671.262428760529,0.09389999999999998
4.0,4672.268992900848,0.09389999999999998
4.0,4673.2751557827,0.0887
4.0,4674.281889677048,0.09299999999999999
4.0,4675.288717031479,0.0887
4.0,4676.300499200821,0.09659999999999999
4.0,4677.307122707367,0.09129999999999999
4.0,4678.312954902649,0.0957
4.0,4679.314553499222,0.09129999999999999
4.0,4680.320940732956,0.0904
4.0,4682.333106040955,0.0904
4.0,4683.344989061356,0.0836
4.0,4684.351780414581,0.0896
4.0,4685.366064548492,0.0836
4.0,4686.372723579407,0.0896
4.0,4687.379528045654,0.0896
4.0,4688.394233703613,0.0896
4.0,4689.40845823288,0.0896
4.0,4690.415261268616,0.0896
4.0,4691.422208547592,0.0896
4.0,4692.42897939682,0.0896
4.0,4693.435739040375,0.0896
4.0,4694.484790563583,0.08109999999999999
4.0,4695.503342151642,0.09299999999999999
4.0,4696.509444236755,0.0887
4.0,4697.5176792144775,0.09209999999999999
4.0,4698.520348787308,0.08789999999999999
4.0,4699.522397279739,0.087
4.0,4700.540008544922,0.09129999999999999
4.0,4702.544422626495,0.0828
4.0,4703.546130895615,0.0836
4.0,4704.552741527557,0.08199999999999999
4.0,4705.562733888626,0.0836
4.0,4706.57270693779,0.08199999999999999
4.0,4707.579367399216,0.08199999999999999
4.0,4708.5860052108765,0.0836
4.0,4709.59260725975,0.08199999999999999
4.0,4710.604088783264,0.0836
4.0,4711.610724925995,0.08199999999999999
4.0,4712.617003202438,0.0904
4.0,4713.628881216049,0.08199999999999999
4.0,4714.6356036663055,0.08109999999999999
4.0,4715.646863937378,0.08109999999999999
4.0,4716.653037548065,0.08109999999999999
4.0,4717.659726142883,0.0803
4.0,4718.660928487778,0.0803
4.0,4719.667584657669,0.0836
4.0,4720.673547506332,0.08789999999999999
4.0,4722.680982351303,0.0794
4.0,4723.692769289017,0.0828
4.0,4724.699248075485,0.0828
4.0,4725.711019039154,0.0828
4.0,4726.716944932938,0.0828
4.0,4727.728854417801,0.0828
4.0,4728.735592842102,0.0828
4.0,4729.747344732285,0.0828
4.0,4730.754133462906,0.0828
4.0,4731.760817050934,0.0828
4.0,4732.767648696899,0.0828
4.0,4733.782195568085,0.087
4.0,4734.794045448303,0.0828
4.0,4735.800868988037,0.08199999999999999
4.0,4736.807548999786,0.08199999999999999
4.0,4737.814382791519,0.07769999999999999
4.0,4738.821090936661,0.08109999999999999
4.0,4739.827862739563,0.08109999999999999
4.0,4740.83455824852,0.07669999999999999
4.0,4742.842059373856,0.0803
4.0,4743.84885597229,0.0803
4.0,4744.855561256409,0.0801
4.0,4745.862302064896,0.0803
4.0,4746.874034404755,0.0803
4.0,4747.880754709244,0.0803
4.0,4748.89702129364,0.0803
4.0,4749.903814315796,0.0803
4.0,4750.910530567169,0.0803
4.0,4751.916962146759,0.0801
4.0,4752.931946754456,0.0803
4.0,4753.943662405014,0.07499999999999998
4.0,4754.9450488090515,0.0836
4.0,4755.946594238281,0.0794
4.0,4756.9529321193695,0.0786
4.0,4757.95973443985,0.0828
4.0,4758.971484661102,0.07839999999999998
4.0,4759.978355407715,0.07409999999999999
4.0,4760.984907627106,0.08199999999999999
4.0,4762.997754573822,0.07749999999999999
4.0,4764.004525899887,0.07329999999999999
4.0,4765.016259670258,0.07329999999999999
4.0,4766.022891283035,0.07329999999999999
4.0,4767.029611587524,0.07329999999999999
4.0,4768.03635597229,0.07329999999999999
4.0,4769.048211812973,0.07329999999999999
4.0,4770.054901123047,0.07329999999999999
4.0,4771.061008930206,0.07329999999999999
4.0,4772.075051784515,0.07329999999999999
4.0,4773.0907027721405,0.07329999999999999
4.0,4774.096985340118,0.08109999999999999
4.0,4775.103971004486,0.07669999999999999
4.0,4776.110746860504,0.07239999999999999
4.0,4777.117085933685,0.07579999999999998
4.0,4778.128898859024,0.07579999999999998
4.0,4779.1357135772705,0.07159999999999998
4.0,4780.142403841019,0.07499999999999998
4.0,4781.149030208588,0.07499999999999998
4.0,4783.17239689827,0.07499999999999998
4.0,4784.193565130234,0.07069999999999999
4.0,4785.213720083237,0.07069999999999999
4.0,4786.218029260635,0.07069999999999999
4.0,4787.221920967102,0.07069999999999999
4.0,4788.230863809586,0.07069999999999999
4.0,4789.234793186188,0.07069999999999999
4.0,4790.239108800888,0.06989999999999999
4.0,4791.248826980591,0.06989999999999999
4.0,4792.251400470734,0.06989999999999999
4.0,4793.254414319992,0.06989999999999999
4.0,4794.2578547000885,0.07839999999999998
4.0,4795.261548042297,0.07409999999999999
4.0,4796.27176451683,0.06989999999999999
4.0,4797.278241157532,0.0735
4.0,4798.288302183151,0.07329999999999999
4.0,4799.298145532608,0.07329999999999999
4.0,4800.304720163345,0.06819999999999998
4.0,4801.311327695847,0.07239999999999999
4.0,4803.314120531082,0.07239999999999999
4.0,4804.324957370758,0.07239999999999999
4.0,4805.331859111786,0.07239999999999999
4.0,4806.338551044464,0.07239999999999999
4.0,4807.344945430756,0.07239999999999999
4.0,4808.351687431335,0.07239999999999999
4.0,4809.363429784775,0.06819999999999998
4.0,4810.370160579681,0.06819999999999998
4.0,4811.376951217651,0.06819999999999998
4.0,4812.383622407913,0.06819999999999998
4.0,4813.390344381332,0.06819999999999998
4.0,4814.396994829178,0.06729999999999998
4.0,4815.412059307098,0.07159999999999998
4.0,4816.427067279816,0.06729999999999998
4.0,4817.438931465149,0.06649999999999999
4.0,4818.44574713707,0.07069999999999999
4.0,4819.45264339447,0.07069999999999999
4.0,4820.459417819977,0.06649999999999999
4.0,4822.467336177826,0.06559999999999999
4.0,4823.474098682404,0.06559999999999999
4.0,4824.480122089386,0.06989999999999999
4.0,4825.491976976395,0.06989999999999999
4.0,4826.498622179031,0.06559999999999999
4.0,4827.504831314087,0.07409999999999999
4.0,4828.511712551117,0.06989999999999999
4.0,4829.518464803696,0.06559999999999999
4.0,4830.530412912369,0.06989999999999999
4.0,4831.544932603836,0.06989999999999999
4.0,4832.551813364029,0.07409999999999999
4.0,4833.563551902771,0.06989999999999999
4.0,4834.57019162178,0.06989999999999999
4.0,4835.58092212677,0.06559999999999999
4.0,4836.592740535736,0.06899999999999999
4.0,4837.598557472229,0.06899999999999999
4.0,4838.613251209259,0.06899999999999999
4.0,4839.624963760376,0.06479999999999998
4.0,4840.631972074509,0.06389999999999998
4.0,4842.644916772842,0.06819999999999998
4.0,4843.6517333984375,0.06819999999999998
4.0,4844.663312196732,0.06819999999999998
4.0,4845.679131031036,0.06819999999999998
4.0,4846.691034793854,0.06819999999999998
4.0,4847.702782869339,0.06819999999999998
4.0,4848.714537858963,0.06819999999999998
4.0,4849.726295232773,0.06819999999999998
4.0,4850.732967853546,0.06819999999999998
4.0,4851.739754676819,0.06819999999999998
4.0,4852.746516704559,0.06819999999999998
4.0,4853.7529356479645,0.06389999999999998
4.0,4854.764781951904,0.06309999999999999
4.0,4855.771489143372,0.06309999999999999
4.0,4856.778220176697,0.06729999999999998
4.0,4857.785031795502,0.06729999999999998
4.0,4858.7916469573975,0.06309999999999999
4.0,4859.792927742004,0.06219999999999999
4.0,4860.799728870392,0.06649999999999999
4.0,4862.80206990242,0.06649999999999999
4.0,4863.808794021606,0.06649999999999999
4.0,4864.824442148209,0.06649999999999999
4.0,4865.826010227203,0.06649999999999999
4.0,4866.827568531036,0.06649999999999999
4.0,4867.8343687057495,0.06219999999999999
4.0,4868.848859786987,0.06649999999999999
4.0,4869.855577468872,0.06219999999999999
4.0,4870.862270355225,0.06219999999999999
4.0,4871.868979930878,0.06209999999999999
4.0,4872.870523929596,0.06219999999999999
4.0,4873.8822293281555,0.061399999999999996
4.0,4874.8936603069305,0.06559999999999999
4.0,4875.900379896164,0.06559999999999999
4.0,4876.91212272644,0.06559999999999999
4.0,4877.91877245903,0.061399999999999996
4.0,4878.930608510971,0.0605
4.0,4879.936923027039,0.06899999999999999
4.0,4881.9447519779205,0.06479999999999998
4.0,4882.956696510315,0.06479999999999998
4.0,4883.963401317596,0.06479999999999998
4.0,4884.970072507858,0.06479999999999998
4.0,4885.97691988945,0.06479999999999998
4.0,4886.988780498505,0.06479999999999998
4.0,4887.995590925217,0.06479999999999998
4.0,4889.01140666008,0.06479999999999998
4.0,4890.0181221961975,0.06479999999999998
4.0,4891.02489900589,0.06479999999999998
4.0,4892.036691904068,0.06479999999999998
4.0,4893.04869389534,0.0605
4.0,4894.055303812027,0.05969999999999999
4.0,4895.060959815979,0.05969999999999999
4.0,4896.075526237488,0.06389999999999998
4.0,4897.091576337814,0.06389999999999998
4.0,4898.09840297699,0.06389999999999998
4.0,4899.120648622513,0.05969999999999999
4.0,4900.141095161438,0.05879999999999999
4.0,4902.144863605499,0.06309999999999999
4.0,4903.163636445999,0.06309999999999999
4.0,4904.166748285294,0.06309999999999999
4.0,4905.171514511108,0.06309999999999999
4.0,4906.180571556091,0.06309999999999999
4.0,4907.183770895004,0.06309999999999999
4.0,4908.186214923859,0.06309999999999999
4.0,4909.199333906174,0.06309999999999999
4.0,4910.201114177704,0.06309999999999999
4.0,4911.203277587891,0.06309999999999999
4.0,4912.205114364624,0.06309999999999999
4.0,4913.2081661224365,0.06309999999999999
4.0,4914.211761236191,0.05869999999999999
4.0,4915.222252368927,0.05869999999999999
4.0,4916.223633050919,0.057999999999999996
4.0,4917.224821090698,0.06219999999999999
4.0,4918.2313940525055,0.06219999999999999
4.0,4919.237895965576,0.06219999999999999
4.0,4920.24472117424,0.05779999999999999
4.0,4922.252438783646,0.057999999999999996
4.0,4923.259050369263,0.056999999999999995
4.0,4924.270756721497,0.056999999999999995
4.0,4925.282570838928,0.061399999999999996
4.0,4926.288959980011,0.056999999999999995
4.0,4927.295717954636,0.056999999999999995
4.0,4928.302328824997,0.056999999999999995
4.0,4929.3089463710785,0.061399999999999996
4.0,4930.315698385239,0.061399999999999996
4.0,4931.322416782379,0.056999999999999995
4.0,4932.328939914703,0.061399999999999996
4.0,4933.335722446442,0.06559999999999999
4.0,4934.347464561462,0.06559999999999999
4.0,4935.354182004929,0.061399999999999996
4.0,4936.360986948013,0.061399999999999996
4.0,4937.372771501541,0.056999999999999995
4.0,4938.383296012878,0.0605
4.0,4939.390224456787,0.0605
4.0,4940.401970863342,0.06479999999999998
4.0,4942.40473818779,0.0605
4.0,4943.411615848541,0.0605
4.0,4944.423393726349,0.060399999999999995
4.0,4945.43014216423,0.0605
4.0,4946.4370086193085,0.0605
4.0,4947.443547010422,0.0605
4.0,4948.444944620132,0.0605
4.0,4949.451625347137,0.0605
4.0,4950.458419084549,0.0605
4.0,4951.464965105057,0.0605
4.0,4952.471795797348,0.05629999999999999
4.0,4953.478599786758,0.05629999999999999
4.0,4954.484964132309,0.05539999999999999
4.0,4955.491662979126,0.0553
4.0,4956.503527402878,0.05969999999999999
4.0,4957.504935026169,0.05969999999999999
4.0,4958.511682510376,0.05969999999999999
4.0,4959.518355369568,0.05969999999999999
4.0,4961.526032924652,0.05539999999999999
4.0,4962.536935329437,0.054599999999999996
4.0,4963.5436182022095,0.054599999999999996
4.0,4964.54492020607,0.0553
4.0,4965.556753873825,0.054599999999999996
4.0,4966.563235282898,0.054599999999999996
4.0,4967.569998025894,0.054599999999999996
4.0,4968.577151060104,0.054599999999999996
4.0,4969.589005231857,0.054599999999999996
4.0,4970.5957934856415,0.054599999999999996
4.0,4971.610110759735,0.05099999999999999
4.0,4972.620215654373,0.054599999999999996
4.0,4973.6319489479065,0.054599999999999996
4.0,4974.643846750259,0.05879999999999999
4.0,4975.686546325684,0.05879999999999999
4.0,4976.691523313522,0.05879999999999999
4.0,4977.706654310226,0.054400000000000004
4.0,4978.708864450455,0.053599999999999995
4.0,4979.711302757263,0.054599999999999996
4.0,4981.723425865173,0.054599999999999996
4.0,4982.726206302643,0.053599999999999995
4.0,4983.728962421417,0.057999999999999996
4.0,4984.731604099274,0.04930000000000001
4.0,4985.733619689941,0.057999999999999996
4.0,4986.735542058945,0.057999999999999996
4.0,4987.737234115601,0.050299999999999984
4.0,4988.738933086395,0.06219999999999999
4.0,4989.740498781204,0.050199999999999995
4.0,4990.742169857025,0.057999999999999996
4.0,4991.743837118149,0.057999999999999996
4.0,4992.746540307999,0.057999999999999996
4.0,4993.748129606247,0.057999999999999996
4.0,4994.748906850815,0.057999999999999996
4.0,4995.750921726227,0.053599999999999995
4.0,4996.752439022064,0.053599999999999995
4.0,4997.753951072693,0.053599999999999995
4.0,4998.755564928055,0.0529
4.0,4999.756900072098,0.0529
4.0,5001.760319471359,0.0571
4.0,5002.761478424072,0.0571
4.0,5003.76286816597,0.0571
4.0,5004.764902353287,0.0571
4.0,5005.766423940659,0.0571
4.0,5006.768098831177,0.0571
4.0,5007.770220279694,0.0571
4.0,5008.772770166397,0.0571
4.0,5009.775714635849,0.0571
4.0,5010.776963710785,0.0571
4.0,5011.7785630226135,0.0571
4.0,5012.78807258606,0.0571
4.0,5013.79684305191,0.0571
4.0,5014.798259973526,0.0571
4.0,5015.804890394211,0.0529
4.0,5016.811330795288,0.0529
4.0,5017.81805562973,0.0519
4.0,5019.82492518425,0.0519
4.0,5020.831741571426,0.05629999999999999
4.0,5021.832951307297,0.05199999999999999
4.0,5022.834577083588,0.05629999999999999
4.0,5023.846218585968,0.05629999999999999
4.0,5024.85697722435,0.0605
4.0,5025.863613128662,0.05629999999999999
4.0,5026.875448465347,0.05629999999999999
4.0,5027.876932621002,0.05629999999999999
4.0,5028.888841867447,0.05629999999999999
4.0,5029.890394449234,0.05629999999999999
4.0,5030.896958827972,0.05629999999999999
4.0,5031.903678655624,0.05629999999999999
4.0,5032.910341024399,0.05629999999999999
4.0,5033.916930675507,0.05629999999999999
4.0,5034.923652887344,0.05629999999999999
4.0,5035.924954175949,0.05629999999999999
4.0,5036.931683778763,0.0519
4.0,5037.932964086533,0.05099999999999999
4.0,5039.940849781036,0.051199999999999996
4.0,5040.947530269623,0.05099999999999999
4.0,5041.954181909561,0.05099999999999999
4.0,5042.95573425293,0.051199999999999996
4.0,5043.9623482227325,0.05099999999999999
4.0,5044.974085569382,0.05539999999999999
4.0,5045.980918884277,0.05099999999999999
4.0,5046.987584590912,0.05539999999999999
4.0,5047.994285583496,0.05099999999999999
4.0,5049.00118970871,0.051199999999999996
4.0,5050.008019447327,0.05539999999999999
4.0,5051.014683008194,0.05539999999999999
4.0,5052.020945310593,0.05539999999999999
4.0,5053.0277264118195,0.05539999999999999
4.0,5054.034511089325,0.05539999999999999
4.0,5055.048845291138,0.05539999999999999
4.0,5056.055598497391,0.05539999999999999
4.0,5057.06218624115,0.0553
4.0,5059.069994211197,0.051199999999999996
4.0,5060.071543455124,0.05099999999999999
4.0,5061.078237533569,0.051199999999999996
4.0,5062.084924459457,0.050199999999999995
4.0,5063.090938091278,0.05099999999999999
4.0,5064.096927165985,0.05099999999999999
4.0,5065.103616476059,0.05099999999999999
4.0,5066.110328674316,0.051199999999999996
4.0,5067.122068405151,0.05099999999999999
4.0,5068.128856658936,0.050299999999999984
4.0,5069.135627985001,0.051199999999999996
4.0,5070.142338752747,0.04930000000000001
4.0,5071.156957626343,0.050299999999999984
4.0,5072.1715259552,0.054400000000000004
4.0,5073.18338394165,0.054599999999999996
4.0,5074.195221185684,0.054599999999999996
4.0,5075.202141284943,0.054599999999999996
4.0,5076.209023475647,0.054599999999999996
4.0,5077.220850944519,0.054599999999999996
4.0,5079.228828191757,0.054599999999999996
4.0,5080.235557079315,0.054599999999999996
4.0,5081.242404222488,0.054599999999999996
4.0,5082.248922586441,0.054599999999999996
4.0,5083.260771989822,0.054599999999999996
4.0,5084.267560720444,0.054599999999999996
4.0,5085.2741713523865,0.054599999999999996
4.0,5086.280823945999,0.054599999999999996
4.0,5087.287568092346,0.054599999999999996
4.0,5088.2942996025085,0.050299999999999984
4.0,5089.300913572311,0.054599999999999996
4.0,5090.30780673027,0.04930000000000001
4.0,5091.31462597847,0.050299999999999984
4.0,5092.320960998535,0.04930000000000001
4.0,5093.3276789188385,0.04930000000000001
4.0,5094.334418296814,0.04930000000000001
4.0,5095.335972547531,0.053599999999999995
4.0,5096.347808837891,0.0537
4.0,5097.3625831604,0.0537
4.0,5099.364377737045,0.053599999999999995
4.0,5100.375775098801,0.053599999999999995
4.0,5101.387703418732,0.0537
4.0,5102.394507408142,0.053599999999999995
4.0,5103.400971889496,0.053599999999999995
4.0,5104.408008337021,0.053599999999999995
4.0,5105.408996105194,0.0537
4.0,5106.415738105774,0.053599999999999995
4.0,5107.427423000336,0.053599999999999995
4.0,5108.434209346771,0.053599999999999995
4.0,5109.441010713577,0.0537
4.0,5110.447689294815,0.0537
4.0,5111.454294681549,0.0537
4.0,5112.461032629013,0.0537
4.0,5113.472828865051,0.053599999999999995
4.0,5114.487215280533,0.04930000000000001
4.0,5115.493960857391,0.04930000000000001
4.0,5116.500746488571,0.04930000000000001
4.0,5118.508365154266,0.04849999999999999
4.0,5119.515074014664,0.04849999999999999
4.0,5120.520934581757,0.048600000000000004
4.0,5121.527671813965,0.048600000000000004
4.0,5122.534375429153,0.0529
4.0,5123.540953874588,0.04849999999999999
4.0,5124.54768037796,0.04849999999999999
4.0,5125.548946619034,0.04849999999999999
4.0,5126.555615186691,0.04849999999999999
4.0,5127.562195062637,0.0529
4.0,5128.568890094757,0.048600000000000004
4.0,5129.57567858696,0.04849999999999999
4.0,5130.582290649414,0.0527
4.0,5131.588937044144,0.0527
4.0,5132.595767498016,0.0571
4.0,5133.60245013237,0.0529
4.0,5134.604053974152,0.0529
4.0,5135.604982614517,0.0529
4.0,5136.611712694168,0.0529
4.0,5138.624810218811,0.0529
4.0,5139.631478309631,0.0529
4.0,5140.638161659241,0.0529
4.0,5141.644921541214,0.0529
4.0,5142.656746149063,0.0529
4.0,5143.663498878479,0.0529
4.0,5144.669962406158,0.0529
4.0,5145.676701545715,0.0529
4.0,5146.688439130783,0.0527
4.0,5147.695128917694,0.0529
4.0,5148.700959920883,0.0529
4.0,5149.70751619339,0.0529
4.0,5150.714181184769,0.0529
4.0,5151.720898151398,0.0529
4.0,5152.727559804916,0.04829999999999998
4.0,5153.734161376953,0.04849999999999999
4.0,5154.740913629532,0.048099999999999976
4.0,5155.752758741379,0.048600000000000004
4.0,5156.7594883441925,0.0476
4.0,5158.767108201981,0.0476
4.0,5159.772968053818,0.0476
4.0,5160.784762144089,0.0469
4.0,5161.791499614716,0.04680000000000001
4.0,5162.803231954575,0.04680000000000001
4.0,5163.819664478302,0.04680000000000001
4.0,5164.820944786072,0.0519
4.0,5165.8276879787445,0.04680000000000001
4.0,5166.83939242363,0.04680000000000001
4.0,5167.846040725708,0.0519
4.0,5168.852817058563,0.0476
4.0,5169.859642267227,0.0476
4.0,5170.865777730942,0.0519
4.0,5171.872535467148,0.05199999999999999
4.0,5172.884391069412,0.0519
4.0,5173.896213054657,0.05199999999999999
4.0,5174.908094882965,0.05199999999999999
4.0,5175.91485786438,0.0519
4.0,5176.920946836472,0.0519
4.0,5178.928833723068,0.0519
4.0,5179.940714597702,0.0519
4.0,5180.95264673233,0.0519
4.0,5181.959109067917,0.0519
4.0,5182.971043109894,0.0519
4.0,5183.976918458939,0.0519
4.0,5184.983658075333,0.0519
4.0,5185.9901003837585,0.0519
4.0,5187.006112575531,0.0519
4.0,5188.0130479335785,0.0519
4.0,5189.019843578339,0.0519
4.0,5190.031560182571,0.0519
4.0,5191.0431180000305,0.05199999999999999
4.0,5192.048829317093,0.0519
4.0,5193.0554003715515,0.0519
4.0,5194.064956188202,0.05199999999999999
4.0,5195.071788311005,0.0476
4.0,5196.083513975143,0.0476
4.0,5197.090278148651,0.0476
4.0,5199.09294295311,0.0476
4.0,5200.099718570709,0.0476
4.0,5201.106557130814,0.04680000000000001
4.0,5202.112973213196,0.04680000000000001
4.0,5203.119710683823,0.04680000000000001
4.0,5204.126551389694,0.043399999999999994
4.0,5205.138388633728,0.04680000000000001
4.0,5206.1449654102325,0.046599999999999975
4.0,5207.15176153183,0.04680000000000001
4.0,5208.168911933899,0.04680000000000001
4.0,5209.175696372986,0.04680000000000001
4.0,5210.187443494797,0.0476
4.0,5211.194275856018,0.04680000000000001
4.0,5212.200944900513,0.04680000000000001
4.0,5213.2077531814575,0.051199999999999996
4.0,5214.2144067287445,0.04680000000000001
4.0,5215.220935821533,0.05099999999999999
4.0,5216.232691287994,0.05099999999999999
4.0,5218.240018129349,0.05099999999999999
4.0,5219.246669054031,0.051199999999999996
4.0,5220.25293469429,0.051199999999999996
4.0,5221.25986123085,0.051199999999999996
4.0,5222.2665548324585,0.05099999999999999
4.0,5223.2729959487915,0.051199999999999996
4.0,5224.2797746658325,0.051199999999999996
4.0,5225.2865216732025,0.051199999999999996
4.0,5226.292986392975,0.05099999999999999
4.0,5227.299800157547,0.05099999999999999
4.0,5228.30668592453,0.051199999999999996
4.0,5229.3185567855835,0.05099999999999999
4.0,5230.325016260147,0.05099999999999999
4.0,5231.336941480637,0.05099999999999999
4.0,5232.343702793121,0.05099999999999999
4.0,5233.344935894012,0.051199999999999996
4.0,5234.351763725281,0.05099999999999999
4.0,5235.352950334549,0.051199999999999996
4.0,5236.359547615051,0.05099999999999999
4.0,5238.372505187988,0.05099999999999999
4.0,5239.384425401688,0.05099999999999999
4.0,5240.400929689407,0.05099999999999999
4.0,5241.407684087753,0.05099999999999999
4.0,5242.414350509644,0.05099999999999999
4.0,5243.420929193497,0.05099999999999999
4.0,5244.432689666748,0.05099999999999999
4.0,5245.439491510391,0.05099999999999999
4.0,5246.451472759247,0.05099999999999999
4.0,5247.458160877228,0.05099999999999999
4.0,5248.46488571167,0.05099999999999999
4.0,5249.471661329269,0.05099999999999999
4.0,5250.478297948837,0.05099999999999999
4.0,5251.484912633896,0.05099999999999999
4.0,5252.491719961166,0.04680000000000001
4.0,5253.498312950134,0.05099999999999999
4.0,5254.50513958931,0.04680000000000001
4.0,5255.516979455948,0.04680000000000001
4.0,5256.523734807968,0.04680000000000001
4.0,5258.536544084549,0.04680000000000001
4.0,5259.548316955566,0.045899999999999996
4.0,5260.560055732727,0.04680000000000001
4.0,5261.571675539017,0.04680000000000001
4.0,5262.572954654694,0.045899999999999996
4.0,5263.584757089615,0.046599999999999975
4.0,5264.591473817825,0.04680000000000001
4.0,5265.598177194595,0.045899999999999996
4.0,5266.60489988327,0.04680000000000001
4.0,5267.606436729431,0.04680000000000001
4.0,5268.612927675247,0.045399999999999996
4.0,5269.624163150787,0.04680000000000001
4.0,5270.6344084739685,0.04680000000000001
4.0,5271.64097070694,0.03829999999999997
4.0,5272.647767782211,0.04680000000000001
4.0,5273.659510135651,0.045899999999999996
4.0,5274.671250343323,0.045899999999999996
4.0,5275.683055639267,0.045899999999999996
4.0,5276.68892788887,0.045899999999999996
4.0,5278.696894168854,0.045899999999999996
4.0,5279.703830242157,0.04930000000000001
4.0,5280.71045422554,0.045899999999999996
4.0,5281.716985702515,0.045899999999999996
4.0,5282.728869199753,0.050299999999999984
4.0,5283.7356107234955,0.045899999999999996
4.0,5284.742275238037,0.045899999999999996
4.0,5285.748995542526,0.050299999999999984
4.0,5286.750102996826,0.045899999999999996
4.0,5287.760946035385,0.045899999999999996
4.0,5288.767621278763,0.050299999999999984
4.0,5289.774419784546,0.04930000000000001
4.0,5290.780963420868,0.050199999999999995
4.0,5291.787773609161,0.045899999999999996
4.0,5292.794442176819,0.050199999999999995
4.0,5293.800959587097,0.04930000000000001
4.0,5294.80770111084,0.050199999999999995
4.0,5295.8143899440765,0.04930000000000001
4.0,5296.820911645889,0.050199999999999995
4.0,5298.836913347244,0.04930000000000001
4.0,5299.843672037125,0.04949999999999999
4.0,5300.850404262543,0.050199999999999995
4.0,5301.86213684082,0.050199999999999995
4.0,5302.872938156128,0.050199999999999995
4.0,5303.879745721817,0.050299999999999984
4.0,5304.886549711227,0.050199999999999995
4.0,5305.898328542709,0.050199999999999995
4.0,5306.9049525260925,0.050199999999999995
4.0,5307.9167239665985,0.050299999999999984
4.0,5308.918327331543,0.050199999999999995
4.0,5309.919911623001,0.04930000000000001
4.0,5310.931569099426,0.050199999999999995
4.0,5311.940959692001,0.04949999999999999
4.0,5312.947822570801,0.050199999999999995
4.0,5313.954618692398,0.050199999999999995
4.0,5314.966383695602,0.050199999999999995
4.0,5315.972935676575,0.050199999999999995
4.0,5316.979825258255,0.050299999999999984
4.0,5318.987766504288,0.050199999999999995
4.0,5319.999547719955,0.04979999999999998
4.0,5321.006308794022,0.050199999999999995
4.0,5322.012989282608,0.050199999999999995
4.0,5323.019748449326,0.050299999999999984
4.0,5324.0263504981995,0.050199999999999995
4.0,5325.032967090607,0.050199999999999995
4.0,5326.044798612595,0.050199999999999995
4.0,5327.051505565643,0.050199999999999995
4.0,5328.063331604004,0.050299999999999984
4.0,5329.0701150894165,0.050199999999999995
4.0,5330.081951856613,0.045899999999999996
4.0,5331.088745594025,0.050199999999999995
4.0,5332.1049473285675,0.045899999999999996
4.0,5333.116856575012,0.050199999999999995
4.0,5334.123586893082,0.04930000000000001
4.0,5335.130241394043,0.045899999999999996
4.0,5336.156136274338,0.04930000000000001
4.0,5337.16575884819,0.045899999999999996
4.0,5339.196713209152,0.045899999999999996
4.0,5340.211956501007,0.04949999999999999
4.0,5341.222991704941,0.045899999999999996
4.0,5342.226521015167,0.045899999999999996
4.0,5343.229655742645,0.050299999999999984
4.0,5344.233628034592,0.045899999999999996
4.0,5345.242971420288,0.045899999999999996
4.0,5346.265806674957,0.050199999999999995
4.0,5347.28262758255,0.045899999999999996
4.0,5348.286624908447,0.045899999999999996
4.0,5349.301636457443,0.050199999999999995
4.0,5350.305223941803,0.04949999999999999
4.0,5351.309164524078,0.045899999999999996
4.0,5352.311863422394,0.04930000000000001
4.0,5353.320126533508,0.045899999999999996
4.0,5354.323702335358,0.0451
4.0,5355.332863330841,0.045899999999999996
4.0,5356.339405298233,0.0451
4.0,5357.348922729492,0.045899999999999996
4.0,5359.360965490341,0.045899999999999996
4.0,5360.367818117142,0.0451
4.0,5361.3821086883545,0.0451
4.0,5362.392932891846,0.045899999999999996
4.0,5363.399706840515,0.0451
4.0,5364.400943279266,0.0451
4.0,5365.407756567001,0.045899999999999996
4.0,5366.414570093155,0.0451
4.0,5367.426349639893,0.045899999999999996
4.0,5368.432948112488,0.045899999999999996
4.0,5369.439576864243,0.0451
4.0,5370.446366548538,0.045899999999999996
4.0,5371.452930450439,0.0451
4.0,5372.466638803482,0.0451
4.0,5373.48096036911,0.0451
4.0,5374.487718343735,0.0451
4.0,5375.5030426979065,0.0451
4.0,5376.5089654922485,0.04930000000000001
4.0,5377.51567029953,0.0451
4.0,5379.522944688797,0.0451
4.0,5380.528936862946,0.0451
4.0,5381.535619974136,0.04930000000000001
4.0,5382.54231595993,0.0451
4.0,5383.548960447311,0.0451
4.0,5384.550539016724,0.04930000000000001
4.0,5385.5622754096985,0.0451
4.0,5386.569041013718,0.0451
4.0,5387.575633525848,0.04930000000000001
4.0,5388.582376718521,0.0451
4.0,5389.589002370834,0.04930000000000001
4.0,5390.595789909363,0.0451
4.0,5391.596816539764,0.04930000000000001
4.0,5392.603501081467,0.0451
4.0,5393.615340709686,0.04930000000000001
4.0,5394.627072811127,0.04930000000000001
4.0,5395.628648042679,0.04930000000000001
4.0,5396.64043712616,0.04930000000000001
4.0,5397.647154569626,0.0451
4.0,5399.648931264877,0.04930000000000001
4.0,5400.665022850037,0.04930000000000001
4.0,5401.679376602173,0.053599999999999995
4.0,5402.696348190308,0.0451
4.0,5403.712154626846,0.04930000000000001
4.0,5404.72393155098,0.04930000000000001
4.0,5405.724942207336,0.04930000000000001
4.0,5406.726509571075,0.04930000000000001
4.0,5407.728191375732,0.04930000000000001
4.0,5408.742762327194,0.04930000000000001
4.0,5409.748967170715,0.04930000000000001
4.0,5410.755724191666,0.04930000000000001
4.0,5411.767431259155,0.04930000000000001
4.0,5412.774100065231,0.04930000000000001
4.0,5413.788873910904,0.0451
4.0,5414.795639514923,0.04930000000000001
4.0,5415.802263259888,0.04930000000000001
4.0,5416.808997392654,0.04930000000000001
4.0,5417.815726041794,0.04930000000000001
4.0,5419.8180894851685,0.04930000000000001
4.0,5420.828936338425,0.04930000000000001
4.0,5421.835752487183,0.04930000000000001
4.0,5422.847593307495,0.04930000000000001
4.0,5423.848823547363,0.04930000000000001
4.0,5424.855577707291,0.04930000000000001
4.0,5425.862280845642,0.04930000000000001
4.0,5426.872666358948,0.04930000000000001
4.0,5427.884359121323,0.04930000000000001
4.0,5428.896106958389,0.04930000000000001
4.0,5429.902825593948,0.04930000000000001
4.0,5430.916471481323,0.04930000000000001
4.0,5431.933098316193,0.04930000000000001
4.0,5432.947414159775,0.04930000000000001
4.0,5433.954329252243,0.04930000000000001
4.0,5434.961044073105,0.04930000000000001
4.0,5435.96773481369,0.04930000000000001
4.0,5436.974490642548,0.04930000000000001
4.0,5437.98096036911,0.04930000000000001
4.0,5439.988761425018,0.04930000000000001
4.0,5440.998682498932,0.04930000000000001
4.0,5442.004957914352,0.04930000000000001
4.0,5443.011773824692,0.04930000000000001
4.0,5444.018696069717,0.04930000000000001
4.0,5445.030456542969,0.04930000000000001
4.0,5446.037050008774,0.04930000000000001
4.0,5447.043812274933,0.04930000000000001
4.0,5448.055746555328,0.04930000000000001
4.0,5449.0674703121185,0.04930000000000001
4.0,5450.079360961914,0.04930000000000001
4.0,5451.085464000702,0.04930000000000001
4.0,5452.092279911041,0.04930000000000001
4.0,5453.104006767273,0.04930000000000001
4.0,5454.105011224747,0.04930000000000001
4.0,5455.119258880615,0.04930000000000001
4.0,5456.134473562241,0.04930000000000001
4.0,5457.148938417435,0.04930000000000001
4.0,5458.163597583771,0.04930000000000001
4.0,5460.180393695831,0.04930000000000001
4.0,5461.187099456787,0.04930000000000001
4.0,5462.193100690842,0.04930000000000001
4.0,5463.199863910675,0.04930000000000001
4.0,5464.206602334976,0.04930000000000001
4.0,5465.220960140228,0.04930000000000001
4.0,5466.236945390701,0.04930000000000001
4.0,5467.243683099747,0.04930000000000001
4.0,5468.25048661232,0.04930000000000001
4.0,5469.257076501846,0.04930000000000001
4.0,5470.263778448105,0.04930000000000001
4.0,5471.275571346283,0.04930000000000001
4.0,5472.288930177689,0.04930000000000001
4.0,5473.3029754161835,0.04930000000000001
4.0,5474.314701795578,0.04930000000000001
4.0,5475.331926345825,0.04930000000000001
4.0,5476.338534116745,0.04930000000000001
4.0,5477.345286846161,0.04930000000000001
4.0,5478.352153539658,0.04930000000000001
4.0,5480.364947080612,0.04930000000000001
4.0,5481.386310338974,0.0451
4.0,5482.393615722656,0.04930000000000001
4.0,5483.396463871002,0.04949999999999999
4.0,5484.41768860817,0.0451
4.0,5485.422179222107,0.04949999999999999
4.0,5486.438355445862,0.04930000000000001
4.0,5487.4444971084595,0.0451
4.0,5488.455992221832,0.04949999999999999
4.0,5489.458189964294,0.04949999999999999
4.0,5490.4642288684845,0.0451
4.0,5491.465192079544,0.0451
4.0,5492.467871427536,0.04930000000000001
4.0,5493.469852924347,0.04930000000000001
4.0,5494.476426124573,0.04930000000000001
4.0,5495.482923984528,0.0451
4.0,5496.492297887802,0.04930000000000001
4.0,5497.498908758163,0.0451
4.0,5498.504971981049,0.04930000000000001
4.0,5500.507789134979,0.04930000000000001
4.0,5501.519640445709,0.04519999999999999
4.0,5502.526292085648,0.04949999999999999
4.0,5503.532976150513,0.04949999999999999
4.0,5504.5397090911865,0.0451
4.0,5505.546497821808,0.04930000000000001
4.0,5506.55295920372,0.04949999999999999
4.0,5507.5679676532745,0.0451
4.0,5508.582460403442,0.04930000000000001
4.0,5509.594202756882,0.04930000000000001
4.0,5510.600939512253,0.04930000000000001
4.0,5511.607506513596,0.0451
4.0,5512.617256641388,0.04930000000000001
4.0,5513.632513284683,0.0451
4.0,5514.639176368713,0.0451
4.0,5515.652930021286,0.04930000000000001
4.0,5516.659645557404,0.04930000000000001
4.0,5517.66642832756,0.04949999999999999
4.0,5519.674165964127,0.0451
4.0,5520.680876493454,0.04930000000000001
4.0,5521.687477827072,0.0451
4.0,5522.6940813064575,0.04930000000000001
4.0,5523.700903177261,0.0451
4.0,5524.712760448456,0.0451
4.0,5525.7195365428925,0.04930000000000001
4.0,5526.726177215576,0.04930000000000001
4.0,5527.73295044899,0.0451
4.0,5528.7396285533905,0.04930000000000001
4.0,5529.74093079567,0.0451
4.0,5530.752685070038,0.04930000000000001
4.0,5531.767204999924,0.04519999999999999
4.0,5532.778953790665,0.0451
4.0,5533.784940004349,0.04930000000000001
4.0,5534.791619539261,0.04930000000000001
4.0,5535.792967557907,0.0451
4.0,5536.799802780151,0.0451
4.0,5537.801026344299,0.04949999999999999
4.0,5539.803669691086,0.0451
4.0,5540.804975986481,0.04930000000000001
4.0,5541.811688661575,0.0451
4.0,5542.81299328804,0.0451
4.0,5543.819725990295,0.04930000000000001
4.0,5544.8315370082855,0.0451
4.0,5545.8329520225525,0.0451
4.0,5546.834506988525,0.04930000000000001
4.0,5547.840953111649,0.0451
4.0,5548.847670555115,0.0451
4.0,5549.854442834854,0.0451
4.0,5550.901481389999,0.04930000000000001
4.0,5551.908203601837,0.04930000000000001
4.0,5552.923091411591,0.0451
4.0,5553.926375627518,0.04930000000000001
4.0,5554.931573390961,0.0451
4.0,5555.94057059288,0.04930000000000001
4.0,5557.944112062454,0.0451
4.0,5558.945546388626,0.0451
4.0,5559.94792509079,0.0451
4.0,5560.949405670166,0.04949999999999999
4.0,5561.9533722400665,0.0451
4.0,5562.955009937286,0.0451
4.0,5563.95657324791,0.04949999999999999
4.0,5564.959265232086,0.0451
4.0,5565.960925102234,0.0451
4.0,5566.962848186493,0.04949999999999999
4.0,5567.969331264496,0.0451
4.0,5568.981991767883,0.0451
4.0,5569.988485813141,0.04909999999999998
4.0,5570.995052814484,0.0451
4.0,5572.00092124939,0.0451
4.0,5573.002459526062,0.0451
4.0,5574.008995771408,0.0451
4.0,5575.0157680511475,0.0451
4.0,5577.0235114097595,0.0451
4.0,5578.036951780319,0.0451
4.0,5579.050817489624,0.0451
4.0,5580.056980848312,0.04949999999999999
4.0,5581.058581829071,0.0451
4.0,5582.070382595062,0.0451
4.0,5583.0769782066345,0.04949999999999999
4.0,5584.08874630928,0.0451
4.0,5585.09538936615,0.0451
4.0,5586.102269887924,0.04949999999999999
4.0,5587.114007472992,0.0451
4.0,5588.120898008347,0.0451
4.0,5589.136236667633,0.04949999999999999
4.0,5590.1480877399445,0.04930000000000001
4.0,5591.154820680618,0.0451
4.0,5592.160992383957,0.0451
4.0,5593.167744398117,0.0451
4.0,5594.1744973659515,0.04930000000000001
4.0,5595.180959224701,0.0451
4.0,5597.188828229904,0.0451
4.0,5598.195613384247,0.04930000000000001
4.0,5599.202368021011,0.0451
4.0,5600.2089829444885,0.04930000000000001
4.0,5601.215813875198,0.04930000000000001
4.0,5602.222566127777,0.0451
4.0,5603.234249353409,0.04930000000000001
4.0,5604.246002435684,0.04930000000000001
4.0,5605.260949373245,0.0451
4.0,5606.272753238678,0.04930000000000001
4.0,5607.279536247253,0.04930000000000001
4.0,5608.295471191406,0.04930000000000001
4.0,5609.302253484726,0.0451
4.0,5610.308922767639,0.0451
4.0,5611.315754175186,0.04949999999999999
4.0,5612.332525730133,0.04930000000000001
4.0,5613.339206933975,0.0451
4.0,5614.3460030555725,0.0451
4.0,5615.3528373241425,0.04949999999999999
4.0,5617.360641956329,0.04930000000000001
4.0,5618.367531299591,0.0451
4.0,5619.3741800785065,0.04949999999999999
4.0,5620.380818605423,0.0451
4.0,5621.387453794479,0.0451
4.0,5622.394237041473,0.04949999999999999
4.0,5623.4089386463165,0.0451
4.0,5624.423510313034,0.0451
4.0,5625.436971902847,0.04949999999999999
4.0,5626.448750734329,0.0451
4.0,5627.460505723953,0.0451
4.0,5628.472325325012,0.0451
4.0,5629.47903752327,0.04930000000000001
4.0,5630.484965085983,0.0451
4.0,5631.496726989746,0.0451
4.0,5632.508772134781,0.0451
4.0,5633.515130996704,0.0451
4.0,5634.520979881287,0.04930000000000001
4.0,5635.527729988098,0.04949999999999999
4.0,5637.53555560112,0.0451
4.0,5638.542218446732,0.04930000000000001
4.0,5639.543794393539,0.0451
4.0,5640.555470705032,0.0451
4.0,5641.56218290329,0.04949999999999999
4.0,5642.568993806839,0.04519999999999999
4.0,5643.580748319626,0.0451
4.0,5644.587435722351,0.04949999999999999
4.0,5645.594043493271,0.0451
4.0,5646.600852251053,0.0451
4.0,5647.615572452545,0.0451
4.0,5648.632148742676,0.04930000000000001
4.0,5649.647489786148,0.0451
4.0,5650.659312009811,0.04519999999999999
4.0,5651.66601228714,0.04949999999999999
4.0,5652.672697544098,0.04930000000000001
4.0,5653.679426908493,0.0451
4.0,5654.686138629913,0.0451
4.0,5655.6927926540375,0.0451
4.0,5657.700528383255,0.04930000000000001
4.0,5658.71212553978,0.0451
4.0,5659.722631454468,0.04949999999999999
4.0,5660.7378718853,0.0451
4.0,5661.748596906662,0.04519999999999999
4.0,5662.763112545013,0.04949999999999999
4.0,5663.7646679878235,0.0451
4.0,5664.771308660507,0.0451
4.0,5665.778035402298,0.04930000000000001
4.0,5666.788939237595,0.0451
4.0,5667.803952455521,0.0451
4.0,5668.81808590889,0.0451
4.0,5669.824770689011,0.0451
4.0,5670.831543684006,0.0451
4.0,5671.847177505493,0.0451
4.0,5672.861990690231,0.0451
4.0,5673.868824958801,0.0451
4.0,5674.899917602539,0.0451
4.0,5675.9201872348785,0.0451
4.0,5677.927480697632,0.0451
4.0,5678.943374872208,0.04949999999999999
4.0,5679.946659088135,0.04519999999999999
4.0,5680.958317518234,0.0451
4.0,5681.962265014648,0.04949999999999999
4.0,5682.964239835739,0.0451
4.0,5683.965049505234,0.0451
4.0,5684.966655492783,0.04949999999999999
4.0,5685.968078613281,0.0451
4.0,5686.968984127045,0.0451
4.0,5687.971610784531,0.04930000000000001
4.0,5688.973481178284,0.04949999999999999
4.0,5689.976964712143,0.04949999999999999
4.0,5690.97971200943,0.0451
4.0,5691.988801240921,0.04949999999999999
4.0,5692.995354175568,0.04909999999999998
4.0,5694.004828929901,0.0451
4.0,5695.011484384537,0.04930000000000001
4.0,5696.0181295871735,0.04949999999999999
4.0,5698.024925708771,0.0451
4.0,5699.0316326618195,0.0451
4.0,5700.045045375824,0.0451
4.0,5701.051729679108,0.04949999999999999
4.0,5702.058473825455,0.04519999999999999
4.0,5703.064957857132,0.0451
4.0,5704.071671962738,0.04949999999999999
4.0,5705.078407764435,0.04949999999999999
4.0,5706.084933042526,0.04419999999999999
4.0,5707.091653108597,0.04930000000000001
4.0,5708.098324775696,0.0451
4.0,5709.10497879982,0.04930000000000001
4.0,5710.111788749695,0.0451
4.0,5711.11301612854,0.0451
4.0,5712.128096580505,0.0451
4.0,5713.143555402756,0.04930000000000001
4.0,5714.150342226028,0.04519999999999999
4.0,5715.16224527359,0.04519999999999999
4.0,5716.168937444687,0.0451
4.0,5718.176804304123,0.04949999999999999
4.0,5719.18866443634,0.0451
4.0,5720.195360660553,0.04949999999999999
4.0,5721.2074999809265,0.0451
4.0,5722.20894575119,0.04519999999999999
4.0,5723.2156500816345,0.04949999999999999
4.0,5724.216980934143,0.0451
4.0,5725.223707199097,0.0451
4.0,5726.230520248413,0.04949999999999999
4.0,5727.236963272095,0.04519999999999999
4.0,5728.238526105881,0.04930000000000001
4.0,5729.244968175888,0.04519999999999999
4.0,5730.251640558243,0.0451
4.0,5731.263227462769,0.04930000000000001
4.0,5732.272723913193,0.0451
4.0,5733.279325246811,0.0451
4.0,5734.2809245586395,0.04949999999999999
4.0,5735.287595748901,0.0451
4.0,5736.288978099823,0.04519999999999999
4.0,5738.296877384186,0.04930000000000001
4.0,5739.308691978455,0.0451
4.0,5740.315521240234,0.04949999999999999
4.0,5741.327368736267,0.04519999999999999
4.0,5742.334000587463,0.0451
6.0,5743.340723276138,0.04949999999999999
6.0,5744.3476684093475,0.04519999999999999
6.0,5745.354341983795,0.04519999999999999
6.0,5746.360951900482,0.04949999999999999
6.0,5747.367675304413,0.0451
6.0,5748.374463319778,0.04949999999999999
6.0,5749.376063346863,0.0451
6.0,5750.377078294754,0.0451
6.0,5751.378608703613,0.04930000000000001
6.0,5752.3849539756775,0.04930000000000001
6.0,5753.386509895325,0.0451
6.0,5754.388051986694,0.050299999999999984
6.0,5755.394782066345,0.04930000000000001
6.0,5756.400960445404,0.051199999999999996
6.0,5758.408226966858,0.0469
6.0,5759.419963598251,0.0476
6.0,5760.4266476631165,0.0476
6.0,5761.438538312912,0.0519
6.0,5762.444969177246,0.05199999999999999
6.0,5763.451797246933,0.05199999999999999
6.0,5764.452968835831,0.0519
6.0,5765.459805727005,0.05199999999999999
6.0,5766.474025964737,0.05199999999999999
6.0,5767.480808019638,0.0519
6.0,5768.487565994263,0.05199999999999999
6.0,5769.4889550209045,0.05199999999999999
6.0,5770.495675086975,0.0529
6.0,5771.50753569603,0.048600000000000004
6.0,5772.525096654892,0.0537
6.0,5773.531826972961,0.045899999999999996
6.0,5774.5576384067535,0.054599999999999996
6.0,5775.580104589462,0.050299999999999984
6.0,5776.58563542366,0.05539999999999999
6.0,5778.605494976044,0.051199999999999996
6.0,5779.622739315033,0.051199999999999996
6.0,5780.625373601913,0.04780000000000001
6.0,5781.6268084049225,0.05199999999999999
6.0,5782.628382444382,0.05199999999999999
6.0,5783.628868818283,0.05199999999999999
6.0,5784.630734920502,0.05199999999999999
6.0,5785.632195949554,0.05199999999999999
6.0,5786.63290810585,0.05199999999999999
6.0,5787.634325027466,0.05629999999999999
6.0,5788.636281490326,0.05199999999999999
6.0,5789.637205123901,0.05629999999999999
6.0,5790.63995718956,0.0529
6.0,5791.642080783844,0.0571
6.0,5792.644033193588,0.0529
6.0,5793.644946098328,0.057999999999999996
6.0,5794.645865440369,0.057999999999999996
6.0,5795.647410154343,0.054599999999999996
6.0,5796.651170015335,0.05879999999999999
6.0,5798.6586701869965,0.054599999999999996
6.0,5799.661171197891,0.05539999999999999
6.0,5800.66318655014,0.05539999999999999
6.0,5801.672924995422,0.05539999999999999
6.0,5802.67938375473,0.05969999999999999
6.0,5803.68080163002,0.05969999999999999
6.0,5804.687287569046,0.05969999999999999
6.0,5805.694005012512,0.05969999999999999
6.0,5806.705519914627,0.05969999999999999
6.0,5807.712020158768,0.05969999999999999
6.0,5808.727473258972,0.05969999999999999
6.0,5809.734152317047,0.05969999999999999
6.0,5810.740951061249,0.0605
6.0,5811.747766494751,0.06479999999999998
6.0,5812.754426002502,0.05629999999999999
6.0,5813.761066913605,0.061399999999999996
6.0,5814.772388935089,0.06559999999999999
6.0,5815.784130334854,0.057999999999999996
6.0,5817.797078609467,0.06219999999999999
6.0,5818.803905248642,0.06219999999999999
6.0,5819.810659408569,0.06219999999999999
6.0,5820.8209409713745,0.06219999999999999
6.0,5821.832910776138,0.06219999999999999
6.0,5822.839641094208,0.06219999999999999
6.0,5823.846366405487,0.057999999999999996
6.0,5824.862116098404,0.06219999999999999
6.0,5825.868963003159,0.06219999999999999
6.0,5826.875804424286,0.057999999999999996
6.0,5827.882500886917,0.06219999999999999
6.0,5828.8840873241425,0.05879999999999999
6.0,5829.8957414627075,0.06309999999999999
6.0,5830.902381896973,0.05879999999999999
6.0,5831.909009218216,0.05969999999999999
6.0,5832.915812015533,0.06389999999999998
6.0,5833.922646045685,0.05969999999999999
6.0,5834.9289174079895,0.0605
6.0,5835.935655832291,0.06479999999999998
6.0,5837.943540096283,0.06479999999999998
6.0,5838.9503293037415,0.061399999999999996
6.0,5839.962036848068,0.0605
6.0,5840.972923755646,0.061399999999999996
6.0,5841.979628562927,0.061399999999999996
6.0,5842.99683713913,0.061399999999999996
6.0,5844.003659248352,0.061399999999999996
6.0,5845.015418291092,0.061399999999999996
6.0,5846.02223277092,0.061399999999999996
6.0,5847.02893614769,0.061399999999999996
6.0,5848.035728931427,0.061399999999999996
6.0,5849.037034511566,0.06559999999999999
6.0,5850.04391503334,0.06999999999999998
6.0,5851.055636644363,0.061399999999999996
6.0,5852.067236423492,0.06659999999999999
6.0,5853.068822860718,0.06659999999999999
6.0,5854.070375442505,0.06219999999999999
6.0,5855.076946020126,0.06729999999999998
6.0,5856.083632469177,0.06729999999999998
6.0,5858.0965394973755,0.06309999999999999
6.0,5859.108355045319,0.05969999999999999
6.0,5860.120210647583,0.06309999999999999
6.0,5861.131935834885,0.06309999999999999
6.0,5862.138670682907,0.05969999999999999
6.0,5863.144934177399,0.06389999999999998
6.0,5864.1515583992,0.06389999999999998
6.0,5865.1633405685425,0.06389999999999998
6.0,5866.178110361099,0.06389999999999998
6.0,5867.184789657593,0.06389999999999998
6.0,5868.196629285812,0.06309999999999999
6.0,5869.208437204361,0.06829999999999999
6.0,5870.215296506882,0.06829999999999999
6.0,5871.221967220306,0.06389999999999998
6.0,5872.23367857933,0.06489999999999999
6.0,5873.2404634952545,0.06919999999999998
6.0,5874.252279281616,0.06919999999999998
6.0,5875.264054298401,0.06479999999999998
6.0,5876.270812511444,0.06999999999999998
6.0,5878.277331352234,0.06999999999999998
6.0,5879.2924745082855,0.06999999999999998
6.0,5880.307082891464,0.06999999999999998
6.0,5881.31295466423,0.06999999999999998
6.0,5882.314535140991,0.06999999999999998
6.0,5883.316142082214,0.06999999999999998
6.0,5884.31698513031,0.06999999999999998
6.0,5885.323671579361,0.06999999999999998
6.0,5886.335382699966,0.0743
6.0,5887.342161417007,0.0743
6.0,5888.348821401596,0.06559999999999999
6.0,5889.355530023575,0.06559999999999999
6.0,5890.356961011887,0.06649999999999999
6.0,5891.358537912369,0.07089999999999998
6.0,5892.364963531494,0.07089999999999998
6.0,5893.3718366622925,0.06659999999999999
6.0,5894.378732204437,0.06749999999999999
6.0,5895.394604206085,0.07169999999999999
6.0,5896.400932788849,0.07169999999999999
6.0,5898.408849954605,0.06749999999999999
6.0,5899.420613765717,0.06389999999999998
6.0,5900.427292585373,0.06389999999999998
6.0,5901.439214468002,0.06389999999999998
6.0,5902.446063756943,0.06389999999999998
6.0,5903.452895641327,0.06829999999999999
6.0,5904.464654445648,0.06829999999999999
6.0,5905.471440315247,0.06829999999999999
6.0,5906.478255033493,0.06829999999999999
6.0,5907.49005651474,0.06819999999999998
6.0,5908.496821403503,0.06829999999999999
6.0,5909.508649349213,0.0726
6.0,5910.514604568481,0.0726
6.0,5911.520958185196,0.0726
6.0,5912.5277099609375,0.06829999999999999
6.0,5913.539573669434,0.06899999999999999
6.0,5914.546367406845,0.0735
6.0,5915.558107376099,0.0735
6.0,5916.564905405045,0.07769999999999999
6.0,5918.572818517685,0.06919999999999998
6.0,5919.579660892487,0.06999999999999998
6.0,5920.59167432785,0.06999999999999998
6.0,5921.598427057266,0.06999999999999998
6.0,5922.604996204376,0.06999999999999998
6.0,5923.611716270447,0.06999999999999998
6.0,5924.618429899216,0.06999999999999998
6.0,5925.6249804496765,0.06999999999999998
6.0,5926.631577730179,0.06999999999999998
6.0,5927.643238782883,0.0743
6.0,5928.649978637695,0.06999999999999998
6.0,5929.660024166107,0.0743
6.0,5930.674691915512,0.0743
6.0,5931.688944578171,0.06999999999999998
6.0,5932.70494389534,0.06999999999999998
6.0,5933.710794210434,0.07089999999999998
6.0,5934.722526073456,0.0752
6.0,5935.73427438736,0.0752
6.0,5936.740987300873,0.07089999999999998
6.0,5938.748733043671,0.07089999999999998
6.0,5939.755403995514,0.06729999999999998
6.0,5940.762133359909,0.07089999999999998
6.0,5941.7729477882385,0.06729999999999998
6.0,5942.779283285141,0.07169999999999999
6.0,5943.791053533554,0.07089999999999998
6.0,5944.796942949295,0.07169999999999999
6.0,5945.80371260643,0.07169999999999999
6.0,5946.810470819473,0.07169999999999999
6.0,5947.817047834396,0.07169999999999999
6.0,5948.828789234161,0.07169999999999999
6.0,5949.8354523181915,0.076
6.0,5950.842214584351,0.076
6.0,5951.852939128876,0.076
6.0,5952.859789848328,0.07169999999999999
6.0,5953.866499423981,0.07169999999999999
6.0,5954.872966766357,0.0726
6.0,5955.879762887955,0.0769
6.0,5956.880958080292,0.0769
6.0,5958.88889670372,0.0769
6.0,5959.895685911179,0.0769
6.0,5960.90231013298,0.0726
6.0,5961.908967971802,0.0726
6.0,5962.920747756958,0.0726
6.0,5963.927404165268,0.0769
6.0,5964.934022665024,0.0726
6.0,5965.940769433975,0.0726
6.0,5966.952515602112,0.0726
6.0,5967.964227437973,0.0726
6.0,5968.975977420807,0.0726
6.0,5969.9878623485565,0.0735
6.0,5970.988941669464,0.07769999999999999
6.0,5971.995792150497,0.07769999999999999
6.0,5973.007704734802,0.07769999999999999
6.0,5974.009353876114,0.0735
6.0,5975.020984172821,0.0735
6.0,5976.027822732925,0.0743
6.0,5978.040781497955,0.0786
6.0,5979.04748749733,0.0786
6.0,5980.054265260696,0.0786
6.0,5981.066141366959,0.0786
6.0,5982.072875022888,0.0786
6.0,5983.079608678818,0.0786
6.0,5984.0863490104675,0.0786
6.0,5985.092971563339,0.0786
6.0,5986.099647521973,0.0786
6.0,5987.100962400436,0.0786
6.0,5988.107769012451,0.0786
6.0,5989.114592075348,0.0786
6.0,5990.1209580898285,0.0786
6.0,5991.136364221573,0.0828
6.0,5992.136957883835,0.0743
6.0,5993.143788814545,0.0752
6.0,5994.150551557541,0.0752
6.0,5995.157006263733,0.0794
6.0,5996.163732290268,0.0794
6.0,5998.176725149155,0.0794
6.0,5999.188626050949,0.0794
6.0,6000.195359706879,0.0794
6.0,6001.202037572861,0.0794
6.0,6002.208878993988,0.0794
6.0,6003.215649366379,0.0794
6.0,6004.2224707603455,0.0794
6.0,6005.22897195816,0.0752
6.0,6006.235730886459,0.0752
6.0,6007.241978645325,0.0752
6.0,6008.248823881149,0.0794
6.0,6009.260528802872,0.0752
6.0,6010.272412776947,0.076
6.0,6011.2791628837585,0.076
6.0,6012.285929679871,0.0803
6.0,6013.292757511139,0.0803
6.0,6014.299484491348,0.0803
6.0,6015.306305170059,0.0803
6.0,6016.312952041626,0.076
6.0,6018.328403949738,0.0769
6.0,6019.342870473862,0.0769
6.0,6020.358263492584,0.0769
6.0,6021.364969491959,0.0769
6.0,6022.371782064438,0.0769
6.0,6023.378532171249,0.0769
6.0,6024.384945869446,0.0769
6.0,6025.391611099243,0.0769
6.0,6026.398352146149,0.0769
6.0,6027.404947519302,0.0769
6.0,6028.416586637497,0.0769
6.0,6029.42333817482,0.08109999999999999
6.0,6030.444214820862,0.08109999999999999
6.0,6031.461423635483,0.08109999999999999
6.0,6032.4825966358185,0.08109999999999999
6.0,6033.485961675644,0.08109999999999999
6.0,6034.491679906845,0.0769
6.0,6035.493121623993,0.07769999999999999
6.0,6036.508436203003,0.07769999999999999
6.0,6038.516523838043,0.07769999999999999
6.0,6039.525585651398,0.08199999999999999
6.0,6040.529915094376,0.08199999999999999
6.0,6041.5315408706665,0.08199999999999999
6.0,6042.533006668091,0.08199999999999999
6.0,6043.534874916077,0.08199999999999999
6.0,6044.536548614502,0.08199999999999999
6.0,6045.538177251816,0.08199999999999999
6.0,6046.540000915527,0.08199999999999999
6.0,6047.541081666946,0.08199999999999999
6.0,6048.5425798892975,0.08199999999999999
6.0,6049.5440356731415,0.08199999999999999
6.0,6050.545139312744,0.08199999999999999
6.0,6051.547009944916,0.08199999999999999
6.0,6052.5484738349915,0.08199999999999999
6.0,6053.550653219223,0.07769999999999999
6.0,6054.551825761795,0.0786
6.0,6055.552804946899,0.0786
6.0,6056.556090116501,0.0828
6.0,6058.560874462128,0.0828
6.0,6059.562978029251,0.0828
6.0,6060.564481973648,0.0828
6.0,6061.566450595856,0.0828
6.0,6062.56786441803,0.0828
6.0,6063.568859100342,0.0828
6.0,6064.570749759674,0.0828
6.0,6065.572798013687,0.0828
6.0,6066.57400560379,0.0828
6.0,6067.575512170792,0.0828
6.0,6068.576874256134,0.0828
6.0,6069.57839846611,0.0828
6.0,6070.580284357071,0.08719999999999999
6.0,6071.581656694412,0.087
6.0,6072.583151817322,0.0828
6.0,6073.58718252182,0.0786
6.0,6074.589303016663,0.0794
6.0,6075.5900955200195,0.0794
6.0,6076.605303764343,0.0794
6.0,6078.626209259033,0.0836
6.0,6079.630210399628,0.0794
6.0,6080.64924788475,0.0794
6.0,6081.653427839279,0.0794
6.0,6082.6577117443085,0.0794
6.0,6083.666983366013,0.0836
6.0,6084.668629169464,0.0794
6.0,6085.682790517807,0.0836
6.0,6086.685184955597,0.0794
6.0,6087.686840295792,0.0794
6.0,6088.688328266144,0.0794
6.0,6089.688857555389,0.0836
6.0,6090.692606210709,0.0794
6.0,6091.694130420685,0.0836
6.0,6092.695555448532,0.0836
6.0,6093.697166919708,0.0794
6.0,6094.701110601425,0.0803
6.0,6095.71196603775,0.0803
6.0,6096.720803260803,0.0803
6.0,6098.732848644257,0.0803
6.0,6099.73951458931,0.0803
6.0,6100.751447677612,0.0803
6.0,6101.76712846756,0.0803
6.0,6102.772899150848,0.0803
6.0,6103.787547588348,0.0803
6.0,6104.79438662529,0.0803
6.0,6105.80096745491,0.0803
6.0,6106.807722568512,0.0803
6.0,6107.819511175156,0.0803
6.0,6108.826208114624,0.0803
6.0,6109.832969427109,0.0803
6.0,6110.83975481987,0.0803
6.0,6111.846433877945,0.0803
6.0,6112.852937698364,0.0803
6.0,6113.859656572342,0.0803
6.0,6114.874258756638,0.0803
6.0,6115.888381481171,0.0803
6.0,6116.900110960007,0.08109999999999999
6.0,6118.912915468216,0.08109999999999999
6.0,6119.919702291489,0.08109999999999999
6.0,6120.926460027695,0.08109999999999999
6.0,6121.9329714775085,0.08109999999999999
6.0,6122.94482254982,0.08109999999999999
6.0,6123.951623439789,0.08109999999999999
6.0,6124.958300828934,0.08109999999999999
6.0,6125.965031147003,0.08109999999999999
6.0,6126.971802473068,0.08109999999999999
6.0,6127.978526592255,0.08109999999999999
6.0,6128.990216732025,0.08109999999999999
6.0,6129.991806507111,0.08109999999999999
6.0,6130.998472213745,0.08109999999999999
6.0,6132.005008935928,0.08109999999999999
6.0,6133.011362314224,0.08109999999999999
6.0,6134.018151044846,0.08109999999999999
6.0,6135.033277273178,0.08109999999999999
6.0,6136.039991378784,0.08109999999999999
6.0,6137.051920413971,0.08109999999999999
6.0,6139.059729576111,0.08109999999999999
6.0,6140.06640958786,0.08199999999999999
6.0,6141.072988033295,0.08199999999999999
6.0,6142.0796802043915,0.08199999999999999
6.0,6143.0863473415375,0.08199999999999999
6.0,6144.098050832748,0.08209999999999999
6.0,6145.1047830581665,0.08199999999999999
6.0,6146.11140704155,0.08199999999999999
6.0,6147.124938964844,0.08209999999999999
6.0,6148.131693840027,0.08199999999999999
6.0,6149.1384081840515,0.08199999999999999
6.0,6150.144977807999,0.08199999999999999
6.0,6151.151731967926,0.08209999999999999
6.0,6152.163528442383,0.08199999999999999
6.0,6153.170201778412,0.08199999999999999
6.0,6154.176923036575,0.0836
6.0,6155.183722496033,0.08199999999999999
6.0,6156.190428733826,0.09059999999999999
6.0,6157.196973323822,0.09059999999999999
6.0,6159.204963684082,0.09059999999999999
6.0,6160.211810588837,0.09059999999999999
6.0,6161.2186460494995,0.09059999999999999
6.0,6162.224939584732,0.0836
6.0,6163.231739521027,0.08199999999999999
6.0,6164.238450527191,0.08199999999999999
6.0,6165.250330448151,0.08199999999999999
6.0,6166.26211309433,0.0836
6.0,6167.268925905228,0.08199999999999999
6.0,6168.275805711746,0.0836
6.0,6169.282495498657,0.0836
6.0,6170.288989305496,0.08199999999999999
6.0,6171.300905704498,0.08199999999999999
6.0,6172.315438270569,0.0828
6.0,6173.327153921127,0.0828
6.0,6174.334032297134,0.0828
6.0,6175.344966888428,0.0828
6.0,6176.351623773575,0.087
6.0,6177.35834813118,0.08719999999999999
6.0,6179.3661098480225,0.087
6.0,6180.37290263176,0.087
6.0,6181.379758358002,0.08719999999999999
6.0,6182.386522531509,0.08719999999999999
6.0,6183.392995595932,0.08719999999999999
6.0,6184.399789094925,0.087
6.0,6185.406485319138,0.087
6.0,6186.412934780121,0.08719999999999999
6.0,6187.419736862183,0.087
6.0,6188.4263484478,0.08719999999999999
6.0,6189.4329998493195,0.087
6.0,6190.444849252701,0.09149999999999998
6.0,6191.456691741943,0.09149999999999998
6.0,6192.463451862335,0.09149999999999998
6.0,6193.4702751636505,0.09149999999999998
6.0,6194.476940870285,0.09149999999999998
6.0,6195.483860254288,0.087
6.0,6196.495830774307,0.087
6.0,6197.50759935379,0.0828
6.0,6199.515488862991,0.0828
6.0,6200.522099971771,0.0836
6.0,6201.52880525589,0.0828
6.0,6202.535520076752,0.0828
6.0,6203.5423583984375,0.0836
6.0,6204.54893040657,0.0836
6.0,6205.550499677658,0.0836
6.0,6206.55700469017,0.0836
6.0,6207.563757181168,0.0836
6.0,6208.570556879044,0.0836
6.0,6209.576940774918,0.0828
6.0,6210.583624124527,0.0836
6.0,6211.590333938599,0.0828
6.0,6212.597042322159,0.08809999999999998
6.0,6213.603890180588,0.08809999999999998
6.0,6214.610435724258,0.08809999999999998
6.0,6215.616973161697,0.08809999999999998
6.0,6216.623770236969,0.08809999999999998
6.0,6217.635448455811,0.08809999999999998
6.0,6219.642816543579,0.08809999999999998
6.0,6220.648900508881,0.08809999999999998
6.0,6221.6606340408325,0.08809999999999998
6.0,6222.667337656021,0.08809999999999998
6.0,6223.679061412811,0.08809999999999998
6.0,6224.684934139252,0.08809999999999998
6.0,6225.6917045116425,0.08809999999999998
6.0,6226.703412294388,0.08809999999999998
6.0,6227.710169315338,0.08809999999999998
6.0,6228.724967956543,0.08809999999999998
6.0,6229.7368223667145,0.08809999999999998
6.0,6230.7518899440765,0.0923
6.0,6231.763669967651,0.08809999999999998
6.0,6232.7753891944885,0.08809999999999998
6.0,6233.776958227158,0.08809999999999998
6.0,6234.7839615345,0.08809999999999998
6.0,6235.795732975006,0.0836
6.0,6236.808853387833,0.0803
6.0,6237.815536737442,0.0836
6.0,6239.8230838775635,0.0803
6.0,6240.838584423065,0.0803
6.0,6241.850363492966,0.0836
6.0,6242.856912851334,0.0836
6.0,6243.863751888275,0.0803
6.0,6244.8704442977905,0.0836
6.0,6245.876921415329,0.0836
6.0,6246.888511896133,0.0803
6.0,6247.900273561478,0.0836
6.0,6248.91210103035,0.0803
6.0,6249.923775196075,0.0803
6.0,6250.9305329322815,0.0803
6.0,6251.9369287490845,0.0803
6.0,6252.9437091350555,0.08889999999999999
6.0,6253.944945335388,0.08889999999999999
6.0,6254.95631814003,0.08889999999999999
6.0,6255.968037605286,0.08889999999999999
6.0,6256.968932628632,0.08889999999999999
6.0,6257.975486278534,0.08889999999999999
6.0,6259.9780259132385,0.08889999999999999
6.0,6260.988910913467,0.08889999999999999
6.0,6261.995710134506,0.08889999999999999
6.0,6263.002346277237,0.08889999999999999
6.0,6264.008920669556,0.0887
6.0,6265.015661001205,0.08889999999999999
6.0,6266.029959440231,0.08889999999999999
6.0,6267.036682128906,0.08889999999999999
6.0,6268.048504829407,0.08889999999999999
6.0,6269.060377120972,0.0887
6.0,6270.062019586563,0.0887
6.0,6271.068793296814,0.08889999999999999
6.0,6272.083485126495,0.08889999999999999
6.0,6273.095368146896,0.0887
6.0,6274.102109193802,0.08889999999999999
6.0,6275.1033935546875,0.08109999999999999
6.0,6276.104927062988,0.08109999999999999
6.0,6277.106465816498,0.08109999999999999
6.0,6278.112923622131,0.08109999999999999
6.0,6280.115693092346,0.08109999999999999
6.0,6281.11696434021,0.08109999999999999
6.0,6282.123646497726,0.08109999999999999
6.0,6283.130381345749,0.08109999999999999
6.0,6284.131929636002,0.08109999999999999
6.0,6285.132970333099,0.08109999999999999
6.0,6286.144849061966,0.08109999999999999
6.0,6287.151686429977,0.08109999999999999
6.0,6288.158411979675,0.08109999999999999
6.0,6289.159952640533,0.08109999999999999
6.0,6290.166605949402,0.08109999999999999
6.0,6291.173351764679,0.08109999999999999
6.0,6292.180032968521,0.08109999999999999
6.0,6293.186670780182,0.08109999999999999
6.0,6294.1929478645325,0.08979999999999999
6.0,6295.204772233963,0.08979999999999999
6.0,6296.216531038284,0.08979999999999999
6.0,6297.231935977936,0.08979999999999999
6.0,6298.232933759689,0.08979999999999999
6.0,6300.244961261749,0.08979999999999999
6.0,6301.256736040115,0.08979999999999999
6.0,6302.268690824509,0.08979999999999999
6.0,6303.280431032181,0.08979999999999999
6.0,6304.292146444321,0.08979999999999999
6.0,6305.30390048027,0.08979999999999999
6.0,6306.310477018356,0.08979999999999999
6.0,6307.316982984543,0.08979999999999999
6.0,6308.328779697418,0.08979999999999999
6.0,6309.335468053818,0.08979999999999999
6.0,6310.342116355896,0.08979999999999999
6.0,6311.348913431168,0.08979999999999999
6.0,6312.355595111847,0.08979999999999999
6.0,6313.357032775879,0.08979999999999999
6.0,6314.363762617111,0.08979999999999999
6.0,6315.370467662811,0.08979999999999999
6.0,6316.376934766769,0.08979999999999999
6.0,6317.378466844559,0.08979999999999999
6.0,6318.380049943924,0.08979999999999999
6.0,6320.3820633888245,0.08979999999999999
6.0,6321.388428449631,0.08199999999999999
6.0,6322.395029067993,0.08199999999999999
6.0,6323.400956392288,0.08199999999999999
6.0,6324.4076890945435,0.08199999999999999
6.0,6325.419415473938,0.08199999999999999
6.0,6326.426098585129,0.08199999999999999
6.0,6327.427904844284,0.08199999999999999
6.0,6328.439720869064,0.08199999999999999
6.0,6329.446413755417,0.08199999999999999
6.0,6330.453079938889,0.08199999999999999
6.0,6331.468159675598,0.08199999999999999
6.0,6332.468990087509,0.08199999999999999
6.0,6333.475029468536,0.0836
6.0,6334.486781835556,0.08199999999999999
6.0,6335.498467922211,0.0836
6.0,6336.504959344864,0.08199999999999999
6.0,6337.511742353439,0.0836
6.0,6339.519532203674,0.0836
6.0,6340.526252269745,0.08199999999999999
6.0,6341.537963151932,0.0836
6.0,6342.544720649719,0.09059999999999999
6.0,6343.551527261734,0.08199999999999999
6.0,6344.563264369965,0.09059999999999999
6.0,6345.569315433502,0.09059999999999999
6.0,6346.57594704628,0.0836
6.0,6347.585027933121,0.09059999999999999
6.0,6348.5918209552765,0.09059999999999999
6.0,6349.6074142456055,0.09059999999999999
6.0,6350.6141221523285,0.09059999999999999
6.0,6351.620722055435,0.09059999999999999
6.0,6352.627328872681,0.09059999999999999
6.0,6353.638194799423,0.09059999999999999
6.0,6354.649996042252,0.09059999999999999
6.0,6355.664935350418,0.09059999999999999
6.0,6356.671658277512,0.09059999999999999
6.0,6357.6784427165985,0.09059999999999999
6.0,6359.686043262482,0.09059999999999999
6.0,6360.696960926056,0.09059999999999999
6.0,6361.69851398468,0.09059999999999999
6.0,6362.704914093018,0.09059999999999999
6.0,6363.706424713135,0.09059999999999999
6.0,6364.707971096039,0.09059999999999999
6.0,6365.714761734009,0.09059999999999999
6.0,6366.720970392227,0.09059999999999999
6.0,6367.732313632965,0.09059999999999999
6.0,6368.755615234375,0.09059999999999999
6.0,6369.77684211731,0.09059999999999999
6.0,6370.780571222305,0.09059999999999999
6.0,6371.796360731125,0.09059999999999999
6.0,6372.801242589951,0.09489999999999998
6.0,6373.816935777664,0.09489999999999998
6.0,6374.831691980362,0.09489999999999998
6.0,6375.832970380783,0.09489999999999998
6.0,6376.8352682590485,0.09489999999999998
6.0,6377.836899757385,0.09489999999999998
6.0,6379.839546203613,0.09489999999999998
6.0,6380.841105699539,0.09059999999999999
6.0,6381.843011140823,0.09059999999999999
6.0,6382.844700336456,0.09059999999999999
6.0,6383.846223115921,0.09059999999999999
6.0,6384.8477556705475,0.09059999999999999
6.0,6385.849282503128,0.09059999999999999
6.0,6386.851233959198,0.09059999999999999
6.0,6387.852907180786,0.09059999999999999
6.0,6388.85450553894,0.09059999999999999
6.0,6389.856199026108,0.0904
6.0,6390.856952667236,0.09059999999999999
6.0,6391.858433961868,0.09059999999999999
6.0,6392.868760347366,0.09059999999999999
6.0,6393.8793869018555,0.0828
6.0,6394.898441314697,0.087
6.0,6395.903727769852,0.087
6.0,6396.907326698303,0.087
6.0,6398.92799448967,0.087
6.0,6399.9328083992,0.087
6.0,6400.9405109882355,0.08719999999999999
6.0,6401.945960283279,0.087
6.0,6402.9580681324005,0.087
6.0,6403.959975004196,0.08719999999999999
6.0,6404.960966825485,0.087
6.0,6405.962855815887,0.087
6.0,6406.964323759079,0.087
6.0,6407.9660222530365,0.087
6.0,6408.967838048935,0.087
6.0,6409.968858003616,0.087
6.0,6410.980818033218,0.08719999999999999
6.0,6411.982367992401,0.087
6.0,6412.988823890686,0.08719999999999999
6.0,6413.99121761322,0.087
6.0,6414.99272608757,0.09149999999999998
6.0,6415.999330282211,0.09149999999999998
6.0,6417.000782966614,0.09149999999999998
6.0,6419.012273788452,0.09149999999999998
6.0,6420.019087314606,0.09149999999999998
6.0,6421.020615339279,0.09149999999999998
6.0,6422.027220726013,0.09149999999999998
6.0,6423.032965183258,0.09149999999999998
6.0,6424.0396547317505,0.09149999999999998
6.0,6425.046274662018,0.09149999999999998
6.0,6426.053045988083,0.09149999999999998
6.0,6427.059801340103,0.09149999999999998
6.0,6428.066644191742,0.09149999999999998
6.0,6429.0783867836,0.09149999999999998
6.0,6430.084978103638,0.09149999999999998
6.0,6431.096781015396,0.09149999999999998
6.0,6432.103645563126,0.09149999999999998
6.0,6433.110276460648,0.09149999999999998
6.0,6434.117027044296,0.09149999999999998
6.0,6435.132937431335,0.09149999999999998
6.0,6436.139741659164,0.09149999999999998
6.0,6437.146456480026,0.09149999999999998
6.0,6439.163500785828,0.09149999999999998
6.0,6440.175319433212,0.09149999999999998
6.0,6441.182042598724,0.09149999999999998
6.0,6442.192911863327,0.09149999999999998
6.0,6443.199682712555,0.09149999999999998
6.0,6444.21444773674,0.09149999999999998
6.0,6445.231486082077,0.09149999999999998
6.0,6446.238246440887,0.09149999999999998
6.0,6447.244913816452,0.09149999999999998
6.0,6448.251821041107,0.09149999999999998
6.0,6449.263853549957,0.09149999999999998
6.0,6450.2706344127655,0.09149999999999998
6.0,6451.277031183243,0.0957
6.0,6452.2833704948425,0.0957
6.0,6453.295106172562,0.0957
6.0,6454.300854444504,0.0957
6.0,6455.314697980881,0.0957
6.0,6456.330308675766,0.0957
6.0,6457.3447370529175,0.0957
6.0,6459.360986948013,0.0957
6.0,6460.367607116699,0.0957
6.0,6461.376933336258,0.0957
6.0,6462.3837378025055,0.0957
6.0,6463.398822546005,0.0957
6.0,6464.404946088791,0.0957
6.0,6465.417006969452,0.0957
6.0,6466.428858757019,0.0957
6.0,6467.439925909042,0.0957
6.0,6468.446576118469,0.0957
6.0,6469.463549852371,0.0957
6.0,6470.47030377388,0.0957
6.0,6471.484104156494,0.0957
6.0,6472.4996819496155,0.09149999999999998
6.0,6473.511560201645,0.0957
6.0,6474.518456459045,0.09149999999999998
6.0,6475.52494430542,0.09149999999999998
6.0,6476.531942367554,0.09149999999999998
6.0,6477.538895368576,0.09149999999999998
6.0,6479.546821594238,0.09149999999999998
6.0,6480.5529108047485,0.09149999999999998
6.0,6481.564700603485,0.09149999999999998
6.0,6482.571354389191,0.09149999999999998
6.0,6483.578093767166,0.09149999999999998
6.0,6484.58495593071,0.09149999999999998
6.0,6485.596868276596,0.09149999999999998
6.0,6486.603610277176,0.09149999999999998
6.0,6487.610387563705,0.09149999999999998
6.0,6488.617012262344,0.09149999999999998
6.0,6489.632365703583,0.09149999999999998
6.0,6490.647490501404,0.09149999999999998
6.0,6491.662833690643,0.08809999999999998
6.0,6492.66913318634,0.08809999999999998
6.0,6493.675884246826,0.08809999999999998
6.0,6494.687564134598,0.08809999999999998
6.0,6495.702061891556,0.08809999999999998
6.0,6496.716076135635,0.08809999999999998
6.0,6497.727938890457,0.08809999999999998
6.0,6499.735770702362,0.08809999999999998
6.0,6500.742520332336,0.08809999999999998
6.0,6501.748903274536,0.08809999999999998
6.0,6502.755554437637,0.08809999999999998
6.0,6503.76705288887,0.08809999999999998
6.0,6504.772919416428,0.08789999999999999
6.0,6505.779676437378,0.08809999999999998
6.0,6506.786383390427,0.08809999999999998
6.0,6507.793068408966,0.08809999999999998
6.0,6508.799752473831,0.08809999999999998
6.0,6509.811452150345,0.08809999999999998
6.0,6510.818120002747,0.08809999999999998
6.0,6511.824991464615,0.0923
6.0,6512.831917047501,0.08809999999999998
6.0,6513.843904972076,0.0923
6.0,6514.850688457489,0.0923
6.0,6515.862428188324,0.0923
6.0,6516.868925571442,0.0923
6.0,6517.87570810318,0.0923
6.0,6519.8836035728455,0.0923
6.0,6520.898214101791,0.0923
6.0,6521.909991979599,0.0923
6.0,6522.916763544083,0.0923
6.0,6523.923460006714,0.0923
6.0,6524.9301652908325,0.0923
6.0,6525.940924167633,0.0923
6.0,6526.947736740112,0.0923
6.0,6527.954458475113,0.0923
6.0,6528.9559943675995,0.0923
6.0,6529.962769508362,0.0923
6.0,6530.968818426132,0.0923
6.0,6531.975510597229,0.0923
6.0,6532.9821565151215,0.0923
6.0,6533.992919445038,0.0923
6.0,6534.999649763107,0.0923
6.0,6536.011390447617,0.0923
6.0,6537.0180587768555,0.0923
6.0,6538.024794578552,0.0923
6.0,6540.032061100006,0.0923
6.0,6541.0440356731415,0.0923
6.0,6542.05082154274,0.0923
6.0,6543.065163135529,0.0923
6.0,6544.079498767853,0.0923
6.0,6545.095360040665,0.0923
6.0,6546.101993322372,0.0923
6.0,6547.108793020248,0.0923
6.0,6548.123958349228,0.0923
6.0,6549.139979839325,0.0923
6.0,6550.151813030243,0.0923
6.0,6551.163737297058,0.0923
6.0,6552.170438289642,0.0923
6.0,6553.182157278061,0.0923
6.0,6554.1889181137085,0.0923
6.0,6555.1957087516785,0.0923
6.0,6556.202419996262,0.09659999999999999
6.0,6557.215922355652,0.0923
6.0,6558.2225885391235,0.0923
6.0,6560.230723619461,0.0923
6.0,6561.232337474823,0.09659999999999999
6.0,6562.232932806015,0.0923
6.0,6563.234469413757,0.0923
6.0,6564.240967035294,0.09659999999999999
6.0,6565.247816562653,0.0923
6.0,6566.2544820308685,0.0923
6.0,6567.260956764221,0.09659999999999999
6.0,6568.275589704514,0.0923
6.0,6569.290856122971,0.0923
6.0,6570.297093153,0.0923
6.0,6571.303829669952,0.09659999999999999
6.0,6572.310492515564,0.09659999999999999
6.0,6573.316996097565,0.09659999999999999
6.0,6574.3288605213165,0.09659999999999999
6.0,6575.34033203125,0.09659999999999999
6.0,6576.35457444191,0.0923
6.0,6577.3663165569305,0.09659999999999999
6.0,6578.373111963272,0.09659999999999999
6.0,6580.381058931351,0.0923
6.0,6581.387813091278,0.09659999999999999
6.0,6582.394565820694,0.09659999999999999
6.0,6583.400915622711,0.09659999999999999
6.0,6584.4076862335205,0.09659999999999999
6.0,6585.414483547211,0.09659999999999999
6.0,6586.420972824097,0.09659999999999999
6.0,6587.427706956863,0.09659999999999999
6.0,6588.4344165325165,0.09659999999999999
6.0,6589.440985918045,0.09659999999999999
6.0,6590.4477870464325,0.09659999999999999
6.0,6591.459379196167,0.09659999999999999
6.0,6592.474534988403,0.09659999999999999
6.0,6593.480963468552,0.09659999999999999
6.0,6594.487775564194,0.0923
6.0,6595.49445271492,0.0923
6.0,6596.506204128265,0.0923
6.0,6597.512976169586,0.0923
6.0,6598.5196278095245,0.0923
6.0,6600.5273196697235,0.0923
6.0,6601.534053564072,0.0923
6.0,6602.540950536728,0.0923
6.0,6603.547580003738,0.0923
6.0,6604.5594618320465,0.0923
6.0,6605.566076517105,0.0923
6.0,6606.572793483734,0.0923
6.0,6607.582466840744,0.0923
6.0,6608.5888504981995,0.0923
6.0,6609.5955810546875,0.0923
6.0,6610.601954936981,0.0923
6.0,6611.613293647766,0.0923
6.0,6612.628967285156,0.0923
6.0,6613.641021728516,0.0923
6.0,6614.653099298477,0.0923
6.0,6615.659996032715,0.08789999999999999
6.0,6616.676086187363,0.0923
6.0,6617.682829141617,0.08809999999999998
6.0,6618.6889526844025,0.0923
6.0,6620.696836471558,0.08809999999999998
6.0,6621.70895075798,0.08809999999999998
6.0,6622.7469527721405,0.08809999999999998
6.0,6623.749261140823,0.08789999999999999
6.0,6624.752108573914,0.0923
6.0,6625.773153066635,0.08809999999999998
6.0,6626.780527353287,0.08809999999999998
6.0,6627.782965660095,0.08809999999999998
6.0,6628.78618311882,0.08809999999999998
6.0,6629.790571928024,0.08809999999999998
6.0,6630.793465852737,0.08809999999999998
6.0,6631.795195102692,0.08809999999999998
6.0,6632.797132730484,0.08889999999999999
6.0,6633.798581361771,0.08889999999999999
6.0,6634.8000066280365,0.08889999999999999
6.0,6635.801236152649,0.08889999999999999
6.0,6636.819556474686,0.08889999999999999
6.0,6637.820947885513,0.0887
6.0,6638.822822332382,0.08889999999999999
6.0,6640.824977636337,0.08889999999999999
6.0,6641.826748132706,0.08889999999999999
6.0,6642.831824541092,0.08889999999999999
6.0,6643.833698511124,0.0887
6.0,6644.84490776062,0.08889999999999999
6.0,6645.847114086151,0.0887
6.0,6646.866165161133,0.08889999999999999
6.0,6647.868540525436,0.08889999999999999
6.0,6648.872004508972,0.0887
6.0,6649.891731023788,0.0887
6.0,6650.896164417267,0.0887
6.0,6651.904917001724,0.0887
6.0,6652.907459020615,0.0887
6.0,6653.909445762634,0.08889999999999999
6.0,6654.919442892075,0.08889999999999999
6.0,6655.921366453171,0.08889999999999999
6.0,6656.923036813736,0.08889999999999999
6.0,6657.925044775009,0.0887
6.0,6659.927575826645,0.08889999999999999
6.0,6660.928816318512,0.08889999999999999
6.0,6661.930207252502,0.0887
6.0,6662.934437990189,0.0887
6.0,6663.943362236023,0.0887
6.0,6664.944806814194,0.08889999999999999
6.0,6665.951309680939,0.08889999999999999
6.0,6666.956907749176,0.08889999999999999
6.0,6667.968218564987,0.08889999999999999
6.0,6668.978537797928,0.08889999999999999
6.0,6669.984914302826,0.08889999999999999
6.0,6670.991550683975,0.08889999999999999
6.0,6671.998212099075,0.08889999999999999
6.0,6673.008975744247,0.0887
6.0,6674.015773296356,0.08889999999999999
6.0,6675.022481679916,0.08889999999999999
6.0,6676.034224748611,0.09319999999999999
6.0,6677.048978805542,0.08889999999999999
6.0,6679.060945034027,0.0887
6.0,6680.06182718277,0.0887
6.0,6681.068551063538,0.0887
6.0,6682.075262784958,0.08889999999999999
6.0,6683.08092045784,0.09319999999999999
6.0,6684.087673425674,0.0887
6.0,6685.094310760498,0.08889999999999999
6.0,6686.100921869278,0.0887
6.0,6687.107670783997,0.08889999999999999
6.0,6688.114479541779,0.08889999999999999
6.0,6689.12948679924,0.09319999999999999
6.0,6690.140943288803,0.08889999999999999
6.0,6691.147768497467,0.08889999999999999
6.0,6692.154413223267,0.08889999999999999
6.0,6693.156067371368,0.09319999999999999
6.0,6694.167585372925,0.08889999999999999
6.0,6695.174360275269,0.09319999999999999
6.0,6696.18096613884,0.09319999999999999
6.0,6697.187707424164,0.09319999999999999
6.0,6699.200500965118,0.09319999999999999
6.0,6700.215161085129,0.09319999999999999
6.0,6701.216767311096,0.09319999999999999
6.0,6702.223526954651,0.09319999999999999
6.0,6703.230228185654,0.09319999999999999
6.0,6704.2369265556335,0.09319999999999999
6.0,6705.243643283844,0.09319999999999999
6.0,6706.244996070862,0.08889999999999999
6.0,6707.251680850983,0.09319999999999999
6.0,6708.2529220581055,0.09319999999999999
6.0,6709.259596586227,0.09319999999999999
6.0,6710.266312599182,0.09319999999999999
6.0,6711.272820949554,0.09319999999999999
6.0,6712.2830402851105,0.09319999999999999
6.0,6713.284629583359,0.09319999999999999
6.0,6714.296523094177,0.09319999999999999
6.0,6715.30847454071,0.09319999999999999
6.0,6716.315107584,0.09319999999999999
6.0,6717.320940256119,0.09319999999999999
6.0,6719.328900814056,0.09319999999999999
6.0,6720.335597753525,0.09319999999999999
6.0,6721.342377662659,0.09319999999999999
6.0,6722.348938703537,0.09319999999999999
6.0,6723.355731010437,0.09319999999999999
6.0,6724.361506700516,0.09319999999999999
6.0,6725.37659907341,0.09319999999999999
6.0,6726.388363361359,0.09319999999999999
6.0,6727.395008087158,0.09319999999999999
6.0,6728.406777858734,0.09319999999999999
6.0,6729.418676614761,0.09319999999999999
6.0,6730.424931764603,0.09319999999999999
6.0,6731.431635379791,0.09319999999999999
6.0,6732.432941675186,0.09319999999999999
6.0,6733.4448211193085,0.09319999999999999
6.0,6734.451080560684,0.09319999999999999
6.0,6735.462791442871,0.09319999999999999
6.0,6736.468940973282,0.09319999999999999
6.0,6737.475740671158,0.09319999999999999
6.0,6739.483716011047,0.09319999999999999
6.0,6740.49037528038,0.09319999999999999
6.0,6741.49712228775,0.09319999999999999
6.0,6742.504077196121,0.09319999999999999
6.0,6743.5049822330475,0.09319999999999999
6.0,6744.511794090271,0.09319999999999999
6.0,6745.518529415131,0.09319999999999999
6.0,6746.524918556213,0.09319999999999999
6.0,6747.531753063202,0.09319999999999999
6.0,6748.538544654846,0.09319999999999999
6.0,6749.54501581192,0.09319999999999999
6.0,6750.546746015549,0.09319999999999999
6.0,6751.558519124985,0.09319999999999999
6.0,6752.564937353134,0.09319999999999999
6.0,6753.566508293152,0.09319999999999999
6.0,6754.572940349579,0.09319999999999999
6.0,6755.57982134819,0.09319999999999999
6.0,6756.580869674683,0.09319999999999999
6.0,6757.582462072372,0.09319999999999999
6.0,6759.5953686237335,0.09319999999999999
6.0,6760.60197520256,0.09319999999999999
6.0,6761.608764886856,0.09319999999999999
6.0,6762.61548781395,0.09319999999999999
6.0,6763.6273624897,0.09319999999999999
6.0,6764.639060974121,0.09319999999999999
6.0,6765.650875091553,0.09319999999999999
6.0,6766.6649606227875,0.09319999999999999
6.0,6767.671809911728,0.09319999999999999
6.0,6768.683759689331,0.09319999999999999
6.0,6769.698944091797,0.09319999999999999
6.0,6770.710773706436,0.09319999999999999
6.0,6771.727341175079,0.09319999999999999
6.0,6772.734016656876,0.09319999999999999
6.0,6773.7407829761505,0.09319999999999999
6.0,6774.747545480728,0.09319999999999999
6.0,6775.753778934479,0.09319999999999999
6.0,6776.768723011017,0.09319999999999999
6.0,6777.783752679825,0.09319999999999999
6.0,6779.7999477386475,0.09319999999999999
6.0,6780.806680679321,0.09739999999999999
6.0,6781.813015699387,0.09319999999999999
6.0,6782.819718122482,0.09739999999999999
6.0,6783.826575756073,0.09319999999999999
6.0,6784.838290691376,0.09319999999999999
6.0,6785.844884157181,0.09319999999999999
6.0,6786.856659889221,0.09739999999999999
6.0,6787.863404750824,0.09319999999999999
6.0,6788.870132684708,0.09319999999999999
6.0,6789.876916408539,0.09319999999999999
6.0,6790.892356395721,0.09319999999999999
6.0,6791.906755924225,0.09319999999999999
6.0,6792.9209525585175,0.09739999999999999
6.0,6793.932688713074,0.09739999999999999
6.0,6794.948060274124,0.09319999999999999
6.0,6795.959949016571,0.09739999999999999
6.0,6796.966826438904,0.09739999999999999
6.0,6797.972943305969,0.09739999999999999
6.0,6799.980431318283,0.09739999999999999
6.0,6800.992287874222,0.09739999999999999
6.0,6801.998988866806,0.09739999999999999
6.0,6803.0107209682465,0.09739999999999999
6.0,6804.016920804977,0.09319999999999999
6.0,6805.028666973114,0.09739999999999999
6.0,6806.044375658035,0.09319999999999999
6.0,6807.059712171555,0.09319999999999999
6.0,6808.070894241333,0.09739999999999999
6.0,6809.076977014542,0.09319999999999999
6.0,6810.0837297439575,0.09739999999999999
6.0,6811.08492565155,0.09319999999999999
6.0,6812.091683626175,0.09739999999999999
6.0,6813.0983691215515,0.09739999999999999
6.0,6814.1100697517395,0.09739999999999999
6.0,6815.116862297058,0.09739999999999999
6.0,6816.128851413727,0.09739999999999999
6.0,6817.13557767868,0.09739999999999999
6.0,6818.142388820648,0.09739999999999999
6.0,6820.150026321411,0.09739999999999999
6.0,6821.164984703064,0.09739999999999999
6.0,6822.166542053223,0.09739999999999999
6.0,6823.168076992035,0.09739999999999999
6.0,6824.174852848053,0.09739999999999999
6.0,6825.180945396423,0.09739999999999999
6.0,6826.18771147728,0.09739999999999999
6.0,6827.199705123901,0.09739999999999999
6.0,6828.206367969513,0.09739999999999999
6.0,6829.2129464149475,0.09319999999999999
6.0,6830.224675416946,0.09739999999999999
6.0,6831.236542701721,0.09739999999999999
6.0,6832.24836397171,0.09739999999999999
6.0,6833.260181427002,0.09739999999999999
6.0,6834.271349906921,0.09739999999999999
6.0,6835.2780084609985,0.09739999999999999
6.0,6836.2848110198975,0.09739999999999999
6.0,6837.291608572006,0.09739999999999999
6.0,6838.292932033539,0.09739999999999999
6.0,6840.305952548981,0.09739999999999999
6.0,6841.312712192535,0.09739999999999999
6.0,6842.324489355087,0.09739999999999999
6.0,6843.331090450287,0.09739999999999999
6.0,6844.336960554123,0.09739999999999999
6.0,6845.343735218048,0.09739999999999999
6.0,6846.355483293533,0.09739999999999999
6.0,6847.357032060623,0.09319999999999999
6.0,6848.363791942596,0.09319999999999999
6.0,6849.375776290894,0.09739999999999999
6.0,6850.387500286102,0.09319999999999999
6.0,6851.399191617966,0.09739999999999999
6.0,6852.405933141708,0.09319999999999999
6.0,6853.412608385086,0.09739999999999999
6.0,6854.419404506683,0.09319999999999999
6.0,6855.426095962524,0.09319999999999999
6.0,6856.43282866478,0.09319999999999999
6.0,6857.439668416977,0.09319999999999999
6.0,6858.446395158768,0.08889999999999999
6.0,6860.454061508179,0.09319999999999999
6.0,6861.460786819458,0.09319999999999999
6.0,6862.467579364777,0.09319999999999999
6.0,6863.46895813942,0.09319999999999999
6.0,6864.4757125377655,0.09319999999999999
6.0,6865.482449769974,0.09319999999999999
6.0,6866.488926410675,0.09319999999999999
6.0,6867.495686292648,0.09319999999999999
6.0,6868.502308607101,0.09319999999999999
6.0,6869.508959054947,0.09319999999999999
6.0,6870.520846366882,0.09319999999999999
6.0,6871.52751994133,0.09319999999999999
6.0,6872.539261102676,0.08889999999999999
6.0,6873.546010494232,0.09319999999999999
6.0,6874.552800893784,0.0887
6.0,6875.559548377991,0.08889999999999999
6.0,6876.566165924072,0.08889999999999999
6.0,6877.576992034912,0.0887
6.0,6878.591997861862,0.08889999999999999
6.0,6880.604852199554,0.0887
6.0,6881.611563920975,0.08889999999999999
6.0,6882.623266458511,0.0887
6.0,6883.629974603653,0.0887
6.0,6884.636703252792,0.08889999999999999
6.0,6885.643499851227,0.0887
6.0,6886.650068759918,0.08889999999999999
6.0,6887.661982059479,0.09319999999999999
6.0,6888.6683831214905,0.08889999999999999
6.0,6889.683373451233,0.0887
6.0,6890.698404788971,0.0887
6.0,6891.7129781246185,0.0887
6.0,6892.719736814499,0.08889999999999999
6.0,6893.726583003998,0.0887
6.0,6894.732932806015,0.0887
6.0,6895.739693403244,0.0887
6.0,6896.746447563171,0.08889999999999999
6.0,6897.752977848053,0.0887
6.0,6898.76769733429,0.08889999999999999
6.0,6900.77552652359,0.08889999999999999
6.0,6901.782190561295,0.08889999999999999
6.0,6902.788974285126,0.08979999999999999
6.0,6903.795675992966,0.0887
6.0,6904.802282333374,0.0887
6.0,6905.8089418411255,0.0887
6.0,6906.815552473068,0.08979999999999999
6.0,6907.821632385254,0.0887
6.0,6908.823173522949,0.08979999999999999
6.0,6909.824668884277,0.0887
6.0,6910.8313682079315,0.0887
6.0,6911.838150978088,0.0887
6.0,6912.844938278198,0.08979999999999999
6.0,6913.8517282009125,0.0887
6.0,6914.862901687622,0.08979999999999999
6.0,6915.868944406509,0.08979999999999999
6.0,6916.875723600388,0.08979999999999999
6.0,6917.887451410294,0.08979999999999999
6.0,6918.894163608551,0.08979999999999999
6.0,6920.902055501938,0.08979999999999999
6.0,6921.908921480179,0.08979999999999999
6.0,6922.920796394348,0.08979999999999999
6.0,6923.927650928497,0.08979999999999999
6.0,6924.934339523315,0.08979999999999999
6.0,6925.941193342209,0.08979999999999999
6.0,6926.95693731308,0.08979999999999999
6.0,6927.971541643143,0.08979999999999999
6.0,6928.97815823555,0.08979999999999999
6.0,6929.984871864319,0.08979999999999999
6.0,6930.991078138351,0.08979999999999999
6.0,6931.99702501297,0.08979999999999999
6.0,6933.003190994263,0.08979999999999999
6.0,6934.0101001262665,0.08979999999999999
6.0,6935.01696228981,0.08979999999999999
6.0,6936.023730516434,0.08979999999999999
6.0,6937.032970905304,0.08979999999999999
6.0,6938.05290222168,0.08979999999999999
6.0,6939.079044103622,0.08979999999999999
6.0,6941.084380865097,0.08979999999999999
6.0,6942.088449954987,0.08979999999999999
6.0,6943.103543758392,0.08979999999999999
6.0,6944.108047962189,0.08979999999999999
6.0,6945.121605634689,0.08979999999999999
6.0,6946.1258544921875,0.08979999999999999
6.0,6947.1277639865875,0.08979999999999999
6.0,6948.129385232925,0.08979999999999999
6.0,6949.130813837051,0.08979999999999999
6.0,6950.132301092148,0.08979999999999999
6.0,6951.1332767009735,0.08979999999999999
6.0,6952.13467335701,0.08979999999999999
6.0,6953.136213541031,0.08979999999999999
6.0,6954.13711643219,0.08979999999999999
6.0,6955.139153003693,0.08979999999999999
6.0,6956.142390489578,0.08979999999999999
6.0,6957.1440443992615,0.08979999999999999
6.0,6958.14608502388,0.08979999999999999
6.0,6959.147629737854,0.08979999999999999
6.0,6961.149995088577,0.08979999999999999
6.0,6962.151797533035,0.08979999999999999
6.0,6963.153218984604,0.08979999999999999
6.0,6964.154990911484,0.08979999999999999
6.0,6965.1572868824005,0.08979999999999999
6.0,6966.1593334674835,0.08979999999999999
6.0,6967.161601781845,0.08979999999999999
6.0,6968.165349006653,0.08979999999999999
6.0,6969.198161363602,0.08979999999999999
6.0,6970.233393669128,0.08979999999999999
6.0,6971.236140489578,0.08979999999999999
6.0,6972.236940383911,0.08979999999999999
6.0,6973.2413494586945,0.08979999999999999
6.0,6974.245224475861,0.08979999999999999
6.0,6975.246808052063,0.08979999999999999
6.0,6976.248358249664,0.08979999999999999
6.0,6977.249994277954,0.08979999999999999
6.0,6978.251873254776,0.08979999999999999
6.0,6980.260383605957,0.08979999999999999
6.0,6981.2625207901,0.08979999999999999
6.0,6982.264041662216,0.08979999999999999
6.0,6983.26607465744,0.08979999999999999
6.0,6984.2681522369385,0.08979999999999999
6.0,6985.270535945892,0.08979999999999999
6.0,6986.272536039352,0.08979999999999999
6.0,6987.274070262909,0.08979999999999999
6.0,6988.28816986084,0.08979999999999999
6.0,6989.2887897491455,0.08979999999999999
6.0,6990.299158334732,0.08979999999999999
6.0,6991.304937124252,0.08979999999999999
6.0,6992.311644077301,0.08979999999999999
6.0,6993.3241193294525,0.08979999999999999
6.0,6994.335833787918,0.08979999999999999
6.0,6995.342522144318,0.08979999999999999
6.0,6996.349002361298,0.08979999999999999
6.0,6997.3556406497955,0.08979999999999999
6.0,6998.362245798111,0.08979999999999999
6.0,7000.375251054764,0.08979999999999999
6.0,7001.387033224106,0.08979999999999999
6.0,7002.398771047592,0.08979999999999999
6.0,7003.4056224823,0.08979999999999999
6.0,7004.412293672562,0.08979999999999999
6.0,7005.424010276794,0.08979999999999999
6.0,7006.434951782227,0.08979999999999999
6.0,7007.446699619293,0.0896
6.0,7008.452932596207,0.08979999999999999
6.0,7009.454454421997,0.0896
6.0,7010.460953474045,0.08979999999999999
6.0,7011.46773147583,0.08979999999999999
6.0,7012.474191904068,0.08979999999999999
6.0,7013.480926275253,0.08979999999999999
6.0,7014.492735624313,0.08979999999999999
6.0,7015.499384403229,0.08979999999999999
6.0,7016.512953996658,0.08979999999999999
6.0,7017.5284724235535,0.08979999999999999
6.0,7018.540270090103,0.08979999999999999
6.0,7020.547101259232,0.08979999999999999
6.0,7021.553103208542,0.08979999999999999
6.0,7022.56489109993,0.08979999999999999
6.0,7023.571632862091,0.08979999999999999
6.0,7024.5784521102905,0.08979999999999999
6.0,7025.585024833679,0.08979999999999999
6.0,7026.591802120209,0.08979999999999999
6.0,7027.603645086288,0.08979999999999999
6.0,7028.610440969467,0.08979999999999999
6.0,7029.6169645786285,0.08979999999999999
6.0,7030.623668670654,0.08979999999999999
6.0,7031.635377168655,0.08979999999999999
6.0,7032.642107248306,0.0896
6.0,7033.64879655838,0.0896
6.0,7034.660623550415,0.08979999999999999
6.0,7035.6665942668915,0.08979999999999999
6.0,7036.6729824543,0.08979999999999999
6.0,7037.684970855713,0.08979999999999999
6.0,7038.696880102158,0.08979999999999999
6.0,7040.704778909683,0.08979999999999999
6.0,7041.716965675354,0.08979999999999999
6.0,7042.728939294815,0.08979999999999999
6.0,7043.735694408417,0.09399999999999999
6.0,7044.742414474487,0.08979999999999999
6.0,7045.749050378799,0.08979999999999999
6.0,7046.7639038562775,0.08979999999999999
6.0,7047.779429197311,0.08979999999999999
6.0,7048.7861359119415,0.08979999999999999
6.0,7049.796948194504,0.08979999999999999
6.0,7050.803672552109,0.08979999999999999
6.0,7051.810418367386,0.08979999999999999
6.0,7052.816969633102,0.09399999999999999
6.0,7053.828720092773,0.08979999999999999
6.0,7054.83543920517,0.08979999999999999
6.0,7055.842235088348,0.08979999999999999
6.0,7056.858120918274,0.08979999999999999
6.0,7057.865007638931,0.08979999999999999
6.0,7058.876769542694,0.09399999999999999
6.0,7060.8889327049255,0.09399999999999999
6.0,7061.900739431381,0.09399999999999999
6.0,7062.912488698959,0.08979999999999999
6.0,7063.919279575348,0.09399999999999999
6.0,7064.931046009064,0.08979999999999999
6.0,7065.944939851761,0.09399999999999999
6.0,7066.951679229736,0.09399999999999999
6.0,7067.95823764801,0.09399999999999999
6.0,7068.969997167587,0.09399999999999999
6.0,7069.976868629456,0.09399999999999999
6.0,7070.983698129654,0.08979999999999999
6.0,7071.99552822113,0.09399999999999999
6.0,7073.002251625061,0.09399999999999999
6.0,7074.013008356094,0.09399999999999999
6.0,7075.0247547626495,0.09399999999999999
6.0,7076.031543254852,0.08979999999999999
6.0,7077.038272619247,0.09399999999999999
6.0,7078.044936418533,0.09399999999999999
6.0,7079.051655054092,0.09399999999999999
6.0,7081.059442043304,0.09399999999999999
6.0,7082.066289424896,0.09399999999999999
6.0,7083.072921514511,0.09399999999999999
6.0,7084.079630374908,0.09399999999999999
6.0,7085.091777801514,0.09399999999999999
6.0,7086.09846329689,0.09399999999999999
6.0,7087.110241651535,0.09399999999999999
6.0,7088.121627092361,0.08979999999999999
6.0,7089.1329662799835,0.09399999999999999
6.0,7090.139559745789,0.09399999999999999
6.0,7091.1512224674225,0.09399999999999999
6.0,7092.156904697418,0.09399999999999999
6.0,7093.163614034653,0.09399999999999999
6.0,7094.165024995804,0.08979999999999999
6.0,7095.171718120575,0.09399999999999999
6.0,7096.183424472809,0.09399999999999999
6.0,7097.190115690231,0.09399999999999999
6.0,7098.204882621765,0.09399999999999999
6.0,7099.211699485779,0.09399999999999999
6.0,7101.2195472717285,0.09399999999999999
6.0,7102.23141002655,0.09399999999999999
6.0,7103.247041225433,0.09399999999999999
6.0,7104.252967119217,0.09399999999999999
6.0,7105.264893054962,0.09399999999999999
6.0,7106.271623849869,0.09399999999999999
6.0,7107.27829003334,0.09399999999999999
6.0,7108.284983873367,0.09399999999999999
6.0,7109.291728019714,0.09399999999999999
6.0,7110.298364162445,0.09399999999999999
6.0,7111.30512881279,0.09399999999999999
6.0,7112.306722402573,0.09399999999999999
6.0,7113.320971488953,0.09399999999999999
6.0,7114.327582120895,0.09399999999999999
6.0,7115.329140663147,0.09399999999999999
6.0,7116.33088850975,0.09399999999999999
6.0,7117.336959600449,0.09399999999999999
6.0,7118.343552112579,0.09399999999999999
6.0,7119.355324268341,0.09399999999999999
6.0,7121.358052492142,0.09399999999999999
6.0,7122.364828824997,0.09399999999999999
6.0,7123.3749079704285,0.09399999999999999
6.0,7124.380832433701,0.09399999999999999
6.0,7125.391719818115,0.09399999999999999
6.0,7126.398365974426,0.09399999999999999
6.0,7127.411051034927,0.09399999999999999
6.0,7128.417065620422,0.09399999999999999
6.0,7129.423703432083,0.09399999999999999
6.0,7130.430330991745,0.09399999999999999
6.0,7131.436940670013,0.09399999999999999
6.0,7132.448966264725,0.09399999999999999
6.0,7133.483031511307,0.09399999999999999
6.0,7134.506011724472,0.09399999999999999
6.0,7135.512523889542,0.09399999999999999
6.0,7136.526028871536,0.09399999999999999
6.0,7137.527061223984,0.09399999999999999
6.0,7138.528751134872,0.09399999999999999
6.0,7139.53037071228,0.09399999999999999
6.0,7141.532986402512,0.09399999999999999
6.0,7142.534482002258,0.09399999999999999
6.0,7143.538454055786,0.09399999999999999
6.0,7144.540454864502,0.09399999999999999
6.0,7145.541870594025,0.09399999999999999
6.0,7146.543770074844,0.09399999999999999
6.0,7147.545152902603,0.09399999999999999
6.0,7148.547076225281,0.09399999999999999
6.0,7149.548533916473,0.09399999999999999
6.0,7150.551012039185,0.09399999999999999
6.0,7151.553131103516,0.09399999999999999
6.0,7152.556227207184,0.09399999999999999
6.0,7153.557256937027,0.09399999999999999
6.0,7154.559419155121,0.09399999999999999
6.0,7155.56187748909,0.09399999999999999
6.0,7156.564159154892,0.09399999999999999
6.0,7157.5664620399475,0.09399999999999999
6.0,7158.572808742523,0.09399999999999999
6.0,7160.584533691406,0.09399999999999999
6.0,7161.591009140015,0.09399999999999999
6.0,7162.592538356781,0.09399999999999999
6.0,7163.604119062424,0.09399999999999999
6.0,7164.610741615295,0.09399999999999999
6.0,7165.6169629096985,0.09399999999999999
6.0,7166.623740434647,0.09399999999999999
6.0,7167.635637283325,0.09399999999999999
6.0,7168.642496347427,0.09399999999999999
6.0,7169.654361009598,0.09399999999999999
6.0,7170.666107177734,0.09399999999999999
6.0,7171.673043727875,0.09399999999999999
6.0,7172.684798240662,0.09399999999999999
6.0,7173.6967079639435,0.09399999999999999
6.0,7174.703402996063,0.09399999999999999
6.0,7175.715500831604,0.09399999999999999
6.0,7176.7222373485565,0.09399999999999999
6.0,7177.734001636505,0.09399999999999999
6.0,7178.740921974182,0.09399999999999999
6.0,7180.7529084682465,0.09399999999999999
6.0,7181.7647087574005,0.09399999999999999
6.0,7182.77135014534,0.09399999999999999
6.0,7183.78315782547,0.09399999999999999
6.0,7184.79007267952,0.09399999999999999
6.0,7185.796828746796,0.09399999999999999
6.0,7186.811586380005,0.09399999999999999
6.0,7187.82492685318,0.09399999999999999
6.0,7188.839688062668,0.09399999999999999
6.0,7189.846447467804,0.09399999999999999
6.0,7190.858146190643,0.09399999999999999
6.0,7191.864941835403,0.09399999999999999
6.0,7192.871547460556,0.09399999999999999
6.0,7193.8783395290375,0.09399999999999999
6.0,7194.885113954544,0.09399999999999999
6.0,7195.891786575317,0.09399999999999999
6.0,7196.907600402832,0.09399999999999999
6.0,7197.919273853302,0.09399999999999999
6.0,7198.931007385254,0.09399999999999999
6.0,7200.938006162643,0.09399999999999999
6.0,7201.944868326187,0.09399999999999999
6.0,7202.951558589935,0.09399999999999999
6.0,7203.958297967911,0.09399999999999999
6.0,7204.9650456905365,0.09399999999999999
6.0,7205.971693754196,0.09399999999999999
6.0,7206.983476400375,0.09399999999999999
6.0,7207.985129833221,0.09399999999999999
6.0,7208.991883993149,0.09399999999999999
6.0,7209.998636484146,0.09399999999999999
6.0,7211.004940271378,0.09399999999999999
6.0,7212.011691331863,0.09399999999999999
6.0,7213.0183753967285,0.09399999999999999
6.0,7214.03012919426,0.09399999999999999
6.0,7215.036463499069,0.09399999999999999
6.0,7216.048275947571,0.09399999999999999
6.0,7217.055035829544,0.09399999999999999
6.0,7218.06095957756,0.09399999999999999
6.0,7219.067714691162,0.09399999999999999
6.0,7221.069940328598,0.09399999999999999
6.0,7222.081673145294,0.09399999999999999
6.0,7223.096982240677,0.09399999999999999
6.0,7224.098525047302,0.09399999999999999
6.0,7225.104958057404,0.09399999999999999
6.0,7226.111597061157,0.09399999999999999
6.0,7227.118197441101,0.09399999999999999
6.0,7228.129974365234,0.09399999999999999
6.0,7229.136521816254,0.09399999999999999
6.0,7230.14799451828,0.09399999999999999
6.0,7231.153722524643,0.09399999999999999
6.0,7232.160396099091,0.09399999999999999
6.0,7233.17218875885,0.09399999999999999
6.0,7234.178915500641,0.09399999999999999
6.0,7235.1856341362,0.09399999999999999
6.0,7236.200963020325,0.09399999999999999
6.0,7237.212727546692,0.09399999999999999
6.0,7238.219529390335,0.09399999999999999
6.0,7239.226158857346,0.09399999999999999
6.0,7241.234113693237,0.09399999999999999
6.0,7242.235710382462,0.09399999999999999
6.0,7243.250769853592,0.09399999999999999
6.0,7244.256982803345,0.09399999999999999
6.0,7245.263751029968,0.09399999999999999
6.0,7246.270483970642,0.09399999999999999
6.0,7247.276969671249,0.09399999999999999
6.0,7248.283871650696,0.09399999999999999
6.0,7249.295700311661,0.09399999999999999
6.0,7250.302419662476,0.09399999999999999
6.0,7251.31439781189,0.09399999999999999
6.0,7252.321110963821,0.09399999999999999
6.0,7253.327957391739,0.09399999999999999
6.0,7254.334770679474,0.09399999999999999
6.0,7255.340982198715,0.09399999999999999
6.0,7256.347730636597,0.09399999999999999
6.0,7257.354560852051,0.09399999999999999
6.0,7258.366317749023,0.09399999999999999
6.0,7259.372972249985,0.09399999999999999
6.0,7261.380225658417,0.09399999999999999
6.0,7262.391966104507,0.09399999999999999
6.0,7263.403732776642,0.09399999999999999
6.0,7264.410482645035,0.09399999999999999
6.0,7265.417380571365,0.09399999999999999
6.0,7266.424088716507,0.09399999999999999
6.0,7267.430865049362,0.09399999999999999
6.0,7268.436932086945,0.09399999999999999
6.0,7269.443609237671,0.09399999999999999
6.0,7270.450530052185,0.09399999999999999
6.0,7271.467316865921,0.09399999999999999
6.0,7272.474005699158,0.09399999999999999
6.0,7273.480801820755,0.09399999999999999
6.0,7274.487549304962,0.09399999999999999
6.0,7275.499289989471,0.09399999999999999
6.0,7276.505992174149,0.09399999999999999
6.0,7277.512901306152,0.09399999999999999
6.0,7278.519631624222,0.09399999999999999
6.0,7279.531470775604,0.09399999999999999
6.0,7281.539407968521,0.09399999999999999
6.0,7282.54616355896,0.09399999999999999
6.0,7283.552940607071,0.09399999999999999
6.0,7284.564685344696,0.09399999999999999
6.0,7285.571359634399,0.09399999999999999
6.0,7286.578033685684,0.09399999999999999
6.0,7287.584793329239,0.09399999999999999
6.0,7288.591539621353,0.09399999999999999
6.0,7289.5983028411865,0.09399999999999999
6.0,7290.604960441589,0.09399999999999999
6.0,7291.6117079257965,0.09399999999999999
6.0,7292.618582487106,0.09399999999999999
6.0,7293.6303634643555,0.09399999999999999
6.0,7294.637006998062,0.09399999999999999
6.0,7295.648804187775,0.0983
6.0,7296.660650968552,0.09399999999999999
6.0,7297.667407512665,0.09399999999999999
6.0,7298.674090623856,0.09399999999999999
6.0,7299.680851221085,0.0983
6.0,7301.688772439957,0.0983
6.0,7302.695482492447,0.09399999999999999
6.0,7303.702304601669,0.09399999999999999
6.0,7304.714126110077,0.09399999999999999
6.0,7305.720935821533,0.09399999999999999
6.0,7306.727778673172,0.09399999999999999
6.0,7307.734508037567,0.09399999999999999
6.0,7308.740984678268,0.09399999999999999
6.0,7309.747899055481,0.09399999999999999
6.0,7310.754612445831,0.09399999999999999
6.0,7311.765993595123,0.09399999999999999
6.0,7312.777937889099,0.0983
6.0,7313.784639120102,0.0983
6.0,7314.800032615662,0.09399999999999999
6.0,7315.806845664978,0.0983
6.0,7316.813629627228,0.09399999999999999
6.0,7317.820385932922,0.09399999999999999
6.0,7318.826996564865,0.09399999999999999
6.0,7319.833058595657,0.09399999999999999
6.0,7321.845976829529,0.09399999999999999
6.0,7322.85281085968,0.09399999999999999
6.0,7323.86453795433,0.09399999999999999
6.0,7324.880507946014,0.09399999999999999
6.0,7325.8963968753815,0.09399999999999999
6.0,7326.907263040543,0.09399999999999999
6.0,7327.914002656937,0.09399999999999999
6.0,7328.9208788871765,0.09399999999999999
6.0,7329.927674770355,0.09399999999999999
6.0,7330.9344437122345,0.09399999999999999
6.0,7331.946170091629,0.09399999999999999
6.0,7332.952940225601,0.09399999999999999
6.0,7333.968906164169,0.09399999999999999
6.0,7334.983280420303,0.09399999999999999
6.0,7335.997898817062,0.09399999999999999
6.0,7337.004700422287,0.09399999999999999
6.0,7338.011385917664,0.09399999999999999
6.0,7339.012983322144,0.0983
6.0,7340.01970911026,0.09399999999999999
6.0,7342.022018909454,0.09399999999999999
6.0,7343.028834581375,0.09399999999999999
6.0,7344.035606384277,0.09399999999999999
6.0,7345.036914825439,0.09399999999999999
6.0,7346.043586969376,0.09399999999999999
6.0,7347.050284385681,0.09399999999999999
6.0,7348.056935071945,0.0983
6.0,7349.068712472916,0.09399999999999999
6.0,7350.075509309769,0.09399999999999999
6.0,7351.082245111465,0.09399999999999999
6.0,7352.0889365673065,0.09399999999999999
6.0,7353.095757007599,0.09399999999999999
6.0,7354.102544784546,0.09399999999999999
6.0,7355.108941078186,0.09399999999999999
6.0,7356.115860462189,0.09399999999999999
6.0,7357.127589464188,0.0983
6.0,7358.134288787842,0.09399999999999999
6.0,7359.146049499512,0.0983
6.0,7360.14727807045,0.09399999999999999
6.0,7362.16012597084,0.09399999999999999
6.0,7363.160999774933,0.09399999999999999
6.0,7364.1677894592285,0.09399999999999999
6.0,7365.174516677856,0.09399999999999999
6.0,7366.18094086647,0.09399999999999999
6.0,7367.187645196915,0.09399999999999999
6.0,7368.188932418823,0.09399999999999999
6.0,7369.195744037628,0.09399999999999999
6.0,7370.202401638031,0.09399999999999999
6.0,7371.214222431183,0.09399999999999999
6.0,7372.220913648605,0.09399999999999999
6.0,7373.227709770203,0.09399999999999999
6.0,7374.234372854233,0.0983
6.0,7375.246129274368,0.0983
6.0,7376.252360582352,0.09399999999999999
6.0,7377.252949953079,0.0983
6.0,7378.259763717651,0.09399999999999999
6.0,7379.266448974609,0.09399999999999999
6.0,7380.278136968613,0.09399999999999999
6.0,7382.294071435928,0.09399999999999999
6.0,7383.30077457428,0.09399999999999999
6.0,7384.307478904724,0.0983
6.0,7385.314165115356,0.09399999999999999
6.0,7386.320842027664,0.09399999999999999
6.0,7387.335104703903,0.09399999999999999
6.0,7388.340919971466,0.09399999999999999
6.0,7389.342499017715,0.09399999999999999
6.0,7390.349035024643,0.0983
6.0,7391.3610072135925,0.09399999999999999
6.0,7392.367875576019,0.0983
6.0,7393.374555110931,0.09399999999999999
6.0,7394.380828380585,0.09399999999999999
6.0,7395.39128613472,0.0983
6.0,7396.397993326187,0.0983
6.0,7397.412968158722,0.09399999999999999
6.0,7398.419627904892,0.0983
6.0,7399.43665266037,0.0983
6.0,7400.443482398987,0.0983
6.0,7402.451375007629,0.0983
6.0,7403.466493606567,0.0983
6.0,7404.478281259537,0.09399999999999999
6.0,7405.490067958832,0.0983
6.0,7406.506537437439,0.0983
6.0,7407.512921571732,0.0983
6.0,7408.519729375839,0.09399999999999999
6.0,7409.531480789185,0.0983
6.0,7410.5480098724365,0.0983
6.0,7411.560669660568,0.0983
6.0,7412.573324680328,0.0983
6.0,7413.575300693512,0.09399999999999999
6.0,7414.578638553619,0.0983
6.0,7415.597587347031,0.0983
6.0,7416.601800918579,0.0983
6.0,7417.604763269424,0.0983
6.0,7418.619832515717,0.0983
6.0,7419.62091088295,0.0983
6.0,7420.622400760651,0.0983
6.0,7422.62500834465,0.0983
6.0,7423.626610279083,0.0983
6.0,7424.628257036209,0.09399999999999999
6.0,7425.62899851799,0.0983
6.0,7426.630612850189,0.09399999999999999
6.0,7427.632533073425,0.09389999999999998
6.0,7428.634080410004,0.09399999999999999
6.0,7429.636181354523,0.0983
6.0,7430.638297080994,0.09399999999999999
6.0,7431.640428066254,0.0983
6.0,7432.642112731934,0.0983
6.0,7433.643866300583,0.0983
6.0,7434.644822597504,0.0983
6.0,7435.646310567856,0.0983
6.0,7436.648031234741,0.0983
6.0,7437.648855209351,0.0983
6.0,7438.650366783142,0.09399999999999999
6.0,7439.651952981949,0.0983
6.0,7441.653949975967,0.09399999999999999
6.0,7442.655595779419,0.09399999999999999
6.0,7443.656891107559,0.09399999999999999
6.0,7444.660553216934,0.09399999999999999
6.0,7445.664450645447,0.09399999999999999
6.0,7446.671863079071,0.09399999999999999
6.0,7447.699521303177,0.09399999999999999
6.0,7448.703023433685,0.0983
6.0,7449.721217393875,0.09399999999999999
6.0,7450.72643828392,0.09399999999999999
6.0,7451.737638473511,0.0983
6.0,7452.7463591098785,0.0983
6.0,7453.747798919678,0.09399999999999999
6.0,7454.748972892761,0.0983
6.0,7455.75016617775,0.0983
6.0,7456.752142429352,0.0983
6.0,7457.765415430069,0.0983
6.0,7458.768109321594,0.0983
6.0,7460.7721264362335,0.09399999999999999
6.0,7461.77380657196,0.09399999999999999
6.0,7462.780648946762,0.09399999999999999
6.0,7463.787122249603,0.0983
6.0,7464.792809963226,0.0983
6.0,7465.802733421326,0.0983
6.0,7466.813794136047,0.0983
6.0,7467.815426111221,0.0983
6.0,7468.828661680222,0.0983
6.0,7469.840447425842,0.0983
6.0,7470.852212667465,0.0983
6.0,7471.858203172684,0.0983
6.0,7472.865008115768,0.0983
6.0,7473.871755123138,0.0983
6.0,7474.886687994003,0.0983
6.0,7475.8929324150085,0.0983
6.0,7476.899610519409,0.0983
6.0,7477.906428813934,0.0983
6.0,7478.913018703461,0.0983
6.0,7480.924972772598,0.0983
6.0,7481.9367508888245,0.0983
6.0,7482.948701143265,0.0983
6.0,7483.955494880676,0.0983
6.0,7484.962276220322,0.0983
6.0,7485.96888923645,0.0983
6.0,7486.975636720657,0.0983
6.0,7487.982459783554,0.0983
6.0,7488.994207143784,0.0983
6.0,7490.008596658707,0.0983
6.0,7491.023860216141,0.0983
6.0,7492.039045333862,0.09399999999999999
6.0,7493.044925928116,0.0983
6.0,7494.051638126373,0.09399999999999999
6.0,7495.063380241394,0.0983
6.0,7496.075136899948,0.09399999999999999
6.0,7497.080990314484,0.0983
6.0,7498.087674379349,0.0983
6.0,7499.094255208969,0.0983
6.0,7501.102051496506,0.0983
6.0,7502.108900547028,0.0983
6.0,7503.115652322769,0.0983
6.0,7504.121965646744,0.0983
6.0,7505.138183116913,0.09399999999999999
6.0,7506.152941942215,0.0983
6.0,7507.159666061401,0.09399999999999999
6.0,7508.16641831398,0.0983
6.0,7509.173030376434,0.0983
6.0,7510.179925203323,0.0983
6.0,7511.180953979492,0.0983
6.0,7512.192745923996,0.0983
6.0,7513.199504852295,0.09399999999999999
6.0,7514.206283092499,0.09399999999999999
6.0,7515.212950468063,0.0983
6.0,7516.219678163528,0.0983
6.0,7517.234600543976,0.09399999999999999
6.0,7518.246394634247,0.09399999999999999
6.0,7519.258060216904,0.0983
6.0,7521.265981197357,0.09399999999999999
6.0,7522.272816419601,0.0983
6.0,7523.2797112464905,0.0983
6.0,7524.291527032852,0.09399999999999999
6.0,7525.303263902664,0.0983
6.0,7526.3100843429565,0.09399999999999999
6.0,7527.325038909912,0.09399999999999999
6.0,7528.336770534515,0.09399999999999999
6.0,7529.351581573486,0.09399999999999999
6.0,7530.367384195328,0.09399999999999999
6.0,7531.379190206528,0.09399999999999999
6.0,7532.385971546173,0.0983
6.0,7533.397862672806,0.09399999999999999
6.0,7534.404776334763,0.09399999999999999
6.0,7535.411397218704,0.09399999999999999
6.0,7536.418070077896,0.0983
6.0,7537.424693346024,0.09399999999999999
6.0,7538.436386346817,0.09399999999999999
6.0,7539.44842839241,0.09399999999999999
6.0,7541.460930347443,0.09399999999999999
6.0,7542.467713832855,0.09399999999999999
6.0,7543.474464416504,0.0983
6.0,7544.488942623138,0.0983
6.0,7545.495650053024,0.09399999999999999
6.0,7546.5101482868195,0.0983
6.0,7547.525000572205,0.09399999999999999
6.0,7548.540615320206,0.09399999999999999
6.0,7549.5553023815155,0.0983
6.0,7550.562195301056,0.09399999999999999
6.0,7551.568845033646,0.09399999999999999
6.0,7552.578514575958,0.09399999999999999
6.0,7553.584926366806,0.0983
6.0,7554.591591119766,0.09399999999999999
6.0,7555.5982093811035,0.09399999999999999
6.0,7556.610128164291,0.09389999999999998
6.0,7557.617050647736,0.0983
6.0,7558.628977537155,0.0983
6.0,7559.644804477692,0.09399999999999999
6.0,7561.6526210308075,0.0983
6.0,7562.664532423019,0.09389999999999998
6.0,7563.67138171196,0.09399999999999999
6.0,7564.678161859512,0.09399999999999999
6.0,7565.684955120087,0.09399999999999999
6.0,7566.691694021225,0.09399999999999999
6.0,7567.698468208313,0.09399999999999999
6.0,7568.712828159332,0.09399999999999999
6.0,7569.719557285309,0.09399999999999999
6.0,7570.730604887009,0.09399999999999999
6.0,7571.742515325546,0.09399999999999999
6.0,7572.748962402344,0.09399999999999999
6.0,7573.750541687012,0.09399999999999999
6.0,7574.762362718582,0.09399999999999999
6.0,7575.777059316635,0.0983
6.0,7576.783883094788,0.09399999999999999
6.0,7577.7998259067535,0.09399999999999999
6.0,7578.806469917297,0.09399999999999999
6.0,7579.813300848007,0.09399999999999999
6.0,7581.82094335556,0.09399999999999999
6.0,7582.832786798477,0.09399999999999999
6.0,7583.839476585388,0.09399999999999999
6.0,7584.84615945816,0.09399999999999999
6.0,7585.852869749069,0.09399999999999999
6.0,7586.859545707703,0.09399999999999999
6.0,7587.866333246231,0.09399999999999999
6.0,7588.8780517578125,0.09399999999999999
6.0,7589.8846690654755,0.09399999999999999
6.0,7590.891285657883,0.09399999999999999
6.0,7591.892892837524,0.09399999999999999
6.0,7592.90464425087,0.09399999999999999
6.0,7593.911487817764,0.09399999999999999
6.0,7594.91842007637,0.09399999999999999
6.0,7595.9301381111145,0.09399999999999999
6.0,7596.936985492706,0.09399999999999999
6.0,7597.943694829941,0.09399999999999999
6.0,7598.950396299362,0.09399999999999999
6.0,7599.956946372986,0.09399999999999999
6.0,7601.964747667313,0.09399999999999999
6.0,7602.97668671608,0.09399999999999999
6.0,7603.983608007431,0.09399999999999999
6.0,7604.995367765427,0.09399999999999999
6.0,7606.002023696899,0.09399999999999999
6.0,7607.0088312625885,0.09399999999999999
6.0,7608.010402441025,0.09399999999999999
6.0,7609.0222454071045,0.09399999999999999
6.0,7610.028939962387,0.09399999999999999
6.0,7611.0407292842865,0.09399999999999999
6.0,7612.047483921051,0.09399999999999999
6.0,7613.048956871033,0.09399999999999999
6.0,7614.06414437294,0.09399999999999999
6.0,7615.070870637894,0.09399999999999999
6.0,7616.077791929245,0.09399999999999999
6.0,7617.084616422653,0.09399999999999999
6.0,7618.091394662857,0.09399999999999999
6.0,7619.098046302795,0.09399999999999999
6.0,7620.104820728302,0.09399999999999999
6.0,7622.111792087555,0.09399999999999999
6.0,7623.127117395401,0.09399999999999999
6.0,7624.128671884537,0.09399999999999999
6.0,7625.143789291382,0.09399999999999999
6.0,7626.144927978516,0.09399999999999999
6.0,7627.156796693802,0.09399999999999999
6.0,7628.163605928421,0.09399999999999999
6.0,7629.170382976532,0.09399999999999999
6.0,7630.1769852638245,0.09399999999999999
6.0,7631.195836305618,0.09399999999999999
6.0,7632.202618122101,0.09399999999999999
6.0,7633.208975791931,0.09399999999999999
6.0,7634.220715045929,0.09399999999999999
6.0,7635.227516651154,0.09399999999999999
6.0,7636.234243154526,0.09399999999999999
6.0,7637.240951061249,0.09399999999999999
6.0,7638.247710943222,0.09399999999999999
6.0,7639.259425878525,0.09399999999999999
6.0,7640.26634478569,0.09399999999999999
6.0,7642.274133205414,0.09399999999999999
6.0,7643.280986070633,0.09399999999999999
6.0,7644.287670612335,0.09399999999999999
6.0,7645.294366836548,0.09399999999999999
6.0,7646.301110506058,0.09399999999999999
6.0,7647.31285071373,0.09399999999999999
6.0,7648.319608926773,0.09399999999999999
6.0,7649.326195478439,0.09399999999999999
6.0,7650.332885503769,0.09399999999999999
6.0,7651.339634656906,0.09399999999999999
6.0,7652.340937137604,0.09399999999999999
6.0,7653.347608089447,0.09399999999999999
6.0,7654.3542692661285,0.09399999999999999
6.0,7655.360954046249,0.09399999999999999
6.0,7656.3676743507385,0.09399999999999999
6.0,7657.379483222961,0.09399999999999999
6.0,7658.380776882172,0.09399999999999999
6.0,7659.391470193863,0.09399999999999999
6.0,7660.398245334625,0.09399999999999999
6.0,7662.411167621613,0.09399999999999999
6.0,7663.427124977112,0.09399999999999999
6.0,7664.434051275253,0.09399999999999999
6.0,7665.440921783447,0.09399999999999999
6.0,7666.4476454257965,0.09399999999999999
6.0,7667.454217433929,0.09399999999999999
6.0,7668.469014406204,0.09399999999999999
6.0,7669.483333349228,0.09399999999999999
6.0,7670.498008012772,0.09399999999999999
6.0,7671.504797697067,0.09399999999999999
6.0,7672.511608839035,0.09399999999999999
6.0,7673.518353939056,0.09399999999999999
6.0,7674.519912004471,0.09399999999999999
6.0,7675.526507139206,0.09399999999999999
6.0,7676.532923936844,0.09399999999999999
6.0,7677.561427593231,0.09399999999999999
6.0,7678.586912155151,0.09399999999999999
6.0,7679.593458652496,0.09399999999999999
6.0,7680.609287977219,0.09399999999999999
6.0,7682.635079622269,0.09399999999999999
6.0,7683.638491153717,0.09399999999999999
6.0,7684.640273094177,0.09399999999999999
6.0,7685.640797138214,0.09399999999999999
6.0,7686.642827987671,0.09399999999999999
6.0,7687.643796920776,0.09399999999999999
6.0,7688.6453359127045,0.09399999999999999
6.0,7689.646973371506,0.09399999999999999
6.0,7690.6483426094055,0.09399999999999999
6.0,7691.648991584778,0.09399999999999999
6.0,7692.650527477264,0.09399999999999999
6.0,7693.652281522751,0.09399999999999999
6.0,7694.652855634689,0.09399999999999999
6.0,7695.654375076294,0.09399999999999999
6.0,7696.6579167842865,0.09399999999999999
6.0,7697.661481142044,0.09399999999999999
6.0,7698.667402267456,0.09399999999999999
6.0,7699.668799877167,0.09399999999999999
6.0,7700.675322294235,0.09399999999999999
6.0,7702.682951927185,0.09399999999999999
6.0,7703.692794799805,0.09399999999999999
6.0,7704.699350118637,0.09399999999999999
6.0,7705.705988168716,0.09399999999999999
6.0,7706.712676286697,0.09399999999999999
6.0,7707.724684000015,0.09399999999999999
6.0,7708.73134636879,0.09399999999999999
6.0,7709.737052679062,0.09399999999999999
6.0,7710.7438151836395,0.09399999999999999
6.0,7711.755523920059,0.09399999999999999
6.0,7712.762406349182,0.09399999999999999
6.0,7713.768925189972,0.09399999999999999
6.0,7714.77561879158,0.09399999999999999
6.0,7715.79096698761,0.09399999999999999
6.0,7716.806760787964,0.09399999999999999
6.0,7717.820948600769,0.09399999999999999
6.0,7718.827805519104,0.09399999999999999
6.0,7719.8395392894745,0.09399999999999999
6.0,7720.846438884735,0.09399999999999999
6.0,7722.8540391922,0.09399999999999999
6.0,7723.860697031021,0.09399999999999999
6.0,7724.875869274139,0.09399999999999999
6.0,7725.8903794288635,0.09399999999999999
6.0,7726.896986484528,0.09399999999999999
6.0,7727.903767824173,0.09399999999999999
6.0,7728.9104199409485,0.09399999999999999
6.0,7729.916950941086,0.09399999999999999
6.0,7730.923652887344,0.09399999999999999
6.0,7731.930425167084,0.09399999999999999
6.0,7732.936982154846,0.09399999999999999
6.0,7733.943616628647,0.09399999999999999
6.0,7734.950290679932,0.09399999999999999
6.0,7735.956906318665,0.09399999999999999
6.0,7736.963602542877,0.09399999999999999
6.0,7737.964943885803,0.09399999999999999
6.0,7738.971727848053,0.09399999999999999
6.0,7739.978364944458,0.09399999999999999
6.0,7741.029689311981,0.09399999999999999
6.0,7743.0339415073395,0.09399999999999999
6.0,7744.055651187897,0.09399999999999999
6.0,7745.061280012131,0.09399999999999999
6.0,7746.0745277404785,0.09399999999999999
6.0,7747.076823949814,0.09399999999999999
6.0,7748.0784232616425,0.09399999999999999
6.0,7749.079854726791,0.09399999999999999
6.0,7750.081055164337,0.09399999999999999
6.0,7751.0825181007385,0.09399999999999999
6.0,7752.083318710327,0.09399999999999999
6.0,7753.084790945053,0.09399999999999999
6.0,7754.086356639862,0.09399999999999999
6.0,7755.087907075882,0.09399999999999999
6.0,7756.089194774628,0.09399999999999999
6.0,7757.091629743576,0.09399999999999999
6.0,7758.104056358337,0.09399999999999999
6.0,7759.10594367981,0.09399999999999999
6.0,7760.108990430832,0.09399999999999999
6.0,7761.110409259796,0.09399999999999999
6.0,7763.120835542679,0.09399999999999999
6.0,7764.127378463745,0.09399999999999999
6.0,7765.13392829895,0.09399999999999999
6.0,7766.14054441452,0.09399999999999999
6.0,7767.147334098816,0.09399999999999999
6.0,7768.148805141449,0.09399999999999999
6.0,7769.160952329636,0.09399999999999999
6.0,7770.16762304306,0.09399999999999999
6.0,7771.180684804916,0.09399999999999999
6.0,7772.187333583832,0.09399999999999999
6.0,7773.198134422302,0.09399999999999999
6.0,7774.208827257156,0.09399999999999999
6.0,7775.219188928604,0.09399999999999999
6.0,7776.225855112076,0.09399999999999999
6.0,7777.236780166626,0.09399999999999999
6.0,7778.243696451187,0.09399999999999999
6.0,7779.244930744171,0.0983
6.0,7780.251700878143,0.09399999999999999
6.0,7781.258550643921,0.09399999999999999
6.0,7783.266078710556,0.09399999999999999
6.0,7784.272918462753,0.0983
6.0,7785.287209033966,0.09399999999999999
6.0,7786.302243471146,0.09399999999999999
6.0,7787.314021587372,0.09399999999999999
6.0,7788.320804357529,0.09399999999999999
6.0,7789.336426496506,0.09399999999999999
6.0,7790.351227760315,0.09399999999999999
6.0,7791.369299411774,0.09399999999999999
6.0,7792.375739097595,0.09399999999999999
6.0,7793.390799045563,0.09399999999999999
6.0,7794.402644395828,0.09399999999999999
6.0,7795.408931732178,0.0983
6.0,7796.415645599365,0.09399999999999999
6.0,7797.422384262085,0.0983
6.0,7798.43695473671,0.09399999999999999
6.0,7799.448934555054,0.09399999999999999
6.0,7800.455218553543,0.09399999999999999
6.0,7801.470664024353,0.09399999999999999
6.0,7803.47803735733,0.09399999999999999
6.0,7804.484701871872,0.09399999999999999
6.0,7805.491485118866,0.09399999999999999
6.0,7806.498143196106,0.09399999999999999
6.0,7807.508962631226,0.09399999999999999
6.0,7808.515838384628,0.0983
6.0,7809.522632598877,0.0983
6.0,7810.534359455109,0.09399999999999999
6.0,7811.540932178497,0.0983
6.0,7812.552777051926,0.09399999999999999
6.0,7813.559447526932,0.09399999999999999
6.0,7814.560930013657,0.09399999999999999
6.0,7815.57269859314,0.09399999999999999
6.0,7816.579343080521,0.0983
6.0,7817.585985422134,0.09399999999999999
6.0,7818.587651729584,0.09399999999999999
6.0,7819.602727890015,0.0983
6.0,7820.61448264122,0.09399999999999999
6.0,7821.620828866959,0.0983
6.0,7823.62855553627,0.09399999999999999
6.0,7824.644952058792,0.09399999999999999
6.0,7825.6603899002075,0.09399999999999999
6.0,7826.671404838562,0.09399999999999999
6.0,7827.678075790405,0.09399999999999999
6.0,7828.679639339447,0.09399999999999999
6.0,7829.686271190643,0.09399999999999999
6.0,7830.69291305542,0.09399999999999999
6.0,7831.707362413406,0.09399999999999999
6.0,7832.719111442566,0.09399999999999999
6.0,7833.730800628662,0.09399999999999999
6.0,7834.736911535263,0.09399999999999999
6.0,7835.748646259308,0.09399999999999999
6.0,7836.75529384613,0.09399999999999999
6.0,7837.772262096405,0.09399999999999999
6.0,7838.778948068619,0.09399999999999999
6.0,7839.784917354584,0.0983
6.0,7840.796705245972,0.09399999999999999
6.0,7841.803451061249,0.09399999999999999
6.0,7843.811251163483,0.09399999999999999
6.0,7844.822999715805,0.09399999999999999
6.0,7845.824504137039,0.09399999999999999
6.0,7846.836246967316,0.09399999999999999
6.0,7847.842981338501,0.09399999999999999
6.0,7848.849066495895,0.09399999999999999
6.0,7849.860834598541,0.09399999999999999
6.0,7850.867629289627,0.09399999999999999
6.0,7851.874371767044,0.09399999999999999
6.0,7852.886243581772,0.09399999999999999
6.0,7853.893001794815,0.09399999999999999
6.0,7854.904863834381,0.09399999999999999
6.0,7855.91161942482,0.09399999999999999
6.0,7856.9183576107025,0.09399999999999999
6.0,7857.924889087677,0.09399999999999999
6.0,7858.926432847977,0.09399999999999999
6.0,7859.932955980301,0.09399999999999999
6.0,7860.93975687027,0.09399999999999999
6.0,7861.9465346336365,0.09399999999999999
6.0,7863.954023361206,0.09399999999999999
6.0,7864.968926668167,0.09399999999999999
6.0,7865.975795269012,0.09399999999999999
6.0,7866.987637519836,0.09399999999999999
6.0,7867.999546527863,0.09399999999999999
6.0,7869.006316184998,0.09399999999999999
6.0,7870.012957334518,0.09399999999999999
6.0,7871.019736528397,0.09399999999999999
6.0,7872.0369238853455,0.09399999999999999
6.0,7873.043683290482,0.09399999999999999
6.0,7874.044957876205,0.09399999999999999
6.0,7875.05176281929,0.09399999999999999
6.0,7876.063506603241,0.09399999999999999
6.0,7877.070219039917,0.09399999999999999
6.0,7878.076930761337,0.09399999999999999
6.0,7879.08869767189,0.09399999999999999
6.0,7880.095508575439,0.09399999999999999
6.0,7881.102136135101,0.09399999999999999
6.0,7882.10897731781,0.09399999999999999
6.0,7884.11679315567,0.09399999999999999
6.0,7885.128645658493,0.09399999999999999
6.0,7886.13542842865,0.09399999999999999
6.0,7887.142199754715,0.09399999999999999
6.0,7888.148890733719,0.09399999999999999
6.0,7889.155263900757,0.09399999999999999
6.0,7890.161921262741,0.09399999999999999
6.0,7891.168740034103,0.09389999999999998
6.0,7892.175549983978,0.09399999999999999
6.0,7893.182476043701,0.09399999999999999
6.0,7894.194304227829,0.09399999999999999
6.0,7895.200955629349,0.09399999999999999
6.0,7896.20766544342,0.09399999999999999
6.0,7897.219472169876,0.09399999999999999
6.0,7898.220936536789,0.09399999999999999
6.0,7899.232828140259,0.09399999999999999
6.0,7900.244621753693,0.09399999999999999
6.0,7901.260434627533,0.09399999999999999
6.0,7902.2672073841095,0.09399999999999999
4.0,7904.274614334106,0.09399999999999999
4.0,7905.280968666077,0.09399999999999999
4.0,7906.287806749344,0.09399999999999999
4.0,7907.294523000717,0.09399999999999999
4.0,7908.3009440898895,0.09399999999999999
4.0,7909.307686328888,0.09399999999999999
4.0,7910.308927774429,0.09399999999999999
4.0,7911.32077050209,0.09399999999999999
4.0,7912.332617998123,0.09399999999999999
4.0,7913.34442615509,0.09399999999999999
4.0,7914.356197118759,0.09399999999999999
4.0,7915.356902360916,0.09399999999999999
4.0,7916.363548278809,0.09319999999999999
4.0,7917.375474452972,0.09319999999999999
4.0,7918.376938819885,0.08789999999999999
4.0,7919.378548622131,0.0923
4.0,7920.380104541779,0.09149999999999998
4.0,7921.380974292755,0.0957
4.0,7922.392728567123,0.0904
4.0,7924.4005818367,0.09489999999999998
4.0,7925.407279253006,0.0904
4.0,7926.408861875534,0.0904
4.0,7927.415590047836,0.0904
4.0,7928.417009115219,0.0904
4.0,7929.423692703247,0.0904
4.0,7930.435392856598,0.0904
4.0,7931.442123889923,0.0904
4.0,7932.452925205231,0.0904
4.0,7933.459630012512,0.0904
4.0,7934.466286420822,0.09059999999999999
4.0,7935.480915546417,0.09399999999999999
4.0,7936.48765707016,0.0896
4.0,7937.499397754669,0.0887
4.0,7938.506110191345,0.0887
4.0,7939.512887716293,0.08809999999999998
4.0,7940.519659280777,0.0923
4.0,7941.526427268982,0.0828
4.0,7942.532910585403,0.09149999999999998
4.0,7944.540697336197,0.087
4.0,7945.552458524704,0.0828
4.0,7946.564199209213,0.0828
4.0,7947.576042175293,0.0828
4.0,7948.5828149318695,0.0828
4.0,7949.588920354843,0.0836
4.0,7950.595556974411,0.0828
4.0,7951.610889196396,0.0836
4.0,7952.617034435272,0.0836
4.0,7953.62889289856,0.0828
4.0,7954.640712976456,0.0836
4.0,7955.655574798584,0.0904
4.0,7956.667521238327,0.08199999999999999
4.0,7957.6742396354675,0.0896
4.0,7958.688993692398,0.08109999999999999
4.0,7959.6958796978,0.0803
4.0,7960.707841396332,0.0803
4.0,7961.7194991111755,0.0803
4.0,7962.731194734573,0.08789999999999999
4.0,7964.747164011002,0.0836
4.0,7965.7621212005615,0.0794
4.0,7966.776875257492,0.0828
4.0,7967.803051233292,0.0828
4.0,7968.827798604965,0.0828
4.0,7969.829582929611,0.0828
4.0,7970.834065914154,0.0828
4.0,7971.839750051498,0.0828
4.0,7972.842637300491,0.0828
4.0,7973.855367422104,0.0828
4.0,7974.860528707504,0.0828
4.0,7975.87664437294,0.087
4.0,7976.878276586533,0.0786
4.0,7977.879774093628,0.08199999999999999
4.0,7978.881295204163,0.08199999999999999
4.0,7979.894922733307,0.07769999999999999
4.0,7980.896952152252,0.08109999999999999
4.0,7981.898321151733,0.08109999999999999
4.0,7982.899815797806,0.076
4.0,7984.901953458786,0.0803
4.0,7985.903400659561,0.0803
4.0,7986.904850721359,0.0803
4.0,7987.906852722168,0.0803
4.0,7988.908316850662,0.0803
4.0,7989.910084486008,0.0803
4.0,7990.911779880524,0.0803
4.0,7991.913284778595,0.0803
4.0,7992.915255784988,0.076
4.0,7993.9181616306305,0.076
4.0,7994.92151093483,0.0794
4.0,7995.926642417908,0.0794
4.0,7996.9282484054565,0.07499999999999998
4.0,7997.9299573898315,0.0828
4.0,7998.957668304443,0.0786
4.0,7999.964093446732,0.0743
4.0,8000.967168092728,0.07769999999999999
4.0,8002.989856481552,0.07769999999999999
4.0,8003.997340917587,0.07769999999999999
4.0,8005.00722694397,0.0735
4.0,8006.01624083519,0.0735
4.0,8007.017869949341,0.0735
4.0,8008.019416809082,0.0735
4.0,8009.021193027496,0.0735
4.0,8010.024214982986,0.0735
4.0,8011.034432411194,0.0735
4.0,8012.036153078079,0.0735
4.0,8013.036917448044,0.0735
4.0,8014.043007612228,0.0769
4.0,8015.053062915802,0.0769
4.0,8016.056939125061,0.07239999999999999
4.0,8017.058436870575,0.076
4.0,8018.068236351013,0.076
4.0,8019.078272104263,0.07159999999999998
4.0,8020.088217973709,0.0752
4.0,8021.088976144791,0.0752
4.0,8023.096934080124,0.07089999999999998
4.0,8024.103760480881,0.06989999999999999
4.0,8025.110426664352,0.06989999999999999
4.0,8026.111938238144,0.06999999999999998
4.0,8027.118503570557,0.0743
4.0,8028.130357980728,0.06989999999999999
4.0,8029.136911392212,0.06989999999999999
4.0,8030.14358997345,0.0743
4.0,8031.150299072266,0.06999999999999998
4.0,8032.164988994598,0.0743
4.0,8033.171628952026,0.0786
4.0,8034.183521986008,0.07409999999999999
4.0,8035.199460506439,0.06989999999999999
4.0,8036.205936908722,0.0735
4.0,8037.220770120621,0.0735
4.0,8038.235060453415,0.0735
4.0,8039.246686935425,0.06819999999999998
4.0,8040.253090143204,0.0726
4.0,8042.260978460312,0.0726
4.0,8043.26770234108,0.06819999999999998
4.0,8044.273908376694,0.06819999999999998
4.0,8045.280737161636,0.06819999999999998
4.0,8046.2874920368195,0.06819999999999998
4.0,8047.302923440933,0.06819999999999998
4.0,8048.3170557022095,0.06819999999999998
4.0,8049.323797225952,0.06819999999999998
4.0,8050.330483198166,0.06819999999999998
4.0,8051.3369834423065,0.06819999999999998
4.0,8052.343693256378,0.06389999999999998
4.0,8053.350549697876,0.06729999999999998
4.0,8054.36620092392,0.07169999999999999
4.0,8055.384837150574,0.06729999999999998
4.0,8056.391563415527,0.06649999999999999
4.0,8057.398298740387,0.07089999999999998
4.0,8058.404973745346,0.07069999999999999
4.0,8059.411637544632,0.06649999999999999
4.0,8060.418464899063,0.06559999999999999
4.0,8062.431335926056,0.06999999999999998
4.0,8063.438032865524,0.06999999999999998
4.0,8064.4447593688965,0.06999999999999998
4.0,8065.451465845108,0.06999999999999998
4.0,8066.458210229874,0.06989999999999999
4.0,8067.470008850098,0.06989999999999999
4.0,8068.480950593948,0.06989999999999999
4.0,8069.487701654434,0.06989999999999999
4.0,8070.494498729706,0.06999999999999998
4.0,8071.500957965851,0.06999999999999998
4.0,8072.507736206055,0.06999999999999998
4.0,8073.514528989792,0.06559999999999999
4.0,8074.520908117294,0.06479999999999998
4.0,8075.527654886246,0.06899999999999999
4.0,8076.534264802933,0.06899999999999999
4.0,8077.540948629379,0.06479999999999998
4.0,8078.5425391197205,0.06389999999999998
4.0,8079.544137001038,0.06819999999999998
4.0,8080.544914960861,0.06819999999999998
4.0,8082.547612190247,0.06389999999999998
4.0,8083.554406404495,0.06389999999999998
4.0,8084.566137075424,0.06389999999999998
4.0,8085.580988645554,0.06389999999999998
4.0,8086.592619180679,0.05969999999999999
4.0,8087.599301099777,0.05969999999999999
4.0,8088.6060400009155,0.06389999999999998
4.0,8089.617060184479,0.05969999999999999
4.0,8090.634584903717,0.05969999999999999
4.0,8091.649977445602,0.06309999999999999
4.0,8092.665024518967,0.06309999999999999
4.0,8093.676961183548,0.06729999999999998
4.0,8094.683858394623,0.06309999999999999
4.0,8095.700071573257,0.06309999999999999
4.0,8096.711893796921,0.06219999999999999
4.0,8097.718660593033,0.06649999999999999
4.0,8098.7249348163605,0.06649999999999999
4.0,8100.736988782883,0.06219999999999999
4.0,8101.743779659271,0.061399999999999996
4.0,8102.750492095947,0.061399999999999996
4.0,8103.7622423172,0.061399999999999996
4.0,8104.769030094147,0.057999999999999996
4.0,8105.780846357346,0.061399999999999996
4.0,8106.787747144699,0.061399999999999996
4.0,8107.79970574379,0.061399999999999996
4.0,8108.801083564758,0.061399999999999996
4.0,8109.802917003632,0.061399999999999996
4.0,8110.820247888565,0.061399999999999996
4.0,8111.831974506378,0.06559999999999999
4.0,8112.838712215424,0.06559999999999999
4.0,8113.8449721336365,0.06559999999999999
4.0,8114.851819515228,0.061399999999999996
4.0,8115.858453512192,0.06479999999999998
4.0,8116.864959478378,0.06479999999999998
4.0,8117.871830463409,0.06479999999999998
4.0,8118.88347029686,0.06479999999999998
4.0,8120.8963487148285,0.0605
4.0,8121.902741909027,0.0605
4.0,8122.9089369773865,0.05969999999999999
4.0,8123.9152002334595,0.05629999999999999
4.0,8124.921002149582,0.05969999999999999
4.0,8125.932950258255,0.05969999999999999
4.0,8126.939718008041,0.05969999999999999
4.0,8127.9465119838715,0.05969999999999999
4.0,8128.952940940857,0.05969999999999999
4.0,8129.964700937271,0.05969999999999999
4.0,8130.979981184006,0.05969999999999999
4.0,8131.995579481125,0.06389999999999998
4.0,8133.002221822739,0.06389999999999998
4.0,8134.003786325455,0.06389999999999998
4.0,8135.015561103821,0.05969999999999999
4.0,8136.022337436676,0.05879999999999999
4.0,8137.023891687393,0.05879999999999999
4.0,8138.02494931221,0.06309999999999999
4.0,8139.0317413806915,0.06309999999999999
4.0,8141.039534568787,0.05879999999999999
4.0,8142.0462963581085,0.05879999999999999
4.0,8143.053005456924,0.054599999999999996
4.0,8144.0597150325775,0.054599999999999996
4.0,8145.0609221458435,0.057999999999999996
4.0,8146.072680473328,0.057999999999999996
4.0,8147.079396724701,0.054400000000000004
4.0,8148.080940246582,0.054599999999999996
4.0,8149.087644338608,0.057999999999999996
4.0,8150.094405889511,0.057999999999999996
4.0,8151.101006269455,0.057999999999999996
4.0,8152.107670545578,0.057999999999999996
4.0,8153.114372014999,0.06219999999999999
4.0,8154.121017694473,0.06219999999999999
4.0,8155.13555765152,0.057999999999999996
4.0,8156.150511980057,0.057999999999999996
4.0,8157.162352800369,0.061399999999999996
4.0,8158.1691036224365,0.061399999999999996
4.0,8159.175824403763,0.061399999999999996
4.0,8161.18368601799,0.061399999999999996
4.0,8162.195513010025,0.061399999999999996
4.0,8163.2187123298645,0.061399999999999996
4.0,8164.24432182312,0.061399999999999996
4.0,8165.251435518265,0.061399999999999996
4.0,8166.267985343933,0.0571
4.0,8167.299166202545,0.061399999999999996
4.0,8168.302921295166,0.0571
4.0,8169.304797887802,0.061399999999999996
4.0,8170.306225299835,0.0571
4.0,8171.308156013489,0.0571
4.0,8172.310048341751,0.0571
4.0,8173.3115491867065,0.0605
4.0,8174.312968254089,0.06479999999999998
4.0,8175.314793586731,0.0605
4.0,8176.316470623016,0.0605
4.0,8177.317977428436,0.05629999999999999
4.0,8178.319905996323,0.05539999999999999
4.0,8179.3209319114685,0.05539999999999999
4.0,8181.324020147324,0.05969999999999999
4.0,8182.324820756912,0.05969999999999999
4.0,8183.327173709869,0.05969999999999999
4.0,8184.336949586868,0.05969999999999999
4.0,8185.338543891907,0.05969999999999999
4.0,8186.3480541706085,0.05969999999999999
4.0,8187.357959032059,0.05969999999999999
4.0,8188.367719173431,0.05969999999999999
4.0,8189.379728078842,0.05969999999999999
4.0,8190.3865394592285,0.05969999999999999
4.0,8191.398489713669,0.05969999999999999
4.0,8192.410200595856,0.05969999999999999
4.0,8193.416909217834,0.05539999999999999
4.0,8194.423636436462,0.054599999999999996
4.0,8195.430431365967,0.05879999999999999
4.0,8196.432004213333,0.05879999999999999
4.0,8197.4438290596,0.05879999999999999
4.0,8199.45673084259,0.05879999999999999
4.0,8200.474431753159,0.054599999999999996
4.0,8201.481014490128,0.05879999999999999
4.0,8202.487790584564,0.054599999999999996
4.0,8203.494441747665,0.054599999999999996
4.0,8204.500941514969,0.05879999999999999
4.0,8205.507593154907,0.054599999999999996
4.0,8206.514548778534,0.054599999999999996
4.0,8207.530406236649,0.054599999999999996
4.0,8208.557656764984,0.054599999999999996
4.0,8209.58376789093,0.05879999999999999
4.0,8210.600257873535,0.054599999999999996
4.0,8211.606089353561,0.050299999999999984
4.0,8212.609788894653,0.04930000000000001
4.0,8213.620124340057,0.057999999999999996
4.0,8214.622034549713,0.057999999999999996
4.0,8215.624093294144,0.057999999999999996
4.0,8216.626011371613,0.053599999999999995
4.0,8217.627506017685,0.0537
4.0,8219.630336999893,0.0529
4.0,8220.63184928894,0.0571
4.0,8221.63409113884,0.0571
4.0,8222.63558268547,0.0571
4.0,8223.636853456497,0.0571
4.0,8224.638323068619,0.0571
4.0,8225.640014886856,0.061399999999999996
4.0,8226.641510486603,0.0529
4.0,8227.647024869919,0.0571
4.0,8228.64958524704,0.061399999999999996
4.0,8229.651149749756,0.061399999999999996
4.0,8230.65308713913,0.0571
4.0,8231.654926300049,0.0571
4.0,8232.656332492828,0.0571
4.0,8233.657856941223,0.0571
4.0,8234.659594774246,0.0529
4.0,8235.661046028137,0.05629999999999999
4.0,8237.671267032623,0.05629999999999999
4.0,8238.675130605698,0.05629999999999999
4.0,8239.676844835281,0.0519
4.0,8240.680657148361,0.05629999999999999
4.0,8241.684115409851,0.05629999999999999
4.0,8242.696550130844,0.05629999999999999
4.0,8243.7066488266,0.0519
4.0,8244.712968111038,0.05629999999999999
4.0,8245.719404935837,0.05629999999999999
4.0,8246.720952510834,0.05629999999999999
4.0,8247.732752084732,0.0605
4.0,8248.739508628845,0.05629999999999999
4.0,8249.746288776398,0.05629999999999999
4.0,8250.753060340881,0.05629999999999999
4.0,8251.764811754227,0.05629999999999999
4.0,8252.771506786346,0.0519
4.0,8253.777608394623,0.0476
4.0,8254.792333841324,0.05099999999999999
4.0,8256.800281524658,0.051199999999999996
4.0,8257.812058210373,0.05099999999999999
4.0,8258.824804782867,0.05539999999999999
4.0,8259.831679821014,0.05099999999999999
4.0,8260.843508720398,0.0553
4.0,8261.849501371384,0.05539999999999999
4.0,8262.85624051094,0.05099999999999999
4.0,8263.862880706787,0.05539999999999999
4.0,8264.868963718414,0.0553
4.0,8265.875759124756,0.05539999999999999
4.0,8266.877261161804,0.05539999999999999
4.0,8267.883977890015,0.05539999999999999
4.0,8268.890671014786,0.0553
4.0,8269.896951436996,0.05539999999999999
4.0,8270.903687000275,0.05539999999999999
4.0,8271.910302400589,0.05539999999999999
4.0,8272.916937112808,0.051199999999999996
4.0,8273.923561573029,0.04680000000000001
4.0,8274.930264949799,0.050299999999999984
4.0,8276.938072443008,0.054599999999999996
4.0,8277.94488286972,0.054599999999999996
4.0,8278.951604604721,0.054599999999999996
4.0,8279.963324069977,0.050199999999999995
4.0,8280.978240251541,0.054599999999999996
4.0,8281.993718147278,0.054599999999999996
4.0,8283.000425815582,0.054599999999999996
4.0,8284.00712776184,0.054599999999999996
4.0,8285.012956142426,0.054599999999999996
4.0,8286.019671916962,0.054599999999999996
4.0,8287.02639746666,0.054599999999999996
4.0,8288.032967567444,0.054599999999999996
4.0,8289.044953346252,0.054599999999999996
4.0,8290.05141210556,0.054599999999999996
4.0,8291.058077096939,0.054599999999999996
4.0,8292.065016031265,0.04930000000000001
4.0,8293.076112270355,0.050199999999999995
4.0,8294.08782172203,0.045899999999999996
4.0,8295.103008031845,0.04930000000000001
4.0,8297.115847587585,0.0537
4.0,8298.116981983185,0.04930000000000001
4.0,8299.13291811943,0.04930000000000001
4.0,8300.14748430252,0.0537
4.0,8301.162999629974,0.0537
4.0,8302.174654245377,0.04930000000000001
4.0,8303.180970191956,0.0537
4.0,8304.187756538391,0.04930000000000001
4.0,8305.199475288391,0.04930000000000001
4.0,8306.206414699554,0.053599999999999995
4.0,8307.218160867691,0.04949999999999999
4.0,8308.224863529205,0.053599999999999995
4.0,8309.23662352562,0.0537
4.0,8310.248436450958,0.053599999999999995
4.0,8311.25519156456,0.0537
4.0,8312.261977672577,0.0537
4.0,8313.268813610077,0.0537
4.0,8314.275554895401,0.04930000000000001
4.0,8315.287266016006,0.04930000000000001
4.0,8317.295067548752,0.04930000000000001
4.0,8318.30678486824,0.04930000000000001
4.0,8319.322183132172,0.04930000000000001
4.0,8320.332923173904,0.04849999999999999
4.0,8321.344888448715,0.04930000000000001
4.0,8322.351778030396,0.04849999999999999
4.0,8323.363575220108,0.04849999999999999
4.0,8324.375467300415,0.04849999999999999
4.0,8325.382360219955,0.04930000000000001
4.0,8326.388904809952,0.0451
4.0,8327.400621175766,0.04849999999999999
4.0,8328.407418489456,0.04849999999999999
4.0,8329.419295310974,0.048099999999999976
4.0,8330.426013946533,0.0529
4.0,8331.432169675827,0.0571
4.0,8332.444016456604,0.0571
4.0,8333.455750226974,0.0571
4.0,8334.467468976974,0.0529
4.0,8335.479268789291,0.0529
4.0,8337.487176895142,0.0529
4.0,8338.493978738785,0.0529
4.0,8339.500626564026,0.0529
4.0,8340.507281780243,0.0529
4.0,8341.513972997665,0.0527
4.0,8342.51570224762,0.0529
4.0,8343.522359371185,0.0527
4.0,8344.528949975967,0.0529
4.0,8345.535774707794,0.0529
4.0,8346.536969661713,0.0527
4.0,8347.543777942657,0.0527
4.0,8348.555623054504,0.0529
4.0,8349.575976848602,0.048099999999999976
4.0,8350.599086999893,0.04849999999999999
4.0,8351.617225170135,0.048099999999999976
4.0,8352.638135910034,0.0476
4.0,8353.640915870667,0.0476
4.0,8354.642847299576,0.0519
4.0,8355.644290924072,0.05199999999999999
4.0,8357.64649772644,0.05629999999999999
4.0,8358.648014068604,0.0519
4.0,8359.64882683754,0.0519
4.0,8360.651197910309,0.05199999999999999
4.0,8361.652871847153,0.0519
4.0,8362.654444932938,0.0519
4.0,8363.656000375748,0.0519
4.0,8364.656908750534,0.046599999999999975
4.0,8365.658436059952,0.0519
4.0,8366.660071611404,0.0519
4.0,8367.661013841629,0.0519
4.0,8368.662939548492,0.0519
4.0,8369.664484500885,0.0519
4.0,8370.666157245636,0.0519
4.0,8371.666787862778,0.0519
4.0,8372.668416261673,0.0476
4.0,8373.669886350632,0.0476
4.0,8375.67321896553,0.0476
4.0,8376.67485666275,0.0476
4.0,8377.67684841156,0.0471
4.0,8378.677512168884,0.04680000000000001
4.0,8379.681020021439,0.04680000000000001
4.0,8380.683035373688,0.04680000000000001
4.0,8381.68520951271,0.046599999999999975
4.0,8382.687001228333,0.043399999999999994
4.0,8383.688398122787,0.04680000000000001
4.0,8384.689887523651,0.0519
4.0,8385.691356658936,0.0476
4.0,8386.692813396454,0.0476
4.0,8387.694207191467,0.0476
4.0,8388.695682287216,0.04680000000000001
4.0,8389.69704246521,0.05099999999999999
4.0,8390.699088335037,0.05099999999999999
4.0,8391.700906515121,0.05099999999999999
4.0,8393.70417380333,0.05099999999999999
4.0,8394.705330133438,0.051199999999999996
4.0,8395.70727801323,0.05099999999999999
4.0,8396.70919919014,0.05099999999999999
4.0,8397.710726499557,0.05099999999999999
4.0,8398.712669610977,0.05099999999999999
4.0,8399.716108322144,0.05099999999999999
4.0,8400.71739077568,0.05099999999999999
4.0,8401.721301317215,0.05099999999999999
4.0,8402.722718954086,0.051199999999999996
4.0,8403.724476337433,0.05099999999999999
4.0,8404.726385593414,0.05099999999999999
4.0,8405.732870578766,0.05099999999999999
4.0,8406.743358135223,0.05099999999999999
4.0,8407.744935750961,0.05099999999999999
4.0,8408.74650478363,0.05099999999999999
4.0,8409.752799272537,0.05099999999999999
4.0,8411.760726690292,0.04680000000000001
4.0,8412.767358541489,0.050799999999999984
4.0,8413.77914071083,0.04680000000000001
4.0,8414.791520118713,0.04680000000000001
4.0,8415.798293113708,0.04680000000000001
4.0,8416.810046195984,0.046599999999999975
4.0,8417.816841125488,0.03829999999999997
4.0,8418.823570251465,0.04680000000000001
4.0,8419.830226421356,0.04680000000000001
4.0,8420.836876153946,0.03829999999999997
4.0,8421.84380531311,0.04680000000000001
4.0,8422.850574016571,0.045899999999999996
4.0,8423.856954574585,0.04680000000000001
4.0,8424.863062620163,0.04680000000000001
4.0,8425.876942873001,0.045899999999999996
4.0,8426.891389846802,0.045899999999999996
4.0,8427.904958486557,0.045899999999999996
4.0,8428.920214176178,0.045899999999999996
4.0,8429.932046175003,0.050199999999999995
4.0,8431.948180437088,0.04930000000000001
4.0,8432.964660406113,0.04949999999999999
4.0,8433.971379518509,0.050199999999999995
4.0,8434.97821354866,0.050299999999999984
4.0,8435.993052244186,0.050199999999999995
4.0,8436.999839782715,0.050199999999999995
4.0,8438.006583929062,0.050199999999999995
4.0,8439.012909650803,0.045899999999999996
4.0,8440.019581317902,0.050199999999999995
4.0,8441.034120082855,0.050299999999999984
4.0,8442.045067548752,0.050199999999999995
4.0,8443.056785345078,0.04930000000000001
4.0,8444.071897506714,0.050299999999999984
4.0,8445.084964990616,0.04930000000000001
4.0,8446.096755027771,0.050299999999999984
4.0,8447.108459472656,0.04930000000000001
4.0,8448.115041255951,0.050199999999999995
4.0,8449.124964237213,0.045899999999999996
4.0,8450.136621713638,0.050199999999999995
4.0,8452.148859500885,0.04930000000000001
4.0,8453.15999341011,0.04949999999999999
4.0,8454.16676235199,0.050199999999999995
4.0,8455.173037052155,0.045899999999999996
4.0,8456.203829526901,0.050199999999999995
4.0,8457.212853431702,0.050299999999999984
4.0,8458.23459148407,0.045899999999999996
4.0,8459.251628398895,0.050299999999999984
4.0,8460.254591226578,0.050199999999999995
4.0,8461.257539510727,0.045899999999999996
4.0,8462.271670341492,0.050199999999999995
4.0,8463.273584127426,0.04930000000000001
4.0,8464.276464939117,0.050199999999999995
4.0,8465.277923107147,0.03739999999999999
4.0,8466.282614469528,0.045899999999999996
4.0,8467.284040212631,0.045899999999999996
4.0,8468.28541469574,0.045899999999999996
4.0,8469.286943912506,0.045899999999999996
4.0,8470.288365602493,0.0451
4.0,8472.292146205902,0.0451
4.0,8473.292950630188,0.04930000000000001
4.0,8474.295074939728,0.0451
4.0,8475.297109365463,0.0451
4.0,8476.298470258713,0.04930000000000001
4.0,8477.300062179565,0.0451
4.0,8478.302210330963,0.0451
4.0,8479.303730726242,0.04930000000000001
4.0,8480.304884672165,0.0451
4.0,8481.306516170502,0.0451
4.0,8482.308005571365,0.0451
4.0,8483.31148815155,0.0451
4.0,8484.315513372421,0.0451
4.0,8485.317962646484,0.0451
4.0,8486.319484233856,0.04930000000000001
4.0,8487.3209836483,0.04930000000000001
4.0,8488.327843904495,0.04930000000000001
4.0,8490.329953670502,0.04930000000000001
4.0,8491.340826034546,0.04930000000000001
4.0,8492.350237369537,0.04930000000000001
4.0,8493.360263109207,0.04930000000000001
4.0,8494.361003637314,0.04930000000000001
4.0,8495.372931480408,0.04930000000000001
4.0,8496.379678964615,0.04930000000000001
4.0,8497.38091301918,0.04930000000000001
4.0,8498.38249874115,0.04930000000000001
4.0,8499.394238471985,0.04930000000000001
4.0,8500.400965929031,0.04930000000000001
4.0,8501.402530670166,0.04930000000000001
4.0,8502.409318208694,0.04930000000000001
4.0,8503.410872459412,0.04930000000000001
4.0,8504.417022705078,0.04930000000000001
4.0,8505.42376255989,0.04930000000000001
4.0,8506.439665794373,0.04930000000000001
4.0,8507.446410894394,0.0451
4.0,8508.452938318253,0.0451
4.0,8510.461052417755,0.0451
4.0,8511.467565774918,0.0451
4.0,8512.479370355606,0.0451
4.0,8513.491320610046,0.04930000000000001
4.0,8514.506734848022,0.0451
4.0,8515.513381004333,0.0451
4.0,8516.520104408264,0.04930000000000001
4.0,8517.52679681778,0.0451
4.0,8518.532934427261,0.0451
4.0,8519.539681196213,0.04930000000000001
4.0,8520.5463950634,0.04930000000000001
4.0,8521.560985326767,0.04930000000000001
4.0,8522.576738595963,0.0451
4.0,8523.583570957184,0.0451
4.0,8524.595474004745,0.0451
4.0,8525.607285499573,0.0451
4.0,8526.623696565628,0.0451
4.0,8527.63918375969,0.0451
4.0,8528.644935846329,0.0451
4.0,8530.652656793594,0.04419999999999999
4.0,8531.65936088562,0.04419999999999999
4.0,8532.666145086288,0.04849999999999999
4.0,8533.672975301743,0.04849999999999999
4.0,8534.679568767548,0.04419999999999999
4.0,8535.686272621155,0.04419999999999999
4.0,8536.693034648895,0.04849999999999999
4.0,8537.699756145477,0.04419999999999999
4.0,8538.711667776108,0.04419999999999999
4.0,8539.723350286484,0.04849999999999999
4.0,8540.730257034302,0.04419999999999999
4.0,8541.737117528915,0.04849999999999999
4.0,8542.744008302689,0.04829999999999998
4.0,8543.76067686081,0.04849999999999999
4.0,8544.772589683533,0.04829999999999998
4.0,8545.779416799545,0.04849999999999999
4.0,8546.792985200882,0.048099999999999976
4.0,8547.79471898079,0.04849999999999999
4.0,8548.810234069824,0.04829999999999998
4.0,8550.818156003952,0.04849999999999999
4.0,8551.83292722702,0.04849999999999999
4.0,8552.839680671692,0.04849999999999999
4.0,8553.840972423553,0.04849999999999999
4.0,8554.847723960876,0.04849999999999999
4.0,8555.854392051697,0.04849999999999999
4.0,8556.860977649689,0.04849999999999999
4.0,8557.8727581501,0.04849999999999999
4.0,8558.879518985748,0.04849999999999999
4.0,8559.88624548912,0.04849999999999999
4.0,8560.89301776886,0.04849999999999999
4.0,8561.899738311768,0.04849999999999999
4.0,8562.911502122879,0.04829999999999998
4.0,8563.918241024017,0.04849999999999999
4.0,8564.924937963486,0.048099999999999976
4.0,8565.93167757988,0.04849999999999999
4.0,8566.93835735321,0.0479
4.0,8567.944920063019,0.04849999999999999
4.0,8568.951615095139,0.048099999999999976
4.0,8570.959388494492,0.04849999999999999
4.0,8571.971149206161,0.04849999999999999
4.0,8572.97693991661,0.04849999999999999
4.0,8573.983786821365,0.04849999999999999
4.0,8574.99553513527,0.048600000000000004
4.0,8576.007284164429,0.04849999999999999
4.0,8577.014000415802,0.04849999999999999
4.0,8578.020764827728,0.04849999999999999
4.0,8579.027522802353,0.04849999999999999
4.0,8580.039381027222,0.04849999999999999
4.0,8581.046215772629,0.04849999999999999
4.0,8582.052946090698,0.04849999999999999
4.0,8583.064776182175,0.04829999999999998
4.0,8584.106163978577,0.04849999999999999
4.0,8585.111845731735,0.04829999999999998
4.0,8586.12843298912,0.04849999999999999
4.0,8587.133912324905,0.04419999999999999
4.0,8588.136610984802,0.04849999999999999
4.0,8589.147920131683,0.04829999999999998
4.0,8591.151325702667,0.04849999999999999
4.0,8592.15282702446,0.04849999999999999
4.0,8593.154490232468,0.04419999999999999
4.0,8594.155947685242,0.04419999999999999
4.0,8595.156965017319,0.04849999999999999
4.0,8596.157992362976,0.04419999999999999
4.0,8597.159943819046,0.04419999999999999
4.0,8598.161129236221,0.04849999999999999
4.0,8599.16282248497,0.04419999999999999
4.0,8600.164410591125,0.04419999999999999
4.0,8601.17354631424,0.04849999999999999
4.0,8602.175536632538,0.04419999999999999
4.0,8603.178549528122,0.04419999999999999
4.0,8604.180492401123,0.04419999999999999
4.0,8605.18389749527,0.04419999999999999
4.0,8606.187426805496,0.04419999999999999
4.0,8607.188806056976,0.04419999999999999
4.0,8608.198628425598,0.04419999999999999
4.0,8609.20820260048,0.040799999999999975
4.0,8611.217934846878,0.043399999999999994
4.0,8612.219948291779,0.0476
4.0,8613.220934867859,0.04419999999999999
4.0,8614.222478151321,0.04419999999999999
4.0,8615.22413802147,0.040799999999999975
4.0,8616.230710029602,0.04419999999999999
4.0,8617.236936092377,0.04419999999999999
4.0,8618.243465662003,0.043399999999999994
4.0,8619.244916677475,0.04680000000000001
4.0,8620.251800775528,0.04419999999999999
4.0,8621.258549690247,0.043399999999999994
4.0,8622.272974729538,0.03999999999999998
4.0,8623.279750823975,0.04419999999999999
4.0,8624.286511182785,0.04419999999999999
4.0,8625.292977333069,0.0476
4.0,8626.299733161926,0.0476
4.0,8627.306430101395,0.0476
4.0,8628.312957048416,0.040799999999999975
4.0,8629.319714069366,0.040799999999999975
4.0,8631.327440977097,0.040799999999999975
4.0,8632.328969240189,0.043399999999999994
4.0,8633.335773944855,0.040799999999999975
4.0,8634.342579126358,0.043399999999999994
4.0,8635.354341983795,0.043399999999999994
4.0,8636.366081953049,0.04680000000000001
4.0,8637.372879266739,0.043399999999999994
4.0,8638.379660129547,0.040799999999999975
4.0,8639.386393785477,0.043399999999999994
4.0,8640.39293384552,0.040799999999999975
4.0,8641.399635314941,0.043399999999999994
4.0,8642.406399011612,0.040799999999999975
4.0,8643.412984609604,0.043399999999999994
4.0,8644.41975235939,0.040799999999999975
4.0,8645.426461696625,0.043399999999999994
4.0,8646.438313245773,0.040799999999999975
4.0,8647.450120449066,0.043399999999999994
4.0,8648.462013483047,0.0476
4.0,8649.472942829132,0.0476
4.0,8651.484953641891,0.0476
4.0,8652.49186015129,0.043399999999999994
4.0,8653.498526096344,0.040799999999999975
4.0,8654.504930973053,0.04680000000000001
4.0,8655.516742229462,0.04680000000000001
4.0,8656.528489589691,0.043399999999999994
4.0,8657.535216331482,0.040799999999999975
4.0,8658.542038679123,0.0469
4.0,8659.552931785583,0.043399999999999994
4.0,8660.559774160385,0.040799999999999975
4.0,8661.571466445923,0.0476
4.0,8662.580923080444,0.0476
4.0,8663.596908330917,0.0476
4.0,8664.611258268356,0.0476
4.0,8665.618045091629,0.0519
4.0,8666.624919652939,0.0476
4.0,8667.63672876358,0.0476
4.0,8668.660056352615,0.043399999999999994
4.0,8669.679758310318,0.0476
4.0,8671.685584306717,0.043399999999999994
4.0,8672.701752901077,0.040799999999999975
4.0,8673.705380439758,0.04680000000000001
4.0,8674.709358215332,0.04680000000000001
4.0,8675.722872018814,0.040799999999999975
4.0,8676.72759771347,0.04680000000000001
4.0,8677.729438781738,0.0469
4.0,8678.73095035553,0.043399999999999994
4.0,8679.73252749443,0.04680000000000001
4.0,8680.73451924324,0.046599999999999975
4.0,8681.736439228058,0.043399999999999994
4.0,8682.737855434418,0.0476
4.0,8683.739372253418,0.0476
4.0,8684.741941452026,0.0476
4.0,8685.744210243225,0.0519
4.0,8686.745365858078,0.0519
4.0,8687.746795892715,0.0476
4.0,8688.74819636345,0.0476
4.0,8689.752421617508,0.040799999999999975
4.0,8691.757273674011,0.0476
4.0,8692.759409427643,0.0476
4.0,8693.761951446533,0.04680000000000001
4.0,8694.763329744339,0.0469
4.0,8695.764716625214,0.04680000000000001
4.0,8696.77029132843,0.04680000000000001
4.0,8697.780145645142,0.046599999999999975
4.0,8698.791296958923,0.0519
4.0,8699.793598651886,0.040799999999999975
4.0,8700.795109033585,0.0469
4.0,8701.79668879509,0.0476
4.0,8702.803470373154,0.0476
4.0,8703.810222864151,0.0476
4.0,8704.821974515915,0.0476
4.0,8705.827932596207,0.0476
4.0,8706.839661836624,0.0476
4.0,8707.84651684761,0.0476
4.0,8709.85402417183,0.0519
4.0,8710.860753536224,0.0476
4.0,8711.867571115494,0.0471
4.0,8712.879467248917,0.04680000000000001
4.0,8713.88611459732,0.04680000000000001
4.0,8714.898057222366,0.0469
4.0,8715.904898881912,0.0469
4.0,8716.911772489548,0.0469
4.0,8717.918620347977,0.04680000000000001
4.0,8718.924911022186,0.04680000000000001
4.0,8719.936769008636,0.0519
4.0,8720.943591356277,0.0476
4.0,8721.950237035751,0.0476
4.0,8722.962013959885,0.0476
4.0,8723.968719005585,0.0476
4.0,8724.97549366951,0.0476
4.0,8725.982299566269,0.0476
4.0,8726.98384642601,0.0476
4.0,8728.000101089478,0.0476
4.0,8730.01297545433,0.0476
4.0,8731.028428554535,0.0476
4.0,8732.040349721909,0.0469
4.0,8733.047233104706,0.04680000000000001
4.0,8734.059047460556,0.04680000000000001
4.0,8735.072963237762,0.04680000000000001
4.0,8736.07964015007,0.04680000000000001
4.0,8737.086349964142,0.04680000000000001
4.0,8738.093036174774,0.04680000000000001
4.0,8739.099677085876,0.04680000000000001
4.0,8740.113048315048,0.0476
4.0,8741.119831323624,0.0476
4.0,8742.13153886795,0.0476
4.0,8743.138370037079,0.0476
4.0,8744.150142908096,0.0476
4.0,8745.15685391426,0.0476
4.0,8746.163666963577,0.0476
4.0,8747.17037653923,0.0476
4.0,8748.176953077316,0.0476
4.0,8750.184717178345,0.0476
4.0,8751.190899133682,0.0476
4.0,8752.206363916397,0.0469
4.0,8753.218210458755,0.04680000000000001
4.0,8754.225038766861,0.04680000000000001
4.0,8755.231720685959,0.04680000000000001
4.0,8756.238421678543,0.04680000000000001
4.0,8757.245024204254,0.04680000000000001
4.0,8758.251889705658,0.046599999999999975
4.0,8759.257761716843,0.04680000000000001
4.0,8760.272528409958,0.0476
4.0,8761.287697553635,0.0476
4.0,8762.302021980286,0.0476
4.0,8763.316859483719,0.0476
4.0,8764.328669309616,0.0476
4.0,8765.335399389267,0.0476
4.0,8766.342025279999,0.0476
4.0,8767.348846673965,0.0476
4.0,8768.3605864048,0.0476
4.0,8770.376942873001,0.0476
4.0,8771.392290830612,0.0476
4.0,8772.392988681793,0.0469
4.0,8773.394530534744,0.04680000000000001
4.0,8774.400949716568,0.04680000000000001
4.0,8775.40774512291,0.0469
4.0,8776.414492845535,0.04680000000000001
4.0,8777.420945644379,0.04680000000000001
4.0,8778.427622795105,0.0469
4.0,8779.434389352798,0.0469
4.0,8780.44612288475,0.0476
4.0,8781.472235918045,0.0476
4.0,8782.493854761124,0.0476
4.0,8783.496444702148,0.0476
4.0,8784.515984535217,0.0476
4.0,8785.51951122284,0.0476
4.0,8786.538078546524,0.0476
4.0,8787.546041250229,0.0476
4.0,8788.553423166275,0.0476
4.0,8790.558233737946,0.0476
4.0,8791.55972123146,0.0476
4.0,8792.568828344345,0.04680000000000001
4.0,8793.578648805618,0.0469
4.0,8794.584938764572,0.04680000000000001
4.0,8795.591794252396,0.0469
4.0,8796.598581790924,0.04680000000000001
4.0,8797.60492348671,0.04680000000000001
4.0,8798.611716747284,0.046599999999999975
4.0,8799.621976137161,0.04680000000000001
4.0,8800.62885928154,0.0476
4.0,8801.64062833786,0.0476
4.0,8802.647345781326,0.0476
4.0,8803.654422521591,0.0476
4.0,8804.660988330841,0.0476
4.0,8805.667719841003,0.0476
4.0,8806.674480676651,0.0476
4.0,8807.68099808693,0.0476
4.0,8809.689025878906,0.0476
4.0,8810.695833444595,0.0476
4.0,8811.702570438385,0.04680000000000001
4.0,8812.708943605423,0.046599999999999975
4.0,8813.723757982254,0.046599999999999975
4.0,8814.73039150238,0.04680000000000001
4.0,8815.74495792389,0.04680000000000001
4.0,8816.751636505127,0.04680000000000001
4.0,8817.763523101807,0.04680000000000001
4.0,8818.770119667053,0.04680000000000001
4.0,8819.776866197586,0.0476
4.0,8820.778528928757,0.0476
4.0,8821.780091762543,0.0476
4.0,8822.786835670471,0.0476
4.0,8823.803986787796,0.0476
4.0,8824.805033922195,0.0476
4.0,8825.806589603424,0.0476
4.0,8826.813032388687,0.0476
4.0,8827.81980252266,0.0476
4.0,8829.822116851807,0.0476
4.0,8830.823288917542,0.0476
4.0,8831.83301115036,0.04680000000000001
4.0,8832.83983206749,0.04680000000000001
4.0,8833.846579313278,0.04680000000000001
4.0,8834.852930784225,0.04680000000000001
4.0,8835.859739542007,0.04680000000000001
4.0,8836.87146806717,0.04680000000000001
4.0,8837.87821340561,0.0469
4.0,8838.884964466095,0.04680000000000001
4.0,8839.891729354858,0.0476
4.0,8840.892990589142,0.0476
4.0,8841.89975309372,0.0476
4.0,8842.90647649765,0.0476
4.0,8843.912932634354,0.0476
4.0,8844.91972899437,0.0476
4.0,8845.926635742188,0.0476
4.0,8846.938431739807,0.0476
4.0,8848.946057796478,0.0476
4.0,8849.95287847519,0.0476
4.0,8850.959667682648,0.04680000000000001
4.0,8851.96654868126,0.04680000000000001
4.0,8852.972947120667,0.04680000000000001
4.0,8853.979698419571,0.04680000000000001
4.0,8854.986475229263,0.04680000000000001
4.0,8855.993086576462,0.04680000000000001
4.0,8856.99980545044,0.04680000000000001
4.0,8858.0065908432,0.0469
4.0,8859.01296377182,0.0476
4.0,8860.01970410347,0.0476
4.0,8861.026574373245,0.0476
4.0,8862.032981395721,0.0476
4.0,8863.047122716904,0.0476
4.0,8864.060941696167,0.0476
4.0,8865.075395822525,0.0476
4.0,8866.082165956497,0.0476
4.0,8867.088967084885,0.0476
4.0,8869.096867799759,0.0476
4.0,8870.103618621826,0.0476
4.0,8871.11021900177,0.04680000000000001
4.0,8872.116973161697,0.04680000000000001
4.0,8873.123630046844,0.04680000000000001
4.0,8874.13535785675,0.04680000000000001
4.0,8875.14203953743,0.04680000000000001
4.0,8876.148918390274,0.04680000000000001
4.0,8877.155663013458,0.04680000000000001
4.0,8878.16234755516,0.04680000000000001
4.0,8879.16898560524,0.0476
4.0,8880.175708055496,0.0476
4.0,8881.182396888733,0.0476
4.0,8882.188999176025,0.0476
4.0,8883.19567322731,0.0476
4.0,8884.207421779633,0.0476
4.0,8885.21912431717,0.0476
4.0,8886.224956512451,0.0476
4.0,8887.241091251373,0.0476
4.0,8889.253988742828,0.0476
4.0,8890.26498389244,0.040799999999999975
4.0,8891.279734373093,0.0469
4.0,8892.295285701752,0.0469
4.0,8893.302025794983,0.046599999999999975
4.0,8894.308862686157,0.04680000000000001
4.0,8895.315660953522,0.046599999999999975
4.0,8896.322386264801,0.04680000000000001
4.0,8897.328982591629,0.04680000000000001
4.0,8898.335757255554,0.04680000000000001
4.0,8899.342468738556,0.0476
4.0,8900.348936080933,0.0476
4.0,8901.355720043182,0.0476
4.0,8902.36233997345,0.0476
4.0,8903.368948936462,0.0476
4.0,8904.380763530731,0.0476
4.0,8905.38751077652,0.0476
4.0,8906.394139289856,0.0476
4.0,8907.400952339172,0.0476
4.0,8909.408880233765,0.0476
4.0,8910.415735244751,0.0476
4.0,8911.431741714478,0.04680000000000001
4.0,8912.446791887283,0.04680000000000001
4.0,8913.463304281235,0.04680000000000001
4.0,8914.470144748688,0.04680000000000001
4.0,8915.476965904236,0.0469
4.0,8916.483800172806,0.04680000000000001
4.0,8917.516500711441,0.04680000000000001
4.0,8918.537204265594,0.04680000000000001
4.0,8919.543410778046,0.0476
4.0,8920.561227798462,0.0476
4.0,8921.576270103455,0.0476
4.0,8922.58019733429,0.0476
4.0,8923.580826759338,0.0476
4.0,8924.582524061203,0.0476
4.0,8925.585811853409,0.0476
4.0,8926.592131137848,0.0476
4.0,8927.593347072601,0.0476
4.0,8929.598022937775,0.0476
4.0,8930.604709386826,0.0476
4.0,8931.61455321312,0.04680000000000001
4.0,8932.62483882904,0.046599999999999975
4.0,8933.634549856186,0.046599999999999975
4.0,8934.646272420883,0.04680000000000001
4.0,8935.660937070847,0.04680000000000001
4.0,8936.67269206047,0.046599999999999975
4.0,8937.687839984894,0.04680000000000001
4.0,8938.702462911606,0.0469
4.0,8939.708979845047,0.0476
4.0,8940.715732336044,0.0476
4.0,8941.722343206406,0.0476
4.0,8942.75033712387,0.0476
4.0,8943.75885796547,0.0476
4.0,8944.775109529495,0.0476
4.0,8945.778717517853,0.0476
4.0,8946.797082662582,0.0476
4.0,8948.806778907776,0.0476
4.0,8949.819897890091,0.0476
4.0,8950.822406291962,0.04680000000000001
4.0,8951.824290037155,0.046599999999999975
4.0,8952.82679605484,0.04680000000000001
4.0,8953.828226566315,0.04680000000000001
4.0,8954.829664707184,0.04680000000000001
4.0,8955.83222746849,0.04680000000000001
4.0,8956.836388111115,0.0469
4.0,8957.839361667633,0.0469
4.0,8958.84077835083,0.0476
4.0,8959.847303152084,0.0476
4.0,8960.848757266998,0.0476
4.0,8961.85528588295,0.0476
4.0,8962.864776611328,0.0476
4.0,8963.875364780426,0.0476
4.0,8964.8871819973,0.0476
4.0,8965.888926029205,0.0476
4.0,8966.903390169144,0.0476
4.0,8968.91630911827,0.0476
4.0,8969.928137302399,0.0476
4.0,8970.942581176758,0.04680000000000001
4.0,8971.956971406937,0.04680000000000001
4.0,8972.96384882927,0.04680000000000001
4.0,8973.96549654007,0.04680000000000001
4.0,8974.972339630127,0.043399999999999994
4.0,8975.972959756851,0.04680000000000001
4.0,8976.988132476807,0.04680000000000001
4.0,8978.002722501755,0.04680000000000001
4.0,8979.017048597336,0.0476
4.0,8980.032803297043,0.0476
4.0,8981.04798412323,0.0476
4.0,8982.06428527832,0.0476
4.0,8983.06498003006,0.0476
4.0,8984.071682691574,0.0476
4.0,8985.078426837921,0.0476
4.0,8986.090033054352,0.0476
4.0,8987.10382604599,0.0476
4.0,8989.111567497253,0.0476
4.0,8990.112972259521,0.0476
4.0,8991.11964559555,0.0469
4.0,8992.134783744812,0.0469
6.0,8993.141705513,0.04680000000000001
6.0,8994.148545742035,0.04680000000000001
6.0,8995.155235528946,0.04680000000000001
6.0,8996.162078619003,0.0469
6.0,8997.172922849655,0.04680000000000001
6.0,8998.184707164764,0.04680000000000001
6.0,8999.196496725082,0.0476
6.0,9000.203236818314,0.0476
6.0,9001.215091705322,0.0476
6.0,9002.22479224205,0.0476
6.0,9003.234951257706,0.04419999999999999
6.0,9004.246623754501,0.04419999999999999
6.0,9005.264947891235,0.0451
6.0,9006.27291226387,0.053599999999999995
6.0,9007.286586761475,0.050199999999999995
6.0,9009.300852775574,0.04930000000000001
6.0,9010.312811613083,0.03829999999999997
6.0,9011.323224306107,0.04680000000000001
6.0,9012.336823225021,0.04680000000000001
6.0,9013.350123643875,0.04680000000000001
6.0,9014.364905118942,0.04680000000000001
6.0,9015.384987354279,0.04680000000000001
6.0,9016.397451877594,0.04680000000000001
6.0,9017.409336328506,0.04680000000000001
6.0,9018.419345617294,0.046599999999999975
6.0,9019.428843021393,0.05099999999999999
6.0,9020.444964647293,0.043399999999999994
6.0,9021.452806949615,0.0519
6.0,9022.465286493301,0.0561
6.0,9023.476922988892,0.0527
6.0,9024.485249042511,0.0527
6.0,9025.497123718262,0.04930000000000001
6.0,9026.50658082962,0.04930000000000001
6.0,9027.520814657211,0.050199999999999995
6.0,9029.53695178032,0.054599999999999996
6.0,9030.551761388779,0.054400000000000004
6.0,9031.565456867218,0.050199999999999995
6.0,9032.580187797546,0.054400000000000004
6.0,9033.586993694305,0.04680000000000001
6.0,9034.59296822548,0.04680000000000001
6.0,9035.599749088287,0.04680000000000001
6.0,9036.611513376236,0.04680000000000001
6.0,9037.618403673172,0.050199999999999995
6.0,9038.63019490242,0.05099999999999999
6.0,9039.631796598434,0.05099999999999999
6.0,9040.643701076508,0.0553
6.0,9041.65487575531,0.0519
6.0,9042.656427383423,0.0561
6.0,9043.668169736862,0.05629999999999999
6.0,9044.680166006088,0.0527
6.0,9045.686887264252,0.056999999999999995
6.0,9046.693000078201,0.053599999999999995
6.0,9047.699758052826,0.057999999999999996
6.0,9049.702063083649,0.053599999999999995
6.0,9050.714037179947,0.057999999999999996
6.0,9051.720958471298,0.053599999999999995
6.0,9052.732283353806,0.050199999999999995
6.0,9053.744253635406,0.050199999999999995
6.0,9054.751018762589,0.054599999999999996
6.0,9055.756939411163,0.054599999999999996
6.0,9056.763710021973,0.054599999999999996
6.0,9057.770503520966,0.054400000000000004
6.0,9058.777177810669,0.054400000000000004
6.0,9059.784131765366,0.054599999999999996
6.0,9060.79093337059,0.05879999999999999
6.0,9061.797039747238,0.054599999999999996
6.0,9062.803768396378,0.05969999999999999
6.0,9063.810399770737,0.05539999999999999
6.0,9064.816974163055,0.05629999999999999
6.0,9065.82883810997,0.0605
6.0,9066.835636854172,0.06479999999999998
6.0,9067.842297077179,0.0571
6.0,9069.850043296814,0.061399999999999996
6.0,9070.861002206802,0.061399999999999996
6.0,9071.867743253708,0.06559999999999999
6.0,9072.87453007698,0.06559999999999999
6.0,9073.880944728851,0.061399999999999996
6.0,9074.887685537338,0.061399999999999996
6.0,9075.894402980804,0.061399999999999996
6.0,9076.900928258896,0.06559999999999999
6.0,9077.907653570175,0.061399999999999996
6.0,9078.914479494095,0.061399999999999996
6.0,9079.920941829681,0.06559999999999999
6.0,9080.92767381668,0.0571
6.0,9081.934347867966,0.06219999999999999
6.0,9082.946056127548,0.04930000000000001
6.0,9083.956980466843,0.057999999999999996
6.0,9084.963661432266,0.06309999999999999
6.0,9085.975498437881,0.06309999999999999
6.0,9086.976981401443,0.05969999999999999
6.0,9087.983845710754,0.06389999999999998
6.0,9090.000267982483,0.06389999999999998
6.0,9091.006987810135,0.06389999999999998
6.0,9092.012993812561,0.05969999999999999
6.0,9093.01972413063,0.05969999999999999
6.0,9094.026405334473,0.05969999999999999
6.0,9095.032937049866,0.05969999999999999
6.0,9096.039733886719,0.05969999999999999
6.0,9097.046409606934,0.05969999999999999
6.0,9098.052962779999,0.05969999999999999
6.0,9099.06474518776,0.05969999999999999
6.0,9100.07141661644,0.05969999999999999
6.0,9101.072973012924,0.06479999999999998
6.0,9102.079730033875,0.06479999999999998
6.0,9103.086387872696,0.06479999999999998
6.0,9104.092928647995,0.061399999999999996
6.0,9105.094514608383,0.06559999999999999
6.0,9106.100951910019,0.06989999999999999
6.0,9107.107704401016,0.06559999999999999
6.0,9108.11440706253,0.06219999999999999
6.0,9110.121915102005,0.06649999999999999
6.0,9111.128598928452,0.06649999999999999
6.0,9112.13535618782,0.06219999999999999
6.0,9113.147373437881,0.06649999999999999
6.0,9114.15405201912,0.07069999999999999
6.0,9115.164953231812,0.06649999999999999
6.0,9116.171715974808,0.06649999999999999
6.0,9117.183603048325,0.07069999999999999
6.0,9118.195449113846,0.057999999999999996
6.0,9119.209036111832,0.06219999999999999
6.0,9120.224828958511,0.06649999999999999
6.0,9121.239456415176,0.05879999999999999
6.0,9122.26370549202,0.06729999999999998
6.0,9123.286449670792,0.06729999999999998
6.0,9124.306121349335,0.06309999999999999
6.0,9125.321875572205,0.05969999999999999
6.0,9126.327098846436,0.06389999999999998
6.0,9127.329141139984,0.06819999999999998
6.0,9128.33056139946,0.06819999999999998
6.0,9130.333859920502,0.06389999999999998
6.0,9131.335860729218,0.06479999999999998
6.0,9132.337072610855,0.06899999999999999
6.0,9133.338629961014,0.06899999999999999
6.0,9134.340550661087,0.06899999999999999
6.0,9135.342084646225,0.06899999999999999
6.0,9136.344048500061,0.06899999999999999
6.0,9137.34504699707,0.06899999999999999
6.0,9138.346935033798,0.06479999999999998
6.0,9139.348623037338,0.06899999999999999
6.0,9140.35030078888,0.06899999999999999
6.0,9141.353084564209,0.06899999999999999
6.0,9142.356025457382,0.06559999999999999
6.0,9143.35686969757,0.06989999999999999
6.0,9144.362795114517,0.06989999999999999
6.0,9145.364755392075,0.06989999999999999
6.0,9146.366792440414,0.06219999999999999
6.0,9148.369099617004,0.06649999999999999
6.0,9149.371048212051,0.06649999999999999
6.0,9150.372648477554,0.06649999999999999
6.0,9151.374960422516,0.06649999999999999
6.0,9152.376246452332,0.06649999999999999
6.0,9153.377049684525,0.07069999999999999
6.0,9154.384824514389,0.06649999999999999
6.0,9155.399904489517,0.07069999999999999
6.0,9156.419872522354,0.06649999999999999
6.0,9157.423175573349,0.07069999999999999
6.0,9158.440920829773,0.07069999999999999
6.0,9159.446944952011,0.07069999999999999
6.0,9160.462247610092,0.05879999999999999
6.0,9161.463669538498,0.06729999999999998
6.0,9162.466774702072,0.06729999999999998
6.0,9163.46873664856,0.07159999999999998
6.0,9164.470758914948,0.06729999999999998
6.0,9166.473063230515,0.06729999999999998
6.0,9167.47454881668,0.06389999999999998
6.0,9168.47601890564,0.06819999999999998
6.0,9169.477360248566,0.06819999999999998
6.0,9170.479130029678,0.06819999999999998
6.0,9171.480691194534,0.06819999999999998
6.0,9172.482142210007,0.06819999999999998
6.0,9173.48403787613,0.06819999999999998
6.0,9174.485219240189,0.06819999999999998
6.0,9175.48663687706,0.06819999999999998
6.0,9176.48831152916,0.07239999999999999
6.0,9177.488884687424,0.07239999999999999
6.0,9178.49032831192,0.0605
6.0,9179.492245674133,0.06479999999999998
6.0,9180.493178129196,0.06899999999999999
6.0,9181.495113611221,0.0735
6.0,9182.496606826782,0.0735
6.0,9184.499309301376,0.0735
6.0,9185.500326395035,0.0735
6.0,9186.500962257385,0.06899999999999999
6.0,9187.503722906113,0.06899999999999999
6.0,9188.50482225418,0.0735
6.0,9189.506838798523,0.06479999999999998
6.0,9190.508591890335,0.06899999999999999
6.0,9191.509974956512,0.07769999999999999
6.0,9192.512023210526,0.06479999999999998
6.0,9193.526248216629,0.0735
6.0,9194.528765201569,0.06559999999999999
6.0,9195.530997991562,0.06989999999999999
6.0,9196.532501935959,0.0743
6.0,9197.536388874054,0.07409999999999999
6.0,9198.542936325073,0.0743
6.0,9199.548815965652,0.0786
6.0,9200.555384397507,0.06989999999999999
6.0,9202.563050985336,0.07069999999999999
6.0,9203.569440126419,0.07069999999999999
6.0,9204.576152324677,0.07499999999999998
6.0,9205.583024978638,0.07069999999999999
6.0,9206.588929891586,0.07499999999999998
6.0,9207.595602035522,0.07069999999999999
6.0,9208.607296943665,0.07499999999999998
6.0,9209.614018201828,0.07069999999999999
6.0,9210.620186328888,0.07499999999999998
6.0,9211.626830339432,0.07499999999999998
6.0,9212.632949352264,0.07499999999999998
6.0,9213.639459848404,0.07499999999999998
6.0,9214.651159524918,0.0752
6.0,9215.666322469711,0.06649999999999999
6.0,9216.667919635773,0.06729999999999998
6.0,9217.668955802917,0.07159999999999998
6.0,9218.670564889908,0.07159999999999998
6.0,9219.67719078064,0.076
6.0,9220.683882951736,0.076
6.0,9222.69680428505,0.076
6.0,9223.703501462936,0.07159999999999998
6.0,9224.710228443146,0.07159999999999998
6.0,9225.717105150223,0.07159999999999998
6.0,9226.73253417015,0.07159999999999998
6.0,9227.744330644608,0.076
6.0,9228.75117945671,0.07159999999999998
6.0,9229.758040189743,0.07159999999999998
6.0,9230.76480937004,0.07159999999999998
6.0,9231.776587724686,0.07159999999999998
6.0,9232.783323049545,0.076
6.0,9233.79000711441,0.07159999999999998
6.0,9234.796721220016,0.07239999999999999
6.0,9235.803405761719,0.07239999999999999
6.0,9236.810125350952,0.07669999999999999
6.0,9237.816942691803,0.07669999999999999
6.0,9238.828931331635,0.07239999999999999
6.0,9239.835593223572,0.0726
6.0,9240.84234046936,0.06899999999999999
6.0,9242.850026130676,0.0735
6.0,9243.860985279083,0.07769999999999999
6.0,9244.86782336235,0.0735
6.0,9245.87451672554,0.07769999999999999
6.0,9246.881328582764,0.07769999999999999
6.0,9247.893019199371,0.07329999999999999
6.0,9248.899884462357,0.07769999999999999
6.0,9249.901004314423,0.07769999999999999
6.0,9250.907722473145,0.0735
6.0,9251.908957719803,0.07769999999999999
6.0,9252.91563630104,0.07769999999999999
6.0,9253.922295331955,0.07769999999999999
6.0,9254.934053897858,0.07769999999999999
6.0,9255.940791845322,0.08199999999999999
6.0,9256.94759273529,0.08199999999999999
6.0,9257.94892835617,0.0735
6.0,9258.96077466011,0.07409999999999999
6.0,9259.96757555008,0.07409999999999999
6.0,9260.974140167236,0.0786
6.0,9262.981932878494,0.0786
6.0,9263.988772630692,0.0786
6.0,9264.995403289795,0.0786
6.0,9266.002162218094,0.0786
6.0,9267.01408982277,0.07839999999999998
6.0,9268.02095079422,0.0786
6.0,9269.027631044388,0.0786
6.0,9270.034343004227,0.0786
6.0,9271.040823459625,0.0786
6.0,9272.047520160675,0.0786
6.0,9273.058667182922,0.0786
6.0,9274.060216903687,0.0828
6.0,9275.066938638687,0.0786
6.0,9276.078695297241,0.0786
6.0,9277.08501625061,0.07499999999999998
6.0,9278.091677188873,0.07499999999999998
6.0,9279.092957258224,0.0794
6.0,9280.099603176117,0.0794
6.0,9281.111365318298,0.0794
6.0,9283.11916232109,0.0794
6.0,9284.125835180283,0.0794
6.0,9285.132589817047,0.0794
6.0,9286.13925909996,0.0794
6.0,9287.146040916443,0.0794
6.0,9288.152925014496,0.0794
6.0,9289.1682472229,0.0836
6.0,9290.168932199478,0.0794
6.0,9291.175801992416,0.0794
6.0,9292.182573318481,0.0794
6.0,9293.198239326477,0.0794
6.0,9294.204771995544,0.07499999999999998
6.0,9295.211468935013,0.07499999999999998
6.0,9296.2182867527,0.07579999999999998
6.0,9297.225013017654,0.076
6.0,9298.231783628464,0.0803
6.0,9299.243550300598,0.0803
6.0,9300.250132083893,0.0803
6.0,9301.256983280182,0.0803
6.0,9303.264897823334,0.0803
6.0,9304.271697998047,0.0803
6.0,9305.278442621231,0.076
6.0,9306.284972667694,0.0803
6.0,9307.291741371155,0.0803
6.0,9308.30351614952,0.07579999999999998
6.0,9309.310199260712,0.076
6.0,9310.316965818405,0.07579999999999998
6.0,9311.331721544266,0.0803
6.0,9312.338448286057,0.076
6.0,9313.33917427063,0.0803
6.0,9314.351051092148,0.076
6.0,9315.362829446793,0.076
6.0,9316.36894083023,0.0769
6.0,9317.380009412766,0.0769
6.0,9318.386610269547,0.08109999999999999
6.0,9319.392934083939,0.08109999999999999
6.0,9320.39977478981,0.08109999999999999
6.0,9321.411543130875,0.08109999999999999
6.0,9323.41921210289,0.08109999999999999
6.0,9324.431230068207,0.07669999999999999
6.0,9325.437967538834,0.0769
6.0,9326.444717168808,0.07669999999999999
6.0,9327.45141839981,0.07669999999999999
6.0,9328.458068847656,0.07669999999999999
6.0,9329.465023756027,0.07669999999999999
6.0,9330.476897239685,0.07669999999999999
6.0,9331.483569145203,0.07669999999999999
6.0,9332.490266084671,0.07669999999999999
6.0,9333.496968269348,0.0769
6.0,9334.50379061699,0.07749999999999999
6.0,9335.51058793068,0.07769999999999999
6.0,9336.517060756683,0.07769999999999999
6.0,9337.52375459671,0.08199999999999999
6.0,9338.524953365326,0.08199999999999999
6.0,9339.531760454178,0.08199999999999999
6.0,9340.54358291626,0.08199999999999999
6.0,9341.555420160294,0.08199999999999999
6.0,9343.563388586044,0.08199999999999999
6.0,9344.57010436058,0.08199999999999999
6.0,9345.576979398727,0.08199999999999999
6.0,9346.583717107773,0.08199999999999999
6.0,9347.590400218964,0.0836
6.0,9348.597071886063,0.07769999999999999
6.0,9349.612404346466,0.08199999999999999
6.0,9350.619077205658,0.07769999999999999
6.0,9351.63086271286,0.08199999999999999
6.0,9352.64255976677,0.08199999999999999
6.0,9353.654266834259,0.08199999999999999
6.0,9354.660967350006,0.07769999999999999
6.0,9355.667668581009,0.07769999999999999
6.0,9356.668965101242,0.0786
6.0,9357.675656557083,0.0786
6.0,9358.676934242249,0.0828
6.0,9359.68339729309,0.0828
6.0,9360.690057754517,0.0828
6.0,9361.696902990341,0.0828
6.0,9363.70470547676,0.0828
6.0,9364.716420650482,0.0828
6.0,9365.717948675156,0.0828
6.0,9366.719477891922,0.0828
6.0,9367.735169172287,0.087
6.0,9368.746982574463,0.087
6.0,9369.758736610413,0.0828
6.0,9370.76968407631,0.087
6.0,9371.771184682846,0.087
6.0,9372.78291463852,0.0828
6.0,9373.794730901718,0.0828
6.0,9374.806568145752,0.087
6.0,9375.812889575958,0.087
6.0,9376.819500207901,0.0828
6.0,9377.831260442734,0.0828
6.0,9378.846137046814,0.0786
6.0,9379.857027292252,0.0794
6.0,9380.863793373108,0.0794
6.0,9381.870563745499,0.0794
6.0,9383.87790799141,0.0794
6.0,9384.888318538666,0.0836
6.0,9385.89461183548,0.0836
6.0,9386.911178350449,0.0794
6.0,9387.917032718658,0.0836
6.0,9388.945404529572,0.0836
6.0,9389.967128276825,0.0836
6.0,9390.984744310379,0.0794
6.0,9391.99275803566,0.0836
6.0,9393.006678819656,0.0794
6.0,9394.010218381882,0.0836
6.0,9395.011831521988,0.0794
6.0,9396.012817144394,0.0836
6.0,9397.01445198059,0.0836
6.0,9398.016030788422,0.0794
6.0,9399.016960382462,0.0836
6.0,9400.018410921097,0.08789999999999999
6.0,9401.02970957756,0.08789999999999999
6.0,9402.03211236,0.0794
6.0,9404.034536361694,0.0794
6.0,9405.036882638931,0.0794
6.0,9406.040381193161,0.0794
6.0,9407.040983915329,0.0794
6.0,9408.042479753494,0.0794
6.0,9409.043545484543,0.0794
6.0,9410.04482293129,0.0794
6.0,9411.058823108673,0.0794
6.0,9412.060782432556,0.0794
6.0,9413.063433647156,0.0794
6.0,9414.078795671463,0.0794
6.0,9415.09890794754,0.0803
6.0,9416.101794481277,0.0803
6.0,9417.115364789963,0.0803
6.0,9418.123214244843,0.0803
6.0,9419.126396656036,0.0803
6.0,9420.142842531204,0.0803
6.0,9421.144486427307,0.0803
6.0,9423.147163391113,0.0803
6.0,9424.148907899857,0.0803
6.0,9425.15037894249,0.0803
6.0,9426.152086257935,0.0803
6.0,9427.15313911438,0.0803
6.0,9428.154763936996,0.0803
6.0,9429.15624165535,0.0803
6.0,9430.156867742538,0.0803
6.0,9431.158465623856,0.0803
6.0,9432.1598944664,0.0803
6.0,9433.160845518112,0.0803
6.0,9434.162384986877,0.0803
6.0,9435.16392493248,0.0803
6.0,9436.164867162704,0.0803
6.0,9437.166294813156,0.0803
6.0,9438.1678378582,0.0803
6.0,9439.172987937927,0.0803
6.0,9440.17975473404,0.0803
6.0,9442.181936979294,0.08109999999999999
6.0,9443.183400154114,0.08109999999999999
6.0,9444.186307191849,0.0803
6.0,9445.188190698624,0.08109999999999999
6.0,9446.188966751099,0.08109999999999999
6.0,9447.19049859047,0.0803
6.0,9448.192075014114,0.08109999999999999
6.0,9449.193147659302,0.0803
6.0,9450.196405649185,0.08109999999999999
6.0,9451.196969032288,0.08109999999999999
6.0,9452.198386192322,0.08109999999999999
6.0,9453.200144052505,0.08109999999999999
6.0,9454.200943470001,0.08109999999999999
6.0,9455.202439546585,0.08109999999999999
6.0,9456.20389699936,0.08109999999999999
6.0,9457.204944372177,0.08109999999999999
6.0,9458.206562519073,0.08109999999999999
6.0,9459.207979440689,0.08109999999999999
6.0,9460.217087984085,0.08109999999999999
6.0,9462.220385551453,0.08109999999999999
6.0,9463.221972942352,0.08109999999999999
6.0,9464.228615522385,0.08109999999999999
6.0,9465.23014163971,0.08109999999999999
6.0,9466.236724853516,0.08109999999999999
6.0,9467.24323439598,0.08109999999999999
6.0,9468.244629621506,0.08109999999999999
6.0,9469.255999326706,0.08109999999999999
6.0,9470.269847869873,0.08109999999999999
6.0,9471.27648973465,0.08109999999999999
6.0,9472.283113956451,0.08109999999999999
6.0,9473.288958311081,0.08109999999999999
6.0,9474.295677900314,0.08109999999999999
6.0,9475.307408094406,0.08109999999999999
6.0,9476.314181089401,0.08109999999999999
6.0,9477.320927619934,0.08109999999999999
6.0,9478.327778816223,0.08109999999999999
6.0,9479.33903169632,0.08109999999999999
6.0,9480.352929830551,0.08109999999999999
6.0,9482.364966869354,0.08109999999999999
6.0,9483.375801324844,0.08109999999999999
6.0,9484.3824634552,0.08199999999999999
6.0,9485.394161224365,0.08199999999999999
6.0,9486.408610343933,0.08199999999999999
6.0,9487.415311574936,0.08199999999999999
6.0,9488.422085285187,0.08199999999999999
6.0,9489.42363357544,0.08199999999999999
6.0,9490.43035531044,0.08199999999999999
6.0,9491.431957960129,0.08199999999999999
6.0,9492.432924032211,0.08199999999999999
6.0,9493.434488773346,0.08199999999999999
6.0,9494.440953493118,0.08199999999999999
6.0,9495.456853866577,0.08199999999999999
6.0,9496.471332788467,0.08199999999999999
6.0,9497.478004455566,0.0836
6.0,9498.47960448265,0.08199999999999999
6.0,9499.480936288834,0.0836
6.0,9500.487905979156,0.08199999999999999
6.0,9502.495625257492,0.0836
6.0,9503.510483264923,0.08199999999999999
6.0,9504.522140026093,0.08199999999999999
6.0,9505.537582159042,0.08199999999999999
6.0,9506.54891037941,0.0836
6.0,9507.555629253387,0.08199999999999999
6.0,9508.567485332489,0.0836
6.0,9509.568958759308,0.08199999999999999
6.0,9510.575852632523,0.0836
6.0,9511.57684469223,0.08199999999999999
6.0,9512.583494663239,0.0836
6.0,9513.595322847366,0.08199999999999999
6.0,9514.609108924866,0.0836
6.0,9515.61581993103,0.08199999999999999
6.0,9516.622609615326,0.0836
6.0,9517.636941432953,0.0836
6.0,9518.638493776321,0.0904
6.0,9519.64500617981,0.0904
6.0,9520.656774282455,0.0904
6.0,9522.664706468582,0.0836
6.0,9523.671480178833,0.08199999999999999
6.0,9524.678263902664,0.08199999999999999
6.0,9525.684919834137,0.08199999999999999
6.0,9526.696643352509,0.0836
6.0,9527.708433389664,0.0836
6.0,9528.715324163437,0.08199999999999999
6.0,9529.722177505493,0.08199999999999999
6.0,9530.728908777237,0.0836
6.0,9531.735572099686,0.08199999999999999
6.0,9532.74230504036,0.08199999999999999
6.0,9533.74895787239,0.08199999999999999
6.0,9534.755623340607,0.08199999999999999
6.0,9535.762273311615,0.08199999999999999
6.0,9536.774035453796,0.08199999999999999
6.0,9537.780944108963,0.0828
6.0,9538.78775525093,0.0828
6.0,9539.799471139908,0.0828
6.0,9540.806090593338,0.0828
6.0,9542.813911676407,0.0828
6.0,9543.820650100708,0.0828
6.0,9544.832365512848,0.0828
6.0,9545.839055538177,0.0828
6.0,9546.844913244247,0.0828
6.0,9547.85163450241,0.0828
6.0,9548.863455057144,0.0828
6.0,9549.870173692703,0.0828
6.0,9550.876866579056,0.0828
6.0,9551.883257627487,0.0828
6.0,9552.894990682602,0.0828
6.0,9553.900926113129,0.0828
6.0,9554.907670497894,0.0828
6.0,9555.90892624855,0.087
6.0,9556.915669202805,0.087
6.0,9557.922363758087,0.087
6.0,9558.9290163517,0.087
6.0,9559.935730457306,0.087
6.0,9560.936930418015,0.087
6.0,9562.944712638855,0.087
6.0,9563.951262950897,0.087
6.0,9564.970445632935,0.087
6.0,9565.976996898651,0.087
6.0,9566.983893632889,0.087
6.0,9568.000043392181,0.087
6.0,9569.006819486618,0.087
6.0,9570.013011217117,0.087
6.0,9571.014558315277,0.087
6.0,9572.0209338665,0.087
6.0,9573.032783985138,0.087
6.0,9574.039484024048,0.087
6.0,9575.046185970306,0.087
6.0,9576.05288696289,0.087
6.0,9577.06469321251,0.087
6.0,9578.071411848068,0.09129999999999999
6.0,9579.078084945679,0.087
6.0,9580.084796190262,0.09129999999999999
6.0,9581.091558218002,0.09149999999999998
6.0,9583.09942650795,0.09149999999999998
6.0,9584.106134414673,0.09129999999999999
6.0,9585.112940073013,0.09129999999999999
6.0,9586.11464715004,0.09129999999999999
6.0,9587.126373529434,0.09129999999999999
6.0,9588.13294672966,0.09129999999999999
6.0,9589.13981294632,0.09129999999999999
6.0,9590.14652466774,0.09129999999999999
6.0,9591.152921676636,0.09129999999999999
6.0,9592.167233467102,0.09129999999999999
6.0,9593.183045387268,0.09129999999999999
6.0,9594.18895149231,0.09129999999999999
6.0,9595.195784330368,0.09129999999999999
6.0,9596.20247220993,0.09129999999999999
6.0,9597.208976268768,0.09129999999999999
6.0,9598.215721607208,0.087
6.0,9599.222374677658,0.087
6.0,9600.22896194458,0.087
6.0,9601.235565900803,0.087
6.0,9603.248543977737,0.087
6.0,9604.255241155624,0.087
6.0,9605.262064933777,0.087
6.0,9606.268917798996,0.087
6.0,9607.275650024414,0.087
6.0,9608.290976524353,0.087
6.0,9609.306233406067,0.087
6.0,9610.320930242538,0.087
6.0,9611.332759141922,0.087
6.0,9612.339477539062,0.087
6.0,9613.346160411835,0.087
6.0,9614.352937698364,0.087
6.0,9615.359665870667,0.087
6.0,9616.366384983063,0.0836
6.0,9617.37297463417,0.087
6.0,9618.384812355042,0.0828
6.0,9619.391564130783,0.0828
6.0,9620.39825630188,0.0828
6.0,9621.410070419312,0.0836
6.0,9623.417974233627,0.0828
6.0,9624.424825429916,0.0836
6.0,9625.436541557312,0.0828
6.0,9626.448263645172,0.0836
6.0,9627.460128545761,0.0828
6.0,9628.466857910156,0.0836
6.0,9629.482021570206,0.0836
6.0,9630.488782405853,0.0828
6.0,9631.495554924011,0.0836
6.0,9632.49692773819,0.0794
6.0,9633.50361275673,0.0836
6.0,9634.50494837761,0.0794
6.0,9635.511410951614,0.0836
6.0,9636.51809334755,0.0794
6.0,9637.524937868118,0.08789999999999999
6.0,9638.531655311584,0.08789999999999999
6.0,9639.532920360565,0.08789999999999999
6.0,9640.539904117584,0.08789999999999999
6.0,9641.540997982025,0.08789999999999999
6.0,9643.543708562851,0.08789999999999999
6.0,9644.55047082901,0.08789999999999999
6.0,9645.562227964401,0.08789999999999999
6.0,9646.573914289474,0.08789999999999999
6.0,9647.584023952484,0.08789999999999999
6.0,9648.595685958862,0.08789999999999999
6.0,9649.606473207474,0.08789999999999999
6.0,9650.621552467346,0.08789999999999999
6.0,9651.62832570076,0.08789999999999999
6.0,9652.637380361557,0.08789999999999999
6.0,9653.65820980072,0.08789999999999999
6.0,9654.66207242012,0.08789999999999999
6.0,9655.68131327629,0.08789999999999999
6.0,9656.687996387482,0.08789999999999999
6.0,9657.716462612152,0.08789999999999999
6.0,9658.718736886978,0.08789999999999999
6.0,9659.721035718918,0.08789999999999999
6.0,9660.722624063492,0.08789999999999999
6.0,9662.72519159317,0.08789999999999999
6.0,9663.72814321518,0.08789999999999999
6.0,9664.729458332062,0.08789999999999999
6.0,9665.730912923813,0.08789999999999999
6.0,9666.732292175293,0.08789999999999999
6.0,9667.746351957321,0.08789999999999999
6.0,9668.750179052353,0.08789999999999999
6.0,9669.752544641495,0.08789999999999999
6.0,9670.754350185394,0.08789999999999999
6.0,9671.766047239304,0.08789999999999999
6.0,9672.785589694977,0.08789999999999999
6.0,9673.791175603867,0.08789999999999999
6.0,9674.812334775925,0.09209999999999999
6.0,9675.818754911423,0.08789999999999999
6.0,9676.828916072845,0.09209999999999999
6.0,9677.830155134201,0.08789999999999999
6.0,9678.83635187149,0.09209999999999999
6.0,9679.837694883347,0.09209999999999999
6.0,9681.84013581276,0.09209999999999999
6.0,9682.840857028961,0.09209999999999999
6.0,9683.842852115631,0.09209999999999999
6.0,9684.844252824783,0.09209999999999999
6.0,9685.844972133636,0.09209999999999999
6.0,9686.846639633179,0.09209999999999999
6.0,9687.848214387894,0.08789999999999999
6.0,9688.84895157814,0.09209999999999999
6.0,9689.85074687004,0.09209999999999999
6.0,9690.852688074112,0.09209999999999999
6.0,9691.854068994522,0.09209999999999999
6.0,9692.85581612587,0.09209999999999999
6.0,9693.857036352158,0.09209999999999999
6.0,9694.858475208282,0.08789999999999999
6.0,9695.860031604767,0.09209999999999999
6.0,9696.865698337555,0.08789999999999999
6.0,9697.86775636673,0.08789999999999999
6.0,9699.872657299042,0.08789999999999999
6.0,9700.874442577362,0.08789999999999999
6.0,9701.875724554062,0.0836
6.0,9702.876899242401,0.08789999999999999
6.0,9703.878406524658,0.0836
6.0,9704.879791498184,0.0836
6.0,9705.881026506424,0.0803
6.0,9706.89280629158,0.0803
6.0,9707.896538496017,0.0803
6.0,9708.900527238846,0.0836
6.0,9709.910630464554,0.08789999999999999
6.0,9710.91683125496,0.0836
6.0,9711.926550388336,0.0803
6.0,9712.935950279236,0.0803
6.0,9713.948919057846,0.0803
6.0,9714.955564022064,0.0836
6.0,9715.962224721909,0.0836
6.0,9716.96377658844,0.0803
6.0,9717.969854354858,0.0836
6.0,9719.976964950562,0.0803
6.0,9720.991847515106,0.0836
6.0,9721.998500585556,0.0803
6.0,9723.004951953888,0.0803
6.0,9724.011637210846,0.0803
6.0,9725.013202428818,0.0803
6.0,9726.020036935806,0.0803
6.0,9727.02671790123,0.0836
6.0,9728.03336763382,0.0803
6.0,9729.040178537369,0.0803
6.0,9730.04692196846,0.0803
6.0,9731.052931785583,0.0803
6.0,9732.059694766998,0.0803
6.0,9733.060962200165,0.0887
6.0,9734.067730665207,0.0887
6.0,9735.074503183365,0.0887
6.0,9736.080948352814,0.0887
6.0,9737.087686777115,0.0887
6.0,9738.089031457901,0.0887
6.0,9740.102031707764,0.0887
6.0,9741.108807563782,0.0887
6.0,9742.115552663803,0.0887
6.0,9743.12724161148,0.0887
6.0,9744.139023542404,0.0887
6.0,9745.15081691742,0.0887
6.0,9746.156930446625,0.0887
6.0,9747.163585186005,0.0887
6.0,9748.164952754974,0.0887
6.0,9749.171660900116,0.0887
6.0,9750.172924518585,0.0887
6.0,9751.179661750793,0.0887
6.0,9752.186363220215,0.0887
6.0,9753.198088884354,0.0887
6.0,9754.2049741745,0.0887
6.0,9755.206502437592,0.0887
6.0,9756.213017225266,0.0887
6.0,9757.219734430313,0.0887
6.0,9758.220960378647,0.0887
6.0,9760.228755950928,0.0887
6.0,9761.235558271408,0.0887
6.0,9762.24238395691,0.0887
6.0,9763.243891477585,0.0887
6.0,9764.250723838806,0.0887
6.0,9765.267668485641,0.0887
6.0,9766.27440404892,0.0887
6.0,9767.281013250351,0.0887
6.0,9768.287783384323,0.0887
6.0,9769.294452428818,0.0887
6.0,9770.29601073265,0.0887
6.0,9771.302631616592,0.0887
6.0,9772.308863162994,0.0887
6.0,9773.315426588058,0.0887
6.0,9774.322084188461,0.0887
6.0,9775.33809542656,0.0887
6.0,9776.352583169937,0.0803
6.0,9777.36394238472,0.0887
6.0,9778.37565612793,0.08109999999999999
6.0,9780.392962694168,0.0887
6.0,9781.404745340347,0.0887
6.0,9782.416634082794,0.08109999999999999
6.0,9783.423414945602,0.08109999999999999
6.0,9784.435324668884,0.08109999999999999
6.0,9785.442066192627,0.08109999999999999
6.0,9786.448997020721,0.08109999999999999
6.0,9787.455751895905,0.08109999999999999
6.0,9788.467444181442,0.08109999999999999
6.0,9789.482296705246,0.08109999999999999
6.0,9790.488903999329,0.08109999999999999
6.0,9791.50067782402,0.0887
6.0,9792.507506608963,0.08109999999999999
6.0,9793.514263391495,0.08109999999999999
6.0,9794.521111011505,0.08109999999999999
6.0,9795.536990642548,0.08109999999999999
6.0,9796.543841600418,0.08109999999999999
6.0,9797.55559849739,0.08109999999999999
6.0,9798.562118530273,0.08109999999999999
6.0,9800.574036836624,0.08109999999999999
6.0,9801.580741643906,0.08109999999999999
6.0,9802.587360143661,0.08109999999999999
6.0,9803.599333286285,0.08109999999999999
6.0,9804.605548381805,0.08109999999999999
6.0,9805.612253904343,0.08109999999999999
6.0,9806.61896109581,0.08109999999999999
6.0,9807.634900569916,0.08109999999999999
6.0,9808.646614789963,0.08109999999999999
6.0,9809.652926921844,0.08109999999999999
6.0,9810.664765357971,0.08109999999999999
6.0,9811.67073893547,0.08109999999999999
6.0,9812.676938056946,0.08109999999999999
6.0,9813.683662891388,0.08109999999999999
6.0,9814.695408344269,0.08109999999999999
6.0,9815.702222585678,0.08109999999999999
6.0,9816.70896077156,0.08109999999999999
6.0,9817.715778589249,0.08109999999999999
6.0,9818.721689462662,0.0896
6.0,9820.733914613724,0.0896
6.0,9821.744926452637,0.0896
6.0,9822.751756191254,0.0896
6.0,9823.763555049896,0.0896
6.0,9824.770456790924,0.0896
6.0,9825.772125005722,0.0896
6.0,9826.77890586853,0.0896
6.0,9827.792969465256,0.0896
6.0,9828.799807310104,0.0896
6.0,9829.806584596634,0.0896
6.0,9830.818406820297,0.0896
6.0,9831.83017373085,0.0896
6.0,9832.836905241013,0.0896
6.0,9833.843586206436,0.0896
6.0,9834.850457191467,0.0896
6.0,9835.856898069382,0.0896
6.0,9836.868613243103,0.0896
6.0,9837.88036108017,0.0896
6.0,9838.896955013275,0.0896
6.0,9840.904499292374,0.0896
6.0,9841.916337490082,0.0896
6.0,9842.92812204361,0.0896
6.0,9843.93984913826,0.0896
6.0,9844.954956054688,0.0896
6.0,9845.969176530838,0.0896
6.0,9846.980934381485,0.0896
6.0,9847.987896442413,0.0896
6.0,9848.999659776688,0.0896
6.0,9850.006527900696,0.0896
6.0,9851.012954950333,0.0896
6.0,9852.01969742775,0.0896
6.0,9853.047420740128,0.0896
6.0,9854.066326618195,0.0896
6.0,9855.073121547699,0.0896
6.0,9856.078392267227,0.0896
6.0,9857.091864347458,0.0896
6.0,9858.100107192993,0.0896
6.0,9859.101027965546,0.0896
6.0,9861.116604566574,0.0896
6.0,9862.118684530258,0.0896
6.0,9863.12053346634,0.0896
6.0,9864.12219953537,0.0896
6.0,9865.133760690689,0.0896
6.0,9866.135150671005,0.0896
6.0,9867.13684129715,0.0896
6.0,9868.13841676712,0.0896
6.0,9869.139866352081,0.0896
6.0,9870.1409637928,0.0896
6.0,9871.144150972366,0.0896
6.0,9872.1449406147,0.0896
6.0,9873.148381948471,0.0896
6.0,9874.148863315582,0.0896
6.0,9875.150390863419,0.0896
6.0,9876.152214765549,0.0896
6.0,9877.153219938278,0.0896
6.0,9878.155176639557,0.0896
6.0,9879.156872272491,0.08199999999999999
6.0,9881.1596930027,0.08199999999999999
6.0,9882.160818099976,0.08199999999999999
6.0,9883.162762880325,0.08199999999999999
6.0,9884.16417145729,0.08199999999999999
6.0,9885.164981603622,0.08199999999999999
6.0,9886.166635036469,0.08199999999999999
6.0,9887.168024778366,0.08199999999999999
6.0,9888.16879582405,0.08199999999999999
6.0,9889.170333385468,0.08199999999999999
6.0,9890.171736240387,0.08199999999999999
6.0,9891.17296051979,0.08199999999999999
6.0,9892.174912691116,0.08199999999999999
6.0,9893.176523447037,0.08199999999999999
6.0,9894.178929805756,0.08199999999999999
6.0,9895.180406093597,0.08199999999999999
6.0,9896.182403564453,0.08199999999999999
6.0,9897.184287309647,0.08199999999999999
6.0,9898.185294151306,0.08199999999999999
6.0,9900.189262628555,0.0836
6.0,9901.193405151367,0.0836
6.0,9902.196034431458,0.08199999999999999
6.0,9903.19758939743,0.08199999999999999
6.0,9904.199234724045,0.08199999999999999
6.0,9905.200658082962,0.08199999999999999
6.0,9906.207114696503,0.0836
6.0,9907.216636657715,0.08199999999999999
6.0,9908.223136425018,0.0836
6.0,9909.228960990906,0.08199999999999999
6.0,9910.235754966736,0.0836
6.0,9911.242488145828,0.08199999999999999
6.0,9912.248992919922,0.08199999999999999
6.0,9913.255666255951,0.0836
6.0,9914.262236595154,0.0836
6.0,9915.263774871826,0.08199999999999999
6.0,9916.270461320877,0.0836
6.0,9917.282244682312,0.08199999999999999
6.0,9919.298013448715,0.0836
6.0,9920.308923721313,0.0836
6.0,9921.315693378448,0.08199999999999999
6.0,9922.32244515419,0.08199999999999999
6.0,9923.334158658981,0.0836
6.0,9924.335716962814,0.08199999999999999
6.0,9925.34241104126,0.0836
6.0,9926.3489716053,0.08199999999999999
6.0,9927.35571551323,0.0836
6.0,9928.356950044632,0.08199999999999999
6.0,9929.358577728271,0.08199999999999999
6.0,9930.364973068237,0.08199999999999999
6.0,9931.376821994781,0.08199999999999999
6.0,9932.37840294838,0.0836
6.0,9933.380009889603,0.08199999999999999
6.0,9934.386666536331,0.0904
6.0,9935.398523569107,0.0904
6.0,9936.410246133804,0.0904
6.0,9937.411834716797,0.0904
6.0,9939.419654369354,0.0904
6.0,9940.421024084091,0.0904
6.0,9941.427884817123,0.0904
6.0,9942.434666395187,0.0904
6.0,9943.440982818604,0.0904
6.0,9944.452827453613,0.0904
6.0,9945.464540481567,0.0904
6.0,9946.47136259079,0.0904
6.0,9947.477996110916,0.0904
6.0,9948.484664916992,0.0904
6.0,9949.486226797104,0.0904
6.0,9950.492978811264,0.0904
6.0,9951.499762535095,0.0904
6.0,9952.506488800049,0.0904
6.0,9953.512963294983,0.0904
6.0,9954.51977944374,0.0904
6.0,9955.531588554382,0.0904
6.0,9956.543316364288,0.0904
6.0,9957.550012111664,0.0904
6.0,9959.556947469711,0.0904
6.0,9960.563700914383,0.0904
6.0,9961.570320606232,0.0904
6.0,9962.576956033707,0.0904
6.0,9963.588737726212,0.0904
6.0,9964.595487833023,0.0904
6.0,9965.6012403965,0.0904
6.0,9966.607988834381,0.0904
6.0,9967.614681243896,0.0904
6.0,9968.61623120308,0.0904
6.0,9969.622962713242,0.0904
6.0,9970.634732961655,0.0904
6.0,9971.646465063095,0.0904
6.0,9972.653002977371,0.0904
6.0,9973.6596763134,0.0904
6.0,9974.660912752151,0.0904
6.0,9975.667603492737,0.0904
6.0,9976.679367780685,0.0904
6.0,9977.686123371124,0.0904
6.0,9979.702136278152,0.0904
6.0,9980.713982343674,0.0904
6.0,9981.72077536583,0.0904
6.0,9982.727552890778,0.0904
6.0,9983.739222764969,0.0904
6.0,9984.745948076248,0.0904
6.0,9985.75268983841,0.09489999999999998
6.0,9986.764460325241,0.09489999999999998
6.0,9987.776404619217,0.09489999999999998
6.0,9988.788173675537,0.09489999999999998
6.0,9989.79481434822,0.09489999999999998
6.0,9990.806494235992,0.09489999999999998
6.0,9991.81291937828,0.09489999999999998
6.0,9992.819639921188,0.09489999999999998
6.0,9993.825321435928,0.09489999999999998
6.0,9994.840977668762,0.09489999999999998
6.0,9995.842504739761,0.0904
6.0,9996.85697889328,0.0904
6.0,9997.858168363571,0.09469999999999999
6.0,9999.866000652313,0.09489999999999998
6.0,10000.872789859772,0.0904
6.0,10001.879465341568,0.09489999999999998
6.0,10002.880826234818,0.0904
6.0,10003.891687870026,0.09469999999999999
6.0,10004.903494119644,0.09489999999999998
6.0,10005.91015958786,0.0904
6.0,10006.917051792145,0.09469999999999999
6.0,10007.928940534592,0.09489999999999998
6.0,10008.935704946518,0.0904
6.0,10009.94756436348,0.09489999999999998
6.0,10010.963294029236,0.0904
6.0,10011.970005989075,0.0904
6.0,10012.980964422226,0.0904
6.0,10013.987774133682,0.0904
6.0,10015.010231733322,0.0904
6.0,10016.033039808273,0.0904
6.0,10017.03893661499,0.0904
6.0,10018.055171966553,0.0904
6.0,10020.06269478798,0.0904
6.0,10021.076761007309,0.0904
6.0,10022.07863163948,0.0904
6.0,10023.09200334549,0.0904
6.0,10024.09408068657,0.0828
6.0,10025.097933292389,0.0904
6.0,10026.101273298264,0.0836
6.0,10027.1028778553,0.0904
6.0,10028.104302167892,0.0904
6.0,10029.105926990509,0.0904
6.0,10030.10734128952,0.0904
6.0,10031.108811378479,0.0904
6.0,10032.109597682953,0.0904
6.0,10033.11110162735,0.0836
6.0,10034.112644433975,0.0904
6.0,10035.114217996597,0.0836
6.0,10036.116257667542,0.0836
6.0,10037.116907119751,0.0836
6.0,10038.11906003952,0.0828
6.0,10040.120830059052,0.087
6.0,10041.122349023819,0.087
6.0,10042.1248857975,0.087
6.0,10043.12641119957,0.087
6.0,10044.127922058105,0.0836
6.0,10045.129679441452,0.087
6.0,10046.131561994553,0.087
6.0,10047.133655548096,0.0904
6.0,10048.13529586792,0.087
6.0,10049.136875867844,0.087
6.0,10050.139426708221,0.0828
6.0,10051.141557693481,0.087
6.0,10052.145795583725,0.087
6.0,10053.147698640823,0.087
6.0,10054.150031089783,0.087
6.0,10055.151503324509,0.087
6.0,10056.16081571579,0.087
6.0,10057.171503543854,0.087
6.0,10059.183291435242,0.087
6.0,10060.184928655624,0.087
6.0,10061.191710710526,0.087
6.0,10062.192930221558,0.087
6.0,10063.199669837952,0.087
6.0,10064.215921878815,0.087
6.0,10065.23152923584,0.087
6.0,10066.246079206467,0.087
6.0,10067.26191830635,0.087
6.0,10068.268700361252,0.087
6.0,10069.280477046967,0.087
6.0,10070.292186260223,0.087
6.0,10071.303930521011,0.087
6.0,10072.315759181976,0.087
6.0,10073.327484846115,0.087
6.0,10074.334193229675,0.087
6.0,10075.34873867035,0.087
6.0,10076.355567216873,0.087
6.0,10077.362295150757,0.087
6.0,10079.37005186081,0.087
6.0,10080.376853466034,0.087
6.0,10081.388653993607,0.087
6.0,10082.39543390274,0.087
6.0,10083.402189016342,0.087
6.0,10084.408955812454,0.087
6.0,10085.415909051895,0.087
6.0,10086.422621250153,0.087
6.0,10087.43817281723,0.087
6.0,10088.445011138916,0.09129999999999999
6.0,10089.451694965363,0.09129999999999999
6.0,10090.453253984451,0.09129999999999999
6.0,10091.459924697876,0.09129999999999999
6.0,10092.475494146347,0.09129999999999999
6.0,10093.487218141556,0.09129999999999999
6.0,10094.488828659058,0.09129999999999999
6.0,10095.490400791168,0.09129999999999999
6.0,10096.491970300674,0.09129999999999999
6.0,10097.492970228195,0.09129999999999999
6.0,10099.500069141388,0.09129999999999999
6.0,10100.506951093674,0.09129999999999999
6.0,10101.51292014122,0.09129999999999999
6.0,10102.519654750824,0.09129999999999999
6.0,10103.526510953903,0.09129999999999999
6.0,10104.53298830986,0.09149999999999998
6.0,10105.539658784866,0.09129999999999999
6.0,10106.546463012695,0.09129999999999999
6.0,10107.553165435791,0.09129999999999999
6.0,10108.559865474701,0.09129999999999999
6.0,10109.566640138626,0.09149999999999998
6.0,10110.572949647903,0.09129999999999999
6.0,10111.579783916473,0.09149999999999998
6.0,10112.586609363556,0.09129999999999999
6.0,10113.592945814133,0.09149999999999998
6.0,10114.594497442245,0.09149999999999998
6.0,10115.59608221054,0.09129999999999999
6.0,10116.597027778625,0.09129999999999999
6.0,10117.598671197891,0.09129999999999999
6.0,10119.61155295372,0.09129999999999999
6.0,10120.61848950386,0.09129999999999999
6.0,10121.630247831345,0.09129999999999999
6.0,10122.642043113708,0.09129999999999999
6.0,10123.658195972443,0.09129999999999999
6.0,10124.665042161942,0.09129999999999999
6.0,10125.671729326248,0.09129999999999999
6.0,10126.678438186646,0.09129999999999999
6.0,10127.69012594223,0.09129999999999999
6.0,10128.696841955185,0.09129999999999999
6.0,10129.698466777802,0.09129999999999999
6.0,10130.71305012703,0.09129999999999999
6.0,10131.719821214676,0.09129999999999999
6.0,10132.73160648346,0.09129999999999999
6.0,10133.743508577347,0.09129999999999999
6.0,10134.750308036804,0.09129999999999999
6.0,10135.762076616287,0.09129999999999999
6.0,10136.76887011528,0.09129999999999999
6.0,10137.775621414185,0.09129999999999999
6.0,10139.783673763275,0.09129999999999999
6.0,10140.79547572136,0.09129999999999999
6.0,10141.802162647247,0.09129999999999999
6.0,10142.808954000473,0.09129999999999999
6.0,10143.815868616104,0.09129999999999999
6.0,10144.822583436966,0.09129999999999999
6.0,10145.834317684174,0.09129999999999999
6.0,10146.841075897217,0.09129999999999999
6.0,10147.847954511642,0.09129999999999999
6.0,10148.864505052567,0.09129999999999999
6.0,10149.876539230347,0.09129999999999999
6.0,10150.883624792099,0.09129999999999999
6.0,10151.924821138382,0.09129999999999999
6.0,10152.936398744583,0.09149999999999998
6.0,10153.954706430435,0.09129999999999999
6.0,10154.960884332657,0.09149999999999998
6.0,10155.97868680954,0.09129999999999999
6.0,10156.980247020721,0.09129999999999999
6.0,10157.980972290039,0.09129999999999999
6.0,10159.983590841293,0.09129999999999999
6.0,10160.984830617905,0.09149999999999998
6.0,10161.985561609268,0.09129999999999999
6.0,10162.987128257751,0.09129999999999999
6.0,10163.988866567612,0.09129999999999999
6.0,10164.99066901207,0.09129999999999999
6.0,10165.992194890976,0.09129999999999999
6.0,10166.993178844452,0.09129999999999999
6.0,10167.99475812912,0.09129999999999999
6.0,10168.996318340302,0.09129999999999999
6.0,10169.997487068176,0.09129999999999999
6.0,10171.006110429764,0.09129999999999999
6.0,10172.008691310883,0.09129999999999999
6.0,10173.010803699493,0.09129999999999999
6.0,10174.012653827667,0.09129999999999999
6.0,10175.014307022095,0.09129999999999999
6.0,10176.015938520432,0.09129999999999999
6.0,10178.017906188965,0.09129999999999999
6.0,10179.019338846207,0.09129999999999999
6.0,10180.020817041397,0.09149999999999998
6.0,10181.027318239212,0.09129999999999999
6.0,10182.028827667236,0.09129999999999999
6.0,10183.03048157692,0.09149999999999998
6.0,10184.032203435898,0.09149999999999998
6.0,10185.032841920853,0.09129999999999999
6.0,10186.03448343277,0.09129999999999999
6.0,10187.03668642044,0.09129999999999999
6.0,10188.038234233856,0.09129999999999999
6.0,10189.039746522903,0.09129999999999999
6.0,10190.040877580643,0.09149999999999998
6.0,10191.045665502548,0.09129999999999999
6.0,10192.04743385315,0.09129999999999999
6.0,10193.051323890686,0.09129999999999999
6.0,10194.05530667305,0.0957
6.0,10195.064794540405,0.09129999999999999
6.0,10197.078013658524,0.09559999999999999
6.0,10198.079615354538,0.09129999999999999
6.0,10199.086207389832,0.09129999999999999
6.0,10200.087693452835,0.09129999999999999
6.0,10201.094377040863,0.09129999999999999
6.0,10202.100940942764,0.0957
6.0,10203.107772111893,0.09129999999999999
6.0,10204.114551067352,0.09129999999999999
6.0,10205.12626004219,0.0957
6.0,10206.132999181747,0.0957
6.0,10207.144800186157,0.09129999999999999
6.0,10208.146365880966,0.09129999999999999
6.0,10209.152930498123,0.09129999999999999
6.0,10210.159634590149,0.0957
6.0,10211.160975694656,0.0957
6.0,10212.162759542465,0.09129999999999999
6.0,10213.168965101242,0.09129999999999999
6.0,10214.175651073456,0.09129999999999999
6.0,10215.176944255829,0.0957
6.0,10217.184450626373,0.09129999999999999
6.0,10218.191249847412,0.0957
6.0,10219.202980041504,0.09129999999999999
6.0,10220.208941936493,0.0957
6.0,10221.215796232224,0.09129999999999999
6.0,10222.222487211227,0.09129999999999999
6.0,10223.2292907238,0.0957
6.0,10224.24100780487,0.0957
6.0,10225.247698307037,0.09559999999999999
6.0,10226.254409074783,0.0957
6.0,10227.260991811752,0.09559999999999999
6.0,10228.272755861282,0.09129999999999999
6.0,10229.28784441948,0.09559999999999999
6.0,10230.299605369568,0.0957
6.0,10231.311424016953,0.0957
6.0,10232.323201656342,0.0957
6.0,10233.33492898941,0.0957
6.0,10234.340977668762,0.09129999999999999
6.0,10235.347785234451,0.0957
6.0,10237.355726003647,0.09559999999999999
6.0,10238.371076107025,0.09129999999999999
6.0,10239.377016544342,0.09559999999999999
6.0,10240.38886809349,0.0957
6.0,10241.395591020584,0.0957
6.0,10242.396943330765,0.0957
6.0,10243.398481369019,0.09559999999999999
6.0,10244.429170131683,0.0957
6.0,10245.449771165848,0.09559999999999999
6.0,10246.453626155853,0.0957
6.0,10247.472344398499,0.0957
6.0,10248.478940963745,0.09559999999999999
6.0,10249.49495100975,0.09559999999999999
6.0,10250.496656417847,0.09559999999999999
6.0,10251.498653888702,0.09559999999999999
6.0,10252.500728607178,0.0957
6.0,10253.502346515656,0.0957
6.0,10254.503878831863,0.0957
6.0,10255.504961490631,0.09559999999999999
6.0,10257.508728981018,0.0957
6.0,10258.510267972946,0.0957
6.0,10259.511753082275,0.09559999999999999
6.0,10260.513308525085,0.09559999999999999
6.0,10261.51473402977,0.09559999999999999
6.0,10262.516105651855,0.0957
6.0,10263.516882181168,0.09129999999999999
6.0,10264.519021987915,0.09559999999999999
6.0,10265.52060842514,0.0957
6.0,10266.522303819656,0.0957
6.0,10267.523942232132,0.0957
6.0,10268.524991750717,0.0957
6.0,10269.530565977097,0.0957
6.0,10270.53457903862,0.0957
6.0,10271.536037445068,0.0957
6.0,10272.5370824337,0.09559999999999999
6.0,10273.53901386261,0.0957
6.0,10274.540553808212,0.0957
6.0,10276.543216705322,0.0957
6.0,10277.544709205627,0.0957
6.0,10278.546403169632,0.09559999999999999
6.0,10279.556166410446,0.09559999999999999
6.0,10280.556928157806,0.0957
6.0,10281.5599796772,0.0957
6.0,10282.560873031616,0.0957
6.0,10283.562738656998,0.0957
6.0,10284.565208911896,0.0957
6.0,10285.567176580429,0.0957
6.0,10286.5709066391,0.0957
6.0,10287.572800159454,0.0957
6.0,10288.575870990753,0.09559999999999999
6.0,10289.58235836029,0.0957
6.0,10290.58883857727,0.0957
6.0,10291.599622488022,0.0957
6.0,10292.61146903038,0.0957
6.0,10293.618143081665,0.09129999999999999
6.0,10295.630469083786,0.0957
6.0,10296.64217209816,0.09149999999999998
6.0,10297.648403167725,0.09559999999999999
6.0,10298.65512919426,0.09559999999999999
6.0,10299.656750440598,0.09149999999999998
6.0,10300.672940731049,0.09129999999999999
6.0,10301.678872823715,0.09149999999999998
6.0,10302.684931516647,0.0957
6.0,10303.691472530365,0.0957
6.0,10304.703186273575,0.09559999999999999
6.0,10305.71491241455,0.0957
6.0,10306.72662448883,0.0957
6.0,10307.732949256897,0.09129999999999999
6.0,10308.739648103714,0.0957
6.0,10309.745640277863,0.09559999999999999
6.0,10310.760609388351,0.09129999999999999
6.0,10311.77527499199,0.0957
6.0,10312.787035942078,0.09129999999999999
6.0,10313.803630828857,0.09129999999999999
6.0,10315.816628932953,0.0957
6.0,10316.82332110405,0.09559999999999999
6.0,10317.830168962479,0.09129999999999999
6.0,10318.84094619751,0.09129999999999999
6.0,10319.847687005997,0.09559999999999999
6.0,10320.85433936119,0.0957
6.0,10321.861015319824,0.09129999999999999
6.0,10322.872906446457,0.09129999999999999
6.0,10323.879690647125,0.09129999999999999
6.0,10324.896268606186,0.09129999999999999
6.0,10325.902881622314,0.09559999999999999
6.0,10326.90896487236,0.09129999999999999
6.0,10327.915698289871,0.0957
6.0,10328.922333478928,0.09129999999999999
6.0,10329.934209823608,0.09129999999999999
6.0,10330.940988779068,0.0957
6.0,10331.94749712944,0.09559999999999999
6.0,10332.95416855812,0.09129999999999999
6.0,10333.96122598648,0.09129999999999999
6.0,10335.968936681747,0.09129999999999999
6.0,10336.980824708939,0.09129999999999999
6.0,10337.987627983093,0.09129999999999999
6.0,10338.994570970535,0.09129999999999999
6.0,10340.006381511688,0.09129999999999999
6.0,10341.012929677963,0.09149999999999998
6.0,10342.024653673172,0.09129999999999999
6.0,10343.031428098679,0.09129999999999999
6.0,10344.038204193115,0.09129999999999999
6.0,10345.044955253601,0.09129999999999999
6.0,10346.051568746567,0.09129999999999999
6.0,10347.058000802994,0.09129999999999999
6.0,10348.064437150955,0.09129999999999999
0.0,10349.066002845764,0.09129999999999999
0.0,10350.072720766068,0.09129999999999999
0.0,10351.084506034851,0.09129999999999999
0.0,10352.096405029297,0.09129999999999999
0.0,10353.096957206726,0.09129999999999999
0.0,10354.103846549988,0.09129999999999999
0.0,10356.111626386642,0.08199999999999999
0.0,10357.123302936554,0.0896
0.0,10358.135034799576,0.08109999999999999
0.0,10359.140786647797,0.08109999999999999
0.0,10360.150353908539,0.08109999999999999
0.0,10361.156900882721,0.08109999999999999
0.0,10362.167712450027,0.0887
0.0,10363.182300329208,0.0887
0.0,10364.196963310242,0.09299999999999999
0.0,10365.208721399307,0.09299999999999999
0.0,10366.220449209213,0.0887
0.0,10367.232280015945,0.08789999999999999
0.0,10368.232970952988,0.0836
0.0,10369.239717245102,0.08109999999999999
0.0,10370.24637556076,0.0803
0.0,10371.24806523323,0.0828
0.0,10372.254813671112,0.08199999999999999
0.0,10373.266558647156,0.07669999999999999
0.0,10374.272952318192,0.0836
0.0,10376.280874967575,0.07839999999999998
0.0,10377.287335634232,0.07769999999999999
0.0,10378.299053430557,0.07749999999999999
0.0,10379.310788869858,0.07749999999999999
0.0,10380.317030906677,0.07769999999999999
0.0,10381.323745012283,0.07749999999999999
0.0,10382.330333709717,0.07769999999999999
0.0,10383.336975574493,0.07769999999999999
0.0,10384.343921661377,0.07769999999999999
0.0,10385.350715637207,0.07329999999999999
0.0,10386.356933116913,0.07329999999999999
0.0,10387.363728046417,0.076
0.0,10388.370416641235,0.07499999999999998
0.0,10389.37698674202,0.06989999999999999
0.0,10390.383754968643,0.06819999999999998
0.0,10391.39468741417,0.07159999999999998
0.0,10392.40643453598,0.07069999999999999
0.0,10393.421121358871,0.06559999999999999
0.0,10394.42790555954,0.06389999999999998
0.0,10396.440954446793,0.06729999999999998
0.0,10397.447808504105,0.06219999999999999
0.0,10398.454740285873,0.06219999999999999
0.0,10399.466517686844,0.06649999999999999
0.0,10400.47294998169,0.06649999999999999
0.0,10401.479762554169,0.06649999999999999
0.0,10402.48673415184,0.06649999999999999
0.0,10403.500986814499,0.06649999999999999
0.0,10404.512947559357,0.06649999999999999
0.0,10405.51977467537,0.06649999999999999
0.0,10406.531396627426,0.06649999999999999
0.0,10407.538109779358,0.061399999999999996
0.0,10408.544870853424,0.05969999999999999
0.0,10409.56083869934,0.06309999999999999
0.0,10410.567581415176,0.06219999999999999
0.0,10411.579327583313,0.056999999999999995
0.0,10412.586286783218,0.0553
0.0,10413.593018054962,0.05869999999999999
0.0,10414.599759340286,0.057999999999999996
0.0,10416.602082252502,0.056999999999999995
0.0,10417.609038829803,0.0561
0.0,10418.620638370514,0.05629999999999999
0.0,10419.6273624897,0.0561
0.0,10420.634148836136,0.0561
0.0,10421.635719537735,0.05629999999999999
0.0,10422.64747595787,0.0561
0.0,10423.648979187012,0.0519
0.0,10424.650613546371,0.0519
0.0,10425.662445306778,0.0519
0.0,10426.66896367073,0.0553
0.0,10427.675731182098,0.050199999999999995
0.0,10428.67691230774,0.04849999999999999
0.0,10429.683645963669,0.0519
0.0,10430.699119091034,0.05099999999999999
0.0,10431.700776815414,0.050199999999999995
0.0,10432.707461833954,0.0451
0.0,10433.708940505981,0.0476
0.0,10435.720967292786,0.04680000000000001
0.0,10436.727770805359,0.038099999999999995
0.0,10437.742877721786,0.03829999999999997
0.0,10438.754648208618,0.03829999999999997
0.0,10439.761003017426,0.038099999999999995
0.0,10440.767699718475,0.03829999999999997
0.0,10441.77443766594,0.03829999999999997
0.0,10442.780988454819,0.038099999999999995
0.0,10443.787811279297,0.038099999999999995
0.0,10444.793671131134,0.03829999999999997
0.0,10445.795255184174,0.03829999999999997
0.0,10446.807096004486,0.045899999999999996
0.0,10447.808716773987,0.0451
0.0,10448.820515871048,0.0451
0.0,10449.832459926605,0.03999999999999998
0.0,10450.848180055618,0.04419999999999999
0.0,10451.84892654419,0.04419999999999999
0.0,10452.850508928299,0.03999999999999998
0.0,10453.857000350952,0.03889999999999999
0.0,10455.86491560936,0.03889999999999999
0.0,10456.880583524704,0.043399999999999994
0.0,10457.896030664444,0.043399999999999994
0.0,10458.90782880783,0.043399999999999994
0.0,10459.909116506577,0.040799999999999975
0.0,10460.915853738785,0.043399999999999994
0.0,10461.922580242157,0.040799999999999975
0.0,10462.929022550583,0.043399999999999994
0.0,10463.935797452927,0.043399999999999994
0.0,10464.942603349686,0.043399999999999994
0.0,10465.958190441132,0.040799999999999975
0.0,10466.965009689331,0.043399999999999994
0.0,10467.971450805664,0.043399999999999994
0.0,10468.978216171265,0.040799999999999975
0.0,10469.984972000122,0.039099999999999996
0.0,10471.000337600708,0.03889999999999999
0.0,10472.012272834778,0.03469999999999998
0.0,10473.027325868607,0.038099999999999995
0.0,10474.041968345642,0.03829999999999997
0.0,10476.058030605316,0.03829999999999997
0.0,10477.078906059265,0.03829999999999997
0.0,10478.082113027573,0.03829999999999997
0.0,10479.102825641632,0.038099999999999995
0.0,10480.109016418457,0.038099999999999995
0.0,10481.125715970993,0.03829999999999997
0.0,10482.133666276932,0.03829999999999997
0.0,10483.14784526825,0.038099999999999995
0.0,10484.151327610016,0.03829999999999997
0.0,10485.153356075287,0.03829999999999997
0.0,10486.155392408371,0.038099999999999995
0.0,10487.161132574081,0.03829999999999997
0.0,10488.162526845932,0.038099999999999995
0.0,10489.164073467255,0.03829999999999997
0.0,10490.16489648819,0.03829999999999997
0.0,10491.166858673096,0.03829999999999997
0.0,10492.16836977005,0.038099999999999995
0.0,10493.17011809349,0.03829999999999997
0.0,10494.172062635422,0.03829999999999997
0.0,10496.174205303192,0.038099999999999995
